{"type":"FeatureCollection","features":[{"type":"Feature","properties":{"id":"abant-set","name":"Abant Gölü","source":"OpenStreetMap","source_url":"https://www.openstreetmap.org/copyright"},"geometry":{"type":"Polygon","coordinates":[[[31.2719352,40.6019799],[31.2719373,40.6019029],[31.2719487,40.6018264],[31.2719955,40.6018133],[31.2720396,40.6017955],[31.2720801,40.6017734],[31.2721235,40.6017414],[31.2721595,40.6017044],[31.272187,40.6016635],[31.2722055,40.6016197],[31.2722172,40.6015692],[31.2722195,40.6015181],[31.2722123,40.6014672],[31.2721956,40.6014175],[31.2721699,40.6013702],[31.2723818,40.6011187],[31.2724268,40.6010263],[31.272478,40.6009357],[31.2725354,40.6008473],[31.2726179,40.6007372],[31.2727099,40.6006315],[31.2727591,40.6005803],[31.272811,40.6005307],[31.2729023,40.6004524],[31.2730003,40.600379],[31.2731046,40.6003108],[31.2732147,40.6002481],[31.2732575,40.6002236],[31.2733041,40.6002036],[31.2733539,40.6001884],[31.2734058,40.6001783],[31.273465,40.6001733],[31.2735246,40.6001748],[31.2735832,40.6001829],[31.2736397,40.6001974],[31.2736928,40.6002181],[31.2737717,40.6002541],[31.2738464,40.600295],[31.2739164,40.6003404],[31.2739811,40.6003901],[31.2741329,40.6005016],[31.2742892,40.6006094],[31.2743716,40.6006596],[31.2744498,40.6007134],[31.2745509,40.6007939],[31.2746427,40.6008805],[31.2747245,40.6009727],[31.2747958,40.6010698],[31.2748252,40.6011173],[31.2748624,40.6011616],[31.2749069,40.6012018],[31.2749578,40.6012372],[31.2750144,40.6012674],[31.2750783,40.6012925],[31.2751461,40.6013109],[31.2752165,40.6013222],[31.2752883,40.6013261],[31.2753601,40.6013226],[31.2754306,40.6013118],[31.2754986,40.6012938],[31.275569,40.6012688],[31.2756354,40.6012381],[31.2756971,40.6012022],[31.2757534,40.6011615],[31.2758362,40.6010915],[31.2759099,40.601016],[31.2759738,40.6009355],[31.2760275,40.6008508],[31.2760704,40.6007626],[31.2761021,40.6006717],[31.2760055,40.6000444],[31.2762197,40.5998832],[31.2764387,40.5997257],[31.2766879,40.5995551],[31.2769427,40.5993895],[31.277069,40.5993055],[31.2772031,40.5992288],[31.2773397,40.5991621],[31.2774822,40.5991029],[31.2776299,40.5990518],[31.2777821,40.5990088],[31.2778607,40.598993],[31.277938,40.5989742],[31.2780571,40.5989389],[31.2781722,40.5988966],[31.2782825,40.5988476],[31.2783875,40.5987923],[31.278435,40.5987597],[31.2784865,40.5987309],[31.2785625,40.5986981],[31.2786437,40.5986734],[31.2788145,40.598665],[31.2789856,40.5986651],[31.2791564,40.5986737],[31.2793087,40.5986886],[31.2794597,40.5987103],[31.2796087,40.5987386],[31.2796825,40.5987548],[31.2797552,40.5987736],[31.2798804,40.598813],[31.2800009,40.59886],[31.2801159,40.5989144],[31.2802247,40.5989758],[31.2803264,40.5990437],[31.2804204,40.5991178],[31.2805758,40.5992326],[31.2807371,40.5993426],[31.280904,40.5994476],[31.2809923,40.5994954],[31.2810762,40.5995475],[31.2811748,40.5996186],[31.2812652,40.5996956],[31.281347,40.599778],[31.2814195,40.5998652],[31.2815301,40.6000104],[31.2815837,40.6000838],[31.2816314,40.6001595],[31.2816744,40.60024],[31.2817108,40.6003224],[31.2817403,40.6004063],[31.2817629,40.6004915],[31.2817899,40.6006328],[31.2818042,40.6007753],[31.2818058,40.6009181],[31.281901,40.6015168],[31.2819408,40.6016906],[31.2819716,40.6018655],[31.2819932,40.6020412],[31.2820056,40.6022174],[31.2820089,40.6023671],[31.2820015,40.6024168],[31.2820004,40.6024668],[31.2820056,40.6025167],[31.2820217,40.6025802],[31.2820481,40.6026417],[31.2820843,40.6027003],[31.2821298,40.6027549],[31.282184,40.6028049],[31.2822381,40.6028438],[31.2822978,40.6028777],[31.2823622,40.6029062],[31.2824305,40.6029289],[31.2825018,40.6029454],[31.2825975,40.6029695],[31.2826891,40.6030016],[31.2827754,40.6030411],[31.2828488,40.6030834],[31.2829162,40.6031311],[31.2829769,40.6031837],[31.2830302,40.6032407],[31.2830838,40.6033112],[31.2831278,40.6033854],[31.2831616,40.6034627],[31.2832116,40.603599],[31.2832265,40.603669],[31.2832502,40.6037376],[31.2832822,40.6038037],[31.2833224,40.6038672],[31.2833704,40.6039275],[31.2833969,40.6039564],[31.2834258,40.603984],[31.2834851,40.6040307],[31.2835513,40.6040717],[31.2836235,40.6041064],[31.2836641,40.6041172],[31.2837008,40.6041342],[31.2837345,40.6041587],[31.28376,40.6041884],[31.2837761,40.6042217],[31.2837819,40.6042569],[31.2837823,40.6043038],[31.2837933,40.60435],[31.2838159,40.6043961],[31.2838492,40.6044383],[31.283892,40.6044753],[31.2839428,40.6045058],[31.2840225,40.6045473],[31.2841063,40.6045839],[31.2841486,40.6046018],[31.2841936,40.6046153],[31.2842442,40.6046246],[31.2842959,40.6046283],[31.2843478,40.6046265],[31.2845336,40.6045944],[31.2845836,40.604588],[31.2846342,40.6045898],[31.2846786,40.6045984],[31.28472,40.6046134],[31.2847569,40.6046341],[31.2848759,40.6047038],[31.2849969,40.6047715],[31.2851941,40.6048757],[31.2852652,40.6049041],[31.2853326,40.6049372],[31.2853959,40.6049747],[31.2854622,40.6050221],[31.2855219,40.6050743],[31.2855744,40.6051307],[31.2856193,40.6051909],[31.285656,40.6052541],[31.2856843,40.6053198],[31.2857094,40.6054008],[31.2857248,40.6054831],[31.2857302,40.6055661],[31.2857257,40.6056492],[31.2857112,40.6057316],[31.2856869,40.6058126],[31.2854026,40.6063441],[31.2853683,40.6064159],[31.2853451,40.6064902],[31.2853332,40.6065661],[31.2853329,40.6066424],[31.2853422,40.6067096],[31.2853604,40.6067757],[31.2853873,40.6068401],[31.2854015,40.6068723],[31.2854227,40.6069021],[31.28545,40.6069283],[31.2854828,40.6069507],[31.2855201,40.6069685],[31.2855608,40.6069813],[31.2856038,40.6069886],[31.2857297,40.6069585],[31.2858586,40.6069367],[31.2859929,40.6069232],[31.2861283,40.6069188],[31.2862636,40.6069235],[31.2864611,40.6069349],[31.2866579,40.6069519],[31.2867555,40.6069647],[31.2868537,40.6069744],[31.2870046,40.606983],[31.2871559,40.6069841],[31.287307,40.6069779],[31.2873827,40.6069747],[31.2874572,40.6069642],[31.2875201,40.6069492],[31.2875804,40.6069291],[31.2876374,40.606904],[31.2876903,40.6068742],[31.2879653,40.6071012],[31.288139,40.6072504],[31.2883341,40.6074253],[31.288524,40.6076034],[31.2887084,40.6077848],[31.2888785,40.607942],[31.2889419,40.6079899],[31.2890006,40.6080411],[31.2890545,40.6080953],[31.2891191,40.6081731],[31.2891736,40.6082552],[31.2892176,40.6083409],[31.2892505,40.6084294],[31.2892722,40.6085199],[31.2892824,40.6086115],[31.2892984,40.6088145],[31.2893064,40.6088821],[31.2893087,40.60895],[31.2893052,40.6090178],[31.2892901,40.6091155],[31.289263,40.6092116],[31.2892244,40.6093055],[31.2891744,40.6093962],[31.2891135,40.6094831],[31.2890606,40.6095858],[31.2890001,40.6096861],[31.288932,40.6097835],[31.2888566,40.6098778],[31.2887742,40.6099687],[31.2886833,40.6100573],[31.2885858,40.6101417],[31.2884819,40.6102216],[31.288372,40.6102967],[31.2882565,40.6103668],[31.2880694,40.6104738],[31.2878789,40.6105773],[31.2876852,40.6106773],[31.2874386,40.6107971],[31.2871873,40.6109112],[31.2869315,40.6110194],[31.2866803,40.6111314],[31.2864326,40.6112479],[31.2863091,40.6113065],[31.2861885,40.6113686],[31.2860497,40.6114466],[31.2859157,40.6115292],[31.2857866,40.6116163],[31.2856628,40.6117076],[31.2855506,40.6117393],[31.285436,40.6117657],[31.2853194,40.6117867],[31.2852015,40.6118023],[31.2850703,40.611813],[31.2849386,40.611817],[31.2848067,40.6118143],[31.2846754,40.6118047],[31.2845453,40.6117885],[31.2844169,40.6117656],[31.2839121,40.6116432],[31.2834097,40.6115152],[31.2829149,40.611383],[31.2824227,40.6112454],[31.2821921,40.6111715],[31.2819582,40.611104],[31.2817213,40.6110428],[31.2814695,40.6109855],[31.281215,40.6109354],[31.2809582,40.6108926],[31.2806995,40.6108571],[31.2804392,40.610829],[31.2801058,40.6108012],[31.2797713,40.6107823],[31.2794361,40.6107726],[31.2791007,40.6107718],[31.2787655,40.6107801],[31.2786858,40.6107703],[31.2786078,40.6107546],[31.2785321,40.6107333],[31.2784473,40.6107012],[31.2783678,40.610662],[31.2782947,40.6106162],[31.2782291,40.6105643],[31.278109,40.6104617],[31.2779961,40.6103545],[31.2778907,40.610243],[31.277793,40.6101276],[31.2777033,40.6100084],[31.2775257,40.6096296],[31.2773361,40.6092542],[31.2771347,40.6088824],[31.2769207,40.6085127],[31.2766951,40.608147],[31.2764579,40.6077855],[31.2762094,40.6074285],[31.2760896,40.6073758],[31.2759759,40.6073157],[31.2758692,40.6072487],[31.2757702,40.6071753],[31.2756795,40.6070959],[31.2755978,40.607011],[31.2755309,40.6069285],[31.2754724,40.6068423],[31.2754228,40.6067529],[31.2753823,40.606661],[31.2753512,40.606567],[31.2753296,40.6064714],[31.2752733,40.6058198],[31.2752492,40.6057688],[31.2752151,40.6057212],[31.2751718,40.6056781],[31.2751204,40.6056406],[31.2750663,40.6056115],[31.2750074,40.6055885],[31.2749447,40.6055722],[31.2748796,40.6055628],[31.2748134,40.6055605],[31.2747475,40.6055654],[31.2746832,40.6055774],[31.2744069,40.6056307],[31.2738959,40.6043689],[31.2738165,40.6043601],[31.2737391,40.6043437],[31.273665,40.60432],[31.2735955,40.6042894],[31.2735265,40.6042489],[31.2734655,40.6042016],[31.2734137,40.6041483],[31.273372,40.6040902],[31.2733412,40.6040282],[31.273322,40.6039636],[31.2732678,40.6037945],[31.2732025,40.6036278],[31.2731261,40.6034637],[31.273039,40.6033028],[31.27294,40.6031435],[31.2728303,40.6029883],[31.2727104,40.6028375],[31.272595,40.6027901],[31.272486,40.6027348],[31.2723842,40.602672],[31.2722906,40.6026023],[31.2722119,40.6025319],[31.2721414,40.6024567],[31.2720798,40.602377],[31.2720275,40.6022937],[31.2720046,40.6022509],[31.2719849,40.6022072],[31.2719591,40.6021327],[31.2719426,40.6020567],[31.2719352,40.6019799]]]}},{"type":"Feature","properties":{"id":"yedigoller-set","name":"Yedigöller","source":"OpenStreetMap","source_url":"https://www.openstreetmap.org/copyright"},"geometry":{"type":"MultiPolygon","coordinates":[[[[31.7464614,40.9427904],[31.7458172,40.9423779],[31.7456084,40.9421734],[31.7453996,40.9422229],[31.7449763,40.9423801],[31.7449412,40.9427873],[31.7451769,40.9432297],[31.7455388,40.943398],[31.7459147,40.9438712],[31.7465819,40.9441361],[31.7465211,40.9438953],[31.7465526,40.9436592],[31.7467069,40.9433086],[31.7468887,40.9431325],[31.7470527,40.9428106],[31.7469178,40.942771],[31.7464614,40.9427904]]],[[[31.7414656,40.9370105],[31.7413452,40.9374656],[31.7415861,40.9378524],[31.7413897,40.9380064],[31.7414551,40.9382299],[31.7417534,40.9382632],[31.7421861,40.9383632],[31.7422372,40.9381226],[31.7422699,40.9380023],[31.7425092,40.9379048],[31.7427273,40.9378874],[31.7432362,40.9376311],[31.7430512,40.9373981],[31.7423418,40.9373981],[31.7420333,40.9372932],[31.7420025,40.9369903],[31.7417057,40.9369603],[31.7414656,40.9370105]]],[[[31.7478304,40.9418247],[31.74782,40.9418931],[31.7477478,40.9419029],[31.7477304,40.9419788],[31.7477989,40.9420668],[31.7477362,40.9423296],[31.7477351,40.9424755],[31.7478788,40.9425121],[31.7479301,40.9424758],[31.7479578,40.9422573],[31.7481364,40.9419458],[31.7483691,40.9416189],[31.7487911,40.9416275],[31.748919,40.9415348],[31.7489612,40.9414299],[31.7487718,40.9413781],[31.7486292,40.9414367],[31.7485599,40.9413206],[31.7483217,40.941243],[31.7480555,40.9412829],[31.7474964,40.9411897],[31.7474471,40.9413046],[31.7474998,40.9413953],[31.7475623,40.9415523],[31.7475549,40.9416544],[31.7475289,40.9417017],[31.7474171,40.9417854],[31.7474555,40.9418287],[31.7475637,40.9417585],[31.7477131,40.9417277],[31.7478304,40.9418247]]],[[[31.7393589,40.9390859],[31.739174,40.9389603],[31.73902,40.9388253],[31.7389399,40.9385599],[31.739248,40.9385692],[31.7394575,40.9387042],[31.7396547,40.9388765],[31.7397718,40.9389603],[31.7397471,40.939044],[31.7396054,40.9390813],[31.7393589,40.9390859]]],[[[31.7469556,40.9448048],[31.746965,40.9449882],[31.747049,40.9451293],[31.7472078,40.9451646],[31.7473105,40.9451505],[31.7473105,40.9450305],[31.7472265,40.9448753],[31.7469556,40.9448048]]],[[[31.7426553,40.9384159],[31.7428342,40.9383176],[31.7431472,40.9383023],[31.7434318,40.9382409],[31.7433342,40.938376],[31.7429886,40.9384436],[31.7427,40.9384589],[31.7426553,40.9384159]]],[[[31.740471,40.9386545],[31.7406204,40.9386192],[31.7406718,40.9386404],[31.7405667,40.9387427],[31.7403589,40.9388521],[31.7401534,40.9389085],[31.7402048,40.9388133],[31.740471,40.9386545]]]]}},{"type":"Feature","properties":{"id":"borabay-set","name":"Boraboy Gölü","source":"OpenStreetMap","source_url":"https://www.openstreetmap.org/copyright"},"geometry":{"type":"Polygon","coordinates":[[[36.1499262,40.8043197],[36.1501098,40.8038088],[36.1504231,40.8029841],[36.1504124,40.8027531],[36.1510173,40.8029375],[36.1515122,40.8029509],[36.1518647,40.8032143],[36.1525097,40.8033393],[36.1528651,40.8032729],[36.153227,40.8030787],[36.1535048,40.8031492],[36.1538434,40.8030029],[36.154722,40.8030857],[36.1550818,40.8030533],[36.1555669,40.8031818],[36.1559572,40.8035111],[36.1563447,40.803455],[36.1569154,40.8034368],[36.1582784,40.803619],[36.1585013,40.8036796],[36.1584003,40.8040303],[36.1582668,40.8043362],[36.1579196,40.8044237],[36.1577956,40.8042945],[36.1575837,40.8042306],[36.1572315,40.8043376],[36.1567779,40.8042672],[36.1564723,40.8042396],[36.1560919,40.8042227],[36.1551789,40.804321],[36.1550395,40.8044374],[36.1548861,40.8047095],[36.1545893,40.8047979],[36.1545524,40.8047305],[36.1542564,40.8048043],[36.1540701,40.8048099],[36.1539667,40.8047519],[36.1537382,40.8046841],[36.1531619,40.8046337],[36.1529297,40.8046292],[36.1523977,40.8047079],[36.1517305,40.8046527],[36.1513934,40.8046701],[36.1510798,40.8047727],[36.1507345,40.8047207],[36.1504789,40.8047769],[36.1501849,40.8047066],[36.1500019,40.8045575],[36.1499262,40.8043197]]]}},{"type":"Feature","properties":{"id":"zinav-set","name":"Zinav Gölü","source":"OpenStreetMap","source_url":"https://www.openstreetmap.org/copyright"},"geometry":{"type":"Polygon","coordinates":[[[37.2686203,40.4469668],[37.2696067,40.446393],[37.2696067,40.4439097],[37.2704038,40.4439622],[37.2710739,40.4447937],[37.2712638,40.4452797],[37.2716502,40.445687],[37.2723944,40.4458117],[37.2734647,40.4457592],[37.2740343,40.4458643],[37.2743795,40.4461467],[37.2742673,40.4464817],[37.2743536,40.4467641],[37.2747938,40.4469283],[37.274837,40.4472436],[37.2755361,40.4477296],[37.2759158,40.4483536],[37.2762093,40.4484455],[37.2764509,40.4485703],[37.2766063,40.4487805],[37.2768566,40.4489972],[37.2768652,40.4492009],[37.2766149,40.4494176],[37.2760625,40.4494636],[37.2758209,40.4495752],[37.2757518,40.4498511],[37.2757432,40.4501926],[37.2750786,40.4503568],[37.2753289,40.4509807],[37.2752253,40.4511909],[37.2752426,40.4516112],[37.2755361,40.4519593],[37.2755102,40.4522614],[37.2753375,40.4524059],[37.2745349,40.4523731],[37.2742673,40.4522023],[37.2740602,40.4522089],[37.2738962,40.452754],[37.273715,40.4527934],[37.2734301,40.4526358],[37.2730072,40.4522023],[37.2728864,40.45169],[37.2730418,40.4510267],[37.2726534,40.4506655],[37.2727828,40.4501138],[37.2724635,40.4497854],[37.2716436,40.4496475],[37.2700382,40.4494045],[37.2698915,40.4490892],[37.2697189,40.4489972],[37.2696844,40.4486754],[37.2692097,40.4481434],[37.2692356,40.4476705],[37.268804,40.4475523],[37.2686203,40.4469668]]]}},{"type":"Feature","properties":{"id":"sera-set","name":"Sera Gölü","source":"OpenStreetMap","source_url":"https://www.openstreetmap.org/copyright"},"geometry":{"type":"Polygon","coordinates":[[[39.6096918,40.9820542],[39.6097354,40.9820216],[39.6104013,40.9817865],[39.6104452,40.9815731],[39.6106954,40.9818128],[39.6108879,40.9819303],[39.6115272,40.9820873],[39.6119917,40.9822872],[39.6122964,40.9824844],[39.6125689,40.9826897],[39.6128303,40.9827222],[39.6130957,40.9828886],[39.6132992,40.9830917],[39.6135522,40.9833728],[39.6137516,40.9836397],[39.614101,40.9838161],[39.6145095,40.9839966],[39.6149305,40.9842249],[39.6151209,40.9844087],[39.6153119,40.9846674],[39.6153822,40.9848593],[39.6153638,40.9850252],[39.6153348,40.9852701],[39.6153518,40.9853873],[39.6154705,40.9856159],[39.6156438,40.9857865],[39.6157929,40.9858923],[39.6159128,40.9858494],[39.6159951,40.9858146],[39.6161866,40.98583],[39.6167155,40.9859929],[39.6171122,40.9862293],[39.6173555,40.9863945],[39.6175721,40.9866406],[39.6178809,40.9872569],[39.618131,40.987429],[39.6183566,40.9875799],[39.6183516,40.9876578],[39.6184683,40.9876912],[39.6183678,40.9878146],[39.6184067,40.9878348],[39.6182177,40.9881323],[39.6179519,40.9881768],[39.6179219,40.9882065],[39.617952,40.9883283],[39.617877,40.9883596],[39.6176603,40.9884606],[39.6175711,40.988448],[39.6174741,40.9884896],[39.6174144,40.9885006],[39.6174225,40.98854],[39.6173668,40.9885632],[39.6172166,40.9886352],[39.6171084,40.9887171],[39.6169045,40.9887724],[39.6168155,40.9888107],[39.6166621,40.9888286],[39.6166172,40.9888616],[39.6165695,40.988933],[39.6164652,40.9890018],[39.6163416,40.9890057],[39.6162182,40.9890135],[39.6160529,40.9891067],[39.6159774,40.9890955],[39.6159179,40.9890523],[39.6158768,40.9890059],[39.6159258,40.9889213],[39.61595,40.9888086],[39.6159591,40.988666],[39.6159223,40.9885207],[39.6162367,40.9883228],[39.6162687,40.9882425],[39.6162423,40.9881782],[39.615982,40.9881485],[39.6158465,40.9880133],[39.6158861,40.9878751],[39.6160159,40.9878037],[39.6161693,40.9876689],[39.616239,40.9875434],[39.6163325,40.9874609],[39.6164168,40.9874509],[39.6163703,40.9873708],[39.616345,40.9872533],[39.6162271,40.9871626],[39.6162214,40.9870961],[39.6161787,40.9870637],[39.6161077,40.9870553],[39.6160011,40.9870786],[39.6159543,40.987128],[39.6159773,40.9871412],[39.6159491,40.9872338],[39.6158358,40.9873131],[39.6156985,40.9873438],[39.6155843,40.98734],[39.6155445,40.9873919],[39.61544,40.9873951],[39.6153265,40.9873409],[39.6151983,40.9873086],[39.6149705,40.9872988],[39.6147721,40.9872707],[39.6146543,40.9872833],[39.6144828,40.987337],[39.6143327,40.9873725],[39.6142525,40.9873097],[39.6142637,40.9872127],[39.6142628,40.9870516],[39.6143608,40.9870345],[39.6144132,40.986977],[39.6143678,40.9869389],[39.6143726,40.9867713],[39.6143383,40.9866229],[39.6143093,40.9864664],[39.6141844,40.9863923],[39.6141438,40.9863008],[39.6139537,40.9861652],[39.6137905,40.9860701],[39.6136894,40.9859487],[39.61362,40.9857556],[39.6136256,40.9856252],[39.6136968,40.9854943],[39.613827,40.9853512],[39.6139479,40.9852351],[39.61412,40.9850759],[39.6142268,40.9849904],[39.6143953,40.9848704],[39.614507,40.9848573],[39.6146016,40.9848109],[39.6146239,40.9847302],[39.6145121,40.9846455],[39.6143743,40.9845975],[39.6142291,40.9846046],[39.6140357,40.9845205],[39.6138901,40.9845266],[39.6136366,40.9845022],[39.6133443,40.9844686],[39.6131449,40.9843735],[39.6130206,40.9844019],[39.6129007,40.9843331],[39.612871,40.9842282],[39.6128174,40.9841527],[39.6127986,40.9839011],[39.6127181,40.9837906],[39.6126219,40.9836301],[39.6126705,40.9836052],[39.6125907,40.9835351],[39.6125491,40.9835692],[39.6124337,40.9834672],[39.6124014,40.9834738],[39.6122852,40.9833766],[39.6120912,40.9833439],[39.6119244,40.9833944],[39.6118679,40.9833791],[39.6118167,40.9833396],[39.6117401,40.9832124],[39.6114024,40.9830298],[39.6109789,40.9828351],[39.610679,40.9828567],[39.6103735,40.9827946],[39.6102459,40.9827278],[39.6100058,40.9826295],[39.6097657,40.9825394],[39.6097237,40.9824223],[39.6097561,40.9822727],[39.6097266,40.9821817],[39.6096918,40.9820542]]]}},{"type":"Feature","properties":{"id":"tortum-set","name":"Tortum Gölü","source":"OpenStreetMap","source_url":"https://www.openstreetmap.org/copyright"},"geometry":{"type":"Polygon","coordinates":[[[41.6123472,40.5963704],[41.6124151,40.5963636],[41.6124835,40.5963655],[41.6125506,40.596376],[41.6126144,40.5963947],[41.6126732,40.5964213],[41.6127254,40.596455],[41.612753,40.5964782],[41.6127774,40.5965035],[41.6128361,40.5965473],[41.6129008,40.596586],[41.6129708,40.5966189],[41.6130497,40.5966472],[41.6131323,40.5966682],[41.6132176,40.5966817],[41.6133044,40.5966875],[41.6133915,40.5966856],[41.6134778,40.5966759],[41.613553,40.596687],[41.6136253,40.5967064],[41.6136928,40.5967339],[41.6137542,40.5967688],[41.613808,40.5968103],[41.613853,40.5968574],[41.6138881,40.5969091],[41.6139103,40.5969575],[41.6139238,40.5970076],[41.6139286,40.5970587],[41.6139244,40.5971097],[41.613984,40.5971565],[41.6140508,40.5971973],[41.6141238,40.5972314],[41.6142019,40.5972584],[41.6142838,40.5972778],[41.6143711,40.5972895],[41.6144596,40.5972925],[41.614548,40.5972869],[41.6154023,40.5971087],[41.6162968,40.597347],[41.6163449,40.5973244],[41.6163882,40.5972967],[41.6164257,40.5972646],[41.6164567,40.5972286],[41.6164805,40.5971896],[41.6164966,40.5971484],[41.6165052,40.5970979],[41.6165023,40.5970471],[41.616488,40.5969973],[41.6164625,40.5969502],[41.6164269,40.5969071],[41.6162807,40.5967476],[41.6161408,40.596585],[41.6160071,40.5964193],[41.6159651,40.5963649],[41.6159328,40.5963068],[41.615911,40.5962459],[41.6158999,40.5961834],[41.6158997,40.5961204],[41.6159105,40.5960578],[41.6159327,40.5959955],[41.6159658,40.5959359],[41.6160092,40.5958803],[41.6160621,40.5958297],[41.6167273,40.5951016],[41.6168587,40.595098],[41.616972,40.5947605],[41.6170427,40.5946713],[41.6171202,40.5945854],[41.6172042,40.5945032],[41.6172945,40.5944249],[41.6173756,40.594362],[41.6174606,40.5943022],[41.6176312,40.5941831],[41.6178264,40.5940545],[41.6180268,40.5939305],[41.6182243,40.593832],[41.6184262,40.5937388],[41.6186323,40.593651],[41.6187834,40.593591],[41.6189381,40.5935365],[41.6190959,40.5934876],[41.6192566,40.5934442],[41.6194504,40.5934003],[41.619647,40.5933647],[41.619846,40.5933373],[41.6199098,40.593323],[41.6199757,40.5933158],[41.6200423,40.5933158],[41.6201082,40.5933231],[41.6201598,40.5933341],[41.6202095,40.5933496],[41.6202564,40.5933694],[41.6204062,40.5934354],[41.6205516,40.5935069],[41.6206922,40.5935838],[41.6207864,40.5936399],[41.620878,40.5936983],[41.6208893,40.5937469],[41.6208941,40.5937961],[41.6208899,40.5938619],[41.620874,40.5939267],[41.6208666,40.593986],[41.6208502,40.5940443],[41.6208272,40.5940966],[41.6208123,40.5941505],[41.6208063,40.5941939],[41.6208056,40.5942375],[41.6208052,40.5943246],[41.6208097,40.5943983],[41.620818,40.5944718],[41.6208239,40.5945106],[41.6208386,40.5945481],[41.6208619,40.594583],[41.6208967,40.5946174],[41.6209371,40.5946481],[41.6209826,40.5946743],[41.6210322,40.5946958],[41.6210972,40.594715],[41.6211654,40.5947259],[41.6213001,40.5947521],[41.6214583,40.5947775],[41.6215254,40.5947863],[41.6215935,40.5947875],[41.6216462,40.594783],[41.6216978,40.5947738],[41.6217477,40.5947602],[41.6218226,40.5947448],[41.6218992,40.594735],[41.6219767,40.5947309],[41.6220707,40.5947336],[41.6221644,40.5947388],[41.6222355,40.5947445],[41.6223051,40.5947566],[41.6223723,40.594775],[41.6224182,40.5947918],[41.6224619,40.5948115],[41.6225547,40.5948432],[41.6226349,40.594866],[41.6227176,40.5948827],[41.6227972,40.5948925],[41.6228776,40.5948967],[41.6231723,40.5949738],[41.623243,40.594993],[41.6233106,40.5950178],[41.6233744,40.5950479],[41.6234382,40.5950858],[41.6234995,40.5951261],[41.6235258,40.5951445],[41.6235473,40.5951663],[41.6235632,40.5951907],[41.623573,40.5952166],[41.6235765,40.5952434],[41.6235844,40.5952967],[41.6235867,40.5953503],[41.6235827,40.5954102],[41.6235719,40.5954695],[41.6235672,40.5954953],[41.6235568,40.5955201],[41.6235411,40.5955433],[41.6235153,40.5955684],[41.6234834,40.595589],[41.6234465,40.5956042],[41.6234548,40.5956435],[41.623469,40.5956819],[41.6234891,40.5957187],[41.6235171,40.5957563],[41.6235512,40.5957909],[41.6236165,40.5958613],[41.6237034,40.5959473],[41.6237322,40.5959908],[41.6237663,40.596032],[41.6238053,40.5960706],[41.6238566,40.5961119],[41.6239136,40.5961487],[41.6239756,40.5961805],[41.6243082,40.5962045],[41.6243418,40.5962131],[41.624371,40.5962285],[41.6243936,40.5962493],[41.6244078,40.596274],[41.6244123,40.5962944],[41.624411,40.5963151],[41.6244041,40.5963351],[41.6243835,40.5963686],[41.6243689,40.596404],[41.6243605,40.5964405],[41.6243584,40.5964667],[41.6243595,40.596493],[41.6243712,40.5965448],[41.6243912,40.5965874],[41.6244197,40.5966271],[41.6244562,40.5966628],[41.6244996,40.5966937],[41.6245489,40.596719],[41.6246315,40.5967985],[41.6247189,40.596875],[41.6248503,40.5969779],[41.624882,40.5969946],[41.6249177,40.5970055],[41.6249557,40.5970101],[41.6249942,40.5970082],[41.6250345,40.5969986],[41.6250706,40.5969819],[41.6252778,40.596903],[41.6253412,40.5969547],[41.6254109,40.5970015],[41.6254862,40.597043],[41.6255665,40.5970787],[41.6256231,40.5970994],[41.625675,40.5971263],[41.625721,40.5971589],[41.62575,40.5971854],[41.6257749,40.5972142],[41.6258317,40.5972678],[41.6258698,40.5973016],[41.6259123,40.5973321],[41.6259588,40.5973592],[41.6260147,40.597385],[41.6260741,40.5974058],[41.6260799,40.5974475],[41.6260954,40.5974876],[41.6261204,40.597525],[41.626139,40.5975451],[41.626164,40.5975606],[41.6261936,40.5975705],[41.6262256,40.5975741],[41.6262514,40.5975721],[41.6262761,40.597566],[41.6262984,40.597556],[41.6263572,40.5975269],[41.6264137,40.5974952],[41.626501,40.5974379],[41.6265804,40.5973742],[41.6266285,40.5973285],[41.6266706,40.5972794],[41.6267061,40.5972274],[41.6267311,40.5971807],[41.626763,40.5971366],[41.6268013,40.5970955],[41.6268444,40.5970588],[41.6268925,40.597026],[41.6269029,40.5969794],[41.626907,40.59694],[41.626917,40.5969012],[41.6269327,40.5968636],[41.6269464,40.5968393],[41.6269521,40.5968133],[41.6269495,40.5967869],[41.6269364,40.5967582],[41.6269676,40.5966991],[41.6269832,40.5966749],[41.6269914,40.5966487],[41.6269917,40.5966217],[41.6269851,40.5965972],[41.6269719,40.5965742],[41.6269528,40.5965537],[41.6270206,40.5965268],[41.627058,40.5965114],[41.6270908,40.5964909],[41.6271178,40.5964659],[41.6271415,40.5964303],[41.6271534,40.5963915],[41.6271527,40.5963516],[41.6273519,40.5963584],[41.6275506,40.5963699],[41.6278061,40.5963918],[41.6278252,40.5965644],[41.6278377,40.5966383],[41.6278427,40.5967126],[41.6278422,40.5967538],[41.6278306,40.5967941],[41.627821,40.5968128],[41.6278175,40.5968327],[41.6278202,40.5968526],[41.6278319,40.5968757],[41.6278487,40.5968969],[41.6278702,40.5969155],[41.6278906,40.5969284],[41.6279131,40.596939],[41.6279512,40.5969669],[41.6279835,40.5969987],[41.6280036,40.5970249],[41.6280199,40.5970526],[41.6280596,40.5971052],[41.6280881,40.5971396],[41.6281069,40.5971777],[41.628115,40.597215],[41.6281139,40.5972528],[41.6281149,40.5972901],[41.6281237,40.5973268],[41.6281401,40.597362],[41.6281653,40.5973968],[41.628198,40.5974279],[41.6282371,40.5974543],[41.6282815,40.5974753],[41.6283895,40.597554],[41.6284389,40.5975877],[41.6284841,40.5976247],[41.6285302,40.5976712],[41.6285696,40.5977212],[41.6287516,40.5978264],[41.6288971,40.5979058],[41.6289017,40.5979299],[41.6289129,40.5979526],[41.6289303,40.597973],[41.6289497,40.597988],[41.6289725,40.5980001],[41.6290175,40.5980244],[41.6290675,40.5980469],[41.6291213,40.5980635],[41.6291777,40.5980741],[41.6292442,40.5980783],[41.6293106,40.598074],[41.6294429,40.5980825],[41.629514,40.5980906],[41.6295845,40.5981012],[41.6297273,40.5981133],[41.6298576,40.5981186],[41.6299881,40.5981184],[41.6301048,40.5982187],[41.6301407,40.5982526],[41.6301693,40.5982903],[41.6301899,40.5983309],[41.630202,40.5983734],[41.6302054,40.5984116],[41.6302019,40.5984498],[41.6301871,40.5985358],[41.6301767,40.5985838],[41.6301604,40.5986308],[41.6301324,40.5986872],[41.6300961,40.5987408],[41.630032,40.5988431],[41.6300119,40.5988719],[41.6299873,40.5988986],[41.6299586,40.5989228],[41.6299272,40.5989435],[41.6298996,40.5989671],[41.6298779,40.5989909],[41.6298615,40.599017],[41.6298506,40.5990448],[41.6298454,40.5990779],[41.6298482,40.5991112],[41.6298372,40.5991771],[41.6298224,40.5992292],[41.6298024,40.5992802],[41.6297869,40.5993398],[41.6297789,40.5994001],[41.6297778,40.59943],[41.6297861,40.5994593],[41.6298034,40.5994862],[41.629821,40.5995034],[41.6298424,40.5995179],[41.6298667,40.5995294],[41.6299589,40.5995854],[41.6300451,40.5996465],[41.6300871,40.59968],[41.6301235,40.5997171],[41.6301537,40.5997573],[41.6301711,40.5997872],[41.630185,40.5998182],[41.6302074,40.5998813],[41.6302212,40.599951],[41.6302241,40.6000215],[41.6302282,40.6000511],[41.6302406,40.6000793],[41.6302622,40.6001065],[41.6302915,40.6001292],[41.6304209,40.6000708],[41.6305543,40.6000181],[41.6306915,40.5999711],[41.6308216,40.5999329],[41.630949,40.5998898],[41.6310734,40.5998418],[41.631146,40.5998109],[41.6312228,40.5997866],[41.6313028,40.5997692],[41.6313849,40.5997588],[41.6314676,40.5997557],[41.6315502,40.5997598],[41.6316316,40.599771],[41.6319418,40.5997328],[41.6319973,40.5997256],[41.6320535,40.5997237],[41.6321097,40.5997274],[41.6321647,40.5997364],[41.6322209,40.5997517],[41.6322793,40.5997612],[41.6323388,40.5997647],[41.6323984,40.5997621],[41.6324558,40.5997538],[41.6325143,40.5997535],[41.6325719,40.5997612],[41.6326267,40.5997766],[41.6326571,40.5997893],[41.6326855,40.5998043],[41.6327495,40.5998243],[41.6328168,40.5998362],[41.6328776,40.5998397],[41.6329385,40.5998365],[41.6330599,40.5998309],[41.6331435,40.5998235],[41.6332265,40.5998133],[41.6332544,40.5998067],[41.6332836,40.5998075],[41.6333107,40.5998156],[41.6333328,40.5998301],[41.6333453,40.5998456],[41.6333633,40.5998577],[41.6333851,40.5998653],[41.6334089,40.5998678],[41.6334372,40.5998636],[41.6334619,40.5998522],[41.6334797,40.5998349],[41.6335752,40.5999006],[41.6335927,40.5999063],[41.6336118,40.5999067],[41.6336266,40.5999032],[41.6336394,40.5998964],[41.633649,40.5998871],[41.6337402,40.5999632],[41.6336739,40.5999993],[41.6336152,40.6000423],[41.6335652,40.6000913],[41.6335377,40.600126],[41.6335175,40.6001636],[41.6335052,40.600203],[41.6335008,40.6002447],[41.6335052,40.6002863],[41.6334619,40.6003115],[41.6333583,40.6003777],[41.6333932,40.6003866],[41.6334155,40.6004009],[41.6334311,40.6004198],[41.6334384,40.6004413],[41.6334377,40.6004599],[41.6334307,40.6004777],[41.6333727,40.6005103],[41.6333691,40.6005692],[41.6333697,40.6006282],[41.6333767,40.6007043],[41.6333597,40.6006901],[41.6333383,40.60068],[41.6333141,40.6006745],[41.6332889,40.6006742],[41.6332635,40.6006794],[41.633241,40.6006898],[41.6332232,40.6007045],[41.6331578,40.6008091],[41.6330834,40.6009102],[41.6330383,40.6009647],[41.6329831,40.6010136],[41.6329325,40.601048],[41.6328768,40.6010777],[41.6327464,40.6010113],[41.6327228,40.6010072],[41.6326985,40.6010072],[41.6326763,40.6010109],[41.6326556,40.6010181],[41.6326242,40.6010332],[41.6325973,40.6010528],[41.6325761,40.6010759],[41.6325589,40.6011081],[41.6325364,40.6011384],[41.632509,40.6011663],[41.6324807,40.6011889],[41.6324454,40.6012049],[41.6324058,40.6012131],[41.632373,40.6012138],[41.6323407,40.6012091],[41.6323189,40.6013511],[41.6323106,40.6013939],[41.6322965,40.6014358],[41.6322767,40.6014764],[41.6322567,40.6015079],[41.6322333,40.601538],[41.6321818,40.601596],[41.6321234,40.601649],[41.6320742,40.6017072],[41.6320439,40.6017537],[41.6320196,40.6018021],[41.6320014,40.6018521],[41.6319678,40.601914],[41.6319431,40.6019783],[41.6319326,40.6020184],[41.631927,40.602059],[41.631926,40.6020833],[41.631919,40.602107],[41.6319062,40.6021293],[41.6318913,40.6021463],[41.631873,40.6021614],[41.631876,40.6022166],[41.6318499,40.6022591],[41.6318589,40.6022976],[41.6318636,40.6023365],[41.6318643,40.6023722],[41.6318614,40.6024079],[41.6318472,40.6024785],[41.6318344,40.6025167],[41.6318314,40.602556],[41.6318383,40.602595],[41.6318549,40.6026323],[41.6318744,40.6026595],[41.6318991,40.6026843],[41.6319283,40.6027059],[41.6320205,40.6028054],[41.6320393,40.6028243],[41.6320513,40.6028462],[41.6320558,40.6028697],[41.6320524,40.6028932],[41.6320455,40.6029088],[41.6320352,40.6029233],[41.6320277,40.6029557],[41.6320303,40.6029884],[41.6320409,40.6030165],[41.6320589,40.6030422],[41.6320804,40.6030979],[41.6320946,40.6031549],[41.6320996,40.6031893],[41.6321125,40.6032225],[41.6321328,40.6032534],[41.63216,40.6032812],[41.6321939,40.6033052],[41.632233,40.6033243],[41.6323035,40.6033697],[41.6323327,40.6033897],[41.6323575,40.6034129],[41.6323773,40.6034387],[41.6323936,40.603472],[41.6324017,40.603507],[41.6324011,40.6035426],[41.6324091,40.6035721],[41.632423,40.6036003],[41.6324423,40.6036266],[41.632469,40.6036522],[41.632501,40.6036741],[41.6325372,40.6036917],[41.6325823,40.6037703],[41.6326344,40.6038463],[41.6327046,40.6039321],[41.6327836,40.6040132],[41.6328323,40.6040122],[41.6328798,40.6040037],[41.632924,40.6039883],[41.6329633,40.6039664],[41.6329945,40.6039407],[41.6330187,40.603911],[41.6330351,40.6038783],[41.6330522,40.6037472],[41.6330637,40.6037288],[41.6330817,40.6037137],[41.6331047,40.6037032],[41.6331306,40.6036981],[41.6331532,40.6036984],[41.633175,40.6037028],[41.6331947,40.6037111],[41.633245,40.6037635],[41.6333878,40.603917],[41.6335035,40.6040474],[41.633648,40.6042037],[41.633686,40.604243],[41.6337285,40.6042797],[41.633775,40.6043134],[41.6338342,40.6043486],[41.6338978,40.604379],[41.6338913,40.6044107],[41.6338956,40.6044427],[41.6339105,40.6044727],[41.6339311,40.6044956],[41.6339578,40.6045145],[41.6339954,40.6045228],[41.6340302,40.6045365],[41.6340607,40.6045552],[41.6340823,40.6045741],[41.6340984,40.604596],[41.6341083,40.6046198],[41.6341117,40.604643],[41.6341093,40.6046662],[41.6341058,40.6047072],[41.6340931,40.6047472],[41.6340718,40.604785],[41.6340518,40.6048098],[41.6340249,40.6048304],[41.6339926,40.6048459],[41.6339605,40.6048547],[41.6339266,40.6048583],[41.6339165,40.6049197],[41.6338012,40.604921],[41.6337812,40.6049356],[41.6337654,40.6049529],[41.6337543,40.6049721],[41.6337475,40.604999],[41.6337499,40.6050263],[41.6337539,40.6050632],[41.6337653,40.6050991],[41.6337838,40.6051332],[41.6338089,40.6051648],[41.6338382,40.6051916],[41.6338723,40.6052149],[41.6339397,40.6052621],[41.6339744,40.6052842],[41.6340037,40.6053105],[41.6340268,40.6053402],[41.634041,40.6053673],[41.63405,40.6053957],[41.6340673,40.6054277],[41.6340904,40.6054576],[41.6341187,40.6054848],[41.6341525,40.6055092],[41.6341781,40.6055388],[41.6341941,40.6055721],[41.6341992,40.6055965],[41.634199,40.6056212],[41.6342096,40.6056698],[41.6342196,40.6057013],[41.6342392,40.60573],[41.6342672,40.6057543],[41.6342927,40.6057688],[41.6343212,40.6057796],[41.6343517,40.6057864],[41.6344024,40.6058268],[41.6344482,40.6058703],[41.6344889,40.6059167],[41.6345343,40.6059823],[41.6345704,40.6060511],[41.6345968,40.6061224],[41.6346109,40.606182],[41.6346183,40.6062423],[41.6346273,40.6063221],[41.6346303,40.6064022],[41.6346278,40.6064776],[41.6346199,40.6065528],[41.6346193,40.6066669],[41.6346184,40.6067068],[41.6346266,40.6067463],[41.634643,40.6067824],[41.634667,40.606816],[41.6346981,40.6068461],[41.6346176,40.606898],[41.6345959,40.6069139],[41.6345826,40.6069345],[41.6345794,40.6069573],[41.6345833,40.6069729],[41.634592,40.6069874],[41.6346085,40.6070164],[41.6346308,40.6070464],[41.6346606,40.6070724],[41.6346967,40.6070932],[41.6347395,40.6071086],[41.6347809,40.6071261],[41.6348166,40.6071436],[41.6348464,40.6071666],[41.6348687,40.607194],[41.6348798,40.6072163],[41.6348859,40.6072396],[41.6348949,40.6072864],[41.6348961,40.6073237],[41.6348921,40.6073608],[41.6348972,40.6074351],[41.634911,40.6075117],[41.6349016,40.6075668],[41.6349012,40.6076224],[41.6349096,40.6076777],[41.6349258,40.607729],[41.6349497,40.6077786],[41.634981,40.6078258],[41.6350165,40.6078948],[41.6350605,40.607961],[41.6350937,40.6080024],[41.6351302,40.6080422],[41.6352047,40.6081211],[41.6352975,40.6082099],[41.6353964,40.6082949],[41.6354759,40.6083329],[41.6355582,40.6083671],[41.6356432,40.6083975],[41.6357128,40.6084189],[41.6357837,40.6084376],[41.6359279,40.6084693],[41.6360528,40.6084893],[41.6361793,40.6085029],[41.6363067,40.6085101],[41.6364345,40.6085107],[41.6364732,40.6085195],[41.6365081,40.6085351],[41.6365371,40.6085566],[41.6365559,40.6085788],[41.6365682,40.6086035],[41.6365736,40.6086296],[41.6366088,40.6087625],[41.6366211,40.608813],[41.6366262,40.6088641],[41.6366242,40.6089155],[41.6366168,40.6089592],[41.6365987,40.6090012],[41.6365771,40.6090325],[41.6365496,40.609061],[41.6365168,40.6090861],[41.6364794,40.6091071],[41.6364559,40.609127],[41.6364397,40.6091508],[41.6364318,40.6091769],[41.6364319,40.6091987],[41.6364213,40.609219],[41.6364016,40.6092349],[41.6363834,40.6092423],[41.6363632,40.6092457],[41.6363426,40.6092448],[41.6363329,40.6092853],[41.6363283,40.6093176],[41.6363172,40.609349],[41.6362997,40.6093787],[41.6362808,40.6094014],[41.6362582,40.609422],[41.6362236,40.6094685],[41.6361936,40.6095233],[41.6361729,40.6095805],[41.6361381,40.6096775],[41.6361203,40.6097406],[41.6361775,40.6097961],[41.6362293,40.6098545],[41.6362755,40.6099155],[41.6363235,40.6099922],[41.6363627,40.6100718],[41.6364133,40.6101736],[41.6363835,40.6101916],[41.6363493,40.6102044],[41.6363116,40.6102113],[41.6362752,40.6102214],[41.6362418,40.6102342],[41.6362105,40.6102497],[41.6362316,40.6102722],[41.6362462,40.6102975],[41.6362537,40.6103245],[41.6362531,40.6103569],[41.6362472,40.610389],[41.636236,40.6104202],[41.6362169,40.6104544],[41.63619,40.6104855],[41.6361562,40.6105124],[41.6361277,40.6105288],[41.6361029,40.6105484],[41.6360824,40.6105706],[41.6360616,40.6106056],[41.6360325,40.6106369],[41.6359963,40.6106636],[41.635949,40.6106866],[41.6359067,40.6107147],[41.6358635,40.6107549],[41.6358152,40.6107554],[41.6357811,40.6107523],[41.6357468,40.6107542],[41.6357332,40.6107563],[41.6357217,40.6107621],[41.6357157,40.6107678],[41.6357119,40.6107745],[41.6357032,40.6109183],[41.635705,40.6109874],[41.6356985,40.6110563],[41.6356937,40.6110834],[41.6356954,40.6111108],[41.6357036,40.6111375],[41.635718,40.6111627],[41.6357367,40.6111841],[41.63576,40.6112027],[41.635787,40.6112182],[41.6358385,40.611213],[41.6358903,40.6112123],[41.6359419,40.6112159],[41.635974,40.6112204],[41.6360047,40.6112288],[41.6360331,40.6112411],[41.6360599,40.6112578],[41.6360825,40.6112778],[41.6361,40.6113005],[41.6361572,40.6113655],[41.6361829,40.6114012],[41.6362024,40.6114391],[41.6362155,40.6114785],[41.6362217,40.6115155],[41.6362222,40.6115529],[41.6362489,40.6115893],[41.6362687,40.6116283],[41.6362812,40.6116689],[41.6362861,40.6117079],[41.6362804,40.6117468],[41.6362645,40.611784],[41.6362443,40.6118119],[41.6362184,40.6118369],[41.6361874,40.6118583],[41.6362513,40.6120054],[41.6363195,40.6121515],[41.6364127,40.6123363],[41.6364998,40.6125048],[41.6364469,40.6125852],[41.6363942,40.6126818],[41.636351,40.6127811],[41.6363174,40.6128825],[41.6363012,40.6129479],[41.6362889,40.6130138],[41.6362828,40.613035],[41.6362702,40.6130545],[41.6362521,40.6130713],[41.6362282,40.6130849],[41.6362007,40.6130936],[41.6361713,40.613097],[41.6360885,40.6130415],[41.6360351,40.6130825],[41.6359767,40.6131191],[41.6359137,40.6131512],[41.6358467,40.6131782],[41.6357833,40.6131982],[41.6357245,40.6132251],[41.6356718,40.6132584],[41.6356261,40.6132973],[41.6355997,40.6133265],[41.6355774,40.6133576],[41.6355368,40.6134213],[41.6355048,40.6134877],[41.6354818,40.6135562],[41.6354679,40.6136262],[41.6354632,40.6137025],[41.6354695,40.6137788],[41.6354866,40.6138542],[41.6354952,40.6138846],[41.6354932,40.6139156],[41.6354809,40.6139453],[41.635459,40.6139715],[41.635429,40.6139927],[41.6353998,40.6140052],[41.6353678,40.6140127],[41.6353344,40.6140151],[41.6352693,40.614031],[41.6352079,40.6140541],[41.6351517,40.6140837],[41.6351019,40.6141193],[41.6350595,40.6141601],[41.6350331,40.6141937],[41.6350117,40.6142292],[41.6349716,40.6143011],[41.634943,40.6143661],[41.6349207,40.6144325],[41.6348737,40.6145648],[41.6348527,40.6146281],[41.6348437,40.614693],[41.6348469,40.6147582],[41.6348535,40.6147922],[41.6348633,40.6148256],[41.634889,40.6148913],[41.6349237,40.6149546],[41.634967,40.6150148],[41.6350108,40.6150636],[41.6350604,40.6151093],[41.6351152,40.6151513],[41.6351748,40.6151894],[41.6352377,40.6152653],[41.6353057,40.6153387],[41.6353787,40.6154093],[41.6354357,40.6154596],[41.6354953,40.6155082],[41.6356181,40.6156027],[41.6356895,40.6156537],[41.6357541,40.6157097],[41.6358112,40.6157701],[41.6358492,40.6158187],[41.6358782,40.6158708],[41.6358976,40.6159253],[41.6359071,40.6159814],[41.6359074,40.6160257],[41.6358986,40.6160695],[41.6358809,40.6161117],[41.6358528,40.6161538],[41.6358158,40.6161919],[41.6357709,40.6162247],[41.6356586,40.6162339],[41.6355477,40.6162501],[41.6354885,40.6162618],[41.6354317,40.6162789],[41.635378,40.616301],[41.6353612,40.6163094],[41.6353501,40.6163222],[41.6353468,40.6163372],[41.6353516,40.6163521],[41.6353639,40.6163642],[41.6353814,40.6163715],[41.6354013,40.6163729],[41.6354202,40.6163682],[41.6354595,40.6163559],[41.6355014,40.6163507],[41.6355438,40.6163528],[41.6355844,40.6163622],[41.6356212,40.6163783],[41.6356523,40.6164003],[41.6356735,40.6164236],[41.6356882,40.6164497],[41.6357176,40.6165016],[41.6357404,40.6165553],[41.6357562,40.6166105],[41.6357632,40.6166509],[41.6357665,40.6166915],[41.6357883,40.6167713],[41.6358212,40.6168487],[41.6358515,40.6169024],[41.6358743,40.6169582],[41.6358893,40.6170155],[41.6358963,40.6170737],[41.6358954,40.6171324],[41.6358863,40.6171908],[41.6358715,40.6172894],[41.6358688,40.6173886],[41.6358782,40.6174875],[41.6358887,40.6175422],[41.635891,40.6175975],[41.6358853,40.6176526],[41.6358715,40.6177069],[41.635858,40.6177422],[41.6358411,40.6177766],[41.6358028,40.6178439],[41.6357569,40.6179085],[41.6357269,40.6179444],[41.6356907,40.6179769],[41.635649,40.6180053],[41.6356026,40.6180291],[41.6355603,40.6180453],[41.6355157,40.6180578],[41.6354263,40.6180815],[41.6353903,40.6180895],[41.6353565,40.6181019],[41.6353209,40.6181214],[41.6352908,40.6181457],[41.6351225,40.618393],[41.6352657,40.6184043],[41.6354075,40.6184236],[41.6355247,40.6184457],[41.6356384,40.6184767],[41.6357475,40.6185162],[41.635829,40.6185529],[41.6359065,40.6185944],[41.6359795,40.6186404],[41.6360079,40.6186677],[41.6360297,40.6186983],[41.6360443,40.6187312],[41.6360512,40.6187656],[41.636051,40.618795],[41.6360451,40.6188241],[41.6360455,40.6188828],[41.6360526,40.6189412],[41.6360676,40.6190039],[41.6360717,40.6190676],[41.6360646,40.6191311],[41.6360512,40.6191808],[41.6360311,40.6192291],[41.6360043,40.6192756],[41.6359869,40.6192878],[41.6359674,40.619298],[41.6359483,40.6193052],[41.6359281,40.6193104],[41.6358948,40.6193306],[41.6358702,40.619357],[41.6358561,40.6193877],[41.6358534,40.6194202],[41.6358577,40.6194404],[41.6358664,40.6194597],[41.6358742,40.6195001],[41.6358765,40.6195567],[41.6358688,40.6196131],[41.635869,40.6196331],[41.6358772,40.6196521],[41.6358925,40.6196684],[41.6359137,40.6196803],[41.6359386,40.6196869],[41.6359624,40.6196876],[41.6359855,40.6196833],[41.6360868,40.6196533],[41.6361478,40.619639],[41.6362108,40.6196312],[41.6362746,40.61963],[41.636338,40.6196353],[41.6363999,40.6196472],[41.6364589,40.6196652],[41.636514,40.6196891],[41.6365644,40.6197185],[41.6366091,40.6197528],[41.6367312,40.6198266],[41.6367512,40.6198478],[41.6367607,40.6198729],[41.6367584,40.6198994],[41.6367443,40.6199238],[41.6367843,40.6199121],[41.6368262,40.6199051],[41.636869,40.6199029],[41.63691,40.6199054],[41.6369501,40.6199124],[41.6370289,40.6199301],[41.6371037,40.6199559],[41.6371688,40.6199867],[41.6372282,40.6200235],[41.637281,40.6200658],[41.6373167,40.6200866],[41.6373466,40.6201122],[41.6373695,40.6201416],[41.6373822,40.6201669],[41.6373898,40.6201933],[41.637392,40.6202203],[41.6374075,40.6202443],[41.6374327,40.620263],[41.6374648,40.6202742],[41.6374983,40.6202767],[41.6375311,40.6202709],[41.6376398,40.6202312],[41.6376853,40.6202521],[41.6377342,40.6202679],[41.6377856,40.6202783],[41.637847,40.6202833],[41.6379087,40.6202806],[41.6379607,40.6202818],[41.638012,40.6202886],[41.6380615,40.6203009],[41.6381082,40.6203185],[41.638157,40.6203447],[41.6382002,40.6203761],[41.6382369,40.6204119],[41.6382696,40.6204571],[41.6383105,40.6204984],[41.6383586,40.6205348],[41.6383909,40.6205542],[41.6384252,40.6205715],[41.6384958,40.6206035],[41.6385698,40.6206308],[41.6386609,40.6206564],[41.6387549,40.6206748],[41.6388596,40.6206959],[41.6389651,40.6207145],[41.6389896,40.6207236],[41.6390095,40.6207378],[41.6390231,40.6207557],[41.6390293,40.6207762],[41.6390271,40.6207972],[41.6390222,40.6208201],[41.6390131,40.6208422],[41.6389915,40.6208733],[41.6389757,40.6209062],[41.6389658,40.6209405],[41.6389624,40.6209663],[41.6389625,40.6209922],[41.6389685,40.6210438],[41.6389772,40.6210765],[41.6389896,40.6211084],[41.6389797,40.6211247],[41.6389759,40.6211423],[41.6389785,40.6211601],[41.6389868,40.6211759],[41.6390002,40.6211895],[41.6390178,40.6212001],[41.6389336,40.6213321],[41.6388875,40.6214042],[41.6388337,40.6214731],[41.6388076,40.6215024],[41.6387762,40.6215284],[41.6387402,40.6215507],[41.6387129,40.6215637],[41.6386841,40.6215746],[41.6386345,40.6216057],[41.6386123,40.6216241],[41.6385943,40.6216451],[41.6385812,40.621668],[41.6385747,40.6216864],[41.6385713,40.6217051],[41.6385671,40.6217429],[41.6385683,40.6217763],[41.6385739,40.6218095],[41.6385867,40.6218756],[41.6386057,40.6219409],[41.6386278,40.6219983],[41.6386547,40.6220546],[41.6386081,40.6221192],[41.6386174,40.6224363],[41.6386201,40.6225582],[41.6386223,40.6225829],[41.6386181,40.6226074],[41.6386077,40.6226308],[41.6385897,40.6226541],[41.6385655,40.622674],[41.6385382,40.6227131],[41.6385182,40.6227547],[41.6385054,40.6227996],[41.6384984,40.6228452],[41.6384971,40.6228911],[41.6385008,40.622932],[41.6384961,40.6229728],[41.6384872,40.6230023],[41.6384739,40.6230308],[41.6384719,40.6230765],[41.6384784,40.6231219],[41.6384934,40.6231662],[41.6385081,40.6231949],[41.6385299,40.6232209],[41.638558,40.6232432],[41.6385913,40.6232608],[41.6386216,40.6232714],[41.6386538,40.6232782],[41.638687,40.6232809],[41.6387844,40.6232954],[41.6388734,40.6233037],[41.6389604,40.6233204],[41.6390439,40.6233453],[41.6390956,40.6233656],[41.6391449,40.6233891],[41.6392429,40.6234366],[41.6393376,40.6234878],[41.6393882,40.6235175],[41.6394339,40.6235514],[41.639474,40.6235892],[41.6395079,40.6236303],[41.6395205,40.6236488],[41.6395377,40.623665],[41.6395589,40.6236782],[41.6395871,40.623689],[41.6396178,40.6236945],[41.6396494,40.6236945],[41.6397032,40.623769],[41.6397487,40.6238466],[41.6397787,40.6239103],[41.6398031,40.6239754],[41.6398218,40.6240416],[41.6398428,40.6240925],[41.6398726,40.624141],[41.6399105,40.624186],[41.6399559,40.6242268],[41.6399959,40.6242553],[41.6400403,40.6242798],[41.6400883,40.6242999],[41.6401522,40.6243183],[41.6402191,40.6243291],[41.6402875,40.6243319],[41.6403555,40.6243266],[41.6404351,40.6243338],[41.6405138,40.6243457],[41.6405786,40.6243592],[41.6406422,40.6243759],[41.6406363,40.6243917],[41.6406365,40.6244081],[41.6406428,40.6244238],[41.6406523,40.6244352],[41.640665,40.6244447],[41.6409979,40.6245653],[41.6410195,40.6245783],[41.6410357,40.6245953],[41.6410452,40.6246149],[41.6410475,40.6246285],[41.6410465,40.6246421],[41.6410237,40.6246973],[41.6410043,40.6247316],[41.6409813,40.6247645],[41.6409315,40.6248287],[41.6408932,40.6248707],[41.6408605,40.6249155],[41.640834,40.6249625],[41.6408097,40.6250236],[41.640777,40.6250824],[41.6407314,40.6251439],[41.6407053,40.6251735],[41.640685,40.6252055],[41.6406707,40.6252394],[41.6406645,40.6252635],[41.6406613,40.6252879],[41.6406414,40.6253346],[41.6406113,40.6253781],[41.6405865,40.6254042],[41.640558,40.6254282],[41.640497,40.625473],[41.6404423,40.625505],[41.6403837,40.6255326],[41.6403216,40.6255557],[41.6403018,40.6255652],[41.640279,40.6255695],[41.6402556,40.6255681],[41.6402296,40.6255592],[41.64021,40.6255435],[41.6400313,40.6255669],[41.6400006,40.6256091],[41.6399606,40.6256467],[41.6399126,40.6256783],[41.6398765,40.6256959],[41.639838,40.62571],[41.6397611,40.6257384],[41.6397113,40.6257546],[41.6396647,40.6257756],[41.6396223,40.6258012],[41.6395847,40.6258308],[41.6395618,40.6258535],[41.6395448,40.6258791],[41.6395344,40.6259066],[41.639531,40.6259345],[41.6395343,40.6259624],[41.6395458,40.6260175],[41.63956,40.6260538],[41.6395793,40.6260887],[41.6396059,40.6261615],[41.6396256,40.6262356],[41.639637,40.6263008],[41.639642,40.6263664],[41.6396407,40.6264321],[41.6396339,40.6264918],[41.6396219,40.6265511],[41.6396062,40.6266474],[41.639584,40.626743],[41.6395535,40.6268435],[41.639538,40.6268908],[41.6395289,40.6269391],[41.6395264,40.6269878],[41.639531,40.6270399],[41.6395431,40.6270913],[41.6395625,40.6271414],[41.6395891,40.6271896],[41.6396367,40.6273634],[41.6396729,40.6274449],[41.6397202,40.6275232],[41.6397653,40.6275826],[41.6398167,40.627639],[41.6398354,40.6276776],[41.6398488,40.6277174],[41.639857,40.6277581],[41.6398593,40.6278153],[41.6398688,40.6278231],[41.6398816,40.6278274],[41.6398955,40.6278275],[41.6399083,40.6278235],[41.639918,40.6278161],[41.6399482,40.6277962],[41.6399837,40.6277824],[41.6400226,40.6277754],[41.6400636,40.6277757],[41.6401033,40.6277836],[41.6401845,40.6277886],[41.6403048,40.6277899],[41.6404249,40.627784],[41.6404922,40.6277814],[41.6405585,40.6277722],[41.6406227,40.6277565],[41.6406671,40.6277414],[41.6407094,40.6277232],[41.640793,40.6276858],[41.6408421,40.6276612],[41.6408951,40.6276418],[41.6409511,40.6276282],[41.641009,40.6276204],[41.6410636,40.6276186],[41.6411181,40.6276221],[41.6411716,40.6276308],[41.6412795,40.6275626],[41.6414475,40.6274489],[41.6414774,40.6274263],[41.6415138,40.6274101],[41.6415543,40.6274012],[41.6415964,40.6274002],[41.6416376,40.6274072],[41.6416711,40.6274196],[41.6417002,40.6274374],[41.6417234,40.6274596],[41.6417311,40.6274985],[41.6417468,40.627536],[41.6417702,40.6275712],[41.6418006,40.6276031],[41.6418334,40.6276284],[41.641872,40.6276485],[41.641915,40.6276627],[41.6419608,40.6276703],[41.642001,40.6276714],[41.642041,40.6276674],[41.6420795,40.6276586],[41.6422331,40.6275659],[41.6423378,40.6275684],[41.6424421,40.627576],[41.6425455,40.6275888],[41.6425852,40.6275952],[41.6426229,40.6276065],[41.6426575,40.6276224],[41.6426968,40.6276498],[41.6427273,40.627683],[41.6428629,40.6276848],[41.6429982,40.6276927],[41.6431021,40.6277028],[41.6432054,40.6277166],[41.6432134,40.6278372],[41.6432165,40.6278912],[41.6432085,40.627945],[41.6431896,40.6279971],[41.6431601,40.6280464],[41.6431303,40.628082],[41.6430951,40.6281146],[41.6431064,40.6281405],[41.6431095,40.6281677],[41.6431023,40.6281998],[41.643091,40.6282311],[41.643084,40.6282464],[41.6430722,40.6282599],[41.6430565,40.6282708],[41.6430381,40.6282784],[41.6430178,40.6282825],[41.6429968,40.6282828],[41.6429187,40.6283649],[41.6428429,40.6283917],[41.6428195,40.628428],[41.6428041,40.6284476],[41.6427822,40.6284632],[41.6427597,40.6284724],[41.642735,40.6284774],[41.6426689,40.6285899],[41.6426158,40.6286199],[41.64257,40.6286562],[41.6425328,40.6286978],[41.642517,40.6287215],[41.642504,40.6287462],[41.6424859,40.6287975],[41.6424793,40.6288396],[41.6424798,40.628882],[41.6422894,40.6290433],[41.6422006,40.6291206],[41.6421194,40.6292025],[41.642046,40.6292886],[41.6419939,40.6293592],[41.6419471,40.6294319],[41.6419058,40.6295064],[41.6418271,40.6296384],[41.6417523,40.6297716],[41.6417385,40.6297945],[41.6417326,40.6298193],[41.641735,40.6298444],[41.6417456,40.6298683],[41.6417611,40.6298872],[41.6417818,40.6299031],[41.6418066,40.6299151],[41.6418549,40.6299313],[41.6418995,40.629953],[41.6419393,40.6299794],[41.6419734,40.6300101],[41.642001,40.6300443],[41.6420173,40.6300721],[41.6420292,40.6301011],[41.6420514,40.6301594],[41.6420674,40.6302189],[41.6420794,40.6303016],[41.6420795,40.6303848],[41.6420809,40.6304718],[41.6420782,40.6305588],[41.642075,40.6306051],[41.6420776,40.6306514],[41.6420862,40.6306973],[41.6421048,40.6307528],[41.6421137,40.6308097],[41.6421145,40.6308317],[41.6421081,40.6308532],[41.6420948,40.6308727],[41.6420755,40.6308891],[41.6420467,40.6309031],[41.6420138,40.63091],[41.6419588,40.6309858],[41.6419373,40.6310142],[41.641925,40.6310457],[41.6419226,40.6310784],[41.6419289,40.6311072],[41.6419429,40.6311344],[41.6419729,40.6311878],[41.6420164,40.6312427],[41.6420701,40.6312922],[41.6420453,40.6314194],[41.6420409,40.6314469],[41.6420447,40.6314746],[41.6420567,40.6315008],[41.64207,40.6315181],[41.6420867,40.6315334],[41.6421246,40.631561],[41.6421688,40.6315825],[41.6422176,40.631597],[41.642272,40.6316041],[41.6423239,40.6316182],[41.642372,40.6316387],[41.6424148,40.6316652],[41.642444,40.6316897],[41.6424672,40.6317176],[41.6424838,40.6317481],[41.6424933,40.6317801],[41.6424956,40.6318128],[41.6424906,40.6318453],[41.6425049,40.6318789],[41.6425283,40.6319094],[41.6425598,40.6319354],[41.6425978,40.6319557],[41.6426317,40.6319672],[41.6426676,40.6319741],[41.6427326,40.6320008],[41.642791,40.6320351],[41.6428353,40.6320706],[41.6428726,40.6321105],[41.6429587,40.632183],[41.6430491,40.6322524],[41.6431256,40.6323065],[41.6431976,40.6323639],[41.643265,40.6324244],[41.6433235,40.6324835],[41.6433722,40.6325474],[41.6434105,40.6326153],[41.6434354,40.6326781],[41.6434515,40.6327425],[41.6434729,40.6328153],[41.6434823,40.6328896],[41.6434806,40.6329543],[41.6434699,40.6330184],[41.6434501,40.6330814],[41.6433301,40.6331557],[41.6432657,40.6331297],[41.6432422,40.6331636],[41.6432248,40.6331995],[41.6432129,40.6332429],[41.64321,40.6332871],[41.6432163,40.6333312],[41.6432315,40.633374],[41.6432379,40.633446],[41.643252,40.6335174],[41.6432736,40.6335877],[41.6433026,40.6336564],[41.6433354,40.6337175],[41.6433596,40.6337808],[41.643375,40.6338457],[41.6433813,40.6339088],[41.6433791,40.633972],[41.6433686,40.6340348],[41.6433646,40.6341734],[41.6433214,40.6342004],[41.6432828,40.6342311],[41.6432496,40.6342653],[41.6432178,40.6343096],[41.643194,40.6343567],[41.6431789,40.6344057],[41.6431726,40.6344549],[41.6431748,40.6345042],[41.6431018,40.6345648],[41.6430766,40.634633],[41.6430554,40.6346846],[41.6430286,40.6347348],[41.6429965,40.6347831],[41.6429529,40.6348361],[41.6429039,40.6348864],[41.6428617,40.6349239],[41.6428154,40.6349586],[41.6428,40.634969],[41.6427892,40.6349824],[41.6427839,40.6349976],[41.6427846,40.6350128],[41.6427909,40.6350273],[41.6428024,40.6350398],[41.6427755,40.6350968],[41.6427279,40.635092],[41.6426454,40.6352337],[41.6426256,40.6352654],[41.6426128,40.6352991],[41.6426072,40.6353339],[41.6426082,40.6353626],[41.6426186,40.6353903],[41.6426377,40.6354151],[41.6426588,40.635432],[41.642684,40.6354454],[41.6426847,40.6354631],[41.6426804,40.6354805],[41.6426713,40.6354968],[41.6426555,40.635513],[41.6426351,40.6355258],[41.6425867,40.6355374],[41.6425412,40.6355542],[41.6424993,40.6355759],[41.6424596,40.6356038],[41.6424248,40.6356354],[41.6423957,40.63567],[41.6423764,40.6357001],[41.6423658,40.6357325],[41.6423645,40.6357659],[41.6423698,40.6357912],[41.6423803,40.6358155],[41.6423839,40.6358665],[41.6423752,40.6359171],[41.6423598,40.6359555],[41.6423373,40.6359919],[41.6423144,40.6360317],[41.6422849,40.6360689],[41.6422495,40.6361031],[41.642223,40.6361236],[41.6421943,40.6361424],[41.642145,40.636186],[41.642102,40.6362333],[41.6420678,40.6362806],[41.64204,40.6363302],[41.6420188,40.6363817],[41.6419717,40.6364591],[41.6419313,40.6365386],[41.6419,40.6366141],[41.6418746,40.6366908],[41.6418613,40.6367292],[41.6418538,40.6367684],[41.6418522,40.6368081],[41.6418589,40.6368594],[41.6418583,40.636911],[41.6418505,40.6369623],[41.6418364,40.6370101],[41.6418161,40.6370567],[41.6417868,40.6371521],[41.6417662,40.6372333],[41.6417533,40.6373154],[41.6417482,40.6373968],[41.6417513,40.6374782],[41.6417565,40.6375232],[41.6417534,40.6375683],[41.6417419,40.6376126],[41.6417244,40.6376513],[41.6417006,40.6376879],[41.641653,40.6377611],[41.6416356,40.6377852],[41.6416272,40.6378118],[41.6416282,40.6378392],[41.6416327,40.6378536],[41.6416399,40.6378674],[41.6416445,40.6378967],[41.6416421,40.6379261],[41.6416326,40.6379548],[41.6416192,40.6379776],[41.6416014,40.6379986],[41.6415783,40.6380453],[41.6415638,40.6380939],[41.6415585,40.6381345],[41.6415592,40.6381753],[41.6415437,40.638256],[41.6415268,40.6383107],[41.641518,40.6383665],[41.6415176,40.6384226],[41.6415212,40.6384555],[41.6415188,40.6384885],[41.6415105,40.6385208],[41.6414958,40.6385533],[41.6414752,40.6385838],[41.6414435,40.6386478],[41.6414279,40.6386828],[41.6414218,40.6387195],[41.6414254,40.6387564],[41.6414367,40.6387884],[41.6414405,40.6388214],[41.6414364,40.6388544],[41.6414208,40.6388938],[41.6413942,40.6389297],[41.6413141,40.6389266],[41.641307,40.63895],[41.6413037,40.6389785],[41.6413082,40.6390068],[41.6413204,40.6390337],[41.6413318,40.6390495],[41.6413459,40.639064],[41.6413648,40.6390968],[41.6413769,40.6391314],[41.6413818,40.6391671],[41.6413811,40.6391901],[41.6413774,40.6392129],[41.6413809,40.6392588],[41.6413922,40.6393039],[41.6414051,40.6393357],[41.641422,40.6393663],[41.6414549,40.6394278],[41.6415001,40.6395031],[41.6415347,40.6395815],[41.6415446,40.6396108],[41.6415618,40.639638],[41.6415856,40.6396622],[41.6416101,40.6396793],[41.6416291,40.6397001],[41.6416419,40.6397235],[41.6416477,40.6397484],[41.6416472,40.639768],[41.6416425,40.6397872],[41.6416476,40.6398261],[41.6416628,40.6398634],[41.6416801,40.6398892],[41.6417023,40.6399128],[41.6416718,40.6399591],[41.6416871,40.6399937],[41.6417114,40.6400252],[41.6417327,40.6400444],[41.6417573,40.6400611],[41.6417682,40.6401026],[41.6417704,40.6401449],[41.641764,40.640187],[41.6417456,40.6402347],[41.6417389,40.6402842],[41.6417425,40.6403263],[41.6417545,40.6403675],[41.6417664,40.6404511],[41.6417717,40.6405027],[41.6417868,40.6405531],[41.6418061,40.6405926],[41.6418163,40.640634],[41.6418171,40.6406759],[41.6418277,40.6407169],[41.6418403,40.6407437],[41.6418571,40.6407691],[41.6418944,40.6408182],[41.6419371,40.6408618],[41.641986,40.6409015],[41.6420805,40.6409828],[41.6421153,40.6410116],[41.6421542,40.6410372],[41.6421968,40.6410591],[41.6422489,40.6410792],[41.642304,40.6410939],[41.6424128,40.6411258],[41.6424638,40.6411396],[41.642511,40.6411598],[41.6425529,40.6411858],[41.6425858,40.6412143],[41.6426263,40.6412365],[41.6426746,40.6412515],[41.6427182,40.6412733],[41.6427558,40.6413014],[41.6427856,40.6413344],[41.6427749,40.6414354],[41.6427712,40.6415235],[41.6427564,40.6416109],[41.6427404,40.6416689],[41.6427316,40.6417277],[41.6427301,40.6417535],[41.6427225,40.6417787],[41.6427092,40.6418025],[41.642685,40.6418289],[41.6426538,40.6418506],[41.6426576,40.6419249],[41.6426528,40.6419992],[41.6426459,40.6420436],[41.6426498,40.6420882],[41.6426646,40.6421315],[41.6426823,40.642162],[41.6427055,40.6421905],[41.6427259,40.6422169],[41.6427411,40.6422452],[41.6427507,40.6422749],[41.6427547,40.6423073],[41.6427521,40.6423398],[41.6427444,40.6423677],[41.6427437,40.6423962],[41.6427501,40.6424243],[41.6427654,40.6424542],[41.6427886,40.642481],[41.6427849,40.6425805],[41.6428197,40.6426386],[41.6428601,40.6426946],[41.642906,40.6427481],[41.6429486,40.6427911],[41.6429987,40.6428293],[41.6430552,40.6428618],[41.6431143,40.6428873],[41.6431785,40.6429041],[41.6432316,40.6429109],[41.6432854,40.6429118],[41.6433388,40.6429069],[41.6434588,40.6430369],[41.6435772,40.643158],[41.6436111,40.6431758],[41.6436486,40.643189],[41.6436885,40.6431971],[41.6437289,40.6432],[41.6437693,40.6431977],[41.6439621,40.643362],[41.6440379,40.6434261],[41.6441219,40.6434841],[41.6442132,40.6435352],[41.6442988,40.6435742],[41.6443885,40.6436072],[41.6444191,40.6436193],[41.644446,40.6436356],[41.6444682,40.6436556],[41.6444848,40.6436785],[41.6444957,40.6437054],[41.6444989,40.6437334],[41.6445077,40.643758],[41.6445246,40.6437799],[41.6445485,40.6437978],[41.644576,40.6438098],[41.6446066,40.6438163],[41.6446383,40.6438169],[41.6446795,40.6438396],[41.6447164,40.6438661],[41.6447486,40.643896],[41.644779,40.6439338],[41.644816,40.643968],[41.6448591,40.6439979],[41.6449072,40.6440229],[41.6449482,40.6440389],[41.6449913,40.6440513],[41.6450712,40.6440858],[41.6451463,40.6441262],[41.6451944,40.644157],[41.6452397,40.6441902],[41.6453384,40.6442496],[41.6454235,40.644295],[41.6455013,40.6443473],[41.645535,40.644374],[41.6455733,40.6443968],[41.6456154,40.6444154],[41.6456606,40.6444292],[41.6457085,40.6444382],[41.6457576,40.6444412],[41.6458068,40.6444381],[41.6458476,40.6444308],[41.6458868,40.6444193],[41.6459234,40.6444038],[41.6459851,40.6444157],[41.6460432,40.6444354],[41.6460961,40.6444623],[41.6461369,40.6444912],[41.6461715,40.6445243],[41.6461713,40.6445754],[41.6461816,40.6446258],[41.6461955,40.6446614],[41.6462146,40.6446956],[41.6462386,40.6447279],[41.6462721,40.6447623],[41.6463112,40.6447931],[41.6463553,40.6448197],[41.6464036,40.6448418],[41.6465849,40.6449772],[41.6466353,40.6450155],[41.6466901,40.6450502],[41.6467489,40.645081],[41.6467806,40.6450952],[41.6468152,40.6451045],[41.6468516,40.6451085],[41.6468884,40.6451072],[41.6469282,40.6450993],[41.6469649,40.6450851],[41.6469967,40.6450652],[41.6470351,40.6450853],[41.6470686,40.64511],[41.6470964,40.6451384],[41.6471177,40.64517],[41.6471319,40.6452038],[41.6471386,40.6452389],[41.6471377,40.6452745],[41.6471291,40.6453094],[41.6471389,40.6453586],[41.6471556,40.6454067],[41.6471791,40.6454531],[41.6472133,40.6455032],[41.6472553,40.6455497],[41.6473044,40.645592],[41.6473857,40.6456686],[41.6474611,40.6457486],[41.6475304,40.6458317],[41.6475832,40.645902],[41.6476451,40.645968],[41.6477099,40.6460247],[41.6477814,40.6460766],[41.6478225,40.6460977],[41.647859,40.6461232],[41.6478964,40.6461599],[41.6479242,40.6462013],[41.6479415,40.6462458],[41.6479591,40.6463005],[41.6479645,40.6463283],[41.647973,40.6463557],[41.6479936,40.6463993],[41.648022,40.6464403],[41.6480577,40.6464779],[41.6481,40.6465113],[41.648148,40.6465399],[41.6483188,40.6466483],[41.6484826,40.6467627],[41.6486294,40.6468568],[41.648781,40.6469464],[41.6488916,40.6470074],[41.6490043,40.647066],[41.6490204,40.647097],[41.6490418,40.647126],[41.6490731,40.6471567],[41.6491103,40.6471833],[41.6491525,40.6472051],[41.6491988,40.6472217],[41.6492089,40.6472418],[41.6492243,40.6472598],[41.6492444,40.6472751],[41.6492726,40.6472884],[41.6493043,40.6472962],[41.6493376,40.6472978],[41.6493703,40.6472932],[41.6494006,40.6472827],[41.6496289,40.6471876],[41.6496447,40.6471306],[41.6496622,40.6470914],[41.6496849,40.6470538],[41.6497124,40.6470181],[41.6497301,40.6469891],[41.6497536,40.6469624],[41.6497821,40.6469388],[41.6498221,40.6469153],[41.6498671,40.6468978],[41.6499156,40.6468869],[41.6500163,40.6468693],[41.6501187,40.6468584],[41.6502219,40.646854],[41.6503253,40.6468564],[41.6505116,40.6468544],[41.6506974,40.6468447],[41.650741,40.6468248],[41.650774,40.6468156],[41.6508085,40.6468103],[41.6508436,40.646809],[41.6509186,40.6468101],[41.6509931,40.6468162],[41.6510666,40.6468274],[41.6511169,40.6468381],[41.6511662,40.6468513],[41.651188,40.6468534],[41.6512092,40.6468491],[41.6512233,40.6468417],[41.6512338,40.6468315],[41.6512397,40.6468193],[41.6512615,40.6467827],[41.6513132,40.646825],[41.6513596,40.6468706],[41.651402,40.6469212],[41.6514183,40.6469486],[41.6514381,40.6469746],[41.6514643,40.6470022],[41.6514944,40.6470273],[41.6513314,40.6471418],[41.6513626,40.6472285],[41.6513652,40.6472468],[41.6513613,40.6472649],[41.6513511,40.6472817],[41.6513355,40.6472959],[41.6513073,40.6473209],[41.6512688,40.6474392],[41.6512185,40.6475724],[41.6512084,40.6476063],[41.6512052,40.6476343],[41.6512064,40.6476625],[41.6512222,40.6477172],[41.6512299,40.6477729],[41.6512286,40.6478363],[41.6512168,40.6478991],[41.6511997,40.647951],[41.6511763,40.6480016],[41.6511592,40.6480251],[41.6511467,40.6480502],[41.6511376,40.6480857],[41.6511378,40.6481218],[41.651147,40.6481573],[41.6511599,40.6482074],[41.6511782,40.6482565],[41.6512075,40.6483138],[41.6512443,40.6483686],[41.6512882,40.6484203],[41.6513314,40.6484638],[41.6513784,40.648505],[41.6514485,40.6485551],[41.6514899,40.6485741],[41.6515259,40.6485986],[41.6515567,40.6486294],[41.6515792,40.6486641],[41.6515923,40.6487014],[41.6516218,40.6487897],[41.6516986,40.6488968],[41.6517329,40.6489284],[41.6517618,40.6489631],[41.6517847,40.6490003],[41.6517999,40.6490351],[41.6518099,40.6490709],[41.6518146,40.6491074],[41.6517686,40.6491944],[41.6518706,40.6493185],[41.6518737,40.6493567],[41.651883,40.6493943],[41.6518979,40.6494299],[41.6519185,40.6494638],[41.6519443,40.6494956],[41.6519781,40.6495251],[41.6520178,40.6495501],[41.6520623,40.6495698],[41.6521465,40.6496003],[41.6522343,40.6496238],[41.652332,40.6496569],[41.6524255,40.6496963],[41.652753,40.6498306],[41.652835,40.6498271],[41.652917,40.6498298],[41.6530077,40.6498401],[41.6530529,40.6498466],[41.6530963,40.6498581],[41.6531383,40.6498749],[41.6531762,40.6498965],[41.6532093,40.6499223],[41.6532368,40.6499517],[41.6532789,40.6500083],[41.6533106,40.6500687],[41.6533488,40.6501319],[41.6533715,40.6501622],[41.6533914,40.6501936],[41.65342,40.6502538],[41.6534269,40.6502855],[41.653438,40.6503164],[41.6534579,40.6503543],[41.6534841,40.65039],[41.6535161,40.6504228],[41.6535434,40.6504505],[41.6535771,40.6504739],[41.653621,40.6504937],[41.6536693,40.6505059],[41.6536955,40.6505108],[41.65372,40.6505195],[41.6537417,40.6505316],[41.6537609,40.6505477],[41.6537753,40.6505665],[41.6538011,40.6506066],[41.6538316,40.6506448],[41.653873,40.6506867],[41.6538947,40.6507072],[41.6539201,40.650725],[41.6539623,40.650745],[41.6540093,40.6507575],[41.6540653,40.6507644],[41.6540936,40.6507624],[41.6541219,40.6507631],[41.6541653,40.6507697],[41.6542061,40.6507827],[41.6542426,40.6508015],[41.6543221,40.6508626],[41.6546691,40.6510343],[41.654844,40.6510063],[41.6548748,40.6510309],[41.6549115,40.6510503],[41.6549544,40.651064],[41.655,40.6510705],[41.6550465,40.6510695],[41.6552438,40.6510228],[41.6552709,40.6510185],[41.6552984,40.6510165],[41.6553301,40.6510171],[41.6553615,40.6510208],[41.6556294,40.6510788],[41.6558094,40.651122],[41.6559002,40.651142],[41.6559881,40.6511683],[41.6560604,40.6511958],[41.6561296,40.6512276],[41.6562821,40.6512899],[41.6563298,40.6512775],[41.6563796,40.6512711],[41.65643,40.6512708],[41.6564795,40.6512768],[41.6565271,40.6512887],[41.6565716,40.6513063],[41.6566117,40.6513291],[41.6566542,40.6513635],[41.656687,40.6514036],[41.656709,40.6514477],[41.6567193,40.6514942],[41.6566142,40.6515062],[41.6565102,40.6515226],[41.6564075,40.6515435],[41.6562956,40.6515718],[41.6561863,40.6516053],[41.6561339,40.6516258],[41.65608,40.651644],[41.6559786,40.6516709],[41.6559254,40.6516771],[41.6558741,40.6516895],[41.6558279,40.6517071],[41.6557858,40.6517299],[41.6557487,40.6517572],[41.6557157,40.6517893],[41.655689,40.6518246],[41.6556722,40.6518651],[41.6556674,40.6519074],[41.6556749,40.6519495],[41.655692,40.6520026],[41.6557027,40.6520287],[41.6557172,40.6520538],[41.6557451,40.6520879],[41.6557802,40.6521181],[41.6558215,40.6521433],[41.6559252,40.652207],[41.656035,40.6522644],[41.6561209,40.6523032],[41.6562095,40.6523381],[41.6563006,40.6523692],[41.6564144,40.6524141],[41.6565242,40.6524643],[41.6566031,40.6525049],[41.6566402,40.6525275],[41.6566794,40.652548],[41.6567417,40.6525748],[41.6568073,40.6525963],[41.6568756,40.6526124],[41.656954,40.652636],[41.6570295,40.6526645],[41.6570975,40.6526957],[41.6571621,40.6527307],[41.6572229,40.6527696],[41.6572882,40.6528152],[41.6573182,40.6528401],[41.6573507,40.6528632],[41.657404,40.6528944],[41.6574619,40.6529206],[41.6574938,40.652929],[41.6575233,40.6529415],[41.6575529,40.6529601],[41.6575771,40.6529827],[41.6575951,40.6530085],[41.6576061,40.6530364],[41.6576441,40.6531153],[41.657666,40.6531538],[41.657691,40.6531913],[41.6577385,40.6532503],[41.6577935,40.6533054],[41.6578556,40.653356],[41.657924,40.6534017],[41.6580068,40.6534527],[41.6580479,40.6534786],[41.6580923,40.6535011],[41.6581574,40.653526],[41.6581925,40.6535334],[41.6582264,40.6535436],[41.6582706,40.6535622],[41.6583108,40.6535855],[41.6583459,40.6536131],[41.6583753,40.6536443],[41.6584091,40.6536911],[41.6584236,40.6537155],[41.6584343,40.653741],[41.6584427,40.6537767],[41.6584438,40.6538129],[41.6584378,40.6538488],[41.6584245,40.6538837],[41.6583853,40.6539068],[41.6583501,40.6539333],[41.6583187,40.6539636],[41.6582924,40.6539966],[41.6583128,40.6540187],[41.6583387,40.6540371],[41.6583765,40.6540533],[41.6584185,40.6540617],[41.6584611,40.654066],[41.6584826,40.6540648],[41.658504,40.6540663],[41.6585326,40.654073],[41.6585582,40.6540847],[41.6585795,40.6541006],[41.6585952,40.65412],[41.658633,40.6541715],[41.6586512,40.6541976],[41.6586663,40.6542248],[41.6586841,40.654271],[41.6586931,40.6543186],[41.65868,40.6543385],[41.6586745,40.6543624],[41.6586787,40.6543865],[41.6586906,40.6544349],[41.6587072,40.6544824],[41.6587363,40.6545524],[41.6587706,40.6546211],[41.6588174,40.6546976],[41.6588718,40.6547711],[41.6588978,40.6548086],[41.6589174,40.6548482],[41.658931,40.6548931],[41.6589363,40.654939],[41.6589332,40.654985],[41.6589294,40.655015],[41.6589204,40.6550442],[41.6589063,40.6550723],[41.6588846,40.6551021],[41.6588571,40.6551291],[41.6588245,40.6551527],[41.658567,40.6552987],[41.6582606,40.6553256],[41.6582264,40.655314],[41.6581902,40.6553068],[41.6581436,40.6553045],[41.6580975,40.6553096],[41.6580537,40.6553218],[41.6579156,40.6554055],[41.6577691,40.655495],[41.6577242,40.6555589],[41.6576554,40.6556527],[41.6577832,40.6557524],[41.6578368,40.6557467],[41.6578908,40.6557499],[41.6579335,40.6557592],[41.6579734,40.6557741],[41.6580091,40.6557942],[41.6580637,40.6558265],[41.6581225,40.6558542],[41.6581681,40.6558714],[41.6582153,40.6558857],[41.6582571,40.6559046],[41.6582945,40.6559282],[41.6583266,40.6559559],[41.6583528,40.6559869],[41.658264,40.6561225],[41.6582585,40.6561489],[41.6582633,40.6561753],[41.658278,40.6561996],[41.6583025,40.6562202],[41.658334,40.6562343],[41.6583697,40.6562405],[41.6584061,40.6562382],[41.6584387,40.6562309],[41.6584688,40.6562189],[41.6584952,40.6562025],[41.6585167,40.6561825],[41.6585532,40.6561569],[41.6585728,40.6561452],[41.6585945,40.656136],[41.6586291,40.6561272],[41.6586653,40.6561245],[41.6587015,40.6561279],[41.6587508,40.6561382],[41.658797,40.6561548],[41.6587246,40.6562713],[41.6587247,40.6563014],[41.6587327,40.6563308],[41.6587447,40.6563533],[41.6587614,40.656374],[41.6587823,40.6563924],[41.6588016,40.6564102],[41.6588131,40.6564316],[41.6588156,40.6564564],[41.6588073,40.6564806],[41.6587893,40.6565015],[41.6587636,40.6565268],[41.658735,40.6565503],[41.6587327,40.65657],[41.6587371,40.6565894],[41.6587478,40.6566073],[41.6587657,40.6566238],[41.6587889,40.6566359],[41.6588155,40.6566427],[41.6588436,40.6566437],[41.6589391,40.6566442],[41.6590344,40.6566404],[41.6591455,40.6566318],[41.659256,40.6566189],[41.6593653,40.6566017],[41.6596093,40.6565618],[41.6596258,40.6566247],[41.6595699,40.6566363],[41.6593829,40.6566703],[41.6591974,40.6567083],[41.658958,40.6567637],[41.658934,40.6568026],[41.6589016,40.6568378],[41.6588722,40.6568611],[41.6588355,40.6568776],[41.6587944,40.6568858],[41.6587676,40.6568865],[41.6587411,40.6568837],[41.6586881,40.6568882],[41.6586368,40.6568991],[41.6585959,40.6569129],[41.6585596,40.6569329],[41.6585295,40.6569581],[41.6585071,40.6569869],[41.6584921,40.6570184],[41.6584849,40.6570514],[41.6584847,40.6570756],[41.6584888,40.6570996],[41.6585003,40.657147],[41.6585123,40.6571782],[41.6585303,40.6572077],[41.658554,40.6572348],[41.6585769,40.6572546],[41.6586029,40.6572722],[41.6586011,40.6573163],[41.6585898,40.6573597],[41.6585733,40.6573944],[41.6585506,40.6574271],[41.6581888,40.6576476],[41.6580243,40.657736],[41.6578544,40.6578184],[41.6577139,40.6578804],[41.6575704,40.6579384],[41.6575034,40.657967],[41.6574319,40.6579887],[41.6573574,40.6580032],[41.6572906,40.6580096],[41.6572232,40.6580103],[41.6571562,40.658005],[41.6570905,40.657994],[41.6570003,40.6579714],[41.6569142,40.6579407],[41.6568337,40.6579024],[41.6568856,40.6576766],[41.6567934,40.6576087],[41.656726,40.6576046],[41.6566593,40.657596],[41.6565911,40.6575821],[41.6565248,40.6575635],[41.6564612,40.6575403],[41.6558842,40.6572773],[41.6554778,40.6571272],[41.6553775,40.657148],[41.655276,40.6571648],[41.6551487,40.6571803],[41.6550205,40.6571898],[41.6549417,40.6572006],[41.6548618,40.6572052],[41.6547818,40.6572035],[41.6546941,40.6571944],[41.6546084,40.6571778],[41.6545257,40.657154],[41.6544472,40.6571231],[41.6542139,40.6570256],[41.6541019,40.6569708],[41.6539858,40.6569212],[41.6538668,40.6568772],[41.6537444,40.6568388],[41.6536233,40.6568441],[41.6535027,40.6568543],[41.653383,40.6568693],[41.6532663,40.6568888],[41.6531511,40.6569129],[41.6530377,40.6569415],[41.6529294,40.6569617],[41.6528195,40.6569755],[41.6527084,40.6569827],[41.6526142,40.6569952],[41.6525216,40.6570133],[41.6524312,40.657037],[41.6523436,40.6570662],[41.6522161,40.6571133],[41.6520917,40.6571651],[41.6519708,40.6572213],[41.6517369,40.6573333],[41.6515055,40.6574482],[41.6514312,40.6574739],[41.6513602,40.6575043],[41.6512929,40.6575392],[41.6512173,40.6575871],[41.6511486,40.6576407],[41.6510877,40.6576995],[41.6510284,40.6577669],[41.650963,40.657831],[41.6508919,40.6578916],[41.6508155,40.6579482],[41.6507239,40.6580068],[41.6506266,40.6580597],[41.6505241,40.6581068],[41.6504171,40.6581476],[41.6503593,40.6581737],[41.6502983,40.6581951],[41.6502348,40.6582117],[41.6501581,40.6582248],[41.65008,40.658231],[41.6500407,40.6582317],[41.6500014,40.65823],[41.6499406,40.6582226],[41.6498815,40.6582095],[41.649825,40.6581909],[41.6497721,40.658167],[41.6495997,40.6579452],[41.6494815,40.6577961],[41.6493677,40.6576451],[41.6492637,40.6574994],[41.6492107,40.6574269],[41.6491639,40.657352],[41.649116,40.6572596],[41.6490775,40.6571646],[41.6490681,40.6571153],[41.6490486,40.6570677],[41.6490222,40.6570268],[41.6489883,40.6569892],[41.6489476,40.6569557],[41.648901,40.6569271],[41.6488494,40.6569039],[41.6487963,40.6568862],[41.6487409,40.6568734],[41.6486838,40.6568657],[41.6486011,40.6568516],[41.6485591,40.656846],[41.6485195,40.6568342],[41.6484797,40.6568141],[41.6484467,40.6567879],[41.6484223,40.6567568],[41.6484075,40.6567223],[41.6483933,40.6566702],[41.6483881,40.6566172],[41.6483918,40.6565907],[41.6483921,40.6565641],[41.6483852,40.6565201],[41.6483692,40.6564775],[41.6483445,40.6564374],[41.6481869,40.6561968],[41.648119,40.6560852],[41.6480407,40.6559775],[41.64797,40.6558936],[41.6478929,40.655813],[41.6478098,40.6557359],[41.6477666,40.6556984],[41.6477209,40.6556626],[41.6476441,40.6556101],[41.6475618,40.6555625],[41.6474748,40.6555202],[41.6473718,40.6554757],[41.6472658,40.6554357],[41.6471569,40.6554002],[41.6470903,40.655372],[41.6470295,40.6553371],[41.6469721,40.655293],[41.6469239,40.6552429],[41.646886,40.655188],[41.6468123,40.6550868],[41.6467479,40.654982],[41.646714,40.6549265],[41.6466902,40.654868],[41.6466776,40.6548127],[41.646674,40.6547567],[41.6466795,40.6547007],[41.646684,40.6545736],[41.6466775,40.6544466],[41.64666,40.6543202],[41.64665,40.6542346],[41.6466473,40.6541487],[41.6466516,40.6540675],[41.6466626,40.6539867],[41.6466802,40.6539066],[41.6466838,40.65387],[41.6466816,40.6538334],[41.6466735,40.6537972],[41.646655,40.653753],[41.6466277,40.6537114],[41.6465923,40.6536736],[41.6464935,40.6536394],[41.646399,40.6535987],[41.6463095,40.6535519],[41.6462259,40.6534993],[41.646162,40.6534522],[41.6461028,40.6534016],[41.6460485,40.653348],[41.6460159,40.6533075],[41.6459882,40.6532651],[41.6459697,40.6532325],[41.6459459,40.653202],[41.6459085,40.6531671],[41.6458641,40.6531373],[41.6458138,40.6531135],[41.6455493,40.6530425],[41.6454955,40.6530454],[41.645443,40.6530547],[41.6453932,40.6530701],[41.6453472,40.6530912],[41.6453062,40.6531175],[41.645262,40.6531377],[41.6452143,40.6531524],[41.645164,40.6531613],[41.6450736,40.6531741],[41.6449823,40.6531829],[41.6448702,40.6531945],[41.6447574,40.6532007],[41.6446362,40.6532015],[41.6445153,40.6531961],[41.6444066,40.6531928],[41.6442984,40.6531842],[41.6441919,40.6531704],[41.6440868,40.6531515],[41.6439835,40.6531275],[41.6438351,40.6530882],[41.6437608,40.6530686],[41.6436892,40.6530438],[41.64362,40.6530135],[41.6435549,40.6529784],[41.6434945,40.6529388],[41.6434394,40.652895],[41.6433886,40.6528467],[41.6433337,40.6528012],[41.6432748,40.6527586],[41.6431935,40.6527084],[41.6431521,40.652684],[41.6431068,40.6526638],[41.643046,40.652645],[41.6429821,40.6526339],[41.6429167,40.6526307],[41.6428376,40.6526353],[41.6427605,40.6526492],[41.642687,40.6526719],[41.6426128,40.6527113],[41.642534,40.6527452],[41.6424513,40.6527734],[41.6423732,40.6527938],[41.6423337,40.652803],[41.6422931,40.652809],[41.642225,40.6528118],[41.6421573,40.6528057],[41.6420919,40.6527909],[41.6419859,40.6527721],[41.6418783,40.6527594],[41.6417373,40.6527491],[41.6415957,40.6527459],[41.6414547,40.6527476],[41.6413139,40.6527541],[41.6411736,40.6527655],[41.6409989,40.6527872],[41.6409119,40.6527999],[41.6408262,40.6528171],[41.6407446,40.6528381],[41.6406651,40.6528632],[41.6405879,40.6528922],[41.6404684,40.6529454],[41.640413,40.6529771],[41.6403555,40.6530064],[41.6402792,40.6530402],[41.6401999,40.65307],[41.6401181,40.6530954],[41.6399909,40.6531396],[41.639861,40.6531791],[41.639735,40.6532121],[41.6396072,40.6532407],[41.6394641,40.6532765],[41.6393188,40.6533068],[41.6392206,40.6533239],[41.6391217,40.6533386],[41.6390177,40.6533612],[41.6389168,40.6533907],[41.6388265,40.6534117],[41.6387345,40.6534281],[41.6386412,40.6534398],[41.6385255,40.6534613],[41.6384089,40.65348],[41.6382497,40.6535007],[41.6381691,40.6535061],[41.6380894,40.6535161],[41.6380045,40.6535321],[41.6379216,40.6535532],[41.6378822,40.6535676],[41.6378413,40.6535795],[41.6377678,40.6535938],[41.6376924,40.6536001],[41.63762,40.6536011],[41.6375477,40.6535973],[41.6374762,40.6535886],[41.6374181,40.6535753],[41.6373626,40.6535568],[41.6373105,40.6535332],[41.6372665,40.6535074],[41.6372265,40.653478],[41.6371912,40.6534454],[41.6372447,40.6534073],[41.6372557,40.6533901],[41.6372581,40.6533763],[41.6372556,40.6533625],[41.6372483,40.6533498],[41.6372186,40.6532899],[41.6371952,40.6532284],[41.6372214,40.6531774],[41.6372398,40.6531244],[41.6372497,40.6530727],[41.6372522,40.6530206],[41.6372472,40.6529685],[41.6372333,40.6528807],[41.6372279,40.6528366],[41.6372126,40.6527937],[41.6371898,40.652756],[41.6371594,40.6527214],[41.6371221,40.652691],[41.6370789,40.6526655],[41.6370576,40.6525852],[41.6370319,40.6525055],[41.6370091,40.6524531],[41.6369903,40.6523997],[41.6369733,40.6523337],[41.6369625,40.652267],[41.6369582,40.6521998],[41.6369457,40.6521395],[41.6369251,40.6520804],[41.6368968,40.6520233],[41.6366946,40.6518844],[41.6367932,40.6517592],[41.6368053,40.6517309],[41.6368081,40.6517011],[41.6368012,40.6516717],[41.6367888,40.6516491],[41.6367706,40.6516289],[41.6367476,40.6516118],[41.6367204,40.6515985],[41.6367006,40.6515823],[41.6366863,40.6515632],[41.6366782,40.651542],[41.6366587,40.651514],[41.636631,40.6514903],[41.6365967,40.6514723],[41.6365113,40.6514226],[41.6364308,40.6513685],[41.6363322,40.6514255],[41.6363273,40.6513949],[41.6363117,40.6513663],[41.6362866,40.6513421],[41.6362556,40.6513245],[41.6362197,40.6513136],[41.6361813,40.65131],[41.6361565,40.6513019],[41.6361371,40.6512876],[41.6361264,40.6512714],[41.6361229,40.6512534],[41.6361271,40.6512355],[41.6361384,40.6512195],[41.636182,40.6511513],[41.6362072,40.6511505],[41.6362303,40.6511429],[41.6362472,40.6511304],[41.6362575,40.6511142],[41.6362598,40.6510963],[41.6362317,40.6510345],[41.6362088,40.6509714],[41.6361894,40.6509001],[41.6361854,40.6508638],[41.6361766,40.650828],[41.6361574,40.6507813],[41.6361299,40.650737],[41.6360948,40.650696],[41.6360291,40.6506121],[41.6359691,40.6505258],[41.6358904,40.6504307],[41.6358018,40.6503409],[41.6357235,40.650269],[41.6356804,40.6502359],[41.6356412,40.6501999],[41.6355942,40.6501465],[41.6355561,40.6500891],[41.6355272,40.6500287],[41.6354854,40.6499317],[41.635433,40.6498377],[41.6353715,40.6497489],[41.635332,40.6497085],[41.6353006,40.6496642],[41.6352763,40.6496132],[41.6352627,40.6495599],[41.6352956,40.649493],[41.6353334,40.6494276],[41.6353873,40.6493486],[41.6354484,40.6492727],[41.6354559,40.6492443],[41.6354705,40.6492175],[41.6354918,40.6491935],[41.6355188,40.649173],[41.6355514,40.6491566],[41.6355877,40.6491456],[41.6356261,40.6491402],[41.6356718,40.6491399],[41.6357167,40.6491459],[41.6357594,40.6491581],[41.6357984,40.6491761],[41.6358816,40.6492202],[41.6359594,40.6492697],[41.6360259,40.6493033],[41.6360603,40.6493189],[41.6360965,40.6493317],[41.6361551,40.649346],[41.636216,40.6493533],[41.6362775,40.6493534],[41.6363624,40.6493472],[41.6364049,40.6493432],[41.6364459,40.6493338],[41.6364883,40.6493171],[41.6365082,40.6493071],[41.6365257,40.6492946],[41.6365445,40.6492745],[41.6365569,40.6492518],[41.6365622,40.6492275],[41.6365634,40.6491789],[41.6365601,40.6491546],[41.6365521,40.649131],[41.636532,40.6490982],[41.636503,40.6490695],[41.6364663,40.6490463],[41.6362695,40.6489247],[41.6360429,40.6487892],[41.635928,40.6487159],[41.6358152,40.6486409],[41.6357106,40.6485752],[41.6356036,40.6485119],[41.6355096,40.648457],[41.6354213,40.6483969],[41.6353534,40.6483441],[41.63529,40.6482882],[41.6352312,40.6482295],[41.6351617,40.6481684],[41.6351227,40.6481409],[41.6350873,40.6481107],[41.6350472,40.6480677],[41.6350145,40.6480211],[41.6349898,40.6479718],[41.6349751,40.6479206],[41.6349706,40.6478683],[41.6349737,40.6478265],[41.6349827,40.6477851],[41.634882,40.6476816],[41.6347725,40.6475834],[41.6346639,40.6474978],[41.6346075,40.6474566],[41.6345485,40.6474175],[41.6344467,40.6473584],[41.634339,40.6473058],[41.634226,40.6472598],[41.6341836,40.6472299],[41.6341489,40.6471947],[41.6341259,40.6471607],[41.6341101,40.6471245],[41.6341019,40.6470868],[41.6341032,40.647034],[41.6340975,40.6469814],[41.634085,40.6469295],[41.6340657,40.6468787],[41.6340396,40.6468292],[41.6340071,40.6467819],[41.6339685,40.6467373],[41.633889,40.6466445],[41.6338163,40.6465485],[41.6337355,40.6464246],[41.6337187,40.6463801],[41.6336954,40.6463373],[41.6336661,40.6462967],[41.6336184,40.6462473],[41.6335617,40.6462037],[41.6335281,40.6461866],[41.6334971,40.646167],[41.63346,40.646137],[41.6334287,40.6461033],[41.6334039,40.6460667],[41.6333895,40.646033],[41.6333819,40.645998],[41.6333814,40.6459625],[41.6333878,40.6459273],[41.6334062,40.64581],[41.63342,40.6456923],[41.6334251,40.6455689],[41.6334207,40.6454455],[41.6334308,40.6453711],[41.6334295,40.6452963],[41.6334166,40.6452221],[41.6333969,40.6451605],[41.6333692,40.6451007],[41.6333339,40.6450432],[41.6332912,40.6449886],[41.6330679,40.6447067],[41.6329139,40.6445561],[41.6327696,40.6443999],[41.6326458,40.6442521],[41.6325308,40.6441003],[41.6324784,40.6440423],[41.6324316,40.6439817],[41.6323907,40.6439186],[41.6323515,40.643844],[41.6323206,40.6437672],[41.6322982,40.6436886],[41.6322714,40.6435597],[41.632267,40.6434945],[41.6322566,40.6434297],[41.6322383,40.6433597],[41.632213,40.643291],[41.6321768,40.6432282],[41.6321577,40.6431812],[41.6321446,40.643133],[41.6321206,40.6430628],[41.6321007,40.6429918],[41.6320833,40.6429127],[41.6320708,40.6428331],[41.632069,40.6427681],[41.6320745,40.6427033],[41.6320873,40.642639],[41.6321005,40.642528],[41.6321035,40.6424724],[41.6321027,40.6424166],[41.632093,40.6423233],[41.6320832,40.6422939],[41.6320661,40.6422665],[41.6320448,40.6422442],[41.6320186,40.6422251],[41.6319884,40.6422098],[41.6318254,40.6421503],[41.6316605,40.6420938],[41.6314911,40.6420396],[41.6314499,40.6420187],[41.6314154,40.6419915],[41.6313909,40.641962],[41.6313746,40.6419293],[41.6313671,40.6418949],[41.6313525,40.6418529],[41.6313452,40.6418098],[41.6313453,40.6417664],[41.6313526,40.6417241],[41.631367,40.6416828],[41.6313881,40.6416433],[41.6314157,40.6416061],[41.6315032,40.6415319],[41.6315857,40.6414545],[41.6316602,40.6413773],[41.6317299,40.6412975],[41.6317886,40.6412224],[41.6318566,40.641152],[41.6319103,40.641105],[41.6319682,40.6410609],[41.6320299,40.6410199],[41.6321248,40.6409527],[41.6321735,40.6409199],[41.632216,40.6408826],[41.632248,40.640846],[41.6322632,40.6408272],[41.632274,40.6408068],[41.6322812,40.6407777],[41.6322797,40.6407482],[41.6322691,40.6407223],[41.6322504,40.6406992],[41.6322247,40.6406803],[41.6321909,40.640662],[41.6321537,40.6406481],[41.632114,40.6406388],[41.6320729,40.6406345],[41.6319928,40.640623],[41.631914,40.6406073],[41.6318368,40.6405877],[41.6316896,40.6405526],[41.6316685,40.6405345],[41.6316531,40.6405134],[41.6316429,40.6404853],[41.6316427,40.6404561],[41.6316524,40.6404279],[41.6316693,40.6403705],[41.6316826,40.6403124],[41.6316935,40.6402375],[41.6317001,40.6401999],[41.6316977,40.6401621],[41.6316869,40.6401264],[41.6316682,40.6400927],[41.6316422,40.640062],[41.6316095,40.6400351],[41.6315728,40.6399959],[41.631544,40.639953],[41.6315237,40.6399074],[41.6314839,40.6398874],[41.6314496,40.6398622],[41.6314221,40.6398326],[41.631405,40.6398055],[41.6313936,40.6397767],[41.6313882,40.6397469],[41.6313887,40.6397184],[41.6313945,40.6396903],[41.6314057,40.6396632],[41.6314398,40.639593],[41.6314808,40.639525],[41.6314773,40.6394782],[41.6314694,40.6394317],[41.6314549,40.6393798],[41.6314347,40.6393291],[41.631409,40.6392798],[41.6313776,40.6392379],[41.6313553,40.6391927],[41.6313426,40.6391454],[41.6313398,40.6391033],[41.6313398,40.6390821],[41.6313446,40.6390612],[41.6313567,40.6390373],[41.6313751,40.6390158],[41.6313989,40.6389976],[41.6314593,40.6389463],[41.6315139,40.6388915],[41.6315268,40.6388672],[41.6315357,40.6388419],[41.6315419,40.6387956],[41.6315369,40.6387726],[41.6315354,40.6387493],[41.6315407,40.6387118],[41.6315552,40.6386758],[41.631579,40.638643],[41.6316112,40.6386147],[41.6315458,40.6385183],[41.631634,40.6384562],[41.6316371,40.6384401],[41.6316367,40.6384239],[41.631628,40.638397],[41.6316098,40.638373],[41.6316605,40.6383135],[41.6316674,40.6382953],[41.6316672,40.6382763],[41.6316612,40.6382607],[41.6316504,40.6382466],[41.6316226,40.6382224],[41.6316172,40.6380947],[41.6316058,40.6380537],[41.6316015,40.6380119],[41.6316045,40.63797],[41.6316141,40.6379305],[41.6316301,40.6378922],[41.6316524,40.6378558],[41.6316905,40.6377827],[41.6317211,40.6377077],[41.6317437,40.6376226],[41.631754,40.6375362],[41.6317697,40.6374752],[41.6317795,40.6374134],[41.6317832,40.6373513],[41.6317792,40.6372729],[41.6317657,40.6371951],[41.6317527,40.6371595],[41.6317486,40.6371228],[41.6317516,40.6370948],[41.6317597,40.6370674],[41.6317728,40.6370411],[41.6318028,40.6369915],[41.6318278,40.6369404],[41.631852,40.6368734],[41.6318577,40.6368389],[41.6318677,40.636805],[41.6318844,40.6367667],[41.6319065,40.63673],[41.6319337,40.6366954],[41.6319738,40.6366538],[41.6320195,40.6366156],[41.6320702,40.6365814],[41.6321657,40.6365206],[41.6322643,40.6364626],[41.632337,40.6364242],[41.6323722,40.6364036],[41.6324118,40.6363883],[41.6324511,40.6363793],[41.6324918,40.6363754],[41.6325327,40.6363769],[41.6325727,40.6363837],[41.6326605,40.6363984],[41.6327464,40.6364183],[41.6328239,40.6364411],[41.632899,40.636468],[41.6329714,40.6364989],[41.633033,40.636529],[41.6330976,40.6365551],[41.6331648,40.6365771],[41.6332541,40.6365989],[41.6333459,40.6366134],[41.6334211,40.6366327],[41.633493,40.6366582],[41.6335608,40.6366895],[41.633682,40.6367379],[41.6337443,40.6367595],[41.6338079,40.6367788],[41.6339174,40.6368058],[41.6340295,40.6368259],[41.6341516,40.6368441],[41.6342746,40.6368587],[41.6344097,40.6368708],[41.6345442,40.6368862],[41.634672,40.6369039],[41.634799,40.6369246],[41.6349468,40.6369422],[41.6349831,40.6369429],[41.6350184,40.6369368],[41.6350503,40.6369246],[41.6350773,40.6369069],[41.6351025,40.6368847],[41.635123,40.6368598],[41.6351349,40.6368341],[41.6351393,40.6368069],[41.6351566,40.6367306],[41.6351812,40.6366554],[41.6351903,40.6366072],[41.6352075,40.6365603],[41.6352325,40.6365155],[41.6352591,40.6364801],[41.6352905,40.636447],[41.6353288,40.6364206],[41.6353733,40.6364005],[41.6354172,40.6363873],[41.6354565,40.6363674],[41.6354827,40.6363477],[41.6355042,40.6363251],[41.6355205,40.6363],[41.6355321,40.6362708],[41.6355371,40.6362406],[41.6355352,40.6362102],[41.6355261,40.6361911],[41.6355108,40.6361745],[41.6354896,40.6361612],[41.6354645,40.6361527],[41.6354047,40.6361571],[41.6353447,40.6361563],[41.6352851,40.6361504],[41.6352346,40.6361412],[41.6352095,40.636136],[41.6351856,40.6361282],[41.6351572,40.6361148],[41.6351323,40.6360977],[41.6351118,40.6360776],[41.6350867,40.6360457],[41.6350679,40.6360115],[41.6350345,40.635969],[41.6349924,40.6359313],[41.6349497,40.6359017],[41.6349026,40.6358761],[41.6348556,40.6358596],[41.6348055,40.6358497],[41.6347539,40.6358466],[41.6347024,40.6358504],[41.6345572,40.6358587],[41.6344846,40.6358629],[41.6344117,40.6358634],[41.6343233,40.635859],[41.6342357,40.6358491],[41.6342058,40.6358444],[41.634178,40.6358349],[41.6341536,40.6358209],[41.6341306,40.6357994],[41.6341158,40.635774],[41.6341103,40.6357466],[41.6341021,40.635708],[41.6340885,40.6356703],[41.634075,40.6356431],[41.6340587,40.6356168],[41.6340515,40.6355908],[41.6340521,40.6355643],[41.6340604,40.6355385],[41.6340796,40.6355007],[41.6341065,40.6354656],[41.6341402,40.6354342],[41.634201,40.6353735],[41.6342585,40.635311],[41.6342732,40.6352966],[41.6342813,40.6352795],[41.6342815,40.6352575],[41.634271,40.6352371],[41.6342515,40.6352209],[41.6342178,40.6351986],[41.6341806,40.6351797],[41.6341598,40.6351733],[41.6341405,40.6351647],[41.6341161,40.6351489],[41.6340965,40.6351296],[41.6340825,40.6351077],[41.6340757,40.6350821],[41.6340777,40.635056],[41.6340885,40.6350311],[41.6341646,40.6349179],[41.6341674,40.6349093],[41.6341675,40.6349004],[41.6341619,40.6348868],[41.6341501,40.6348758],[41.6340366,40.63483],[41.633999,40.6348132],[41.6339581,40.6348018],[41.6339218,40.6347966],[41.633885,40.6347956],[41.6338483,40.6347988],[41.6338064,40.6348073],[41.6337667,40.6348206],[41.6337301,40.6348383],[41.6336502,40.634875],[41.6335771,40.6349191],[41.6335191,40.6349635],[41.6334921,40.6349872],[41.6334679,40.6350126],[41.6334401,40.6350487],[41.6334178,40.635087],[41.6334014,40.6351269],[41.6333828,40.6351784],[41.6333551,40.6352276],[41.6333263,40.6352652],[41.6332921,40.6353001],[41.633253,40.635332],[41.6332101,40.6353671],[41.6331632,40.635399],[41.6331084,40.6354298],[41.63308,40.6354442],[41.6330498,40.6354563],[41.6330011,40.6354702],[41.6329501,40.6354783],[41.6328694,40.6354836],[41.6328291,40.6354791],[41.6327885,40.6354798],[41.6327494,40.6354857],[41.6327121,40.6354965],[41.6326777,40.6355119],[41.6325508,40.6355658],[41.6324798,40.6355933],[41.6324127,40.6356259],[41.6323524,40.6356618],[41.6322968,40.6357018],[41.6322515,40.6357408],[41.6322106,40.6357826],[41.6321652,40.635822],[41.6321158,40.6358584],[41.6320557,40.635899],[41.6319932,40.6359374],[41.6319418,40.6359742],[41.6318938,40.6360136],[41.6318431,40.6360615],[41.6317895,40.6361075],[41.631744,40.6361463],[41.631693,40.6361809],[41.6316444,40.6362073],[41.6315926,40.6362299],[41.6315381,40.6362485],[41.6315022,40.6362566],[41.6314653,40.6362618],[41.6314363,40.63626],[41.6314087,40.6362532],[41.6313829,40.6362384],[41.6313653,40.6362178],[41.631358,40.6361939],[41.6313409,40.6361281],[41.6313275,40.6360618],[41.6313077,40.6359969],[41.6312815,40.6359332],[41.6312491,40.6358713],[41.6312121,40.6357824],[41.631185,40.6356914],[41.631159,40.6356217],[41.6311407,40.6355881],[41.6311287,40.635553],[41.6311232,40.6355094],[41.6311276,40.6354657],[41.6311418,40.6354232],[41.6311834,40.6352795],[41.6312125,40.6351951],[41.6312308,40.6351538],[41.6312451,40.6351115],[41.6312559,40.6350645],[41.6312606,40.6350408],[41.6312618,40.6350169],[41.6312571,40.6349811],[41.6312445,40.6349465],[41.6312246,40.6349138],[41.6312038,40.6348611],[41.6311954,40.6348065],[41.6311854,40.6346981],[41.6310855,40.6345363],[41.6310961,40.6345184],[41.6311026,40.6344994],[41.6311042,40.6344735],[41.6310979,40.634448],[41.6310888,40.6344082],[41.6310764,40.6343689],[41.6310526,40.6343133],[41.6310359,40.634287],[41.6310221,40.6342597],[41.6310056,40.6342115],[41.6309983,40.6341619],[41.6310003,40.6341121],[41.6310091,40.6340616],[41.6310245,40.634012],[41.6310466,40.6339638],[41.6310729,40.6339214],[41.6311049,40.6338813],[41.6311421,40.633844],[41.6311831,40.6338106],[41.6312283,40.6337805],[41.6312772,40.6337541],[41.6313177,40.633733],[41.631353,40.6337071],[41.6313833,40.6336757],[41.631406,40.6336409],[41.6314256,40.6335981],[41.6314375,40.6335536],[41.6314704,40.6335411],[41.6314997,40.6335242],[41.6315243,40.6335035],[41.6315462,40.6334753],[41.6315595,40.6334442],[41.6315636,40.6334117],[41.6315711,40.6333803],[41.631582,40.6333496],[41.6316045,40.6332971],[41.6316313,40.6332458],[41.6316803,40.6331709],[41.6317389,40.6331002],[41.6318075,40.6330278],[41.6318472,40.6329948],[41.6318821,40.6329588],[41.6319183,40.6329102],[41.6319458,40.6328585],[41.6319724,40.6328205],[41.631991,40.6327799],[41.632002,40.6327306],[41.6320011,40.6326807],[41.6319982,40.6326256],[41.6320034,40.6325707],[41.6320163,40.6325178],[41.6320368,40.6324663],[41.6320645,40.6324168],[41.6321191,40.6323368],[41.6321835,40.6322611],[41.6322655,40.6321737],[41.6323431,40.632084],[41.6323877,40.6320354],[41.6324232,40.6319827],[41.6324462,40.6319343],[41.6324614,40.6318843],[41.6324804,40.6318445],[41.632505,40.6318065],[41.6325349,40.6317708],[41.6325704,40.631717],[41.6325972,40.6316603],[41.6326352,40.6315779],[41.632669,40.6314944],[41.6326959,40.6314174],[41.6327193,40.6313397],[41.6327312,40.631271],[41.6327352,40.6312018],[41.6327313,40.6311326],[41.632731,40.6310519],[41.6327253,40.6309713],[41.6327072,40.6308545],[41.6326777,40.630739],[41.6326707,40.6307073],[41.6326572,40.6306769],[41.6326312,40.6306412],[41.6325962,40.6306102],[41.632437,40.6305059],[41.6322961,40.6304107],[41.632177,40.6303238],[41.6321184,40.6302796],[41.6320621,40.6302337],[41.6319872,40.6301665],[41.6319171,40.6300964],[41.6318522,40.6300235],[41.6318088,40.6299644],[41.6317711,40.629903],[41.6317396,40.6298398],[41.6317187,40.6297718],[41.6317099,40.6297024],[41.6317134,40.6296326],[41.6317075,40.6295619],[41.6317109,40.6294911],[41.6317235,40.6294209],[41.6317457,40.629351],[41.6317771,40.629283],[41.6318174,40.6292179],[41.6318785,40.6291244],[41.631928,40.629027],[41.6319589,40.6289473],[41.6319819,40.6288661],[41.6319971,40.6287838],[41.6320018,40.6284438],[41.6318851,40.6283553],[41.6316913,40.6282158],[41.6316494,40.6281883],[41.6316142,40.6281558],[41.6315917,40.6281268],[41.6315746,40.6280957],[41.6315632,40.6280632],[41.6314995,40.6278855],[41.631452,40.6277379],[41.631409,40.6275894],[41.6313948,40.6275486],[41.6313899,40.6275067],[41.6313932,40.6274712],[41.6314032,40.6274366],[41.6314197,40.6274033],[41.631411,40.6273471],[41.631407,40.6272906],[41.6314036,40.6272588],[41.631408,40.627227],[41.6314182,40.6272001],[41.6314341,40.6271748],[41.6314412,40.6271517],[41.6314421,40.627128],[41.6314368,40.6271046],[41.6314224,40.6270526],[41.6314103,40.6270276],[41.6314043,40.6270013],[41.6314045,40.6269738],[41.6314113,40.6269468],[41.6314244,40.6269211],[41.6314499,40.6268866],[41.6314824,40.6268557],[41.6315299,40.6268205],[41.6315576,40.6268066],[41.6315833,40.6267906],[41.6316146,40.6267659],[41.6316412,40.6267381],[41.6316625,40.6267079],[41.6316467,40.6266682],[41.631654,40.626641],[41.6316551,40.6266132],[41.6316476,40.6265785],[41.6316306,40.6265458],[41.6315982,40.6264896],[41.6315723,40.6264315],[41.6315539,40.626375],[41.6315418,40.6263175],[41.6315357,40.6262598],[41.6315357,40.6262018],[41.6315418,40.626144],[41.6315181,40.6260704],[41.6314878,40.6259982],[41.6314565,40.6259374],[41.6314362,40.625874],[41.63143,40.62584],[41.6314271,40.6258057],[41.6314073,40.6257386],[41.6313748,40.6256699],[41.631352,40.6255989],[41.6313431,40.625555],[41.6313379,40.6255108],[41.6313155,40.6254236],[41.6312873,40.6253439],[41.6312709,40.6252623],[41.6312662,40.6251931],[41.6312689,40.6251238],[41.6312778,40.62506],[41.631293,40.6249969],[41.6313588,40.624927],[41.6314298,40.6248602],[41.631489,40.62481],[41.6315512,40.624762],[41.6316668,40.6246663],[41.6316982,40.62464],[41.6317234,40.6246101],[41.6317419,40.6245775],[41.6317487,40.6245597],[41.6317484,40.6245412],[41.6317409,40.6245235],[41.6317281,40.6245093],[41.6317109,40.6244981],[41.6316903,40.6244907],[41.6316747,40.6244881],[41.6316588,40.6244878],[41.6316287,40.62448],[41.6316015,40.6244676],[41.631577,40.62445],[41.6315582,40.6244288],[41.6315213,40.6243864],[41.6315059,40.6243648],[41.6314966,40.6243413],[41.6314938,40.6243169],[41.6314982,40.6242908],[41.6315099,40.624266],[41.6315366,40.6242314],[41.6315705,40.6242006],[41.6316105,40.6241744],[41.631659,40.6241523],[41.6317118,40.624137],[41.6318087,40.6240932],[41.6318413,40.6240765],[41.6318668,40.6240536],[41.6318831,40.6240263],[41.631888,40.6240081],[41.6318888,40.6239895],[41.6318888,40.6239525],[41.6318857,40.6239286],[41.631877,40.6239056],[41.631863,40.623884],[41.6318373,40.6238593],[41.6318046,40.6238398],[41.6317772,40.623817],[41.6317568,40.6237903],[41.6317443,40.6237609],[41.6317404,40.6237361],[41.6317309,40.6237122],[41.6317161,40.6236899],[41.6316881,40.6236632],[41.6316574,40.6236382],[41.6315983,40.6235994],[41.6315357,40.6235637],[41.6314993,40.6235451],[41.6314596,40.6235309],[41.6314174,40.6235217],[41.6313713,40.6235174],[41.6313248,40.6235189],[41.631294,40.6235238],[41.6312384,40.6235054],[41.6311847,40.6234838],[41.631131,40.6234579],[41.6311041,40.6234448],[41.6310801,40.6234289],[41.6310563,40.6234072],[41.6310377,40.6233827],[41.6310249,40.6233561],[41.631008,40.6233088],[41.6309804,40.6232645],[41.6309458,40.6232273],[41.6309036,40.6231949],[41.6308452,40.6231715],[41.6307913,40.6231425],[41.6307428,40.6231084],[41.630696,40.6230648],[41.630658,40.6230165],[41.6306236,40.6229644],[41.6305946,40.6229104],[41.6305668,40.6228488],[41.6306017,40.6227806],[41.6306305,40.6227284],[41.6306496,40.6226738],[41.6306587,40.6226189],[41.630658,40.6225636],[41.6306482,40.6224935],[41.6306408,40.6224586],[41.6306285,40.6224246],[41.6306037,40.6223799],[41.6305704,40.6223384],[41.6305292,40.6223012],[41.6304894,40.6222591],[41.6304541,40.6222147],[41.6304329,40.6221733],[41.6304055,40.622134],[41.6303619,40.6220875],[41.6303096,40.6220465],[41.6302589,40.6220154],[41.6302038,40.6219889],[41.6301737,40.6219792],[41.630145,40.6219673],[41.6301067,40.6219463],[41.6300729,40.6219211],[41.6300443,40.6218925],[41.6300216,40.6218609],[41.6299869,40.6218031],[41.6299707,40.6217737],[41.6299593,40.6217431],[41.6299519,40.6217054],[41.6299516,40.6216674],[41.6299583,40.6216296],[41.629972,40.621593],[41.6300347,40.6214365],[41.6301105,40.6212802],[41.6301221,40.6212518],[41.6301293,40.6212224],[41.6301315,40.621183],[41.6301256,40.6211438],[41.6301058,40.6209972],[41.6300957,40.620973],[41.6300786,40.6209512],[41.6300557,40.6209331],[41.630028,40.6209194],[41.629982,40.620891],[41.6299415,40.6208583],[41.6299397,40.6208364],[41.6299328,40.620815],[41.6299189,40.6207921],[41.6298993,40.6207718],[41.6298792,40.6207399],[41.6298687,40.6207056],[41.6298569,40.620641],[41.629855,40.6205758],[41.6298547,40.6203959],[41.6298637,40.6202129],[41.6298869,40.6200493],[41.6298986,40.6199622],[41.6299014,40.6199485],[41.6298999,40.6199347],[41.6298907,40.6199163],[41.6298741,40.6199011],[41.6297876,40.6198655],[41.6297035,40.6198268],[41.6296009,40.6197739],[41.6295026,40.6197164],[41.629404,40.6196197],[41.6292984,40.6195273],[41.6291981,40.6194484],[41.6290926,40.6193733],[41.6291161,40.6192843],[41.6291043,40.6192713],[41.6290872,40.6192624],[41.6290628,40.6192585],[41.6290386,40.6192629],[41.6290194,40.6192664],[41.6289997,40.6192672],[41.6289764,40.6192647],[41.6289542,40.6192585],[41.6289343,40.6192489],[41.6288746,40.6192088],[41.6288177,40.6191664],[41.6287619,40.6191207],[41.6287094,40.6190728],[41.6286455,40.6190091],[41.628586,40.618943],[41.6285459,40.6189217],[41.6285113,40.6188954],[41.628483,40.6188651],[41.6284603,40.6188277],[41.6284472,40.6187877],[41.6284445,40.6187465],[41.6284338,40.6187106],[41.6284157,40.6186765],[41.6283952,40.6186379],[41.6283697,40.6186009],[41.6283375,40.6185639],[41.6283002,40.6185297],[41.6282584,40.6184986],[41.6282266,40.6184628],[41.6282048,40.6184228],[41.6281946,40.6183869],[41.6281923,40.6183501],[41.6281981,40.6183136],[41.6282067,40.6182454],[41.6282185,40.6181775],[41.6282382,40.6180916],[41.6282631,40.6180064],[41.6282591,40.6179488],[41.6282619,40.6178911],[41.6282715,40.6178339],[41.6282898,40.6177716],[41.6282997,40.6177405],[41.6283161,40.617711],[41.6283361,40.6176864],[41.6283606,40.6176644],[41.6283892,40.6176453],[41.6284112,40.6176214],[41.6284251,40.6175941],[41.6284301,40.6175651],[41.6284376,40.6174784],[41.6284333,40.6174351],[41.6284341,40.6173916],[41.6284413,40.6173418],[41.6284552,40.6172929],[41.6284757,40.6172452],[41.6285679,40.6171511],[41.6286557,40.6170668],[41.6285742,40.6170052],[41.6285657,40.6169834],[41.6285639,40.6169607],[41.6285706,40.6169336],[41.6285868,40.6169089],[41.6286111,40.6168884],[41.6286618,40.61685],[41.6287157,40.6168144],[41.6287508,40.6167859],[41.6287825,40.6167553],[41.6287697,40.6167284],[41.6287621,40.6167004],[41.6287597,40.6166719],[41.6287637,40.6166376],[41.6287752,40.6166044],[41.6287939,40.6165731],[41.6288282,40.6165287],[41.6288696,40.6164878],[41.6288743,40.6164608],[41.6288844,40.6164347],[41.6289009,40.6164082],[41.6289229,40.6163843],[41.6288861,40.6163423],[41.6288948,40.6163157],[41.6288928,40.6162883],[41.6288827,40.6162662],[41.6288655,40.6162468],[41.6288425,40.6162313],[41.6288079,40.6162142],[41.6287702,40.6162017],[41.6287301,40.6161941],[41.6286727,40.6161889],[41.6286168,40.6161774],[41.6285739,40.6161637],[41.6285334,40.6161463],[41.6284958,40.6161254],[41.6284752,40.6161145],[41.6284566,40.6161018],[41.6284298,40.6160762],[41.6284106,40.616047],[41.6283628,40.6159777],[41.6283214,40.6159061],[41.6282872,40.6158333],[41.6282598,40.6157589],[41.628242,40.6156903],[41.6282313,40.6156207],[41.6282192,40.6155472],[41.6282145,40.6154731],[41.6282188,40.6153822],[41.6282243,40.6153368],[41.6282343,40.6152919],[41.628254,40.615234],[41.6282812,40.6151779],[41.6283117,40.6151268],[41.6283788,40.615028],[41.6284329,40.6149591],[41.6284944,40.6148939],[41.6285446,40.6148481],[41.6285984,40.6148048],[41.6286986,40.6147249],[41.6286941,40.6146822],[41.6286982,40.6146394],[41.6287107,40.6145976],[41.6287361,40.6145507],[41.6287721,40.614508],[41.6288221,40.614446],[41.6288767,40.6143861],[41.6289493,40.6143163],[41.6290282,40.6142505],[41.6290981,40.6141813],[41.6291603,40.6141079],[41.6292094,40.6140422],[41.6292282,40.6140071],[41.6292538,40.6139746],[41.6292918,40.6139406],[41.629337,40.6139122],[41.6293459,40.6139061],[41.6293524,40.6138985],[41.6293567,40.6138855],[41.6293541,40.6138723],[41.629345,40.6138608],[41.6293059,40.6138272],[41.6292632,40.6137962],[41.6292149,40.6137663],[41.6291633,40.6137397],[41.6290979,40.6137152],[41.6290285,40.6136984],[41.6289565,40.6136898],[41.6288667,40.6136763],[41.6288218,40.6136694],[41.6287778,40.61366],[41.6287178,40.613643],[41.6286604,40.6136215],[41.628634,40.6136077],[41.6286061,40.6135959],[41.6285567,40.6135806],[41.6285049,40.6135713],[41.6284517,40.6135681],[41.6283986,40.6135712],[41.6283358,40.6135674],[41.6282748,40.6135558],[41.6282172,40.6135366],[41.628135,40.6135051],[41.6280556,40.6134699],[41.627957,40.6134209],[41.6278621,40.6133678],[41.6277672,40.6133134],[41.6277645,40.6132757],[41.6277677,40.613238],[41.627777,40.6132009],[41.6277999,40.6131503],[41.627819,40.6131277],[41.627834,40.6131034],[41.6278445,40.6130783],[41.6278507,40.6130525],[41.627855,40.61302],[41.6278554,40.6129873],[41.6278655,40.6129541],[41.6278849,40.6129234],[41.6279115,40.6128759],[41.6279345,40.6128272],[41.6279536,40.6127793],[41.6279694,40.6127308],[41.6279901,40.6126841],[41.6280157,40.6126389],[41.6279962,40.6126305],[41.6279785,40.6126201],[41.6279538,40.6125989],[41.6279362,40.612574],[41.6279168,40.6125368],[41.627904,40.612498],[41.62787,40.6123985],[41.6278412,40.6123361],[41.6278013,40.6122773],[41.6277641,40.612236],[41.6277213,40.6121978],[41.6277216,40.6121739],[41.6277173,40.6121502],[41.6277038,40.6121188],[41.6276821,40.6120901],[41.6276029,40.6119901],[41.6276207,40.6118939],[41.6275998,40.611857],[41.6275724,40.6118226],[41.6275385,40.611791],[41.627499,40.6117634],[41.6274548,40.6117402],[41.627413,40.611712],[41.6273763,40.61168],[41.6273451,40.6116447],[41.6273011,40.6116025],[41.6272525,40.6115633],[41.6272247,40.6115465],[41.6271996,40.6115274],[41.6271667,40.6114941],[41.6271419,40.6114569],[41.6271318,40.6114371],[41.6271275,40.6114162],[41.6271306,40.6113895],[41.627143,40.6113645],[41.6272435,40.6112739],[41.627385,40.6111624],[41.6274917,40.6110838],[41.6276013,40.6110074],[41.6276433,40.6109891],[41.6276881,40.6109751],[41.6277498,40.6109637],[41.6278132,40.6109606],[41.6278938,40.6109597],[41.6279744,40.6109624],[41.628004,40.6109619],[41.6280321,40.610955],[41.6280581,40.6109408],[41.628077,40.6109211],[41.6280868,40.610898],[41.6280922,40.6108613],[41.6280861,40.6108247],[41.628084,40.6107778],[41.6280884,40.610731],[41.6280978,40.6106789],[41.6281119,40.6106274],[41.6281313,40.6105883],[41.6281576,40.6105516],[41.6281904,40.610518],[41.6282237,40.6104768],[41.6282519,40.6104335],[41.6282748,40.6103884],[41.6282946,40.6103489],[41.6283111,40.6103085],[41.6283245,40.6102665],[41.628245,40.6102438],[41.6282455,40.6102146],[41.6282363,40.6101863],[41.628223,40.6101664],[41.6282049,40.6101489],[41.6281826,40.6101344],[41.628136,40.6101327],[41.62809,40.6101269],[41.6280452,40.6101171],[41.6279826,40.6100955],[41.6279258,40.6100662],[41.6278455,40.610022],[41.6278048,40.6100005],[41.6277672,40.6099758],[41.6277299,40.6099452],[41.6276976,40.6099114],[41.6276707,40.609875],[41.6276341,40.6098335],[41.6275929,40.6097946],[41.6275551,40.6097953],[41.6275175,40.6097923],[41.6274734,40.6097839],[41.6274316,40.6097704],[41.627369,40.6097451],[41.6273103,40.6097149],[41.6272549,40.6096793],[41.6272049,40.6096392],[41.6271611,40.6095953],[41.6270927,40.6095317],[41.6270512,40.6095314],[41.6270105,40.6095251],[41.6269711,40.6095123],[41.6269358,40.6094937],[41.6269062,40.6094701],[41.6267661,40.6094808],[41.6267343,40.6094401],[41.6266967,40.6094024],[41.6266446,40.6093617],[41.6265857,40.6093268],[41.6265855,40.6092983],[41.6265793,40.6092702],[41.6265673,40.6092433],[41.6265413,40.6092087],[41.6265059,40.6091794],[41.6264514,40.609145],[41.6263906,40.6091173],[41.626307,40.6090829],[41.6262213,40.6090516],[41.6262376,40.6090136],[41.6262447,40.608974],[41.6262437,40.6089426],[41.6262368,40.6089117],[41.6262322,40.6088964],[41.6262243,40.6088819],[41.6262095,40.6088648],[41.6261902,40.6088506],[41.6261673,40.6088399],[41.6261066,40.6088142],[41.6260439,40.6087915],[41.6260263,40.6088157],[41.626004,40.6088376],[41.6259753,40.6088579],[41.6259424,40.6088744],[41.6259065,40.6088864],[41.6258035,40.6088343],[41.625778,40.6087523],[41.6257937,40.6087259],[41.6258029,40.6086978],[41.6258046,40.6086623],[41.6257958,40.6086273],[41.625777,40.6085947],[41.6257452,40.6085339],[41.6257744,40.6084841],[41.625796,40.6084321],[41.6258099,40.6083786],[41.6258157,40.6083485],[41.6258159,40.6083181],[41.6258073,40.6082767],[41.6257884,40.6082374],[41.6257581,40.6081955],[41.6257192,40.6081579],[41.6256728,40.6081256],[41.6256185,40.6080958],[41.625588,40.6080851],[41.6255601,40.6080709],[41.6255325,40.6080511],[41.6255099,40.608028],[41.6254931,40.6080022],[41.6254948,40.6079474],[41.6255065,40.6078932],[41.6255268,40.6078428],[41.6255558,40.6077947],[41.6255369,40.6077661],[41.6255265,40.6077351],[41.6255249,40.6077031],[41.6255325,40.6076711],[41.625549,40.607641],[41.6254568,40.607573],[41.6254287,40.6075443],[41.6253959,40.6075186],[41.6253589,40.6074964],[41.6253042,40.6074729],[41.625245,40.6074569],[41.6251829,40.6074491],[41.6251094,40.6074445],[41.6250357,40.607445],[41.6249992,40.6074492],[41.6249623,40.6074506],[41.6249198,40.6074488],[41.6248778,40.6074432],[41.6248547,40.6074377],[41.6248352,40.6074267],[41.6248211,40.6074102],[41.6248156,40.6073909],[41.6248195,40.6073714],[41.6248194,40.6073529],[41.6248158,40.6073345],[41.6247494,40.6072266],[41.6247914,40.6071813],[41.6248259,40.6071324],[41.6248443,40.6070986],[41.624859,40.6070637],[41.6248794,40.6070287],[41.6249046,40.6069955],[41.6248902,40.6069825],[41.6248708,40.6069739],[41.6248493,40.6069707],[41.6248276,40.6069731],[41.6248081,40.6069807],[41.6247191,40.6070109],[41.6245757,40.6069546],[41.6246187,40.6069151],[41.6246072,40.6068907],[41.6245912,40.606868],[41.6245598,40.6068383],[41.6245206,40.6068146],[41.6245304,40.6068037],[41.6245342,40.6067907],[41.6245323,40.6067797],[41.6245261,40.6067696],[41.6245063,40.6067435],[41.6245223,40.6067205],[41.624534,40.606696],[41.6245428,40.6066614],[41.6245432,40.6066262],[41.6245378,40.6065799],[41.6245337,40.6065568],[41.6245256,40.6065344],[41.6245046,40.6065004],[41.6244745,40.6064706],[41.6244405,40.6064448],[41.6244156,40.6064135],[41.6244015,40.6063793],[41.6243984,40.6063436],[41.6244006,40.6063045],[41.6243987,40.6062653],[41.6243931,40.6062273],[41.6243836,40.6061897],[41.6243709,40.6061513],[41.6243628,40.6061151],[41.6243583,40.6060785],[41.6244213,40.6060262],[41.624462,40.6059867],[41.6244824,40.6059669],[41.6244993,40.6059453],[41.6245177,40.6059099],[41.624527,40.6058725],[41.6245303,40.6058353],[41.624528,40.6057981],[41.6245308,40.6057524],[41.624537,40.6057299],[41.62454,40.6057071],[41.6245395,40.6056801],[41.6245345,40.6056533],[41.6245178,40.6056405],[41.6245042,40.6056257],[41.6244916,40.6056042],[41.6244856,40.6055811],[41.6245025,40.6055827],[41.6245186,40.6055785],[41.6245304,40.6055696],[41.6245362,40.6055578],[41.6245221,40.6055245],[41.624518,40.6054962],[41.6245206,40.6054679],[41.6245174,40.6054519],[41.624511,40.6054364],[41.624491,40.6054082],[41.6244743,40.6053981],[41.6244623,40.6053848],[41.6244561,40.6053706],[41.624455,40.6053558],[41.6244592,40.6053412],[41.6244691,40.6053111],[41.624482,40.6052817],[41.6245029,40.6052451],[41.6245173,40.6052283],[41.6245285,40.6052103],[41.6245383,40.6051841],[41.6245415,40.6051569],[41.6245588,40.6051413],[41.6245673,40.6051247],[41.6245689,40.6051069],[41.6245947,40.6051017],[41.6246166,40.6050901],[41.624629,40.6050778],[41.6246368,40.6050635],[41.6246405,40.6050507],[41.6246415,40.6050377],[41.6246582,40.6050341],[41.6246736,40.605028],[41.6246898,40.6050176],[41.6247021,40.6050045],[41.6247099,40.6049896],[41.6247162,40.6049659],[41.6247161,40.6049417],[41.6247093,40.604918],[41.6246934,40.6048765],[41.6246725,40.6048363],[41.6246899,40.6047999],[41.624702,40.6047623],[41.6247088,40.6047239],[41.6247093,40.6046702],[41.6246993,40.6046171],[41.6246919,40.6045907],[41.624679,40.6045656],[41.6246583,40.6045395],[41.6246318,40.6045167],[41.6246002,40.6044979],[41.624597,40.6044624],[41.6245831,40.6044284],[41.6245634,40.6044021],[41.6245372,40.6043793],[41.624483,40.6043391],[41.6244235,40.6043034],[41.6243348,40.6042605],[41.6242535,40.6042098],[41.6242033,40.6041713],[41.6241574,40.6041299],[41.6241391,40.6041066],[41.6241161,40.6040858],[41.6240823,40.6040646],[41.6240437,40.6040489],[41.6239615,40.6040471],[41.6238747,40.6040069],[41.6238776,40.6039797],[41.6238774,40.6039524],[41.6238701,40.6039089],[41.6238546,40.6038666],[41.6238306,40.6038102],[41.6238033,40.6037546],[41.6237854,40.603698],[41.6237768,40.6036401],[41.6237013,40.6035439],[41.6236903,40.6035124],[41.6236846,40.6034802],[41.6236849,40.6034404],[41.6236933,40.6034011],[41.6237137,40.6033114],[41.623693,40.6032015],[41.6237123,40.6031889],[41.6237272,40.6031732],[41.6237378,40.6031524],[41.6237405,40.6031301],[41.6237397,40.6031188],[41.6237352,40.6031081],[41.6237205,40.6030929],[41.623699,40.6030836],[41.6236677,40.6030661],[41.6236401,40.6030455],[41.6236165,40.603022],[41.6235934,40.6029872],[41.6235643,40.6029551],[41.6235297,40.6029263],[41.62348,40.6028959],[41.6234242,40.6028722],[41.6233641,40.6028561],[41.6233397,40.6028509],[41.6233191,40.6028398],[41.6233061,40.6028262],[41.6232989,40.6028102],[41.6232983,40.6027934],[41.6233302,40.6027537],[41.6233361,40.602738],[41.6233376,40.6027216],[41.6233336,40.6027024],[41.6233237,40.6026845],[41.6233084,40.602669],[41.623274,40.6026425],[41.623234,40.6026211],[41.6232028,40.6026057],[41.6231743,40.6025875],[41.6231435,40.6025618],[41.6231179,40.602533],[41.6230982,40.6025017],[41.6230778,40.6024766],[41.6230512,40.6024551],[41.623015,40.6024363],[41.6229741,40.6024243],[41.6228917,40.6024124],[41.6228122,40.6023923],[41.6227352,40.6023634],[41.6226641,40.6023269],[41.6226003,40.6022833],[41.6225849,40.6022462],[41.6225594,40.6022125],[41.6225308,40.6021878],[41.6224967,40.6021674],[41.6224583,40.6021521],[41.6224169,40.6021423],[41.6223544,40.602133],[41.6222909,40.6021301],[41.6222275,40.6021334],[41.6221757,40.6021407],[41.6221252,40.6021522],[41.6220766,40.6021677],[41.622041,40.6021622],[41.6220082,40.6021504],[41.6219788,40.6021321],[41.6219563,40.6021088],[41.6219421,40.6020819],[41.6219255,40.6020335],[41.6219247,40.6020084],[41.621919,40.6019837],[41.6219071,40.6019571],[41.6218896,40.6019324],[41.621867,40.6019101],[41.6217984,40.6018608],[41.6217222,40.6018185],[41.6216452,40.6017858],[41.6216051,40.6017718],[41.6215636,40.6017602],[41.621516,40.6017502],[41.6214674,40.6017434],[41.6214206,40.6017426],[41.6213742,40.6017473],[41.6213293,40.6017574],[41.6212739,40.6017763],[41.621223,40.6018013],[41.6211777,40.601832],[41.6211076,40.6018702],[41.6210319,40.6019017],[41.6209517,40.6019259],[41.6209104,40.6019355],[41.6208683,40.6019424],[41.6208012,40.6019481],[41.6207338,40.6019473],[41.6207223,40.6019238],[41.6207037,40.6019032],[41.620679,40.6018866],[41.6206535,40.6018761],[41.6206257,40.6018701],[41.6206112,40.6018709],[41.6205969,40.6018686],[41.6205807,40.6018616],[41.6205687,40.6018508],[41.6205623,40.6018376],[41.6205427,40.6018048],[41.6205185,40.6017739],[41.6204899,40.6017452],[41.6204415,40.6017062],[41.6203868,40.6016722],[41.6203863,40.6016342],[41.6203663,40.601622],[41.620348,40.6016173],[41.6203286,40.601617],[41.62031,40.6016212],[41.6202301,40.6016497],[41.6201693,40.6016681],[41.6201073,40.6016842],[41.6200809,40.6016427],[41.6199954,40.6016562],[41.6199619,40.601633],[41.6199322,40.6016071],[41.6198995,40.6015692],[41.6198748,40.601528],[41.6198461,40.6014891],[41.6198131,40.6014522],[41.6197489,40.6014449],[41.6196841,40.6014429],[41.6196521,40.6014478],[41.6196195,40.6014462],[41.6195946,40.6014402],[41.6195719,40.6014303],[41.6195505,40.601413],[41.6195375,40.6013914],[41.6195342,40.6013678],[41.6194841,40.6013203],[41.6194431,40.601289],[41.6193986,40.6012606],[41.6193571,40.601228],[41.6193422,40.6012081],[41.6193203,40.6011923],[41.6192881,40.6011808],[41.6192528,40.6011782],[41.6192184,40.601185],[41.6191809,40.6011922],[41.6191428,40.6011966],[41.6190967,40.6011981],[41.6190506,40.6011956],[41.6190053,40.601189],[41.6188861,40.6011999],[41.6187101,40.601217],[41.6186204,40.6012232],[41.6186182,40.6012098],[41.6186129,40.6011968],[41.6186019,40.6011819],[41.6185869,40.6011692],[41.6185031,40.6010941],[41.6184743,40.6010624],[41.6184427,40.6010321],[41.6184164,40.6010072],[41.6183849,40.6009861],[41.6183412,40.6009666],[41.6182932,40.6009545],[41.6182429,40.6009502],[41.6181408,40.6008841],[41.6182057,40.60083],[41.6182596,40.6007768],[41.6182392,40.6007593],[41.6182139,40.6007459],[41.6181773,40.6007359],[41.6181384,40.6007346],[41.6180677,40.6007366],[41.6179976,40.6007444],[41.6179252,40.6007583],[41.6178551,40.6007781],[41.6178369,40.6007815],[41.6178183,40.6007827],[41.6177941,40.6007806],[41.617771,40.6007747],[41.6177502,40.6007652],[41.6177768,40.6007278],[41.6177446,40.6007186],[41.617714,40.6007067],[41.6176765,40.6006873],[41.6176432,40.600664],[41.6176146,40.6006373],[41.6175546,40.6005864],[41.6174907,40.6005383],[41.6175125,40.600507],[41.6175309,40.6004744],[41.6175501,40.6004291],[41.6175628,40.6003825],[41.617579,40.6003417],[41.6175997,40.6003021],[41.6176101,40.6002593],[41.6176094,40.6002158],[41.6176012,40.6001736],[41.6175859,40.6001325],[41.6175955,40.6001037],[41.6175943,40.600074],[41.617587,40.6000538],[41.6175746,40.6000352],[41.6175577,40.6000187],[41.6174444,40.5999775],[41.6174306,40.5999564],[41.6174102,40.5999385],[41.6173881,40.5999266],[41.6173632,40.5999185],[41.6173365,40.5999149],[41.6172315,40.5999014],[41.6172336,40.5998535],[41.6172268,40.5998059],[41.6172154,40.5997693],[41.6171986,40.5997338],[41.6171891,40.5997164],[41.6171769,40.5997],[41.6171505,40.5996754],[41.6171179,40.5996555],[41.6170806,40.5996412],[41.617046,40.5996313],[41.6170102,40.5996241],[41.6170146,40.5995949],[41.6169519,40.5995419],[41.6169432,40.5995213],[41.6169436,40.5995048],[41.6169502,40.599489],[41.6169645,40.5994671],[41.6169837,40.5994475],[41.6169964,40.59944],[41.6170072,40.5994309],[41.6170189,40.5994154],[41.617025,40.5993981],[41.6170264,40.5993692],[41.6170173,40.5993411],[41.617009,40.5993161],[41.6169911,40.5992942],[41.6169675,40.5992785],[41.616939,40.5992683],[41.616908,40.5992647],[41.6168601,40.5992633],[41.6168124,40.599267],[41.6167658,40.5992756],[41.6167173,40.5992306],[41.6166629,40.5991896],[41.6166101,40.5991569],[41.6165834,40.5991407],[41.6165536,40.599128],[41.6165147,40.5991176],[41.6164739,40.599113],[41.6164327,40.5991144],[41.6163927,40.5991216],[41.6163469,40.5991346],[41.6162994,40.5991431],[41.6162508,40.5991468],[41.616198,40.5991456],[41.616146,40.5991389],[41.6160956,40.5991267],[41.6160682,40.5991175],[41.616039,40.5991124],[41.6160091,40.5991117],[41.6159666,40.5991185],[41.6159283,40.5991341],[41.6157928,40.5991865],[41.6157492,40.5991985],[41.6157037,40.5992057],[41.6156574,40.5992082],[41.6155992,40.5992044],[41.6155428,40.599193],[41.6155154,40.599185],[41.6154898,40.5991743],[41.6154515,40.5991506],[41.6154213,40.5991209],[41.6154009,40.5990868],[41.6153765,40.5990333],[41.6153601,40.5989781],[41.615352,40.5989218],[41.6153335,40.5988409],[41.6153214,40.5987594],[41.6153157,40.5986774],[41.6153181,40.5985715],[41.6153312,40.5984661],[41.6151251,40.5984179],[41.6149208,40.5983658],[41.6146821,40.5982993],[41.6145621,40.5982669],[41.614446,40.5982273],[41.61435,40.5981877],[41.6142577,40.5981432],[41.614215,40.5981173],[41.6141698,40.5980939],[41.6140988,40.5980644],[41.6140238,40.5980412],[41.6139458,40.5980247],[41.6138434,40.5979959],[41.613745,40.59796],[41.6136514,40.5979173],[41.6136709,40.5978967],[41.61368,40.5978724],[41.6136776,40.5978472],[41.6136642,40.5978241],[41.6136424,40.5978065],[41.6136144,40.5977953],[41.613583,40.5977915],[41.6135558,40.5977991],[41.6135269,40.5978015],[41.6134981,40.5977986],[41.6134711,40.5977905],[41.6134439,40.5977751],[41.6134235,40.5977546],[41.6134114,40.5977306],[41.6134087,40.5977049],[41.613404,40.597651],[41.6130386,40.5975863],[41.6129905,40.5975889],[41.6129427,40.5975843],[41.6129119,40.5975774],[41.6128827,40.5975675],[41.612864,40.5975562],[41.612849,40.5975421],[41.6128384,40.597526],[41.6128252,40.597495],[41.6128251,40.5974786],[41.6128203,40.5974626],[41.6128038,40.5974403],[41.6127784,40.5974236],[41.6127589,40.5974043],[41.612745,40.5973823],[41.6127371,40.5973587],[41.6127189,40.5973239],[41.6126935,40.5972917],[41.6126617,40.597263],[41.6126706,40.5972469],[41.6126738,40.5972296],[41.6126704,40.5972107],[41.61266,40.5971932],[41.6126487,40.5971607],[41.6126466,40.5971271],[41.6126447,40.5971006],[41.6126359,40.5970749],[41.61262,40.5970502],[41.6125979,40.5970285],[41.6125705,40.5970107],[41.6125525,40.5969912],[41.6125409,40.5969691],[41.6125363,40.5969455],[41.6125185,40.5968363],[41.6124857,40.5968161],[41.6124592,40.596791],[41.6124431,40.5967676],[41.6124328,40.5967424],[41.6123472,40.5963704]]]}},{"type":"Feature","properties":{"id":"marmara-set","name":"Marmara Gölü","source":"OpenStreetMap","source_url":"https://www.openstreetmap.org/copyright"},"geometry":{"type":"Polygon","coordinates":[[[27.9393439,38.6290934],[27.9393462,38.628931],[27.9393589,38.6287689],[27.9394011,38.6283171],[27.939453,38.6278658],[27.9395145,38.6274153],[27.9395792,38.6268621],[27.9396321,38.626308],[27.9396731,38.6257534],[27.9397023,38.6251983],[27.9397436,38.6246161],[27.9397959,38.6240345],[27.9398592,38.6234535],[27.9399335,38.6228733],[27.9400188,38.622294],[27.9403059,38.622181],[27.9405884,38.6220611],[27.9408661,38.6219346],[27.9411386,38.6218014],[27.9414058,38.6216617],[27.9416674,38.6215157],[27.9419231,38.6213635],[27.9421836,38.6211981],[27.9424371,38.6210263],[27.9426835,38.6208481],[27.9429224,38.6206639],[27.9431536,38.6204738],[27.9433769,38.620278],[27.9441976,38.6196661],[27.9442514,38.619624],[27.9443116,38.6195876],[27.9443771,38.6195575],[27.9444471,38.6195341],[27.9445255,38.6195169],[27.9446062,38.6195083],[27.9446876,38.6195083],[27.9447683,38.6195169],[27.9448467,38.6195341],[27.9458284,38.6197918],[27.9458933,38.6198058],[27.9459596,38.6198147],[27.9460267,38.6198184],[27.946094,38.619817],[27.9461767,38.619808],[27.9462573,38.6197912],[27.9463348,38.6197668],[27.9464078,38.6197352],[27.9466342,38.6196097],[27.946854,38.6194771],[27.9470668,38.6193377],[27.9472722,38.6191918],[27.9474699,38.6190395],[27.9476393,38.6188988],[27.9478021,38.6187534],[27.9479581,38.6186036],[27.9479154,38.6185302],[27.9478835,38.6184536],[27.9478628,38.6183746],[27.9478537,38.6182944],[27.9478562,38.6182138],[27.9478702,38.6181342],[27.9478956,38.6180564],[27.947932,38.6179812],[27.947979,38.6179098],[27.9480359,38.6178429],[27.9486421,38.6171031],[27.9487067,38.6170469],[27.9487789,38.6169967],[27.9488578,38.6169531],[27.9489425,38.6169166],[27.9490331,38.6168873],[27.9491274,38.6168663],[27.9492241,38.6168537],[27.949646,38.6168342],[27.9500672,38.6168069],[27.9504874,38.616772],[27.9508578,38.6167347],[27.9512271,38.6166913],[27.9513515,38.6166834],[27.9514745,38.616667],[27.9515952,38.616642],[27.951712,38.616609],[27.9518247,38.616568],[27.9519323,38.6165194],[27.952034,38.6164636],[27.9521289,38.616401],[27.9523328,38.6162608],[27.9525313,38.616116],[27.9526533,38.6161066],[27.9527734,38.6160876],[27.9528905,38.6160592],[27.9530033,38.6160217],[27.9530946,38.6159831],[27.9531813,38.6159386],[27.9532629,38.6158885],[27.9533386,38.6158331],[27.9534596,38.6157348],[27.9535721,38.6156304],[27.9536755,38.6155206],[27.9537695,38.6154056],[27.9538536,38.6152861],[27.9537262,38.6148984],[27.9537567,38.6149137],[27.9537901,38.6149246],[27.9538254,38.6149309],[27.9538734,38.6149316],[27.9539202,38.6149238],[27.9539636,38.6149078],[27.9539986,38.6149012],[27.9540347,38.6148994],[27.9540552,38.6149175],[27.9540807,38.614931],[27.9541098,38.6149392],[27.9541453,38.6149415],[27.9541803,38.6149357],[27.9542117,38.6149225],[27.954286,38.6149057],[27.9543573,38.6148822],[27.9544246,38.6148525],[27.954487,38.6148168],[27.9545437,38.6147757],[27.9545939,38.6147297],[27.9546398,38.6146755],[27.9546766,38.6146174],[27.9547038,38.6145561],[27.9547211,38.6144926],[27.954728,38.6144279],[27.9547163,38.6143465],[27.9546988,38.6142657],[27.9546757,38.6141858],[27.9546419,38.6140947],[27.9546007,38.6140056],[27.9545783,38.6139789],[27.954562,38.6139496],[27.9545523,38.6139186],[27.9545496,38.6138871],[27.9545537,38.6138557],[27.9546542,38.6136252],[27.9547001,38.6136586],[27.9547504,38.6136878],[27.9548047,38.6137124],[27.9548621,38.6137321],[27.9549303,38.6137481],[27.9550004,38.6137572],[27.9550716,38.6137592],[27.9551424,38.6137541],[27.9552145,38.6137415],[27.955284,38.6137218],[27.9553496,38.6136952],[27.9554103,38.6136623],[27.955465,38.6136235],[27.9555128,38.6135795],[27.955553,38.613531],[27.9555848,38.6134789],[27.9556078,38.613424],[27.9556269,38.6133524],[27.9556348,38.6132795],[27.9556312,38.6132064],[27.9556162,38.6131342],[27.95559,38.613064],[27.955553,38.6129968],[27.9555276,38.612966],[27.9555058,38.6129336],[27.9554784,38.6128771],[27.9554621,38.6128182],[27.9554571,38.6127579],[27.9554637,38.6126978],[27.9554817,38.6126391],[27.9555088,38.6125806],[27.9555441,38.6125249],[27.9555873,38.6124727],[27.9556378,38.6124246],[27.9556651,38.6124019],[27.9556949,38.6123813],[27.9557494,38.6123524],[27.9558091,38.6123306],[27.9558723,38.6123164],[27.9559377,38.6123101],[27.9560081,38.6123452],[27.9560834,38.6123734],[27.9561626,38.6123941],[27.9562444,38.6124072],[27.9563277,38.6124124],[27.9564111,38.6124096],[27.9564938,38.6123988],[27.9565742,38.6123802],[27.9566134,38.6123685],[27.9566511,38.6123541],[27.956714,38.6123222],[27.9567697,38.6122831],[27.956817,38.6122377],[27.9568547,38.6121871],[27.9568819,38.6121325],[27.9568979,38.6120753],[27.9561804,38.6117871],[27.9562078,38.6117467],[27.9562274,38.6117037],[27.9562389,38.6116588],[27.9562421,38.6116132],[27.9562389,38.6115787],[27.956231,38.6115447],[27.956231,38.6114757],[27.9562422,38.6114073],[27.9562644,38.6113404],[27.9562972,38.6112764],[27.95634,38.611216],[27.9563706,38.6111817],[27.9564045,38.6111493],[27.9564745,38.6110859],[27.9565497,38.6110264],[27.9566297,38.6109708],[27.956671,38.6109448],[27.9567052,38.6109132],[27.9567311,38.6108771],[27.9567477,38.6108377],[27.9567544,38.6107965],[27.9567509,38.610755],[27.9567373,38.6107148],[27.9567142,38.6106774],[27.9567416,38.6106008],[27.9567763,38.6105261],[27.9568182,38.6104537],[27.9568671,38.610384],[27.9569148,38.610326],[27.9569694,38.6102718],[27.9570303,38.6102219],[27.957097,38.6101767],[27.9571688,38.6101366],[27.957245,38.6101022],[27.9573249,38.6100735],[27.957408,38.6100509],[27.9574935,38.6100345],[27.9575805,38.6100245],[27.9576155,38.6100857],[27.9576603,38.6101428],[27.957714,38.610195],[27.9577758,38.6102414],[27.9578447,38.6102813],[27.9579196,38.6103139],[27.9579993,38.6103388],[27.9580823,38.6103555],[27.9581675,38.6103638],[27.9582532,38.6103635],[27.9583383,38.6103546],[27.9584421,38.6103043],[27.9585401,38.6102471],[27.9586314,38.6101836],[27.9587153,38.6101141],[27.9587912,38.6100392],[27.9588586,38.6099595],[27.9589097,38.609887],[27.9589537,38.6098118],[27.9589904,38.6097341],[27.9590195,38.6096546],[27.9590282,38.6096261],[27.9590283,38.6095968],[27.9590198,38.6095682],[27.9590032,38.609542],[27.9589793,38.6095194],[27.9589469,38.6095005],[27.9589096,38.6094885],[27.9588696,38.609484],[27.9588294,38.6094874],[27.9587916,38.6094984],[27.9588387,38.6094139],[27.9588933,38.6093322],[27.958955,38.6092537],[27.9590236,38.6091786],[27.9590987,38.6091075],[27.9591734,38.6090457],[27.9592531,38.6089877],[27.9593374,38.6089338],[27.9594259,38.6088843],[27.959474,38.6088383],[27.9595156,38.6087885],[27.95955,38.6087355],[27.959577,38.6086799],[27.9595962,38.6086223],[27.9596077,38.6085612],[27.9596104,38.6084995],[27.9596043,38.6084379],[27.9600616,38.6084788],[27.9603486,38.6077798],[27.9603762,38.6076877],[27.9604132,38.6075978],[27.9604593,38.6075104],[27.9605142,38.6074262],[27.9605776,38.6073457],[27.960649,38.6072694],[27.9607018,38.6072203],[27.9607579,38.6071735],[27.9608602,38.6070731],[27.9609554,38.6069686],[27.9610433,38.6068603],[27.9611237,38.6067485],[27.9612031,38.6066221],[27.9612724,38.6064921],[27.9613314,38.6063591],[27.9613799,38.6062235],[27.9614025,38.6061462],[27.9614217,38.6060684],[27.961474,38.6059153],[27.9615365,38.6057646],[27.9616092,38.6056167],[27.9616832,38.6054862],[27.9617651,38.6053586],[27.9618546,38.6052341],[27.9631971,38.6047604],[27.9633009,38.6047048],[27.9633999,38.604644],[27.9634936,38.6045783],[27.9635817,38.604508],[27.9636638,38.6044335],[27.9637359,38.6043589],[27.9638006,38.6042805],[27.9638578,38.6041984],[27.9639069,38.6041133],[27.9639478,38.6040255],[27.9639803,38.6039356],[27.9640062,38.6038336],[27.9640403,38.6037331],[27.9640823,38.6036344],[27.9641321,38.6035379],[27.9641895,38.6034441],[27.9642488,38.6033604],[27.9643171,38.603281],[27.9643938,38.6032065],[27.9644785,38.6031373],[27.9645704,38.6030741],[27.9646364,38.6030349],[27.9647052,38.6029988],[27.9648452,38.6029295],[27.96499,38.6028664],[27.965139,38.6028098],[27.9652919,38.6027597],[27.9653826,38.6027336],[27.9654744,38.6027099],[27.9656595,38.6026663],[27.9658469,38.6026291],[27.9660362,38.6025983],[27.9662588,38.6025706],[27.966483,38.6025517],[27.9667081,38.6025417],[27.9668065,38.6025272],[27.9669029,38.6025059],[27.9669964,38.6024778],[27.9670863,38.6024432],[27.9671759,38.6024003],[27.9672599,38.6023509],[27.9673376,38.6022955],[27.9674081,38.6022346],[27.9675313,38.60214],[27.9676624,38.6020522],[27.9678008,38.6019714],[27.9679459,38.6018982],[27.9680433,38.6018549],[27.9681429,38.601815],[27.9683375,38.6017284],[27.9685035,38.6016511],[27.9686641,38.6015672],[27.968819,38.6014769],[27.96896,38.6013857],[27.9690951,38.6012892],[27.969224,38.6011876],[27.96929,38.6011418],[27.9693603,38.6011001],[27.9694346,38.6010629],[27.9695335,38.6010224],[27.9696371,38.6009899],[27.9697444,38.6009654],[27.9700579,38.6009355],[27.9703706,38.6009004],[27.970491,38.6008856],[27.9706126,38.6008787],[27.9707344,38.60088],[27.9708557,38.6008893],[27.9709755,38.6009067],[27.9710234,38.600916],[27.9710723,38.6009206],[27.9711217,38.6009204],[27.9711729,38.600915],[27.9712228,38.6009044],[27.9712705,38.6008889],[27.9717989,38.6006195],[27.9719607,38.6005129],[27.9721287,38.6004123],[27.9723024,38.6003178],[27.9724815,38.6002297],[27.9726623,38.6001495],[27.9728475,38.6000759],[27.9730369,38.600009],[27.9732299,38.5999488],[27.9734004,38.599786],[27.9735757,38.5996263],[27.9737556,38.5994698],[27.9739293,38.5993253],[27.97411,38.5991862],[27.9742974,38.5990526],[27.9744341,38.5989615],[27.9745769,38.5988761],[27.9747252,38.5987969],[27.974858,38.5987333],[27.9749945,38.5986746],[27.9751343,38.5986208],[27.9759631,38.5981125],[27.976119,38.5980387],[27.9762793,38.5979708],[27.9764435,38.597909],[27.9766114,38.5978535],[27.9767825,38.5978043],[27.9769638,38.59776],[27.9771476,38.5977228],[27.9773337,38.5976928],[27.9775214,38.5976702],[27.9776872,38.5976452],[27.9778547,38.5976281],[27.9780231,38.5976189],[27.978192,38.5976178],[27.9783748,38.5976255],[27.9785565,38.5976427],[27.9787365,38.5976691],[27.9788386,38.5976583],[27.9789387,38.5976395],[27.979036,38.597613],[27.9791294,38.597579],[27.9792162,38.5975387],[27.9792975,38.5974919],[27.9793725,38.5974392],[27.9794405,38.5973809],[27.9794697,38.597357],[27.9794945,38.5973303],[27.9795143,38.5973012],[27.9795285,38.5972711],[27.9795375,38.5972399],[27.9795411,38.5972079],[27.9797645,38.5970469],[27.9799931,38.5968903],[27.9800895,38.5968267],[27.9801927,38.5967699],[27.9803019,38.5967205],[27.9804163,38.5966788],[27.9805349,38.5966451],[27.9806183,38.5966267],[27.980703,38.5966123],[27.9808694,38.5965746],[27.9810338,38.5965319],[27.9811676,38.596493],[27.9812997,38.5964508],[27.98143,38.5964707],[27.981562,38.5964814],[27.9816834,38.5964831],[27.9818045,38.596477],[27.9819196,38.5964292],[27.9820329,38.5963788],[27.9822208,38.5962879],[27.9824028,38.5961899],[27.9825787,38.5960854],[27.9827236,38.5960304],[27.9828731,38.5959836],[27.9830265,38.5959452],[27.983183,38.5959155],[27.9833418,38.5958946],[27.9834305,38.5958868],[27.9835194,38.5958818],[27.9836978,38.5958778],[27.983876,38.5958826],[27.9840536,38.5958963],[27.9842296,38.5959187],[27.9843677,38.5959426],[27.9845037,38.5959728],[27.9846371,38.5960092],[27.9847677,38.5960517],[27.9848948,38.5961],[27.9849724,38.5961332],[27.9850485,38.5961686],[27.9852074,38.5962295],[27.9853709,38.5962824],[27.9854986,38.5963173],[27.9856284,38.5963474],[27.9857476,38.5962916],[27.9858723,38.5962437],[27.9860017,38.596204],[27.9861348,38.5961728],[27.9862708,38.5961503],[27.9863852,38.5961384],[27.9865003,38.5961329],[27.9866157,38.5961337],[27.9867307,38.596141],[27.9868448,38.5961545],[27.9869799,38.5961792],[27.9871119,38.5962127],[27.9872397,38.5962549],[27.9873624,38.5963055],[27.9874581,38.5963229],[27.9875558,38.5963312],[27.987654,38.5963303],[27.9877514,38.5963201],[27.9878308,38.5963048],[27.9879078,38.5962832],[27.9879818,38.5962558],[27.9880518,38.5962227],[27.9881896,38.5961474],[27.9883324,38.596078],[27.9884797,38.5960147],[27.9886311,38.5959575],[27.9887277,38.595925],[27.9888255,38.595895],[27.9890234,38.5958395],[27.9892242,38.5957911],[27.9894277,38.59575],[27.9896187,38.5957183],[27.9898113,38.595693],[27.990005,38.5956741],[27.9901996,38.5956616],[27.9903947,38.5956556],[27.9905015,38.5956609],[27.9906075,38.5956727],[27.990712,38.5956911],[27.9908142,38.5957158],[27.9909137,38.5957468],[27.9910168,38.5957869],[27.9911152,38.5958336],[27.9913137,38.5959245],[27.9915091,38.5960193],[27.9917612,38.59615],[27.9920075,38.5962873],[27.9922477,38.5964311],[27.9924814,38.5965811],[27.9931024,38.5969899],[27.9931987,38.5970206],[27.9932982,38.597044],[27.9934001,38.5970601],[27.993476,38.5970672],[27.9935524,38.5970702],[27.9937053,38.5970732],[27.9938581,38.5970691],[27.9940103,38.597058],[27.9941591,38.5970403],[27.9943063,38.5970158],[27.9944515,38.5969847],[27.9945494,38.5969197],[27.9946413,38.5968496],[27.9947268,38.5967747],[27.9948056,38.5966954],[27.9948849,38.5966022],[27.9949549,38.5965046],[27.995015,38.596403],[27.9950651,38.5962981],[27.995287,38.5959412],[27.9953589,38.5958267],[27.9954413,38.5957166],[27.9955338,38.5956116],[27.9955784,38.5955663],[27.9956304,38.595526],[27.9956887,38.5954915],[27.9957524,38.5954633],[27.995803,38.5954466],[27.9958555,38.595434],[27.9959094,38.5954255],[27.9960684,38.5953933],[27.9962292,38.5953668],[27.9963761,38.5953478],[27.9965214,38.5953219],[27.9966643,38.5952893],[27.9967893,38.5952546],[27.9969167,38.5952256],[27.9970459,38.5952023],[27.9972101,38.5951813],[27.9973758,38.5951695],[27.9976943,38.5953008],[27.9980256,38.5954229],[27.9981338,38.5954629],[27.9982386,38.5955083],[27.9983395,38.5955588],[27.9984359,38.5956142],[27.9985231,38.5956712],[27.9986057,38.5957323],[27.9986834,38.5957971],[27.9987347,38.5958134],[27.9987814,38.5958367],[27.9988219,38.5958662],[27.998855,38.5959009],[27.9988804,38.5959414],[27.9988956,38.5959849],[27.9989248,38.5960717],[27.9989381,38.596133],[27.9989419,38.5961951],[27.9989361,38.5962571],[27.9989208,38.5963181],[27.998899,38.5963712],[27.9988833,38.5964257],[27.9988738,38.596481],[27.9988705,38.5965366],[27.9988564,38.5965911],[27.9988343,38.5966388],[27.9988039,38.5966836],[27.9987659,38.5967247],[27.9991199,38.5970905],[27.999258,38.5972216],[27.99937,38.597406],[27.9994203,38.5974946],[27.9994409,38.5975249],[27.999454,38.5975575],[27.9994592,38.5975915],[27.9994556,38.5976292],[27.9994424,38.5976654],[27.9993794,38.5977592],[27.9993744,38.597779],[27.9993747,38.5977991],[27.9993834,38.5978249],[27.9994009,38.5978478],[27.9994362,38.5978869],[27.9994761,38.5979232],[27.9995202,38.5979563],[27.9995871,38.5979962],[27.9996584,38.5980312],[27.9997246,38.598058],[27.9997934,38.5980806],[27.9998642,38.5980988],[28.0001619,38.5982676],[28.0002419,38.598319],[28.0003275,38.5983646],[28.0004181,38.5984038],[28.0005217,38.5984392],[28.0006288,38.5984676],[28.0007386,38.5984887],[28.0008509,38.5985026],[28.0009643,38.5985089],[28.0010779,38.5985076],[28.001239,38.5985027],[28.0013995,38.5984904],[28.0015588,38.5984707],[28.0017163,38.5984437],[28.0017947,38.5984273],[28.0018748,38.5984176],[28.0019558,38.5984147],[28.0020368,38.5984185],[28.0020947,38.5984255],[28.0021532,38.598425],[28.0022109,38.598417],[28.0022661,38.5984018],[28.0023135,38.5983817],[28.0023644,38.598368],[28.0024175,38.598361],[28.0024713,38.5983609],[28.0025261,38.598368],[28.0025785,38.5983822],[28.0026271,38.5984031],[28.0026705,38.5984301],[28.0027074,38.5984625],[28.0027369,38.5984992],[28.0029407,38.5982854],[28.003041,38.5982992],[28.0031387,38.5983217],[28.0032326,38.5983525],[28.0033216,38.5983913],[28.0033847,38.5984255],[28.003444,38.5984638],[28.0035614,38.5985411],[28.0036735,38.5986231],[28.0037801,38.5987095],[28.0038808,38.5988],[28.0039788,38.5988982],[28.0040699,38.5990002],[28.0041079,38.5990381],[28.0041394,38.5990794],[28.0041639,38.5991235],[28.0041811,38.5991697],[28.0041906,38.5992172],[28.004192,38.5992713],[28.0042046,38.5993245],[28.004228,38.5993754],[28.0042617,38.5994226],[28.0042974,38.5994588],[28.0043392,38.5994908],[28.0043861,38.599518],[28.0044374,38.59954],[28.0044743,38.5995808],[28.0045037,38.5996252],[28.004525,38.5996724],[28.004538,38.5997213],[28.0045422,38.5997732],[28.004537,38.599825],[28.0045477,38.5999283],[28.0045702,38.6000305],[28.0045807,38.6000658],[28.0045825,38.6001021],[28.0045753,38.6001379],[28.0045594,38.600172],[28.0045391,38.6001993],[28.0045131,38.6002235],[28.0044824,38.600244],[28.0043995,38.6003119],[28.0043111,38.6003753],[28.0042174,38.600434],[28.0041082,38.6004933],[28.0039937,38.6005462],[28.0038746,38.6005924],[28.0037514,38.6006316],[28.0037048,38.6006198],[28.0036565,38.6006135],[28.0036076,38.6006127],[28.003559,38.6006175],[28.0035104,38.6006281],[28.0034645,38.6006443],[28.0034222,38.6006657],[28.0034464,38.6006984],[28.0034604,38.6007347],[28.0034636,38.6007724],[28.0034557,38.6008098],[28.0034406,38.6008397],[28.0034185,38.6008667],[28.0033901,38.6008899],[28.0033564,38.6009083],[28.0033189,38.6009214],[28.0034171,38.6009992],[28.0035181,38.6010749],[28.003675,38.6011848],[28.0038376,38.6012895],[28.0040056,38.6013888],[28.0042251,38.6014978],[28.0044474,38.6016032],[28.0045917,38.601669],[28.0047403,38.6017288],[28.0048927,38.6017824],[28.0050718,38.601836],[28.0052548,38.6018809],[28.0052749,38.6021749],[28.0055311,38.6023237],[28.0056508,38.6023959],[28.0057631,38.6024752],[28.0057978,38.6025023],[28.0058379,38.6025244],[28.0058824,38.6025407],[28.0059293,38.6025506],[28.0059776,38.6025541],[28.0060259,38.6025511],[28.0060729,38.6025416],[28.0061171,38.602526],[28.0062609,38.602543],[28.0064024,38.6025695],[28.0065405,38.6026051],[28.0066743,38.6026497],[28.0067697,38.6026881],[28.0068619,38.6027311],[28.0070444,38.6028192],[28.0072215,38.6029138],[28.007411,38.6030259],[28.007593,38.6031454],[28.0082213,38.6033669],[28.0088536,38.6035814],[28.00932,38.6037342],[28.0097884,38.6038832],[28.0099796,38.6039146],[28.0101724,38.6039391],[28.0103664,38.6039566],[28.0105942,38.6039682],[28.0108225,38.6039702],[28.0110507,38.6039627],[28.0112779,38.6039455],[28.0115037,38.6039189],[28.0122265,38.6038633],[28.013176,38.6038424],[28.013716,38.6038536],[28.0142556,38.6038728],[28.0144748,38.6038828],[28.0146932,38.6039005],[28.0149104,38.6039259],[28.0151259,38.6039589],[28.0153392,38.6039996],[28.0155014,38.6040358],[28.0156618,38.6040765],[28.0158203,38.6041215],[28.0162995,38.604248],[28.0169512,38.6044282],[28.0170733,38.6044354],[28.0171958,38.604436],[28.017318,38.6044301],[28.0174394,38.6044177],[28.0175824,38.6043945],[28.0177225,38.6043623],[28.0178589,38.6043213],[28.0179905,38.6042717],[28.0181164,38.604214],[28.018236,38.6041484],[28.019449,38.6034871],[28.0197568,38.6038466],[28.0198943,38.6039849],[28.0199667,38.6039435],[28.019779,38.6037255],[28.0198286,38.6037087],[28.0198666,38.6037254],[28.019907,38.603738],[28.0199493,38.6037465],[28.0199994,38.6037508],[28.0200499,38.6037491],[28.0202497,38.6036516],[28.0205722,38.6034226],[28.0207493,38.6033394],[28.0209323,38.6032644],[28.0210782,38.6032118],[28.0212269,38.6031645],[28.0213782,38.6031224],[28.0215318,38.6030857],[28.0218701,38.6029804],[28.0222097,38.6028776],[28.0227441,38.6027215],[28.022878,38.6026874],[28.0230145,38.6026608],[28.0231532,38.6026418],[28.0232846,38.602631],[28.0234167,38.6026269],[28.0235488,38.6026298],[28.0239605,38.6023751],[28.0242663,38.6021178],[28.0243831,38.6020319],[28.024505,38.6019504],[28.0246317,38.6018736],[28.0247229,38.6018228],[28.0248203,38.6017795],[28.0249228,38.6017443],[28.0250294,38.6017174],[28.0251261,38.6017009],[28.0252245,38.6016931],[28.0253235,38.601694],[28.0254216,38.6017038],[28.0254836,38.6017146],[28.0255436,38.6017309],[28.0256008,38.6017526],[28.0256543,38.6017793],[28.0257111,38.601816],[28.025761,38.6018583],[28.0258032,38.6019055],[28.0265026,38.6017515],[28.026748,38.6016815],[28.0269968,38.6016189],[28.0272324,38.6015671],[28.0274702,38.6015219],[28.0280207,38.6013784],[28.0285317,38.6012358],[28.0289105,38.6010886],[28.0291486,38.6010011],[28.0292136,38.6009943],[28.0292791,38.6009964],[28.0293432,38.6010071],[28.0294041,38.6010262],[28.0294553,38.6010506],[28.029501,38.6010808],[28.0295402,38.6011163],[28.0296864,38.6013296],[28.0297139,38.6013129],[28.029699,38.6012855],[28.0296924,38.6012563],[28.0296942,38.6012277],[28.0297038,38.6012002],[28.0296695,38.6011265],[28.0296453,38.6010504],[28.0296314,38.6009728],[28.0296278,38.6009062],[28.0296318,38.6008396],[28.0296434,38.6007736],[28.0304655,38.6004781],[28.0307949,38.6003787],[28.0311266,38.6002843],[28.0314606,38.6001951],[28.0317705,38.6001173],[28.0320821,38.6000439],[28.0323954,38.599975],[28.0325922,38.5999356],[28.0327916,38.5999052],[28.0329929,38.5998839],[28.0331954,38.5998719],[28.0333985,38.5998691],[28.0335631,38.5998736],[28.0337272,38.5998842],[28.0338905,38.5999009],[28.0343816,38.5999404],[28.0346905,38.5999692],[28.0349981,38.6000052],[28.0353042,38.6000483],[28.0355753,38.6000927],[28.0358447,38.6001427],[28.0359562,38.6001601],[28.036069,38.600171],[28.0361826,38.6001752],[28.0362962,38.6001727],[28.0364093,38.6001636],[28.0365326,38.600146],[28.0366536,38.6001204],[28.0367714,38.6000871],[28.0369438,38.6000069],[28.0371107,38.5999198],[28.0372716,38.5998261],[28.0373865,38.5997528],[28.037508,38.5996862],[28.0376353,38.5996267],[28.0377679,38.5995746],[28.0378822,38.5995369],[28.037992,38.5994918],[28.0380966,38.5994397],[28.0381951,38.5993807],[28.0382869,38.5993155],[28.0383714,38.5992444],[28.0384421,38.5991742],[28.0385056,38.5990999],[28.0386321,38.598951],[28.0387506,38.5987983],[28.0388609,38.5986418],[28.0389524,38.5984989],[28.039037,38.5983535],[28.0391147,38.5982058],[28.0391854,38.5980559],[28.0392692,38.5979649],[28.0393609,38.5978788],[28.0394601,38.5977979],[28.0395663,38.5977226],[28.0396626,38.5976627],[28.0397646,38.5976089],[28.0398717,38.5975615],[28.0399832,38.5975208],[28.0400984,38.5974871],[28.0402167,38.5974605],[28.0403375,38.5974413],[28.0404602,38.5974316],[28.0405835,38.5974316],[28.0407061,38.5974413],[28.0408269,38.5974605],[28.0409052,38.5974785],[28.0409798,38.5975043],[28.0410494,38.5975376],[28.0411128,38.5975777],[28.0411689,38.597624],[28.0412009,38.5976571],[28.0412261,38.5976935],[28.0412436,38.5977326],[28.0412533,38.5977734],[28.0412547,38.5978148],[28.0412488,38.5978525],[28.0412362,38.5978891],[28.041217,38.5979239],[28.0411917,38.5979563],[28.0412232,38.5980283],[28.0412628,38.5980978],[28.0413033,38.5981557],[28.0413495,38.598211],[28.0414009,38.5982634],[28.0414837,38.598295],[28.0415707,38.5983188],[28.0416606,38.5983346],[28.0417523,38.598342],[28.0418283,38.5983418],[28.0419035,38.5983334],[28.0419765,38.598317],[28.0420459,38.5982928],[28.0421104,38.5982613],[28.0421621,38.598228],[28.0422083,38.59819],[28.0422481,38.5981479],[28.042392,38.5980391],[28.0424534,38.5979954],[28.0425216,38.5979584],[28.0425954,38.5979288],[28.0426736,38.597907],[28.0427164,38.5978988],[28.0427597,38.597893],[28.0428472,38.5978854],[28.0429351,38.5978843],[28.0430228,38.5978898],[28.0431095,38.5979018],[28.0432105,38.5979245],[28.0433076,38.5979561],[28.0435027,38.5980169],[28.0436942,38.5980841],[28.043882,38.5981575],[28.0440678,38.5982382],[28.044249,38.598325],[28.0444253,38.5984179],[28.0445963,38.5985165],[28.0447617,38.5986208],[28.0449333,38.5986087],[28.0451042,38.5985913],[28.045274,38.5985684],[28.045387,38.5985501],[28.0454978,38.5985247],[28.0456056,38.5984925],[28.0457098,38.5984535],[28.0458095,38.5984082],[28.0459043,38.5983567],[28.0460034,38.5982924],[28.0460947,38.5982215],[28.0461775,38.5981444],[28.0462511,38.5980618],[28.0463149,38.5979745],[28.0463684,38.5978829],[28.0464913,38.5977907],[28.0466205,38.5977039],[28.0467555,38.5976228],[28.046896,38.5975475],[28.0470416,38.5974783],[28.0471918,38.5974155],[28.0473411,38.5973608],[28.0474938,38.5973125],[28.0476496,38.5972704],[28.0481101,38.5971307],[28.0485731,38.5969962],[28.049153,38.5968363],[28.0497365,38.5966846],[28.0503234,38.5965413],[28.0506769,38.5964605],[28.0509136,38.5964064],[28.0515068,38.5962799],[28.0521029,38.5961619],[28.0522424,38.5961284],[28.0523849,38.5961037],[28.0525295,38.596088],[28.0526752,38.5960813],[28.0528211,38.5960837],[28.0529663,38.5960952],[28.0531099,38.5961157],[28.0532509,38.5961451],[28.0533901,38.5961837],[28.0535249,38.596231],[28.0536544,38.5962866],[28.0537777,38.5963502],[28.053894,38.5964213],[28.0540026,38.5964996],[28.0541028,38.5965845],[28.0549504,38.5970289],[28.0557936,38.5974784],[28.0564899,38.597855],[28.057183,38.5982351],[28.0573149,38.5982947],[28.0574431,38.598359],[28.0575673,38.598428],[28.0576873,38.5985013],[28.0578303,38.5985986],[28.0579659,38.5987022],[28.0580936,38.5988117],[28.058213,38.5989269],[28.0585309,38.5992398],[28.058843,38.5995564],[28.0591491,38.5998764],[28.059247,38.600047],[28.0593507,38.6002154],[28.0594602,38.6003816],[28.0596101,38.6005928],[28.0597693,38.6007997],[28.0599377,38.6010021],[28.0602722,38.6013917],[28.0605975,38.6017861],[28.0608522,38.6021067],[28.0611008,38.6024302],[28.0613431,38.6027566],[28.0615036,38.6029033],[28.0616574,38.6030543],[28.0618042,38.6032095],[28.0619439,38.6033686],[28.0620908,38.60355],[28.0622283,38.6037357],[28.0623565,38.6039255],[28.062475,38.604119],[28.0625864,38.604286],[28.0627045,38.60445],[28.0628292,38.604611],[28.0629605,38.6047688],[28.063314,38.6051782],[28.0636579,38.6055926],[28.0639714,38.6059853],[28.0642763,38.6063822],[28.0645725,38.6067831],[28.0648434,38.6071392],[28.0651196,38.6074927],[28.0652634,38.6076668],[28.0654013,38.6078437],[28.0655512,38.6080484],[28.0656934,38.6082565],[28.0658276,38.6084678],[28.0659538,38.6086821],[28.0662091,38.6091007],[28.0664738,38.6095157],[28.0666133,38.6097204],[28.0667478,38.609927],[28.0669095,38.6101895],[28.0670632,38.6104549],[28.0672087,38.610723],[28.0672756,38.610859],[28.0673459,38.6109939],[28.067483,38.6112379],[28.067631,38.6114781],[28.0677896,38.611714],[28.0679588,38.6119455],[28.0681382,38.6121722],[28.0682352,38.6122818],[28.0683276,38.6123939],[28.0684557,38.6125642],[28.0685729,38.6127391],[28.068679,38.6129184],[28.0687738,38.6131015],[28.068857,38.613288],[28.0689284,38.6134774],[28.0697009,38.6146951],[28.0704144,38.6158142],[28.0705954,38.6159898],[28.0707685,38.6161703],[28.0709334,38.6163553],[28.0710899,38.6165448],[28.0712378,38.6167384],[28.0713871,38.616951],[28.071526,38.6171679],[28.0716544,38.6173887],[28.0717721,38.6176131],[28.0718788,38.6178408],[28.0720662,38.6180803],[28.0722442,38.6183242],[28.0724126,38.6185722],[28.0725635,38.618811],[28.0727055,38.6190532],[28.0728385,38.6192985],[28.0729625,38.6195466],[28.0731152,38.6198735],[28.0732574,38.6202033],[28.0733889,38.6205358],[28.0734146,38.6206563],[28.0734286,38.6207781],[28.0734309,38.6209003],[28.0734214,38.6210223],[28.0734002,38.6211434],[28.0733675,38.6212629],[28.0733263,38.6213731],[28.0732753,38.6214807],[28.0732147,38.6215853],[28.0731449,38.6216862],[28.0724689,38.6216213],[28.07242,38.6218079],[28.0723834,38.6219962],[28.0723592,38.6221857],[28.0723475,38.6223759],[28.0723482,38.6225664],[28.0723588,38.6227287],[28.0723784,38.6228904],[28.0724071,38.6230514],[28.0724447,38.6232112],[28.0724913,38.6233695],[28.072523,38.623447],[28.0725467,38.6235261],[28.0725637,38.6236165],[28.0725703,38.6237077],[28.0725665,38.6237989],[28.0725522,38.6238896],[28.0725278,38.6239789],[28.0724932,38.6240661],[28.0724488,38.6241506],[28.0727653,38.6245561],[28.0727837,38.624579],[28.0727924,38.6246052],[28.0727907,38.6246323],[28.0727787,38.6246577],[28.0727591,38.624678],[28.072733,38.6246932],[28.0727025,38.624702],[28.0726701,38.6247038],[28.0724233,38.6247101],[28.0722664,38.6253366],[28.0725762,38.6260197],[28.0724972,38.6260445],[28.0724215,38.6260747],[28.0723495,38.6261102],[28.072282,38.6261507],[28.0722195,38.6261958],[28.0721565,38.6262508],[28.072101,38.6263105],[28.0720535,38.6263743],[28.0720145,38.6264415],[28.0719843,38.6265115],[28.0719633,38.6265834],[28.0719521,38.6266557],[28.0719504,38.6267285],[28.0719582,38.626801],[28.0719754,38.6268726],[28.0719976,38.6269875],[28.0720295,38.6271011],[28.0720711,38.6272127],[28.0721221,38.6273219],[28.0721824,38.6274281],[28.0722516,38.627531],[28.0723295,38.6276301],[28.0724115,38.6277206],[28.0725008,38.6278069],[28.0725969,38.6278885],[28.0726996,38.6279652],[28.0728082,38.6280366],[28.073169,38.6285279],[28.0735888,38.6290947],[28.0737577,38.6296008],[28.0740139,38.6303373],[28.0739339,38.630399],[28.0738619,38.6304664],[28.0737985,38.630539],[28.0737443,38.6306159],[28.0737009,38.6306946],[28.0736671,38.6307761],[28.0736433,38.6308596],[28.0736296,38.6309446],[28.0736261,38.6310302],[28.073633,38.6311157],[28.0736299,38.6311902],[28.0736182,38.6312641],[28.0735982,38.631337],[28.07357,38.6314082],[28.0735338,38.6314771],[28.0735116,38.6315391],[28.0734981,38.6316025],[28.0734935,38.6316667],[28.0735941,38.632223],[28.0734372,38.6325604],[28.0734186,38.6325981],[28.0734079,38.6326376],[28.0734052,38.6326779],[28.0734107,38.6327181],[28.0734241,38.6327571],[28.0734453,38.632794],[28.0734772,38.6328314],[28.073517,38.632864],[28.0735635,38.6328905],[28.0736152,38.6329104],[28.0736706,38.6329228],[28.0738033,38.6329595],[28.0737966,38.63305],[28.0737818,38.6331399],[28.0737589,38.6332288],[28.073728,38.6333161],[28.0736893,38.6334016],[28.0736336,38.6334999],[28.0735675,38.6335942],[28.0734916,38.6336839],[28.0734451,38.6337237],[28.0734064,38.6337683],[28.0733751,38.6338186],[28.0733536,38.6338721],[28.0733425,38.6339274],[28.0733419,38.6339834],[28.0733518,38.6340388],[28.0733721,38.6340925],[28.0734023,38.6341433],[28.073462,38.6342279],[28.0735307,38.6343082],[28.073608,38.6343835],[28.0736934,38.6344534],[28.0738371,38.6345777],[28.0739752,38.6347059],[28.0741075,38.6348377],[28.0741683,38.6349067],[28.0742338,38.634973],[28.0743302,38.6350585],[28.0744344,38.6351381],[28.0745459,38.6352114],[28.0746641,38.6352781],[28.0747883,38.6353377],[28.074854,38.6353624],[28.0749178,38.6353899],[28.0750038,38.6354333],[28.0750851,38.6354818],[28.0751612,38.6355352],[28.0752316,38.6355932],[28.0742499,38.6369655],[28.0734768,38.6370745],[28.0727023,38.6371771],[28.0720001,38.6372646],[28.0712968,38.6373468],[28.0712232,38.6373251],[28.0711472,38.637309],[28.0710696,38.6372988],[28.070991,38.6372944],[28.0709115,38.6372961],[28.0708326,38.6373038],[28.070755,38.6373175],[28.0705223,38.637389],[28.0702863,38.6374534],[28.0700472,38.6375106],[28.0698055,38.6375605],[28.0695896,38.6375986],[28.0693722,38.6376308],[28.0691535,38.6376573],[28.0689338,38.6376778],[28.0688211,38.6376412],[28.0687047,38.6376124],[28.0685855,38.6375918],[28.0684644,38.6375794],[28.0683483,38.6375753],[28.0682321,38.6375789],[28.0681168,38.63759],[28.0680031,38.6376087],[28.0677647,38.6376531],[28.0675286,38.6377042],[28.067295,38.6377621],[28.0671784,38.6377915],[28.0670643,38.6378266],[28.066933,38.6378752],[28.0668066,38.6379311],[28.0666858,38.6379942],[28.0665712,38.638064],[28.0664635,38.6381402],[28.0663633,38.6382223],[28.066271,38.63831],[28.0661872,38.6384027],[28.0660946,38.6385596],[28.0659929,38.638713],[28.0658825,38.6388626],[28.0657634,38.6390082],[28.0656232,38.6391629],[28.0654733,38.6393119],[28.065314,38.6394548],[28.0651459,38.6395914],[28.0649692,38.6397213],[28.0647844,38.6398441],[28.0636767,38.6405816],[28.063564,38.6406066],[28.0634493,38.6406254],[28.0633333,38.6406381],[28.0632131,38.6406447],[28.0630926,38.6406446],[28.0629723,38.6406379],[28.062853,38.6406245],[28.0627352,38.6406046],[28.0622741,38.6403909],[28.0618098,38.6401814],[28.061206,38.6399173],[28.060597,38.6396603],[28.0602877,38.639539],[28.0599833,38.6394105],[28.0596708,38.6392685],[28.0593644,38.6391188],[28.0590642,38.6389615],[28.0587706,38.6387968],[28.0586294,38.6387086],[28.0584839,38.6386248],[28.0582883,38.6385224],[28.0580863,38.6384279],[28.0578784,38.6383414],[28.0576652,38.6382634],[28.0574471,38.6381938],[28.0572249,38.638133],[28.056999,38.6380811],[28.0568849,38.6380581],[28.05677,38.6380382],[28.0565844,38.6380125],[28.0563973,38.6379947],[28.0562093,38.6379847],[28.0560208,38.6379826],[28.0558325,38.6379884],[28.0556448,38.638002],[28.0554584,38.6380235],[28.0553783,38.6379703],[28.0552922,38.6379233],[28.0552008,38.6378827],[28.0551049,38.6378491],[28.0550054,38.6378226],[28.0549031,38.6378035],[28.054789,38.6377914],[28.0546738,38.6377884],[28.0545589,38.6377948],[28.0544454,38.6378104],[28.0543345,38.637835],[28.0540783,38.6378988],[28.053826,38.6379715],[28.0535781,38.6380529],[28.0529907,38.6388783],[28.0529547,38.6390225],[28.0529097,38.6391652],[28.052856,38.639306],[28.0527936,38.6394446],[28.0527228,38.6395807],[28.0526436,38.639714],[28.0525562,38.6398441],[28.0524472,38.639988],[28.0523282,38.640127],[28.0521996,38.6402606],[28.0520618,38.6403885],[28.0519152,38.6405104],[28.0516237,38.640759],[28.0513378,38.6410117],[28.0510576,38.6412682],[28.0507833,38.6415285],[28.0506735,38.6417228],[28.0505698,38.641919],[28.0504721,38.6421172],[28.0503779,38.6423236],[28.0502902,38.6425317],[28.0502093,38.6427415],[28.0501301,38.642921],[28.0500427,38.6430981],[28.049947,38.6432726],[28.0498434,38.6434443],[28.0497318,38.643613],[28.0495409,38.6438909],[28.0493431,38.6441659],[28.0491385,38.6444378],[28.0490346,38.644573],[28.0489272,38.6447065],[28.0487684,38.6448935],[28.0486028,38.6450768],[28.0484305,38.6452563],[28.0482515,38.6454318],[28.0481609,38.6455188],[28.0480662,38.6456032],[28.0479427,38.6457044],[28.0478133,38.6458011],[28.0476784,38.6458931],[28.0475381,38.6459801],[28.0474667,38.6460222],[28.047393,38.6460619],[28.0472574,38.646126],[28.047116,38.6461817],[28.0469696,38.6462289],[28.046819,38.6462672],[28.0466664,38.6462992],[28.0465119,38.6463249],[28.0463559,38.6463442],[28.0461989,38.6463571],[28.0460411,38.6463636],[28.0457703,38.6463704],[28.0454993,38.6463718],[28.0452284,38.6463678],[28.04517,38.6462951],[28.0451041,38.6462264],[28.0450312,38.6461623],[28.0449516,38.6461031],[28.0448661,38.6460493],[28.0447751,38.6460012],[28.0446861,38.6459619],[28.0445935,38.645928],[28.0444978,38.6458999],[28.0444495,38.6458867],[28.0443996,38.6458776],[28.0443364,38.6458722],[28.0442729,38.6458735],[28.0442101,38.6458813],[28.0441493,38.6458956],[28.0440914,38.6459162],[28.0440375,38.6459425],[28.0435673,38.6458734],[28.0430993,38.6457958],[28.0426337,38.6457099],[28.0421707,38.6456157],[28.0417345,38.6455188],[28.041301,38.6454146],[28.0408706,38.645303],[28.0404434,38.6451842],[28.0404561,38.6450742],[28.0404565,38.6449637],[28.0404446,38.6448537],[28.0404206,38.6447448],[28.0403845,38.644638],[28.0403367,38.6445341],[28.0402775,38.6444338],[28.0402073,38.6443378],[28.040133,38.6442535],[28.0400502,38.644174],[28.0399594,38.6441001],[28.0398613,38.6440321],[28.0397565,38.6439704],[28.0396458,38.6439156],[28.0395297,38.643868],[28.039409,38.6438277],[28.0392846,38.6437953],[28.0390904,38.643751],[28.0388937,38.6437138],[28.0386949,38.6436839],[28.0384946,38.6436613],[28.0382932,38.643646],[28.0380911,38.6436381],[28.0380102,38.6436254],[28.0379321,38.6436046],[28.0378581,38.6435761],[28.0377894,38.6435403],[28.0377273,38.6434979],[28.0376726,38.6434496],[28.0376254,38.6433948],[28.0375879,38.6433356],[28.0375608,38.643273],[28.0375445,38.6432082],[28.0375394,38.6431423],[28.0375455,38.6430764],[28.0375627,38.6430118],[28.0375825,38.6429036],[28.0375915,38.6427947],[28.0375896,38.6426854],[28.0375768,38.6425767],[28.0375531,38.642469],[28.0375189,38.6423632],[28.0374742,38.6422597],[28.0373502,38.6419931],[28.0372151,38.6417299],[28.0370691,38.6414702],[28.0369122,38.6412145],[28.0367446,38.6409629],[28.0365154,38.6406678],[28.036294,38.6403691],[28.0360807,38.6400668],[28.0358754,38.6397611],[28.0356782,38.6394522],[28.0354893,38.6391402],[28.035297,38.6388041],[28.0351143,38.6384649],[28.0349413,38.6381225],[28.0347779,38.6377772],[28.0346244,38.6374292],[28.0344808,38.6370786],[28.0344974,38.6366933],[28.0345046,38.6363077],[28.0345023,38.6359221],[28.0344896,38.6355153],[28.0344663,38.6351088],[28.0344325,38.6347027],[28.0342711,38.6345466],[28.0341028,38.634395],[28.0339277,38.6342482],[28.033746,38.6341062],[28.0335581,38.6339694],[28.0333412,38.6338229],[28.033117,38.6336832],[28.032886,38.6335505],[28.0326485,38.633425],[28.0324048,38.6333069],[28.0321554,38.6331963],[28.032026,38.633148],[28.0319005,38.6330936],[28.0317591,38.6330225],[28.0316244,38.6329438],[28.0314972,38.6328579],[28.031378,38.6327652],[28.0313212,38.6327167],[28.0312675,38.6326662],[28.0311836,38.6325756],[28.0311095,38.6324798],[28.0310459,38.6323796],[28.0309932,38.6322756],[28.0309518,38.6321685],[28.0309219,38.6320592],[28.0309037,38.6319482],[28.0308974,38.6318365],[28.0307859,38.6317482],[28.030682,38.6316544],[28.030586,38.6315556],[28.0304985,38.6314522],[28.0304198,38.6313445],[28.0303502,38.631233],[28.030289,38.6311162],[28.0302378,38.6309966],[28.0301969,38.6308745],[28.0301664,38.6307506],[28.0301464,38.6306254],[28.0300085,38.6304414],[28.0298638,38.6302606],[28.0297124,38.6300831],[28.0295544,38.6299093],[28.02939,38.6297391],[28.029202,38.6295564],[28.0290066,38.6293785],[28.0288039,38.6292057],[28.0285943,38.629038],[28.0283778,38.6288757],[28.0281548,38.6287189],[28.0280416,38.628642],[28.0279255,38.6285678],[28.0277444,38.6284607],[28.0275572,38.6283602],[28.0273644,38.6282665],[28.0271663,38.6281797],[28.0269633,38.6281001],[28.0267559,38.6280277],[28.0265445,38.6279629],[28.0263296,38.6279056],[28.0258536,38.6278238],[28.0253751,38.6277514],[28.0248944,38.6276886],[28.0244118,38.6276353],[28.02402,38.6275992],[28.0236273,38.6275694],[28.0232339,38.6275459],[28.02284,38.6275288],[28.0224457,38.627518],[28.0217863,38.6275604],[28.0211278,38.6276113],[28.0204705,38.6276705],[28.0198145,38.627738],[28.0191927,38.6278099],[28.0185723,38.6278892],[28.0179536,38.6279761],[28.0173367,38.6280704],[28.0167217,38.6281721],[28.0161089,38.6282812],[28.0154982,38.6283978],[28.0148899,38.6285217],[28.0132091,38.6288595],[28.0115263,38.6291912],[28.0098416,38.6295168],[28.0081549,38.6298362],[28.0036495,38.6309732],[28.0031949,38.6311275],[28.0027358,38.6312735],[28.0022726,38.6314112],[28.0018054,38.6315405],[28.0013345,38.6316613],[28.0008602,38.6317736],[28.0003826,38.6318772],[27.9999021,38.6319723],[27.999419,38.6320586],[27.9989473,38.632134],[27.9984736,38.6322012],[27.9979981,38.63226],[27.997521,38.6323104],[27.9970425,38.6323525],[27.996563,38.6323862],[27.9960826,38.6324114],[27.9956017,38.6324282],[27.9951203,38.6324365],[27.9946389,38.6324364],[27.9941575,38.6324279],[27.9936766,38.6324109],[27.9934363,38.6323995],[27.9931962,38.6323854],[27.9927778,38.6323542],[27.9923605,38.6323147],[27.9919447,38.6322668],[27.9915305,38.6322107],[27.9911184,38.6321463],[27.9907084,38.6320737],[27.990301,38.6319929],[27.9898964,38.6319041],[27.9897608,38.6318763],[27.9896268,38.631844],[27.9894948,38.6318071],[27.9893214,38.6317507],[27.9891525,38.6316864],[27.9889888,38.6316145],[27.9888308,38.6315352],[27.9886789,38.6314488],[27.9885339,38.6313555],[27.9883961,38.6312558],[27.988266,38.63115],[27.9881441,38.6310383],[27.9880308,38.6309213],[27.9879265,38.6307992],[27.9878315,38.6306726],[27.9877462,38.6305419],[27.9876709,38.6304075],[27.9868412,38.6302587],[27.9860092,38.630118],[27.985175,38.6299854],[27.9843388,38.6298608],[27.9835006,38.6297443],[27.9826607,38.6296359],[27.9818192,38.6295357],[27.9809761,38.6294436],[27.9800865,38.6293555],[27.9791955,38.6292764],[27.9783033,38.6292064],[27.97741,38.6291454],[27.9765157,38.6290936],[27.9756207,38.6290509],[27.974725,38.6290174],[27.9738288,38.6289929],[27.9729323,38.6289776],[27.9720356,38.6289715],[27.9711389,38.6289744],[27.9702423,38.6289866],[27.969794,38.6289928],[27.969346,38.6290078],[27.9689047,38.6290312],[27.9684644,38.6290632],[27.9680251,38.6291037],[27.9675873,38.6291527],[27.9671511,38.6292101],[27.966717,38.629276],[27.966285,38.6293503],[27.9658555,38.6294329],[27.9654288,38.6295238],[27.9650051,38.6296229],[27.9645847,38.6297302],[27.9641678,38.6298457],[27.9637547,38.6299691],[27.9633457,38.6301005],[27.9631448,38.6301728],[27.9629409,38.6302398],[27.9626771,38.6303178],[27.9624094,38.630387],[27.9621382,38.6304475],[27.961864,38.6304991],[27.9615873,38.6305417],[27.9613086,38.6305753],[27.9610283,38.6305998],[27.9607469,38.6306151],[27.960465,38.6306213],[27.960183,38.6306183],[27.9599014,38.6306061],[27.9596207,38.6305847],[27.9593414,38.6305542],[27.959064,38.6305147],[27.9587889,38.6304661],[27.9574164,38.6302182],[27.9569579,38.6301388],[27.9565012,38.6300531],[27.9560466,38.6299612],[27.9555317,38.6298489],[27.9550199,38.6297285],[27.9545112,38.6296002],[27.9540059,38.6294639],[27.9535042,38.6293197],[27.9530064,38.6291676],[27.9525125,38.6290078],[27.9523759,38.6291732],[27.9522298,38.6293337],[27.9520746,38.6294889],[27.9519106,38.6296384],[27.9517381,38.6297819],[27.9515575,38.6299192],[27.9513692,38.6300501],[27.9511734,38.6301741],[27.9509707,38.6302911],[27.9507614,38.6304008],[27.950546,38.630503],[27.9503249,38.6305975],[27.9500985,38.6306841],[27.9498621,38.6307642],[27.9496212,38.6308358],[27.9493763,38.6308986],[27.949128,38.6309525],[27.9488768,38.6309973],[27.9486231,38.6310331],[27.9483677,38.6310596],[27.9481109,38.6310769],[27.9478534,38.6310849],[27.9475957,38.6310836],[27.9473383,38.631073],[27.9470818,38.6310532],[27.9468268,38.631024],[27.9465738,38.6309857],[27.9463233,38.6309383],[27.9460759,38.630882],[27.9458321,38.6308167],[27.9455924,38.6307427],[27.9453517,38.6306776],[27.9451076,38.6306206],[27.9448606,38.6305719],[27.9446112,38.6305314],[27.9443598,38.6304993],[27.9441068,38.6304756],[27.9438528,38.6304604],[27.9435982,38.6304537],[27.9433435,38.6304556],[27.9430891,38.6304659],[27.9428354,38.6304848],[27.9425831,38.6305121],[27.9423325,38.6305478],[27.9420841,38.6305919],[27.940051,38.6308601],[27.9399472,38.6307334],[27.9398511,38.630603],[27.9397628,38.6304694],[27.9396825,38.6303327],[27.9396104,38.6301932],[27.9395467,38.6300513],[27.9394874,38.6298956],[27.9394382,38.6297378],[27.9393992,38.6295783],[27.9393704,38.6294175],[27.9393519,38.6292557],[27.9393439,38.6290934]]]}},{"type":"Feature","properties":{"id":"bafa-set","name":"Bafa (Çamiçi) Gölü","source":"OpenStreetMap","source_url":"https://www.openstreetmap.org/copyright"},"geometry":{"type":"MultiPolygon","coordinates":[[[[27.3671499,37.5132577],[27.3674007,37.5121747],[27.3674624,37.5120765],[27.3675346,37.5119829],[27.3676167,37.5118945],[27.3677082,37.5118122],[27.3678084,37.5117365],[27.3679093,37.511672],[27.3680166,37.5116143],[27.3681293,37.5115637],[27.3682469,37.5115205],[27.3682916,37.5115006],[27.3683397,37.5114868],[27.3683901,37.5114795],[27.3684414,37.511479],[27.3684993,37.5114867],[27.3685544,37.511503],[27.3686045,37.5115274],[27.3686479,37.5115588],[27.3687139,37.5116198],[27.3687724,37.5116853],[27.368823,37.5117549],[27.3688652,37.5118279],[27.368897,37.5118996],[27.3689208,37.5119732],[27.3689362,37.5120482],[27.3689697,37.5120527],[27.3690032,37.512049],[27.3690339,37.5120375],[27.3690588,37.5120193],[27.3690757,37.511996],[27.3690827,37.5119731],[27.3690818,37.5119495],[27.369073,37.5119269],[27.3692849,37.5117811],[27.3693162,37.5117717],[27.3693495,37.5117686],[27.3693826,37.5117722],[27.3694137,37.5117822],[27.3694356,37.5117944],[27.3694608,37.5118016],[27.3694874,37.5118035],[27.3695116,37.5118003],[27.369534,37.5117928],[27.3695536,37.5117812],[27.3695692,37.5117662],[27.3693238,37.5115822],[27.3693219,37.511535],[27.3693313,37.5114884],[27.3693516,37.5114441],[27.3693821,37.5114036],[27.3694217,37.5113684],[27.3694668,37.5113409],[27.3695168,37.5113193],[27.3695704,37.5113043],[27.3696264,37.5112961],[27.3696832,37.511295],[27.3697453,37.511302],[27.3698049,37.5113174],[27.3698603,37.5113407],[27.3704866,37.5109982],[27.3705784,37.51096],[27.3706735,37.5109274],[27.3707713,37.5109003],[27.3708715,37.510879],[27.3709849,37.5108623],[27.3710996,37.5108529],[27.371215,37.5108511],[27.3713301,37.5108567],[27.3714799,37.510799],[27.3716252,37.5107344],[27.3717654,37.5106631],[27.3719001,37.5105854],[27.3719801,37.5105345],[27.3720663,37.5104904],[27.3721578,37.5104536],[27.3722536,37.5104245],[27.3723527,37.5104035],[27.372454,37.5103907],[27.3725366,37.5103865],[27.3726183,37.5103755],[27.3726981,37.5103576],[27.372775,37.5103332],[27.3728482,37.5103024],[27.372922,37.5102627],[27.3729897,37.5102166],[27.3730503,37.5101648],[27.3731031,37.5101078],[27.3734504,37.510195],[27.3734489,37.510227],[27.3734556,37.5102587],[27.3734702,37.5102886],[27.373492,37.5103156],[27.3735201,37.5103386],[27.3735502,37.5103552],[27.3735835,37.5103671],[27.3736191,37.5103741],[27.3736556,37.5103758],[27.3741531,37.5103088],[27.3743141,37.5102858],[27.3744766,37.5102712],[27.37464,37.5102652],[27.3747926,37.5102673],[27.3749448,37.5102769],[27.3750959,37.5102939],[27.375154,37.5103],[27.3752126,37.5102996],[27.3752705,37.5102925],[27.3753266,37.510279],[27.375386,37.5102566],[27.3754401,37.5102269],[27.3754875,37.5101907],[27.3755547,37.5101693],[27.3756249,37.5101551],[27.3756967,37.5101482],[27.3757714,37.5101489],[27.3758452,37.5101577],[27.3759169,37.5101742],[27.3759851,37.5101982],[27.3760161,37.5100293],[27.3760347,37.509928],[27.3764662,37.509895],[27.376897,37.5098578],[27.377424,37.5098062],[27.3779498,37.5097482],[27.3779297,37.5096567],[27.3760374,37.5098014],[27.376838,37.5071726],[27.3775448,37.5073439],[27.3776963,37.5073502],[27.377848,37.507349],[27.3779993,37.5073401],[27.3781496,37.5073237],[27.3782801,37.5073031],[27.378409,37.5072768],[27.3785359,37.5072449],[27.3785881,37.5071916],[27.3786347,37.5071351],[27.3786755,37.5070758],[27.3787102,37.5070141],[27.3787374,37.5069534],[27.3787545,37.5068905],[27.3787611,37.5068263],[27.3787571,37.506762],[27.3787479,37.5067163],[27.3787332,37.5066716],[27.3787134,37.5066281],[27.378678,37.5064928],[27.3786564,37.5063874],[27.3786412,37.5062813],[27.3786324,37.5061747],[27.3786304,37.506051],[27.3786371,37.5059275],[27.3786525,37.5058045],[27.3793352,37.5053608],[27.3794769,37.5052576],[27.379624,37.5051592],[27.3797762,37.5050659],[27.3799333,37.5049778],[27.3800862,37.5048993],[27.380234,37.5048149],[27.3803762,37.5047246],[27.3805126,37.5046288],[27.3806426,37.5045276],[27.3807661,37.5044214],[27.3808976,37.5042954],[27.3810197,37.5041637],[27.3811322,37.5040267],[27.3811654,37.5039662],[27.381192,37.5039037],[27.3812118,37.5038397],[27.3812248,37.5037745],[27.3812305,37.5037159],[27.3812306,37.503657],[27.3812251,37.5035983],[27.3812141,37.5034224],[27.381194,37.5032625],[27.3811645,37.5031035],[27.3811255,37.5029457],[27.3818149,37.5026446],[27.3822682,37.5028862],[27.3823899,37.5029284],[27.3825151,37.5029638],[27.3826432,37.502992],[27.3827734,37.503013],[27.3829052,37.5030266],[27.3829847,37.5030312],[27.3830643,37.5030331],[27.3832237,37.5030305],[27.3833823,37.5030187],[27.3835395,37.5029979],[27.3836989,37.502967],[27.3838562,37.5029301],[27.3840111,37.5028871],[27.3841631,37.5028383],[27.3842469,37.5028084],[27.3843251,37.5027701],[27.3843964,37.5027242],[27.3844595,37.5026712],[27.3845041,37.5026237],[27.3845422,37.5025728],[27.3845733,37.5025189],[27.384597,37.5024627],[27.3846439,37.5021052],[27.3846191,37.5017999],[27.3845872,37.5016639],[27.3845652,37.5015267],[27.3845534,37.5013887],[27.3845514,37.5012657],[27.3845574,37.5011429],[27.3845455,37.501043],[27.3845253,37.5009439],[27.3844971,37.500846],[27.3844708,37.5007742],[27.3844402,37.5007034],[27.3843791,37.500562],[27.3843006,37.5003949],[27.3842867,37.5003652],[27.3842792,37.500334],[27.3842785,37.5003023],[27.3842845,37.500271],[27.3842968,37.5002414],[27.3843151,37.5002138],[27.3843388,37.5001891],[27.3844291,37.5001698],[27.3845169,37.5001444],[27.3846016,37.5001131],[27.3846826,37.5000761],[27.3847593,37.5000337],[27.3848272,37.4999889],[27.3848904,37.4999399],[27.385015,37.4998407],[27.3851328,37.4997363],[27.3852513,37.4996187],[27.3853612,37.4994959],[27.385462,37.4993682],[27.3857342,37.499058],[27.3860561,37.4987037],[27.386268,37.4984074],[27.3864444,37.4981622],[27.38648,37.4980913],[27.386508,37.4980184],[27.3865281,37.4979438],[27.3865403,37.4978681],[27.3865443,37.4977919],[27.3865397,37.4977116],[27.3865261,37.4976319],[27.3865037,37.4975535],[27.3864725,37.497477],[27.3864496,37.4973964],[27.3864176,37.4973178],[27.3863766,37.4972418],[27.3863495,37.4971999],[27.3863154,37.4971614],[27.386275,37.4971269],[27.3862291,37.4970971],[27.3861797,37.497073],[27.3861267,37.4970544],[27.3860208,37.4970174],[27.3859119,37.4969864],[27.3858539,37.4969727],[27.385794,37.4969652],[27.3857334,37.4969643],[27.3856732,37.49697],[27.3856214,37.4969802],[27.3855716,37.4969953],[27.3854682,37.4970159],[27.3853634,37.4970317],[27.38526,37.4970423],[27.3851559,37.4970481],[27.3850516,37.4970492],[27.3850234,37.4969872],[27.3849872,37.4969279],[27.3849432,37.4968715],[27.384893,37.4968183],[27.384837,37.4967689],[27.3847764,37.4967239],[27.3847092,37.4966852],[27.3846366,37.4966534],[27.3845717,37.4966323],[27.3845044,37.4966166],[27.3844354,37.4966066],[27.3844032,37.496518],[27.384367,37.4964305],[27.3843455,37.4963833],[27.3843316,37.4963343],[27.3843253,37.4962844],[27.3843268,37.4962342],[27.3843366,37.4961822],[27.384353,37.4961314],[27.3843757,37.496082],[27.3844103,37.4960267],[27.3844528,37.495975],[27.3845205,37.495864],[27.3845782,37.4957495],[27.3846187,37.4956517],[27.384652,37.4955521],[27.3846582,37.4955192],[27.3846559,37.4954859],[27.3846452,37.4954537],[27.3846265,37.4954239],[27.3846058,37.4954022],[27.3845809,37.4953835],[27.3844628,37.4953523],[27.3843482,37.4953138],[27.3842455,37.4952716],[27.3841469,37.4952235],[27.3840532,37.4951697],[27.3839647,37.4951106],[27.3839251,37.4950486],[27.3838943,37.4949837],[27.3838725,37.4949165],[27.3838601,37.4948477],[27.3838573,37.4947708],[27.3838663,37.4946942],[27.3838869,37.494619],[27.3847143,37.4940827],[27.3853929,37.4937433],[27.3854742,37.493699],[27.3855484,37.4936477],[27.3856146,37.4935898],[27.3856719,37.4935262],[27.3857032,37.4934834],[27.3857304,37.4934389],[27.385778,37.4933474],[27.385814,37.4932527],[27.3858306,37.4931921],[27.3858387,37.4931305],[27.385838,37.4930685],[27.3858288,37.4930069],[27.3858129,37.4929516],[27.3857899,37.4928979],[27.3857603,37.4928463],[27.3857242,37.4927973],[27.3848484,37.4920306],[27.3848552,37.4917715],[27.3850275,37.4915896],[27.3850602,37.4915109],[27.3850871,37.4914308],[27.3851079,37.4913496],[27.3851199,37.4912866],[27.3851282,37.4912231],[27.3851368,37.4910958],[27.3851359,37.4910079],[27.3851272,37.4909202],[27.3851107,37.4908332],[27.3850865,37.4907473],[27.3850563,37.4906669],[27.3850194,37.4905882],[27.3849758,37.4905116],[27.3851334,37.4901248],[27.3852891,37.4901179],[27.385445,37.4901161],[27.3856008,37.4901195],[27.3858005,37.4901315],[27.3859991,37.490152],[27.3860363,37.4901496],[27.3860713,37.4901394],[27.3861017,37.4901222],[27.3861243,37.4901003],[27.3861392,37.4900745],[27.3861453,37.4900466],[27.3860903,37.4898029],[27.38609,37.4897652],[27.3860973,37.4897279],[27.3861118,37.4896919],[27.3861332,37.4896582],[27.3861585,37.48963],[27.3861887,37.489605],[27.3862231,37.4895837],[27.386722,37.489488],[27.386781,37.4891336],[27.3867965,37.4890539],[27.3868034,37.4889735],[27.3868015,37.4888929],[27.3867909,37.4888127],[27.3867716,37.4887335],[27.3867494,37.4886697],[27.3867216,37.4886074],[27.3866634,37.4884835],[27.3865972,37.4883621],[27.3865338,37.4882598],[27.386462,37.4881611],[27.3863819,37.4880664],[27.3862941,37.4879761],[27.3861989,37.4878907],[27.3861299,37.4878354],[27.386067,37.4877757],[27.3860105,37.4877121],[27.385961,37.4876449],[27.3859186,37.4875747],[27.3858824,37.4874983],[27.3858547,37.4874197],[27.3858358,37.4873395],[27.3858258,37.4872583],[27.3858248,37.4871767],[27.385749,37.4870875],[27.385668,37.4870012],[27.385582,37.4869181],[27.3855385,37.4868789],[27.3855029,37.4868349],[27.3854761,37.4867872],[27.3854596,37.486741],[27.3854514,37.4866934],[27.3854515,37.4866453],[27.38546,37.4865978],[27.3855288,37.4864914],[27.3856048,37.4863881],[27.385669,37.48631],[27.3857416,37.4862367],[27.385822,37.4861687],[27.3859096,37.4861066],[27.3860038,37.4860508],[27.3861037,37.4860018],[27.3862034,37.4859619],[27.3863059,37.4859269],[27.386411,37.4858969],[27.3865181,37.485872],[27.3866187,37.4858537],[27.3867203,37.4858399],[27.3869245,37.4858167],[27.3869847,37.4858115],[27.3870452,37.4858138],[27.3871045,37.4858234],[27.3871613,37.4858401],[27.3872142,37.4858635],[27.387266,37.4858961],[27.3873102,37.4859351],[27.3873456,37.4859795],[27.3874402,37.4861298],[27.3875387,37.4862785],[27.3875735,37.4863294],[27.3876177,37.4863755],[27.3876701,37.4864158],[27.3877065,37.4864375],[27.3877452,37.4864564],[27.3878159,37.4865018],[27.3878818,37.4865515],[27.3879424,37.4866052],[27.3880116,37.4866793],[27.3880708,37.4867587],[27.3881194,37.4868425],[27.3883149,37.4868245],[27.3885089,37.4867984],[27.388701,37.4867643],[27.3888905,37.4867223],[27.3890857,37.48667],[27.389277,37.4866093],[27.3894638,37.4865405],[27.3896456,37.4864637],[27.3897839,37.4863327],[27.3899274,37.4862053],[27.3900761,37.4860816],[27.3902165,37.4859719],[27.3903609,37.4858654],[27.3905092,37.4857624],[27.3905049,37.4857257],[27.3904934,37.4856901],[27.390475,37.4856563],[27.3904502,37.4856251],[27.3904197,37.4855974],[27.3903841,37.4855738],[27.3903443,37.4855549],[27.3906675,37.4849994],[27.3907785,37.4849657],[27.3908928,37.4849398],[27.3910095,37.4849217],[27.3911322,37.4849114],[27.3912555,37.4849076],[27.3913788,37.4849103],[27.3915017,37.4849196],[27.3916485,37.4849393],[27.3917928,37.4849684],[27.3919337,37.4850066],[27.3920703,37.4850537],[27.3922835,37.4859763],[27.3922901,37.486034],[27.3923053,37.4860907],[27.392329,37.4861456],[27.3923608,37.4861978],[27.3924002,37.4862466],[27.3924362,37.4862821],[27.3924762,37.4863148],[27.3925591,37.4863777],[27.3926483,37.4864349],[27.392719,37.4864739],[27.3927946,37.4865067],[27.3928741,37.4865328],[27.3929568,37.486552],[27.3930382,37.4865637],[27.3931206,37.4865687],[27.3932033,37.4865669],[27.3932853,37.4865584],[27.3934862,37.4864169],[27.3936796,37.4862689],[27.3938192,37.4861541],[27.3939542,37.486036],[27.3940846,37.4859146],[27.3941402,37.4858759],[27.3942014,37.485843],[27.3942673,37.4858164],[27.3943368,37.4857964],[27.394401,37.4857845],[27.3944666,37.4857784],[27.3945979,37.4857698],[27.3947297,37.4857709],[27.3948527,37.4857807],[27.3949741,37.4857988],[27.3950931,37.4858252],[27.3955223,37.4864552],[27.3955704,37.4865063],[27.3956248,37.4865533],[27.395685,37.4865956],[27.3957503,37.4866329],[27.3958263,37.4866672],[27.3959067,37.4866946],[27.3959903,37.4867148],[27.396685,37.4867021],[27.3968963,37.4867344],[27.3971061,37.4867723],[27.3972313,37.4867977],[27.3973582,37.486817],[27.3974864,37.4868303],[27.3976153,37.4868373],[27.3977445,37.4868383],[27.3978254,37.4868357],[27.3979062,37.4868307],[27.3980668,37.4868146],[27.3982258,37.48679],[27.3983823,37.486757],[27.3985358,37.4867159],[27.398689,37.4866654],[27.3988376,37.4866067],[27.3989807,37.48654],[27.3991178,37.4864658],[27.3992512,37.486359],[27.3993783,37.4862476],[27.3994989,37.4861316],[27.3996127,37.4860114],[27.3997324,37.4858712],[27.3998429,37.4857264],[27.3999439,37.4855772],[27.4000338,37.4854611],[27.4001171,37.4853418],[27.4001936,37.4852198],[27.4002631,37.4850952],[27.4002947,37.485033],[27.4003341,37.4849738],[27.400381,37.484918],[27.4004348,37.4848664],[27.4004976,37.4848174],[27.4005667,37.4847741],[27.4006412,37.4847368],[27.4008518,37.4846116],[27.4010664,37.4844907],[27.4012865,37.4843735],[27.4015103,37.4842608],[27.4016193,37.4841945],[27.4017211,37.4841215],[27.4018154,37.4840422],[27.4019013,37.4839572],[27.4019784,37.4838671],[27.4020492,37.4837676],[27.4021092,37.4836638],[27.4021581,37.4835563],[27.4022295,37.4834732],[27.4023064,37.4833933],[27.4023888,37.4833169],[27.4024783,37.4832424],[27.402573,37.4831721],[27.4026724,37.483106],[27.4027763,37.4830444],[27.4028539,37.4830601],[27.4029329,37.4830703],[27.4030128,37.4830751],[27.4030928,37.4830742],[27.403187,37.4830661],[27.4032796,37.4830504],[27.4033697,37.4830271],[27.4034563,37.4829966],[27.4039275,37.4827115],[27.4043964,37.482424],[27.4048229,37.482159],[27.4049093,37.4821132],[27.4049908,37.4820621],[27.4050669,37.482006],[27.4051372,37.4819452],[27.405201,37.4818802],[27.4052614,37.4818071],[27.4053137,37.4817302],[27.4053576,37.4816501],[27.4053928,37.4815673],[27.406054,37.4811703],[27.4068385,37.4807745],[27.4075426,37.4808319],[27.4076842,37.4807982],[27.4078233,37.4807585],[27.4079595,37.4807129],[27.4080925,37.4806616],[27.4082166,37.4806072],[27.4083357,37.4805461],[27.4084491,37.4804787],[27.4085565,37.4804052],[27.4086149,37.4803605],[27.4086711,37.4803141],[27.4087769,37.4802165],[27.4088732,37.4801129],[27.4089594,37.4800039],[27.4090353,37.4798901],[27.4090914,37.4797895],[27.4091394,37.4796864],[27.409179,37.479581],[27.40921,37.4794739],[27.4092324,37.4793654],[27.4098815,37.4789578],[27.4104494,37.4788404],[27.4110188,37.4787279],[27.4114582,37.4786445],[27.4118985,37.478564],[27.4120332,37.4784904],[27.4121631,37.4784116],[27.4122879,37.4783278],[27.4124072,37.4782391],[27.4125208,37.4781457],[27.4126287,37.4780476],[27.4127303,37.4779454],[27.4128252,37.4778392],[27.412937,37.4777704],[27.4130537,37.4777069],[27.4131748,37.4776489],[27.4133,37.4775966],[27.4134395,37.4775465],[27.4135828,37.4775035],[27.4137291,37.4774678],[27.4138601,37.4774177],[27.4139868,37.4773611],[27.4141087,37.4772983],[27.4142253,37.4772294],[27.4143303,37.477159],[27.4144297,37.4770837],[27.4145233,37.4770038],[27.4146106,37.4769196],[27.4146914,37.4768313],[27.414764,37.4767575],[27.4148426,37.4766878],[27.4149269,37.4766223],[27.4150166,37.4765615],[27.415105,37.476509],[27.4151974,37.4764609],[27.4153837,37.4763669],[27.4155752,37.4762795],[27.4157421,37.4762104],[27.4159123,37.4761464],[27.4160853,37.4760877],[27.4162611,37.4760342],[27.4167855,37.4758133],[27.4170347,37.475718],[27.4172811,37.4756181],[27.4175245,37.4755137],[27.4177274,37.4754221],[27.4179281,37.4753275],[27.4180856,37.4752547],[27.4182477,37.4751886],[27.418414,37.4751295],[27.4185839,37.4750773],[27.4186872,37.4750496],[27.4187914,37.4750244],[27.4190017,37.4749788],[27.4192142,37.4749406],[27.4194089,37.4749123],[27.4196023,37.4748789],[27.4197943,37.4748405],[27.4200393,37.4747837],[27.4202811,37.4747187],[27.4206298,37.4743525],[27.4206922,37.4743094],[27.420759,37.4742704],[27.4208295,37.4742359],[27.4209034,37.4742062],[27.4209901,37.4741785],[27.4210797,37.4741574],[27.4212594,37.4741173],[27.4214305,37.4740878],[27.4215996,37.4740521],[27.4217665,37.4740101],[27.4219307,37.4739619],[27.4220728,37.4739145],[27.4222123,37.4738625],[27.4223491,37.473806],[27.4224547,37.4737751],[27.4225626,37.4737497],[27.4226723,37.4737299],[27.4227721,37.4737169],[27.422873,37.4737125],[27.422974,37.4737166],[27.4230549,37.4737261],[27.4231345,37.4737412],[27.4232121,37.4737617],[27.4232872,37.4737874],[27.4236214,37.4739076],[27.4239591,37.4740215],[27.4240541,37.4740523],[27.4241525,37.4740755],[27.4242532,37.474091],[27.4243554,37.4740987],[27.4244403,37.474099],[27.424525,37.4740939],[27.4246942,37.4740843],[27.424863,37.4740699],[27.4250556,37.4740476],[27.4252469,37.474019],[27.4256288,37.4739593],[27.4259853,37.4738952],[27.4263395,37.4738236],[27.426446,37.4738096],[27.4265537,37.4738029],[27.4266616,37.4738035],[27.4267691,37.4738115],[27.4268753,37.4738267],[27.4269894,37.4738517],[27.4271001,37.4738851],[27.4272063,37.4739265],[27.4273071,37.4739758],[27.4277993,37.4741045],[27.4279758,37.4741591],[27.4281483,37.4742212],[27.4283163,37.4742908],[27.4284793,37.4743674],[27.4286271,37.4744457],[27.4287698,37.4745298],[27.4289068,37.4746197],[27.4290378,37.4747149],[27.429581,37.47513],[27.4299518,37.4754163],[27.4300529,37.4754832],[27.4301595,37.4755444],[27.430271,37.4755999],[27.4303556,37.4756368],[27.4304424,37.4756702],[27.430617,37.4757356],[27.4307944,37.4757959],[27.4309744,37.4758511],[27.4311766,37.4759062],[27.4313815,37.4759548],[27.4315886,37.4759969],[27.4317933,37.4760299],[27.431999,37.4760586],[27.4321065,37.476072],[27.4322148,37.4760805],[27.4323235,37.4760842],[27.4324487,37.4760825],[27.4325735,37.4760754],[27.4326977,37.4760629],[27.4328273,37.476044],[27.4329553,37.4760194],[27.4330813,37.4759889],[27.4333714,37.4759844],[27.4336615,37.4759846],[27.4339516,37.4759895],[27.4342881,37.4760009],[27.4346241,37.4760187],[27.4349595,37.4760427],[27.4353671,37.4760812],[27.4357735,37.4761273],[27.436142,37.4761758],[27.4365091,37.4762307],[27.4368746,37.4762917],[27.4375579,37.4764264],[27.4377953,37.476462],[27.4380341,37.4764912],[27.438274,37.4765142],[27.4384271,37.4765254],[27.4385805,37.4765341],[27.4388876,37.4765456],[27.4391045,37.4765486],[27.4393214,37.4765474],[27.4397553,37.4765461],[27.4401103,37.4765428],[27.4404654,37.4765477],[27.4407093,37.4765559],[27.4409529,37.4765679],[27.4411452,37.4765757],[27.4413378,37.4765771],[27.4415302,37.4765722],[27.4417523,37.4765585],[27.4419733,37.4765363],[27.4421927,37.4765056],[27.4429699,37.4764423],[27.4432523,37.4764128],[27.4435332,37.4763753],[27.4436357,37.4763595],[27.4437359,37.4763362],[27.4438329,37.4763056],[27.4439189,37.476271],[27.4440009,37.4762307],[27.4441641,37.4761495],[27.4443221,37.4760621],[27.4444746,37.4759687],[27.44459,37.4758915],[27.4447016,37.475811],[27.4448092,37.4757271],[27.4448677,37.4756837],[27.444932,37.4756458],[27.4450013,37.475614],[27.4450748,37.4755887],[27.4451317,37.4755743],[27.4451899,37.4755638],[27.4453068,37.4755446],[27.4454139,37.4755323],[27.4455218,37.4755248],[27.4457376,37.4755112],[27.4459539,37.4755036],[27.4461208,37.4755019],[27.4462878,37.4755039],[27.4466217,37.4755084],[27.4470524,37.4755205],[27.4474827,37.4755398],[27.4482813,37.4755712],[27.4487796,37.4755621],[27.4487863,37.4756233],[27.4489365,37.4756191],[27.4489351,37.4755749],[27.4492047,37.4755754],[27.4491967,37.4754381],[27.4500295,37.4753785],[27.4505559,37.4752992],[27.451219,37.4752056],[27.4514347,37.4751654],[27.4516481,37.475118],[27.4518587,37.4750635],[27.4520479,37.4750078],[27.4522341,37.4749464],[27.4524173,37.4748794],[27.4529678,37.4747378],[27.453121,37.4747101],[27.4532759,37.474689],[27.4534319,37.4746747],[27.4535888,37.474667],[27.4537287,37.4746659],[27.4538685,37.4746702],[27.4540079,37.4746798],[27.4540801,37.4746801],[27.4541522,37.4746762],[27.4542238,37.4746681],[27.4542942,37.474656],[27.4543633,37.4746399],[27.4544574,37.4746161],[27.4545544,37.4746012],[27.4546529,37.4745952],[27.4547135,37.474596],[27.4547739,37.4746003],[27.4548938,37.4746138],[27.4550117,37.4746356],[27.455077,37.4746516],[27.4551412,37.4746701],[27.455273,37.4746987],[27.4554066,37.4747213],[27.4555564,37.4747393],[27.4557072,37.4747497],[27.4558586,37.4747526],[27.4560099,37.474748],[27.4561605,37.4747357],[27.4563099,37.474716],[27.4569348,37.4747964],[27.4574619,37.4748762],[27.4580191,37.4749608],[27.4581843,37.4749949],[27.4583476,37.4750345],[27.4585086,37.4750795],[27.4586715,37.4751311],[27.4588314,37.4751883],[27.4589881,37.4752508],[27.4592227,37.4754195],[27.4592699,37.4754546],[27.4593228,37.4754841],[27.4593803,37.4755075],[27.4594413,37.4755244],[27.4594807,37.4755314],[27.459521,37.4755317],[27.4595606,37.4755254],[27.4595976,37.4755126],[27.4596294,37.4754948],[27.4596559,37.4754722],[27.4597618,37.475443],[27.4598705,37.4754211],[27.4599811,37.4754067],[27.4600446,37.475402],[27.4601082,37.4753997],[27.4602356,37.4753995],[27.4603627,37.4754062],[27.4604842,37.4754191],[27.4606037,37.475441],[27.4607201,37.4754717],[27.4608061,37.4755007],[27.4608875,37.4755371],[27.4609635,37.4755802],[27.4610296,37.4756269],[27.4610892,37.4756787],[27.4612096,37.4757814],[27.4613534,37.4759163],[27.4614932,37.4760538],[27.4616304,37.4761952],[27.4617635,37.4763391],[27.4618115,37.4763759],[27.4618512,37.4764185],[27.4618815,37.4764657],[27.4618941,37.4764937],[27.4619148,37.4765184],[27.4619424,37.4765384],[27.4619754,37.4765525],[27.4620063,37.4765592],[27.4620383,37.4765607],[27.4620994,37.4765751],[27.4621578,37.4765956],[27.4622151,37.4766233],[27.4622673,37.4766569],[27.4623133,37.4766956],[27.4623376,37.4767073],[27.4623648,37.4767138],[27.4623931,37.4767148],[27.4624198,37.4767105],[27.4624444,37.4767012],[27.4624655,37.4766876],[27.4625866,37.4767753],[27.4627049,37.4768654],[27.4627793,37.4769244],[27.4628607,37.4769772],[27.4629483,37.4770234],[27.4630305,37.4770585],[27.4631162,37.4770877],[27.4632882,37.4771447],[27.4634637,37.4771945],[27.4636424,37.4772368],[27.4638431,37.4772748],[27.4640463,37.4773034],[27.4642512,37.4773225],[27.4647582,37.4773954],[27.4649043,37.477433],[27.4650465,37.4774792],[27.465184,37.4775338],[27.4653151,37.4775959],[27.4654401,37.4776657],[27.4654374,37.4778541],[27.4654443,37.477916],[27.4654592,37.477977],[27.4654821,37.4780364],[27.4655125,37.4780936],[27.4655563,37.4781555],[27.4656091,37.4782129],[27.4656701,37.4782649],[27.4657267,37.4783271],[27.4657917,37.4783839],[27.465864,37.4784347],[27.465943,37.4784788],[27.4660269,37.4785156],[27.4661053,37.4785594],[27.466177,37.4786098],[27.4662414,37.4786662],[27.4662913,37.4787201],[27.4663343,37.4787775],[27.4663702,37.478838],[27.4667524,37.4789562],[27.4668326,37.4789817],[27.4669083,37.4790149],[27.4669784,37.4790551],[27.4670435,37.4791034],[27.4671004,37.4791578],[27.4679607,37.4792999],[27.4680697,37.4793261],[27.468181,37.4793452],[27.4682938,37.4793571],[27.4684075,37.4793617],[27.4685213,37.479359],[27.4685909,37.4793537],[27.4686602,37.4793457],[27.4688,37.4793416],[27.4689397,37.4793468],[27.4690802,37.4793613],[27.4692194,37.4793823],[27.4693568,37.4794095],[27.4694805,37.4794399],[27.469602,37.4794754],[27.4697209,37.479516],[27.4700408,37.4793718],[27.470155,37.4793975],[27.4702718,37.4794143],[27.4703901,37.4794219],[27.4705088,37.4794202],[27.4706257,37.4794094],[27.4707412,37.4793918],[27.4708548,37.4793675],[27.4709343,37.4793462],[27.4710123,37.4793215],[27.4711662,37.4792686],[27.4713162,37.4792089],[27.4714028,37.4791705],[27.4714927,37.4791371],[27.4715853,37.4791089],[27.4716803,37.479086],[27.4717788,37.4790683],[27.4718788,37.4790563],[27.4719795,37.4790502],[27.4720806,37.4790498],[27.4721427,37.4790145],[27.472199,37.4789734],[27.4722487,37.4789274],[27.4722911,37.4788769],[27.4723241,37.4788254],[27.4723495,37.4787712],[27.4723669,37.4787151],[27.4723853,37.4786837],[27.472411,37.4786558],[27.4724431,37.4786324],[27.4724803,37.4786143],[27.4725211,37.4786023],[27.472554,37.4785975],[27.4725875,37.4785966],[27.4726541,37.4785988],[27.4727196,37.4786087],[27.4727586,37.4786185],[27.4727963,37.4786311],[27.4728688,37.4786611],[27.4729357,37.4786984],[27.4729959,37.4787422],[27.4730478,37.4787912],[27.4730914,37.4788451],[27.473126,37.478903],[27.4731571,37.4789274],[27.4731925,37.4789478],[27.4732314,37.4789637],[27.4732728,37.4789748],[27.4733212,37.4789812],[27.4733702,37.4789809],[27.4734185,37.4789741],[27.4734646,37.478961],[27.4741633,37.4791876],[27.4748547,37.4794159],[27.4749261,37.4794392],[27.4750005,37.4794553],[27.4750769,37.4794642],[27.475154,37.4794656],[27.4752308,37.4794596],[27.4753067,37.479446],[27.4753798,37.4794253],[27.4754492,37.4793975],[27.4755138,37.4793632],[27.4755522,37.4793432],[27.4755849,37.4793177],[27.4756109,37.4792876],[27.4756292,37.4792542],[27.4756379,37.4792247],[27.4756406,37.4791944],[27.4756372,37.4791642],[27.4759002,37.4790982],[27.4761656,37.4790386],[27.4763805,37.4789955],[27.4765968,37.4789567],[27.4765888,37.4788922],[27.4765886,37.4788275],[27.4765961,37.478763],[27.4766137,37.4786913],[27.4766408,37.4786214],[27.4766771,37.4785543],[27.4767221,37.4784905],[27.4774919,37.4782809],[27.4777653,37.4782088],[27.4780354,37.4781293],[27.478302,37.4780425],[27.4785296,37.4779616],[27.478754,37.4778753],[27.4789752,37.4777839],[27.4790685,37.4777652],[27.4791636,37.4777541],[27.4792596,37.4777504],[27.4793556,37.4777544],[27.4794507,37.477766],[27.4795438,37.4777849],[27.4796427,37.4778141],[27.479737,37.4778516],[27.4798255,37.4778971],[27.4799073,37.4779499],[27.4799451,37.4779739],[27.4799876,37.4779921],[27.4800336,37.4780039],[27.4800816,37.4780091],[27.4801299,37.4780074],[27.4801735,37.4779997],[27.480215,37.4779864],[27.4802531,37.4779679],[27.4802868,37.4779446],[27.4807374,37.477488],[27.4808622,37.4774959],[27.480986,37.4775107],[27.4811082,37.4775322],[27.4812283,37.4775604],[27.4813597,37.4775997],[27.4814869,37.477647],[27.4816091,37.4777019],[27.4816717,37.4777292],[27.4817388,37.4777486],[27.4818088,37.4777596],[27.4818801,37.477762],[27.4819511,37.4777557],[27.48202,37.4777409],[27.4820852,37.4777179],[27.4821354,37.477693],[27.4821813,37.4776633],[27.482222,37.4776292],[27.4822569,37.4775912],[27.4825291,37.4770559],[27.4826,37.4770426],[27.4826722,37.4770351],[27.4827451,37.4770335],[27.4828056,37.4770367],[27.4828657,37.477044],[27.4829856,37.4770589],[27.4831045,37.4770782],[27.4832509,37.4771085],[27.4833944,37.4771463],[27.4835345,37.4771917],[27.4836704,37.4772443],[27.4837903,37.4772984],[27.4839059,37.4773582],[27.4840167,37.4774234],[27.4841224,37.4774938],[27.4844925,37.4773268],[27.4847949,37.477174],[27.4848354,37.4771587],[27.4848785,37.4771488],[27.4849231,37.4771447],[27.4849679,37.4771464],[27.4850126,37.477154],[27.485055,37.4771674],[27.485094,37.4771863],[27.4853401,37.4771825],[27.4853565,37.4771377],[27.4853776,37.4770942],[27.4853938,37.4770666],[27.4854156,37.4770417],[27.4854425,37.4770199],[27.4854735,37.4770021],[27.4855159,37.4769864],[27.4855615,37.476978],[27.4856083,37.4769771],[27.4861488,37.4769612],[27.4866933,37.4765706],[27.4874242,37.4762513],[27.4875412,37.476182],[27.4876526,37.476107],[27.4877579,37.4760266],[27.4878567,37.4759412],[27.4879485,37.4758511],[27.4880383,37.4757504],[27.4881194,37.4756452],[27.4881915,37.475536],[27.4882543,37.4754232],[27.4882994,37.4753425],[27.488337,37.4752593],[27.488367,37.4751742],[27.4883858,37.4751028],[27.4883972,37.4750304],[27.4884012,37.4749576],[27.4883978,37.4748847],[27.4883873,37.4748141],[27.4883698,37.4747445],[27.4883455,37.4746761],[27.4884156,37.4745792],[27.4884778,37.4744791],[27.4885319,37.4743759],[27.4885718,37.4742852],[27.4886053,37.4741929],[27.4886325,37.4740992],[27.4886571,37.4740427],[27.4886727,37.4739843],[27.4886792,37.4739183],[27.4886741,37.4738523],[27.4887137,37.4738012],[27.4887599,37.4737536],[27.4888122,37.4737102],[27.4888699,37.4736714],[27.488936,37.4736358],[27.4890067,37.4736063],[27.4891386,37.4735351],[27.4892651,37.473458],[27.4893857,37.4733753],[27.4895002,37.4732871],[27.4896057,37.473196],[27.4897045,37.4731004],[27.4897964,37.4730004],[27.4898811,37.4728965],[27.4905597,37.4729316],[27.490642,37.4729412],[27.4907226,37.4729573],[27.4908009,37.4729797],[27.4908758,37.4730083],[27.4909468,37.4730428],[27.491013,37.4730828],[27.4910742,37.4731282],[27.4911283,37.4731789],[27.4911747,37.4732343],[27.4912128,37.4732935],[27.4912312,37.4733303],[27.491242,37.4733689],[27.4912448,37.4734085],[27.4912396,37.4734478],[27.4912271,37.4734847],[27.4912208,37.4735225],[27.4912208,37.4735607],[27.4912284,37.4736031],[27.4912437,37.4736442],[27.4912664,37.4736831],[27.4911189,37.4745154],[27.491141,37.4748975],[27.4911761,37.4750083],[27.4912184,37.4751174],[27.4912678,37.4752247],[27.4912866,37.4752616],[27.4913124,37.4752957],[27.4913446,37.4753263],[27.4913823,37.4753525],[27.4914247,37.4753738],[27.4914729,37.4753902],[27.4915234,37.4754016],[27.4915754,37.4754079],[27.4916279,37.4754089],[27.4916607,37.4754068],[27.4916915,37.4753975],[27.4917177,37.4753817],[27.4917356,37.4753631],[27.491747,37.4753416],[27.4917512,37.4753184],[27.4920939,37.4752764],[27.492751,37.4745611],[27.4930608,37.4741833],[27.4931373,37.4741292],[27.4932203,37.4740815],[27.4933089,37.4740407],[27.4933926,37.4740103],[27.4934795,37.4739861],[27.4935687,37.4739683],[27.4936596,37.473957],[27.4937515,37.4739523],[27.4939123,37.473972],[27.494072,37.4739969],[27.4942303,37.4740268],[27.4944256,37.4740714],[27.4946175,37.4741244],[27.4948056,37.4741856],[27.4949891,37.4742548],[27.4951677,37.4743318],[27.4953407,37.4744164],[27.4954911,37.4744987],[27.4956362,37.4745868],[27.4957757,37.4746804],[27.4959093,37.4747793],[27.4959535,37.4748032],[27.4959934,37.4748313],[27.4960285,37.4748633],[27.4960582,37.4748985],[27.4960838,37.4749399],[27.4961019,37.4749837],[27.4961122,37.4750291],[27.4961145,37.4750752],[27.4962285,37.4756521],[27.4962446,37.4757724],[27.496256,37.4758931],[27.4962593,37.475942],[27.4962546,37.4759907],[27.4962421,37.4760385],[27.4962218,37.4760847],[27.496204,37.4761145],[27.4961829,37.476143],[27.4961521,37.4762042],[27.4961296,37.4762677],[27.4961159,37.4763327],[27.4961109,37.4763973],[27.4961145,37.4764619],[27.4961266,37.4765259],[27.4961225,37.4765731],[27.4961078,37.476619],[27.4960876,37.4766556],[27.4960606,37.4766894],[27.4960275,37.4767196],[27.495989,37.4767455],[27.4958631,37.4768675],[27.4957734,37.4769479],[27.4956807,37.4770261],[27.4956628,37.477046],[27.4956522,37.4770689],[27.4956497,37.4770933],[27.4956554,37.4771173],[27.495669,37.4771392],[27.4956894,37.4771575],[27.495715,37.4771708],[27.495744,37.4771782],[27.4957746,37.4771793],[27.4961098,37.4770836],[27.4966295,37.4773544],[27.4967414,37.4773983],[27.4968479,37.4774501],[27.496948,37.4775093],[27.4970098,37.4775518],[27.4970657,37.4775992],[27.4971153,37.4776508],[27.4971579,37.4777062],[27.4971805,37.4777419],[27.4972002,37.4777787],[27.49725,37.4778481],[27.4973069,37.477914],[27.4973705,37.477976],[27.497449,37.4780401],[27.4975197,37.4781097],[27.4975817,37.4781844],[27.4976347,37.4782633],[27.4976628,37.4783144],[27.4976855,37.4783672],[27.4977024,37.4784214],[27.4977141,37.4784809],[27.4977163,37.4785412],[27.4977091,37.4786012],[27.497695,37.4786528],[27.497674,37.4787029],[27.4976461,37.4787508],[27.4976119,37.478796],[27.4975964,37.4788337],[27.497589,37.4788729],[27.4975897,37.4789125],[27.4975989,37.4789521],[27.4976163,37.4789899],[27.4976414,37.4790248],[27.4976601,37.4790663],[27.4976702,37.4791096],[27.4976715,37.4791536],[27.4976654,37.479192],[27.4976526,37.4792293],[27.4976333,37.4792648],[27.4980135,37.4795303],[27.4980419,37.4795729],[27.4980605,37.4796187],[27.4980681,37.4796594],[27.4980678,37.4797006],[27.4981545,37.4797221],[27.4982383,37.4797498],[27.4983185,37.4797835],[27.4983944,37.479823],[27.4984417,37.4798519],[27.4984867,37.4798831],[27.4985839,37.4799381],[27.4986856,37.4799876],[27.4987914,37.4800316],[27.4989215,37.4800762],[27.4990558,37.4801124],[27.4991933,37.4801398],[27.4993332,37.4801583],[27.4994052,37.4801676],[27.4994781,37.4801683],[27.4995504,37.4801604],[27.4996237,37.480143],[27.4996927,37.4801167],[27.4997556,37.4800822],[27.5000772,37.4801504],[27.5003967,37.4802248],[27.5005171,37.4802546],[27.5006401,37.4802769],[27.5007376,37.4802891],[27.5008358,37.4802965],[27.5009345,37.4802993],[27.501554,37.480601],[27.5016489,37.4806369],[27.5017469,37.4806669],[27.5018476,37.4806908],[27.5019503,37.4807085],[27.5020567,37.4807199],[27.5021637,37.4807257],[27.5022711,37.4807258],[27.5023782,37.4807202],[27.5025113,37.4807051],[27.5026454,37.4806973],[27.5027798,37.4806968],[27.5029164,37.4807037],[27.5030521,37.480718],[27.5031576,37.4807145],[27.5032621,37.4807024],[27.5033645,37.4806819],[27.5034682,37.4806517],[27.5035672,37.4806129],[27.5036604,37.4805659],[27.5037467,37.4805113],[27.5038152,37.4804775],[27.5038778,37.4804373],[27.5039339,37.4803913],[27.5039824,37.4803402],[27.5040149,37.480297],[27.504042,37.4802514],[27.5041062,37.4801646],[27.5041711,37.4800844],[27.5042316,37.4800021],[27.5042711,37.4799432],[27.5043019,37.4798811],[27.5043234,37.4798166],[27.5043339,37.4797632],[27.504338,37.4797092],[27.5043559,37.4796022],[27.5043729,37.4795161],[27.5043821,37.4794293],[27.5043834,37.4793422],[27.5043774,37.479259],[27.5044063,37.4792023],[27.5044279,37.4791437],[27.504442,37.4790836],[27.5044485,37.4790227],[27.5044475,37.4789643],[27.5044573,37.4789064],[27.5044776,37.4788503],[27.5045046,37.4788024],[27.5045392,37.4787578],[27.5045809,37.4787172],[27.5046037,37.4786764],[27.5046195,37.4786335],[27.5046279,37.4785893],[27.5046289,37.478547],[27.5046232,37.4785049],[27.5046514,37.4784451],[27.5046859,37.4783873],[27.5047177,37.4783429],[27.5047532,37.4783004],[27.5048169,37.4782117],[27.5049071,37.4780731],[27.5049212,37.4780492],[27.5049411,37.4780279],[27.5049658,37.4780103],[27.5049864,37.4780001],[27.5050086,37.4779924],[27.505054,37.4779791],[27.5051013,37.4779706],[27.5051508,37.4779672],[27.5052005,37.477969],[27.5052495,37.4779762],[27.5052967,37.4779885],[27.5054667,37.4779669],[27.5055351,37.4779585],[27.5056019,37.4779441],[27.5056662,37.4779238],[27.5057347,37.4778943],[27.505798,37.4778581],[27.5058304,37.4778503],[27.5058644,37.4778503],[27.5058969,37.4778581],[27.5059234,37.4778719],[27.5059441,37.4778908],[27.5059888,37.4779516],[27.5060293,37.4780143],[27.5060603,37.478069],[27.5061004,37.4781198],[27.5061487,37.4781659],[27.5061894,37.4781966],[27.5062338,37.4782239],[27.5063238,37.4782771],[27.5064183,37.478325],[27.5065168,37.4783676],[27.506644,37.4784127],[27.5067758,37.4784489],[27.5069109,37.4784758],[27.5070485,37.4784932],[27.5071102,37.4785061],[27.5071734,37.478513],[27.5072372,37.4785139],[27.5073007,37.4785086],[27.5073598,37.4784981],[27.5074171,37.4784822],[27.5074717,37.4784613],[27.507825,37.478514],[27.5079201,37.4785267],[27.5080125,37.4785487],[27.5081006,37.4785798],[27.5081831,37.4786193],[27.5082167,37.4786389],[27.5082465,37.4786621],[27.5082716,37.4786885],[27.5082911,37.4787163],[27.5083055,37.4787461],[27.5083145,37.4787771],[27.508888,37.4791309],[27.5089594,37.4791154],[27.5090291,37.4790955],[27.5090967,37.4790715],[27.5091759,37.4790366],[27.5092507,37.4789959],[27.5093204,37.4789498],[27.5094068,37.4788938],[27.5094887,37.4788338],[27.5095749,37.4787616],[27.5096546,37.4786849],[27.5097274,37.4786039],[27.509798,37.4785186],[27.5098734,37.4784359],[27.5099534,37.4783559],[27.5100373,37.4782794],[27.5101254,37.4782059],[27.5102176,37.4781356],[27.5103933,37.4779957],[27.5103876,37.4779645],[27.5103894,37.4779331],[27.5103986,37.4779025],[27.5104188,37.4778689],[27.5104479,37.4778397],[27.5104845,37.4778163],[27.510586,37.4777574],[27.5106923,37.477704],[27.5107906,37.4776614],[27.5108855,37.4776142],[27.5109766,37.4775625],[27.5110772,37.4774971],[27.5111718,37.4774263],[27.5111591,37.4773718],[27.5111543,37.4773166],[27.5111566,37.4772684],[27.5111649,37.4772205],[27.5111791,37.4771735],[27.5112353,37.4771604],[27.511293,37.4771525],[27.5113514,37.4771497],[27.5114098,37.4771522],[27.511465,37.4771595],[27.5115188,37.4771714],[27.5115459,37.4771774],[27.5115708,37.4771879],[27.511597,37.4772063],[27.5116162,37.4772295],[27.5116271,37.477256],[27.5116353,37.4772621],[27.5116459,37.477265],[27.5116564,37.4772645],[27.511666,37.4772608],[27.5116778,37.4772438],[27.5116942,37.4772293],[27.5117142,37.4772182],[27.5117386,37.4772106],[27.5117645,37.477208],[27.5117904,37.4772104],[27.5118148,37.4772177],[27.511861,37.4772292],[27.5119043,37.4772464],[27.5119436,37.4772687],[27.511981,37.4772986],[27.5120113,37.4773331],[27.511967,37.477446],[27.511971,37.4774601],[27.5119798,37.4774728],[27.5119925,37.4774832],[27.512015,37.4774922],[27.5120401,37.4774938],[27.5120691,37.4774771],[27.5121029,37.4774678],[27.5121387,37.4774667],[27.512165,37.4774714],[27.5121893,37.4774806],[27.5122105,37.4774938],[27.5122853,37.4775378],[27.5123627,37.477579],[27.5124205,37.477614],[27.512476,37.4776514],[27.5125975,37.477516],[27.5127261,37.4773848],[27.5128455,37.4772725],[27.5129702,37.4771639],[27.513116,37.4770465],[27.5132679,37.476934],[27.5133461,37.4768689],[27.5134289,37.4768075],[27.513516,37.4767499],[27.5136157,37.4766917],[27.5137199,37.4766387],[27.5137863,37.4767047],[27.5136696,37.4767759],[27.5135565,37.4768506],[27.513447,37.4769287],[27.5133369,37.4770135],[27.5132311,37.4771017],[27.5131298,37.4771932],[27.5130353,37.477295],[27.5129348,37.4773931],[27.5128285,37.4774873],[27.5127167,37.4775774],[27.5125761,37.4776794],[27.5125007,37.4777256],[27.5124284,37.4777748],[27.5123425,37.4778405],[27.5122621,37.4779105],[27.5122924,37.4779472],[27.5123151,37.4779871],[27.5123298,37.4780302],[27.5123356,37.4780746],[27.5123325,37.4781191],[27.5123314,37.4781923],[27.5123318,37.4782289],[27.5123352,37.4782655],[27.5123478,37.4783278],[27.5123688,37.4783887],[27.512398,37.4784474],[27.5124351,37.4785033],[27.5124184,37.4785416],[27.5124101,37.4785816],[27.5124102,37.4786221],[27.5124189,37.478662],[27.5124358,37.4787002],[27.5124579,37.4787326],[27.512486,37.4787619],[27.5125193,37.4787875],[27.5125571,37.4788088],[27.5125946,37.4788212],[27.5126345,37.4788273],[27.5126752,37.4788269],[27.5128052,37.4787895],[27.5129385,37.4787599],[27.5130741,37.4787385],[27.513189,37.4787269],[27.5133047,37.478721],[27.5134205,37.478721],[27.5135361,37.4787268],[27.5135562,37.4787675],[27.5135846,37.478805],[27.5136205,37.4788383],[27.5136629,37.4788662],[27.5137119,37.4788887],[27.5137651,37.4789042],[27.5138208,37.4789122],[27.5138775,37.4789125],[27.513926,37.4789065],[27.5139728,37.4788947],[27.5140169,37.4788774],[27.5140572,37.4788551],[27.5140812,37.4788299],[27.5141128,37.4788106],[27.5141497,37.4787987],[27.5141859,37.4787948],[27.5142221,37.4787981],[27.5142563,37.4788082],[27.5144463,37.4788749],[27.5146379,37.4789386],[27.5148106,37.4789932],[27.5148969,37.4790208],[27.5149845,37.4790456],[27.5151047,37.4790745],[27.5152266,37.4790981],[27.5152889,37.4791048],[27.51535,37.4791163],[27.5154218,37.4791368],[27.5154899,37.4791639],[27.5155535,37.4791973],[27.5156115,37.4792366],[27.5157486,37.4791996],[27.5158824,37.4791557],[27.5159967,37.4791116],[27.5161077,37.4790623],[27.516215,37.4790082],[27.5163183,37.4789492],[27.516393,37.4789001],[27.5164639,37.4788475],[27.5165308,37.4787917],[27.5166725,37.4786764],[27.5168165,37.4785629],[27.5168992,37.4785702],[27.5169823,37.4785713],[27.5170653,37.4785661],[27.5171429,37.4785556],[27.5172191,37.4785395],[27.5172932,37.4785182],[27.5173341,37.4784705],[27.5173827,37.4784276],[27.5174383,37.4783904],[27.5174998,37.4783596],[27.517565,37.4783361],[27.5176336,37.4783197],[27.5177044,37.4783108],[27.517776,37.4783096],[27.5178376,37.4783145],[27.5178981,37.4783248],[27.5179567,37.4783405],[27.5180127,37.4783612],[27.5181296,37.4784087],[27.5182434,37.4784607],[27.518309,37.4784199],[27.5183793,37.4783845],[27.5184539,37.4783549],[27.5185318,37.4783314],[27.5186138,37.478314],[27.5186978,37.4783034],[27.5187826,37.4782996],[27.5188675,37.4783028],[27.5189515,37.4783128],[27.5190506,37.4783293],[27.5191482,37.4783506],[27.5191969,37.4783615],[27.5192439,37.4783767],[27.519299,37.4784014],[27.5193491,37.478432],[27.5193933,37.478468],[27.5194307,37.4785085],[27.5194605,37.4785528],[27.5196918,37.4788407],[27.5195637,37.4789934],[27.5195644,37.4790171],[27.5195724,37.4790399],[27.5195872,37.4790605],[27.519608,37.4790775],[27.5196349,37.4790905],[27.5196652,37.4790974],[27.5196968,37.4790979],[27.5197273,37.4790919],[27.5198078,37.4790429],[27.5198684,37.4790603],[27.5199251,37.4790845],[27.5199769,37.479115],[27.5200226,37.479151],[27.5200613,37.4791919],[27.5200898,37.4792328],[27.5201112,37.4792763],[27.5201253,37.4793216],[27.5201317,37.479368],[27.5201249,37.4794059],[27.5201261,37.4794441],[27.5201351,37.4794817],[27.5201518,37.4795176],[27.5201733,37.479548],[27.5202004,37.4795755],[27.5202153,37.4795884],[27.5202323,37.4795995],[27.5202629,37.4796133],[27.5202965,37.4796215],[27.5203315,37.4796239],[27.5203664,37.4796203],[27.5205166,37.4795798],[27.5205611,37.4795842],[27.520604,37.4795945],[27.5206441,37.4796104],[27.5206802,37.4796314],[27.5207177,37.4796634],[27.520746,37.4797009],[27.520764,37.4797421],[27.520837,37.4797767],[27.5209082,37.4798134],[27.5210031,37.4798677],[27.5210942,37.4799259],[27.5211392,37.4799555],[27.5211811,37.479988],[27.5212346,37.4800385],[27.5212804,37.4800935],[27.5213179,37.4801524],[27.5213489,37.480213],[27.5213735,37.4802755],[27.5213916,37.4803393],[27.5214031,37.4804041],[27.5210483,37.4806228],[27.5210348,37.4806412],[27.5210276,37.4806617],[27.5210272,37.480683],[27.5210336,37.4807037],[27.5210468,37.4807228],[27.5210659,37.4807386],[27.5210896,37.4807498],[27.5211161,37.4807558],[27.5212622,37.4806547],[27.5213702,37.4806595],[27.5220837,37.4800853],[27.5225329,37.4796831],[27.5226715,37.47955],[27.5228152,37.4794205],[27.5229641,37.4792946],[27.5231215,37.4791698],[27.523284,37.4790491],[27.5234513,37.4789326],[27.5236233,37.4788205],[27.5237981,37.4786944],[27.5239646,37.4785613],[27.5241409,37.4784075],[27.5242086,37.4784592],[27.5240848,37.4785792],[27.5239545,37.4786949],[27.5238066,37.4788148],[27.5236519,37.4789291],[27.5234905,37.4790376],[27.523056,37.4793478],[27.5227093,37.4796793],[27.5227629,37.4797251],[27.5224464,37.4799087],[27.5224666,37.4799991],[27.5223943,37.4800209],[27.5223271,37.4800513],[27.5222818,37.4800787],[27.5222407,37.4801101],[27.5222044,37.4801449],[27.5218564,37.4804089],[27.5215526,37.4806457],[27.5215513,37.4809149],[27.5220957,37.4805691],[27.5221125,37.4806446],[27.52214,37.4806515],[27.5221688,37.4806526],[27.5221985,37.4806472],[27.5222252,37.4806357],[27.5222469,37.4806188],[27.522262,37.4805978],[27.5222824,37.4805592],[27.5222949,37.4805185],[27.5222922,37.4804142],[27.5223146,37.4804191],[27.5223377,37.48042],[27.5223606,37.4804169],[27.5223903,37.4804058],[27.5224143,37.4803881],[27.5224858,37.4803304],[27.5225524,37.4802689],[27.5226287,37.4801889],[27.5226979,37.4801049],[27.5227267,37.4800601],[27.5227596,37.4800172],[27.5228092,37.4799636],[27.5228652,37.4799141],[27.5229271,37.4798692],[27.5229943,37.4798294],[27.523049,37.4798079],[27.5231065,37.4797915],[27.5231659,37.4797804],[27.5232338,37.4797744],[27.5233022,37.4797753],[27.5233698,37.4797831],[27.5236219,37.4798619],[27.5236778,37.4798573],[27.5237326,37.4798475],[27.5237849,37.4798328],[27.5238348,37.4798134],[27.5238814,37.4797895],[27.5239853,37.4797251],[27.524096,37.4796684],[27.5242127,37.4796197],[27.5242963,37.4795911],[27.524382,37.4795666],[27.5244249,37.4795542],[27.5244695,37.4795463],[27.5245219,37.479543],[27.5245744,37.479546],[27.5246257,37.4795551],[27.5246747,37.4795702],[27.5247145,37.4795891],[27.5247501,37.4796126],[27.5247807,37.4796403],[27.5248054,37.4796714],[27.5246358,37.4798203],[27.5244936,37.4797682],[27.5241778,37.4800428],[27.5241542,37.4800637],[27.5241367,37.4800881],[27.5241261,37.4801149],[27.5241228,37.4801428],[27.5241276,37.4801722],[27.5241405,37.4802001],[27.5241609,37.4802249],[27.5241879,37.4802455],[27.5242268,37.480268],[27.5242703,37.4802844],[27.5243155,37.4802938],[27.524362,37.4802967],[27.5244085,37.4802929],[27.5244494,37.4802849],[27.5244886,37.4802727],[27.5245315,37.4803498],[27.5245123,37.4803594],[27.5244975,37.4803731],[27.5244886,37.4803897],[27.5244866,37.4804106],[27.5244938,37.4804308],[27.5245094,37.4804477],[27.5245262,37.4804573],[27.5245456,37.4804629],[27.5246127,37.4804089],[27.5247293,37.4805259],[27.5247542,37.480536],[27.524781,37.4805424],[27.5248088,37.4805448],[27.5248456,37.4805419],[27.5248805,37.480532],[27.5249114,37.4805158],[27.5249347,37.4804948],[27.5249505,37.4804698],[27.5249577,37.4804424],[27.5249482,37.4804082],[27.5249446,37.4803733],[27.5249469,37.4803384],[27.5249572,37.4802983],[27.5249752,37.4802601],[27.5250006,37.4802245],[27.5250924,37.4802365],[27.5250802,37.4802729],[27.5250783,37.4803107],[27.5250869,37.4803478],[27.5251055,37.4803825],[27.525133,37.4804129],[27.5251682,37.4804379],[27.5252082,37.4804551],[27.5252521,37.4804647],[27.5252976,37.4804661],[27.5253586,37.4804751],[27.5254169,37.480492],[27.5254708,37.4805164],[27.5255189,37.4805475],[27.5255628,37.4805233],[27.5256103,37.4805041],[27.5256607,37.48049],[27.5257161,37.4804812],[27.5257725,37.4804787],[27.5258287,37.4804826],[27.525912,37.4804814],[27.5259944,37.4804721],[27.5260748,37.4804546],[27.5261962,37.4806393],[27.526054,37.4807175],[27.5260775,37.4808277],[27.5260141,37.4808495],[27.5260097,37.4808673],[27.5260087,37.4808854],[27.526016,37.4809176],[27.5260342,37.4809469],[27.5260536,37.480967],[27.5260769,37.4809843],[27.5261036,37.4809982],[27.5260749,37.4810199],[27.5260526,37.4810461],[27.5260379,37.4810754],[27.5260314,37.4811076],[27.526034,37.4811401],[27.5260456,37.4811714],[27.526061,37.4811881],[27.5260704,37.4812075],[27.5260729,37.4812281],[27.5260684,37.4812486],[27.5260584,37.481266],[27.5260434,37.4812809],[27.5260242,37.4812925],[27.5258552,37.4813026],[27.5258244,37.4813101],[27.5257985,37.4813252],[27.5257801,37.4813462],[27.5257723,37.4813656],[27.5257711,37.481386],[27.5257766,37.4814058],[27.5257885,37.4814239],[27.5259279,37.4814917],[27.5259259,37.4815156],[27.525929,37.4815394],[27.5259389,37.4815659],[27.5259552,37.4815903],[27.5259772,37.4816117],[27.5260163,37.48164],[27.5260395,37.4816501],[27.5260611,37.4816623],[27.5260908,37.481685],[27.526115,37.4817116],[27.5261329,37.4817411],[27.5261368,37.4817572],[27.5261439,37.4817727],[27.5261604,37.4817943],[27.5261829,37.481812],[27.5262102,37.481825],[27.5262405,37.4818324],[27.5262723,37.4818339],[27.526309,37.4818311],[27.5263447,37.4818235],[27.5263782,37.4818113],[27.5265519,37.481661],[27.526528,37.4816273],[27.5264989,37.4815963],[27.5264731,37.4815744],[27.5264574,37.4815657],[27.5264446,37.4815545],[27.526433,37.4815365],[27.5264286,37.4815166],[27.5264319,37.4814965],[27.5264426,37.4814782],[27.5264631,37.4814564],[27.5264895,37.4814391],[27.5265204,37.4814274],[27.5266491,37.4813795],[27.5266228,37.4814007],[27.5266047,37.4814268],[27.5265962,37.4814558],[27.5265977,37.4814854],[27.5266092,37.4815136],[27.5266297,37.4815383],[27.5266578,37.4815577],[27.5267329,37.4816068],[27.5268104,37.4816535],[27.5269328,37.4816535],[27.5269428,37.4817357],[27.5269223,37.4817291],[27.5269003,37.4817272],[27.5268784,37.4817301],[27.5268583,37.4817376],[27.526841,37.4817496],[27.5268287,37.4817651],[27.5268223,37.4817826],[27.5268225,37.4818009],[27.5268121,37.4818339],[27.526809,37.4818678],[27.5268133,37.4819017],[27.5268248,37.4819345],[27.5268431,37.4819649],[27.5268675,37.4819924],[27.5268976,37.4820161],[27.5269908,37.4820161],[27.5269873,37.4820495],[27.5269932,37.4820827],[27.5270082,37.4821141],[27.5270266,37.482137],[27.5270498,37.482157],[27.5270773,37.4821734],[27.527254,37.4820507],[27.5273431,37.4821313],[27.5271514,37.4822521],[27.5271488,37.4822752],[27.5271543,37.4822979],[27.5271673,37.4823186],[27.5271869,37.4823357],[27.527212,37.482348],[27.5272405,37.4823544],[27.5272701,37.4823543],[27.5273659,37.4822915],[27.5274055,37.4823301],[27.5273776,37.4823511],[27.5273556,37.4823761],[27.5273402,37.4824045],[27.5273325,37.4824348],[27.5273327,37.4824656],[27.5273408,37.4824958],[27.5273727,37.4826342],[27.5274487,37.4826357],[27.5275246,37.4826325],[27.5276,37.4826246],[27.5276741,37.4826122],[27.5277468,37.4825952],[27.5278176,37.4825738],[27.5278811,37.4825364],[27.52795,37.4825057],[27.5280277,37.482481],[27.5281089,37.4824647],[27.5283141,37.4825804],[27.5283027,37.4825987],[27.5282867,37.4826146],[27.5282668,37.4826275],[27.528241,37.4826378],[27.5282128,37.482643],[27.5281839,37.4826427],[27.5281559,37.4826371],[27.5280851,37.4825751],[27.5280493,37.4825817],[27.5280171,37.4825959],[27.5279911,37.4826165],[27.5279731,37.4826419],[27.5279649,37.4826681],[27.5279654,37.4826952],[27.5279745,37.4827212],[27.5279919,37.4827523],[27.5280156,37.4827807],[27.5280449,37.4828055],[27.5280609,37.4828224],[27.5280817,37.4828355],[27.5281059,37.4828441],[27.5281281,37.4828475],[27.5281507,37.482847],[27.5281726,37.4828428],[27.5282407,37.4828148],[27.5284083,37.4829532],[27.5283698,37.483037],[27.5282866,37.4829436],[27.5282612,37.4829393],[27.5282353,37.4829418],[27.5282154,37.482949],[27.5281988,37.4829602],[27.5281867,37.4829747],[27.5281493,37.4830271],[27.528119,37.4830822],[27.5281669,37.4830907],[27.528211,37.4831079],[27.5282487,37.4831328],[27.528272,37.4831562],[27.5282896,37.4831827],[27.5283008,37.4832112],[27.5283054,37.4832408],[27.5283219,37.4832952],[27.5283483,37.483347],[27.5283646,37.4833608],[27.5283767,37.4833771],[27.5283842,37.4833951],[27.5283861,37.4834216],[27.5283779,37.4834473],[27.5283604,37.4834699],[27.5283,37.4835609],[27.528118,37.4837048],[27.5279949,37.483857],[27.5278991,37.4838842],[27.5278072,37.483919],[27.5277193,37.4839613],[27.5276373,37.4840105],[27.5275621,37.4840661],[27.527535,37.4841128],[27.5275044,37.4841581],[27.5274633,37.4842103],[27.5274175,37.48426],[27.5273673,37.4843069],[27.5273143,37.4843455],[27.527256,37.484379],[27.5272682,37.4844413],[27.5272865,37.4845027],[27.527311,37.4845628],[27.5273455,37.4846283],[27.5273871,37.484691],[27.5274357,37.4847506],[27.5275061,37.4848358],[27.5275815,37.4849182],[27.5276671,37.4850029],[27.527715,37.4850417],[27.5277579,37.485084],[27.5278049,37.4851428],[27.5278266,37.4851732],[27.5278424,37.4852058],[27.5278525,37.4852431],[27.5278548,37.4852812],[27.5278494,37.4853192],[27.5279433,37.4853553],[27.5278927,37.4853918],[27.5278881,37.4854078],[27.5278913,37.485424],[27.5279017,37.4854381],[27.5279151,37.4854469],[27.5279312,37.4854519],[27.527985,37.4854746],[27.5280429,37.4854897],[27.5281032,37.4854966],[27.5281548,37.485496],[27.5282058,37.4854894],[27.5282587,37.4854775],[27.5283095,37.4854607],[27.5283573,37.4854392],[27.5284016,37.4854133],[27.5284699,37.4853685],[27.5285444,37.4853303],[27.5286056,37.4853057],[27.5286694,37.4852856],[27.5287352,37.4852702],[27.5288261,37.4852545],[27.5289183,37.4852449],[27.5290111,37.4852415],[27.5290942,37.4852318],[27.5291758,37.4852161],[27.5292552,37.4851944],[27.5293518,37.4851803],[27.5294477,37.4851635],[27.5295412,37.4851443],[27.5296338,37.4851226],[27.5297333,37.4851077],[27.5298343,37.4851013],[27.5299355,37.4851034],[27.5300513,37.485112],[27.5301662,37.4851268],[27.5302981,37.4851519],[27.530427,37.4851853],[27.5305347,37.4852063],[27.530644,37.4852215],[27.5307542,37.4852308],[27.530924,37.4852507],[27.5310923,37.4852772],[27.5312588,37.4853101],[27.5319361,37.4854479],[27.5319732,37.4853948],[27.5320203,37.4853468],[27.5320761,37.4853051],[27.5321393,37.4852707],[27.5321899,37.4852505],[27.5322431,37.485235],[27.5322982,37.4852245],[27.5323591,37.485222],[27.5324196,37.4852288],[27.532447,37.48524],[27.5324772,37.4852447],[27.5325057,37.4852427],[27.5325325,37.4852349],[27.5325557,37.4852218],[27.5325738,37.4852042],[27.5327052,37.4850143],[27.532848,37.4849494],[27.5329069,37.4848987],[27.5329694,37.4848509],[27.5330506,37.4847967],[27.5331025,37.4847942],[27.5331538,37.4847876],[27.5332041,37.484777],[27.5332652,37.4847578],[27.5333227,37.4847327],[27.5333758,37.4847019],[27.5334231,37.4846664],[27.5334644,37.4846265],[27.5334991,37.4845828],[27.5335113,37.4845588],[27.5335266,37.4845359],[27.5335579,37.4845021],[27.533596,37.484473],[27.53364,37.4844497],[27.533709,37.4844763],[27.533678,37.4844967],[27.5336533,37.484522],[27.5336359,37.4845508],[27.5336265,37.4845845],[27.533624,37.4846017],[27.5336272,37.4846189],[27.5336358,37.4846344],[27.533649,37.4846477],[27.5336661,37.4846578],[27.5337138,37.48467],[27.5337627,37.4846785],[27.5338266,37.4846841],[27.5338909,37.4846834],[27.5339546,37.4846766],[27.5340168,37.4846636],[27.5343575,37.484571],[27.5343325,37.4845973],[27.5343152,37.4846273],[27.5343064,37.4846594],[27.5343065,37.4846924],[27.5343158,37.4847253],[27.534334,37.4847557],[27.5343601,37.4847823],[27.534398,37.4848281],[27.5344299,37.4848766],[27.5344553,37.4849275],[27.5344741,37.4849802],[27.5344004,37.4849932],[27.5343285,37.4850118],[27.5342592,37.4850357],[27.5341932,37.4850648],[27.5341339,37.4850971],[27.5340785,37.4851335],[27.5340111,37.4851665],[27.5339384,37.4851915],[27.5338371,37.4852141],[27.5337392,37.4852447],[27.5336446,37.4852833],[27.5335555,37.4853293],[27.5332484,37.4854522],[27.5328648,37.4856129],[27.5328138,37.4856171],[27.5327519,37.4856305],[27.5326938,37.4856523],[27.5324289,37.4858268],[27.5323129,37.4858481],[27.5320192,37.4859311],[27.5320246,37.4859646],[27.5321213,37.4859459],[27.5322171,37.4859247],[27.5323423,37.4858926],[27.5324655,37.485856],[27.5325865,37.4858151],[27.5327373,37.4857657],[27.5328856,37.4857118],[27.533079,37.485633],[27.5332671,37.4855464],[27.5334487,37.485469],[27.5336333,37.4853963],[27.5338125,37.4853322],[27.5339945,37.4852733],[27.5341791,37.4852197],[27.5347712,37.4850345],[27.5352285,37.4848898],[27.5354778,37.4847999],[27.5357294,37.4847142],[27.536044,37.484614],[27.5362008,37.4845628],[27.5363617,37.4845205],[27.5364914,37.4844936],[27.5366227,37.4844724],[27.5366888,37.4844632],[27.5367554,37.4844572],[27.5368418,37.484454],[27.5369282,37.484456],[27.5370143,37.4844633],[27.5370993,37.4844758],[27.5372004,37.4844952],[27.5373029,37.4845087],[27.5374065,37.4845162],[27.537501,37.4845179],[27.5375955,37.4845145],[27.5376894,37.4845061],[27.53813,37.4844886],[27.538214,37.4844832],[27.5382982,37.4844857],[27.5383814,37.484496],[27.5384646,37.4845145],[27.5385444,37.4845407],[27.5386181,37.4846027],[27.5386966,37.484661],[27.5387925,37.4847231],[27.5388937,37.4847796],[27.5390507,37.4848711],[27.5387489,37.4849957],[27.5387095,37.4849332],[27.538664,37.4848733],[27.5386126,37.4848165],[27.5385558,37.4847631],[27.5384844,37.4847066],[27.5384068,37.4846553],[27.5383673,37.4846304],[27.5383238,37.4846099],[27.5382736,37.4845933],[27.5382209,37.4845827],[27.5381669,37.4845782],[27.5381126,37.4845801],[27.5379489,37.4845983],[27.5377842,37.4846093],[27.537619,37.4846131],[27.5374582,37.4846098],[27.5372978,37.4845998],[27.5371711,37.4845848],[27.5370436,37.4845752],[27.5369156,37.484571],[27.5367629,37.4845731],[27.5366107,37.4845829],[27.5364596,37.4846003],[27.5360895,37.4847184],[27.5356516,37.4848626],[27.5350763,37.4850483],[27.5345928,37.4851989],[27.5342817,37.4852995],[27.5342971,37.4853383],[27.5343583,37.4853195],[27.5344225,37.4853086],[27.534488,37.4853058],[27.5345533,37.4853112],[27.5345983,37.4853199],[27.5346418,37.4853325],[27.5346833,37.485349],[27.5347946,37.4853996],[27.5348999,37.4854575],[27.5350173,37.4853016],[27.5350528,37.4852862],[27.5350922,37.4852789],[27.5351326,37.4852803],[27.5351688,37.4852894],[27.535201,37.4853054],[27.535227,37.4853273],[27.5352453,37.4853538],[27.535275,37.4854489],[27.5352958,37.4855456],[27.5353076,37.4856432],[27.5353103,37.4857427],[27.5353036,37.485842],[27.5352927,37.485891],[27.5352875,37.4859406],[27.5352894,37.4860074],[27.5353015,37.4860735],[27.5353235,37.4861379],[27.5353552,37.4861998],[27.5355289,37.4863466],[27.5355586,37.48639],[27.5355824,37.4864355],[27.5356,37.4864828],[27.5356126,37.4865402],[27.5356162,37.4865983],[27.5356107,37.4866563],[27.5356138,37.4867039],[27.5356236,37.486751],[27.5356401,37.4867968],[27.535663,37.4868409],[27.5356944,37.4868978],[27.5357202,37.4869565],[27.5357401,37.4870165],[27.5357553,37.4870842],[27.535763,37.4871527],[27.5357634,37.4872215],[27.5357562,37.48729],[27.535737,37.4873672],[27.5357062,37.4874421],[27.535688,37.4874788],[27.5356644,37.4875135],[27.5356338,37.4875474],[27.5355981,37.4875781],[27.5355578,37.4876048],[27.5355135,37.4876273],[27.5354124,37.4876871],[27.5353063,37.4877411],[27.5351956,37.4877891],[27.5350988,37.4878248],[27.5349994,37.4878559],[27.5348979,37.4878822],[27.5348707,37.4879969],[27.534836,37.4881103],[27.534794,37.4882222],[27.5347453,37.4883309],[27.5346896,37.4884374],[27.5346271,37.4885416],[27.534558,37.4886431],[27.5344323,37.4886556],[27.5343078,37.4886739],[27.5341614,37.4887033],[27.5340179,37.4887408],[27.533878,37.4887862],[27.5338735,37.4888157],[27.5338608,37.4888437],[27.5338405,37.4888687],[27.5338136,37.4888894],[27.5337775,37.4889063],[27.5337372,37.4889155],[27.5336973,37.4889182],[27.5336575,37.488915],[27.5336192,37.4889059],[27.5335733,37.4889014],[27.5335271,37.4889033],[27.5334821,37.4889118],[27.5334397,37.4889265],[27.5334013,37.4889469],[27.5333632,37.4890064],[27.5333168,37.4890622],[27.5332626,37.4891133],[27.5332014,37.4891592],[27.533131,37.4892007],[27.5330549,37.4892353],[27.5329741,37.4892624],[27.5328986,37.4892802],[27.5328212,37.4892917],[27.5327427,37.4892968],[27.532664,37.4892953],[27.5325859,37.4892874],[27.5325042,37.4892851],[27.5324225,37.4892891],[27.5323418,37.4892991],[27.5323357,37.48934],[27.5323196,37.4893792],[27.5322942,37.4894151],[27.5322666,37.4894415],[27.5322341,37.4894639],[27.5321973,37.4894819],[27.5321574,37.4894949],[27.5320876,37.4895334],[27.5320121,37.4895643],[27.5319321,37.4895869],[27.5318614,37.4895995],[27.5317894,37.4896056],[27.531717,37.4896053],[27.5316451,37.4895985],[27.5315747,37.4895853],[27.5313879,37.4895541],[27.5311998,37.4895279],[27.5306895,37.4896252],[27.5306655,37.4896691],[27.5306518,37.4897157],[27.5306488,37.4897635],[27.5306567,37.4898109],[27.5306756,37.4898572],[27.5307048,37.4899],[27.5307435,37.4899379],[27.5307901,37.4899695],[27.5307854,37.4900972],[27.5309081,37.4901435],[27.5310248,37.4899759],[27.5310898,37.4900029],[27.5311575,37.4900254],[27.5312273,37.4900434],[27.5313139,37.4900589],[27.5314021,37.4900673],[27.5314909,37.4900685],[27.5315794,37.4900626],[27.5316726,37.4900512],[27.5317646,37.4900347],[27.531855,37.4900131],[27.5319122,37.4899902],[27.5319724,37.4899727],[27.5320347,37.4899607],[27.5320984,37.4899546],[27.5321726,37.4899548],[27.5322461,37.4899628],[27.5323176,37.4899785],[27.5323211,37.4899276],[27.5323356,37.4898779],[27.5323608,37.4898309],[27.5323958,37.4897881],[27.5324397,37.4897508],[27.5324859,37.4897227],[27.532537,37.4897007],[27.5325919,37.4896854],[27.532671,37.4896705],[27.5327519,37.4896634],[27.5328332,37.4896643],[27.5329138,37.4896731],[27.5329953,37.4896347],[27.5330815,37.4896032],[27.5331713,37.489579],[27.5332684,37.4895616],[27.5333674,37.4895527],[27.533467,37.4895523],[27.5335045,37.4895222],[27.5335469,37.4894964],[27.5335932,37.4894752],[27.5336426,37.4894592],[27.5336944,37.4894486],[27.5337475,37.4894436],[27.533801,37.4894443],[27.5338539,37.4894507],[27.5339515,37.4894735],[27.5340471,37.4895012],[27.5341402,37.4895337],[27.5342612,37.4895849],[27.5343761,37.4896441],[27.5344842,37.4897109],[27.5345892,37.4897793],[27.5346921,37.4898498],[27.5347632,37.4898567],[27.5348336,37.4898679],[27.5349026,37.4898833],[27.5350015,37.4899135],[27.5350956,37.4899524],[27.5351408,37.4899744],[27.5351836,37.4899993],[27.5352387,37.4900383],[27.535288,37.4900821],[27.5353309,37.4901299],[27.5353666,37.4901812],[27.5354408,37.4902751],[27.5355232,37.4903644],[27.5356134,37.4904489],[27.5357353,37.4905662],[27.5358548,37.4906851],[27.5359136,37.4906555],[27.535976,37.490631],[27.5360414,37.4906119],[27.5361089,37.4905984],[27.5361819,37.4905904],[27.5362555,37.490589],[27.5363289,37.4905941],[27.5364161,37.4906059],[27.5365017,37.4906236],[27.5365851,37.4906473],[27.5366655,37.4906766],[27.5367476,37.4907134],[27.5368252,37.4907558],[27.536898,37.4908034],[27.5369328,37.4908287],[27.5369652,37.4908559],[27.5370038,37.4908942],[27.5370377,37.4909352],[27.5371107,37.4909155],[27.5371759,37.4909625],[27.5372368,37.4910129],[27.5372931,37.4910666],[27.5373557,37.4911364],[27.5374106,37.4912102],[27.5374574,37.4912874],[27.5375276,37.4914132],[27.5375915,37.4915412],[27.5377498,37.4918295],[27.5378243,37.4919511],[27.5378903,37.4920757],[27.5379476,37.492203],[27.5379927,37.4923231],[27.5380301,37.4924449],[27.5380596,37.492568],[27.5380835,37.4927096],[27.5380971,37.4928521],[27.538114,37.4929885],[27.5381273,37.4930562],[27.5381347,37.4931245],[27.5381356,37.493211],[27.5381271,37.4932972],[27.5381092,37.4933825],[27.5380974,37.4934433],[27.5381233,37.4934517],[27.5381447,37.4934661],[27.5381605,37.4934865],[27.538167,37.4935099],[27.5381635,37.4935336],[27.5381199,37.4936274],[27.5380877,37.4937241],[27.538068,37.4938175],[27.5380589,37.4939119],[27.5380579,37.4939933],[27.5380633,37.4940747],[27.538075,37.4941556],[27.5378919,37.494146],[27.5377585,37.4937741],[27.537703,37.4937434],[27.5376439,37.4937174],[27.5375817,37.4936964],[27.5375171,37.4936805],[27.5374419,37.493669],[27.5373655,37.4936645],[27.537289,37.4936671],[27.5372133,37.4936768],[27.5371141,37.4935187],[27.5370789,37.4935104],[27.5370423,37.4935086],[27.5370061,37.4935134],[27.5369765,37.4935228],[27.5369497,37.4935366],[27.5369269,37.4935542],[27.5369089,37.4935751],[27.5369285,37.4936009],[27.5369415,37.4936292],[27.5369476,37.4936589],[27.5369465,37.493689],[27.5369369,37.4937215],[27.5369189,37.4937516],[27.5368934,37.4937782],[27.5368615,37.4937999],[27.5368245,37.4938158],[27.5367842,37.4938252],[27.5367222,37.4938357],[27.5366592,37.4938415],[27.5365958,37.4938428],[27.5365116,37.4938382],[27.5364284,37.4938265],[27.5363474,37.4938079],[27.5362692,37.4937826],[27.5362394,37.493798],[27.5362154,37.4938189],[27.5361988,37.4938438],[27.5361902,37.4938747],[27.536193,37.4939063],[27.5362068,37.4939361],[27.5362306,37.4939615],[27.5362625,37.4939805],[27.5361586,37.4940375],[27.5360017,37.4938683],[27.5358898,37.493917],[27.5357748,37.4939608],[27.535657,37.4939997],[27.5355491,37.4940303],[27.5354395,37.4940567],[27.5353828,37.4940643],[27.5353284,37.494079],[27.5352747,37.4941018],[27.5352265,37.4941315],[27.5351854,37.4941672],[27.5351524,37.4942079],[27.5351286,37.4942524],[27.5351601,37.4943332],[27.5351981,37.4944123],[27.5352426,37.4944892],[27.5353025,37.494576],[27.5353707,37.4946589],[27.5352281,37.4947192],[27.5350823,37.4947743],[27.5349503,37.494819],[27.5348161,37.4948595],[27.534799,37.4948268],[27.5347748,37.494797],[27.5347444,37.4947711],[27.534711,37.4947512],[27.5346739,37.494736],[27.5346342,37.4947258],[27.5345928,37.4947211],[27.5344887,37.4947143],[27.5343841,37.4947145],[27.53428,37.4947217],[27.5341771,37.494736],[27.5341544,37.4947746],[27.5341409,37.4948158],[27.534137,37.4948523],[27.5341404,37.4948887],[27.5341509,37.4949244],[27.5341556,37.4949657],[27.5341525,37.4950072],[27.5341415,37.4950478],[27.5341195,37.4951052],[27.5340904,37.4951605],[27.5340544,37.4952132],[27.5340058,37.4952687],[27.5339494,37.4953193],[27.533886,37.4953643],[27.5338163,37.4954032],[27.5337384,37.4954361],[27.5336559,37.4954611],[27.5335701,37.4954777],[27.5334824,37.4954856],[27.5333778,37.4954879],[27.5332733,37.4954824],[27.53317,37.4954692],[27.5331188,37.4954603],[27.5330687,37.4954484],[27.5329912,37.4954231],[27.5329182,37.4953906],[27.5328507,37.4953513],[27.5327897,37.4953058],[27.5327361,37.4952547],[27.5326926,37.4952026],[27.5326419,37.4951547],[27.5325846,37.4951118],[27.5325215,37.4950744],[27.5324546,37.4950435],[27.5323838,37.4950188],[27.5323098,37.4950007],[27.5322724,37.4949926],[27.5322338,37.4949893],[27.5321856,37.4949919],[27.532139,37.4950019],[27.5320957,37.495019],[27.5320575,37.4950425],[27.5320147,37.4950764],[27.5319785,37.4951148],[27.5319495,37.4951569],[27.5319566,37.4951835],[27.5319609,37.4952106],[27.5319622,37.4952481],[27.531958,37.4952855],[27.5319485,37.4953223],[27.5319228,37.4954152],[27.5318915,37.4955069],[27.5318492,37.4956098],[27.5318276,37.4956611],[27.5318,37.4957107],[27.5317684,37.4957558],[27.5317318,37.4957986],[27.5316907,37.4958386],[27.5316536,37.4958868],[27.5316098,37.4959314],[27.5315599,37.4959716],[27.531503,37.496008],[27.5314412,37.4960388],[27.5313752,37.4960637],[27.5311589,37.4961278],[27.5309236,37.496049],[27.5308628,37.4960428],[27.5308015,37.4960453],[27.5307518,37.4960541],[27.5307269,37.496059],[27.5307043,37.4960687],[27.5306843,37.4960836],[27.53067,37.4961022],[27.5306624,37.4961231],[27.530662,37.4961448],[27.5307409,37.4962308],[27.5308163,37.4963188],[27.5309039,37.4964294],[27.5309383,37.4964638],[27.5309658,37.4965019],[27.5309859,37.4965427],[27.5309985,37.4965877],[27.5310021,37.4966336],[27.5309966,37.4966795],[27.5309832,37.4967266],[27.5309622,37.4967718],[27.5309339,37.4968146],[27.5308987,37.496854],[27.5308675,37.4969525],[27.5308282,37.4970492],[27.5307808,37.4971437],[27.5307257,37.4972354],[27.5306576,37.4973313],[27.530581,37.4974231],[27.5304963,37.4975103],[27.530404,37.4975924],[27.5303045,37.4976691],[27.5301983,37.49774],[27.530086,37.4978047],[27.5300361,37.4977622],[27.5299781,37.4977268],[27.5299136,37.4976992],[27.5298444,37.4976803],[27.5297722,37.4976706],[27.5297026,37.4976701],[27.5296337,37.4976781],[27.5295672,37.4976944],[27.5295047,37.4977186],[27.5294476,37.4977502],[27.5293974,37.4977884],[27.5293551,37.4978323],[27.5293062,37.4980137],[27.5292075,37.4980043],[27.5291106,37.4979866],[27.5290167,37.4979607],[27.5289268,37.4979271],[27.528842,37.4978859],[27.5287632,37.4978379],[27.5286913,37.4977834],[27.5286334,37.4977296],[27.5285823,37.4976716],[27.5285574,37.4976421],[27.5285384,37.49761],[27.5285243,37.4975703],[27.5285191,37.4975294],[27.528523,37.4974883],[27.5285359,37.4974484],[27.5285573,37.4974109],[27.5285867,37.4973769],[27.5284499,37.4973152],[27.5284297,37.4973334],[27.5284058,37.4973485],[27.5283788,37.4973599],[27.5283452,37.4973681],[27.5283103,37.4973707],[27.5282754,37.4973676],[27.528242,37.4973588],[27.5281072,37.497332],[27.5279747,37.4972985],[27.5278451,37.4972584],[27.527719,37.497212],[27.5275959,37.497159],[27.5274773,37.4970999],[27.5273637,37.4970349],[27.5272554,37.4969644],[27.527153,37.4968886],[27.5271208,37.4968504],[27.5270969,37.4968085],[27.527082,37.4967641],[27.5270766,37.4967236],[27.5270786,37.4966829],[27.5270881,37.4966429],[27.5271048,37.4966045],[27.526453,37.4958416],[27.526513,37.4957215],[27.5265643,37.495599],[27.5265992,37.4954986],[27.5266283,37.4953971],[27.5266415,37.4953461],[27.5266515,37.4952946],[27.5266615,37.4952017],[27.5266612,37.4951084],[27.5266523,37.4950827],[27.5266345,37.49506],[27.526611,37.4950431],[27.5265827,37.4950318],[27.5264577,37.4950139],[27.5264537,37.4950261],[27.5264528,37.4950386],[27.5264558,37.4950532],[27.526463,37.4950668],[27.52651,37.4950999],[27.5265162,37.4951087],[27.5265192,37.4951185],[27.5265176,37.4951327],[27.5265093,37.4951453],[27.5263774,37.4951749],[27.5263727,37.4951491],[27.5263598,37.4951252],[27.5263397,37.4951046],[27.5263147,37.4950892],[27.5262857,37.4950792],[27.5262545,37.4950752],[27.526221,37.4950766],[27.5261888,37.495084],[27.526133,37.495103],[27.5260818,37.4951289],[27.5260581,37.4951441],[27.5260366,37.4951611],[27.5260087,37.4951896],[27.5259866,37.4952212],[27.5260085,37.4952275],[27.5260271,37.4952386],[27.5260409,37.4952534],[27.5260492,37.4952724],[27.5260495,37.4952925],[27.5260439,37.4953016],[27.5260419,37.4953117],[27.526045,37.4953244],[27.526054,37.4953354],[27.5260674,37.4953428],[27.5262498,37.4954229],[27.5262635,37.4954344],[27.526274,37.4954479],[27.5262824,37.4954688],[27.5262833,37.4954907],[27.5260885,37.4954713],[27.5260829,37.4955243],[27.5260684,37.4955763],[27.526048,37.4956219],[27.5260208,37.4956652],[27.5259873,37.4957056],[27.5259885,37.4957617],[27.5259796,37.4958173],[27.5259651,37.4958612],[27.5259443,37.4959034],[27.5259176,37.4959434],[27.5258919,37.4959934],[27.5258733,37.4960453],[27.5258679,37.4960857],[27.5258566,37.4961252],[27.5258394,37.4961634],[27.5258143,37.4962031],[27.525783,37.4962398],[27.5257459,37.496273],[27.5257119,37.4962995],[27.5256828,37.4963296],[27.5256594,37.4963625],[27.525642,37.4963978],[27.5256313,37.4964328],[27.5256265,37.4964687],[27.5256279,37.4965047],[27.5256299,37.4965981],[27.5255736,37.4967204],[27.5255705,37.4967754],[27.5255635,37.49683],[27.5255506,37.4968919],[27.5255327,37.4969529],[27.5255347,37.4970543],[27.525529,37.4971501],[27.5255159,37.4972455],[27.5255183,37.4973159],[27.5255096,37.497386],[27.5254897,37.4974546],[27.5254686,37.4975029],[27.5254419,37.4975495],[27.5254277,37.4975726],[27.5254099,37.497594],[27.5253742,37.4976247],[27.5253314,37.4976491],[27.5252832,37.4976661],[27.5252135,37.4976126],[27.5252067,37.4976555],[27.525191,37.4976968],[27.5251669,37.4977355],[27.525139,37.4977667],[27.5251056,37.4977943],[27.5250675,37.4978177],[27.5250254,37.4978363],[27.5249588,37.4978615],[27.5248899,37.4978825],[27.5248192,37.4978991],[27.5247699,37.4978918],[27.5247199,37.497894],[27.5246733,37.4979051],[27.5246512,37.4979134],[27.5246311,37.4979244],[27.5246049,37.4979461],[27.5245863,37.4979722],[27.5245764,37.4980012],[27.5245758,37.4980313],[27.5245833,37.498113],[27.5245838,37.4981949],[27.5245781,37.4982712],[27.5245663,37.4983471],[27.5245486,37.4984223],[27.5245264,37.4984981],[27.5245,37.4985731],[27.5244684,37.4986372],[27.5244293,37.4986987],[27.524383,37.4987569],[27.5243059,37.4988427],[27.5242211,37.4989237],[27.5241369,37.4989935],[27.524047,37.4990586],[27.5239518,37.4991187],[27.5239293,37.4991491],[27.5239166,37.4991829],[27.5239143,37.4992182],[27.5239225,37.4992527],[27.5239407,37.4992847],[27.5239679,37.4993123],[27.5239901,37.4993466],[27.5240035,37.4993836],[27.5240076,37.499422],[27.5240021,37.4994602],[27.5239843,37.4995237],[27.5239559,37.4995847],[27.5238157,37.4998215],[27.5236414,37.5000406],[27.5235133,37.5001167],[27.5235229,37.5001334],[27.5235264,37.5001515],[27.5235217,37.5001743],[27.5235075,37.5001945],[27.5234855,37.5002095],[27.523448,37.5002256],[27.5234067,37.5002335],[27.5233586,37.5002381],[27.5233102,37.500238],[27.5232622,37.5002332],[27.5232816,37.5001678],[27.5231941,37.5001143],[27.5231877,37.5001768],[27.523178,37.5002391],[27.5231572,37.5003324],[27.5231291,37.5004245],[27.5231397,37.5004594],[27.5231441,37.5004952],[27.5231422,37.5005311],[27.5231341,37.5005665],[27.5231175,37.5006053],[27.5230933,37.5006415],[27.5230623,37.5006742],[27.5230254,37.5007059],[27.5229844,37.5007344],[27.52294,37.5007593],[27.5228609,37.5007965],[27.5227774,37.5008271],[27.5226905,37.5008508],[27.5225979,37.5008989],[27.5225014,37.5009418],[27.5224025,37.5009789],[27.5223007,37.5010106],[27.5221963,37.5010368],[27.5221118,37.5009939],[27.5220652,37.5010804],[27.5220374,37.5011457],[27.5220149,37.5012123],[27.5219885,37.5012696],[27.5219559,37.5013248],[27.5219774,37.5014453],[27.5219871,37.5015281],[27.5219928,37.501611],[27.5220034,37.5017018],[27.5220056,37.501793],[27.5219974,37.5019001],[27.5219777,37.5020063],[27.5219612,37.502117],[27.5219486,37.5022281],[27.5219271,37.5023437],[27.5218973,37.5024582],[27.5218751,37.5025631],[27.5218577,37.5026686],[27.5218051,37.502862],[27.5217511,37.502946],[27.5217035,37.5030324],[27.5216592,37.5031283],[27.5216227,37.5032261],[27.5216054,37.5033299],[27.5215841,37.5034333],[27.5215567,37.5035443],[27.5215248,37.5036546],[27.5214104,37.5039464],[27.521423,37.5039749],[27.5214316,37.5040043],[27.5214363,37.5040397],[27.5214353,37.5040753],[27.5214285,37.5041105],[27.5213803,37.5041089],[27.5213618,37.5042131],[27.5213517,37.5042955],[27.5213454,37.504378],[27.5213295,37.5044641],[27.5213042,37.5045488],[27.5212559,37.5046935],[27.5211721,37.5048605],[27.5211282,37.5049547],[27.5210768,37.5050464],[27.5210108,37.5051454],[27.520936,37.5052403],[27.5208515,37.5053446],[27.5208579,37.505376],[27.5208561,37.5054077],[27.5208462,37.5054385],[27.5208293,37.5054661],[27.5208059,37.5054905],[27.520777,37.5055108],[27.5207436,37.5055263],[27.5207058,37.5055382],[27.5206661,37.5055454],[27.520638,37.5056018],[27.5205997,37.5056542],[27.5205577,37.5056967],[27.5205089,37.5057344],[27.5204542,37.5057667],[27.5204424,37.5058],[27.5204257,37.505832],[27.5204043,37.5058622],[27.5203766,37.505892],[27.5203443,37.5059189],[27.520308,37.5059422],[27.5202358,37.5059938],[27.5201682,37.5060492],[27.520067,37.5061744],[27.5199356,37.506301],[27.5199477,37.50633],[27.5199531,37.5063602],[27.5199516,37.5063907],[27.5199433,37.5064204],[27.5199294,37.506447],[27.5199101,37.5064714],[27.5198859,37.5064928],[27.5197294,37.5065433],[27.5196579,37.5063904],[27.5196027,37.5064174],[27.5195522,37.5064497],[27.5195072,37.5064868],[27.5194685,37.5065282],[27.519438,37.5065708],[27.5194142,37.5066161],[27.5193974,37.5066633],[27.5193794,37.5067047],[27.5193585,37.5067452],[27.5192875,37.506733],[27.5192685,37.5067334],[27.519251,37.5067389],[27.5192368,37.5067489],[27.5192277,37.5067627],[27.5192254,37.5067782],[27.5192302,37.5067933],[27.5192415,37.5068061],[27.519202,37.5068145],[27.5191646,37.5068276],[27.5191302,37.5068452],[27.5190992,37.5068672],[27.519073,37.5068929],[27.5190522,37.5069215],[27.5190374,37.5069524],[27.518971,37.5070848],[27.5187906,37.5071066],[27.5187788,37.5070807],[27.5187618,37.5070566],[27.5187395,37.5070349],[27.5187128,37.5070164],[27.5186826,37.5070019],[27.518542,37.5069943],[27.518401,37.5069917],[27.5182451,37.5069948],[27.5180897,37.507004],[27.517935,37.5070194],[27.5175293,37.5070652],[27.5174228,37.5070586],[27.517316,37.5070593],[27.5172081,37.5070673],[27.5171015,37.5070827],[27.5169049,37.5071035],[27.516707,37.5071147],[27.5165087,37.5071162],[27.5164481,37.5071262],[27.5163865,37.5071298],[27.5163247,37.507127],[27.5162639,37.5071178],[27.5162069,37.5071029],[27.5161528,37.5070824],[27.5161023,37.5070566],[27.5160794,37.5070401],[27.5160521,37.5070285],[27.5160227,37.5070225],[27.5159924,37.5070224],[27.5159629,37.5070279],[27.515951,37.5070452],[27.5159352,37.5070602],[27.5159159,37.5070726],[27.5158879,37.5070836],[27.5158573,37.5070889],[27.5158261,37.507088],[27.5157169,37.5070784],[27.5156088,37.5070629],[27.5155022,37.5070417],[27.5153773,37.5070089],[27.5152561,37.5069682],[27.5151394,37.5069199],[27.5151347,37.5068778],[27.5151232,37.5068366],[27.515105,37.5067968],[27.5150804,37.5067593],[27.5150492,37.5067238],[27.5150123,37.506692],[27.5149704,37.5066642],[27.5149242,37.5066412],[27.5148479,37.5066089],[27.5147684,37.5065821],[27.5147282,37.5065692],[27.5146861,37.5065609],[27.5146331,37.506557],[27.5145799,37.5065604],[27.5145283,37.5065708],[27.5144796,37.506588],[27.5145101,37.5066356],[27.5145319,37.5066861],[27.5145448,37.5067385],[27.5145484,37.5067918],[27.5145426,37.5068449],[27.5145311,37.5068876],[27.5145136,37.5069289],[27.5145055,37.5069499],[27.5144903,37.5069683],[27.5144732,37.5069805],[27.5144529,37.5069892],[27.5144307,37.5069939],[27.5144557,37.5070574],[27.5144877,37.5071189],[27.514516,37.5071633],[27.514548,37.5072061],[27.5144457,37.507338],[27.5144193,37.5073561],[27.5143998,37.507379],[27.5143896,37.5074012],[27.5143861,37.5074247],[27.5143849,37.5074627],[27.5143777,37.5075003],[27.5143615,37.5075435],[27.5143374,37.5075843],[27.5142961,37.507644],[27.5142496,37.5077013],[27.5141852,37.5077687],[27.5141138,37.5078314],[27.5140517,37.5078773],[27.5139853,37.5079192],[27.513915,37.5079569],[27.5138432,37.5079886],[27.5137683,37.5080153],[27.5136908,37.5080368],[27.5136112,37.508053],[27.5129494,37.5081636],[27.512933,37.5081413],[27.5129113,37.5081221],[27.5128851,37.5081068],[27.5128555,37.508096],[27.5128232,37.5080902],[27.51279,37.5080898],[27.5127574,37.5080948],[27.5127268,37.5081051],[27.5126928,37.5081532],[27.5126536,37.5081987],[27.5126094,37.5082413],[27.5125635,37.5082784],[27.5125137,37.5083124],[27.5124606,37.5083429],[27.5124509,37.5083059],[27.5124317,37.5082713],[27.5124039,37.5082406],[27.5123687,37.5082152],[27.5123321,37.5081977],[27.5122921,37.508186],[27.51225,37.5081804],[27.5122073,37.5081811],[27.5121655,37.5081881],[27.5118376,37.508287],[27.5115545,37.5083654],[27.5114109,37.5083995],[27.511269,37.5084381],[27.5111195,37.5084842],[27.5109725,37.5085353],[27.5108284,37.5085913],[27.5107549,37.5085958],[27.5106826,37.5086074],[27.5106125,37.5086258],[27.5105508,37.5086487],[27.5104927,37.5086768],[27.5104389,37.5087099],[27.5103679,37.5087766],[27.5102933,37.5088407],[27.510175,37.5089317],[27.5100493,37.5090163],[27.5099887,37.5091297],[27.5099199,37.5092402],[27.5098634,37.5093202],[27.5098025,37.5093982],[27.5097572,37.5093857],[27.5096743,37.5093629],[27.5096592,37.5093416],[27.5096362,37.5093254],[27.5096116,37.5093169],[27.5095849,37.5093144],[27.5095376,37.5093144],[27.5094909,37.5093202],[27.5094458,37.5093314],[27.5094037,37.5093461],[27.5093846,37.5093563],[27.509364,37.5093644],[27.50933,37.5093727],[27.5092947,37.5093757],[27.5092593,37.5093732],[27.5092252,37.5093652],[27.5091891,37.509351],[27.509157,37.5093318],[27.5091299,37.5093083],[27.5091202,37.5092754],[27.5091005,37.5092454],[27.5090719,37.5092203],[27.5090427,37.5092041],[27.5090099,37.5091932],[27.5089749,37.5091879],[27.5089393,37.5091885],[27.5089046,37.509195],[27.5088563,37.5092511],[27.5087994,37.5093019],[27.5087522,37.5093356],[27.5087014,37.5093657],[27.5086471,37.5093918],[27.5086376,37.5094117],[27.5086346,37.5094329],[27.5086384,37.509454],[27.5086488,37.5094737],[27.5086694,37.509494],[27.5086968,37.5095083],[27.5087843,37.5095301],[27.5087608,37.5095929],[27.5084808,37.509504],[27.5083943,37.5093227],[27.5083661,37.5093377],[27.5083348,37.5093484],[27.5083016,37.5093544],[27.5082676,37.5093554],[27.5082358,37.5093517],[27.5082054,37.5093437],[27.5081771,37.5093317],[27.5081555,37.509314],[27.5081415,37.5092921],[27.5081332,37.5092682],[27.508131,37.5092435],[27.5081348,37.5092189],[27.5080366,37.5091907],[27.5079481,37.5091726],[27.5078579,37.5091607],[27.5077667,37.5091551],[27.5077467,37.5091313],[27.5077201,37.5091121],[27.5076883,37.5090987],[27.5076494,37.5090915],[27.5076095,37.509093],[27.5075716,37.509103],[27.5075103,37.5091211],[27.5074502,37.5091415],[27.5075394,37.5092155],[27.5075444,37.509258],[27.507477,37.5092612],[27.5074054,37.5092151],[27.5072313,37.5092859],[27.5071578,37.5092797],[27.507086,37.5092658],[27.5070171,37.5092446],[27.506958,37.5092191],[27.5069032,37.5091883],[27.5068534,37.5091524],[27.5068133,37.5091301],[27.5067705,37.5091112],[27.5067253,37.5090961],[27.506665,37.509099],[27.5066046,37.5090965],[27.506545,37.5090886],[27.5064694,37.5090703],[27.5063981,37.5090434],[27.5060749,37.5088966],[27.5059919,37.5089076],[27.5059109,37.5089255],[27.5058328,37.5089503],[27.5057536,37.5089839],[27.5056797,37.5090245],[27.5056122,37.5090716],[27.5053346,37.5093051],[27.5052203,37.5093306],[27.5051093,37.5093641],[27.505007,37.5094035],[27.5049093,37.5094498],[27.504817,37.5095025],[27.5047307,37.5095614],[27.5046512,37.5096258],[27.5046186,37.509663],[27.5045789,37.5096955],[27.5045348,37.5097217],[27.5044861,37.509742],[27.5044341,37.5097562],[27.5044118,37.5097312],[27.5043831,37.5097106],[27.5043496,37.5096955],[27.504311,37.5096863],[27.5042708,37.5096843],[27.504231,37.5096896],[27.5041939,37.5097019],[27.5041611,37.5097205],[27.5040737,37.5097655],[27.5039824,37.5098054],[27.5038878,37.5098401],[27.5037903,37.5098695],[27.5036918,37.5098783],[27.5035948,37.5098943],[27.5035,37.5099173],[27.5033962,37.5099517],[27.5032975,37.5099944],[27.5032049,37.510045],[27.5031887,37.5100823],[27.5031652,37.5101171],[27.503135,37.5101486],[27.503099,37.5101758],[27.5030478,37.5102028],[27.502991,37.5102212],[27.5029307,37.5102306],[27.5028583,37.5102348],[27.5027858,37.5102313],[27.5027145,37.5102203],[27.5026457,37.5102019],[27.502553,37.5101845],[27.5024586,37.5101748],[27.5024643,37.5101924],[27.5024635,37.5102106],[27.5024563,37.5102279],[27.5024432,37.5102429],[27.5024226,37.5102556],[27.5023979,37.5102624],[27.5023718,37.5102625],[27.5023234,37.5102559],[27.5022782,37.5102405],[27.5022536,37.5102089],[27.5022241,37.51018],[27.5021904,37.5101543],[27.5021408,37.5101261],[27.5020861,37.5101046],[27.5020198,37.5101452],[27.50195,37.510182],[27.5018775,37.5102145],[27.5018022,37.5102429],[27.5017246,37.510267],[27.501595,37.5102378],[27.5015698,37.5102755],[27.5015368,37.5103091],[27.501497,37.5103378],[27.5014616,37.5103564],[27.5014232,37.5103709],[27.5013827,37.5103812],[27.5013429,37.5103841],[27.5013033,37.5103804],[27.5011753,37.5103412],[27.5010495,37.5102979],[27.500906,37.5102424],[27.5007661,37.5101814],[27.50063,37.5101152],[27.500126,37.5098697],[27.4997005,37.5096544],[27.4996211,37.5095885],[27.4995113,37.5095051],[27.4993962,37.5094261],[27.4993458,37.5094683],[27.499288,37.5095041],[27.4992242,37.5095328],[27.4991592,37.5095527],[27.4990912,37.5095652],[27.4990217,37.50957],[27.4989275,37.5095133],[27.4989057,37.509546],[27.4988749,37.5095738],[27.498837,37.5095953],[27.4987981,37.5096082],[27.4987568,37.5096144],[27.4987147,37.5096136],[27.4986737,37.5096059],[27.4985698,37.5095696],[27.4984685,37.5095288],[27.498337,37.5094671],[27.4982117,37.5093979],[27.498144,37.5093442],[27.4980807,37.5093051],[27.4980135,37.5092705],[27.4979612,37.5092478],[27.4979072,37.5092277],[27.4978874,37.5092419],[27.497863,37.5092506],[27.4978338,37.5092526],[27.4978055,37.5092466],[27.4977815,37.5092333],[27.4975814,37.5091341],[27.4973644,37.5090203],[27.4973721,37.5089805],[27.4972445,37.5089279],[27.4971834,37.5089452],[27.4967051,37.5086272],[27.4963794,37.508378],[27.4963875,37.5084328],[27.4963846,37.508488],[27.4963708,37.5085422],[27.4963465,37.5085939],[27.4963106,37.508644],[27.4962648,37.5086887],[27.4962366,37.5087069],[27.4962104,37.5087269],[27.4961709,37.508765],[27.4961388,37.5088071],[27.4961147,37.5088526],[27.4960991,37.5089003],[27.4960708,37.5090082],[27.4960515,37.5091173],[27.4960358,37.509178],[27.4959964,37.5092175],[27.4959503,37.5092522],[27.4958921,37.5092841],[27.4958282,37.5093083],[27.4957769,37.5093254],[27.4957243,37.5093397],[27.4956475,37.5093547],[27.4955692,37.5093635],[27.4954131,37.5093822],[27.4953274,37.5093903],[27.4952411,37.5093924],[27.495155,37.5093886],[27.4950574,37.509377],[27.4949621,37.5093571],[27.49487,37.509329],[27.4947961,37.5092996],[27.494726,37.5092649],[27.4946601,37.5092253],[27.4945246,37.5091633],[27.4943932,37.5090961],[27.4943009,37.5090443],[27.494211,37.5089899],[27.4940345,37.508878],[27.4939174,37.5087984],[27.4938032,37.5087164],[27.4935758,37.5085514],[27.4933201,37.5083583],[27.4930695,37.5081609],[27.4928515,37.5079836],[27.4926377,37.5078029],[27.4924176,37.5076094],[27.4922039,37.5074114],[27.4920625,37.5072746],[27.4919242,37.5071359],[27.4918815,37.5070867],[27.4918432,37.5070353],[27.4918096,37.5069819],[27.4917799,37.506925],[27.4917583,37.5068659],[27.4917505,37.5068352],[27.4917482,37.5068039],[27.4917516,37.5067726],[27.4917639,37.5067339],[27.4917866,37.5066984],[27.4918098,37.5066749],[27.4918375,37.5066548],[27.4919189,37.5067178],[27.4919587,37.506702],[27.491995,37.5066816],[27.4920272,37.5066572],[27.4920526,37.5066313],[27.4920733,37.5066029],[27.4920889,37.5065726],[27.4921764,37.5066364],[27.4921958,37.5066135],[27.4922075,37.5065875],[27.492211,37.50656],[27.4922059,37.5065327],[27.4921958,37.506512],[27.4921809,37.5064934],[27.4921616,37.5064774],[27.4921481,37.5064507],[27.4921403,37.5064226],[27.4921385,37.5063938],[27.4921424,37.5063667],[27.4921516,37.5063404],[27.4921717,37.5062883],[27.4921965,37.5062412],[27.492227,37.5061963],[27.4922629,37.5061539],[27.4922988,37.5061349],[27.4923307,37.5061118],[27.4923578,37.5060852],[27.4923795,37.5060555],[27.4923919,37.5060319],[27.4924008,37.5060074],[27.4924315,37.5059625],[27.4924707,37.505922],[27.4924957,37.505902],[27.4925228,37.5058838],[27.4925686,37.5058408],[27.4926075,37.5057938],[27.4926438,37.5057343],[27.4926732,37.5056725],[27.4926881,37.5056331],[27.4926958,37.5055924],[27.4926961,37.5055513],[27.4926891,37.5055105],[27.4926749,37.5054709],[27.4926595,37.5054421],[27.4926403,37.5054148],[27.4925975,37.5053624],[27.4925472,37.5053143],[27.4925085,37.505284],[27.4924668,37.5052564],[27.492392,37.5051941],[27.4923248,37.5051294],[27.4922635,37.5050611],[27.4922458,37.505052],[27.492225,37.5050491],[27.4922073,37.5050519],[27.4921918,37.5050592],[27.492135,37.505014],[27.4920855,37.5049637],[27.4920599,37.5049317],[27.4920372,37.5048982],[27.4919916,37.5048315],[27.4919535,37.5047714],[27.4919072,37.504715],[27.4918535,37.5046629],[27.4917876,37.5046122],[27.4917147,37.5045679],[27.4916852,37.5045568],[27.491653,37.5045524],[27.4916205,37.5045549],[27.4915873,37.5045655],[27.4915578,37.5045815],[27.4915415,37.5045943],[27.4915301,37.50461],[27.4915243,37.5046275],[27.4915241,37.5046439],[27.4915289,37.5046598],[27.4915383,37.5046743],[27.4913724,37.5048087],[27.4913575,37.5048238],[27.4913482,37.5048415],[27.4913452,37.5048605],[27.4913483,37.5048781],[27.4913567,37.5048946],[27.49137,37.5049089],[27.4912865,37.5049305],[27.4912654,37.5049407],[27.4912485,37.5049551],[27.4912369,37.5049725],[27.4912313,37.5049967],[27.4912361,37.505021],[27.4912507,37.5050427],[27.4911182,37.5051121],[27.4910594,37.5051033],[27.4909997,37.5050992],[27.4909399,37.5050999],[27.490908,37.5051022],[27.4908775,37.5051098],[27.4908497,37.5051222],[27.4908246,37.5051401],[27.4908071,37.5051629],[27.4907999,37.5051822],[27.4907982,37.5052023],[27.4908021,37.5052222],[27.4907701,37.5052206],[27.4907387,37.5052257],[27.4907084,37.5052382],[27.4906837,37.5052571],[27.4906743,37.5053457],[27.4906721,37.5053813],[27.490678,37.5054167],[27.490687,37.505441],[27.4906998,37.5054643],[27.4906311,37.5056856],[27.4906069,37.5058077],[27.4905989,37.5058397],[27.4906009,37.5058723],[27.4906138,37.5059055],[27.4906371,37.5059351],[27.4907763,37.506063],[27.490853,37.5061214],[27.4909345,37.5061755],[27.4910058,37.5062171],[27.4910814,37.5062537],[27.4911508,37.5062813],[27.4912176,37.5063128],[27.4912815,37.5063478],[27.491358,37.5063974],[27.4914279,37.5064528],[27.4914904,37.5065135],[27.4915263,37.506555],[27.4915588,37.5065981],[27.4915836,37.5066943],[27.491602,37.5067915],[27.4916155,37.5069075],[27.4916198,37.5070239],[27.4916253,37.5071412],[27.4916356,37.5072582],[27.4916506,37.5073756],[27.4916577,37.5074934],[27.4916579,37.5075753],[27.4916543,37.5076572],[27.4916436,37.5078208],[27.4916275,37.5079693],[27.4916054,37.5081173],[27.4915929,37.50821],[27.4915725,37.5083019],[27.4915519,37.5083708],[27.4915226,37.5084378],[27.4915042,37.5084713],[27.4914786,37.5085015],[27.4914465,37.5085277],[27.4914058,37.5085503],[27.4913603,37.5085663],[27.4913315,37.5085125],[27.4913064,37.5084959],[27.4912766,37.5084854],[27.4912443,37.5084817],[27.4912077,37.5084861],[27.4911747,37.5084993],[27.4911484,37.50852],[27.4911705,37.5086535],[27.4908661,37.5087413],[27.4908169,37.5087481],[27.4907669,37.5087487],[27.4907189,37.5087435],[27.4906725,37.5087326],[27.4906287,37.5087163],[27.4905711,37.5087449],[27.4905173,37.508778],[27.490468,37.5088152],[27.4904235,37.5088562],[27.4903969,37.5088853],[27.4903728,37.5089158],[27.4903316,37.50898],[27.4903008,37.5090476],[27.4902855,37.5090973],[27.4902776,37.509148],[27.4902774,37.509199],[27.4902847,37.5092498],[27.4902951,37.5092869],[27.4903096,37.5093232],[27.490347,37.5093191],[27.4903847,37.5093209],[27.4904212,37.5093286],[27.4904552,37.5093417],[27.4904852,37.5093599],[27.4905115,37.5093838],[27.490531,37.5094115],[27.490534,37.5094519],[27.4904808,37.5094962],[27.4904215,37.5095524],[27.490359,37.509617],[27.4902912,37.5096781],[27.4902184,37.5097354],[27.4901724,37.5097679],[27.4901208,37.5097947],[27.4900649,37.5098153],[27.4900058,37.509829],[27.4899506,37.5098354],[27.4898949,37.509836],[27.4898395,37.5098306],[27.4898204,37.509803],[27.4897961,37.5097782],[27.4897671,37.5097567],[27.4897456,37.5097446],[27.4897227,37.5097343],[27.4896827,37.5097073],[27.4896479,37.509676],[27.4896189,37.5096413],[27.4895972,37.5096054],[27.4895817,37.5095676],[27.4895726,37.5095285],[27.4895586,37.5095216],[27.4895424,37.5095195],[27.4895263,37.5095227],[27.4895139,37.5095299],[27.4895056,37.5095402],[27.4895217,37.5095668],[27.4895066,37.5095839],[27.489487,37.5095978],[27.489464,37.5096078],[27.4894435,37.5096126],[27.4894223,37.5096143],[27.4893797,37.5096145],[27.4893379,37.5096083],[27.4892986,37.509596],[27.4892628,37.5095781],[27.489232,37.5095551],[27.4890201,37.5096913],[27.4888417,37.5095801],[27.4887289,37.5095051],[27.4886184,37.509428],[27.488589,37.5094565],[27.4885655,37.5094884],[27.4885486,37.5095228],[27.4885386,37.5095588],[27.4885359,37.5095967],[27.4885409,37.5096344],[27.4885534,37.5096711],[27.4885393,37.5097119],[27.4885198,37.5097514],[27.4885021,37.5097793],[27.4884816,37.509806],[27.4884519,37.5098639],[27.4884313,37.5099242],[27.48842,37.5099874],[27.4884186,37.5100511],[27.4883505,37.5100825],[27.4882305,37.5101407],[27.4881614,37.5101173],[27.4881367,37.5101205],[27.4881152,37.5101306],[27.4881057,37.5101387],[27.4881014,37.5101492],[27.4881024,37.5101582],[27.4881071,37.5101663],[27.4881152,37.5101727],[27.4881399,37.5101873],[27.4881557,37.5102083],[27.4881603,37.5102268],[27.4881579,37.5102455],[27.4881486,37.5102628],[27.4881333,37.5102772],[27.4880575,37.5102429],[27.488033,37.5102721],[27.4880232,37.5102897],[27.4880194,37.5103088],[27.488022,37.510328],[27.4880305,37.5103457],[27.4880444,37.5103612],[27.4881108,37.5103849],[27.4880545,37.5104551],[27.4878694,37.510378],[27.487834,37.5103643],[27.487796,37.510356],[27.4877568,37.5103535],[27.4877266,37.5103555],[27.4876978,37.510363],[27.4876721,37.5103757],[27.4876508,37.5103929],[27.4876357,37.5104127],[27.4876266,37.5104346],[27.487624,37.5104577],[27.487628,37.5104806],[27.4877252,37.5105492],[27.4876428,37.5106902],[27.4876451,37.5107116],[27.4876536,37.510732],[27.4876676,37.5107503],[27.4876856,37.5107651],[27.4877071,37.5107764],[27.4877087,37.5107977],[27.4877033,37.5108186],[27.4876912,37.5108376],[27.4876733,37.5108535],[27.4876508,37.5108652],[27.4876232,37.5108721],[27.4875943,37.5108727],[27.4875663,37.5108668],[27.487459,37.5108008],[27.487421,37.5107757],[27.4873787,37.5107553],[27.487333,37.5107402],[27.4873002,37.510733],[27.4872663,37.510732],[27.4872329,37.510737],[27.4872018,37.5107479],[27.4871747,37.5107641],[27.4871535,37.5107841],[27.4871384,37.5108073],[27.4871089,37.5108536],[27.4870867,37.5109024],[27.4870721,37.510953],[27.4870652,37.5110085],[27.4870674,37.5110643],[27.4870788,37.5111194],[27.487276,37.5113232],[27.4872506,37.5113879],[27.487217,37.5114501],[27.4871754,37.5115093],[27.4871203,37.5115708],[27.4870567,37.5116269],[27.4868388,37.5115689],[27.4866361,37.5116191],[27.4864324,37.5116668],[27.4862337,37.5117105],[27.4860381,37.5117625],[27.4858383,37.5118253],[27.4858041,37.5117375],[27.4857953,37.5117252],[27.4857821,37.5117157],[27.4857659,37.5117099],[27.4857503,37.5117082],[27.4857347,37.5117101],[27.4857041,37.5117151],[27.4856754,37.5117248],[27.4856484,37.5117393],[27.4856258,37.5117579],[27.4856084,37.5117798],[27.4855969,37.511804],[27.4854333,37.5117492],[27.4854095,37.5117766],[27.4853951,37.5118077],[27.4853908,37.5118393],[27.485396,37.5118707],[27.4854105,37.5119003],[27.4854589,37.5119265],[27.4855017,37.5119583],[27.4855379,37.5119949],[27.4855667,37.5120354],[27.4855886,37.5120822],[27.4856006,37.5121312],[27.4856023,37.5121811],[27.4856664,37.5122478],[27.4857255,37.5123174],[27.4857793,37.5123896],[27.4858172,37.5124472],[27.4858517,37.5125061],[27.485864,37.5125524],[27.4858658,37.5125997],[27.4858578,37.5126437],[27.4858407,37.512686],[27.4858209,37.5127731],[27.4858083,37.5128469],[27.4857994,37.512921],[27.4858446,37.512979],[27.4858962,37.5130336],[27.4859536,37.5130843],[27.4860262,37.5131371],[27.4861052,37.5131837],[27.486089,37.5132677],[27.4860645,37.5133504],[27.4860319,37.5134312],[27.4859912,37.5135098],[27.4859566,37.5135654],[27.485918,37.5136194],[27.4858376,37.5137257],[27.4858031,37.5137678],[27.4857629,37.5138066],[27.4857176,37.5138417],[27.4856645,37.5138743],[27.485607,37.5139018],[27.4855024,37.5139683],[27.485414,37.5140333],[27.4853314,37.5141028],[27.4853273,37.5141123],[27.4853285,37.5141223],[27.4853347,37.514131],[27.4853505,37.5141386],[27.4853689,37.5141374],[27.4855983,37.5139826],[27.4858417,37.514038],[27.4856573,37.5141209],[27.4856342,37.5141551],[27.4856184,37.5141917],[27.4856093,37.5142382],[27.4856117,37.5142853],[27.4855441,37.5143725],[27.485467,37.5144546],[27.485381,37.514531],[27.4853087,37.5145858],[27.4852319,37.5146366],[27.4850799,37.5147395],[27.4849277,37.5148382],[27.4847728,37.5149342],[27.4847323,37.5149506],[27.4846886,37.5149607],[27.4846433,37.514964],[27.4845999,37.5149607],[27.484558,37.5149512],[27.484519,37.5149358],[27.4844842,37.5149151],[27.48442,37.5149051],[27.484355,37.5148991],[27.4843056,37.5148972],[27.4842565,37.5149023],[27.4842225,37.5149101],[27.4841901,37.5149213],[27.4841218,37.5149351],[27.484052,37.5149435],[27.4839815,37.5149464],[27.4839258,37.5149448],[27.4838714,37.5149353],[27.4838199,37.5149182],[27.483784,37.5149005],[27.4837513,37.5148791],[27.4837227,37.5148544],[27.4837167,37.5147622],[27.4837046,37.5146704],[27.4836955,37.514621],[27.4836775,37.5145731],[27.483651,37.5145278],[27.483615,37.5144846],[27.4835713,37.5144461],[27.4835207,37.5144133],[27.4834646,37.5143869],[27.4834541,37.5143795],[27.4834406,37.5143768],[27.483427,37.5143794],[27.4834176,37.5143856],[27.4834123,37.5143943],[27.483431,37.5144422],[27.4833392,37.5145039],[27.4832936,37.5144812],[27.4832443,37.5144643],[27.4831923,37.5144534],[27.4831589,37.5144497],[27.4831253,37.5144512],[27.4830872,37.5144594],[27.4830523,37.5144741],[27.4830225,37.5144946],[27.4829992,37.5145198],[27.4828999,37.5144326],[27.4828269,37.5143629],[27.482808,37.5143537],[27.4827867,37.514349],[27.4827645,37.5143491],[27.4827466,37.5143529],[27.4827302,37.51436],[27.4827001,37.514377],[27.482676,37.5143991],[27.4826629,37.5144177],[27.4826572,37.5144385],[27.4826592,37.5144597],[27.4826665,37.514476],[27.4826783,37.5144904],[27.4826941,37.5145023],[27.4826525,37.5145874],[27.4825251,37.5145167],[27.4824986,37.5145047],[27.4824686,37.5145],[27.4824384,37.5145031],[27.4824109,37.5145136],[27.482389,37.5145305],[27.4823747,37.5145526],[27.4823702,37.5145773],[27.4824594,37.5146948],[27.4824597,37.5147174],[27.4824507,37.5147387],[27.4824332,37.5147565],[27.4824096,37.5147687],[27.4823823,37.5147741],[27.4821147,37.5147188],[27.4818847,37.5145826],[27.4818611,37.5145698],[27.4818349,37.5145609],[27.4818069,37.514556],[27.4817748,37.5145557],[27.4817432,37.5145608],[27.4817197,37.5145738],[27.4816983,37.5145889],[27.4816722,37.5146129],[27.4816973,37.5146297],[27.4817161,37.5146511],[27.4817272,37.5146757],[27.48173,37.5146948],[27.4817281,37.5147141],[27.4817231,37.5147523],[27.4817076,37.514802],[27.4816822,37.5148491],[27.4815883,37.5147794],[27.4815378,37.5147983],[27.4814904,37.5148218],[27.4814469,37.5148496],[27.4813985,37.5148903],[27.4813583,37.5149363],[27.4813892,37.515039],[27.4814007,37.5150885],[27.4814218,37.515136],[27.4814519,37.5151803],[27.4814904,37.5152203],[27.4815399,37.5152574],[27.4815964,37.5152873],[27.4815193,37.5153368],[27.4815157,37.5153527],[27.4815177,37.5153687],[27.4815253,37.5153836],[27.481538,37.5153965],[27.4815548,37.515406],[27.4816681,37.5153719],[27.4817821,37.5154107],[27.481838,37.5154144],[27.4818939,37.5154124],[27.4819491,37.5154049],[27.4819966,37.5153937],[27.4820423,37.5153783],[27.4821074,37.5157208],[27.4821228,37.515756],[27.4821447,37.515789],[27.4821726,37.515819],[27.4822059,37.5158453],[27.482243,37.5158669],[27.4822837,37.5158838],[27.4823271,37.5158959],[27.4823722,37.5159027],[27.4823723,37.5159437],[27.482365,37.5159842],[27.4823503,37.5160235],[27.4823286,37.5160607],[27.4822944,37.516101],[27.482252,37.5161361],[27.4822026,37.5161649],[27.482334,37.516325],[27.4822927,37.516438],[27.4822435,37.5165489],[27.4822091,37.5166165],[27.4821718,37.516683],[27.4820926,37.5168143],[27.4820495,37.5168799],[27.4819996,37.5169423],[27.4819431,37.517001],[27.4818846,37.5170524],[27.481821,37.5171],[27.4817084,37.5170372],[27.4816756,37.5170327],[27.4816429,37.5170372],[27.4816138,37.51705],[27.4815943,37.5170666],[27.4815816,37.5170871],[27.4815769,37.5171095],[27.4815323,37.5170947],[27.4814907,37.5170751],[27.4814529,37.517051],[27.4814211,37.5170244],[27.4813942,37.5169946],[27.4813724,37.5169622],[27.481334,37.5169613],[27.4812961,37.5169666],[27.4812604,37.5169779],[27.4812283,37.5169946],[27.4811977,37.5170196],[27.4811753,37.5170494],[27.4813081,37.5173138],[27.481409,37.517504],[27.4815139,37.517693],[27.4815451,37.5177371],[27.4815821,37.5177782],[27.4816246,37.5178158],[27.4816822,37.517856],[27.4817459,37.5178898],[27.4817372,37.5179695],[27.4817023,37.5180438],[27.4816604,37.5181157],[27.4816118,37.5181849],[27.4815727,37.518233],[27.4815304,37.5182793],[27.4814415,37.5183692],[27.4813595,37.5184428],[27.4812729,37.518513],[27.481182,37.5185796],[27.4810511,37.5186645],[27.4809131,37.5187421],[27.4807143,37.5188208],[27.4806724,37.5188254],[27.4806305,37.5188213],[27.4806011,37.5188129],[27.4805743,37.5188003],[27.480551,37.5187838],[27.4804739,37.5188515],[27.4803887,37.5189128],[27.4802961,37.5189669],[27.4801971,37.5190133],[27.4800927,37.5190516],[27.4800284,37.5190704],[27.4799629,37.519086],[27.4798313,37.5191158],[27.4796981,37.5191407],[27.4795107,37.5191673],[27.4793222,37.5191883],[27.479157,37.5192019],[27.4789913,37.5192112],[27.4789513,37.5192132],[27.4789116,37.5192091],[27.4788736,37.5191989],[27.4788311,37.5191786],[27.4787958,37.5191508],[27.4787368,37.5191504],[27.4786778,37.5191532],[27.4786209,37.5191588],[27.4785635,37.5191574],[27.4785113,37.5191499],[27.478462,37.5191343],[27.4784176,37.5191114],[27.4783798,37.5190819],[27.4783592,37.5190596],[27.4783425,37.5190354],[27.4783313,37.5190283],[27.4783174,37.5190255],[27.4783048,37.5190272],[27.4782939,37.5190324],[27.4782862,37.5190404],[27.4782755,37.5190596],[27.4782592,37.5190762],[27.4782383,37.5190891],[27.4782101,37.5190984],[27.4781798,37.5191012],[27.4781498,37.5190971],[27.478127,37.5190394],[27.4781162,37.5190298],[27.4781012,37.5190249],[27.478085,37.5190255],[27.4780708,37.5190317],[27.4780614,37.5190421],[27.4780586,37.5190548],[27.478042,37.5190647],[27.4780223,37.5190698],[27.4780016,37.5190694],[27.4779879,37.519066],[27.4779756,37.5190602],[27.4779534,37.5190462],[27.4779362,37.5190282],[27.4779279,37.5190142],[27.4779227,37.5189994],[27.4779154,37.5189692],[27.4779144,37.5189384],[27.4779241,37.5189085],[27.4779402,37.5188858],[27.4779625,37.5188666],[27.4779898,37.5188521],[27.4780207,37.5188431],[27.4780301,37.518695],[27.4780305,37.518665],[27.4780222,37.5186358],[27.4780057,37.5186089],[27.4779818,37.5185857],[27.4779558,37.5185694],[27.4779262,37.5185576],[27.4778942,37.5185508],[27.4778611,37.5185493],[27.4778312,37.5184575],[27.4777777,37.5184241],[27.4777184,37.5183977],[27.4776546,37.5183788],[27.4776013,37.5183695],[27.4775471,37.5183655],[27.4774926,37.5183668],[27.4774422,37.5183633],[27.4773926,37.5183554],[27.4773444,37.5183432],[27.4772964,37.518326],[27.4772511,37.5183045],[27.4772094,37.518279],[27.4770762,37.5182123],[27.4770294,37.5181881],[27.4769784,37.5181702],[27.4769243,37.5181592],[27.4768665,37.5181551],[27.4768087,37.5181589],[27.4766843,37.5182474],[27.4765773,37.5181794],[27.4764829,37.5181973],[27.4763919,37.518224],[27.4763139,37.5182555],[27.4762407,37.5182934],[27.4761912,37.5182739],[27.4761388,37.5182599],[27.4760711,37.5182507],[27.4760026,37.5182466],[27.4759339,37.5182477],[27.4758714,37.5182533],[27.4758085,37.5182501],[27.4757571,37.5182407],[27.4757045,37.5182375],[27.4756519,37.5182408],[27.4756105,37.518248],[27.4755705,37.5182591],[27.4756268,37.5183525],[27.4757022,37.5184668],[27.4756862,37.518489],[27.475666,37.5185088],[27.475648,37.5185222],[27.4756259,37.5185311],[27.4756017,37.5185346],[27.475577,37.5185327],[27.475554,37.5185253],[27.4755346,37.5185131],[27.4754944,37.5184453],[27.4754542,37.5184176],[27.4754102,37.5183939],[27.4753629,37.5183746],[27.4753262,37.5183631],[27.4752873,37.5183581],[27.4752479,37.5183597],[27.4752116,37.5183672],[27.475178,37.5183805],[27.4751484,37.5183988],[27.4752094,37.5184676],[27.4751722,37.5184929],[27.4751299,37.5185125],[27.4750839,37.5185258],[27.4750357,37.5185325],[27.4749965,37.5185329],[27.4749576,37.5185289],[27.4748801,37.5185205],[27.4747963,37.5185059],[27.4747143,37.5184858],[27.4746348,37.5184602],[27.4745583,37.5184293],[27.4745267,37.5184138],[27.4745006,37.5183929],[27.4744822,37.5183692],[27.4744709,37.5183429],[27.4744671,37.5183153],[27.4744581,37.5182985],[27.4744429,37.5182849],[27.4744232,37.5182756],[27.4744009,37.5182717],[27.4743782,37.5182735],[27.4743343,37.5182299],[27.474347,37.5182137],[27.4743564,37.5181961],[27.4743641,37.5181697],[27.4743644,37.5181426],[27.4743574,37.518116],[27.4743434,37.5180913],[27.4743229,37.5180695],[27.4742999,37.5180534],[27.4742734,37.518041],[27.4742287,37.5180079],[27.4741895,37.5179706],[27.4741602,37.517935],[27.474136,37.5178971],[27.4741171,37.5178573],[27.4741018,37.5178504],[27.4740842,37.5178499],[27.4740692,37.5178555],[27.4740589,37.5178658],[27.4740554,37.5178786],[27.4739514,37.5177994],[27.4739689,37.5177699],[27.4739786,37.5177384],[27.4739802,37.5177059],[27.4739736,37.5176738],[27.4739631,37.5176504],[27.4739484,37.5176285],[27.4739169,37.5175858],[27.4738795,37.5175461],[27.4738368,37.51751],[27.4737758,37.5174702],[27.4737083,37.5174377],[27.4736356,37.5174132],[27.4735806,37.5175473],[27.4736825,37.5176191],[27.4737878,37.5176877],[27.4738197,37.5177074],[27.4738469,37.5177311],[27.4738687,37.5177581],[27.4738844,37.5177877],[27.4738944,37.5178238],[27.4738953,37.5178608],[27.4738871,37.5178972],[27.4740218,37.5179834],[27.4739434,37.5181498],[27.4739286,37.5181809],[27.4739222,37.5182138],[27.4739245,37.518247],[27.4739353,37.5182791],[27.4739537,37.5183079],[27.473979,37.5183333],[27.4740102,37.5183541],[27.474046,37.5183695],[27.4740171,37.5186088],[27.4740694,37.518704],[27.4740617,37.5187514],[27.474044,37.5187971],[27.474024,37.5188298],[27.473997,37.5188592],[27.4739637,37.5188842],[27.4739253,37.518904],[27.4738788,37.518919],[27.4738295,37.5189265],[27.4737793,37.5189261],[27.4737301,37.5189178],[27.4736921,37.5189174],[27.4736553,37.5189248],[27.4736222,37.5189396],[27.4735935,37.5189625],[27.4735739,37.5189907],[27.473549,37.5190526],[27.4735193,37.5191132],[27.4734847,37.5191721],[27.4734452,37.5192296],[27.4734011,37.519285],[27.4733526,37.519338],[27.4733174,37.5193138],[27.4732567,37.5192721],[27.4733875,37.5191295],[27.4734091,37.5190941],[27.4734218,37.519056],[27.473425,37.5190168],[27.4734196,37.5189807],[27.4734063,37.518946],[27.4733738,37.5189212],[27.473336,37.5189017],[27.4732942,37.5188882],[27.47325,37.5188811],[27.4732022,37.518881],[27.4731553,37.5188883],[27.4731112,37.518903],[27.4729972,37.5190066],[27.4728906,37.5191152],[27.4727806,37.5192418],[27.4726807,37.5193736],[27.4724092,37.5196481],[27.472271,37.5197858],[27.4721972,37.5198325],[27.47212,37.5198756],[27.4720397,37.5199151],[27.4719656,37.519947],[27.4718894,37.5199758],[27.471736,37.5200313],[27.4715797,37.5200815],[27.47147,37.5201132],[27.4713583,37.5201403],[27.4712451,37.5201629],[27.4710893,37.5201861],[27.4709323,37.5202038],[27.4707744,37.520216],[27.4706161,37.5202225],[27.4704284,37.5202229],[27.4702409,37.5202154],[27.4700542,37.5202001],[27.469941,37.520134],[27.4698318,37.5200638],[27.4697269,37.5199895],[27.4696065,37.5198948],[27.4694929,37.5197949],[27.4694508,37.5197586],[27.4694034,37.5197266],[27.4693515,37.5196994],[27.4692958,37.5196773],[27.4692288,37.519659],[27.4691593,37.5196481],[27.4690886,37.5196449],[27.4690122,37.5196111],[27.4689412,37.5195704],[27.4688767,37.5195236],[27.4688307,37.5194826],[27.4687776,37.5194474],[27.4687184,37.5194188],[27.4686811,37.5194053],[27.4686408,37.5193988],[27.4685998,37.5193997],[27.4685675,37.5194057],[27.4685373,37.5194163],[27.4685099,37.5194311],[27.4684739,37.5194347],[27.4684381,37.51943],[27.4684054,37.5194173],[27.4683787,37.5193976],[27.4683604,37.5193726],[27.468332,37.519363],[27.4683014,37.5193603],[27.4682759,37.5193635],[27.4682522,37.5193715],[27.4682316,37.5193837],[27.4681478,37.5193611],[27.4680665,37.5193332],[27.4679882,37.5193002],[27.4679006,37.5192552],[27.467817,37.5192055],[27.4677381,37.5191513],[27.467648,37.5190791],[27.467566,37.5190011],[27.4674927,37.5189178],[27.4674417,37.5188717],[27.4673856,37.5188295],[27.4673249,37.5187916],[27.46726,37.5187583],[27.4671888,37.5187289],[27.4671145,37.5187049],[27.4670376,37.5186866],[27.4669589,37.5186743],[27.4669067,37.5186694],[27.4668542,37.5186671],[27.466749,37.5186668],[27.4666442,37.5186735],[27.4665405,37.518687],[27.466441,37.5187068],[27.4663439,37.5187329],[27.4662497,37.5187651],[27.466226,37.5188184],[27.4662009,37.518902],[27.4661669,37.5189836],[27.4661241,37.5190625],[27.4660904,37.519114],[27.466053,37.5191639],[27.4659747,37.5192618],[27.4658894,37.5193561],[27.4657986,37.5194452],[27.4657016,37.51953],[27.4656828,37.5195638],[27.4656704,37.5195994],[27.4656646,37.5196361],[27.4656654,37.5196731],[27.4656716,37.519705],[27.4656829,37.519736],[27.4656989,37.5197656],[27.4656845,37.5198467],[27.4656761,37.5199284],[27.4656742,37.5199723],[27.4656775,37.5200161],[27.4656887,37.5200697],[27.4657077,37.5201219],[27.465689,37.5201917],[27.4656595,37.520259],[27.4656198,37.520323],[27.4655754,37.5203772],[27.4655226,37.5204264],[27.4654622,37.5204698],[27.4654246,37.5204918],[27.4653849,37.5205115],[27.4653041,37.5205488],[27.4652202,37.5205815],[27.4651472,37.5206053],[27.4650717,37.5206235],[27.4649943,37.5206358],[27.4649157,37.5206421],[27.4648415,37.5206425],[27.4647676,37.5206376],[27.4646194,37.5206373],[27.4644603,37.5206418],[27.4643015,37.5206511],[27.4642773,37.520654],[27.4642532,37.5206506],[27.4642316,37.520641],[27.4642151,37.5206262],[27.4642056,37.520608],[27.4638388,37.5206931],[27.4638085,37.5207112],[27.4637838,37.5207341],[27.4637687,37.520756],[27.4637483,37.520775],[27.4637211,37.5207917],[27.4636901,37.5208032],[27.4636565,37.5208091],[27.4636222,37.5208091],[27.4635887,37.5208032],[27.4635502,37.5207602],[27.4635051,37.5207215],[27.4634542,37.5206876],[27.4633983,37.5206591],[27.4633439,37.5206383],[27.4632869,37.5206226],[27.463228,37.5206123],[27.4631975,37.5206619],[27.4631762,37.5207144],[27.4631645,37.5207688],[27.4631626,37.520824],[27.4631663,37.5208575],[27.4631736,37.5208907],[27.4631749,37.5209097],[27.4631716,37.5209285],[27.4631601,37.5209524],[27.4631411,37.5209731],[27.462941,37.5210247],[27.4629262,37.5209995],[27.4628129,37.5210234],[27.4628833,37.5211819],[27.4628062,37.5212228],[27.4628176,37.5213058],[27.4627009,37.5214015],[27.4626896,37.521411],[27.4626831,37.5214231],[27.4626821,37.5214361],[27.4626875,37.5214496],[27.4626989,37.5214606],[27.4628377,37.5215297],[27.4628605,37.5219669],[27.4629083,37.5220638],[27.4629468,37.5221632],[27.4629758,37.5222647],[27.4629952,37.5223685],[27.4630047,37.5224732],[27.4631187,37.5225008],[27.4631847,37.5225161],[27.463247,37.5225392],[27.4633041,37.5225697],[27.4633547,37.5226067],[27.4633993,37.5226515],[27.4634342,37.5227014],[27.4634586,37.522755],[27.4635172,37.5227584],[27.463576,37.5227573],[27.4636343,37.5227519],[27.4637024,37.5227397],[27.4637684,37.5227215],[27.463875,37.5227952],[27.4639749,37.5228746],[27.4640675,37.5229593],[27.4641303,37.5230242],[27.4641889,37.5230917],[27.4643129,37.523081],[27.4643524,37.5230796],[27.4643916,37.5230831],[27.4644296,37.5230917],[27.4644725,37.5231084],[27.4645106,37.5231313],[27.4645422,37.5231598],[27.4647099,37.5233411],[27.464765,37.5233922],[27.4648132,37.5234476],[27.4648537,37.5235066],[27.4648862,37.5235687],[27.4649076,37.5236244],[27.4649215,37.5236817],[27.4649275,37.5237397],[27.4649258,37.5237979],[27.4649134,37.5238671],[27.4648901,37.5239345],[27.4648561,37.523999],[27.4648459,37.5240472],[27.4648284,37.524094],[27.4648038,37.5241388],[27.464767,37.5241871],[27.4647219,37.5242308],[27.4646623,37.5243973],[27.4646491,37.5244395],[27.4646254,37.5244787],[27.4645968,37.5245093],[27.4645618,37.5245355],[27.4645215,37.5245563],[27.4642123,37.52491],[27.4639233,37.5251732],[27.4636544,37.5254375],[27.4636132,37.5254826],[27.4635649,37.5255231],[27.4635104,37.5255583],[27.4634506,37.5255875],[27.4633836,37.5256111],[27.463321,37.5256414],[27.4632639,37.5256779],[27.4632132,37.5257199],[27.4631719,37.5257642],[27.4631246,37.5258047],[27.463072,37.5258408],[27.4630147,37.525872],[27.4629644,37.5258939],[27.4629117,37.525912],[27.4628571,37.5259262],[27.4627834,37.5258007],[27.4626889,37.5257959],[27.4625943,37.5257954],[27.462559,37.5257963],[27.4625251,37.5258039],[27.4624944,37.5258177],[27.4624723,37.5258337],[27.4624544,37.5258528],[27.4624414,37.5258741],[27.4624326,37.5259033],[27.4624328,37.5259333],[27.4624421,37.5259624],[27.462341,37.5260102],[27.4622448,37.5260639],[27.4621537,37.526123],[27.4620994,37.5261629],[27.4620406,37.5261985],[27.4619778,37.5262296],[27.4619117,37.5262559],[27.4618343,37.5262794],[27.4617542,37.5262963],[27.4616723,37.5263065],[27.4615328,37.5261209],[27.4615137,37.5261057],[27.4614892,37.5260967],[27.4614623,37.5260949],[27.4614362,37.5261007],[27.4614156,37.5261122],[27.4614008,37.5261283],[27.4613933,37.5261475],[27.4614523,37.5263469],[27.4615382,37.5263729],[27.4615536,37.5265282],[27.4613859,37.5266553],[27.4613772,37.5266749],[27.4613777,37.5266956],[27.4613873,37.5267149],[27.4614035,37.5267295],[27.4614248,37.5267391],[27.461449,37.5267425],[27.4615905,37.5267537],[27.4616196,37.5268427],[27.4616381,37.5269335],[27.4616458,37.5270254],[27.4616427,37.5271175],[27.4616287,37.5272089],[27.4618547,37.527344],[27.4618993,37.527374],[27.4619366,37.5274099],[27.4619653,37.5274504],[27.4619804,37.5274822],[27.4619874,37.5275158],[27.4619861,37.5275498],[27.4619784,37.5275784],[27.4619648,37.5276057],[27.461937,37.5276597],[27.4619029,37.5277115],[27.4618744,37.5277475],[27.4618428,37.5277819],[27.4617773,37.5278491],[27.4617065,37.527913],[27.4616061,37.5279913],[27.4614979,37.5280627],[27.4613826,37.5281268],[27.4613251,37.5281612],[27.4612642,37.5281915],[27.4612002,37.5282177],[27.4611114,37.5282457],[27.4610191,37.5282656],[27.4609542,37.5282967],[27.4608853,37.528322],[27.4608133,37.5283411],[27.4607457,37.528353],[27.4606769,37.5283595],[27.4606077,37.5283605],[27.4606001,37.5283161],[27.4605848,37.528273],[27.4605622,37.528232],[27.4605327,37.5281938],[27.4604968,37.5281592],[27.4604587,37.5281311],[27.4604172,37.5281062],[27.4603727,37.5280848],[27.4603127,37.528063],[27.4602497,37.5280475],[27.4601846,37.5280386],[27.4601186,37.5280364],[27.4600123,37.5279858],[27.4599014,37.5279417],[27.4597867,37.5279045],[27.4596687,37.5278742],[27.4595557,37.5278523],[27.4594411,37.5278369],[27.4593253,37.5278279],[27.4592413,37.5278784],[27.4591645,37.5279357],[27.4590959,37.5279993],[27.4590363,37.5280683],[27.4589947,37.5281284],[27.4589599,37.5281911],[27.4590585,37.5283289],[27.4591194,37.5284521],[27.4591872,37.528573],[27.4592325,37.5286463],[27.4592853,37.5287165],[27.4593452,37.5287829],[27.4594118,37.5288452],[27.4594531,37.528879],[27.4594873,37.5289174],[27.4595138,37.5289595],[27.4595319,37.5290042],[27.4595392,37.529036],[27.4595423,37.5290682],[27.4595598,37.5291313],[27.4595841,37.5291929],[27.459615,37.5292526],[27.4596573,37.5293166],[27.4597074,37.5293771],[27.4597646,37.5294334],[27.4596761,37.529493],[27.4598182,37.5297157],[27.4598068,37.5297396],[27.4598027,37.5297649],[27.4598061,37.5297902],[27.4598144,37.5298099],[27.4598273,37.5298281],[27.4598444,37.5298439],[27.4598325,37.5298941],[27.4598135,37.5299428],[27.4597963,37.5299753],[27.4597759,37.5300065],[27.459731,37.5300672],[27.459699,37.530104],[27.4596747,37.5301444],[27.4596572,37.5301938],[27.4596512,37.5302449],[27.4595628,37.5303256],[27.4594675,37.5304012],[27.4594057,37.530445],[27.4593416,37.5304866],[27.4592103,37.5305666],[27.4590739,37.530641],[27.4589505,37.5307015],[27.4588236,37.5307574],[27.4586937,37.5308085],[27.4585184,37.5308685],[27.4583408,37.5309241],[27.4581613,37.5309755],[27.4579858,37.5310211],[27.457808,37.5310604],[27.4576282,37.5310936],[27.457502,37.5311129],[27.4573752,37.5311291],[27.4571206,37.5311568],[27.4568667,37.5311765],[27.4566123,37.5311919],[27.4563838,37.5312022],[27.456155,37.5312052],[27.4559753,37.5312025],[27.4557962,37.5311914],[27.455639,37.5311746],[27.4554837,37.5311489],[27.4553656,37.531123],[27.455251,37.5310884],[27.4551768,37.5310605],[27.4551049,37.5310289],[27.4550854,37.5308037],[27.4551558,37.5307952],[27.4550989,37.5306256],[27.4551693,37.5305958],[27.4551767,37.5305577],[27.4551759,37.5305191],[27.4551668,37.5304812],[27.4551496,37.5304451],[27.455125,37.5304118],[27.4550922,37.5303813],[27.4550531,37.5303559],[27.455009,37.5303363],[27.4549274,37.5301471],[27.4548353,37.5299609],[27.4547455,37.5297992],[27.4547334,37.5297795],[27.4547144,37.5297637],[27.4546901,37.5297533],[27.454663,37.5297492],[27.4546371,37.5297517],[27.4546132,37.5297599],[27.4545933,37.5297733],[27.4545792,37.5297907],[27.4545282,37.5300784],[27.4542197,37.5299556],[27.4542556,37.5298989],[27.4541443,37.529816],[27.4541406,37.529754],[27.4541316,37.5297419],[27.4541183,37.5297326],[27.4541021,37.5297269],[27.4540836,37.5297255],[27.4540656,37.5297288],[27.4540498,37.5297365],[27.4539311,37.5298731],[27.453863,37.5298532],[27.4537738,37.5299473],[27.453653,37.5299387],[27.4536375,37.5299151],[27.4536154,37.5298951],[27.4535837,37.5298782],[27.4535472,37.529869],[27.4535192,37.5298677],[27.4534915,37.529871],[27.4534017,37.5298445],[27.4532582,37.5297774],[27.4531294,37.5297009],[27.4531474,37.5296604],[27.4531583,37.5296184],[27.4531615,37.5295659],[27.4531536,37.5295137],[27.4531033,37.5293967],[27.4531737,37.5292063],[27.4531758,37.5291436],[27.4531677,37.5290812],[27.4531496,37.5290202],[27.453125,37.5289675],[27.4530929,37.5289175],[27.4530537,37.5288707],[27.4528954,37.5286697],[27.4528818,37.5285888],[27.4528614,37.5285087],[27.4528344,37.5284299],[27.4528054,37.5283622],[27.4527716,37.528296],[27.4527043,37.5281635],[27.452593,37.5279635],[27.452551,37.5279091],[27.4525139,37.5278524],[27.4524817,37.5277939],[27.4524628,37.5277532],[27.4524364,37.5277153],[27.4524031,37.5276809],[27.4523637,37.5276508],[27.4523153,37.5276241],[27.4522621,37.5276039],[27.4522054,37.5275907],[27.4521268,37.527635],[27.4520532,37.5276843],[27.4520095,37.5277179],[27.4519615,37.5277475],[27.4519097,37.5277727],[27.4518547,37.5277934],[27.4517973,37.5278091],[27.451738,37.5278199],[27.4516777,37.5278258],[27.4516208,37.5278267],[27.4515641,37.5278231],[27.451508,37.5278152],[27.4513374,37.5277944],[27.4511661,37.5277774],[27.4509535,37.5277615],[27.4507765,37.5277529],[27.4504459,37.5275812],[27.4503617,37.5275325],[27.450282,37.5274792],[27.4502072,37.5274216],[27.4501321,37.5273546],[27.4502139,37.5272853],[27.4502411,37.527258],[27.4502628,37.5272278],[27.4502796,37.5271921],[27.4502886,37.5271547],[27.450282,37.5271383],[27.4502826,37.5271212],[27.4502906,37.5271047],[27.4503051,37.5270914],[27.4503248,37.5270733],[27.4503369,37.5270515],[27.4503404,37.5270263],[27.4503339,37.5270015],[27.4503205,37.5269731],[27.4503015,37.5269468],[27.4502772,37.5269234],[27.4502552,37.5269092],[27.4502303,37.5268984],[27.4502035,37.5268912],[27.4501401,37.5269401],[27.4499457,37.5268601],[27.4499272,37.5268344],[27.4499155,37.5268064],[27.4499112,37.5267806],[27.4499127,37.5267546],[27.4499198,37.5267292],[27.4499396,37.5266702],[27.4499892,37.5266626],[27.4500375,37.5266511],[27.4501058,37.5266272],[27.4501392,37.5266136],[27.450169,37.5265955],[27.4501956,37.5265718],[27.4502074,37.5265589],[27.4502159,37.5265444],[27.4502213,37.5265234],[27.4502196,37.5265019],[27.4501237,37.526429],[27.4499279,37.5263187],[27.4498106,37.5263529],[27.4496905,37.5263804],[27.4496368,37.5263903],[27.449582,37.5263946],[27.4495269,37.5263932],[27.4494689,37.5263854],[27.4494129,37.5263713],[27.4493586,37.5264485],[27.4493922,37.5264708],[27.4494216,37.5264966],[27.4494464,37.5265253],[27.4494659,37.526556],[27.44948,37.5265885],[27.4495105,37.5266527],[27.4495564,37.5267686],[27.44952,37.5267951],[27.4494786,37.5268166],[27.4494333,37.5268325],[27.4493854,37.5268423],[27.4493303,37.5268457],[27.4492771,37.5268575],[27.4492277,37.5268772],[27.4491836,37.5269043],[27.449147,37.5269377],[27.4491195,37.526954],[27.4490874,37.5269635],[27.4490508,37.5269652],[27.4490148,37.5269701],[27.4489892,37.5269757],[27.4489664,37.5269865],[27.4489482,37.5270018],[27.4489342,37.5270246],[27.4489304,37.5270498],[27.4489045,37.5270954],[27.4488694,37.5271393],[27.4488443,37.5271337],[27.4488212,37.5271303],[27.4487985,37.527135],[27.4487808,37.5271465],[27.4487665,37.5271607],[27.4487554,37.5271789],[27.44875,37.5271988],[27.4487284,37.5272352],[27.4486978,37.5272747],[27.4486472,37.5273312],[27.4486367,37.5273477],[27.4486046,37.5273761],[27.4485657,37.5273986],[27.4485217,37.5274142],[27.4484735,37.5274223],[27.4484243,37.527422],[27.4483762,37.5274134],[27.4482672,37.5273969],[27.4481593,37.5273762],[27.4480389,37.5273478],[27.4479206,37.5273142],[27.4478884,37.5273012],[27.4478607,37.5272828],[27.4478388,37.52726],[27.4478249,37.5272364],[27.4478174,37.5272111],[27.4475379,37.5270756],[27.4474841,37.5270519],[27.4474351,37.5270223],[27.4473989,37.5269938],[27.4473673,37.5269621],[27.4473406,37.5269276],[27.447297,37.526716],[27.4472728,37.5266726],[27.4472423,37.5266318],[27.4472059,37.5265941],[27.4471642,37.5265601],[27.4471253,37.5265347],[27.4470824,37.5265137],[27.4470363,37.5264974],[27.4469879,37.5264862],[27.4469308,37.5264799],[27.4468733,37.5264806],[27.4468166,37.5264883],[27.4467163,37.5265006],[27.4462549,37.5262267],[27.4458546,37.5259337],[27.4454738,37.5256247],[27.4455214,37.5253391],[27.44552,37.5252663],[27.4455202,37.5251727],[27.4455324,37.5250797],[27.4455562,37.5249881],[27.4455887,37.5249052],[27.4456309,37.524825],[27.4456823,37.5247483],[27.4456539,37.5246389],[27.4456199,37.5245305],[27.4455804,37.5244234],[27.4455379,37.5243232],[27.4454905,37.5242245],[27.4454736,37.5241924],[27.445464,37.5241585],[27.4454621,37.5241238],[27.4454677,37.5240894],[27.4454819,37.5240542],[27.4455041,37.5240218],[27.4455334,37.5239931],[27.4455333,37.5239663],[27.445522,37.523941],[27.4455042,37.5239225],[27.4454805,37.5239088],[27.4454528,37.5239011],[27.4454235,37.5239],[27.445365,37.5239053],[27.4453087,37.523919],[27.4452565,37.5239405],[27.4452304,37.5239553],[27.4452062,37.523972],[27.4451607,37.5240078],[27.4451204,37.5240474],[27.4450811,37.5240969],[27.4450501,37.52415],[27.4450278,37.5242058],[27.445016,37.5242301],[27.4450114,37.5242559],[27.4450144,37.5242819],[27.4450282,37.5243119],[27.445052,37.5243377],[27.4450322,37.5243725],[27.4450164,37.5244085],[27.4450042,37.5244475],[27.4450015,37.5244877],[27.4450084,37.5245276],[27.4450252,37.5245666],[27.4450512,37.5246024],[27.4450855,37.5246334],[27.4449876,37.5247105],[27.44483,37.5246802],[27.4447341,37.5247963],[27.4446463,37.5249163],[27.4445778,37.525022],[27.4445155,37.5251301],[27.444244,37.5251966],[27.4441654,37.5252204],[27.4440845,37.5252387],[27.4440019,37.5252514],[27.4438964,37.5252593],[27.4437906,37.5252628],[27.4436847,37.525262],[27.4435623,37.5252556],[27.4434406,37.5252434],[27.4433675,37.5252396],[27.443295,37.5252317],[27.4432234,37.5252195],[27.443149,37.5252021],[27.4430765,37.5251801],[27.4430225,37.5250618],[27.4429585,37.5249467],[27.4428858,37.5248365],[27.4428056,37.5247297],[27.4427208,37.5246294],[27.4426293,37.5245329],[27.4425662,37.5245067],[27.4425092,37.5244729],[27.4424596,37.5244324],[27.4424244,37.5243936],[27.4423952,37.5243517],[27.4423724,37.5243074],[27.4423553,37.5242566],[27.442328,37.5242086],[27.4422914,37.5241647],[27.4422464,37.5241261],[27.4421935,37.5240933],[27.4421446,37.5240569],[27.4421002,37.524017],[27.442063,37.5239771],[27.4420303,37.5239348],[27.4420023,37.5238905],[27.441975,37.523884],[27.4419466,37.5238825],[27.4419259,37.5238845],[27.4419059,37.5238892],[27.4418668,37.5239006],[27.4418257,37.523919],[27.4417891,37.5239426],[27.441686,37.523881],[27.4415812,37.5238213],[27.4413713,37.5237107],[27.4413197,37.523606],[27.4412765,37.523499],[27.4412419,37.52339],[27.4412178,37.5232889],[27.441201,37.5231869],[27.4411892,37.5231677],[27.4411681,37.5231544],[27.441149,37.52315],[27.441129,37.5231508],[27.4411105,37.5231566],[27.441118,37.5230938],[27.4411189,37.5230307],[27.4411131,37.5229678],[27.4411053,37.5229246],[27.4410943,37.5228819],[27.4410674,37.5227973],[27.4410327,37.5227146],[27.4410015,37.5226541],[27.4409662,37.522595],[27.4409033,37.5224742],[27.4408275,37.5223169],[27.4407578,37.5221578],[27.4407153,37.5221191],[27.4406647,37.5220872],[27.4406075,37.5220631],[27.4405465,37.5220479],[27.440483,37.5220416],[27.4404191,37.5220445],[27.4403992,37.5219777],[27.4403739,37.521912],[27.4403433,37.5218477],[27.4402936,37.521763],[27.4402345,37.5216821],[27.4401663,37.5216058],[27.4401031,37.5215461],[27.4400343,37.5214904],[27.4399605,37.5214389],[27.439882,37.521392],[27.4398308,37.5213568],[27.4397751,37.5213262],[27.4397157,37.5213005],[27.4396771,37.521287],[27.4396433,37.521267],[27.4396197,37.5212454],[27.4396018,37.5212207],[27.4395903,37.5211936],[27.4395011,37.5207915],[27.4394865,37.5207381],[27.4394651,37.520686],[27.4394373,37.520636],[27.4394032,37.5205884],[27.4393587,37.5205391],[27.4393075,37.5204941],[27.4392503,37.5204538],[27.4391847,37.5203973],[27.4391265,37.5203358],[27.4390764,37.5202701],[27.4390348,37.5202007],[27.4390022,37.5201283],[27.4389833,37.5200703],[27.4389701,37.5200114],[27.4389627,37.5199518],[27.4389435,37.5199198],[27.438918,37.5198909],[27.4388866,37.5198657],[27.4388505,37.519845],[27.4388105,37.5198294],[27.438769,37.5198195],[27.438726,37.5198151],[27.4386827,37.5198163],[27.4386401,37.519823],[27.4384944,37.5198495],[27.4383511,37.5198837],[27.4382221,37.5199218],[27.4380906,37.5199539],[27.4379569,37.5199799],[27.4378658,37.519994],[27.4377742,37.5200052],[27.4375941,37.52004],[27.437427,37.5200816],[27.4372635,37.5201315],[27.436955,37.5200581],[27.4369317,37.5200397],[27.4369148,37.5200172],[27.4369054,37.5199922],[27.4369042,37.5199663],[27.436911,37.5199409],[27.4369255,37.5199177],[27.4371073,37.5197332],[27.4371424,37.5196877],[27.4371679,37.5196383],[27.437183,37.5195864],[27.4371874,37.519547],[27.4371858,37.5195074],[27.4371783,37.5194683],[27.4371115,37.5193458],[27.4370533,37.5192205],[27.437004,37.5190928],[27.436973,37.518996],[27.436947,37.5188982],[27.4368605,37.5188419],[27.4367699,37.5187899],[27.4366754,37.5187423],[27.4365816,37.5187011],[27.436485,37.5186641],[27.4364583,37.5186752],[27.4364292,37.5186814],[27.4363992,37.5186822],[27.4363706,37.518678],[27.4363438,37.518669],[27.43632,37.5186556],[27.4362054,37.5185748],[27.436112,37.5185588],[27.4360169,37.5185509],[27.4359368,37.5185505],[27.4358572,37.5185428],[27.4357793,37.5185278],[27.4357042,37.5185058],[27.4356327,37.5184769],[27.4355896,37.5184552],[27.4355486,37.518431],[27.4354689,37.5183804],[27.435394,37.5183254],[27.4353303,37.5182715],[27.4352716,37.5182141],[27.4352183,37.5181536],[27.4351825,37.5181069],[27.4351499,37.5180587],[27.4350899,37.5179603],[27.4350386,37.5178589],[27.4350056,37.5177802],[27.4349779,37.5177001],[27.4349555,37.5176191],[27.4349403,37.5175982],[27.4349193,37.5175808],[27.4348977,37.5175695],[27.4348736,37.5175619],[27.4348482,37.5175584],[27.4347962,37.517568],[27.4347463,37.517583],[27.4346993,37.5176031],[27.4346558,37.5176281],[27.4346169,37.5176576],[27.4345833,37.5176909],[27.4345873,37.5177631],[27.4345981,37.517835],[27.4346167,37.5179104],[27.4346427,37.5179845],[27.4346758,37.5180568],[27.4345518,37.5184961],[27.434526,37.5185999],[27.4344943,37.5187026],[27.4344566,37.518804],[27.4344274,37.5188726],[27.4343895,37.5189384],[27.4343435,37.5190009],[27.4342896,37.5190593],[27.4342468,37.5190981],[27.4342006,37.5191344],[27.4341079,37.5192066],[27.4339788,37.5192985],[27.4338569,37.5193963],[27.4337424,37.5194997],[27.4336792,37.5195625],[27.4336188,37.519627],[27.4334863,37.5197486],[27.4333528,37.5198582],[27.433212,37.5199619],[27.4331153,37.5199539],[27.4330196,37.5199404],[27.4329254,37.5199214],[27.4328332,37.519897],[27.432732,37.519863],[27.4326347,37.5198225],[27.432662,37.5197587],[27.4326808,37.519693],[27.4326907,37.5196261],[27.4326917,37.5195587],[27.4326875,37.5195151],[27.4326796,37.5194718],[27.4326735,37.5193845],[27.4326736,37.5192971],[27.432677,37.5192387],[27.4326735,37.5191804],[27.4326632,37.5191225],[27.4326461,37.5190657],[27.4326243,37.5190142],[27.4325969,37.5189645],[27.4325643,37.5189168],[27.4325144,37.5189455],[27.432459,37.5189668],[27.4324091,37.5189785],[27.4323574,37.5189835],[27.4323054,37.5189817],[27.4322702,37.5189764],[27.4322373,37.5189652],[27.4322082,37.5189487],[27.4321829,37.518926],[27.432165,37.5188993],[27.4321552,37.51887],[27.4320471,37.518895],[27.4319419,37.518927],[27.4318405,37.5189659],[27.4317435,37.5190114],[27.4316496,37.5190645],[27.4315618,37.5191237],[27.4315375,37.5191331],[27.4315109,37.5191367],[27.431484,37.5191344],[27.431459,37.5191263],[27.4314377,37.519113],[27.431422,37.5190955],[27.4314129,37.5190753],[27.4314089,37.5189678],[27.431435,37.5188578],[27.4314518,37.5187467],[27.4314592,37.5186349],[27.4314581,37.518539],[27.43145,37.5184434],[27.4314351,37.5183482],[27.4314114,37.5182471],[27.4313782,37.5181476],[27.4313358,37.5180504],[27.431284,37.5179554],[27.4312233,37.5178637],[27.4311541,37.517776],[27.4311235,37.5177166],[27.431087,37.5176594],[27.4310448,37.5176047],[27.4309946,37.5175503],[27.4309364,37.5175011],[27.4308711,37.5174579],[27.4308228,37.5174321],[27.4307719,37.5174097],[27.4306706,37.5173643],[27.4305426,37.5173122],[27.4304626,37.5173677],[27.4303863,37.5174265],[27.4303066,37.5174951],[27.4302321,37.5175673],[27.4300873,37.5177143],[27.4300098,37.5177999],[27.4299404,37.5178897],[27.4298794,37.5179834],[27.429841,37.5180527],[27.4297964,37.5181196],[27.4297459,37.5181839],[27.4296775,37.5182574],[27.4296013,37.518326],[27.429518,37.5183892],[27.4292839,37.5183137],[27.4292537,37.5182915],[27.4292295,37.5182651],[27.4292122,37.5182355],[27.4292018,37.5181993],[27.4292018,37.5181621],[27.4292564,37.5178866],[27.4292114,37.5178377],[27.4291735,37.5177852],[27.4291431,37.5177297],[27.4291214,37.5176741],[27.4291073,37.5176169],[27.4291009,37.517559],[27.4289996,37.5176542],[27.428973,37.517578],[27.4289574,37.5174999],[27.4289531,37.5174211],[27.4289601,37.5173425],[27.4289261,37.5172875],[27.4288852,37.5172356],[27.428838,37.5171872],[27.4287998,37.5171543],[27.4287563,37.5171259],[27.4287084,37.5171023],[27.428657,37.517084],[27.4286136,37.5170734],[27.4285689,37.5170677],[27.4285235,37.517067],[27.4284772,37.5170715],[27.4284322,37.5170814],[27.4283894,37.5170962],[27.4282389,37.5171498],[27.4280857,37.5171984],[27.4279301,37.517242],[27.4277277,37.5172901],[27.4275224,37.5173297],[27.4274527,37.5173424],[27.4273819,37.5173499],[27.4273105,37.5173521],[27.4272353,37.5173486],[27.4271602,37.5173535],[27.4270866,37.5173666],[27.4270161,37.5173877],[27.4269794,37.5174024],[27.4269464,37.5174219],[27.4269182,37.5174457],[27.426901,37.5174654],[27.4268871,37.5174867],[27.4268607,37.5175297],[27.4268391,37.5175744],[27.4268221,37.517622],[27.4268107,37.5176707],[27.4267922,37.5177685],[27.426784,37.51786],[27.4267687,37.5179509],[27.4267443,37.518048],[27.4267117,37.5181435],[27.4266886,37.5182303],[27.4266712,37.518318],[27.4266594,37.5184062],[27.4266534,37.5184901],[27.4266559,37.5185742],[27.4266668,37.5186578],[27.4266821,37.5187263],[27.4267029,37.518794],[27.4267291,37.5188604],[27.4267642,37.5189319],[27.4268056,37.5190013],[27.4267416,37.51906],[27.4266715,37.5191141],[27.4265986,37.5191615],[27.4265211,37.519204],[27.4264394,37.5192412],[27.4263413,37.5192174],[27.4262443,37.5191907],[27.4261676,37.5191672],[27.4260947,37.5191371],[27.4260264,37.5191008],[27.4259664,37.5190609],[27.4259017,37.5190259],[27.425833,37.5189962],[27.4257608,37.5189721],[27.4256968,37.518956],[27.4256303,37.5189481],[27.425563,37.5189487],[27.4255182,37.5189538],[27.4254744,37.5189627],[27.4253874,37.5189824],[27.4253029,37.5190077],[27.4252076,37.5190442],[27.4251173,37.5190878],[27.4250326,37.519138],[27.4249935,37.5190478],[27.4249502,37.5189588],[27.4248958,37.5188594],[27.4248362,37.518762],[27.4247979,37.5187182],[27.4247509,37.5186801],[27.4246967,37.5186487],[27.4246347,37.5186243],[27.4245694,37.5186063],[27.4245017,37.5185948],[27.4244261,37.5185901],[27.4243503,37.5185937],[27.424121,37.5186038],[27.4240319,37.518646],[27.423946,37.5186921],[27.4238635,37.5187421],[27.4237702,37.5188063],[27.4236815,37.5188745],[27.4235977,37.5189463],[27.4235105,37.5190154],[27.4234334,37.5190722],[27.4233539,37.5191269],[27.4233087,37.5191665],[27.4232718,37.5192112],[27.4232433,37.5192609],[27.4232054,37.5193066],[27.4231576,37.5193481],[27.4231022,37.5193829],[27.4230404,37.5194103],[27.4229537,37.519428],[27.4228698,37.5194526],[27.4228034,37.5194779],[27.42274,37.5195075],[27.42268,37.5195412],[27.4226063,37.5194851],[27.4225271,37.519434],[27.4224652,37.5193995],[27.4224007,37.5193681],[27.4223797,37.5193484],[27.4223662,37.519325],[27.4223614,37.5193041],[27.4223625,37.519283],[27.4223945,37.5191783],[27.4224195,37.5190724],[27.4224376,37.5189657],[27.4224497,37.5188409],[27.4224523,37.5187157],[27.4224377,37.5186395],[27.4224142,37.5185646],[27.4223819,37.5184918],[27.4223599,37.5184516],[27.4223299,37.5184148],[27.4222928,37.5183823],[27.4222493,37.5183548],[27.4222008,37.5183334],[27.4221486,37.5183184],[27.4220646,37.5183476],[27.4219844,37.5183827],[27.4219087,37.5184237],[27.4218381,37.51847],[27.4217672,37.5185267],[27.421704,37.5185888],[27.421649,37.5186556],[27.4216179,37.5186838],[27.4215797,37.5187058],[27.4215364,37.5187205],[27.4215008,37.5187265],[27.4214645,37.5187276],[27.4214284,37.5187237],[27.4213556,37.5186934],[27.4212795,37.5186684],[27.4212005,37.5186489],[27.4211189,37.518638],[27.4210361,37.518636],[27.4209779,37.5186399],[27.4209204,37.5186482],[27.4208062,37.5186674],[27.4206942,37.5186934],[27.4205807,37.5187275],[27.4204709,37.5187685],[27.4203656,37.5188163],[27.4203081,37.5188369],[27.4202556,37.5188647],[27.4202192,37.5188908],[27.4201873,37.5189204],[27.4201604,37.5189529],[27.4200826,37.5190538],[27.4200103,37.5191572],[27.4199438,37.519263],[27.4198636,37.5194086],[27.4197943,37.5195577],[27.4197004,37.5197188],[27.4196186,37.5197282],[27.419536,37.5197278],[27.4194543,37.5197177],[27.4194166,37.5197096],[27.4193819,37.5196954],[27.41936,37.519682],[27.419341,37.5196662],[27.4192873,37.5195343],[27.4192305,37.5194412],[27.4191793,37.5193461],[27.4191338,37.5192492],[27.4190865,37.51913],[27.419048,37.5190088],[27.4189752,37.5188872],[27.4188939,37.518769],[27.4188045,37.5186546],[27.4187412,37.5185813],[27.4186745,37.5185099],[27.4186429,37.5184969],[27.4186087,37.5184891],[27.4185732,37.518487],[27.4185439,37.5184896],[27.4185155,37.5184961],[27.4180321,37.5186977],[27.4177115,37.5188567],[27.41767,37.5188839],[27.4176329,37.5189149],[27.4176009,37.5189492],[27.4175703,37.5189932],[27.4175479,37.5190402],[27.4175245,37.5191253],[27.4174909,37.5192082],[27.4174487,37.5192865],[27.4173975,37.5193612],[27.4173079,37.5195156],[27.4172173,37.5196801],[27.4171308,37.5198459],[27.4170833,37.5199714],[27.4170276,37.5200947],[27.4169639,37.5202155],[27.4168963,37.5203276],[27.4168217,37.5204368],[27.4167543,37.5205257],[27.4166822,37.5206123],[27.4166601,37.5206387],[27.4166321,37.5206614],[27.4165991,37.5206793],[27.4165695,37.52069],[27.4165381,37.5206969],[27.4164753,37.52071],[27.4164113,37.5207187],[27.4163196,37.520723],[27.4162279,37.520718],[27.4160518,37.5206951],[27.4160121,37.5206809],[27.4159768,37.5206607],[27.4159456,37.5206336],[27.4159222,37.520602],[27.4159078,37.5205671],[27.4158566,37.5205631],[27.4158065,37.5205538],[27.4157628,37.5205409],[27.415724,37.5205205],[27.4156918,37.5204937],[27.4156736,37.5204709],[27.4156604,37.520446],[27.4156525,37.5204197],[27.4156213,37.5203433],[27.4155986,37.520265],[27.4155881,37.520211],[27.4155816,37.5201566],[27.4155581,37.5200489],[27.4155282,37.5199422],[27.4154892,37.5198296],[27.4154431,37.5197188],[27.4154079,37.5196276],[27.4153795,37.519535],[27.4153579,37.5194412],[27.4153446,37.5193572],[27.4153367,37.5192727],[27.4153344,37.519188],[27.4153332,37.5191523],[27.4153385,37.5191168],[27.415352,37.5190779],[27.4153733,37.5190412],[27.4153808,37.518987],[27.4153777,37.5189325],[27.4153639,37.518879],[27.4153458,37.5188382],[27.4153182,37.5188009],[27.4152823,37.5187684],[27.4152392,37.5187418],[27.4151951,37.5187236],[27.4151481,37.518711],[27.4150991,37.5187042],[27.4150494,37.5187035],[27.4150028,37.5187084],[27.4149576,37.5187186],[27.4149147,37.5187339],[27.4148751,37.518754],[27.414717,37.5187464],[27.4145586,37.5187439],[27.4143854,37.518747],[27.4142126,37.5187562],[27.4141919,37.5186765],[27.4141643,37.5185982],[27.4141301,37.5185216],[27.4140763,37.5184257],[27.4140121,37.5183339],[27.413973,37.5183084],[27.4139303,37.5182869],[27.4138845,37.5182698],[27.4138364,37.5182573],[27.4137752,37.5182485],[27.413713,37.5182473],[27.4136513,37.5182536],[27.413532,37.5182679],[27.4134138,37.5182876],[27.4132973,37.5183126],[27.4131958,37.5183391],[27.4130962,37.5183696],[27.4128936,37.5184232],[27.4127244,37.5184652],[27.4125523,37.5184987],[27.4123883,37.5185225],[27.4122229,37.5185386],[27.4120565,37.518547],[27.4118898,37.5185477],[27.4116782,37.5185662],[27.411468,37.5185929],[27.4112976,37.5186206],[27.4111298,37.5186568],[27.4109651,37.5187014],[27.4108971,37.5187225],[27.4108329,37.5187502],[27.4107734,37.5187839],[27.4107197,37.5188232],[27.4106805,37.5188591],[27.410646,37.518898],[27.4105808,37.5189776],[27.4105246,37.5190614],[27.4104771,37.5191501],[27.4104225,37.5192362],[27.4103612,37.5193193],[27.4102932,37.5193992],[27.4102189,37.5194755],[27.4101385,37.519548],[27.4100525,37.5196162],[27.4099676,37.5196515],[27.4098781,37.5196789],[27.4097876,37.5196976],[27.4096954,37.5197107],[27.4096023,37.5197182],[27.4095087,37.5197199],[27.4094285,37.5197168],[27.4093487,37.5197095],[27.4091883,37.5197061],[27.4090279,37.5197098],[27.4089493,37.5197141],[27.4088715,37.519724],[27.4087952,37.5197392],[27.4087208,37.5197598],[27.4086419,37.5197883],[27.4085668,37.5198228],[27.408415,37.519889],[27.4081829,37.5199981],[27.4079563,37.5201145],[27.4078033,37.520199],[27.4076533,37.5202868],[27.407561,37.5203735],[27.4074762,37.520465],[27.4073977,37.520563],[27.4073279,37.5206651],[27.407267,37.5207708],[27.4072315,37.5208553],[27.4072048,37.5209418],[27.4071872,37.5210298],[27.4071806,37.5210893],[27.407178,37.521149],[27.4071809,37.5212684],[27.4071959,37.5213872],[27.407212,37.5214633],[27.4072359,37.5215381],[27.4072675,37.5216111],[27.4073066,37.5216818],[27.4073542,37.5217516],[27.4074092,37.521818],[27.4074581,37.5219509],[27.4074786,37.5219989],[27.4075077,37.522044],[27.4075421,37.5220825],[27.4075828,37.5221169],[27.4075896,37.5223493],[27.4074233,37.5224998],[27.4073802,37.5225564],[27.4073473,37.5226173],[27.4073254,37.5226811],[27.4073147,37.5227458],[27.4073152,37.522811],[27.4073173,37.5229412],[27.4073249,37.5230229],[27.4073392,37.523104],[27.4073602,37.5231842],[27.4073858,37.523258],[27.407417,37.5233304],[27.4074796,37.5234751],[27.4075309,37.5235839],[27.4075855,37.5236916],[27.4075757,37.523734],[27.4075572,37.5237746],[27.4075305,37.5238123],[27.4075042,37.5238393],[27.4074736,37.5238634],[27.4074394,37.5238841],[27.4072513,37.5239423],[27.4070659,37.5240053],[27.406882,37.5240737],[27.4067011,37.5241468],[27.4065952,37.5241187],[27.4064873,37.5240958],[27.4063778,37.5240782],[27.4062672,37.524066],[27.406135,37.5240584],[27.4060024,37.5240585],[27.4059444,37.5241058],[27.4058937,37.524158],[27.4058624,37.5241978],[27.4058377,37.5242404],[27.4058201,37.5242852],[27.4058099,37.5243313],[27.4058073,37.5243615],[27.4058127,37.5243913],[27.405826,37.5244196],[27.4058435,37.524442],[27.4058654,37.5244619],[27.405891,37.5244787],[27.4059267,37.5244944],[27.4059657,37.5245041],[27.4060436,37.5245223],[27.4061237,37.5245329],[27.406197,37.5245359],[27.4062703,37.5245326],[27.4063427,37.5245231],[27.4064134,37.5245074],[27.4066968,37.5245654],[27.4069773,37.5246318],[27.4071326,37.5246725],[27.4072856,37.5247184],[27.407436,37.5247694],[27.4075835,37.5248254],[27.4077639,37.5249025],[27.4079389,37.5249871],[27.4079947,37.5250488],[27.4080429,37.5251144],[27.4080831,37.5251833],[27.4081046,37.5252292],[27.4081183,37.525277],[27.4081239,37.5253258],[27.4081213,37.5253748],[27.4081086,37.525429],[27.4080859,37.5254812],[27.4080536,37.52553],[27.4079155,37.5256258],[27.407774,37.5257183],[27.4076282,37.5258079],[27.4074769,37.5258916],[27.4073207,37.5259693],[27.4071704,37.5260363],[27.4070248,37.5261094],[27.4068841,37.5261884],[27.4067744,37.5262565],[27.4066684,37.5263281],[27.4065663,37.5264033],[27.4065668,37.5264908],[27.4065629,37.5265782],[27.4065546,37.526666],[27.4065533,37.5267541],[27.4065589,37.526842],[27.4065685,37.5269125],[27.4065894,37.5269815],[27.4066213,37.5270478],[27.406664,37.5271107],[27.4067128,37.5271708],[27.4067675,37.5272275],[27.4068294,37.5272821],[27.4068967,37.5273325],[27.406969,37.5273784],[27.4070457,37.5274195],[27.4070901,37.5274415],[27.407138,37.5274579],[27.4071886,37.5274684],[27.4072367,37.5274727],[27.4072851,37.5274716],[27.4076633,37.5274328],[27.4077633,37.5274231],[27.4078639,37.52742],[27.4079645,37.5274235],[27.4080644,37.5274337],[27.4081629,37.5274504],[27.4082409,37.5274685],[27.4083204,37.5274824],[27.4084009,37.5274918],[27.408484,37.5274969],[27.4085673,37.5274972],[27.4086504,37.5274929],[27.4088019,37.5274815],[27.4089539,37.5274767],[27.4091061,37.5274783],[27.4092579,37.5274865],[27.4093999,37.5275001],[27.409541,37.5275195],[27.4098232,37.5275567],[27.4100693,37.5275928],[27.4103147,37.5276322],[27.4103816,37.527643],[27.4104455,37.5276622],[27.4105046,37.5276894],[27.4105574,37.5277237],[27.4105946,37.5277562],[27.4106261,37.5277922],[27.4106514,37.5278313],[27.4106701,37.5278726],[27.4107651,37.5280209],[27.4108684,37.5281656],[27.4109799,37.5283065],[27.4110816,37.5284239],[27.4111889,37.5285382],[27.4113017,37.528649],[27.4113771,37.5287138],[27.4114601,37.5287725],[27.4115498,37.5288245],[27.4116193,37.528858],[27.4116916,37.5288875],[27.4117664,37.5289128],[27.4118498,37.5289847],[27.4119307,37.5290585],[27.4119953,37.5291205],[27.4120676,37.5291771],[27.4121466,37.5292276],[27.4122038,37.5292581],[27.4122636,37.5292855],[27.4123861,37.5293356],[27.4125134,37.5293775],[27.412616,37.5294045],[27.4127205,37.5294262],[27.4128266,37.5294424],[27.4129028,37.5295213],[27.4129731,37.5296037],[27.4130371,37.5296892],[27.4130982,37.5297832],[27.4131518,37.5298801],[27.4126334,37.5305006],[27.4125477,37.5304731],[27.4124631,37.5304432],[27.4124008,37.5304193],[27.4123351,37.5304023],[27.4122662,37.5303922],[27.4121962,37.5303895],[27.4120846,37.5303891],[27.4119734,37.5303823],[27.411863,37.5303693],[27.411785,37.5303562],[27.411708,37.5303399],[27.4115554,37.5303034],[27.4114057,37.53026],[27.4112595,37.5302098],[27.4111311,37.5301588],[27.4110063,37.5301027],[27.4108854,37.5300414],[27.4107686,37.5299752],[27.4103603,37.5297306],[27.410257,37.5296597],[27.4101473,37.5295953],[27.4100317,37.5295376],[27.4099453,37.5295005],[27.4098544,37.5294708],[27.4097601,37.5294488],[27.4096632,37.5294348],[27.4095649,37.5294289],[27.4094664,37.5294312],[27.4093663,37.5294351],[27.4092666,37.5294443],[27.409168,37.5294589],[27.4090651,37.5294801],[27.4089643,37.5295071],[27.4088663,37.5295397],[27.4087486,37.5295568],[27.4086324,37.5295795],[27.4085183,37.5296078],[27.4084382,37.5296314],[27.4083613,37.5296609],[27.4082883,37.5296961],[27.4082176,37.529738],[27.4081524,37.5297853],[27.4080934,37.5298375],[27.4078933,37.5299742],[27.4077112,37.5300918],[27.4075252,37.5302055],[27.407429,37.5302713],[27.4073274,37.5303316],[27.4072208,37.5303863],[27.4071143,37.5304332],[27.4070042,37.5304743],[27.4068908,37.5305097],[27.4065294,37.5304943],[27.4064553,37.5304929],[27.4063817,37.5304861],[27.4063092,37.530474],[27.4062384,37.5304565],[27.4061692,37.5304336],[27.406098,37.5304152],[27.4060252,37.5304012],[27.4059437,37.5303911],[27.4058615,37.5303867],[27.4057791,37.5303879],[27.4056524,37.5303405],[27.4055283,37.530289],[27.4054518,37.5302547],[27.4053801,37.5302145],[27.4053137,37.5301688],[27.4052589,37.5301232],[27.4052096,37.5300739],[27.405166,37.5300212],[27.4051286,37.5299657],[27.4050425,37.5298559],[27.4049488,37.5297502],[27.4048477,37.5296487],[27.4047354,37.5295484],[27.4046159,37.5294535],[27.4044896,37.5293642],[27.4044304,37.5293137],[27.4043648,37.5292685],[27.4042935,37.5292291],[27.4042172,37.529196],[27.4041369,37.5291696],[27.4040776,37.529155],[27.404017,37.529144],[27.4038952,37.529125],[27.4037721,37.5291127],[27.4037006,37.5291087],[27.403629,37.529112],[27.4035586,37.5291226],[27.4034905,37.5291404],[27.4034508,37.5291545],[27.4034126,37.5291711],[27.4033396,37.5292086],[27.4032725,37.5292526],[27.4032115,37.529303],[27.4031583,37.5293586],[27.4031136,37.5294188],[27.4030903,37.5294585],[27.4030707,37.5294993],[27.4030231,37.5295834],[27.402985,37.5296705],[27.4029567,37.5297599],[27.4029418,37.5298299],[27.4029335,37.5299006],[27.4029319,37.5299715],[27.4029346,37.5300191],[27.4029441,37.5300661],[27.4029602,37.530112],[27.4029829,37.5301561],[27.4030016,37.5301845],[27.403023,37.5302116],[27.4030694,37.5302641],[27.4031217,37.5303129],[27.4031931,37.5303673],[27.4032718,37.530415],[27.4033568,37.5304553],[27.4034469,37.5304879],[27.4036017,37.530575],[27.4037617,37.5306559],[27.4039266,37.5307305],[27.404096,37.5307984],[27.4042912,37.5308668],[27.4044822,37.5309422],[27.4046688,37.5310244],[27.4048503,37.5311132],[27.4050075,37.5311978],[27.4051602,37.5312873],[27.4053081,37.5313816],[27.4054512,37.5314807],[27.4057757,37.5316886],[27.4059352,37.5317606],[27.4060997,37.5318252],[27.4062686,37.5318822],[27.4064175,37.531925],[27.406569,37.5319619],[27.4066499,37.5319735],[27.4067319,37.5319779],[27.4068091,37.5319753],[27.4068855,37.5319662],[27.4071288,37.5318979],[27.4073683,37.5318215],[27.4076065,37.5317363],[27.4078484,37.5316578],[27.4080677,37.5315934],[27.4082895,37.5315345],[27.4085135,37.5314814],[27.4087396,37.5314339],[27.4089244,37.5313827],[27.4091128,37.5313404],[27.4093042,37.5313073],[27.4093912,37.5312954],[27.4094793,37.5312908],[27.4095675,37.5312935],[27.4096549,37.5313036],[27.409724,37.531317],[27.4097914,37.5313349],[27.4098567,37.5313573],[27.4098992,37.5313543],[27.4099405,37.5313456],[27.4099674,37.5313365],[27.4099928,37.5313249],[27.4101904,37.5313826],[27.4103864,37.5314435],[27.4105672,37.5315028],[27.4107465,37.5315647],[27.4111421,37.5316753],[27.4113011,37.5316997],[27.4114619,37.5317152],[27.4116236,37.5317216],[27.41176,37.5317199],[27.4118961,37.5317117],[27.4120313,37.5316971],[27.4122484,37.5316701],[27.4124637,37.5316357],[27.412677,37.5315939],[27.412853,37.5315536],[27.4130269,37.5315082],[27.4131987,37.5314578],[27.4133756,37.531409],[27.413556,37.5313693],[27.4137392,37.5313387],[27.4139247,37.5313174],[27.4141116,37.5313055],[27.4142991,37.5313031],[27.4146914,37.5312829],[27.4148267,37.5312717],[27.4149627,37.5312688],[27.4150985,37.5312743],[27.4152335,37.5312879],[27.4153667,37.5313098],[27.4154974,37.5313398],[27.4156094,37.5313725],[27.4157184,37.5314112],[27.415942,37.5314776],[27.4161679,37.5315386],[27.416332,37.5315794],[27.4164936,37.5316258],[27.4166525,37.5316778],[27.4168083,37.5317354],[27.4169127,37.5317778],[27.4170215,37.5318125],[27.4171168,37.5318358],[27.417214,37.5318532],[27.4173126,37.5318646],[27.4174202,37.5318937],[27.4175238,37.5319308],[27.4176224,37.5319757],[27.4176798,37.5320069],[27.4177349,37.5320407],[27.4178524,37.5320998],[27.4179744,37.5321528],[27.4180868,37.5321949],[27.4182021,37.5322317],[27.4183199,37.5322633],[27.4184398,37.5322895],[27.4185132,37.5323388],[27.4185819,37.5323923],[27.4186456,37.5324495],[27.4186979,37.5325036],[27.41874,37.5325631],[27.418771,37.5326266],[27.418784,37.5326658],[27.4187901,37.5327061],[27.4187894,37.5327466],[27.4187817,37.5327867],[27.4187658,37.532829],[27.4187421,37.532869],[27.4187113,37.5329058],[27.4186456,37.5330616],[27.4186202,37.5330884],[27.418589,37.533111],[27.4185531,37.5331286],[27.4185166,37.53314],[27.4184783,37.5331462],[27.4184391,37.5331472],[27.4181997,37.5331217],[27.4181534,37.5331176],[27.4181084,37.5331079],[27.4180658,37.5330928],[27.4180267,37.5330728],[27.4179879,37.5330447],[27.4179559,37.5330118],[27.4179315,37.5329749],[27.4178464,37.5329518],[27.4177591,37.5329345],[27.4177086,37.5329273],[27.4176573,37.5329261],[27.4176062,37.5329308],[27.4175566,37.5329414],[27.4175138,37.5329559],[27.4174738,37.5329748],[27.4174373,37.5329978],[27.4173025,37.5331913],[27.4170578,37.5333035],[27.416876,37.5333929],[27.4168413,37.533381],[27.4168042,37.5333754],[27.4167664,37.5333764],[27.4167299,37.5333838],[27.4166903,37.5334006],[27.4166561,37.5334237],[27.4166397,37.5334392],[27.4166259,37.5334562],[27.4166007,37.5334913],[27.416581,37.5335285],[27.4165651,37.5335742],[27.4165574,37.5336213],[27.416558,37.5336687],[27.4165669,37.5337156],[27.4165094,37.53379],[27.4164614,37.5338684],[27.4164235,37.5339503],[27.4163959,37.5340347],[27.4163806,37.5341097],[27.4163734,37.5341855],[27.4163543,37.5343367],[27.4163466,37.5344081],[27.4163503,37.5344797],[27.41636,37.5345302],[27.4163755,37.5345798],[27.4163966,37.5346281],[27.4164755,37.5347248],[27.4165467,37.5348251],[27.4166099,37.5349288],[27.4166648,37.5350354],[27.416699,37.5351134],[27.4167252,37.5351934],[27.4167433,37.5352747],[27.4167531,37.5353569],[27.4167547,37.5354395],[27.4167486,37.5355159],[27.4167355,37.5355917],[27.4167154,37.5356665],[27.4166883,37.53574],[27.4167432,37.5357932],[27.4168029,37.5358431],[27.4168579,37.5358832],[27.4169159,37.5359205],[27.4170361,37.5359908],[27.4171628,37.5360536],[27.4172951,37.5361084],[27.4173598,37.5361316],[27.4174202,37.5361611],[27.4174754,37.5361965],[27.4175245,37.5362371],[27.4175691,37.5362854],[27.4176079,37.5363368],[27.4176405,37.5363908],[27.4176693,37.5364539],[27.4176897,37.536519],[27.4177015,37.5365854],[27.4178349,37.5366592],[27.4179648,37.5367369],[27.4180911,37.5368183],[27.418248,37.5369284],[27.4183982,37.5370443],[27.4187408,37.5372368],[27.418829,37.5372708],[27.4189199,37.5372999],[27.4190132,37.5373238],[27.4191083,37.5373426],[27.4191738,37.5373523],[27.4192399,37.5373595],[27.4193727,37.5373686],[27.4195059,37.5373697],[27.4196416,37.5373627],[27.4197762,37.5373475],[27.4200457,37.5373208],[27.4203565,37.5372844],[27.420666,37.5372421],[27.4208836,37.5372235],[27.4210999,37.5371969],[27.4213144,37.5371623],[27.4214815,37.5371296],[27.421647,37.5370921],[27.4217016,37.5370652],[27.421751,37.5370325],[27.4217941,37.5369946],[27.4218301,37.5369523],[27.4218574,37.5369081],[27.421877,37.5368614],[27.4218884,37.536813],[27.4219287,37.536698],[27.4219752,37.5365845],[27.4220279,37.5364727],[27.4221007,37.5363383],[27.4221823,37.5362072],[27.4222726,37.5360797],[27.4224959,37.5358054],[27.4225703,37.5356817],[27.422635,37.5355546],[27.4226897,37.5354246],[27.4227263,37.5353186],[27.4227563,37.5352113],[27.4227796,37.5351029],[27.4228212,37.535034],[27.4228728,37.5349694],[27.4229337,37.53491],[27.4230029,37.5348567],[27.4230745,37.534813],[27.4231518,37.5347757],[27.4232338,37.5347455],[27.4233195,37.5347226],[27.4234079,37.5347073],[27.4235069,37.5346724],[27.4236098,37.5346456],[27.4237156,37.5346271],[27.4238232,37.5346172],[27.4239316,37.5346159],[27.4240167,37.534621],[27.424101,37.5346314],[27.4242695,37.5346529],[27.4244365,37.5346802],[27.4245814,37.5347089],[27.4247247,37.5347421],[27.4248663,37.5347796],[27.4249332,37.5347933],[27.424997,37.5348143],[27.4250565,37.5348422],[27.4251104,37.5348764],[27.4251531,37.5349118],[27.4251898,37.5349512],[27.425263,37.5350298],[27.4253297,37.535112],[27.4253888,37.5351961],[27.425441,37.5352831],[27.4254862,37.5353725],[27.4255241,37.535464],[27.4258963,37.5357575],[27.4259634,37.5358326],[27.4260238,37.5359113],[27.426077,37.5359931],[27.4261229,37.5360776],[27.4261623,37.536167],[27.4261934,37.5362585],[27.4262162,37.5363514],[27.4262236,37.5363683],[27.4262376,37.5363823],[27.4262567,37.5363918],[27.4262787,37.5363958],[27.4263011,37.5363938],[27.4263214,37.536386],[27.4263373,37.5363734],[27.426347,37.5363574],[27.4263496,37.5363397],[27.426296,37.5362265],[27.4263027,37.5362104],[27.4263166,37.5361976],[27.4263355,37.5361898],[27.4263545,37.5361881],[27.4263731,37.5361916],[27.4263892,37.5361999],[27.4264381,37.5364227],[27.4264525,37.5364448],[27.4264741,37.5364628],[27.4265011,37.5364753],[27.4265288,37.5364812],[27.4265575,37.5364812],[27.4271301,37.5364323],[27.4272949,37.5364433],[27.4274585,37.5364627],[27.4276201,37.5364905],[27.4277792,37.5365264],[27.4278766,37.5365528],[27.4279726,37.5365823],[27.428164,37.5366424],[27.4283532,37.5367066],[27.4284856,37.5367545],[27.4286137,37.5368094],[27.4287368,37.5368709],[27.4288321,37.5369253],[27.4289219,37.5369854],[27.4290057,37.5370507],[27.4290892,37.5371271],[27.4291644,37.5372088],[27.4292308,37.5372952],[27.429288,37.5373856],[27.4294395,37.5376302],[27.4295423,37.537761],[27.4296494,37.5378897],[27.4297761,37.5380333],[27.4297821,37.5380696],[27.4297936,37.5381051],[27.4298107,37.5381401],[27.4298332,37.5381733],[27.4298606,37.538204],[27.4298915,37.5382309],[27.4299262,37.5382548],[27.4299968,37.5383014],[27.4300718,37.5383433],[27.4301549,37.538382],[27.4302419,37.538415],[27.430332,37.5384422],[27.4307662,37.5387013],[27.4308048,37.5387273],[27.4308379,37.5387577],[27.4308647,37.5387917],[27.4308845,37.5388287],[27.4308931,37.5388525],[27.4308987,37.5388768],[27.4309056,37.5389259],[27.4309051,37.5389754],[27.4308973,37.5390244],[27.4308844,37.5390668],[27.4308803,37.5391104],[27.4308853,37.5391538],[27.4308991,37.5391961],[27.4309214,37.539236],[27.4309489,37.5392697],[27.4309825,37.5392997],[27.4310213,37.5393253],[27.4310713,37.5393486],[27.4311255,37.5393647],[27.4311825,37.5393732],[27.4312404,37.5393737],[27.4317247,37.5393509],[27.4317962,37.5393883],[27.4318618,37.5394319],[27.4319207,37.5394813],[27.431972,37.5395357],[27.4320151,37.5395944],[27.4320428,37.5396429],[27.4320648,37.5396932],[27.4321049,37.5397948],[27.4321315,37.5398833],[27.4321525,37.5399727],[27.432168,37.5400628],[27.4321777,37.5401513],[27.4321821,37.5402401],[27.4321811,37.5403289],[27.4322119,37.5403673],[27.4322488,37.5404021],[27.432291,37.5404329],[27.432331,37.5404556],[27.4323739,37.5404746],[27.4324607,37.540511],[27.4325501,37.5405415],[27.4326422,37.5405663],[27.4327366,37.5405852],[27.4327441,37.5406042],[27.4327413,37.5406239],[27.4327286,37.540641],[27.4327135,37.5406505],[27.4326955,37.5406557],[27.4326763,37.5406562],[27.4326161,37.5406325],[27.4325534,37.5406133],[27.4324888,37.5405987],[27.4324139,37.5405879],[27.432338,37.5405833],[27.4322619,37.5405849],[27.4322095,37.5406682],[27.4321626,37.5407535],[27.4321261,37.5408298],[27.4320822,37.5409037],[27.4320312,37.5409747],[27.4319763,37.5410392],[27.4319155,37.5411004],[27.4318492,37.5411578],[27.4317777,37.5412113],[27.4319212,37.541441],[27.432058,37.541676],[27.4321453,37.5417025],[27.4322283,37.5417366],[27.4322759,37.5417605],[27.4323194,37.5417887],[27.4323583,37.541821],[27.4323919,37.5418567],[27.4324139,37.5418862],[27.4324292,37.5419181],[27.4324374,37.5419517],[27.4324382,37.5419859],[27.4324311,37.5420216],[27.4324159,37.5420556],[27.4323933,37.542087],[27.4324268,37.5421086],[27.4324552,37.5421344],[27.4324778,37.5421636],[27.4324939,37.5421954],[27.4325028,37.5422279],[27.432505,37.5422612],[27.4325106,37.5423274],[27.4325106,37.5423937],[27.4325076,37.542438],[27.4324965,37.5424814],[27.4324777,37.5425231],[27.4324516,37.5425623],[27.4324216,37.5425953],[27.4323864,37.5426249],[27.4323465,37.5426505],[27.4323028,37.5426718],[27.432494,37.5429404],[27.4327809,37.5429802],[27.4329172,37.543023],[27.4330489,37.5430742],[27.4331751,37.5431333],[27.433267,37.5431834],[27.4333549,37.5432377],[27.4334387,37.543296],[27.4334798,37.5433292],[27.4335124,37.5433679],[27.4335352,37.5434108],[27.4335463,37.5434489],[27.4335497,37.5434878],[27.4335453,37.5435267],[27.4335889,37.5436448],[27.4336075,37.543696],[27.4336149,37.5437489],[27.433611,37.5438021],[27.4336042,37.5438305],[27.4335942,37.5438582],[27.4335882,37.5439155],[27.4335932,37.543973],[27.433609,37.5440292],[27.4336309,37.5440753],[27.4336601,37.5441188],[27.4336961,37.5441589],[27.4337384,37.5441951],[27.4339697,37.5442577],[27.4342038,37.5443136],[27.4344414,37.5443628],[27.4346812,37.5444051],[27.4347262,37.5443508],[27.4347647,37.5442936],[27.4347965,37.5442339],[27.4348172,37.5441839],[27.4348292,37.5441322],[27.4348321,37.5440797],[27.4348273,37.5440344],[27.4348159,37.5439899],[27.4347979,37.5439468],[27.4348115,37.5438958],[27.4348352,37.5438472],[27.4348683,37.5438021],[27.4349011,37.5437694],[27.434939,37.5437403],[27.4349812,37.5437153],[27.4350272,37.5436947],[27.4350801,37.5436781],[27.4351355,37.5436674],[27.4351922,37.5436628],[27.4352639,37.5434332],[27.4353082,37.5433878],[27.4353587,37.5433467],[27.4354148,37.5433105],[27.4354758,37.5432797],[27.4355409,37.5432545],[27.4356047,37.5432365],[27.4356707,37.5432244],[27.435738,37.5432184],[27.4358147,37.543219],[27.4358907,37.5432276],[27.4359646,37.5432439],[27.4361082,37.5432374],[27.4362509,37.5432241],[27.4363925,37.543204],[27.4365567,37.5431719],[27.4367177,37.5431307],[27.4368746,37.5430807],[27.4370328,37.5431184],[27.4370963,37.5431066],[27.4371569,37.5430876],[27.4372039,37.5430667],[27.4372541,37.543051],[27.4373064,37.5430409],[27.4373601,37.5430365],[27.4374278,37.5430393],[27.4374945,37.5430487],[27.4375592,37.5430647],[27.4376209,37.543087],[27.4376678,37.5431094],[27.4377179,37.5431269],[27.4377704,37.5431391],[27.4378307,37.5431464],[27.4378917,37.5431467],[27.4379522,37.5431402],[27.4381341,37.5431563],[27.438315,37.5431781],[27.4384948,37.5432055],[27.438673,37.5432386],[27.4388982,37.5432889],[27.4391199,37.5433481],[27.4393375,37.5434162],[27.4398418,37.5435515],[27.4399453,37.5436133],[27.4400448,37.5436791],[27.4401402,37.5437487],[27.4402215,37.5438138],[27.4402991,37.5438816],[27.4403178,37.5439862],[27.4403293,37.5440914],[27.4403336,37.5442235],[27.4403266,37.5443556],[27.4403256,37.5444248],[27.4403174,37.5444937],[27.4403021,37.5445619],[27.4402836,37.544619],[27.4402577,37.5446744],[27.4402247,37.5447273],[27.4401869,37.5447749],[27.4401434,37.5448193],[27.4400946,37.5448602],[27.4400293,37.5449142],[27.4399729,37.5449742],[27.439925,37.5450409],[27.4398807,37.545109],[27.4398649,37.545135],[27.4398437,37.5451586],[27.4398177,37.5451789],[27.4397878,37.5451954],[27.4397483,37.5452094],[27.439706,37.5452167],[27.4396627,37.5452172],[27.4396879,37.5452759],[27.4397021,37.5453368],[27.439705,37.5453987],[27.4396978,37.5454543],[27.4396981,37.5455102],[27.439706,37.5455657],[27.4397238,37.5456273],[27.4397509,37.5456868],[27.4397868,37.5457433],[27.4398037,37.5457648],[27.4398253,37.5457834],[27.4398465,37.5457962],[27.4398478,37.5458421],[27.4398062,37.545873],[27.4398538,37.5459376],[27.4398689,37.5460801],[27.4398697,37.5460948],[27.4398653,37.5461092],[27.4398562,37.5461221],[27.4398437,37.546132],[27.4398284,37.5461391],[27.4398113,37.5461428],[27.4398003,37.5462067],[27.4397965,37.5462711],[27.4397999,37.5463355],[27.4398078,37.5463868],[27.4398098,37.5464384],[27.4398059,37.54649],[27.4397968,37.5465384],[27.4397824,37.5465859],[27.4397828,37.5467678],[27.4397653,37.5469477],[27.4397639,37.5469735],[27.4397526,37.5469977],[27.4397363,37.5470149],[27.439715,37.5470283],[27.4396943,37.5472016],[27.4396785,37.5474321],[27.4396655,37.5475215],[27.4396477,37.5476104],[27.4396337,37.5476667],[27.4396094,37.5477207],[27.4395801,37.5477652],[27.4395437,37.5478063],[27.4395505,37.5478996],[27.4395481,37.5479929],[27.4395343,37.5480985],[27.4395088,37.5482027],[27.4394929,37.5482653],[27.4394674,37.548326],[27.4394327,37.5483837],[27.4393928,37.548434],[27.4393459,37.5484803],[27.4392926,37.5485222],[27.4392662,37.5485527],[27.4392458,37.548586],[27.4392319,37.5486213],[27.4392242,37.5486663],[27.439227,37.5487117],[27.4392403,37.5487558],[27.4392011,37.5487974],[27.4391655,37.5488409],[27.4391284,37.5488948],[27.4390864,37.5489464],[27.4390182,37.5490155],[27.4389411,37.5490785],[27.4388561,37.5491346],[27.4387769,37.5492346],[27.4387496,37.5492612],[27.4387177,37.5492845],[27.4386821,37.549304],[27.4386469,37.549318],[27.4386095,37.5493279],[27.4385707,37.5493332],[27.43853,37.5493339],[27.4384895,37.5493296],[27.4384504,37.5493204],[27.4384321,37.5493232],[27.4384176,37.5493326],[27.4384105,37.5493462],[27.4384117,37.5493595],[27.4384199,37.549371],[27.4384336,37.5493787],[27.4384756,37.5493938],[27.4385131,37.5494151],[27.4385291,37.5494273],[27.4385376,37.5494435],[27.4385381,37.5494568],[27.4385335,37.5494696],[27.4384698,37.5495017],[27.4384889,37.5497614],[27.4384917,37.5498075],[27.4384872,37.5498536],[27.4384753,37.5498988],[27.4384564,37.5499424],[27.4384331,37.5499805],[27.4384043,37.5500162],[27.4383706,37.550049],[27.4383247,37.5501572],[27.4382927,37.5502261],[27.4382506,37.5502915],[27.4382221,37.550327],[27.4381907,37.5503609],[27.4381215,37.5504246],[27.4380639,37.5504683],[27.438002,37.5505081],[27.4379361,37.5505437],[27.4378896,37.5505685],[27.4378385,37.5505867],[27.4377842,37.5505977],[27.4377474,37.5506008],[27.4377104,37.5506006],[27.4376367,37.5505979],[27.4375636,37.5505894],[27.4374905,37.550575],[27.4374195,37.5505549],[27.4373515,37.5505294],[27.437287,37.5504985],[27.4372885,37.5504471],[27.437295,37.5503959],[27.4373015,37.5503646],[27.4373016,37.550333],[27.4372954,37.5503016],[27.4372829,37.5502715],[27.4372623,37.5502404],[27.4372357,37.5502122],[27.4372158,37.550196],[27.4371908,37.5501852],[27.4371628,37.5501807],[27.4371344,37.550183],[27.4371065,37.5501927],[27.4370838,37.5502088],[27.4370687,37.5502298],[27.4369486,37.5501923],[27.4368263,37.5501596],[27.4367651,37.5501452],[27.4367016,37.5501394],[27.4366518,37.550141],[27.4366027,37.5501479],[27.4364964,37.5500987],[27.4364665,37.5500955],[27.4364365,37.5500982],[27.4364082,37.5501065],[27.4363782,37.5501237],[27.4363559,37.5501471],[27.4363434,37.5502098],[27.4363277,37.5502721],[27.4363177,37.5503065],[27.4362997,37.5503389],[27.4362744,37.550368],[27.4362412,37.5503938],[27.4362024,37.550414],[27.4361664,37.5504643],[27.436136,37.5505169],[27.4361042,37.5505906],[27.4360834,37.5506668],[27.4360739,37.5507444],[27.436026,37.5509355],[27.4360197,37.5509714],[27.4360224,37.5510076],[27.436034,37.5510426],[27.4360512,37.5510714],[27.4360743,37.5510973],[27.4361028,37.5511197],[27.436082,37.551176],[27.4360554,37.5512307],[27.4360233,37.5512835],[27.4359784,37.551343],[27.4359264,37.5513988],[27.4358677,37.5514504],[27.4358356,37.5514812],[27.4357961,37.5515061],[27.4357511,37.551524],[27.4357127,37.5515328],[27.435673,37.5515366],[27.4356331,37.5515352],[27.4355561,37.5515321],[27.4354797,37.5515242],[27.4354044,37.5515113],[27.4353237,37.5514916],[27.4352455,37.5514663],[27.4351566,37.5515033],[27.4351319,37.5515101],[27.435106,37.5515131],[27.4350798,37.5515121],[27.4350455,37.5515043],[27.4350148,37.5514897],[27.4349709,37.5515931],[27.4349515,37.5516146],[27.4349265,37.551632],[27.4348971,37.5516444],[27.4348601,37.5516518],[27.4348219,37.5516513],[27.4347463,37.5516548],[27.4347034,37.5516553],[27.4346618,37.5516636],[27.434623,37.5516796],[27.43459,37.5517024],[27.4345525,37.5517057],[27.4345149,37.5517026],[27.4344838,37.5516949],[27.434455,37.5516828],[27.4343919,37.551671],[27.4343334,37.5516676],[27.434275,37.5516711],[27.4342179,37.5516814],[27.4341963,37.5516847],[27.4341778,37.5516942],[27.4341652,37.5517085],[27.4341604,37.5517251],[27.4341635,37.551742],[27.434356,37.5518688],[27.4343759,37.5519079],[27.4343878,37.551949],[27.4343915,37.5519911],[27.4343878,37.5520284],[27.4343766,37.5520648],[27.4343582,37.5520993],[27.434333,37.552131],[27.4343017,37.552159],[27.4342621,37.5521844],[27.4342176,37.5522039],[27.4341695,37.552217],[27.4341193,37.5522234],[27.4342467,37.5525078],[27.4344224,37.5528905],[27.4345247,37.5530524],[27.4346242,37.5532153],[27.4347403,37.5534131],[27.4348522,37.5536125],[27.4349028,37.5536902],[27.4349606,37.5537648],[27.4350252,37.5538357],[27.4350963,37.5539027],[27.4351733,37.5539652],[27.4352559,37.554023],[27.4353437,37.5540758],[27.4354362,37.5541233],[27.4355074,37.55415],[27.4355816,37.5541706],[27.4356582,37.554185],[27.4357253,37.5541923],[27.435793,37.5541948],[27.4358607,37.5541924],[27.4361631,37.5543402],[27.436398,37.5544564],[27.4366284,37.554578],[27.4367889,37.5546675],[27.436947,37.5547596],[27.4371576,37.554934],[27.4371931,37.5549633],[27.4372198,37.5549981],[27.4372364,37.5550366],[27.437242,37.555077],[27.4372371,37.555115],[27.4372226,37.5551514],[27.4371959,37.5552244],[27.4371622,37.5552955],[27.4371179,37.5553702],[27.4370658,37.5554418],[27.4370064,37.5555096],[27.4369399,37.5555733],[27.436867,37.5556323],[27.4367881,37.5556862],[27.4365809,37.5559456],[27.4364645,37.5560545],[27.4363534,37.5561667],[27.4362476,37.5562821],[27.4361261,37.556427],[27.4360129,37.5565761],[27.4358694,37.5566287],[27.4358239,37.5566634],[27.4357842,37.5567022],[27.4357507,37.5567446],[27.4357278,37.5567828],[27.4357099,37.5568227],[27.4356627,37.5568984],[27.4356093,37.5569716],[27.4355322,37.5570608],[27.4354471,37.5571453],[27.4353544,37.5572246],[27.4352738,37.557285],[27.4351882,37.5573409],[27.4350981,37.5573921],[27.4350037,37.5574383],[27.4349405,37.5574655],[27.4348759,37.5574905],[27.4347496,37.5575451],[27.4346873,37.5575733],[27.4346208,37.5575946],[27.4345513,37.5576087],[27.43448,37.5576153],[27.4344041,37.5576141],[27.4343292,37.5576045],[27.4342567,37.5575866],[27.4342119,37.5575313],[27.4341607,37.5574795],[27.4341036,37.5574318],[27.4340411,37.5573885],[27.4339738,37.5573501],[27.4339219,37.5573253],[27.433868,37.5573033],[27.4337573,37.5572646],[27.4336425,37.5572342],[27.4335779,37.5572211],[27.4335169,37.5571998],[27.4334611,37.557171],[27.4334119,37.5571353],[27.4333708,37.557094],[27.4333387,37.5570479],[27.4333164,37.5569984],[27.4333046,37.5569466],[27.4332101,37.5569795],[27.4331128,37.5570067],[27.4330542,37.55702],[27.432994,37.5570271],[27.4329331,37.5570279],[27.4328831,37.5570238],[27.432834,37.5570154],[27.4327863,37.5570029],[27.432638,37.5569843],[27.4325832,37.5569792],[27.4325296,37.5569684],[27.4324783,37.5569521],[27.4324302,37.5569306],[27.432376,37.5568975],[27.4323294,37.5568578],[27.4322914,37.5568126],[27.4322632,37.5567632],[27.4321355,37.5566166],[27.4320144,37.5564666],[27.4318823,37.5562879],[27.4317596,37.5561051],[27.4315819,37.5558808],[27.431544,37.555843],[27.4315,37.5558098],[27.4314506,37.5557816],[27.4313968,37.555759],[27.4313279,37.55574],[27.4312559,37.5557301],[27.4311829,37.5557298],[27.4310435,37.5557998],[27.4308993,37.5558632],[27.4307373,37.5559247],[27.4305707,37.5559781],[27.430516,37.5560141],[27.4304694,37.5560567],[27.430432,37.5561048],[27.430405,37.556157],[27.430389,37.5562119],[27.4303846,37.5562516],[27.4303715,37.5562901],[27.4303502,37.5563261],[27.4303213,37.5563587],[27.430284,37.5563878],[27.4302416,37.5564122],[27.4301952,37.5564314],[27.4301456,37.5564448],[27.4300937,37.5564522],[27.430041,37.5564534],[27.4299887,37.5564482],[27.4298318,37.5564469],[27.4296817,37.5564412],[27.4295325,37.5564267],[27.4293852,37.5564033],[27.42924,37.5563712],[27.4290982,37.5563305],[27.429049,37.5563293],[27.4290004,37.5563352],[27.428954,37.556348],[27.4289126,37.5563667],[27.428876,37.5563909],[27.4288454,37.5564198],[27.4287516,37.556494],[27.4286623,37.5565717],[27.4285778,37.5566526],[27.4285071,37.5567269],[27.4284418,37.5568043],[27.428382,37.5568844],[27.4283258,37.556971],[27.4282761,37.55706],[27.4282332,37.5571513],[27.4281596,37.557154],[27.4280864,37.5571478],[27.4280152,37.557133],[27.4279476,37.5571098],[27.4278852,37.5570788],[27.4278295,37.5570407],[27.4277872,37.5570022],[27.4277517,37.5569596],[27.4277236,37.5569137],[27.4277034,37.5568653],[27.4277048,37.5564985],[27.427749,37.5560339],[27.4277456,37.55598],[27.4277353,37.5559266],[27.4277182,37.5558744],[27.4276978,37.55583],[27.4276726,37.5557872],[27.4277812,37.5554427],[27.4277664,37.5553597],[27.4277464,37.5552774],[27.4277057,37.5551532],[27.4276531,37.5550318],[27.427635,37.554989],[27.4276244,37.5549446],[27.4276216,37.5548995],[27.4276244,37.5548675],[27.427631,37.5548359],[27.4276304,37.554772],[27.4276196,37.5547086],[27.4276072,37.554668],[27.4275885,37.554629],[27.4275636,37.5545922],[27.4275331,37.5545582],[27.4274891,37.5545214],[27.4274386,37.5544904],[27.4273826,37.554466],[27.4273226,37.5544487],[27.4271907,37.5544811],[27.4270563,37.5545061],[27.42692,37.5545235],[27.4267824,37.5545332],[27.426657,37.5545353],[27.4265315,37.5545318],[27.4264066,37.5545226],[27.4262574,37.5545039],[27.426262,37.5544745],[27.4262588,37.5544448],[27.4262478,37.5544164],[27.4262296,37.5543905],[27.4262049,37.5543681],[27.4261749,37.5543503],[27.426018,37.5544216],[27.4260054,37.5544276],[27.4259976,37.5544375],[27.4259964,37.55445],[27.4260029,37.5544614],[27.4259654,37.5544731],[27.4259208,37.5544809],[27.4258752,37.5544809],[27.4258306,37.5544731],[27.4257879,37.5544573],[27.4257508,37.5544343],[27.4255905,37.5544869],[27.4255034,37.5544809],[27.4254175,37.5544678],[27.4253612,37.5544552],[27.4253036,37.5544472],[27.4252452,37.5544439],[27.425174,37.5544462],[27.4251037,37.5544554],[27.4250353,37.5544715],[27.42493,37.5543306],[27.4249082,37.5543106],[27.4248799,37.5542967],[27.4248476,37.5542902],[27.4248208,37.5542908],[27.424795,37.5542965],[27.4247717,37.554307],[27.4247523,37.5543216],[27.424529,37.5541143],[27.4245894,37.5540109],[27.4247269,37.5538876],[27.4247587,37.5538514],[27.4247835,37.5538118],[27.4248006,37.5537698],[27.4248103,37.5537202],[27.4248127,37.55367],[27.4248078,37.55362],[27.4247956,37.5535707],[27.4247772,37.5535249],[27.4247525,37.5534809],[27.4247218,37.5534394],[27.4247865,37.5532855],[27.4247911,37.5532617],[27.4247896,37.5532376],[27.4247822,37.5532142],[27.4247691,37.5531925],[27.4247495,37.5531721],[27.4247249,37.5531554],[27.4246761,37.5531221],[27.4246233,37.5530931],[27.4245911,37.5530783],[27.4245653,37.5530572],[27.4245518,37.553039],[27.424543,37.5530191],[27.4245394,37.5529982],[27.4245111,37.5529709],[27.4244754,37.5529495],[27.4244437,37.5529378],[27.4244098,37.5529309],[27.4243748,37.5529291],[27.4243506,37.5528897],[27.4243326,37.5528483],[27.4243227,37.5528135],[27.4243172,37.5527781],[27.4243097,37.5527584],[27.4242964,37.5527408],[27.4242779,37.5527264],[27.4242555,37.5527162],[27.4242272,37.5527103],[27.4241979,37.552711],[27.4241421,37.5526986],[27.4240895,37.5526795],[27.4240414,37.552654],[27.423999,37.5526229],[27.423946,37.5526076],[27.4238903,37.5526008],[27.4238544,37.552601],[27.4238192,37.5525951],[27.4237864,37.5525835],[27.4237585,37.5525675],[27.4237353,37.5525473],[27.4237177,37.5525237],[27.4237059,37.5525455],[27.4236782,37.5525567],[27.4236486,37.5525641],[27.4236098,37.552568],[27.4235706,37.5525676],[27.4235319,37.5525631],[27.4234917,37.5525536],[27.4234537,37.5525396],[27.4234186,37.5525213],[27.4233812,37.552518],[27.4233437,37.5525207],[27.4233076,37.5525293],[27.4232852,37.5525381],[27.4232645,37.5525493],[27.4232252,37.5525738],[27.4231906,37.5526024],[27.4231569,37.5526403],[27.4231151,37.5526727],[27.4230666,37.5526986],[27.4230172,37.552716],[27.4229643,37.5527249],[27.4229125,37.5527253],[27.4228617,37.5527175],[27.4228434,37.5527263],[27.4228325,37.5527409],[27.4228307,37.5527503],[27.4228322,37.5527598],[27.4227504,37.5527948],[27.4227061,37.5527499],[27.4224855,37.5528073],[27.4224585,37.5528261],[27.4224398,37.5528504],[27.4224312,37.552878],[27.4224328,37.5529032],[27.4224244,37.5529274],[27.4224071,37.5529485],[27.422389,37.552961],[27.4223678,37.5529697],[27.4223233,37.552983],[27.4222842,37.5529875],[27.4222448,37.5529846],[27.4222049,37.5529736],[27.4221697,37.5529551],[27.4220975,37.5529242],[27.4220207,37.5529014],[27.4219407,37.5528871],[27.4218814,37.5528822],[27.4218217,37.552882],[27.4217623,37.5528865],[27.421597,37.5528924],[27.4214324,37.552907],[27.4213348,37.5529198],[27.421238,37.5529357],[27.4212244,37.5529131],[27.4212048,37.5528935],[27.4211729,37.5528744],[27.4211357,37.5528629],[27.4211156,37.5528602],[27.4210962,37.552865],[27.4210862,37.5528715],[27.4210791,37.5528799],[27.4211025,37.5529612],[27.4208655,37.5531356],[27.4208154,37.5531738],[27.4207722,37.5532168],[27.4207364,37.553264],[27.4207134,37.5533047],[27.4206804,37.5533409],[27.4206388,37.5533711],[27.4206018,37.5533895],[27.4205616,37.5534031],[27.4205191,37.5534115],[27.4204892,37.5534492],[27.4204511,37.553482],[27.4204062,37.5535088],[27.4203774,37.5535212],[27.4203472,37.5535311],[27.4202852,37.5535474],[27.4202211,37.5535574],[27.4201509,37.553561],[27.4200808,37.553557],[27.420012,37.5535456],[27.4199458,37.5535269],[27.4198917,37.5535199],[27.4198391,37.5535073],[27.4197891,37.5534896],[27.4197423,37.5534668],[27.4197005,37.55344],[27.4196633,37.5534093],[27.4196313,37.5533751],[27.4195709,37.5533587],[27.4195083,37.5533485],[27.419457,37.5533449],[27.4194055,37.5533454],[27.4193027,37.5533497],[27.4192008,37.5533613],[27.4191252,37.5533748],[27.4190509,37.5533924],[27.4189782,37.5534139],[27.4188739,37.5535835],[27.4188447,37.5536317],[27.4188079,37.5536765],[27.418764,37.5537172],[27.4187091,37.5537558],[27.418648,37.5537879],[27.4185698,37.5537687],[27.4185457,37.5537666],[27.4185216,37.5537687],[27.4184988,37.5537751],[27.4184785,37.5537853],[27.4184616,37.5537987],[27.4184488,37.5538147],[27.4180706,37.5537762],[27.41791,37.5537621],[27.4178816,37.5538104],[27.4178483,37.5538567],[27.4178294,37.5538796],[27.4178053,37.553899],[27.4177768,37.5539144],[27.4177451,37.553925],[27.4177175,37.55393],[27.4176892,37.5539313],[27.4176328,37.5539319],[27.4175768,37.5539269],[27.4175211,37.5539161],[27.4174677,37.5538997],[27.4174173,37.553878],[27.4173709,37.5538514],[27.4171456,37.5540234],[27.417067,37.5540133],[27.4169877,37.5540077],[27.4168993,37.5540068],[27.4168112,37.5540124],[27.4167242,37.5540244],[27.4166569,37.5540383],[27.416591,37.5540561],[27.4164563,37.5540829],[27.4163272,37.5541039],[27.4162988,37.5541095],[27.4162732,37.5541207],[27.416259,37.5541303],[27.4162471,37.5541417],[27.4162308,37.5541595],[27.4162112,37.5541752],[27.4161785,37.5541927],[27.4161418,37.5542041],[27.4160346,37.5542024],[27.4159279,37.5541935],[27.4158226,37.5541775],[27.4157334,37.5541582],[27.4156424,37.5541453],[27.4155504,37.5541387],[27.4154616,37.5541386],[27.4153731,37.5541444],[27.4152856,37.5541562],[27.4151997,37.5541738],[27.4150382,37.5541593],[27.4148785,37.5541356],[27.4147949,37.5541193],[27.4147134,37.5540975],[27.4146344,37.5540705],[27.4145586,37.5540383],[27.4144816,37.5539984],[27.4144094,37.5539533],[27.4143426,37.5539033],[27.4142817,37.5538488],[27.4142672,37.5538215],[27.414259,37.5537927],[27.4142575,37.5537632],[27.4142627,37.5537339],[27.4142738,37.5537056],[27.4142904,37.5536792],[27.4143185,37.5536494],[27.4143537,37.5536247],[27.4143943,37.5536061],[27.4144389,37.5535944],[27.4144334,37.5535678],[27.414419,37.5535434],[27.4143968,37.5535229],[27.4143685,37.553508],[27.4143342,37.5534994],[27.4142984,37.5534963],[27.4142626,37.553499],[27.414229,37.5535068],[27.414198,37.5535197],[27.4141707,37.553537],[27.4141276,37.5535549],[27.4140808,37.5535651],[27.4140322,37.5535673],[27.4140017,37.5535644],[27.413972,37.5535582],[27.4139142,37.553542],[27.4138602,37.5535189],[27.4138055,37.5534854],[27.413756,37.5534471],[27.4137044,37.5533959],[27.4136573,37.5533422],[27.4136148,37.5532861],[27.4135771,37.553228],[27.4135444,37.553168],[27.4136093,37.5531305],[27.4136718,37.5530904],[27.4137345,37.5530458],[27.4137942,37.5529987],[27.4137543,37.5529868],[27.4137127,37.5529796],[27.4136649,37.5529774],[27.4136173,37.5529815],[27.4135712,37.5529918],[27.4135705,37.5529473],[27.4135751,37.552903],[27.413585,37.5528592],[27.4136009,37.5528143],[27.4136225,37.5527709],[27.4136493,37.5527295],[27.4136492,37.552669],[27.4136403,37.552609],[27.4136284,37.5525666],[27.413608,37.5525262],[27.4135795,37.552489],[27.4135437,37.5524559],[27.4135081,37.5524317],[27.4134685,37.5524116],[27.4134257,37.5523961],[27.4134074,37.5523731],[27.4133948,37.5523477],[27.4133885,37.5523209],[27.4133892,37.5522893],[27.4133985,37.5522586],[27.413416,37.5522302],[27.4134468,37.5521402],[27.4134938,37.5520195],[27.4134558,37.5520082],[27.413416,37.5520019],[27.4133754,37.5520006],[27.4133357,37.5520044],[27.4132973,37.5520131],[27.4132694,37.5520076],[27.4132435,37.5519977],[27.4132209,37.5519836],[27.4131991,37.551962],[27.4131849,37.5519368],[27.4131792,37.5519096],[27.4130924,37.5520177],[27.4129956,37.5521204],[27.4129065,37.5522025],[27.4128112,37.55228],[27.4127099,37.5523525],[27.4126318,37.5523915],[27.4125488,37.5524233],[27.4124618,37.5524477],[27.4123847,37.5524624],[27.4123063,37.5524713],[27.4122271,37.5524742],[27.412148,37.5524711],[27.4115847,37.5527507],[27.4115368,37.5527917],[27.4114935,37.5528358],[27.4114453,37.5528963],[27.4114058,37.5529608],[27.4113755,37.5530282],[27.4113338,37.5530671],[27.4112848,37.5531003],[27.4112299,37.5531269],[27.4111703,37.5531462],[27.4111314,37.5531544],[27.4110916,37.5531596],[27.4110118,37.5531676],[27.4109315,37.5531702],[27.4108511,37.5531675],[27.4107584,37.5531576],[27.4106672,37.5531411],[27.4105782,37.5531182],[27.4104922,37.553089],[27.4104099,37.5530537],[27.4103546,37.5530255],[27.4103017,37.5529946],[27.4101985,37.5529301],[27.4101007,37.5528604],[27.4100089,37.5527858],[27.4099379,37.552721],[27.4098714,37.5526532],[27.4097425,37.5525152],[27.4096227,37.5523722],[27.4095316,37.5522519],[27.409447,37.5521287],[27.4094175,37.5518236],[27.4094094,37.5517795],[27.4093925,37.5517369],[27.4093672,37.5516971],[27.4093343,37.5516609],[27.4092946,37.5516294],[27.4092491,37.5516033],[27.4091989,37.5515833],[27.4090514,37.551293],[27.4090165,37.5512504],[27.4089738,37.5512126],[27.4089242,37.5511805],[27.408869,37.5511548],[27.4088259,37.5511406],[27.4087811,37.5511302],[27.4086905,37.5511132],[27.4085981,37.5511038],[27.40854,37.5511019],[27.4084832,37.5510924],[27.4084291,37.5510755],[27.4083794,37.5510518],[27.4083352,37.5510219],[27.4083065,37.5509959],[27.4082822,37.5509672],[27.4082364,37.5509085],[27.4081984,37.5508465],[27.4081784,37.5508055],[27.4081618,37.5507636],[27.4081336,37.5506787],[27.4081139,37.5505924],[27.4081036,37.5505141],[27.408083,37.5504371],[27.4080524,37.5503623],[27.408012,37.5502904],[27.4079712,37.5502333],[27.4079243,37.5501793],[27.4078716,37.5501287],[27.4078135,37.550082],[27.407497,37.5506391],[27.4074269,37.5507083],[27.4073484,37.5507717],[27.4072624,37.5508285],[27.4071698,37.5508784],[27.4071073,37.5509064],[27.4070426,37.5509313],[27.4069114,37.5509774],[27.4067765,37.5510165],[27.4066387,37.5510485],[27.4065043,37.5510723],[27.4063682,37.5510894],[27.406231,37.5510995],[27.4055457,37.5512782],[27.4054838,37.5512948],[27.4054193,37.551303],[27.4053539,37.5513026],[27.4052934,37.5512943],[27.4052352,37.5512786],[27.4051809,37.5512558],[27.4047719,37.551469],[27.4047291,37.5514779],[27.404685,37.5514814],[27.4046408,37.5514793],[27.4045975,37.5514717],[27.4045624,37.551461],[27.4045294,37.5514467],[27.4044591,37.551426],[27.404387,37.5514095],[27.4042825,37.5513936],[27.4041764,37.5513866],[27.4041543,37.5514377],[27.4041228,37.5514855],[27.4040826,37.5515291],[27.4040542,37.5515531],[27.4040233,37.5515749],[27.4039572,37.5516144],[27.4038854,37.5516471],[27.4038028,37.5516741],[27.4037162,37.5516919],[27.4036275,37.5517004],[27.4035381,37.5516992],[27.4032256,37.5520915],[27.4031732,37.5521413],[27.4031138,37.552186],[27.4030483,37.5522248],[27.4029775,37.5522574],[27.4028977,37.5522846],[27.4028149,37.5523055],[27.4027299,37.5523198],[27.4026436,37.5523276],[27.402591,37.552329],[27.4025384,37.5523279],[27.4024339,37.5523186],[27.4023315,37.5522998],[27.4022325,37.5522717],[27.4021845,37.5522543],[27.4021379,37.5522346],[27.4020479,37.5521909],[27.4019632,37.5521409],[27.4018845,37.5520851],[27.4018168,37.552028],[27.4017554,37.5519666],[27.4017007,37.5519013],[27.4016532,37.5518326],[27.4016282,37.5517976],[27.4016096,37.5517602],[27.4015977,37.5517211],[27.4015928,37.5516811],[27.4015946,37.5516432],[27.4016027,37.5516057],[27.401617,37.5515694],[27.4016371,37.5515349],[27.4015718,37.5514975],[27.4015115,37.5514552],[27.4014567,37.5514084],[27.4014099,37.5513599],[27.4013691,37.5513082],[27.4012857,37.5512059],[27.4012473,37.5511561],[27.4012183,37.5511026],[27.4011992,37.5510464],[27.4011925,37.5510106],[27.4011898,37.5509746],[27.4014118,37.5507843],[27.4012555,37.5506535],[27.4011949,37.5506892],[27.4011419,37.5507319],[27.4010979,37.5507806],[27.4010761,37.5508125],[27.4010474,37.5508409],[27.4010127,37.5508647],[27.4009732,37.5508832],[27.4009282,37.5508961],[27.4008815,37.5509043],[27.4008337,37.5509076],[27.4007844,37.5509058],[27.4007358,37.5508986],[27.4006889,37.5508863],[27.4006212,37.5509369],[27.4005484,37.5509827],[27.400471,37.5510235],[27.4003814,37.551062],[27.4002971,37.5511074],[27.4002188,37.5511591],[27.4001524,37.5512122],[27.4000923,37.55127],[27.4000391,37.5513318],[27.4001042,37.5514111],[27.4000339,37.5514674],[27.3999681,37.551527],[27.399918,37.5515776],[27.3998712,37.5516302],[27.3997674,37.5517291],[27.3996569,37.5518235],[27.3995402,37.5519129],[27.3994307,37.5519886],[27.3993167,37.5520601],[27.3991984,37.552127],[27.3990762,37.5521893],[27.399012,37.5522474],[27.39894,37.5522994],[27.3988613,37.5523448],[27.3987767,37.5523831],[27.3986873,37.5524137],[27.3986092,37.5524332],[27.3985292,37.552447],[27.3983741,37.5524883],[27.3982228,37.5525375],[27.3980758,37.5525944],[27.3979291,37.552661],[27.3977884,37.5527353],[27.3975075,37.5528842],[27.3972335,37.553041],[27.3970349,37.5531623],[27.3968404,37.5532878],[27.3966502,37.5534174],[27.3965551,37.553437],[27.396458,37.5534488],[27.3963599,37.5534527],[27.3962617,37.5534486],[27.3961647,37.5534365],[27.3960872,37.5534209],[27.3960134,37.5533965],[27.395945,37.5533638],[27.3958832,37.5533235],[27.3958296,37.5532765],[27.3957852,37.5532239],[27.3957614,37.5531867],[27.3957424,37.5531478],[27.3957074,37.5530694],[27.3956805,37.5529889],[27.3956618,37.552907],[27.3956513,37.5528231],[27.3956506,37.5527387],[27.3956595,37.5526547],[27.395678,37.5525716],[27.395706,37.5524902],[27.3957268,37.5524435],[27.3957507,37.5523977],[27.3958052,37.5523086],[27.3958693,37.5522236],[27.3959423,37.5521432],[27.3960239,37.5520681],[27.3960732,37.5520284],[27.396125,37.5519907],[27.3962336,37.5519199],[27.396349,37.5518563],[27.3964705,37.5518002],[27.3965748,37.5517598],[27.3966824,37.551725],[27.3967926,37.5516959],[27.396905,37.5516726],[27.3971102,37.5513621],[27.397086,37.5513162],[27.3970676,37.5512685],[27.3970552,37.5512197],[27.3970489,37.5511706],[27.3970525,37.5511213],[27.3970659,37.5510731],[27.3970887,37.5510272],[27.3971213,37.5509837],[27.3971624,37.5509449],[27.3972109,37.5509119],[27.3972655,37.5508856],[27.3973247,37.5508667],[27.3973434,37.5508443],[27.3973538,37.5508188],[27.3973553,37.550792],[27.3973476,37.5507658],[27.3973314,37.5507423],[27.3973105,37.5507247],[27.3972848,37.5507116],[27.3972559,37.5507039],[27.3972255,37.5507019],[27.3970324,37.5506891],[27.397003,37.550622],[27.3969847,37.5505524],[27.3969779,37.5504815],[27.3969828,37.5504105],[27.3969948,37.5503548],[27.397014,37.5503003],[27.3970507,37.5501911],[27.3970927,37.5500831],[27.3971256,37.5500076],[27.397168,37.5499353],[27.3972197,37.5498669],[27.3972801,37.549803],[27.3973484,37.5497444],[27.397424,37.5496918],[27.3974754,37.5496617],[27.3975293,37.5496343],[27.3976293,37.5495711],[27.3977235,37.5495026],[27.3978116,37.5494292],[27.3978814,37.5493628],[27.3979578,37.5493012],[27.3980402,37.5492447],[27.3981281,37.5491936],[27.3982301,37.5491443],[27.3983372,37.5491024],[27.3984486,37.5490682],[27.3985435,37.5489727],[27.3986453,37.5488819],[27.3987537,37.548796],[27.398885,37.5487043],[27.3990132,37.5486099],[27.3991073,37.5485374],[27.3992062,37.5484689],[27.3993096,37.5484047],[27.399405,37.5483513],[27.3994953,37.5482925],[27.3995842,37.5482252],[27.3996663,37.5481527],[27.3996888,37.5481423],[27.3997143,37.5481379],[27.3997402,37.5481398],[27.3997642,37.5481479],[27.3997838,37.5481613],[27.3997973,37.5481788],[27.3998035,37.5481987],[27.3998018,37.5482192],[27.3998582,37.548152],[27.3999213,37.5480888],[27.3999909,37.5480299],[27.4000723,37.5479717],[27.4001599,37.5479195],[27.400253,37.5478736],[27.4004985,37.5482213],[27.400525,37.5482337],[27.4005546,37.5482402],[27.4005854,37.5482404],[27.4006152,37.5482343],[27.400642,37.5482223],[27.4006628,37.5482064],[27.4006781,37.5481868],[27.4006869,37.5481649],[27.4006717,37.5481196],[27.4006641,37.5480731],[27.4006641,37.5480262],[27.4006718,37.5479796],[27.4006901,37.547935],[27.4007184,37.5478938],[27.4007421,37.5478691],[27.4007695,37.5478469],[27.400828,37.5478059],[27.400893,37.5477715],[27.4009632,37.5477444],[27.4010092,37.5477313],[27.4010565,37.5477213],[27.4011514,37.5477027],[27.4012475,37.5476886],[27.4013421,37.5476792],[27.4014374,37.5476774],[27.4015325,37.5476833],[27.4015796,37.5476891],[27.4016271,37.5476862],[27.4016726,37.5476747],[27.4017126,37.547656],[27.4017464,37.5476306],[27.4012797,37.5474456],[27.4007164,37.5472356],[27.4002839,37.5470857],[27.4000304,37.5469949],[27.3997736,37.5469102],[27.3995042,37.546829],[27.3992318,37.5467545],[27.3993089,37.5466184],[27.4005179,37.5470474],[27.4015586,37.5474451],[27.402425,37.5469102],[27.4029319,37.5466582],[27.4030223,37.5466159],[27.4031168,37.5465797],[27.4032147,37.5465498],[27.4033155,37.5465264],[27.4034136,37.5465103],[27.4035131,37.5465003],[27.4036132,37.5464966],[27.4037144,37.5464198],[27.4038115,37.5463396],[27.4039042,37.5462563],[27.4040261,37.5461348],[27.4041406,37.5460089],[27.4042475,37.5458788],[27.4043523,37.5457366],[27.404448,37.5455905],[27.4045342,37.5454407],[27.404611,37.5452876],[27.404728,37.5451528],[27.404836,37.5450133],[27.4049348,37.5448695],[27.405024,37.5447219],[27.4051024,37.5445731],[27.4051711,37.5444214],[27.40523,37.544267],[27.4052788,37.5441105],[27.4053344,37.5439779],[27.4053794,37.5438428],[27.4054139,37.5437057],[27.4054376,37.5435672],[27.4054505,37.5434278],[27.4054529,37.5433109],[27.4054448,37.5431941],[27.4054264,37.543078],[27.4054066,37.5429951],[27.4053816,37.5429132],[27.4053513,37.5428324],[27.4051072,37.5424602],[27.4051289,37.5423901],[27.4051406,37.5423186],[27.4051422,37.5422464],[27.4051337,37.5421746],[27.4051152,37.542104],[27.4050896,37.5420409],[27.405056,37.5419803],[27.4050148,37.5419227],[27.4049665,37.5418688],[27.4049114,37.541819],[27.404277,37.5411267],[27.4042049,37.5410446],[27.4041397,37.5409588],[27.4040819,37.5408698],[27.4040316,37.5407779],[27.4039887,37.5406827],[27.403954,37.5405855],[27.4038877,37.5403904],[27.4038331,37.5401931],[27.4037903,37.5399942],[27.4037592,37.539794],[27.4037399,37.5395929],[27.4037325,37.5393913],[27.4037082,37.5392587],[27.40369,37.5391256],[27.4036782,37.5389919],[27.4036727,37.5388599],[27.4036734,37.5387278],[27.4036802,37.5385958],[27.4036896,37.5382736],[27.40369,37.5381832],[27.4036996,37.5380932],[27.4037183,37.538004],[27.4037461,37.5379164],[27.4037827,37.5378308],[27.4038279,37.5377478],[27.4038814,37.537668],[27.4039435,37.5375911],[27.4040151,37.5375197],[27.4040953,37.5374542],[27.404141,37.5374223],[27.4041887,37.5373924],[27.4042743,37.537324],[27.4043293,37.5372724],[27.4043799,37.5372181],[27.4044259,37.5371613],[27.4044694,37.5371305],[27.4045172,37.5371042],[27.4045687,37.5370826],[27.404623,37.5370661],[27.4046755,37.5370555],[27.4047292,37.5370496],[27.4047833,37.5370485],[27.4048293,37.5369909],[27.4048817,37.5369368],[27.4049401,37.5368867],[27.4050041,37.5368411],[27.405073,37.5368002],[27.40516,37.5367586],[27.4052502,37.5367215],[27.4053432,37.5366891],[27.4054047,37.5366706],[27.4054693,37.5366609],[27.4055138,37.5366594],[27.4055583,37.5366621],[27.405602,37.5366689],[27.405627,37.5365917],[27.4058568,37.535883],[27.4062136,37.535799],[27.4064349,37.5354172],[27.4064235,37.5353137],[27.4064026,37.5352111],[27.4063724,37.53511],[27.4063329,37.535011],[27.4062902,37.5349248],[27.4062407,37.5348409],[27.4061847,37.5347596],[27.4061224,37.5346813],[27.4060508,37.534603],[27.4059716,37.5345294],[27.4058852,37.5344611],[27.4057922,37.5343985],[27.4056932,37.534342],[27.4055996,37.5342967],[27.4055021,37.5342569],[27.4054013,37.5342226],[27.4052976,37.5341943],[27.4051917,37.5341719],[27.4051049,37.5341237],[27.405025,37.5340686],[27.4049529,37.534007],[27.4048938,37.5339448],[27.4048427,37.5338783],[27.4048001,37.5338082],[27.4046834,37.5334508],[27.4046093,37.5332146],[27.4045292,37.5329797],[27.4044632,37.5327995],[27.4043937,37.5326202],[27.4041558,37.5325448],[27.4039645,37.5324841],[27.4040115,37.5326053],[27.4043226,37.5335327],[27.4045747,37.5343856],[27.4043763,37.5344197],[27.4041043,37.5344697],[27.4038301,37.534511],[27.403554,37.5345436],[27.4032764,37.5345673],[27.4029979,37.5345823],[27.4027188,37.5345884],[27.4024397,37.5345856],[27.4022872,37.5345803],[27.4021348,37.5345724],[27.4018307,37.5345509],[27.4015277,37.5345211],[27.4012262,37.534483],[27.4009265,37.5344368],[27.4006289,37.5343824],[27.4003339,37.53432],[27.4000418,37.5342495],[27.3997547,37.5341716],[27.3994711,37.534086],[27.3991913,37.5339928],[27.3989158,37.533892],[27.3986447,37.5337838],[27.3983785,37.5336683],[27.3981173,37.5335457],[27.3978617,37.5334161],[27.3976117,37.5332796],[27.3945916,37.5317779],[27.3942773,37.5316524],[27.3939681,37.5315192],[27.3936644,37.5313784],[27.3933663,37.5312301],[27.3930742,37.5310745],[27.3927883,37.5309118],[27.3925091,37.5307421],[27.3922366,37.5305655],[27.3920516,37.530439],[27.3918701,37.5303094],[27.3914969,37.5300594],[27.3911172,37.5298158],[27.3907312,37.5295784],[27.3903389,37.5293476],[27.3899406,37.5291234],[27.3895038,37.5288886],[27.3890604,37.5286618],[27.3886106,37.528443],[27.3881547,37.5282324],[27.3876929,37.52803],[27.3836803,37.5263368],[27.3793566,37.5246308],[27.3754433,37.5225248],[27.3750662,37.5223434],[27.3746955,37.5221539],[27.3743314,37.5219566],[27.3739742,37.5217515],[27.3736241,37.5215387],[27.3732814,37.5213186],[27.3729589,37.5210998],[27.3726437,37.5208745],[27.372336,37.5206427],[27.3720361,37.5204046],[27.3717441,37.5201604],[27.3714602,37.5199103],[27.3698294,37.518753],[27.3697397,37.5186866],[27.3696566,37.518615],[27.3695807,37.5185386],[27.3695125,37.5184578],[27.3694522,37.5183731],[27.3694003,37.5182849],[27.3693519,37.5181816],[27.3693151,37.5180754],[27.36929,37.517967],[27.3692769,37.5178573],[27.3683193,37.516951],[27.3673484,37.5159384],[27.3675013,37.5154214],[27.367548,37.5152553],[27.3675848,37.5150876],[27.3676117,37.5149187],[27.3676286,37.514749],[27.3676354,37.5145789],[27.3676338,37.5144496],[27.3676232,37.5143205],[27.3676034,37.5141922],[27.3675747,37.5140649],[27.367537,37.5139391],[27.3674905,37.5138151],[27.3674377,37.5136981],[27.3673771,37.5135836],[27.3673087,37.5134718],[27.3672329,37.513363],[27.3671499,37.5132577]],[[27.398229,37.5204617],[27.398232,37.5205788],[27.3982422,37.5206918],[27.3982597,37.5208043],[27.3982843,37.520916],[27.3983514,37.5212218],[27.3983617,37.521323],[27.3983815,37.5214233],[27.3984099,37.5215196],[27.3984472,37.521614],[27.398493,37.521706],[27.3985472,37.5217951],[27.3985294,37.5217978],[27.3985133,37.5218043],[27.3985002,37.5218142],[27.3984901,37.5218291],[27.3984867,37.5218457],[27.3984904,37.5218623],[27.3985009,37.521877],[27.3985455,37.5219107],[27.3985812,37.5219504],[27.3986066,37.5219949],[27.3986209,37.5220424],[27.3986239,37.5220848],[27.3986179,37.522127],[27.3986031,37.5221679],[27.39858,37.5222062],[27.3985785,37.5222338],[27.3985846,37.5222611],[27.398598,37.5222866],[27.398618,37.5223093],[27.3986437,37.522328],[27.3986746,37.5223421],[27.3987087,37.5223504],[27.3987442,37.5223525],[27.3987795,37.5223483],[27.3988127,37.5223381],[27.3988441,37.5223227],[27.3988713,37.5223031],[27.3988935,37.5222797],[27.3989099,37.5222535],[27.3989262,37.5222152],[27.3989348,37.5221754],[27.3989354,37.5221349],[27.3988543,37.5218158],[27.3988896,37.5217692],[27.398917,37.5217193],[27.398936,37.521667],[27.3989461,37.5216132],[27.3989475,37.5215606],[27.3989405,37.5215083],[27.3989252,37.5214572],[27.3989019,37.5214079],[27.3988093,37.5211973],[27.3987751,37.5210628],[27.3986236,37.5207931],[27.3986643,37.5207236],[27.398696,37.5206512],[27.3987181,37.5205767],[27.3987298,37.5205089],[27.3987336,37.5204405],[27.3985887,37.520374],[27.3986158,37.5203248],[27.3986377,37.520274],[27.3986561,37.5202151],[27.3986675,37.520155],[27.3986719,37.5200944],[27.3986732,37.5200639],[27.3986692,37.5200337],[27.398656,37.5199946],[27.398634,37.519958],[27.3986042,37.5199252],[27.3985398,37.5198438],[27.3985337,37.5198256],[27.3985215,37.5198095],[27.398504,37.5197968],[27.3984828,37.5197885],[27.3984589,37.5197852],[27.3984349,37.5197875],[27.3984127,37.5197952],[27.3983943,37.5198076],[27.3983631,37.5198344],[27.3983376,37.5198648],[27.3983186,37.519898],[27.3983064,37.5199331],[27.3982698,37.5200797],[27.3982447,37.5202278],[27.3982333,37.5203446],[27.398229,37.5204617]],[[27.3997012,37.5192162],[27.3997054,37.5192524],[27.3997159,37.5192878],[27.3997324,37.5193217],[27.3997548,37.5193534],[27.3997902,37.5193891],[27.3998329,37.5194194],[27.3998816,37.5194433],[27.3999174,37.5194469],[27.3999535,37.5194458],[27.3999888,37.5194401],[27.4000241,37.5194295],[27.4000565,37.5194142],[27.4000853,37.5193949],[27.4001095,37.519372],[27.4001458,37.5193299],[27.400175,37.5192844],[27.4001967,37.5192364],[27.4002109,37.5191826],[27.4002152,37.5191278],[27.4002095,37.519073],[27.400194,37.5190194],[27.4001283,37.5187535],[27.3998728,37.5187673],[27.3998373,37.5187776],[27.3998047,37.5187928],[27.3997763,37.5188125],[27.3997513,37.518838],[27.3997332,37.518867],[27.3997226,37.5188982],[27.3997012,37.5192162]],[[27.4001929,37.5178579],[27.400194,37.5178829],[27.4002036,37.5179125],[27.4002215,37.5179396],[27.400247,37.5179626],[27.4002824,37.5179887],[27.4003212,37.5180115],[27.400363,37.5180307],[27.4004733,37.5179073],[27.4005917,37.5177887],[27.4006909,37.5176986],[27.4007949,37.5176118],[27.400851,37.5175717],[27.4009035,37.5175286],[27.4009565,37.5174785],[27.4010046,37.5174254],[27.4010476,37.5173696],[27.4010592,37.5173468],[27.4010644,37.5173226],[27.401063,37.5172981],[27.401055,37.5172744],[27.4010387,37.51725],[27.4010154,37.5172294],[27.4009866,37.5172138],[27.4008834,37.5171755],[27.4008764,37.5171368],[27.4008626,37.5170993],[27.4008422,37.5170637],[27.4008156,37.5170308],[27.4007745,37.5169944],[27.4007258,37.5169643],[27.4007288,37.5169369],[27.4007244,37.5169095],[27.4007133,37.5168843],[27.4006958,37.5168615],[27.4006728,37.516842],[27.4006468,37.5168561],[27.4006247,37.5168739],[27.4006071,37.5168947],[27.4005924,37.516924],[27.400587,37.5169553],[27.4005863,37.5169894],[27.400591,37.5170234],[27.4005623,37.517025],[27.4005348,37.5170319],[27.4005102,37.5170437],[27.4004897,37.5170598],[27.4004743,37.5170798],[27.4004654,37.5171022],[27.4004636,37.5171256],[27.400469,37.5171486],[27.4005055,37.5172069],[27.4003959,37.5172329],[27.4003599,37.5172434],[27.4003277,37.5172598],[27.4003007,37.5172813],[27.4002791,37.5173088],[27.400266,37.5173394],[27.4002622,37.5173716],[27.4002678,37.5174036],[27.4003315,37.5175898],[27.4002886,37.5176351],[27.4002531,37.5176843],[27.4002255,37.5177366],[27.4002083,37.5177843],[27.4001978,37.5178333],[27.4001929,37.5178579]],[[27.4024742,37.5170199],[27.4024996,37.5170915],[27.4025309,37.5171617],[27.402574,37.5172395],[27.4026245,37.5173146],[27.4026309,37.517366],[27.4026439,37.5174167],[27.4026695,37.5174791],[27.4027049,37.5175385],[27.4027596,37.5176183],[27.4026935,37.5177382],[27.4026976,37.5177598],[27.4027074,37.5177803],[27.4027226,37.5177985],[27.4027425,37.5178137],[27.4027724,37.5178274],[27.402806,37.5178342],[27.4028406,37.5178335],[27.4028737,37.5178254],[27.4029027,37.5178105],[27.4029473,37.517757],[27.4029855,37.5177004],[27.4030169,37.5176418],[27.4030414,37.5175812],[27.4030528,37.5175506],[27.403059,37.5175191],[27.4030595,37.5174828],[27.4030532,37.5174469],[27.4030402,37.5174122],[27.4030104,37.5173736],[27.4029891,37.5173316],[27.4029768,37.5172874],[27.4029739,37.5172454],[27.4029792,37.5172035],[27.4029926,37.5171627],[27.4030472,37.5169798],[27.4029906,37.5169208],[27.4029279,37.5168659],[27.402882,37.5168311],[27.4028337,37.5167984],[27.4028561,37.5167585],[27.4028504,37.5167413],[27.4028388,37.5167261],[27.4028223,37.5167141],[27.4027985,37.5167054],[27.4027725,37.5167033],[27.4027471,37.5167081],[27.402725,37.5167191],[27.4026737,37.5167483],[27.4026268,37.5167819],[27.4025851,37.5168195],[27.402549,37.5168606],[27.4025155,37.516911],[27.4024904,37.5169644],[27.4024742,37.5170199]],[[27.4264656,37.5407163],[27.4265595,37.5407624],[27.4266569,37.5408037],[27.4267573,37.5408401],[27.426874,37.5408752],[27.4269935,37.5409037],[27.4271153,37.5409253],[27.4272387,37.5409401],[27.4273916,37.5409535],[27.427545,37.5409617],[27.4276987,37.5409646],[27.4279025,37.5409717],[27.4281064,37.5409757],[27.42837,37.5409762],[27.4285019,37.5409779],[27.4286335,37.5409715],[27.4287609,37.5409573],[27.4288865,37.5409355],[27.4290097,37.5409061],[27.4291297,37.5408694],[27.4293889,37.5407829],[27.4296433,37.5406881],[27.4296803,37.5406607],[27.429711,37.5406289],[27.4297345,37.5405934],[27.4297479,37.540563],[27.429756,37.5405315],[27.4297587,37.5404993],[27.4297748,37.5401649],[27.4296923,37.5400702],[27.4296024,37.539975],[27.4295564,37.539928],[27.4295079,37.5398826],[27.4294185,37.5398079],[27.4293224,37.5397387],[27.4292202,37.5396752],[27.4290548,37.5395788],[27.4289686,37.5395347],[27.428885,37.5394875],[27.4287841,37.5394241],[27.428688,37.5393562],[27.4285971,37.539284],[27.4285115,37.5392078],[27.4283897,37.5391059],[27.4282761,37.5389983],[27.4281875,37.5389041],[27.428154,37.5388749],[27.4281263,37.5388421],[27.4281051,37.5388064],[27.4280903,37.5387666],[27.4280836,37.5387255],[27.428085,37.5386841],[27.4281004,37.5386563],[27.4281085,37.5386267],[27.4281091,37.5385964],[27.4280999,37.5385607],[27.4280803,37.5385279],[27.4280515,37.5384996],[27.4280169,37.5384745],[27.4279779,37.5384537],[27.4279355,37.5384379],[27.4278047,37.538532],[27.4277336,37.5386578],[27.4276686,37.5387856],[27.4275927,37.5389563],[27.4275278,37.5391297],[27.4274037,37.5394354],[27.4272575,37.5397783],[27.4272135,37.5398145],[27.4271755,37.5398548],[27.4271442,37.5398985],[27.4271198,37.5399456],[27.4271032,37.5399948],[27.4270946,37.5400453],[27.42699,37.5401888],[27.4269381,37.5402679],[27.4268894,37.5403483],[27.4268385,37.540415],[27.4267802,37.5404777],[27.426715,37.540536],[27.426655,37.5405518],[27.4265997,37.540576],[27.4265508,37.5406078],[27.4265153,37.5406402],[27.4264867,37.5406767],[27.4264656,37.5407163]],[[27.427463,37.5539638],[27.4274926,37.5540502],[27.4275324,37.5541389],[27.4275811,37.5542249],[27.4276488,37.5542141],[27.4277145,37.554197],[27.4277772,37.5541738],[27.4278383,37.5541436],[27.4278943,37.5541076],[27.4279442,37.5540664],[27.4279368,37.5539163],[27.427877,37.5538917],[27.4278136,37.5538737],[27.4277477,37.5538626],[27.4276895,37.5538587],[27.4276311,37.5538602],[27.4275734,37.5538671],[27.4275383,37.5538763],[27.4275076,37.5538926],[27.4274853,37.5539131],[27.4274701,37.5539373],[27.427463,37.5539638]],[[27.4635532,37.5100816],[27.4635573,37.5101185],[27.4635686,37.5101546],[27.4635893,37.5101907],[27.4636182,37.5102232],[27.4636956,37.5102319],[27.4637711,37.5102477],[27.4638399,37.5102688],[27.4639053,37.5102957],[27.4639667,37.5103282],[27.4640232,37.5103657],[27.464278,37.5105285],[27.4643815,37.5106079],[27.4644792,37.5106918],[27.4645737,37.5106349],[27.4646613,37.5105714],[27.4647414,37.5105019],[27.4647982,37.5104438],[27.4648497,37.5103827],[27.4648956,37.5103189],[27.4649271,37.5102998],[27.4649627,37.5102859],[27.4650043,37.5102775],[27.4650472,37.5102764],[27.4650881,37.510268],[27.4651258,37.5102529],[27.4651585,37.5102317],[27.4652128,37.5101934],[27.4652623,37.5101513],[27.4653067,37.5101056],[27.4653572,37.5100397],[27.465397,37.5099693],[27.4654254,37.5098955],[27.4656835,37.5094248],[27.4656606,37.509407],[27.465644,37.5093853],[27.4656346,37.5093609],[27.4656327,37.5093411],[27.4656356,37.5093214],[27.4656433,37.5093024],[27.4656718,37.5092158],[27.4656902,37.5091274],[27.465678,37.5090909],[27.4656715,37.5090535],[27.4656708,37.5090157],[27.4656759,37.5089777],[27.4656869,37.5089405],[27.4657036,37.5089046],[27.4657251,37.5088413],[27.4657372,37.5087764],[27.4657398,37.5087109],[27.4657417,37.5085647],[27.4657378,37.5084184],[27.4657298,37.5081588],[27.4657179,37.5081231],[27.4657125,37.5080864],[27.4657137,37.5080495],[27.4657202,37.508017],[27.4657318,37.5079855],[27.4657482,37.5079553],[27.4657718,37.507961],[27.4657962,37.5079583],[27.4658147,37.5079493],[27.4658277,37.5079354],[27.465844,37.507912],[27.4658553,37.5078867],[27.4658612,37.5078604],[27.4658609,37.507836],[27.4658552,37.507812],[27.4658428,37.5078054],[27.4658287,37.5078019],[27.4658123,37.5078017],[27.4657966,37.5078056],[27.4657831,37.5078131],[27.4657775,37.5078237],[27.4657677,37.5078322],[27.465752,37.5078382],[27.4657346,37.5078387],[27.4657184,37.5078335],[27.465687,37.5078332],[27.4656567,37.5078399],[27.4656334,37.507851],[27.4656142,37.5078663],[27.4656004,37.5078849],[27.4655531,37.5079809],[27.4655057,37.5080024],[27.4654632,37.5080295],[27.4654264,37.5080615],[27.465398,37.5080951],[27.4653761,37.5081317],[27.4653569,37.508174],[27.4653435,37.5082177],[27.4653419,37.5082402],[27.4653358,37.5082623],[27.4653239,37.5082858],[27.4653068,37.5083073],[27.4652852,37.5083261],[27.4652286,37.5083796],[27.4651769,37.5084362],[27.4651176,37.5085138],[27.4650676,37.5085955],[27.4650148,37.5086713],[27.464957,37.5087447],[27.4649266,37.5087711],[27.4649021,37.5088012],[27.4648842,37.5088341],[27.464872,37.508877],[27.4648711,37.5089211],[27.4648769,37.5089723],[27.4648898,37.5090228],[27.4649097,37.5090718],[27.4649365,37.5091187],[27.4649031,37.5091282],[27.4648741,37.5091444],[27.4648514,37.509166],[27.4648389,37.509186],[27.464832,37.5092076],[27.4648309,37.5092298],[27.4648346,37.5092457],[27.464842,37.5092607],[27.464728,37.509329],[27.4646403,37.5093769],[27.464594,37.5093979],[27.4645503,37.5094221],[27.4644953,37.5094598],[27.4644465,37.5095025],[27.4644044,37.5095495],[27.4643165,37.5095747],[27.4642304,37.5096035],[27.4641434,37.509637],[27.4640588,37.5096742],[27.4639656,37.5096144],[27.4638857,37.5096682],[27.4638107,37.5097261],[27.4637215,37.5098067],[27.4636797,37.5098488],[27.4636417,37.5098931],[27.4636011,37.5099494],[27.4635813,37.5099779],[27.4635666,37.5100083],[27.4635563,37.5100445],[27.4635532,37.5100816]],[[27.4845049,37.4790366],[27.4845108,37.479072],[27.4845234,37.4791062],[27.4846481,37.4793138],[27.4847091,37.4793025],[27.4847712,37.4792959],[27.4848338,37.4792941],[27.4849126,37.4792985],[27.48499,37.4793105],[27.4850652,37.4793297],[27.4852015,37.4793711],[27.4853341,37.4794197],[27.4854623,37.4793192],[27.4856056,37.4792307],[27.4857038,37.4791754],[27.4858053,37.4791241],[27.4859101,37.479077],[27.4859933,37.4790533],[27.4860727,37.4790223],[27.4861472,37.4789845],[27.4862158,37.4789402],[27.4862742,37.4788932],[27.486326,37.4788416],[27.4863707,37.4787859],[27.4864076,37.4787268],[27.4862574,37.4786305],[27.4861545,37.4786308],[27.486052,37.4786232],[27.485951,37.4786076],[27.4858486,37.4785832],[27.4857986,37.4785681],[27.4857498,37.4785507],[27.4857014,37.4785305],[27.4856546,37.4785081],[27.4856113,37.4784852],[27.4855637,37.4784687],[27.4855164,37.4784595],[27.4854678,37.4784567],[27.4854192,37.4784602],[27.4853111,37.4784739],[27.485205,37.4784953],[27.4850363,37.4786201],[27.4849734,37.4786821],[27.4849022,37.4787383],[27.4848302,37.4787842],[27.4847527,37.4788242],[27.4846705,37.4788577],[27.4845946,37.4788966],[27.4845237,37.478941],[27.4845123,37.4789705],[27.4845059,37.4790009],[27.4845049,37.4790366]],[[27.4879977,37.5058821],[27.4880032,37.5059015],[27.4880141,37.505918],[27.48803,37.5059317],[27.4880498,37.5059417],[27.4881828,37.5059614],[27.488253,37.5060699],[27.4883713,37.5060986],[27.4883785,37.5060492],[27.4884805,37.5060667],[27.4884716,37.5061034],[27.4886226,37.5061172],[27.4886243,37.5061786],[27.4887274,37.506201],[27.4887797,37.5062552],[27.4888575,37.5062462],[27.4889822,37.5061874],[27.4890216,37.5062184],[27.489159,37.5061237],[27.4892582,37.5060926],[27.4892994,37.5060582],[27.4893812,37.5061303],[27.4893899,37.5061032],[27.4893942,37.5060755],[27.489393,37.5060382],[27.4893839,37.5060015],[27.4893688,37.5059624],[27.4893486,37.5059248],[27.4893235,37.505889],[27.4893005,37.5058207],[27.4892665,37.5057553],[27.4892292,37.5057024],[27.4891848,37.5056532],[27.4891609,37.5056295],[27.4891337,37.5056082],[27.4891011,37.5055881],[27.4890654,37.5055716],[27.4890275,37.5055587],[27.488995,37.5055546],[27.4889621,37.5055561],[27.4889304,37.5055631],[27.4889014,37.5055755],[27.4888233,37.5056619],[27.4887948,37.5056699],[27.4887649,37.5056734],[27.4887348,37.5056723],[27.4887067,37.5056669],[27.4886803,37.5056575],[27.4886566,37.5056443],[27.4886127,37.5056133],[27.4885621,37.5055893],[27.4885063,37.5055732],[27.4884477,37.5055657],[27.488418,37.505565],[27.4883884,37.5055672],[27.488341,37.5055773],[27.4882972,37.5055949],[27.4882793,37.5056083],[27.488259,37.5056193],[27.4882262,37.5056307],[27.4881911,37.505636],[27.4881554,37.505635],[27.488091,37.5056279],[27.488077,37.505621],[27.4880604,37.5056213],[27.4880468,37.5056287],[27.4880411,37.5056377],[27.4880408,37.5056479],[27.4880461,37.5056571],[27.4881051,37.5058087],[27.4879992,37.5058622],[27.4879977,37.5058821]],[[27.5203875,37.5001487],[27.5203878,37.5001864],[27.5204395,37.500326],[27.5205494,37.5003758],[27.5205544,37.5003887],[27.520553,37.5004022],[27.5205454,37.5004143],[27.5205309,37.5004242],[27.5205124,37.5004285],[27.5204935,37.5004263],[27.5204629,37.5004263],[27.5204328,37.5004306],[27.5204303,37.5004832],[27.5204324,37.5005359],[27.5204399,37.5005925],[27.5204526,37.5006484],[27.5205545,37.5006718],[27.5205703,37.5006921],[27.5205776,37.5007152],[27.520575,37.500741],[27.5205618,37.5007647],[27.5205394,37.5007835],[27.520415,37.5008346],[27.5204126,37.5008775],[27.5204184,37.5009203],[27.5204326,37.5009627],[27.5204549,37.501003],[27.5204877,37.50097],[27.5205261,37.500941],[27.5205692,37.5009165],[27.5206114,37.5008989],[27.520656,37.5008856],[27.5207023,37.5008769],[27.5207443,37.5008933],[27.5207833,37.5009138],[27.5208187,37.5009381],[27.520851,37.5009667],[27.5208783,37.5009985],[27.5209001,37.5010328],[27.5209357,37.5010936],[27.5209679,37.5011557],[27.5209911,37.5011554],[27.5210135,37.5011506],[27.5210333,37.5011418],[27.52105,37.5011295],[27.5210624,37.5011144],[27.5210588,37.5010868],[27.5210643,37.5010594],[27.5210785,37.5010341],[27.5210937,37.5010181],[27.5211124,37.5010046],[27.5211478,37.5009886],[27.5211873,37.5009808],[27.521228,37.5009817],[27.5212326,37.5009527],[27.5212266,37.5009238],[27.5212106,37.5008974],[27.5211909,37.5008791],[27.5211776,37.5008731],[27.5211664,37.5008649],[27.5211529,37.5008465],[27.5211493,37.5008253],[27.5211559,37.5008046],[27.5211717,37.5007873],[27.5211829,37.5007682],[27.5211892,37.5007478],[27.5211905,37.5007269],[27.521159,37.5006612],[27.5211775,37.5004626],[27.5211999,37.5003811],[27.5212216,37.5003642],[27.5212374,37.5003436],[27.5212475,37.5003157],[27.5212468,37.5002867],[27.5212372,37.5002534],[27.5212184,37.5002226],[27.5211915,37.500196],[27.5211571,37.5001731],[27.5211177,37.5001561],[27.5210748,37.5001457],[27.5210247,37.5001398],[27.5209739,37.5001402],[27.5209239,37.500147],[27.5208991,37.5001642],[27.5208683,37.5001736],[27.5208399,37.5001746],[27.5208124,37.500169],[27.5207882,37.5001571],[27.5207204,37.5000773],[27.5206155,37.5000912],[27.5206183,37.5000729],[27.5206115,37.5000553],[27.5205991,37.5000432],[27.5205823,37.5000353],[27.5205564,37.5000285],[27.5205293,37.5000263],[27.5205022,37.5000287],[27.5204688,37.5000386],[27.5204403,37.5000554],[27.5204187,37.5000779],[27.520398,37.5001118],[27.5203875,37.5001487]]],[[[27.4556735,37.5316604],[27.4557459,37.5315796],[27.4558406,37.5315909],[27.4559357,37.5315992],[27.4560571,37.5316056],[27.4561788,37.5316072],[27.4563005,37.531604],[27.4564271,37.531596],[27.456553,37.531583],[27.456678,37.5315652],[27.4568753,37.5315292],[27.4570696,37.5314839],[27.4574786,37.5313855],[27.457708,37.5313373],[27.457936,37.531285],[27.4581935,37.5312206],[27.4584489,37.531151],[27.4590149,37.5309968],[27.4590802,37.5309848],[27.4591463,37.530976],[27.459243,37.5309693],[27.4592915,37.530971],[27.4593401,37.5309697],[27.4594116,37.5309622],[27.4594816,37.5309484],[27.4596187,37.5309171],[27.4597538,37.5308809],[27.4597865,37.530863],[27.4598151,37.5308411],[27.459839,37.530816],[27.4598557,37.5307913],[27.4598678,37.5307649],[27.4598698,37.5307554],[27.4598685,37.5307458],[27.4598593,37.5307315],[27.459843,37.5307219],[27.4598158,37.5307263],[27.459788,37.5307272],[27.4597496,37.5307222],[27.4597136,37.5307104],[27.4595597,37.5306429],[27.459603,37.5305777],[27.459614,37.5305918],[27.4596304,37.5306021],[27.4596502,37.5306075],[27.459677,37.5306062],[27.4597005,37.5305961],[27.4597114,37.5305873],[27.4597196,37.5305769],[27.4597251,37.5305629],[27.4597253,37.5305482],[27.4597186,37.5304397],[27.4597249,37.5304261],[27.4597357,37.5304142],[27.4597501,37.5304052],[27.4597691,37.5303992],[27.4597894,37.530398],[27.4597804,37.5304415],[27.4597796,37.5304855],[27.4597855,37.530523],[27.45979,37.5305416],[27.4597974,37.5305597],[27.4598114,37.5305821],[27.4598297,37.5306024],[27.4598521,37.53062],[27.4599355,37.5306798],[27.4600569,37.5307516],[27.4600384,37.5307878],[27.4600258,37.5308256],[27.4600194,37.5308644],[27.4600201,37.5309138],[27.4600308,37.5309625],[27.4600336,37.5310094],[27.4600292,37.5310562],[27.4600177,37.5311023],[27.4600552,37.5311975],[27.4600796,37.5312795],[27.4600971,37.5313626],[27.4601076,37.5314465],[27.4601112,37.5315307],[27.4601449,37.5315411],[27.460175,37.5315568],[27.4602004,37.5315772],[27.4602196,37.5316009],[27.4602322,37.5316273],[27.4602378,37.5316551],[27.460236,37.5316833],[27.4602241,37.5317197],[27.4602054,37.5317542],[27.4601803,37.5317861],[27.4601495,37.5318146],[27.4601026,37.5318452],[27.4600492,37.531868],[27.4599912,37.5318822],[27.4597914,37.5320582],[27.4597483,37.5321065],[27.459713,37.5321587],[27.4596861,37.532214],[27.459666,37.5322802],[27.4596579,37.532348],[27.4597042,37.532449],[27.4597232,37.5324918],[27.4597356,37.5325361],[27.4597411,37.5325813],[27.4597397,37.5326266],[27.459733,37.5326653],[27.4597212,37.5327032],[27.4596923,37.5327778],[27.4596532,37.5328494],[27.4596044,37.5329175],[27.459546,37.5329807],[27.4594789,37.5330382],[27.4594102,37.5330853],[27.4593357,37.5331264],[27.4592561,37.533161],[27.4591723,37.5331888],[27.4589923,37.5332509],[27.4588947,37.5332849],[27.4587932,37.533311],[27.458689,37.5333291],[27.4586159,37.5333367],[27.4585423,37.5333403],[27.458395,37.533343],[27.4582478,37.533337],[27.4581318,37.5333262],[27.4580167,37.5333101],[27.4579031,37.5332886],[27.4577411,37.533353],[27.4575826,37.5334226],[27.4575244,37.5334499],[27.4574619,37.5334705],[27.4573963,37.5334838],[27.4573291,37.5334896],[27.4572769,37.533489],[27.457225,37.5334838],[27.4571742,37.5334742],[27.456916,37.5333408],[27.4567339,37.5332427],[27.4565486,37.5331483],[27.4563585,37.5330568],[27.4561657,37.5329691],[27.4559055,37.5328585],[27.4558723,37.5328377],[27.455844,37.5328129],[27.4558213,37.5327846],[27.4558049,37.5327537],[27.4557954,37.532721],[27.4557929,37.5326876],[27.4557975,37.5326542],[27.4558274,37.5326367],[27.455856,37.5326271],[27.4558864,37.5326226],[27.4558866,37.532613],[27.4558837,37.5326037],[27.4558749,37.5325924],[27.4558616,37.5325843],[27.4558137,37.5325857],[27.4558599,37.5324216],[27.4558755,37.5323837],[27.4559012,37.5323493],[27.4559216,37.5323306],[27.4559363,37.5323088],[27.4559448,37.532285],[27.4559466,37.5322666],[27.4559448,37.5322483],[27.4560081,37.5322185],[27.4561,37.5321802],[27.4560816,37.5321604],[27.4560677,37.5321384],[27.4560587,37.5321148],[27.4560548,37.5320864],[27.456058,37.5320579],[27.4560681,37.5320305],[27.4560876,37.5319952],[27.4561134,37.5319625],[27.4560879,37.5319211],[27.4560561,37.5318827],[27.4560206,37.5318497],[27.4559805,37.5318203],[27.4559362,37.5317949],[27.4558884,37.5317739],[27.4557785,37.5317201],[27.4556735,37.5316604]]]]}},{"type":"Feature","properties":{"id":"koycegiz-set","name":"Köyceğiz Gölü","source":"OpenStreetMap","source_url":"https://www.openstreetmap.org/copyright"},"geometry":{"type":"Polygon","coordinates":[[[28.5869176,36.8896219],[28.5869179,36.8895717],[28.586926,36.889522],[28.5869407,36.8894765],[28.5869619,36.8894327],[28.5870074,36.8893463],[28.5870621,36.8892635],[28.5871134,36.8891988],[28.5871704,36.8891372],[28.5872868,36.8890157],[28.587358,36.8889474],[28.587423,36.8888754],[28.5874817,36.8887999],[28.5875335,36.8887212],[28.587569,36.8886583],[28.5876002,36.8885939],[28.5876697,36.8884676],[28.5878038,36.8882396],[28.5878076,36.8881019],[28.5878052,36.8879642],[28.5877964,36.8878267],[28.5877895,36.8877563],[28.5877717,36.8876871],[28.5877434,36.8876202],[28.5877078,36.8875606],[28.5876637,36.8875046],[28.5876119,36.8874531],[28.587553,36.8874067],[28.5876797,36.8872142],[28.5876463,36.8871514],[28.5876066,36.8870909],[28.5875773,36.8870525],[28.5875586,36.8870102],[28.5875513,36.8869656],[28.5875557,36.8869208],[28.587564,36.8868943],[28.5875764,36.8868689],[28.5875864,36.886815],[28.5875852,36.8867605],[28.5875775,36.886722],[28.5875642,36.8866844],[28.5875456,36.8866484],[28.5875738,36.8866145],[28.5875967,36.8865783],[28.587614,36.88654],[28.5876231,36.8865107],[28.5876263,36.8864806],[28.5876234,36.8864505],[28.5876143,36.8864205],[28.5875992,36.886392],[28.5877454,36.8862376],[28.5879372,36.8863228],[28.5880015,36.8863389],[28.588068,36.8863476],[28.5881354,36.8863486],[28.5881992,36.8863424],[28.5882614,36.8863293],[28.5882856,36.8863232],[28.5883071,36.8863125],[28.5883247,36.8862978],[28.5883372,36.8862802],[28.5883435,36.8862622],[28.5883446,36.8862435],[28.5882758,36.8861265],[28.5882706,36.886093],[28.5882594,36.8860604],[28.5882423,36.8860295],[28.5882136,36.8859944],[28.5881774,36.885964],[28.588135,36.8859394],[28.5880875,36.8858994],[28.5880478,36.8858544],[28.5880165,36.8858052],[28.5879945,36.885753],[28.5879826,36.8857017],[28.5879796,36.8856496],[28.5879855,36.8855977],[28.588188,36.8855269],[28.5883452,36.8854462],[28.5884976,36.8853596],[28.5886446,36.8852674],[28.5887861,36.8851697],[28.5888954,36.8850876],[28.5889986,36.8850007],[28.5890955,36.8849093],[28.5891857,36.8848135],[28.5892689,36.8847138],[28.5893565,36.8845936],[28.5894339,36.884469],[28.5895009,36.8843405],[28.5895342,36.8841663],[28.5895776,36.8839935],[28.589631,36.8838224],[28.5896769,36.8836973],[28.5897138,36.8835703],[28.5897415,36.8834418],[28.58976,36.8833122],[28.5897692,36.883182],[28.5897697,36.8830746],[28.5897639,36.8829672],[28.5897517,36.8828602],[28.5897747,36.882781],[28.5898063,36.8827038],[28.5898463,36.8826291],[28.5898943,36.8825574],[28.5899501,36.8824895],[28.5900132,36.8824258],[28.5900833,36.8823666],[28.5901596,36.8823127],[28.5902415,36.8822643],[28.5903285,36.882222],[28.5904198,36.882186],[28.5905148,36.8821565],[28.5904669,36.8820975],[28.5904263,36.8820351],[28.5903934,36.8819698],[28.5903686,36.8819023],[28.590353,36.8818383],[28.5903456,36.8817733],[28.5903464,36.881708],[28.5903554,36.8816432],[28.5903727,36.8815794],[28.5903953,36.8815227],[28.5904245,36.8814678],[28.5904869,36.8813597],[28.5905597,36.8812558],[28.5906422,36.8811568],[28.5906903,36.8811059],[28.5907444,36.8810589],[28.590804,36.8810165],[28.5908685,36.8809789],[28.5909373,36.8809465],[28.5910202,36.8809163],[28.5911068,36.8808937],[28.5911961,36.8808789],[28.5917473,36.8809025],[28.5919552,36.8808146],[28.5920403,36.8807855],[28.5921288,36.8807636],[28.5922196,36.8807493],[28.5923118,36.8807427],[28.5924044,36.8807438],[28.5924896,36.8807517],[28.5925734,36.8807661],[28.5927408,36.8807949],[28.5929064,36.88083],[28.5930696,36.8808714],[28.5932449,36.8809237],[28.5934165,36.8809833],[28.593584,36.88105],[28.5937469,36.8811235],[28.5938617,36.8811492],[28.5939788,36.8811675],[28.5940973,36.8811786],[28.5942164,36.8811821],[28.5943356,36.8811782],[28.5944216,36.8811707],[28.5945059,36.8811549],[28.5945871,36.8811311],[28.5946641,36.8810995],[28.5947358,36.8810607],[28.594801,36.8810152],[28.5948589,36.8809636],[28.5949085,36.8809068],[28.5950228,36.8808029],[28.5951435,36.8807038],[28.5952704,36.8806097],[28.5953652,36.8805453],[28.5954629,36.8804837],[28.5956629,36.8803654],[28.59587,36.8802551],[28.5960835,36.880153],[28.596303,36.8800594],[28.5964732,36.8799942],[28.5966463,36.8799341],[28.596822,36.8798791],[28.5970366,36.8798588],[28.5970764,36.8798555],[28.5971139,36.8798441],[28.5971465,36.8798255],[28.5971721,36.8798008],[28.5971889,36.8797715],[28.5971958,36.8797397],[28.5971922,36.8797075],[28.5970594,36.8794736],[28.5970297,36.8794196],[28.5970105,36.8793627],[28.5970023,36.8793041],[28.5970052,36.8792451],[28.5970192,36.8791872],[28.5970447,36.8791302],[28.5970809,36.879077],[28.5971504,36.8789698],[28.5972273,36.8788659],[28.5973115,36.8787656],[28.5974017,36.8786703],[28.5974985,36.8785793],[28.5976015,36.8784927],[28.5977104,36.8784108],[28.5978248,36.878334],[28.5979445,36.8782625],[28.5980378,36.8781796],[28.5981223,36.8780909],[28.5981974,36.877997],[28.5982625,36.8778984],[28.5983174,36.8777958],[28.5983507,36.8777187],[28.598395,36.8776452],[28.5984497,36.8775762],[28.5985139,36.8775128],[28.5985869,36.8774558],[28.5986536,36.8774137],[28.5987251,36.877377],[28.5988006,36.877346],[28.5990094,36.8772305],[28.5992132,36.8771093],[28.5993055,36.8770514],[28.5993925,36.8769885],[28.5994736,36.8769208],[28.5995485,36.8768486],[28.5996169,36.8767724],[28.5996851,36.8766828],[28.5997442,36.8765892],[28.5997939,36.876492],[28.5998337,36.8763921],[28.6000447,36.8760097],[28.6002613,36.8756031],[28.6004712,36.8751943],[28.6005741,36.8751745],[28.6006748,36.8751482],[28.6007724,36.8751154],[28.6008664,36.8750764],[28.6009562,36.8750314],[28.6010411,36.8749808],[28.6011265,36.8749205],[28.6012049,36.8748544],[28.6012759,36.8747832],[28.6013389,36.8747073],[28.6014385,36.8746075],[28.6015446,36.874512],[28.6016568,36.8744211],[28.6017748,36.8743351],[28.6018983,36.8742541],[28.6020268,36.8741784],[28.6021711,36.8741028],[28.6023204,36.8740338],[28.6024744,36.8739717],[28.6029267,36.8737718],[28.6031156,36.8736908],[28.6032991,36.8736021],[28.6034765,36.8735059],[28.6036474,36.8734025],[28.6038113,36.8732921],[28.6039679,36.873175],[28.6041166,36.8730515],[28.6042571,36.8729221],[28.6043903,36.8727855],[28.6045144,36.8726436],[28.604629,36.8724967],[28.6047337,36.8723451],[28.6048284,36.8721893],[28.6048645,36.872118],[28.604911,36.8720506],[28.6049672,36.8719882],[28.6050324,36.8719316],[28.6051056,36.8718816],[28.6051858,36.8718391],[28.6052718,36.8718045],[28.6053623,36.8717785],[28.6054561,36.8717613],[28.6055348,36.8717539],[28.6056141,36.8717529],[28.6057712,36.8717368],[28.6059268,36.8717131],[28.6060803,36.8716818],[28.6062311,36.8716431],[28.6063787,36.8715971],[28.6064795,36.8715608],[28.6065783,36.871521],[28.6067809,36.8714502],[28.6069863,36.8713847],[28.6071523,36.8713362],[28.6073213,36.8712947],[28.6074928,36.8712605],[28.6076664,36.8712337],[28.6078415,36.8712142],[28.6079046,36.871209],[28.6079662,36.8711971],[28.6080253,36.8711785],[28.6080806,36.8711536],[28.6081312,36.871123],[28.6081816,36.8710821],[28.6082235,36.8710354],[28.6082559,36.8709841],[28.6082781,36.8709295],[28.6082895,36.8708727],[28.6083676,36.8707565],[28.6084513,36.8706428],[28.6085406,36.8705318],[28.608656,36.8704011],[28.608779,36.870275],[28.6089094,36.8701537],[28.6090468,36.8700375],[28.609191,36.8699266],[28.6097764,36.8694823],[28.6103672,36.8690426],[28.6104642,36.8689777],[28.6105667,36.8689184],[28.6106743,36.8688652],[28.6107864,36.8688183],[28.6109023,36.868778],[28.6110216,36.8687443],[28.6111497,36.8687165],[28.61128,36.8686964],[28.6114119,36.8686842],[28.6115445,36.8686799],[28.6116771,36.8686836],[28.611809,36.8686953],[28.6119395,36.8687148],[28.6120677,36.8687422],[28.6121827,36.8687744],[28.6122946,36.8688131],[28.6124025,36.8688583],[28.6125061,36.8689097],[28.6126048,36.8689669],[28.612698,36.8690297],[28.6127865,36.8692497],[28.6126886,36.8696134],[28.6126934,36.8696334],[28.6127039,36.8696521],[28.6127196,36.8696682],[28.6127396,36.869681],[28.6127703,36.8696914],[28.6128036,36.8696938],[28.6128362,36.8696881],[28.612865,36.8696747],[28.6128874,36.8696548],[28.6129012,36.8696305],[28.6130279,36.8694084],[28.6131518,36.8693764],[28.6132727,36.8693377],[28.61339,36.8692926],[28.6135158,36.8692351],[28.6136358,36.8691702],[28.6137494,36.8690983],[28.6138559,36.8690197],[28.6139548,36.868935],[28.6140454,36.8688446],[28.6141273,36.8687491],[28.6142001,36.8686488],[28.6139935,36.8681478],[28.6140019,36.8680828],[28.6140215,36.8680194],[28.614052,36.8679587],[28.6140928,36.8679021],[28.6141353,36.8678575],[28.6141842,36.8678174],[28.6142387,36.8677822],[28.6142981,36.8677525],[28.6143615,36.8677287],[28.614428,36.8677111],[28.6145431,36.8676543],[28.6146639,36.8676056],[28.6147895,36.8675655],[28.6149189,36.8675341],[28.6150346,36.867514],[28.6151519,36.867501],[28.6152701,36.8674951],[28.6153885,36.8674963],[28.6155064,36.8675047],[28.6156233,36.8675202],[28.6157383,36.8675427],[28.6160495,36.8675848],[28.6163619,36.8676207],[28.6166753,36.8676503],[28.6169896,36.8676736],[28.6173237,36.8676913],[28.6176583,36.8677018],[28.6179931,36.8677052],[28.6181048,36.8677089],[28.6182165,36.8677077],[28.618328,36.8677015],[28.6184608,36.8676875],[28.6185922,36.8676666],[28.6187216,36.8676388],[28.6188484,36.8676041],[28.618972,36.8675629],[28.619092,36.8675151],[28.6192077,36.8674611],[28.6193681,36.8673773],[28.6195219,36.8672858],[28.6196686,36.8671872],[28.6198076,36.8670817],[28.6199385,36.8669698],[28.6200607,36.8668517],[28.6203117,36.8666238],[28.6205549,36.8663905],[28.6207902,36.8661522],[28.6210249,36.8659005],[28.6212508,36.8656438],[28.6214677,36.8653821],[28.6216754,36.8651157],[28.6219046,36.8649369],[28.6221408,36.8647638],[28.6223835,36.8645967],[28.6226325,36.8644357],[28.6228877,36.8642809],[28.6231629,36.8641249],[28.6234442,36.8639761],[28.6237315,36.8638348],[28.6240244,36.863701],[28.6243226,36.863575],[28.6246258,36.8634569],[28.6247348,36.8634102],[28.624848,36.8633704],[28.6249646,36.8633374],[28.625084,36.8633117],[28.6252055,36.8632933],[28.6253283,36.8632823],[28.6254519,36.8632788],[28.6255865,36.8632835],[28.6257201,36.8632971],[28.6258519,36.8633195],[28.6259809,36.8633505],[28.6261062,36.86339],[28.6262271,36.8634376],[28.6264143,36.8635043],[28.6266051,36.8635642],[28.6267991,36.8636169],[28.626996,36.8636624],[28.6271953,36.8637007],[28.6273965,36.8637316],[28.6275972,36.8637543],[28.627799,36.8637691],[28.6280015,36.8637759],[28.6282041,36.8637749],[28.6284065,36.8637659],[28.6286081,36.8637491],[28.6288084,36.8637243],[28.6288758,36.8639247],[28.62914,36.8638786],[28.629277,36.8638532],[28.6294111,36.8638193],[28.6295414,36.8637771],[28.6296671,36.8637266],[28.6297875,36.8636684],[28.6299017,36.8636028],[28.6299924,36.8635422],[28.6300779,36.8634769],[28.6301577,36.8634073],[28.6302316,36.8633335],[28.6303265,36.8632824],[28.630426,36.8632373],[28.6305296,36.8631984],[28.6306366,36.8631661],[28.630736,36.8631426],[28.6308372,36.8631247],[28.6309397,36.8631125],[28.631043,36.863106],[28.6315097,36.8625792],[28.631652,36.8624597],[28.6317997,36.8623445],[28.6319526,36.8622337],[28.6321105,36.8621275],[28.6322089,36.8620651],[28.6322995,36.8619957],[28.6323815,36.8619197],[28.6324542,36.8618378],[28.6325169,36.8617508],[28.6325503,36.8616949],[28.6325797,36.8616375],[28.632633,36.8615211],[28.6326767,36.8614022],[28.6327104,36.8612812],[28.632734,36.8611587],[28.6327475,36.8610351],[28.6327507,36.860964],[28.6327504,36.8608928],[28.6327442,36.8607506],[28.6327288,36.8606088],[28.6327045,36.8604678],[28.6326711,36.860328],[28.6326337,36.8602043],[28.6325892,36.860082],[28.6325168,36.859834],[28.6324538,36.8595844],[28.632418,36.859421],[28.6323925,36.8592564],[28.6323774,36.8590909],[28.6323728,36.8589251],[28.6323787,36.8587593],[28.6323864,36.8586684],[28.6323853,36.8585774],[28.6323753,36.8584867],[28.6323565,36.8583969],[28.6323291,36.8583086],[28.632296,36.8582283],[28.6322721,36.858146],[28.6322575,36.8580622],[28.6322523,36.8579778],[28.6322567,36.8578933],[28.6322653,36.8578351],[28.6322783,36.8577774],[28.6322883,36.8576604],[28.6322864,36.8575432],[28.6322728,36.8574265],[28.6322546,36.8573385],[28.6322297,36.8572515],[28.6321981,36.857166],[28.6321601,36.8570821],[28.6321883,36.8569955],[28.6322073,36.8569074],[28.632217,36.8568183],[28.6322174,36.8567289],[28.6322085,36.8566397],[28.6321903,36.8565515],[28.6321597,36.856456],[28.6321182,36.8563632],[28.6320381,36.8561769],[28.6320101,36.8561164],[28.6319744,36.8560585],[28.6319313,36.8560039],[28.6318812,36.8559533],[28.6318249,36.8559071],[28.6317747,36.8558732],[28.6317315,36.8558337],[28.6316961,36.8557894],[28.6316693,36.8557415],[28.6316518,36.8556909],[28.6316438,36.8556388],[28.6316461,36.8555831],[28.6316594,36.8555283],[28.6316834,36.855476],[28.6317176,36.8554274],[28.6317582,36.8553862],[28.631806,36.8553503],[28.6318601,36.8553205],[28.6319191,36.8552976],[28.6319818,36.855282],[28.6320443,36.855164],[28.6321165,36.8550497],[28.6321605,36.8549883],[28.6321983,36.8549244],[28.6322298,36.8548584],[28.6322547,36.8547905],[28.6322726,36.8547229],[28.6322839,36.8546543],[28.6323016,36.8545169],[28.6323057,36.8544552],[28.6323022,36.8543934],[28.6322909,36.8543323],[28.6322712,36.8542702],[28.6322436,36.8542101],[28.6322084,36.8541526],[28.632365,36.853594],[28.632873,36.8534616],[28.6334134,36.8534532],[28.6336836,36.8532903],[28.6337248,36.8532865],[28.6337661,36.8532884],[28.6338065,36.853296],[28.6338446,36.8533091],[28.633884,36.8533303],[28.6339174,36.8533574],[28.6339435,36.8533892],[28.6339612,36.8534245],[28.6339874,36.8534838],[28.6340095,36.8535441],[28.6339585,36.8537705],[28.6339571,36.8537889],[28.6339646,36.8538062],[28.63398,36.8538199],[28.6340015,36.8538278],[28.6340252,36.8538282],[28.6340471,36.853821],[28.6341986,36.8536584],[28.6342484,36.8536439],[28.6343005,36.8536363],[28.6343535,36.8536359],[28.6344031,36.853642],[28.6344508,36.8536544],[28.6344955,36.8536727],[28.6345359,36.8536965],[28.6346022,36.8537397],[28.6346651,36.8537861],[28.6347243,36.8538355],[28.6347185,36.8538774],[28.6347222,36.8539194],[28.6347352,36.8539603],[28.6347572,36.8539986],[28.6347831,36.854029],[28.6348147,36.8540559],[28.6348511,36.8540784],[28.6348915,36.8540961],[28.6349349,36.8541086],[28.6351964,36.8541445],[28.6352378,36.8541662],[28.6352721,36.8541948],[28.6352976,36.8542287],[28.6353131,36.8542663],[28.6353177,36.8543042],[28.6353121,36.8543421],[28.6352965,36.8543781],[28.6352716,36.8544105],[28.6352386,36.854438],[28.6351259,36.8544554],[28.6350147,36.8544783],[28.6349,36.854508],[28.6347878,36.8545434],[28.6346787,36.8545845],[28.6344601,36.8545593],[28.6344293,36.8545591],[28.6343993,36.8545649],[28.634372,36.8545763],[28.6343489,36.8545926],[28.6343314,36.8546129],[28.6343199,36.8546381],[28.634317,36.8546648],[28.634323,36.8546912],[28.6343374,36.8547154],[28.6344011,36.8548243],[28.6343594,36.8548903],[28.634312,36.8549537],[28.634259,36.8550143],[28.6341837,36.8550868],[28.6341005,36.8551536],[28.63401,36.855214],[28.633913,36.8552675],[28.6339147,36.8553104],[28.6339082,36.855353],[28.6338936,36.8553943],[28.6338714,36.8554333],[28.6338419,36.8554692],[28.6338058,36.8555012],[28.6337641,36.8555283],[28.6338063,36.855627],[28.6337725,36.8556555],[28.6337473,36.8556892],[28.6337356,36.8557148],[28.6337288,36.8557415],[28.6337272,36.8557686],[28.6337276,36.855839],[28.6337346,36.8559092],[28.6337518,36.8559788],[28.6337789,36.8560463],[28.6338155,36.8561109],[28.6338613,36.8561716],[28.6338642,36.856243],[28.6338745,36.856314],[28.6338921,36.8563841],[28.633917,36.8564527],[28.6339499,36.8565213],[28.63399,36.8565875],[28.634037,36.8566506],[28.6340906,36.8567103],[28.6342438,36.8568886],[28.6343897,36.8570708],[28.6344064,36.8571187],[28.6344142,36.8571681],[28.6344132,36.8572178],[28.634403,36.8572679],[28.6343837,36.8573162],[28.6343559,36.8573617],[28.63432,36.8574035],[28.6343113,36.8576047],[28.6343021,36.8577202],[28.6342994,36.857836],[28.6343032,36.8579518],[28.6343145,36.8580762],[28.6343333,36.8582001],[28.6343595,36.8583231],[28.6343588,36.8584533],[28.6343669,36.8585833],[28.6343822,36.8587036],[28.634405,36.8588231],[28.6344353,36.8589415],[28.6344729,36.8590586],[28.6345673,36.8591021],[28.6346561,36.8591525],[28.6347387,36.8592094],[28.6348142,36.8592722],[28.6348743,36.859332],[28.6349281,36.8593957],[28.6349751,36.8594627],[28.635015,36.8595325],[28.6350475,36.8596048],[28.634491,36.8600222],[28.6344616,36.8600838],[28.6344413,36.8601478],[28.63443,36.8602178],[28.6344294,36.8602885],[28.6344398,36.8603586],[28.6344608,36.8604273],[28.6344923,36.8604933],[28.6345418,36.860578],[28.6346,36.8606591],[28.6346665,36.860736],[28.6347407,36.8608082],[28.6348222,36.8608753],[28.6354579,36.861268],[28.6354946,36.8613584],[28.635538,36.8614468],[28.635588,36.8615331],[28.6356443,36.8616167],[28.635719,36.861712],[28.635802,36.8618028],[28.6358928,36.8618887],[28.6359911,36.8619691],[28.6360963,36.8620438],[28.6362083,36.8620983],[28.6363151,36.8621592],[28.636416,36.8622262],[28.6365105,36.862299],[28.6365981,36.8623771],[28.6366783,36.8624601],[28.6367591,36.8625587],[28.6368295,36.8626624],[28.636889,36.8627703],[28.6369371,36.8628818],[28.6369151,36.8629595],[28.6369047,36.8630387],[28.636906,36.8631183],[28.6369191,36.8631973],[28.6369438,36.8632745],[28.6369776,36.8633449],[28.6370209,36.8634118],[28.6370734,36.8634745],[28.6371343,36.863532],[28.637379,36.8637237],[28.6376317,36.8639086],[28.637892,36.8640867],[28.6381297,36.8642392],[28.6383729,36.8643858],[28.6386216,36.8645266],[28.6392218,36.8648583],[28.6398286,36.8651822],[28.6406547,36.8658861],[28.6407828,36.8658934],[28.6409098,36.8659086],[28.6410349,36.8659315],[28.6411576,36.865962],[28.641277,36.8659998],[28.6413873,36.8660426],[28.6414934,36.8660918],[28.6415948,36.866147],[28.6416909,36.866208],[28.6417812,36.8662745],[28.6419978,36.8664245],[28.6422222,36.8665672],[28.6424538,36.8667022],[28.6426923,36.8668293],[28.6428166,36.8668863],[28.6429372,36.8669483],[28.6430861,36.8670349],[28.6432275,36.8671291],[28.643361,36.8672304],[28.643486,36.8673385],[28.6436019,36.8674529],[28.6437083,36.8675731],[28.6438046,36.8676985],[28.6438906,36.8678287],[28.6439658,36.8679631],[28.6440298,36.8681011],[28.6440825,36.8682422],[28.6441065,36.8683025],[28.6441384,36.8683603],[28.6441781,36.868415],[28.6442249,36.868466],[28.6442783,36.8685126],[28.6443457,36.8685591],[28.6444197,36.8685988],[28.6444992,36.8686309],[28.644583,36.868655],[28.6446699,36.8686707],[28.6447585,36.8686778],[28.6460804,36.8686829],[28.6460846,36.86876],[28.6461001,36.8688362],[28.6462313,36.868879],[28.646358,36.8689297],[28.6464795,36.868988],[28.6465662,36.8690361],[28.6466494,36.8690882],[28.6467286,36.8691439],[28.6467433,36.8692082],[28.6467491,36.8692734],[28.646746,36.8693387],[28.646734,36.869403],[28.6467132,36.8694659],[28.646684,36.8695266],[28.6466467,36.8695844],[28.6465363,36.8697653],[28.646497,36.8698248],[28.6464627,36.8698861],[28.6464335,36.8699492],[28.646405,36.8700281],[28.6463844,36.8701085],[28.646372,36.8701901],[28.6463678,36.8702721],[28.6463687,36.8703865],[28.6463775,36.8705007],[28.6463942,36.8706143],[28.646404,36.870671],[28.6464187,36.870727],[28.6464449,36.8707981],[28.646479,36.870867],[28.6465206,36.8709332],[28.6465695,36.8709961],[28.6466253,36.8710553],[28.6463839,36.87136],[28.6463837,36.871375],[28.6463918,36.8713884],[28.6464067,36.8713976],[28.6464234,36.8714004],[28.6464402,36.8713976],[28.6465496,36.8713831],[28.6466046,36.8713765],[28.6466601,36.8713761],[28.6467234,36.8713834],[28.6467844,36.8713989],[28.6468414,36.871422],[28.6468929,36.8714523],[28.6469376,36.8714888],[28.6469744,36.8715307],[28.6470021,36.8715767],[28.6470581,36.8716819],[28.6471056,36.8717897],[28.6471443,36.8718997],[28.6471768,36.8720201],[28.6471995,36.872142],[28.6472125,36.8722648],[28.6472155,36.8723881],[28.6472087,36.8725112],[28.647194,36.8728399],[28.6471845,36.8731688],[28.6469056,36.8734424],[28.6468778,36.8734712],[28.6468562,36.8735032],[28.6468411,36.8735375],[28.6468332,36.8735733],[28.6468325,36.8736109],[28.6468396,36.873648],[28.6468543,36.8736838],[28.6468761,36.8737171],[28.647088,36.8740003],[28.6470661,36.8741243],[28.6470531,36.8742492],[28.6470492,36.8743853],[28.6470559,36.8745214],[28.6470671,36.8745889],[28.6470732,36.8746568],[28.6470728,36.8747555],[28.6470614,36.8748538],[28.6470393,36.8749509],[28.6470064,36.8750461],[28.6469632,36.8751385],[28.6469459,36.8751885],[28.646937,36.8752399],[28.6469368,36.8752918],[28.6469452,36.8753432],[28.6469622,36.8753933],[28.6469874,36.8754411],[28.6470209,36.8754865],[28.6470618,36.8755278],[28.6471094,36.8755643],[28.6471627,36.8755953],[28.6472207,36.8756202],[28.647355,36.8756666],[28.6474852,36.8757198],[28.647611,36.8757795],[28.6477317,36.8758455],[28.6478594,36.8759261],[28.6479797,36.8760137],[28.6480918,36.8761079],[28.6481953,36.8762083],[28.648245,36.8762599],[28.6482896,36.8763143],[28.6483377,36.8763857],[28.6483772,36.8764603],[28.6484078,36.8765376],[28.648429,36.8766169],[28.6484408,36.8766974],[28.6484431,36.8767784],[28.6484358,36.8768593],[28.6484187,36.8769382],[28.648392,36.8770154],[28.648356,36.8770902],[28.648311,36.8771617],[28.6482574,36.8772294],[28.6481235,36.8773063],[28.6479958,36.8773896],[28.6478746,36.877479],[28.6477605,36.8775741],[28.6476539,36.8776746],[28.6475615,36.877773],[28.6474763,36.8778754],[28.6473986,36.8779815],[28.6473285,36.878091],[28.6472663,36.8782035],[28.6471957,36.8783507],[28.6471353,36.8785008],[28.6470855,36.8786533],[28.6470463,36.8788078],[28.6470179,36.8789639],[28.6470004,36.8791209],[28.6469938,36.8792785],[28.6469937,36.8793573],[28.6469981,36.8794361],[28.6470118,36.8795474],[28.6470344,36.8796577],[28.6470656,36.8797667],[28.6471054,36.8798739],[28.6471537,36.8799789],[28.6472429,36.8800482],[28.6473242,36.8801235],[28.647397,36.8802042],[28.6474606,36.8802897],[28.6475147,36.8803793],[28.6475587,36.8804724],[28.6475931,36.8805709],[28.6476164,36.8806715],[28.6476282,36.8807734],[28.6476284,36.8808757],[28.6475712,36.8810353],[28.6475253,36.8811972],[28.6474906,36.8813608],[28.6474675,36.8815258],[28.6474559,36.8816906],[28.6474558,36.8818557],[28.6474671,36.8820206],[28.6474898,36.8821846],[28.647512,36.8822654],[28.6475238,36.8823475],[28.6475251,36.8824321],[28.6475155,36.8825163],[28.647495,36.8825993],[28.6474639,36.8826802],[28.6474225,36.882758],[28.6473713,36.882832],[28.6473107,36.8829014],[28.6472415,36.8829654],[28.6471644,36.8830233],[28.6465234,36.8838407],[28.6464502,36.8839816],[28.6463673,36.8841191],[28.6462747,36.8842525],[28.6461728,36.8843815],[28.646062,36.8845057],[28.6459464,36.8846211],[28.6458231,36.8847312],[28.6456923,36.8848358],[28.6455547,36.8849344],[28.6454104,36.8850269],[28.64526,36.8851129],[28.6450869,36.8852208],[28.6449199,36.8853349],[28.6447595,36.8854548],[28.644606,36.8855803],[28.6444597,36.8857112],[28.6443209,36.8858473],[28.6441898,36.8859882],[28.6440508,36.8861226],[28.6439034,36.8862512],[28.643748,36.8863736],[28.6435849,36.8864894],[28.6434146,36.8865985],[28.6432376,36.8867004],[28.6431754,36.8866635],[28.6431079,36.886633],[28.6430362,36.8866095],[28.6429614,36.8865931],[28.64288,36.886584],[28.6427979,36.8865835],[28.6427163,36.8865916],[28.6426368,36.8866082],[28.6425228,36.88664],[28.642413,36.8866804],[28.6423087,36.8867291],[28.6422107,36.8867856],[28.64212,36.8868494],[28.6420374,36.8869199],[28.6419636,36.8869965],[28.6418705,36.8871028],[28.6417846,36.8872129],[28.6417061,36.8873265],[28.6416351,36.8874432],[28.641572,36.8875628],[28.6416211,36.8876675],[28.6416612,36.8877746],[28.6416924,36.8878836],[28.6417143,36.887994],[28.6417269,36.8881053],[28.6417302,36.8882171],[28.6417238,36.8883327],[28.6417074,36.8884476],[28.641681,36.8885613],[28.6416449,36.8886733],[28.6415992,36.888783],[28.6415441,36.88889],[28.6414798,36.8889936],[28.6414068,36.8890934],[28.6413252,36.8891889],[28.6412305,36.8893144],[28.6411458,36.8894444],[28.6410715,36.8895784],[28.6410078,36.8897159],[28.6409549,36.8898562],[28.6409132,36.889999],[28.6409,36.8900715],[28.6408827,36.8901435],[28.640849,36.8902502],[28.6408064,36.8903547],[28.6407549,36.8904567],[28.6406948,36.8905556],[28.6406264,36.890651],[28.64055,36.8907424],[28.6404659,36.8908295],[28.6403746,36.8909117],[28.6402765,36.8909887],[28.6401817,36.890979],[28.6400861,36.8909774],[28.6399909,36.8909841],[28.6398971,36.8909988],[28.6398059,36.8910216],[28.6397182,36.8910521],[28.6396352,36.8910899],[28.6395577,36.8911346],[28.6394899,36.8911831],[28.6394286,36.8912369],[28.6393746,36.8912955],[28.6393284,36.8913581],[28.6392903,36.8914242],[28.639261,36.8914931],[28.6392406,36.891564],[28.6391981,36.8915788],[28.6391594,36.8915992],[28.6391258,36.8916248],[28.6390942,36.8916601],[28.6390722,36.8916998],[28.6390608,36.8917423],[28.6390604,36.8917857],[28.6390711,36.8918283],[28.6390923,36.8918682],[28.639169,36.8919993],[28.6392076,36.8920648],[28.6392546,36.8921267],[28.6393075,36.8921828],[28.6393672,36.8922343],[28.6394331,36.8922807],[28.6395045,36.8923216],[28.6395807,36.8923566],[28.6396609,36.8923852],[28.6397552,36.8924279],[28.6398434,36.8924783],[28.6399244,36.8925358],[28.6399975,36.8925997],[28.6400522,36.8926577],[28.6401003,36.8927192],[28.6401417,36.8927839],[28.6401759,36.8928511],[28.6402027,36.8929204],[28.6401943,36.892999],[28.6401946,36.8930778],[28.6402038,36.8931563],[28.6402218,36.8932339],[28.6402483,36.8933098],[28.6402894,36.8933947],[28.6403413,36.8934757],[28.6404034,36.8935521],[28.640475,36.8936228],[28.6405554,36.8936873],[28.6407669,36.8937978],[28.6407972,36.8939319],[28.6408388,36.894064],[28.6408917,36.8941936],[28.6409556,36.8943199],[28.6410302,36.8944424],[28.6411118,36.8945563],[28.6412026,36.8946656],[28.6413023,36.8947699],[28.6414104,36.8948686],[28.6415264,36.8949615],[28.6417136,36.8951174],[28.6418961,36.8952768],[28.6419885,36.8953558],[28.6420736,36.8954398],[28.6421591,36.8955388],[28.6422345,36.8956429],[28.6422993,36.8957515],[28.6423531,36.8958639],[28.6423954,36.8959793],[28.6424104,36.8960132],[28.642435,36.8960432],[28.6424677,36.8960678],[28.6425067,36.8960855],[28.6425504,36.8960954],[28.6425957,36.8960967],[28.6426401,36.8960893],[28.6426811,36.8960737],[28.6428286,36.89599],[28.6429784,36.8960297],[28.6431256,36.8960751],[28.6432698,36.8961263],[28.6434225,36.896188],[28.6435709,36.896256],[28.6437146,36.8963303],[28.6438532,36.8964105],[28.6438835,36.8964781],[28.643923,36.8965427],[28.6439712,36.8966033],[28.6440276,36.8966593],[28.644085,36.8967053],[28.6441479,36.8967465],[28.6442157,36.8967824],[28.6442877,36.8968127],[28.6445211,36.896914],[28.6447518,36.8970191],[28.644864,36.8970758],[28.6449797,36.897128],[28.6451042,36.8971774],[28.6452317,36.8972215],[28.645362,36.8972601],[28.6454947,36.8972931],[28.6455712,36.897631],[28.6456354,36.8976726],[28.645705,36.8977084],[28.6457791,36.8977379],[28.6458568,36.8977608],[28.6459371,36.8977767],[28.6460191,36.8977854],[28.6461061,36.8977868],[28.6461926,36.8977802],[28.6462777,36.8977657],[28.6463601,36.8977435],[28.6464388,36.8977138],[28.6465126,36.8976771],[28.6466217,36.8976305],[28.6467348,36.8975906],[28.6468515,36.8975579],[28.6469709,36.8975323],[28.6470925,36.8975141],[28.6472154,36.8975034],[28.6474259,36.8974922],[28.6476368,36.8974901],[28.6478476,36.897497],[28.6479528,36.8975035],[28.6480576,36.897513],[28.6482326,36.8975358],[28.6484056,36.8975671],[28.6485759,36.8976067],[28.6487429,36.8976546],[28.6488177,36.8977089],[28.6488981,36.8977579],[28.6489835,36.8978011],[28.6490732,36.8978383],[28.6491667,36.8978691],[28.6492649,36.8978937],[28.6493654,36.8979112],[28.6494675,36.8979217],[28.6495703,36.8979248],[28.6497097,36.8979245],[28.6498488,36.8979188],[28.649918,36.897912],[28.6499874,36.8979077],[28.6501175,36.897906],[28.6502474,36.8979126],[28.6503761,36.8979275],[28.650503,36.8979505],[28.6506271,36.8979817],[28.6506477,36.8980339],[28.6506761,36.8980837],[28.6507121,36.8981304],[28.650755,36.8981731],[28.6508042,36.8982112],[28.6508605,36.898245],[28.6509217,36.8982729],[28.6509869,36.8982942],[28.6510549,36.8983088],[28.6512133,36.8983526],[28.6513738,36.8983911],[28.6515361,36.8984245],[28.6517,36.8984525],[28.6519154,36.898481],[28.6521325,36.8985003],[28.6523505,36.8985104],[28.6524997,36.8984378],[28.6526542,36.8983726],[28.6528135,36.8983151],[28.6529768,36.8982655],[28.6531437,36.898224],[28.6533134,36.8981908],[28.6534938,36.898165],[28.6536759,36.8981485],[28.653859,36.8981415],[28.6540423,36.8981439],[28.654225,36.8981557],[28.6543148,36.898171],[28.6544064,36.8981769],[28.654489,36.898174],[28.6545705,36.8981633],[28.65465,36.8981452],[28.6547263,36.8981196],[28.6547983,36.8980872],[28.654865,36.8980482],[28.6549395,36.8979712],[28.6550222,36.8978997],[28.6551125,36.8978344],[28.6552097,36.8977758],[28.655316,36.8977228],[28.655428,36.8976778],[28.6555446,36.8976411],[28.6556648,36.8976131],[28.6557878,36.8975939],[28.6559124,36.8975838],[28.6560865,36.897578],[28.6562601,36.8975661],[28.6564329,36.8975479],[28.6566044,36.8975237],[28.6567984,36.8974887],[28.6569899,36.8974458],[28.6571784,36.8973952],[28.6572698,36.8973639],[28.6573635,36.8973371],[28.6574771,36.8973114],[28.6575927,36.8972923],[28.6577097,36.89728],[28.6578275,36.8972745],[28.6578866,36.897274],[28.6579455,36.897276],[28.6580489,36.8972859],[28.6581506,36.8973039],[28.6582495,36.8973298],[28.6583448,36.8973633],[28.6584356,36.8974041],[28.6585209,36.8974519],[28.6587556,36.8976138],[28.6588575,36.897739],[28.6589658,36.8976897],[28.6590784,36.897647],[28.6591946,36.8976111],[28.6593139,36.8975822],[28.6594356,36.8975606],[28.6595589,36.8975463],[28.6596903,36.8975391],[28.659822,36.8975403],[28.6599532,36.8975498],[28.660083,36.8975676],[28.6602107,36.8975934],[28.6606717,36.8976915],[28.6611304,36.8977964],[28.6615865,36.8979082],[28.6620399,36.8980267],[28.6620517,36.8980943],[28.6620745,36.8981601],[28.6621078,36.898223],[28.662151,36.8982818],[28.6622035,36.8983356],[28.6622645,36.8983836],[28.6623328,36.8984247],[28.6624072,36.8984584],[28.6624865,36.898484],[28.6625693,36.8985011],[28.6626542,36.8985093],[28.6628179,36.8985186],[28.662982,36.8985192],[28.6631458,36.898511],[28.6633086,36.8984941],[28.6634696,36.8984686],[28.6636873,36.8984281],[28.663903,36.8983809],[28.6641163,36.8983272],[28.6643269,36.898267],[28.6645344,36.8982005],[28.6646464,36.8980903],[28.6647652,36.8979847],[28.6648905,36.897884],[28.665022,36.8977886],[28.6651593,36.8976985],[28.665304,36.8976131],[28.6654539,36.8975338],[28.6656087,36.8974606],[28.6657679,36.8973939],[28.6659312,36.8973337],[28.6660981,36.8972803],[28.6663022,36.8972083],[28.6665026,36.89713],[28.6666991,36.8970456],[28.6668914,36.8969552],[28.6670792,36.8968589],[28.6671686,36.8968055],[28.6672622,36.8967569],[28.6673836,36.8967035],[28.6675101,36.8966583],[28.6676407,36.8966214],[28.6677747,36.8965931],[28.6679111,36.8965737],[28.668049,36.8965632],[28.6681876,36.8965617],[28.6683434,36.8965669],[28.6684986,36.8965794],[28.6686526,36.8965992],[28.6688048,36.8966261],[28.6689549,36.8966601],[28.6691022,36.8967011],[28.6695026,36.8968166],[28.6699005,36.8969375],[28.6700347,36.8969745],[28.6701665,36.8970166],[28.6702958,36.8970636],[28.6704596,36.8971321],[28.6706178,36.8972086],[28.6707697,36.8972928],[28.6709149,36.8973843],[28.6710527,36.8974828],[28.6711827,36.897588],[28.6713042,36.8976993],[28.6714169,36.8978165],[28.671595,36.8978058],[28.6717736,36.8978033],[28.671952,36.897809],[28.6721301,36.8978229],[28.6723069,36.8978449],[28.6724818,36.8978751],[28.6726543,36.8979132],[28.6728238,36.8979592],[28.672976,36.8980089],[28.6731243,36.8980656],[28.6732683,36.8981291],[28.6734074,36.8981991],[28.6735412,36.8982755],[28.6739218,36.8984982],[28.674112,36.8986096],[28.6742976,36.898726],[28.6744533,36.8988298],[28.6746054,36.8989371],[28.6746613,36.8989681],[28.6747111,36.8990052],[28.6747536,36.8990477],[28.67479,36.8990979],[28.6748164,36.899152],[28.6748321,36.8992087],[28.6748366,36.8992666],[28.67483,36.8993244],[28.6748313,36.8994004],[28.6748437,36.8994758],[28.6748671,36.8995495],[28.6749011,36.8996204],[28.6750409,36.8996273],[28.6751796,36.8996431],[28.6753163,36.8996678],[28.67545,36.8997012],[28.6755799,36.899743],[28.6757052,36.8997931],[28.6758251,36.899851],[28.6759383,36.8999161],[28.6760445,36.8999882],[28.6761433,36.9000668],[28.6762338,36.9001515],[28.6763157,36.9002417],[28.6763882,36.9003369],[28.6764511,36.9004364],[28.6765037,36.9005395],[28.6763428,36.9009106],[28.6764136,36.9010061],[28.6764776,36.9011046],[28.6765345,36.9012059],[28.6765842,36.9013095],[28.6766339,36.901436],[28.6766729,36.9015649],[28.6767009,36.9016956],[28.6766759,36.9017402],[28.6766601,36.9017874],[28.676654,36.901836],[28.6766578,36.9018847],[28.6766713,36.9019324],[28.6766942,36.9019777],[28.6767257,36.9020192],[28.676765,36.9020562],[28.6768113,36.9020876],[28.6768632,36.9021128],[28.6769195,36.902131],[28.6770239,36.9021588],[28.6771307,36.9021798],[28.6772393,36.9021938],[28.677349,36.9022007],[28.677459,36.9022005],[28.6775686,36.9021932],[28.6777439,36.9021741],[28.6779173,36.902146],[28.6780881,36.9021089],[28.6782555,36.9020631],[28.6783361,36.902034],[28.6784188,36.9020088],[28.6785267,36.9019826],[28.6786367,36.9019631],[28.6787482,36.9019504],[28.6788607,36.9019447],[28.6789734,36.9019459],[28.6790856,36.9019541],[28.6791967,36.9019691],[28.6794331,36.9020319],[28.6796714,36.9020898],[28.6799115,36.9021428],[28.6802403,36.9022068],[28.6805717,36.9022615],[28.6809053,36.9023069],[28.6812343,36.9023613],[28.6815608,36.902425],[28.6816701,36.902445],[28.681778,36.9024693],[28.6818843,36.9024978],[28.6820278,36.9025441],[28.6821671,36.9025981],[28.6823014,36.9026596],[28.682364,36.9026961],[28.6824301,36.9027284],[28.6825185,36.902763],[28.6826109,36.9027901],[28.6827064,36.9028094],[28.6828038,36.9028207],[28.6829022,36.9028238],[28.6833005,36.9030587],[28.6840045,36.903685],[28.6843832,36.9040307],[28.6847551,36.9043811],[28.6851203,36.9047359],[28.6852857,36.9049019],[28.6854984,36.9051153],[28.6858687,36.9054995],[28.6864521,36.906218],[28.686561,36.9062774],[28.6866634,36.9063439],[28.6867585,36.906417],[28.6868457,36.9064962],[28.6869243,36.9065809],[28.6869939,36.9066705],[28.6870475,36.9067535],[28.6870933,36.9068395],[28.687131,36.9069279],[28.6871605,36.9070183],[28.6871816,36.9071102],[28.6872157,36.9072063],[28.6872614,36.9072994],[28.6873183,36.9073884],[28.6873858,36.9074725],[28.6874632,36.907551],[28.6875499,36.907623],[28.687645,36.9076879],[28.6877476,36.907745],[28.6878477,36.9078115],[28.6879403,36.9078847],[28.6880246,36.907964],[28.6881,36.9080488],[28.688166,36.9081385],[28.6882953,36.9083281],[28.6884327,36.908514],[28.6885778,36.9086961],[28.6887306,36.9088742],[28.6888977,36.9090551],[28.6890726,36.9092312],[28.689197,36.9093476],[28.6892553,36.9094022],[28.6894454,36.909568],[28.6894845,36.9096495],[28.6895147,36.9097333],[28.6895357,36.909819],[28.6895473,36.9099058],[28.6895494,36.9099985],[28.6895408,36.910091],[28.6895216,36.9101825],[28.6894919,36.9102722],[28.6894521,36.9103593],[28.6892156,36.9103958],[28.6889814,36.9104405],[28.6887498,36.9104935],[28.6885214,36.9105545],[28.6883372,36.9106104],[28.6881556,36.9106715],[28.6880653,36.910703],[28.6879769,36.9107379],[28.6878613,36.9107899],[28.6877499,36.9108475],[28.6876433,36.9109106],[28.6875418,36.9109789],[28.6874952,36.9110167],[28.6874458,36.9110521],[28.6873663,36.9111006],[28.6872814,36.911143],[28.687192,36.9111788],[28.6870987,36.9112077],[28.6870024,36.9112295],[28.6869527,36.9112346],[28.686904,36.911244],[28.6868353,36.9112657],[28.6867719,36.9112962],[28.6867157,36.9113345],[28.6866681,36.9113797],[28.6866304,36.9114306],[28.6866351,36.9114759],[28.6866505,36.9115197],[28.686676,36.9115603],[28.6867078,36.9115938],[28.6867463,36.9116223],[28.6867906,36.911645],[28.6867988,36.9117163],[28.6868014,36.9117389],[28.6868334,36.9118123],[28.6868753,36.9118825],[28.6869268,36.9119485],[28.6869536,36.9119774],[28.6869864,36.9120019],[28.6870241,36.9120215],[28.6870656,36.9120354],[28.6871121,36.9120434],[28.6871596,36.9120443],[28.6887923,36.9119474],[28.6896291,36.9119024],[28.6897307,36.9118944],[28.6898328,36.911895],[28.6899342,36.9119041],[28.6900339,36.9119216],[28.6901307,36.9119474],[28.6901811,36.9119646],[28.6902301,36.9119839],[28.6903253,36.9120271],[28.6904155,36.9120766],[28.6905,36.9121321],[28.6905783,36.9121932],[28.6906497,36.9122595],[28.690715,36.9123319],[28.6907722,36.9124086],[28.6908207,36.9124891],[28.6908603,36.9125726],[28.6908905,36.9126585],[28.6909112,36.9127463],[28.6905733,36.9133875],[28.6905554,36.9134401],[28.6905466,36.913494],[28.6905468,36.9135485],[28.6905562,36.9136024],[28.6905745,36.9136549],[28.6906014,36.9137049],[28.6906394,36.9137549],[28.6906859,36.9138],[28.6907787,36.91389],[28.6908793,36.9139745],[28.6909871,36.914053],[28.6911017,36.9141252],[28.6911759,36.9141667],[28.6912524,36.9142055],[28.6914084,36.9142791],[28.6915692,36.9143458],[28.6917343,36.9144054],[28.6919031,36.9144577],[28.6920753,36.9145027],[28.6921839,36.9145268],[28.6922934,36.914548],[28.6925084,36.914602],[28.6927197,36.9146645],[28.6929268,36.9147354],[28.6931293,36.9148145],[28.6933266,36.9149015],[28.6934917,36.9149826],[28.6936506,36.9150712],[28.693803,36.9151669],[28.6939481,36.9152696],[28.6939721,36.9152886],[28.6940856,36.9153787],[28.6942086,36.915488],[28.694324,36.9156025],[28.6944313,36.9157218],[28.6945304,36.9158457],[28.6946207,36.9159738],[28.69472,36.9160241],[28.6948237,36.9160683],[28.6949314,36.916106],[28.6950423,36.9161371],[28.6951558,36.9161614],[28.6952876,36.9161806],[28.6954209,36.9161906],[28.6955548,36.9161914],[28.6956882,36.9161829],[28.6962345,36.9165409],[28.6967772,36.9169023],[28.697311,36.9172637],[28.6975082,36.9174064],[28.697698,36.9175554],[28.6978803,36.9177103],[28.6980546,36.9178709],[28.6982208,36.918037],[28.6983785,36.9182083],[28.6985343,36.9183929],[28.6986811,36.9185823],[28.6988187,36.918776],[28.6989467,36.9189738],[28.6990651,36.9191754],[28.6991802,36.9193934],[28.6992839,36.919615],[28.6993761,36.9198398],[28.6994568,36.9200675],[28.69946,36.9201204],[28.6994544,36.9201732],[28.6994402,36.920225],[28.6994176,36.9202748],[28.6993869,36.9203218],[28.6993488,36.9203652],[28.6993039,36.9204041],[28.6992598,36.920434],[28.6992117,36.9204596],[28.6991266,36.9205219],[28.6990496,36.9205905],[28.6989813,36.9206649],[28.6989224,36.9207441],[28.6988734,36.9208276],[28.6988368,36.9209092],[28.6988097,36.9209932],[28.6987923,36.9210787],[28.6987848,36.9211652],[28.6987873,36.9212519],[28.6987996,36.921338],[28.6990627,36.9214595],[28.699324,36.9215835],[28.699667,36.9217518],[28.7000066,36.9219245],[28.700362,36.9217701],[28.7004569,36.9217521],[28.7005537,36.9217429],[28.7006513,36.9217424],[28.7007482,36.9217508],[28.7008442,36.921768],[28.700937,36.9217938],[28.7010256,36.9218279],[28.7011088,36.9218699],[28.7011854,36.9219191],[28.7012601,36.9219308],[28.7013362,36.9219344],[28.7014121,36.9219298],[28.7014711,36.9219204],[28.7015285,36.9219061],[28.7015837,36.9218869],[28.7023509,36.9215374],[28.7025663,36.9216078],[28.7027775,36.921686],[28.702984,36.9217719],[28.7031852,36.9218654],[28.7033808,36.9219663],[28.7034868,36.9220253],[28.703587,36.9220906],[28.7036808,36.9221616],[28.7037676,36.9222381],[28.703847,36.9223196],[28.7039186,36.9224056],[28.7039819,36.9224956],[28.7040366,36.9225892],[28.7040647,36.9226458],[28.7040896,36.9227033],[28.7041328,36.92282],[28.704166,36.9229388],[28.704189,36.9230592],[28.7042018,36.9231805],[28.7042043,36.9233022],[28.7041964,36.9234235],[28.7041783,36.9235441],[28.7041501,36.9236635],[28.7041118,36.9237811],[28.7040636,36.9238963],[28.7040058,36.9240087],[28.7040374,36.9241504],[28.7040799,36.9242904],[28.7041332,36.9244279],[28.704165,36.9244982],[28.7041872,36.9245708],[28.7041997,36.9246448],[28.7042022,36.9247195],[28.7041948,36.924794],[28.7041774,36.9248675],[28.7041527,36.924934],[28.7041198,36.9249982],[28.7040791,36.9250596],[28.704031,36.9251174],[28.703976,36.9251711],[28.7039146,36.9252202],[28.7039416,36.9253075],[28.7039568,36.9253966],[28.7039598,36.9254865],[28.7039508,36.9255761],[28.7039406,36.9256255],[28.7039267,36.9256743],[28.7038937,36.9257707],[28.703852,36.9258651],[28.7038019,36.9259567],[28.7037603,36.9260215],[28.7037283,36.9260896],[28.7037063,36.9261602],[28.7036946,36.9262324],[28.7036933,36.9263051],[28.7037032,36.9263808],[28.7037244,36.926455],[28.7037565,36.9265266],[28.7037992,36.9265946],[28.7045181,36.9271285],[28.7047153,36.9273827],[28.7049076,36.9276393],[28.7050948,36.9278983],[28.7051689,36.9280035],[28.7052347,36.9281123],[28.7052919,36.9282242],[28.7053403,36.9283386],[28.7053797,36.9284553],[28.7054099,36.9285737],[28.7054273,36.9286688],[28.7054388,36.9287644],[28.7054579,36.928956],[28.705467,36.929148],[28.7054662,36.9293402],[28.7054584,36.929495],[28.7054442,36.9296495],[28.7054235,36.9298035],[28.705375,36.9302664],[28.7053289,36.930664],[28.7052785,36.9310613],[28.7053464,36.9311318],[28.7054054,36.9312073],[28.7054548,36.931287],[28.7054778,36.9313324],[28.7054976,36.9313788],[28.7055301,36.9314732],[28.7055522,36.9315695],[28.7055635,36.931667],[28.7055648,36.9317457],[28.7055751,36.931824],[28.7055943,36.9319013],[28.7056155,36.9319605],[28.7056468,36.9320169],[28.7056876,36.9320693],[28.705737,36.9321166],[28.7057941,36.932158],[28.7058514,36.9321896],[28.7059032,36.9322266],[28.7059488,36.9322686],[28.7059874,36.9323148],[28.7060185,36.9323645],[28.7060416,36.9324169],[28.706055,36.9324652],[28.7060617,36.9325144],[28.7060614,36.9325639],[28.7060889,36.9327102],[28.7061241,36.9328553],[28.7061531,36.9329561],[28.7061784,36.9330574],[28.7061917,36.9331187],[28.706216,36.9331778],[28.7062507,36.9332336],[28.706295,36.9332847],[28.7063458,36.9333284],[28.7064037,36.9333661],[28.7064676,36.933397],[28.7065362,36.9334206],[28.7066082,36.9334364],[28.7066588,36.9334614],[28.7067046,36.9334917],[28.7067448,36.9335269],[28.7067785,36.9335661],[28.7068035,36.9336055],[28.7068219,36.9336471],[28.7068336,36.9336903],[28.7068382,36.9337344],[28.7069473,36.9337351],[28.7070562,36.933729],[28.7071641,36.9337162],[28.7072807,36.9336943],[28.7073945,36.9336646],[28.7075047,36.9336272],[28.7076029,36.9336967],[28.7077073,36.9337601],[28.7078174,36.9338171],[28.7079325,36.9338673],[28.7080422,36.9339072],[28.708155,36.9339409],[28.7083741,36.9340205],[28.7085898,36.934106],[28.7088016,36.9341974],[28.7090094,36.9342945],[28.7091171,36.9343479],[28.7092181,36.9344091],[28.7093115,36.9344776],[28.7093963,36.9345528],[28.7094712,36.934633],[28.7095364,36.9347184],[28.7096679,36.9348884],[28.7097363,36.9349831],[28.7097961,36.9350816],[28.709847,36.9351832],[28.7098672,36.9352306],[28.70988,36.9352797],[28.7098851,36.9353297],[28.7098825,36.9353799],[28.7098761,36.9354143],[28.7098621,36.9354473],[28.7098409,36.9354778],[28.7098132,36.9355047],[28.7097799,36.9355273],[28.7097345,36.9355473],[28.7096848,36.9355592],[28.7096331,36.9355623],[28.7094838,36.9355897],[28.7093326,36.9356093],[28.7092159,36.9356189],[28.7090987,36.9356239],[28.7089813,36.9356243],[28.7089431,36.9356581],[28.708912,36.9356962],[28.7088888,36.9357378],[28.708874,36.9357818],[28.7088682,36.9358233],[28.7088699,36.935865],[28.7088791,36.935906],[28.7088955,36.9359456],[28.7089189,36.9359828],[28.7089934,36.9360261],[28.7090723,36.936064],[28.709155,36.9360963],[28.7092408,36.9361227],[28.7093293,36.9361431],[28.7093803,36.9361519],[28.7094324,36.9361535],[28.709484,36.9361478],[28.7095337,36.936135],[28.7095798,36.9361156],[28.709621,36.93609],[28.7096537,36.9360616],[28.7096802,36.9360293],[28.7096999,36.9359939],[28.7097122,36.9359566],[28.7096284,36.9356864],[28.7100206,36.935471],[28.7100989,36.9354292],[28.7101819,36.9353937],[28.7102686,36.9353645],[28.7103585,36.9353421],[28.7104506,36.9353267],[28.7105442,36.9353183],[28.7106383,36.9353171],[28.7107321,36.935323],[28.710827,36.9353365],[28.7109198,36.9353573],[28.7110097,36.9353852],[28.7111539,36.9354682],[28.7112933,36.9355562],[28.7114276,36.9356492],[28.7115564,36.935747],[28.7116796,36.9358494],[28.7118104,36.935969],[28.7119334,36.9360939],[28.7120484,36.9362235],[28.7121199,36.9362755],[28.7121968,36.9363225],[28.7122784,36.936364],[28.7123642,36.9363998],[28.7124701,36.9364344],[28.7125792,36.936462],[28.7126908,36.9364824],[28.7127841,36.9364937],[28.7128755,36.9365124],[28.7129641,36.9365384],[28.713049,36.9365714],[28.7131293,36.936611],[28.7132052,36.9366575],[28.7132766,36.9367083],[28.7133432,36.9367632],[28.7134045,36.9368218],[28.7134579,36.936881],[28.7135059,36.9369429],[28.7135552,36.936967],[28.7136085,36.9369847],[28.7136646,36.9369956],[28.7137222,36.9369994],[28.7137798,36.936996],[28.713836,36.9369854],[28.7138881,36.9369686],[28.7139363,36.9369457],[28.7139797,36.9369172],[28.7140172,36.9368838],[28.7140287,36.9367837],[28.7140516,36.9366848],[28.7140855,36.936588],[28.7141227,36.9365082],[28.7141675,36.9364309],[28.7142196,36.9363566],[28.7142786,36.9362857],[28.7145916,36.9359996],[28.7149116,36.9357186],[28.715033,36.9356149],[28.7151616,36.9355168],[28.715297,36.9354248],[28.7154387,36.9353391],[28.7155308,36.9352887],[28.7156251,36.9352409],[28.7158151,36.9351472],[28.7160087,36.9350583],[28.7162032,36.9349751],[28.716392,36.9348839],[28.7165746,36.9347849],[28.7167329,36.9346896],[28.7168855,36.9345884],[28.7170319,36.9344815],[28.717392,36.9344105],[28.7177537,36.9343452],[28.718117,36.9342856],[28.7184817,36.9342318],[28.7187865,36.9341914],[28.7190922,36.934155],[28.7197012,36.9340711],[28.7203087,36.9339802],[28.7209144,36.9338823],[28.7214546,36.9337888],[28.7219933,36.9336898],[28.7225303,36.9335851],[28.7230656,36.933475],[28.7233471,36.9334251],[28.7236306,36.9333831],[28.7239158,36.9333492],[28.7242023,36.9333234],[28.7244898,36.9333056],[28.7247606,36.9332963],[28.7250316,36.9332941],[28.7253025,36.9332992],[28.7254211,36.9332806],[28.7255413,36.9332705],[28.7256621,36.9332688],[28.7257826,36.9332756],[28.725894,36.9332895],[28.7260036,36.9333107],[28.7261107,36.933339],[28.7262145,36.9333742],[28.726284,36.9333923],[28.7263559,36.9334034],[28.7264289,36.9334073],[28.7265019,36.933404],[28.7265739,36.9333935],[28.7266522,36.9333733],[28.7267327,36.9333595],[28.7268146,36.9333521],[28.7268969,36.9333513],[28.7269789,36.933357],[28.7270713,36.9333716],[28.7271611,36.9333945],[28.727247,36.9334253],[28.727518,36.9334857],[28.7276301,36.9335081],[28.7277438,36.9335246],[28.7278586,36.933535],[28.727974,36.9335393],[28.7281106,36.9335365],[28.7282466,36.9335251],[28.728381,36.9335052],[28.728513,36.933477],[28.7286419,36.9334407],[28.7287911,36.9336114],[28.7289339,36.9337856],[28.7290702,36.9339632],[28.7291998,36.9341439],[28.7293152,36.9343163],[28.7294246,36.9344912],[28.7296544,36.9348363],[28.7298891,36.9351794],[28.7300006,36.9353391],[28.7301021,36.9355029],[28.7301935,36.9356706],[28.7302746,36.9358416],[28.7303451,36.9360155],[28.7304064,36.9361973],[28.7304563,36.9363813],[28.7304944,36.9365671],[28.7305208,36.9367542],[28.7305354,36.9369421],[28.7305382,36.9371304],[28.7304031,36.9371427],[28.7302694,36.9371628],[28.7301378,36.9371903],[28.7300091,36.9372253],[28.7298837,36.9372676],[28.7297734,36.937312],[28.7296668,36.9373621],[28.7295645,36.9374176],[28.7296912,36.93748],[28.7298112,36.9375503],[28.7299238,36.937628],[28.7300282,36.9377127],[28.7301238,36.9378038],[28.7302099,36.9379008],[28.7302861,36.9380029],[28.7303488,36.9381044],[28.7304016,36.9382093],[28.7304443,36.9383172],[28.7304765,36.9384274],[28.7309928,36.9388454],[28.7310634,36.9389118],[28.7311272,36.9389824],[28.7311839,36.9390567],[28.7312331,36.9391344],[28.7312746,36.9392149],[28.731308,36.9392978],[28.731334,36.939386],[28.731351,36.9394757],[28.7313588,36.9395662],[28.7314035,36.9398352],[28.7314421,36.9401049],[28.7314738,36.9403675],[28.7314997,36.9406305],[28.7315199,36.9408938],[28.731608,36.941055],[28.7316867,36.9412193],[28.7317557,36.9413864],[28.7318149,36.9415558],[28.7318642,36.9417272],[28.7319034,36.9419003],[28.7319313,36.9420659],[28.73195,36.9422323],[28.731988,36.942565],[28.7320174,36.9428982],[28.7320307,36.9430946],[28.7320338,36.9432912],[28.7320267,36.9434878],[28.7320094,36.9436839],[28.7319867,36.9438497],[28.7319568,36.9440148],[28.7319196,36.944179],[28.7318753,36.944342],[28.7317745,36.9444239],[28.7316714,36.9445039],[28.7316093,36.9445503],[28.7315554,36.9446028],[28.7315106,36.9446606],[28.7314756,36.9447225],[28.7314518,36.9447853],[28.7314382,36.94485],[28.7314349,36.9449155],[28.7314421,36.9449808],[28.7315547,36.9453581],[28.7308547,36.94576],[28.7307884,36.9458405],[28.7307318,36.9459255],[28.7306854,36.9460143],[28.7306495,36.9461062],[28.7306258,36.9461942],[28.7306119,36.9462834],[28.7306077,36.9463733],[28.7306133,36.9464632],[28.7294076,36.9463302],[28.7293463,36.9464128],[28.7292764,36.9464909],[28.7291984,36.946564],[28.7291128,36.9466314],[28.7290204,36.9466927],[28.7289217,36.9467475],[28.7288176,36.9467954],[28.7287134,36.9468344],[28.7286055,36.9468665],[28.7283903,36.946931],[28.7281721,36.946989],[28.7279514,36.9470402],[28.7277283,36.9470847],[28.7275033,36.9471223],[28.7272918,36.9471512],[28.7270792,36.9471741],[28.7268658,36.9471909],[28.7266517,36.9472016],[28.7259139,36.9472779],[28.7251778,36.9473635],[28.7247067,36.9474232],[28.7242363,36.9474867],[28.7241225,36.9474984],[28.7240078,36.9475038],[28.723893,36.9475028],[28.7237781,36.9474954],[28.7236641,36.9474816],[28.7235516,36.9474616],[28.7234411,36.9474353],[28.7231943,36.9474428],[28.722948,36.9474574],[28.7227025,36.9474791],[28.7224582,36.9475078],[28.7222153,36.9475435],[28.7219956,36.9475821],[28.7217776,36.9476265],[28.7215615,36.9476765],[28.7213476,36.9477322],[28.7214991,36.9480612],[28.7215045,36.9483141],[28.7214983,36.9484029],[28.7214829,36.9484909],[28.7214584,36.9485776],[28.721425,36.9486623],[28.7213829,36.9487446],[28.7213324,36.9488238],[28.7212738,36.9488993],[28.72121,36.9489684],[28.7211393,36.9490332],[28.7209965,36.9491615],[28.7208457,36.9492838],[28.7206873,36.9493998],[28.7205217,36.9495093],[28.7203494,36.9496118],[28.7201708,36.9497073],[28.7199864,36.9497953],[28.7198116,36.9498698],[28.7196327,36.9499376],[28.71945,36.9499986],[28.7192639,36.9500528],[28.7185442,36.950315],[28.7178272,36.950582],[28.7169082,36.9509328],[28.7159939,36.9512915],[28.7159396,36.9513136],[28.7158912,36.9513432],[28.7158504,36.9513794],[28.7158245,36.9514116],[28.7158047,36.9514464],[28.7157675,36.9515167],[28.7157393,36.9515896],[28.7157203,36.9516645],[28.7157104,36.9517455],[28.7157113,36.9518269],[28.715723,36.9519077],[28.7152255,36.9519056],[28.7152764,36.9515444],[28.7152697,36.9515084],[28.7152548,36.9514741],[28.7152322,36.9514425],[28.7152027,36.9514147],[28.7151692,36.9513929],[28.7151316,36.9513761],[28.7150908,36.9513647],[28.7150481,36.9513593],[28.715005,36.9513599],[28.7149626,36.9513665],[28.7148535,36.9513791],[28.7147453,36.9513965],[28.7146474,36.9514166],[28.714548,36.9514317],[28.7144476,36.9514415],[28.714321,36.9514466],[28.7141943,36.9514434],[28.7140683,36.9514321],[28.7139439,36.9514128],[28.7138218,36.9513854],[28.7137029,36.9513503],[28.713588,36.9513076],[28.7130649,36.9513078],[28.7125419,36.9513011],[28.7119968,36.9512868],[28.7114516,36.9512776],[28.7110695,36.9512741],[28.7106876,36.9512627],[28.7103063,36.9512433],[28.7101808,36.9512351],[28.7100548,36.9512354],[28.7099293,36.9512442],[28.7098052,36.9512614],[28.7096834,36.9512869],[28.7095647,36.9513204],[28.7094531,36.9513605],[28.709346,36.9514078],[28.7092441,36.9514619],[28.7082987,36.951927],[28.708201,36.9519752],[28.7080986,36.9520165],[28.7079921,36.9520507],[28.7078823,36.9520775],[28.7077701,36.9520967],[28.7076563,36.9521082],[28.7075769,36.9521115],[28.7074975,36.9521111],[28.7073394,36.9521233],[28.7071829,36.9521446],[28.7070765,36.9521645],[28.7069715,36.9521886],[28.7067581,36.9522262],[28.7065431,36.9522571],[28.7063566,36.9522785],[28.7061692,36.952295],[28.7059812,36.9523064],[28.7057968,36.952367],[28.7056174,36.9524364],[28.7054434,36.9525143],[28.7053016,36.9525864],[28.7051544,36.9526512],[28.7050024,36.9527085],[28.7048462,36.952758],[28.7046863,36.9527996],[28.7045236,36.9528331],[28.7043585,36.9528584],[28.7042138,36.9528735],[28.7040682,36.9528823],[28.7039223,36.9528848],[28.7037764,36.9528809],[28.7034711,36.9529813],[28.7031632,36.9530764],[28.7028528,36.9531662],[28.7025399,36.9532506],[28.7021599,36.9533451],[28.7017769,36.9534317],[28.7016021,36.9534883],[28.7014305,36.9535508],[28.7012625,36.9536192],[28.7010983,36.9536932],[28.7009473,36.9537681],[28.7008003,36.9538478],[28.7006574,36.9539322],[28.7005189,36.9540212],[28.7002593,36.9541369],[28.6999955,36.9542467],[28.699728,36.9543503],[28.6994568,36.9544477],[28.6991822,36.9545388],[28.6989046,36.9546234],[28.6986239,36.9547017],[28.6984,36.9548017],[28.698172,36.9548957],[28.6979973,36.9549626],[28.6978207,36.9550261],[28.6974652,36.9551491],[28.6973809,36.955177],[28.6972989,36.9552091],[28.6971899,36.9552603],[28.697087,36.955319],[28.6967785,36.9553276],[28.6964701,36.9553393],[28.69609,36.9553581],[28.6957104,36.9553817],[28.6955168,36.9553911],[28.6953236,36.9554052],[28.695131,36.955424],[28.6949795,36.9554421],[28.6948286,36.9554631],[28.6947975,36.9554728],[28.6947641,36.9554747],[28.6947316,36.9554685],[28.6947029,36.9554548],[28.6946902,36.955445],[28.6946796,36.9554337],[28.6946502,36.9554184],[28.6946167,36.9554098],[28.6945934,36.9554082],[28.6945702,36.95541],[28.6945238,36.955413],[28.6944472,36.9554246],[28.6943732,36.955444],[28.6943029,36.9554709],[28.6942955,36.9554433],[28.6942817,36.9554174],[28.694262,36.955394],[28.6942352,36.9553729],[28.6942048,36.9553552],[28.6941715,36.9553412],[28.6941375,36.9553317],[28.6941021,36.9553261],[28.6940306,36.9553201],[28.6939725,36.955322],[28.6939152,36.95533],[28.6938597,36.9553439],[28.6938895,36.955442],[28.6940246,36.9554058],[28.6940501,36.9554009],[28.6940764,36.9554021],[28.6941011,36.9554093],[28.6941182,36.955419],[28.6941321,36.9554316],[28.694142,36.9554465],[28.6941959,36.9556927],[28.6939143,36.9558216],[28.6939488,36.9558913],[28.6935934,36.9559781],[28.693513,36.9556919],[28.6933956,36.9557222],[28.6933571,36.9556102],[28.6936863,36.9554366],[28.6936561,36.9554031],[28.6933058,36.9555904],[28.6933473,36.9557316],[28.6928263,36.95585],[28.6920907,36.9560124],[28.691382,36.9562069],[28.6907087,36.9561769],[28.689778,36.956141],[28.6888345,36.9561077],[28.6888446,36.9558596],[28.6897337,36.9559025],[28.6897418,36.9558296],[28.6893214,36.9558152],[28.6889137,36.9558028],[28.6887672,36.955812],[28.6886213,36.9558254],[28.6884761,36.955843],[28.6883319,36.9558648],[28.6880433,36.9559079],[28.6876804,36.9559672],[28.6873191,36.9560322],[28.6868417,36.9561174],[28.6866465,36.9562471],[28.6860698,36.9566034],[28.6856112,36.9568852],[28.684429,36.9571612],[28.683743,36.9573396],[28.6832857,36.957443],[28.6830617,36.9575422],[28.6823952,36.9578342],[28.6818916,36.9580667],[28.6810829,36.958295],[28.6802595,36.958519],[28.679907,36.9585842],[28.6795527,36.9586433],[28.6793232,36.9586781],[28.6790931,36.9587102],[28.6786341,36.9587799],[28.6783872,36.9588185],[28.678139,36.9588518],[28.6778898,36.9588796],[28.6776453,36.9589015],[28.6774003,36.9589181],[28.6765031,36.9589916],[28.67563,36.9590692],[28.6750098,36.9591389],[28.6748969,36.9590507],[28.6747896,36.9589583],[28.6746879,36.9588619],[28.6745956,36.9587654],[28.6745101,36.9586649],[28.6744317,36.9585608],[28.6743692,36.9584668],[28.6743124,36.9583705],[28.6742782,36.9582992],[28.6742518,36.9582258],[28.6742333,36.9581509],[28.6742263,36.9581076],[28.674225,36.9580641],[28.6742292,36.9580206],[28.6742441,36.9579623],[28.6742691,36.9579062],[28.6743037,36.9578535],[28.6742208,36.9578056],[28.6741414,36.9577542],[28.6740656,36.9576994],[28.6739916,36.9576396],[28.6739138,36.957583],[28.6738442,36.9575371],[28.6738633,36.9574509],[28.6738918,36.9574281],[28.6738938,36.9574021],[28.6738593,36.957368],[28.6738436,36.9573341],[28.6738047,36.9571729],[28.6737905,36.9570597],[28.6737693,36.9569212],[28.6737445,36.9568363],[28.6737197,36.9567543],[28.6737162,36.9566694],[28.6737339,36.9566299],[28.6737657,36.9566044],[28.6738365,36.9565535],[28.6738648,36.9564913],[28.673906,36.9564068],[28.6739179,36.9563386],[28.6739108,36.9562424],[28.6736393,36.9562337],[28.6733677,36.956231],[28.673096,36.9562342],[28.6729229,36.9562394],[28.6727505,36.9562531],[28.6725795,36.9562754],[28.6724105,36.9563061],[28.6722443,36.9563451],[28.6720814,36.9563923],[28.6719225,36.9564475],[28.6718325,36.956483],[28.6717441,36.9565212],[28.6715707,36.9566022],[28.6714028,36.9566904],[28.6712409,36.9567854],[28.6710854,36.9568871],[28.6709368,36.9569951],[28.6708304,36.9570799],[28.6707324,36.9571709],[28.6706433,36.9572677],[28.6705639,36.9573696],[28.6704944,36.9574761],[28.6704353,36.9575865],[28.670387,36.9577002],[28.6703682,36.9577541],[28.6703585,36.9578095],[28.6703581,36.9578655],[28.6703669,36.957921],[28.6703874,36.9579813],[28.6703991,36.9580431],[28.6704016,36.9581056],[28.670395,36.9581679],[28.6703793,36.9582292],[28.6703548,36.9582886],[28.6703292,36.9583338],[28.6702986,36.958377],[28.6702321,36.9584609],[28.6701561,36.9585393],[28.6700711,36.9586116],[28.6699779,36.9586772],[28.6698773,36.9587354],[28.6697777,36.9587827],[28.6696732,36.9588228],[28.6695647,36.9588553],[28.669453,36.9588801],[28.669339,36.9588968],[28.6692236,36.9589055],[28.6691077,36.958906],[28.6689922,36.9588983],[28.6686169,36.9588865],[28.6682422,36.9588661],[28.6678684,36.9588372],[28.6676298,36.9588143],[28.6673918,36.9587879],[28.6669161,36.9587333],[28.6664414,36.9586733],[28.6660688,36.9586224],[28.6656979,36.9585639],[28.6653289,36.958498],[28.6649622,36.9584247],[28.6647874,36.9583862],[28.6646476,36.9583554],[28.664335,36.9582807],[28.6640245,36.9582005],[28.6637163,36.958115],[28.6635193,36.958069],[28.6633257,36.9580143],[28.6631363,36.9579511],[28.6629516,36.9578795],[28.6627722,36.9577999],[28.6626102,36.9577186],[28.6624538,36.9576306],[28.6623032,36.9575363],[28.6618307,36.9572769],[28.661385,36.9570377],[28.6609362,36.9568022],[28.6608268,36.9567105],[28.6607255,36.956613],[28.660633,36.9565101],[28.6605496,36.9564023],[28.6604758,36.9562901],[28.6604118,36.9561742],[28.6603625,36.9560657],[28.6603218,36.9559549],[28.6602899,36.9558423],[28.660267,36.9557284],[28.6603109,36.9556436],[28.6603443,36.9555559],[28.6603668,36.955466],[28.6603783,36.9553747],[28.6603799,36.9553259],[28.660371,36.9552776],[28.6603519,36.9552313],[28.6603232,36.9551882],[28.6602858,36.9551497],[28.6602457,36.9551199],[28.6602004,36.9550955],[28.660151,36.9550768],[28.6600985,36.9550644],[28.6600444,36.9550586],[28.6599937,36.9549237],[28.6599363,36.9547905],[28.6598722,36.9546593],[28.6598016,36.9545302],[28.6597164,36.9543907],[28.6596234,36.9542544],[28.659523,36.9541215],[28.6594154,36.9539922],[28.6593837,36.9538958],[28.6593634,36.9537974],[28.6593548,36.9536979],[28.6593578,36.9535983],[28.6593725,36.9534992],[28.6593879,36.9534369],[28.6594079,36.9533754],[28.6594512,36.9532531],[28.6595025,36.9531328],[28.6595616,36.9530148],[28.6596339,36.9528903],[28.6597148,36.9527692],[28.6598042,36.952652],[28.6599016,36.9525389],[28.6600068,36.9524304],[28.6601195,36.9523268],[28.6601646,36.9522551],[28.6602016,36.9521805],[28.6602302,36.9521036],[28.6602503,36.952025],[28.6602616,36.9519453],[28.6602637,36.9518536],[28.6602543,36.9517622],[28.6602334,36.9516721],[28.6602013,36.9515841],[28.660097,36.9514431],[28.6599854,36.9513058],[28.6598668,36.9511723],[28.6597413,36.9510428],[28.6596327,36.9509392],[28.6595197,36.9508386],[28.6594024,36.9507412],[28.6590667,36.9504373],[28.6589592,36.9503388],[28.6588608,36.9502343],[28.6587722,36.9501244],[28.6586939,36.9500097],[28.6586526,36.9499399],[28.6586151,36.9498688],[28.6585435,36.9497255],[28.6584793,36.9495799],[28.6584183,36.9494202],[28.6583661,36.9492585],[28.658323,36.9490951],[28.6582889,36.9489304],[28.6581148,36.9483398],[28.658022,36.9480248],[28.6579969,36.9479451],[28.6579812,36.947864],[28.6579749,36.9477821],[28.6579783,36.9477],[28.6579911,36.9476186],[28.6580032,36.9475709],[28.6580186,36.9475238],[28.6580561,36.9474313],[28.6581034,36.9473416],[28.6581601,36.9472556],[28.6582258,36.9471738],[28.6583017,36.9470952],[28.6583848,36.9470214],[28.6584746,36.9469528],[28.6585705,36.9468897],[28.6586468,36.946846],[28.6587274,36.9468073],[28.6588117,36.9467741],[28.658899,36.9467465],[28.6589889,36.9467247],[28.6590887,36.9467077],[28.6591901,36.9466979],[28.6592921,36.9466953],[28.6593939,36.9467],[28.6594271,36.9466754],[28.6594551,36.946647],[28.6594771,36.9466153],[28.6594947,36.946575],[28.6595026,36.9465328],[28.6583063,36.9461009],[28.6581548,36.9460531],[28.6580076,36.9459974],[28.6578653,36.9459339],[28.6577287,36.9458629],[28.6575984,36.9457849],[28.6574748,36.9457],[28.6574057,36.9456472],[28.6573392,36.9455923],[28.6572107,36.9454792],[28.6570895,36.945361],[28.6569759,36.9452381],[28.6569279,36.9451819],[28.6568875,36.9451221],[28.6568549,36.9450593],[28.6568307,36.9449941],[28.656815,36.9449272],[28.6568083,36.9448662],[28.6568088,36.9448049],[28.6568163,36.944744],[28.6572334,36.9441812],[28.6571175,36.943981],[28.6569914,36.9437847],[28.6568552,36.9435928],[28.6567389,36.943442],[28.6566163,36.9432944],[28.6564878,36.9431501],[28.6562852,36.9428997],[28.6560781,36.9426517],[28.6559204,36.9424682],[28.6557602,36.9422862],[28.6555383,36.9424138],[28.6554987,36.9423532],[28.6555058,36.9422756],[28.6555038,36.9421979],[28.6554927,36.9421206],[28.6554755,36.9420539],[28.6554515,36.9419886],[28.6554192,36.941855],[28.6554048,36.9417778],[28.6553934,36.9417002],[28.6553923,36.9416808],[28.6553816,36.9416634],[28.6553632,36.9416509],[28.6553437,36.9416455],[28.655323,36.9416458],[28.6552894,36.9416579],[28.6552531,36.941663],[28.6552164,36.9416608],[28.6551822,36.9416515],[28.6551519,36.9416359],[28.6551272,36.9416148],[28.6551098,36.9415895],[28.6551587,36.9413151],[28.6551676,36.9412276],[28.6551658,36.9411397],[28.6551534,36.9410525],[28.6551406,36.9410002],[28.655137,36.940947],[28.6551424,36.9408939],[28.6551569,36.9408419],[28.6551802,36.940792],[28.6552086,36.9407491],[28.6552435,36.9407094],[28.6552843,36.9406735],[28.6553304,36.9406419],[28.6553289,36.9406123],[28.6553182,36.9405839],[28.6552989,36.9405586],[28.6552723,36.9405379],[28.6552401,36.9405232],[28.6552043,36.9405155],[28.6551673,36.9405151],[28.6551314,36.9405221],[28.6550988,36.9405361],[28.6550716,36.9405562],[28.6545975,36.9413044],[28.65457,36.9413615],[28.6545326,36.9414149],[28.6544859,36.9414634],[28.6544309,36.941506],[28.6543688,36.9415418],[28.654299,36.9415708],[28.6542245,36.9415911],[28.6541471,36.9416025],[28.6540684,36.9416045],[28.6539564,36.9415138],[28.6538508,36.9414183],[28.6537519,36.9413183],[28.6536553,36.9412083],[28.6535667,36.9410941],[28.6534867,36.9409759],[28.6534153,36.9408542],[28.6530103,36.9404372],[28.6529428,36.9403328],[28.6528806,36.9402262],[28.6528239,36.9401178],[28.6527892,36.9400447],[28.6527617,36.9399697],[28.6527414,36.9398932],[28.6527274,36.9398063],[28.652723,36.9397187],[28.6527281,36.9396312],[28.6527427,36.9395443],[28.652761,36.9394762],[28.6527852,36.9394092],[28.652838,36.9392765],[28.652901,36.9391466],[28.6529685,36.9390287],[28.6530443,36.9389141],[28.6531283,36.9388031],[28.6532215,36.9387041],[28.6533218,36.9386097],[28.6534288,36.93852],[28.653542,36.9384354],[28.6536367,36.9383718],[28.653735,36.9383117],[28.6538367,36.9382554],[28.6541367,36.9380811],[28.654442,36.9379128],[28.6547524,36.9377505],[28.6549597,36.9376468],[28.6551721,36.93755],[28.6552657,36.9375103],[28.6553633,36.9374773],[28.6554641,36.9374512],[28.6555674,36.9374324],[28.6556724,36.9374208],[28.6557749,36.9374168],[28.6558775,36.93742],[28.6559793,36.9374306],[28.6560795,36.9374484],[28.6561773,36.9374734],[28.6562668,36.9375033],[28.6563528,36.9375391],[28.6564347,36.9375807],[28.6566963,36.9376813],[28.6568802,36.9377473],[28.6570658,36.93781],[28.6571223,36.9378193],[28.6571798,36.9378231],[28.6572374,36.9378212],[28.6573049,36.9378116],[28.6573699,36.9377943],[28.6575042,36.9377741],[28.6576398,36.9377607],[28.6577792,36.937754],[28.6579189,36.9377545],[28.6580582,36.9377623],[28.6581479,36.9376412],[28.658248,36.9375254],[28.6583427,36.9374297],[28.6584444,36.9373388],[28.6582635,36.9372837],[28.6580794,36.9372358],[28.6578926,36.9371952],[28.6576824,36.9371589],[28.6574701,36.9371319],[28.6572562,36.9371143],[28.6565823,36.9369594],[28.6563259,36.9368828],[28.6560715,36.9368021],[28.6558192,36.9367171],[28.655513,36.9366074],[28.6552104,36.9364915],[28.6551287,36.9364508],[28.6550513,36.936405],[28.6549787,36.9363545],[28.6549113,36.9362996],[28.6548362,36.9362265],[28.6547703,36.936148],[28.6547142,36.9360647],[28.6546686,36.9359775],[28.6546134,36.9359078],[28.6545681,36.9358338],[28.6545332,36.9357563],[28.654509,36.9356763],[28.6544958,36.9355948],[28.6544938,36.9355126],[28.6545029,36.9354308],[28.6545059,36.9353675],[28.6545013,36.9353044],[28.6544894,36.9352418],[28.6544701,36.9351805],[28.6544351,36.9351047],[28.654409,36.9350266],[28.6543923,36.934947],[28.6543849,36.9348664],[28.6543859,36.9347999],[28.6543933,36.9347338],[28.6543902,36.934601],[28.6543755,36.9344687],[28.6543516,36.9343466],[28.6543178,36.934226],[28.6542743,36.9341074],[28.6541661,36.933967],[28.6540516,36.9338298],[28.6539074,36.933671],[28.6537546,36.9335173],[28.6536971,36.9334452],[28.6536465,36.9333698],[28.653603,36.9332917],[28.6535668,36.9332112],[28.6535474,36.9331579],[28.6535311,36.9331038],[28.65349,36.9329976],[28.6534435,36.9328929],[28.6533956,36.9327973],[28.6533397,36.9327046],[28.6532758,36.9326152],[28.6532111,36.9325371],[28.6531404,36.9324625],[28.6531095,36.9324184],[28.6530868,36.9323713],[28.6530726,36.932322],[28.6530675,36.9322765],[28.6530698,36.9322309],[28.6530793,36.9321859],[28.65296,36.9319843],[28.6529253,36.9319235],[28.6528997,36.9318598],[28.6528834,36.9317942],[28.6528768,36.9317276],[28.6528788,36.9316719],[28.6528732,36.9316164],[28.6528602,36.9315617],[28.65284,36.9315084],[28.6528152,36.9314612],[28.6527847,36.9314162],[28.6527488,36.9313738],[28.6527243,36.9313246],[28.6527088,36.9312731],[28.6527026,36.9312204],[28.6527058,36.9311675],[28.6527194,36.9311129],[28.6527429,36.9310605],[28.652776,36.9310115],[28.6528178,36.930967],[28.6527119,36.9308169],[28.6526967,36.9307523],[28.6526879,36.930687],[28.6526857,36.9306213],[28.6526913,36.9305456],[28.6527056,36.9304706],[28.6527284,36.930397],[28.6527595,36.9303254],[28.6527682,36.9302578],[28.6527657,36.9301899],[28.6527521,36.9301228],[28.6527343,36.9300725],[28.6527098,36.930024],[28.652679,36.9299779],[28.6526421,36.9299346],[28.6526136,36.9299069],[28.6525826,36.9298809],[28.6525165,36.9298324],[28.6524444,36.9297895],[28.6523672,36.9297529],[28.6522919,36.9297249],[28.6522135,36.9297027],[28.6521329,36.9296866],[28.6520507,36.9296768],[28.6517892,36.9298435],[28.651502,36.9298099],[28.6512139,36.9297819],[28.650883,36.9297565],[28.6505514,36.9297384],[28.6500645,36.9296881],[28.6500313,36.929692],[28.65,36.9297017],[28.649972,36.9297165],[28.6499489,36.9297355],[28.6499315,36.929758],[28.6499204,36.9297829],[28.6497856,36.9297586],[28.6496533,36.9297267],[28.6495241,36.9296875],[28.6494287,36.9296531],[28.6493357,36.9296146],[28.6492889,36.9295791],[28.6492475,36.9295396],[28.6492119,36.9294966],[28.6491828,36.9294506],[28.6491581,36.9293965],[28.6491426,36.9293403],[28.6491365,36.929283],[28.6491398,36.9292255],[28.6491518,36.9291715],[28.6491721,36.9291192],[28.6492004,36.9290693],[28.6492364,36.9290227],[28.6492793,36.92898],[28.6490688,36.9287441],[28.6491211,36.9285499],[28.6491814,36.9283571],[28.6492395,36.9281929],[28.6493035,36.9280301],[28.6492659,36.927745],[28.6492567,36.9276846],[28.6492558,36.9276238],[28.6492631,36.9275632],[28.6492786,36.9275037],[28.6493021,36.9274458],[28.6493365,36.9273854],[28.6493797,36.9273287],[28.6494309,36.9272765],[28.6493316,36.9271457],[28.6492019,36.9271924],[28.6480873,36.9270924],[28.6476443,36.9271146],[28.6475897,36.9271352],[28.6475393,36.9271618],[28.6474942,36.9271939],[28.6474554,36.9272309],[28.6474257,36.9272689],[28.6474026,36.9273097],[28.6473865,36.9273526],[28.6473777,36.9273968],[28.6473763,36.9274416],[28.6474381,36.9274401],[28.6474993,36.9274467],[28.6475584,36.9274613],[28.6476137,36.9274834],[28.6476552,36.9275067],[28.6476923,36.9275343],[28.6477245,36.9275657],[28.6477511,36.9276002],[28.6477832,36.9276555],[28.647805,36.9277139],[28.6478163,36.9277741],[28.6478169,36.927835],[28.6478116,36.9279585],[28.647798,36.9280815],[28.6477759,36.9282038],[28.6477647,36.9283018],[28.6477591,36.9284002],[28.6477609,36.9284494],[28.6477592,36.9284986],[28.6477479,36.9285851],[28.6477261,36.9286703],[28.647694,36.9287534],[28.6476519,36.9288336],[28.6475587,36.9290167],[28.6475161,36.9291095],[28.6474688,36.9292008],[28.6474155,36.929293],[28.6473573,36.9293832],[28.6472945,36.9294715],[28.6470021,36.9296704],[28.6465824,36.9298757],[28.6466099,36.9299164],[28.6467594,36.9298601],[28.6467898,36.9298617],[28.6468191,36.9298687],[28.6468469,36.9298815],[28.6468701,36.9298991],[28.6468876,36.9299206],[28.6468982,36.9299448],[28.6469266,36.9300177],[28.6469498,36.9300918],[28.6469679,36.9301667],[28.6469839,36.9302668],[28.6469906,36.9303676],[28.6469923,36.9304181],[28.646988,36.9304685],[28.6469734,36.9305342],[28.6469487,36.9305979],[28.6469143,36.9306587],[28.6468941,36.930688],[28.6468707,36.9307156],[28.6468257,36.9307568],[28.6467735,36.9307922],[28.6467151,36.9308208],[28.6466521,36.9308421],[28.6465857,36.9308555],[28.6465336,36.9308649],[28.6464803,36.930867],[28.6464273,36.9308619],[28.6463761,36.9308498],[28.6463282,36.9308308],[28.646283,36.9308043],[28.6462444,36.9307717],[28.6462137,36.9307342],[28.6461917,36.9306929],[28.6461794,36.9306491],[28.6461639,36.9305711],[28.6461566,36.9304922],[28.6461575,36.9304132],[28.6461643,36.930374],[28.6461666,36.9303345],[28.6461631,36.9302852],[28.6461526,36.9302366],[28.6461351,36.9301892],[28.6459916,36.9302047],[28.6458473,36.9302136],[28.6457026,36.930216],[28.6455542,36.9302117],[28.6454063,36.9302006],[28.6452595,36.9301826],[28.6451143,36.9301579],[28.6450421,36.9301438],[28.644971,36.9301265],[28.6448668,36.930095],[28.6447661,36.9300569],[28.6446696,36.9300125],[28.6445779,36.9299619],[28.6444915,36.9299057],[28.6444111,36.929844],[28.6439404,36.9295047],[28.6436681,36.9290936],[28.6436231,36.9290682],[28.6435735,36.929049],[28.6435207,36.9290364],[28.643466,36.9290308],[28.643411,36.9290324],[28.6433569,36.9290411],[28.6433054,36.9290566],[28.6432613,36.9290766],[28.6432215,36.9291016],[28.6431867,36.9291311],[28.6431579,36.9291644],[28.643106,36.9292349],[28.6430634,36.9293093],[28.6430304,36.9293868],[28.6430164,36.9294575],[28.6429945,36.9295269],[28.6429649,36.9295945],[28.6429279,36.9296596],[28.6428795,36.9297272],[28.6428233,36.9297906],[28.6427595,36.9298494],[28.6428241,36.9298416],[28.6428893,36.9298401],[28.6429543,36.9298451],[28.6430179,36.9298565],[28.6430794,36.9298741],[28.6431463,36.9299016],[28.6432076,36.9299365],[28.6432621,36.929978],[28.6433087,36.9300252],[28.6433438,36.9300713],[28.6433719,36.9301203],[28.6433928,36.9301716],[28.6434063,36.9302245],[28.643412,36.9302782],[28.6434202,36.9303993],[28.643422,36.9305205],[28.6434224,36.9305811],[28.6434174,36.9306416],[28.6434011,36.930726],[28.6433744,36.9308087],[28.6433374,36.9308888],[28.6432906,36.9309655],[28.6432343,36.9310381],[28.6431693,36.9311058],[28.6430114,36.9312751],[28.6428581,36.931447],[28.6427883,36.9315368],[28.6427093,36.9316215],[28.6426365,36.9316879],[28.642558,36.9317501],[28.6424741,36.9318076],[28.6423854,36.9318602],[28.6422922,36.9319077],[28.6423103,36.9319443],[28.6423192,36.9319831],[28.6423185,36.9320225],[28.6423083,36.932061],[28.6422885,36.9320977],[28.6422602,36.9321306],[28.6422243,36.9321584],[28.6421822,36.93218],[28.6421063,36.9321853],[28.6420321,36.9321987],[28.6419608,36.9322201],[28.6418937,36.9322489],[28.6418321,36.9322847],[28.6417772,36.9323268],[28.6417293,36.9323752],[28.6416901,36.9324284],[28.6416603,36.9324853],[28.6416406,36.9325449],[28.6416313,36.9326062],[28.6416326,36.9326679],[28.6416444,36.9327288],[28.6416711,36.9328287],[28.6417065,36.9329268],[28.6417504,36.9330227],[28.6418027,36.9331158],[28.6418321,36.933167],[28.6418529,36.9332208],[28.6418646,36.9332763],[28.6418671,36.9333326],[28.6418603,36.9333887],[28.6418433,36.9334463],[28.6418165,36.9335015],[28.6417804,36.9335532],[28.6417357,36.9336004],[28.6416833,36.9336422],[28.6416411,36.9336655],[28.6415956,36.9336845],[28.6415475,36.9336988],[28.6414976,36.9337081],[28.6414457,36.9337124],[28.6413935,36.9337114],[28.6413419,36.9337051],[28.6412917,36.9336936],[28.6411784,36.9336546],[28.6410686,36.9336096],[28.6409627,36.933559],[28.6408612,36.9335028],[28.6407652,36.9334418],[28.6406743,36.9333759],[28.6405891,36.9333054],[28.6405098,36.9332305],[28.6403864,36.9331664],[28.6402674,36.9330972],[28.6401531,36.9330231],[28.6400396,36.9329411],[28.6399318,36.9328543],[28.639795,36.9328238],[28.6396609,36.9327862],[28.6395189,36.9327372],[28.6393816,36.9326801],[28.6393149,36.9326487],[28.6392499,36.9326152],[28.6391376,36.9325498],[28.6390316,36.932478],[28.6389325,36.9324002],[28.6388408,36.9323168],[28.6388002,36.9322717],[28.638757,36.9322282],[28.6386683,36.9321501],[28.6385713,36.9320785],[28.6384669,36.932014],[28.6383558,36.931957],[28.6382389,36.931908],[28.6381171,36.9318673],[28.6379913,36.9318354],[28.6379264,36.9318257],[28.6378625,36.9318123],[28.6377836,36.9317899],[28.6377077,36.9317617],[28.6376355,36.931728],[28.6375675,36.931689],[28.6375103,36.9316634],[28.6374593,36.9316306],[28.6374159,36.9315914],[28.6373879,36.931557],[28.6373658,36.9315198],[28.63735,36.9314807],[28.6373408,36.9314403],[28.6373253,36.9313657],[28.6373043,36.931292],[28.6372778,36.9312195],[28.6372295,36.9311159],[28.6371701,36.9310162],[28.6371001,36.9309209],[28.63702,36.9308308],[28.6369304,36.9307467],[28.6367747,36.9305646],[28.6366092,36.9303881],[28.6364344,36.9302175],[28.6362505,36.9300531],[28.6360857,36.9299171],[28.6359146,36.9297861],[28.6357376,36.9296603],[28.6355549,36.9295398],[28.6354583,36.929485],[28.6353667,36.9294249],[28.6352859,36.929364],[28.6352102,36.929299],[28.6351401,36.9292303],[28.6350757,36.9291579],[28.6350572,36.9290653],[28.6350276,36.9289746],[28.6349871,36.9288865],[28.6349362,36.928802],[28.6348762,36.9287229],[28.6348071,36.9286488],[28.6347294,36.9285802],[28.6346439,36.9285179],[28.6346073,36.9285367],[28.6345667,36.9285492],[28.6345238,36.9285549],[28.634481,36.9285536],[28.6344393,36.9285456],[28.6344005,36.9285311],[28.6343661,36.9285107],[28.6343374,36.9284852],[28.634309,36.9284497],[28.6342891,36.9284106],[28.6342783,36.9283693],[28.6342771,36.9283271],[28.634283,36.9282516],[28.6342994,36.9281772],[28.634326,36.9281046],[28.6343682,36.9280144],[28.6344194,36.9279273],[28.6344792,36.9278437],[28.6345114,36.927803],[28.6345473,36.9277643],[28.6346071,36.9277105],[28.6346739,36.9276622],[28.6347468,36.9276199],[28.6348249,36.9275841],[28.6348928,36.9275451],[28.6349555,36.9275009],[28.6350124,36.9274519],[28.635036,36.9274243],[28.6350629,36.9273987],[28.6351058,36.9273666],[28.6351538,36.9273396],[28.635206,36.9273181],[28.6352614,36.9273027],[28.6353278,36.9272915],[28.6353955,36.9272877],[28.6354269,36.9272993],[28.6354606,36.9273054],[28.635504,36.927305],[28.6355457,36.9272958],[28.6356055,36.9272756],[28.6356607,36.9272483],[28.63571,36.9272145],[28.6357523,36.9271751],[28.6358004,36.9271228],[28.6358431,36.9270675],[28.6358798,36.9270096],[28.6359105,36.9269495],[28.6359401,36.9268771],[28.6359625,36.9268031],[28.6359777,36.9267279],[28.6359856,36.926652],[28.6359583,36.9265342],[28.6359204,36.9264183],[28.6358719,36.926305],[28.6358133,36.9261947],[28.6357466,36.9260909],[28.6356709,36.9259911],[28.6355866,36.9258958],[28.6354939,36.9258056],[28.6353935,36.9257209],[28.6344199,36.9257648],[28.6343364,36.9257723],[28.6342523,36.9257737],[28.6341685,36.9257689],[28.6340855,36.9257581],[28.6340041,36.9257412],[28.6339122,36.9257142],[28.6338243,36.9256796],[28.6337416,36.9256377],[28.6336648,36.925589],[28.6336223,36.9255508],[28.6335738,36.9255175],[28.6335201,36.9254897],[28.6334623,36.9254678],[28.6333959,36.9254513],[28.6333272,36.9254426],[28.6332576,36.9254419],[28.6331886,36.9254493],[28.6331217,36.9254646],[28.6323975,36.9257305],[28.6322544,36.9256947],[28.6321148,36.925651],[28.6319794,36.9255995],[28.6318488,36.9255406],[28.6317238,36.9254744],[28.6316049,36.9254014],[28.6315014,36.9253284],[28.6314041,36.9252503],[28.6313133,36.9251673],[28.6312294,36.9250797],[28.6311776,36.9248393],[28.6311302,36.9245984],[28.6310933,36.9245355],[28.6310662,36.9244695],[28.6310491,36.9244014],[28.6310425,36.9243321],[28.6310462,36.9242627],[28.6310604,36.9241942],[28.6310787,36.9241417],[28.631103,36.9240909],[28.6311332,36.9240421],[28.631169,36.9239958],[28.6312742,36.92395],[28.6313738,36.9238967],[28.6314668,36.9238364],[28.6315526,36.9237695],[28.6316304,36.9236967],[28.6317019,36.9236156],[28.6317635,36.9235294],[28.6318147,36.923439],[28.6318549,36.9233451],[28.6318839,36.9232486],[28.6318571,36.9231345],[28.631821,36.9230221],[28.6317756,36.9229118],[28.6317212,36.9228042],[28.6316579,36.9226997],[28.6315861,36.9225988],[28.6315015,36.9224968],[28.6314082,36.9223998],[28.6313065,36.9223082],[28.6311972,36.9222225],[28.6310805,36.9221432],[28.6309873,36.9222194],[28.6308868,36.9222896],[28.6307798,36.9223532],[28.6306669,36.9224099],[28.6305487,36.9224594],[28.6304261,36.9225013],[28.6303147,36.9225318],[28.6302009,36.922556],[28.6300852,36.9225739],[28.6299683,36.9225853],[28.6298507,36.9225903],[28.6297289,36.9225861],[28.6296081,36.9225726],[28.6294896,36.9225499],[28.6293743,36.9225182],[28.6292633,36.9224777],[28.6290737,36.922416],[28.6288802,36.9223622],[28.6286835,36.9223167],[28.6284842,36.9222793],[28.6278485,36.9222247],[28.6277358,36.9216779],[28.627767,36.9216048],[28.6278079,36.9215348],[28.6278579,36.9214688],[28.627916,36.9214079],[28.6279818,36.9213522],[28.6280548,36.9213026],[28.6281339,36.9212594],[28.6282183,36.9212231],[28.6282633,36.9212099],[28.6283071,36.9211943],[28.6283848,36.9211595],[28.6284567,36.9211175],[28.6285217,36.9210689],[28.6285194,36.9210353],[28.6285104,36.9210025],[28.6284949,36.9209712],[28.6284734,36.9209424],[28.6284395,36.9209111],[28.6283985,36.9208858],[28.6283522,36.9208674],[28.6283022,36.9208566],[28.6282505,36.9208539],[28.6281992,36.9208593],[28.6281502,36.9208727],[28.6267796,36.9214549],[28.6258408,36.921858],[28.625699,36.9216544],[28.6255404,36.921427],[28.6277693,36.9202776],[28.6276621,36.9200074],[28.6275172,36.9200061],[28.6273726,36.9200129],[28.6272289,36.9200278],[28.6270821,36.9200516],[28.626938,36.9200838],[28.626797,36.9201243],[28.6267802,36.920071],[28.6267578,36.9200191],[28.62673,36.9199688],[28.6266821,36.9199018],[28.6266245,36.9198397],[28.6265581,36.9197836],[28.6264839,36.9197342],[28.6264028,36.9196922],[28.6263824,36.9195588],[28.6263727,36.9194246],[28.6263737,36.9192902],[28.6263853,36.9191561],[28.6264058,36.9190317],[28.6264355,36.9189084],[28.6264743,36.9187868],[28.6264962,36.9187265],[28.6265221,36.9186672],[28.626565,36.9185868],[28.6266155,36.9185093],[28.6266733,36.9184352],[28.626738,36.9183648],[28.626739,36.918268],[28.6267283,36.9181716],[28.6267059,36.9180764],[28.6266769,36.9179951],[28.6266395,36.917916],[28.6265939,36.9178398],[28.6265403,36.9177669],[28.6265073,36.9177338],[28.6264792,36.9176979],[28.626453,36.9176528],[28.6264345,36.9176052],[28.6264242,36.9175561],[28.6264222,36.9175064],[28.6264285,36.9174568],[28.626443,36.9174084],[28.6264758,36.9173252],[28.6265179,36.9172448],[28.6265687,36.9171676],[28.6266279,36.9170943],[28.6266951,36.9170256],[28.6267064,36.9169259],[28.6267277,36.9168271],[28.6267589,36.9167301],[28.6267997,36.9166353],[28.6268495,36.9165444],[28.6269081,36.9164569],[28.6269752,36.9163733],[28.6270114,36.916333],[28.6270505,36.9162944],[28.6271228,36.9162336],[28.6272022,36.9161789],[28.6272881,36.9161309],[28.6273795,36.9160899],[28.6274283,36.9160744],[28.6274756,36.9160563],[28.6275525,36.91602],[28.6276236,36.9159769],[28.6276883,36.9159277],[28.6277455,36.9158729],[28.6277947,36.9158133],[28.6278351,36.9157497],[28.6283474,36.9151814],[28.6285395,36.9149828],[28.6287242,36.9147797],[28.6289012,36.9145724],[28.6290524,36.9143842],[28.6291973,36.914193],[28.6292385,36.914126],[28.6292847,36.9140612],[28.6293358,36.9139987],[28.6294112,36.9139191],[28.6294944,36.9138447],[28.6295849,36.9137758],[28.6296819,36.913713],[28.629785,36.9136566],[28.6299058,36.9135826],[28.6300208,36.9135028],[28.6301297,36.9134177],[28.630232,36.9133276],[28.6303273,36.9132327],[28.6304153,36.9131334],[28.6305552,36.9129838],[28.6307007,36.9128377],[28.6308517,36.9126952],[28.6310081,36.9125565],[28.6311731,36.9123985],[28.6313301,36.9122354],[28.6313866,36.9121836],[28.6314364,36.9121274],[28.6314788,36.9120675],[28.6315156,36.9120002],[28.631543,36.9119301],[28.631561,36.9118581],[28.6315691,36.911785],[28.6315674,36.9117115],[28.631556,36.9115987],[28.6315343,36.9114869],[28.6315022,36.9113767],[28.6314601,36.9112687],[28.6312637,36.9110887],[28.6310725,36.9109052],[28.6308316,36.9106609],[28.6305999,36.910411],[28.6303778,36.9101556],[28.6304244,36.9100675],[28.6304795,36.9099827],[28.6305428,36.9099015],[28.6306051,36.9098332],[28.6306732,36.9097685],[28.6307467,36.9097077],[28.6307824,36.909672],[28.6308123,36.9096329],[28.6308359,36.9095912],[28.6308528,36.9095475],[28.6308642,36.9094913],[28.6308645,36.9094344],[28.6308539,36.9093782],[28.6308188,36.9092178],[28.6307723,36.9090593],[28.6307144,36.9089031],[28.6306626,36.9087855],[28.6306043,36.9086699],[28.6305397,36.9085564],[28.630469,36.9084452],[28.630423,36.9084194],[28.6303715,36.9084016],[28.6303165,36.9083925],[28.6302603,36.9083925],[28.63021,36.9084005],[28.6301625,36.9084158],[28.6301193,36.9084378],[28.6300819,36.9084659],[28.6295409,36.9089986],[28.6295454,36.909055],[28.629542,36.9091114],[28.6295309,36.9091672],[28.6295121,36.9092217],[28.629486,36.9092742],[28.6294498,36.9093279],[28.6294059,36.9093778],[28.629355,36.9094231],[28.6292976,36.9094633],[28.6292346,36.9094978],[28.629167,36.909526],[28.6290957,36.9095476],[28.6290109,36.9095664],[28.6289241,36.9095784],[28.6288364,36.9095836],[28.6287484,36.9095819],[28.6285995,36.9095722],[28.628452,36.909554],[28.6284089,36.9095228],[28.6283735,36.9094859],[28.6283534,36.9094562],[28.6283383,36.9094245],[28.6283286,36.9093916],[28.628304,36.9093778],[28.6282759,36.9093694],[28.6282461,36.9093669],[28.6282169,36.9093703],[28.6281897,36.9093794],[28.6281661,36.9093936],[28.6281475,36.909412],[28.6281357,36.9094812],[28.6281169,36.9095494],[28.6280912,36.9096162],[28.6280498,36.9096967],[28.6279985,36.9097735],[28.6279377,36.9098457],[28.6278312,36.9099769],[28.6277284,36.91011],[28.6276963,36.9101703],[28.6276582,36.9102283],[28.6276143,36.9102835],[28.6275648,36.9103358],[28.6275083,36.9103861],[28.6274467,36.9104325],[28.627415,36.9104551],[28.6273804,36.9104746],[28.6273241,36.9104978],[28.6272638,36.9105132],[28.627201,36.9105204],[28.6271377,36.9105191],[28.6270974,36.9105892],[28.627051,36.9106568],[28.6269989,36.9107216],[28.6269412,36.9107834],[28.6268706,36.9108485],[28.6267939,36.9109089],[28.6267116,36.9109644],[28.626624,36.9110145],[28.626578,36.9110609],[28.6265252,36.9111024],[28.6264665,36.9111384],[28.6264077,36.9111662],[28.6263453,36.9111886],[28.6262801,36.9112051],[28.626213,36.9112156],[28.6261245,36.9112246],[28.6260353,36.9112281],[28.6259461,36.9112263],[28.6258627,36.9112167],[28.6257813,36.9111997],[28.6257409,36.9111898],[28.6257027,36.9111754],[28.6256592,36.9111513],[28.6256219,36.9111213],[28.6255921,36.9110864],[28.6255689,36.9110464],[28.6255544,36.9110038],[28.6255491,36.9109599],[28.6255532,36.9109159],[28.6255759,36.9108121],[28.6255897,36.9107074],[28.6255944,36.9106021],[28.6255901,36.9104968],[28.6255766,36.9103921],[28.6255568,36.9102984],[28.6255297,36.9102059],[28.6254955,36.9101149],[28.6254241,36.9100024],[28.6253454,36.9098931],[28.6252595,36.9097873],[28.6251735,36.9096924],[28.6250818,36.909601],[28.6249845,36.9095133],[28.6249016,36.9095387],[28.6248231,36.9095718],[28.6247499,36.9096119],[28.6246916,36.9096521],[28.6246387,36.9096968],[28.6245918,36.9097456],[28.6245514,36.909798],[28.6245164,36.9098554],[28.6244889,36.9099153],[28.6244691,36.9099772],[28.6244572,36.9100403],[28.624457,36.9100723],[28.6244535,36.9101041],[28.6244415,36.9101533],[28.6244219,36.9102008],[28.6243949,36.910246],[28.6243609,36.910288],[28.6242014,36.9102434],[28.6240391,36.9102055],[28.6238989,36.9101786],[28.6237573,36.9101568],[28.6236146,36.9101401],[28.6234671,36.9101594],[28.6234386,36.9101616],[28.6234104,36.9101572],[28.6233838,36.9101457],[28.6233628,36.9101283],[28.6233494,36.9101065],[28.6233141,36.9100554],[28.6232736,36.9100068],[28.6232118,36.9099464],[28.6231419,36.9098918],[28.6230648,36.9098438],[28.6229786,36.9098016],[28.6228974,36.9097535],[28.6228217,36.9096999],[28.6227547,36.9096436],[28.6226939,36.9095831],[28.6226396,36.9095186],[28.6225354,36.9093575],[28.6223959,36.90916],[28.6223449,36.9090824],[28.6222896,36.9090069],[28.6222215,36.9089235],[28.6221482,36.9088431],[28.6220697,36.9087659],[28.6219918,36.9087006],[28.6219081,36.9086403],[28.6218189,36.9085852],[28.6218029,36.9084658],[28.621792,36.908346],[28.6217858,36.9081933],[28.6217903,36.9081169],[28.621788,36.9080404],[28.6217785,36.9079605],[28.6217617,36.9078814],[28.6217377,36.9078034],[28.6219389,36.9076421],[28.6219874,36.9076061],[28.6220282,36.9075645],[28.6220603,36.9075182],[28.62208,36.9074762],[28.6220925,36.9074324],[28.6220976,36.9073877],[28.6220951,36.9073429],[28.6220066,36.9070555],[28.6219595,36.9069605],[28.6219224,36.9068627],[28.6218955,36.9067627],[28.6218792,36.9066614],[28.6218735,36.9065657],[28.6218772,36.90647],[28.6219355,36.9063579],[28.6219999,36.906248],[28.6220901,36.9061126],[28.6221897,36.9059815],[28.6222917,36.9059838],[28.6223935,36.9059895],[28.6224907,36.9059982],[28.6225873,36.9060099],[28.622569,36.9059104],[28.6225397,36.9058126],[28.6225057,36.9057297],[28.6224638,36.9056491],[28.6224143,36.9055713],[28.6223782,36.9054963],[28.6223514,36.9054187],[28.6223344,36.9053395],[28.6223271,36.9052592],[28.6223268,36.9051739],[28.622334,36.9050888],[28.6223486,36.9050044],[28.6223707,36.9049209],[28.6224052,36.9048303],[28.6224497,36.9047425],[28.622504,36.9046583],[28.6225677,36.9045784],[28.6226401,36.9045034],[28.6227208,36.904434],[28.6227937,36.9044101],[28.6228703,36.904395],[28.6229488,36.904389],[28.6230259,36.9043921],[28.6231018,36.9044041],[28.6231747,36.9044246],[28.6232081,36.9044401],[28.6232431,36.9044533],[28.6233054,36.9044703],[28.62337,36.9044799],[28.6234357,36.9044821],[28.6235012,36.9044768],[28.6235337,36.9044723],[28.623565,36.9044641],[28.6236028,36.9044479],[28.6236359,36.9044262],[28.6236632,36.9043998],[28.6236837,36.9043697],[28.6236964,36.904337],[28.623721,36.904252],[28.6237341,36.9041653],[28.6237355,36.904078],[28.6237252,36.9039911],[28.6235234,36.9036292],[28.6231901,36.9032421],[28.6231864,36.9031158],[28.6231901,36.9029895],[28.6232052,36.9028346],[28.6232317,36.9026806],[28.6231881,36.902629],[28.6231376,36.9025816],[28.6230808,36.9025389],[28.6230185,36.9025016],[28.6229489,36.9024689],[28.6228751,36.9024429],[28.622798,36.9024239],[28.6227188,36.902412],[28.6226123,36.902391],[28.6225077,36.9023644],[28.6224056,36.9023324],[28.6223583,36.9023098],[28.6223064,36.9022951],[28.6222519,36.9022889],[28.6221969,36.9022914],[28.6221436,36.9023025],[28.6220941,36.9023217],[28.6220504,36.9023484],[28.622014,36.9023814],[28.6219656,36.9024111],[28.6219128,36.9024354],[28.6218564,36.9024539],[28.6217974,36.9024662],[28.6217381,36.9024721],[28.6216783,36.9024717],[28.6216191,36.9024652],[28.6215615,36.9024525],[28.6215064,36.902434],[28.6214303,36.9023997],[28.6213606,36.9023575],[28.6212987,36.9023082],[28.6212455,36.9022527],[28.6212051,36.9021967],[28.6211736,36.9021371],[28.6211517,36.9020748],[28.6211396,36.9020108],[28.6211376,36.9019461],[28.6211456,36.9018817],[28.6211668,36.9017441],[28.6211932,36.9016071],[28.6212268,36.9014706],[28.6212673,36.9013352],[28.6212887,36.9012677],[28.6213146,36.9012012],[28.6213549,36.9011167],[28.6214024,36.9010347],[28.621457,36.9009554],[28.6215184,36.9008795],[28.6215862,36.9008071],[28.6218846,36.9004875],[28.6220078,36.9003473],[28.6221241,36.9002033],[28.6222333,36.9000558],[28.6223288,36.8999149],[28.6224178,36.8997714],[28.6225002,36.8996253],[28.6224988,36.899524],[28.6224869,36.8994232],[28.6224645,36.8993236],[28.6224318,36.8992258],[28.6223962,36.8991451],[28.6223535,36.8990666],[28.6223041,36.8989908],[28.622248,36.898918],[28.6220207,36.8988155],[28.6217888,36.8987201],[28.6216717,36.8986743],[28.6215527,36.8986316],[28.6213631,36.8985713],[28.6211698,36.898519],[28.621036,36.8985069],[28.6209032,36.8984897],[28.6207715,36.8984675],[28.6206311,36.898438],[28.6204929,36.8984027],[28.6203571,36.8983619],[28.6202186,36.8983264],[28.6200781,36.8982965],[28.619936,36.8982722],[28.6197925,36.8982536],[28.619715,36.8982609],[28.6196387,36.8982739],[28.6195641,36.8982924],[28.6194921,36.8983163],[28.6194068,36.8983531],[28.6193273,36.8983975],[28.6192547,36.8984487],[28.6191931,36.8985024],[28.6191387,36.8985609],[28.619092,36.8986235],[28.6190535,36.8986895],[28.6189773,36.898808],[28.6188936,36.8989232],[28.6188027,36.8990349],[28.6187368,36.8990627],[28.6186755,36.8990967],[28.6186197,36.8991363],[28.6185702,36.899181],[28.6185278,36.89923],[28.6184924,36.8992839],[28.6184654,36.8993409],[28.6184473,36.8994],[28.6184159,36.8994761],[28.618376,36.8995496],[28.618328,36.8996199],[28.6182932,36.8996622],[28.6182494,36.8996987],[28.6181979,36.8997282],[28.618143,36.8997489],[28.6180844,36.8997616],[28.6180239,36.8997658],[28.6179634,36.8997614],[28.6179049,36.8997486],[28.6175676,36.8996596],[28.6171626,36.8994526],[28.6169924,36.899409],[28.6168261,36.8993568],[28.6166643,36.899296],[28.6165443,36.899244],[28.6164277,36.8991874],[28.6163147,36.8991262],[28.6162057,36.8990606],[28.6160885,36.898983],[28.6159763,36.8989009],[28.6158693,36.8988144],[28.6158201,36.898768],[28.6157678,36.8987238],[28.6156822,36.8986608],[28.6155903,36.8986036],[28.6154928,36.8985528],[28.6153903,36.8985085],[28.6152837,36.8984713],[28.615095,36.8984435],[28.6149082,36.8984085],[28.6148105,36.8983872],[28.6147156,36.8983591],[28.6146242,36.8983244],[28.614537,36.8982833],[28.6144547,36.8982361],[28.6143779,36.8981834],[28.6143073,36.8981254],[28.6142606,36.8980807],[28.6142074,36.8980409],[28.6141485,36.8980066],[28.6140847,36.8979785],[28.6140171,36.8979568],[28.6139467,36.8979419],[28.6138746,36.8979341],[28.6138017,36.8979334],[28.6137533,36.8978478],[28.6136959,36.8977657],[28.6136301,36.8976878],[28.6135616,36.8976195],[28.6134866,36.8975557],[28.6134055,36.8974969],[28.6133189,36.8974433],[28.6132931,36.8974224],[28.6132611,36.8974081],[28.6132254,36.8974013],[28.6131887,36.8974028],[28.613154,36.8974122],[28.6131239,36.8974289],[28.6131007,36.8974516],[28.6130862,36.8974786],[28.6130816,36.8975076],[28.6130265,36.897658],[28.6129768,36.8978097],[28.6129327,36.8979624],[28.6128861,36.8981514],[28.612848,36.8983417],[28.6128183,36.898533],[28.6127973,36.8987249],[28.6127409,36.8991678],[28.6127428,36.899222],[28.6127345,36.8992757],[28.612716,36.8993279],[28.6126879,36.8993771],[28.6126508,36.8994225],[28.6126056,36.8994627],[28.6125532,36.8994971],[28.6124942,36.899525],[28.6124306,36.8995453],[28.6123639,36.8995576],[28.6122956,36.8995616],[28.6122273,36.8995572],[28.6122432,36.8996215],[28.6122522,36.8996867],[28.6122541,36.8997523],[28.6122462,36.8998366],[28.6122279,36.8999199],[28.6121994,36.9000013],[28.6121609,36.90008],[28.6121128,36.9001553],[28.6120556,36.9002264],[28.6119927,36.90029],[28.6119225,36.9003486],[28.6118456,36.9004016],[28.6117627,36.9004485],[28.6116747,36.9004889],[28.6115822,36.9005224],[28.6115281,36.9005603],[28.6114686,36.9005929],[28.6114048,36.9006195],[28.6113374,36.9006399],[28.6112675,36.9006537],[28.611196,36.9006607],[28.6111352,36.9006613],[28.6110746,36.900657],[28.6110149,36.9006478],[28.6109787,36.9006524],[28.6109451,36.9006642],[28.6109163,36.9006824],[28.6108942,36.9007058],[28.6108826,36.9007267],[28.6108763,36.900749],[28.6108757,36.9007719],[28.6108476,36.9008359],[28.6108103,36.9008968],[28.6107644,36.9009537],[28.6107105,36.901006],[28.6106558,36.9010484],[28.6105959,36.901086],[28.6105313,36.9011183],[28.6104629,36.901145],[28.6103913,36.9011658],[28.6100855,36.9014554],[28.6100532,36.9014805],[28.6100139,36.9014981],[28.6099702,36.9015071],[28.6099252,36.9015068],[28.6098817,36.9014972],[28.6098446,36.9014802],[28.6098128,36.9014574],[28.6097877,36.9014298],[28.6097704,36.9013986],[28.6097628,36.9013729],[28.6097606,36.9013465],[28.6097637,36.9013203],[28.6095746,36.9011465],[28.6095267,36.9011661],[28.609475,36.9011779],[28.6094215,36.9011814],[28.6093681,36.9011766],[28.6093218,36.9011651],[28.6092788,36.9011474],[28.6092404,36.901124],[28.6092076,36.9010955],[28.6091816,36.9010629],[28.6091576,36.901054],[28.6091314,36.901051],[28.6091052,36.9010543],[28.6090851,36.9010616],[28.6090677,36.9010725],[28.6090542,36.9010865],[28.609022,36.9012345],[28.6089078,36.9013971],[28.6087834,36.9015549],[28.6086492,36.9017074],[28.6086159,36.9017429],[28.6085894,36.901782],[28.6085704,36.9018237],[28.6085594,36.9018672],[28.6085564,36.9019112],[28.6085616,36.9019551],[28.6085747,36.901998],[28.6085956,36.9020388],[28.6092071,36.9026394],[28.609594,36.9030163],[28.6096906,36.9034694],[28.609759,36.9037831],[28.6097706,36.9038427],[28.609792,36.9039006],[28.6098227,36.9039557],[28.6098577,36.9040019],[28.6098992,36.9040445],[28.6099467,36.9040828],[28.6101068,36.904154],[28.6102638,36.9042294],[28.6104175,36.9043091],[28.6105201,36.9043657],[28.6106169,36.9044287],[28.6107071,36.9044975],[28.6107903,36.9045718],[28.6108622,36.904647],[28.6109268,36.9047262],[28.6109839,36.9048091],[28.611033,36.9048952],[28.6111339,36.9049568],[28.6112301,36.9050228],[28.6113216,36.9050932],[28.6114079,36.9051676],[28.6114596,36.9052165],[28.6115195,36.9052592],[28.6115862,36.9052946],[28.6116506,36.9053197],[28.6117184,36.905338],[28.6117885,36.9053494],[28.6118598,36.9053536],[28.6120117,36.9055682],[28.612173,36.9057783],[28.6123053,36.905939],[28.6124432,36.9060968],[28.6121958,36.9063858],[28.6120335,36.9065756],[28.6121663,36.906841],[28.6123312,36.9071643],[28.6123539,36.9072159],[28.6123689,36.9072692],[28.6123759,36.9073236],[28.6123748,36.9073783],[28.6123652,36.9074346],[28.612347,36.9074896],[28.6123205,36.9075423],[28.6121579,36.907655],[28.6119884,36.9077609],[28.6118122,36.9078597],[28.6116601,36.9079368],[28.6115042,36.908009],[28.611345,36.9080763],[28.6111826,36.9081385],[28.6110358,36.9081895],[28.6108869,36.9082364],[28.610736,36.908279],[28.6106671,36.9081895],[28.6105883,36.9081054],[28.6105001,36.9080274],[28.6104034,36.9079563],[28.61031,36.9078987],[28.6102126,36.9078455],[28.6101115,36.9077969],[28.6100071,36.907753],[28.6098794,36.9077074],[28.6097482,36.9076688],[28.609614,36.9076375],[28.6094774,36.9076136],[28.6092661,36.9079214],[28.6091856,36.9079652],[28.6091088,36.9080132],[28.6090361,36.9080651],[28.608971,36.908118],[28.6089101,36.908174],[28.6088537,36.9082329],[28.6087686,36.9082259],[28.608683,36.9082256],[28.6085978,36.9082321],[28.6085138,36.9082452],[28.6084688,36.9082552],[28.6084261,36.9082701],[28.6083865,36.9082898],[28.6083508,36.9083139],[28.60832,36.9083416],[28.6082839,36.9083648],[28.6082435,36.908383],[28.6081999,36.9083956],[28.6081544,36.9084023],[28.6081076,36.908403],[28.6080613,36.9083974],[28.6080169,36.9083857],[28.6078506,36.9082812],[28.6078094,36.9082682],[28.6077665,36.9082596],[28.6077225,36.9082554],[28.6076719,36.9082562],[28.6076219,36.9082629],[28.6075737,36.9082753],[28.6074841,36.9083502],[28.6073997,36.9084289],[28.6073209,36.9085112],[28.6072305,36.9086184],[28.6071495,36.9087303],[28.6070781,36.9088463],[28.6070831,36.9089251],[28.6070793,36.909004],[28.6070669,36.9090823],[28.6070459,36.9091594],[28.6070123,36.9092441],[28.6069683,36.9093257],[28.6069145,36.9094034],[28.6066503,36.909471],[28.6063895,36.9095465],[28.6061687,36.9096174],[28.6059509,36.909694],[28.6058324,36.9097171],[28.6057118,36.9097321],[28.6055901,36.9097387],[28.6054681,36.9097369],[28.6053876,36.909731],[28.6053087,36.9097172],[28.6052325,36.9096957],[28.6051603,36.9096666],[28.6051001,36.9096348],[28.6050447,36.9095977],[28.6049949,36.909556],[28.6049511,36.9095101],[28.6048689,36.9094466],[28.6047804,36.9093887],[28.6046863,36.9093369],[28.6045963,36.9092953],[28.6045027,36.9092592],[28.604406,36.9092288],[28.6043068,36.9092042],[28.6042055,36.9091857],[28.6041345,36.9091521],[28.6040679,36.9091133],[28.6040062,36.9090696],[28.60395,36.9090213],[28.6038997,36.9089691],[28.6038534,36.9089097],[28.6038136,36.9088475],[28.6037804,36.9087827],[28.6037542,36.908716],[28.6037373,36.9086573],[28.6037258,36.9085978],[28.6037197,36.9085378],[28.6036905,36.9083589],[28.6036702,36.9082095],[28.6036536,36.9080597],[28.6036551,36.9079807],[28.6036485,36.9079018],[28.6036339,36.9078236],[28.6036114,36.9077466],[28.6035819,36.9076731],[28.603541,36.9076031],[28.6034896,36.9075377],[28.6034283,36.907478],[28.6033738,36.9074356],[28.6033143,36.9073978],[28.6032049,36.9073135],[28.6031004,36.9072254],[28.6030401,36.9071708],[28.6029737,36.9071208],[28.602902,36.9070758],[28.6028255,36.9070362],[28.6027618,36.9070088],[28.6026958,36.9069852],[28.60257,36.9069284],[28.6024486,36.9068657],[28.602332,36.9067976],[28.6022271,36.9067287],[28.6021271,36.9066553],[28.6020322,36.9065777],[28.601966,36.9066305],[28.6019076,36.906689],[28.6018578,36.9067523],[28.6018173,36.9068197],[28.6017866,36.9068903],[28.601766,36.9069632],[28.6017563,36.9070311],[28.6017554,36.9070995],[28.6017633,36.9071675],[28.6017204,36.9072036],[28.6016831,36.9072434],[28.601652,36.9072866],[28.6016226,36.9073439],[28.6016008,36.9074034],[28.6015869,36.9074644],[28.6015809,36.9075262],[28.6015822,36.9075792],[28.6015894,36.9076319],[28.6016024,36.9076839],[28.6011766,36.9078329],[28.6010764,36.9078061],[28.6009797,36.907772],[28.6008873,36.9077311],[28.6007999,36.9076836],[28.6007183,36.9076299],[28.6006432,36.9075705],[28.6005751,36.9075059],[28.6005136,36.9074352],[28.6004616,36.9073597],[28.6004196,36.9072804],[28.600388,36.9071981],[28.6003754,36.9071522],[28.6003659,36.9071059],[28.6003526,36.9070126],[28.6003481,36.9069187],[28.6003525,36.9068249],[28.6003679,36.90672],[28.6003923,36.9066162],[28.6004256,36.9065139],[28.6004519,36.9064485],[28.6004869,36.9063857],[28.6005302,36.9063263],[28.6005815,36.9062707],[28.6006401,36.9062199],[28.6007052,36.9061745],[28.6011934,36.9059708],[28.6011417,36.9059229],[28.6010959,36.9058715],[28.6010562,36.9058169],[28.601023,36.9057595],[28.6010101,36.9057326],[28.601004,36.9057042],[28.6010049,36.9056753],[28.6010146,36.905643],[28.6010331,36.9056131],[28.6011416,36.9055711],[28.6012544,36.905537],[28.6013391,36.9055173],[28.6014253,36.9055021],[28.6015125,36.9054914],[28.6017694,36.90556],[28.6018032,36.9055397],[28.6018311,36.9055142],[28.6018519,36.9054846],[28.6018646,36.9054523],[28.6018686,36.9054156],[28.6018649,36.905379],[28.6018536,36.9053433],[28.6018351,36.9053096],[28.6018065,36.9052757],[28.6017705,36.9052466],[28.6017283,36.9052233],[28.6016815,36.9052067],[28.6015256,36.9052063],[28.60137,36.9052143],[28.6012155,36.9052308],[28.6010596,36.9052563],[28.6009064,36.9052903],[28.6007706,36.9053043],[28.6006341,36.9053124],[28.6004973,36.9053148],[28.6003605,36.9053113],[28.6002122,36.9053008],[28.6000648,36.9052836],[28.599919,36.9052595],[28.5997751,36.9052287],[28.5997149,36.9052055],[28.5996604,36.9051746],[28.5996132,36.9051367],[28.5995746,36.905093],[28.5995531,36.9050591],[28.5995369,36.9050233],[28.5995078,36.904951],[28.5994878,36.9048767],[28.5994769,36.9048012],[28.5994754,36.9047252],[28.5994834,36.9046482],[28.599501,36.9045723],[28.5995279,36.9044982],[28.5995639,36.9044265],[28.5999515,36.9042635],[28.5999944,36.9041181],[28.600027,36.9039711],[28.6000494,36.9038228],[28.6000605,36.9036905],[28.6000635,36.9035579],[28.599996,36.9034881],[28.5999231,36.9034218],[28.5998451,36.9033594],[28.5997624,36.903301],[28.5996708,36.9032444],[28.5995747,36.9031928],[28.5994746,36.9031463],[28.5993708,36.9031053],[28.5993265,36.9030781],[28.5992872,36.9030463],[28.5992536,36.9030106],[28.5992263,36.9029716],[28.5992058,36.90293],[28.5991913,36.9028804],[28.5991864,36.9028297],[28.5991913,36.902779],[28.5992058,36.9027294],[28.5992023,36.9026],[28.5991884,36.902471],[28.5991732,36.9023848],[28.5991527,36.9022992],[28.5991267,36.9022147],[28.5990868,36.9021106],[28.5990389,36.9020088],[28.5991154,36.9018912],[28.599202,36.9017782],[28.5992984,36.9016704],[28.5993786,36.9015915],[28.5994641,36.9015162],[28.5995545,36.9014447],[28.6001708,36.9013213],[28.6002277,36.9013091],[28.6002807,36.9012885],[28.6003278,36.9012603],[28.6003674,36.9012254],[28.6003981,36.9011851],[28.6004147,36.9011518],[28.6004251,36.9011169],[28.6004423,36.9010466],[28.6004494,36.9009752],[28.6004464,36.9009036],[28.6004386,36.9008559],[28.6004263,36.9008088],[28.6003962,36.9007156],[28.6003565,36.9006248],[28.600339,36.9005911],[28.6003143,36.9005604],[28.6002833,36.9005336],[28.6002469,36.9005116],[28.6002063,36.900495],[28.6001546,36.9004831],[28.600101,36.90048],[28.5998455,36.9005202],[28.5997764,36.9005314],[28.599706,36.900535],[28.5996357,36.9005309],[28.5995738,36.9005209],[28.5995139,36.9005049],[28.5994569,36.9004833],[28.5994035,36.9004562],[28.5993547,36.9004242],[28.5992282,36.9003387],[28.5990969,36.900258],[28.598961,36.9001823],[28.5988209,36.9001116],[28.5986761,36.9000459],[28.5985276,36.8999856],[28.5983757,36.8999309],[28.598288,36.8998844],[28.598206,36.8998317],[28.5981246,36.8997682],[28.5980514,36.8996986],[28.5978942,36.8995673],[28.5977388,36.8994415],[28.5975811,36.8993175],[28.5975325,36.8992157],[28.5974906,36.8991121],[28.5974556,36.8990068],[28.5974275,36.8989003],[28.597406,36.8987899],[28.5973919,36.8986788],[28.5973853,36.8985673],[28.5973751,36.8985228],[28.5973736,36.8984776],[28.5973809,36.8984328],[28.5973968,36.8983894],[28.5974208,36.8983485],[28.5974403,36.898324],[28.5974627,36.8983012],[28.5975112,36.8982582],[28.5975656,36.8982199],[28.5976251,36.8981869],[28.597689,36.8981597],[28.5977322,36.8981454],[28.5977766,36.8981337],[28.5978601,36.8981],[28.5979383,36.8980592],[28.5980105,36.8980117],[28.5980756,36.8979581],[28.598133,36.8978991],[28.5981681,36.8978548],[28.5981989,36.8978085],[28.5982564,36.8977143],[28.5983053,36.897617],[28.5983328,36.8975508],[28.5983528,36.8974829],[28.5983652,36.8974138],[28.5983697,36.8973441],[28.5983683,36.8972971],[28.5983633,36.8972503],[28.5983475,36.8971572],[28.5983223,36.8970655],[28.5982878,36.8969757],[28.5982434,36.8968866],[28.5982042,36.8967959],[28.5981705,36.8967038],[28.5981491,36.8966349],[28.5981348,36.8965649],[28.5981276,36.8964941],[28.5981273,36.8964309],[28.5981326,36.8963679],[28.5981437,36.8963054],[28.5981208,36.8962612],[28.5981042,36.8962152],[28.5980941,36.8961681],[28.5980907,36.8961086],[28.5980954,36.8960492],[28.5981079,36.8959905],[28.5981283,36.8959332],[28.5981524,36.8958845],[28.5981839,36.8958385],[28.5982223,36.8957961],[28.5982671,36.8957578],[28.5983261,36.8957193],[28.5983916,36.8956881],[28.598462,36.8956648],[28.5985359,36.8956498],[28.5986117,36.8956436],[28.5986819,36.8955771],[28.5987452,36.8955063],[28.5988033,36.8954282],[28.5988552,36.8953474],[28.5989007,36.8952641],[28.5989396,36.8951787],[28.598971,36.8950938],[28.5989958,36.8950075],[28.5990141,36.8949202],[28.5988982,36.8948328],[28.5987744,36.8947528],[28.5986432,36.8946805],[28.5985742,36.8946469],[28.5985096,36.8946082],[28.59845,36.8945645],[28.598396,36.8945164],[28.5983482,36.8944644],[28.5982994,36.8943972],[28.5982584,36.8943267],[28.5982254,36.8942536],[28.5982007,36.8941785],[28.5981846,36.8941019],[28.598177,36.8940232],[28.5981785,36.8939444],[28.5981888,36.893866],[28.5982081,36.8937887],[28.5982138,36.8937145],[28.5982105,36.8936403],[28.598198,36.8935667],[28.5981797,36.8935034],[28.5981548,36.8934417],[28.5981008,36.8933194],[28.5980439,36.8932135],[28.5979925,36.8931058],[28.5979465,36.8929966],[28.5979214,36.8929296],[28.5979039,36.892861],[28.5978941,36.8927914],[28.5978922,36.8927215],[28.5979007,36.8926356],[28.5979211,36.8925509],[28.5979171,36.8925147],[28.5979062,36.8924793],[28.5978886,36.8924457],[28.5978647,36.8924147],[28.5978419,36.8923926],[28.5978132,36.8923754],[28.5977803,36.892364],[28.5977449,36.8923592],[28.5977092,36.8923611],[28.5976786,36.8923684],[28.5976506,36.8923807],[28.5976265,36.8923975],[28.5976073,36.8924178],[28.5975938,36.892441],[28.5975639,36.8924905],[28.5975444,36.8925433],[28.5975357,36.8925979],[28.5975382,36.8926528],[28.5975474,36.8926939],[28.5975629,36.8927338],[28.5975782,36.8928162],[28.5975838,36.8928994],[28.5975797,36.8929826],[28.5975673,36.8930598],[28.5975465,36.8931358],[28.5975214,36.8932899],[28.5975119,36.8933682],[28.5974921,36.8934453],[28.5974623,36.8935203],[28.5974228,36.8935924],[28.5973915,36.8936382],[28.5973563,36.8936822],[28.5972867,36.8937704],[28.5972448,36.8938212],[28.5971971,36.8938686],[28.5971441,36.8939122],[28.5970862,36.8939517],[28.5970272,36.8939851],[28.5969646,36.8940141],[28.5968991,36.8940386],[28.596533,36.8947143],[28.5964942,36.894759],[28.5964486,36.8947995],[28.5963969,36.8948349],[28.5963455,36.8948622],[28.5962895,36.8948828],[28.5962301,36.8948961],[28.5961689,36.894902],[28.5961023,36.8948996],[28.5960371,36.8948883],[28.5959071,36.8948659],[28.59578,36.8948349],[28.5956764,36.8948025],[28.5955758,36.8947644],[28.5954789,36.8947207],[28.5954373,36.8947082],[28.5953939,36.8947006],[28.5953495,36.8946982],[28.5953016,36.8947014],[28.595255,36.8947106],[28.5952107,36.8947255],[28.5951335,36.8947529],[28.5950604,36.8947866],[28.5949922,36.8948263],[28.5949296,36.8948715],[28.5948734,36.8949218],[28.5948342,36.8949643],[28.5947996,36.8950093],[28.5947201,36.8950935],[28.5946351,36.8951741],[28.5945448,36.8952511],[28.5944636,36.8953138],[28.5943746,36.8953694],[28.5942789,36.8954174],[28.5941775,36.8954571],[28.5940714,36.8954881],[28.5939775,36.8955076],[28.5938816,36.895519],[28.5937847,36.8955222],[28.5936879,36.8955171],[28.593594,36.8955041],[28.5935024,36.8954833],[28.593414,36.895455],[28.5933298,36.8954195],[28.5932616,36.8954032],[28.5931917,36.8953926],[28.5931064,36.8953877],[28.593021,36.8953913],[28.5929368,36.8954034],[28.5928204,36.8953942],[28.5927052,36.8953776],[28.592592,36.8953538],[28.5924816,36.8953228],[28.5923746,36.8952849],[28.5922717,36.8952404],[28.5921773,36.8951915],[28.592088,36.8951368],[28.5920046,36.8950766],[28.5919273,36.8950113],[28.5918569,36.8949412],[28.5917936,36.8948669],[28.5917379,36.8947888],[28.591701,36.8947274],[28.5916688,36.8946643],[28.59159,36.8945435],[28.5915019,36.8944268],[28.5914159,36.8943269],[28.591323,36.894231],[28.5912236,36.8941394],[28.5910593,36.8938176],[28.5910339,36.8937674],[28.5910164,36.8937151],[28.5910069,36.8936615],[28.5910056,36.8936073],[28.5910126,36.8935535],[28.5910278,36.8935007],[28.5910519,36.8934478],[28.5910837,36.8933977],[28.5911228,36.8933509],[28.5911686,36.8933082],[28.5912063,36.8932796],[28.591247,36.8932538],[28.5913315,36.8932058],[28.5914214,36.8931644],[28.5914932,36.8931376],[28.5915674,36.893115],[28.5916433,36.8930969],[28.5918733,36.8932385],[28.591909,36.8932405],[28.5919441,36.8932354],[28.5919766,36.8932234],[28.5920025,36.893207],[28.592023,36.8931863],[28.592037,36.8931623],[28.5920175,36.8929049],[28.5920259,36.8928043],[28.5920432,36.8927045],[28.5920696,36.8926059],[28.5921047,36.8925091],[28.592141,36.8924292],[28.5921833,36.8923513],[28.592271,36.8921965],[28.5923433,36.8920815],[28.5924205,36.8919685],[28.5924373,36.8919009],[28.5924429,36.891832],[28.5924373,36.8917632],[28.5924205,36.8916956],[28.5924083,36.8916633],[28.59239,36.8916329],[28.5923659,36.8916052],[28.5923367,36.8915808],[28.5922963,36.891557],[28.5922511,36.8915397],[28.5922026,36.8915293],[28.591992,36.8915066],[28.5917808,36.8914889],[28.5915689,36.8914762],[28.5913563,36.8914685],[28.5911434,36.8914658],[28.5909306,36.8914682],[28.5908442,36.8914781],[28.590757,36.8914812],[28.5906699,36.8914776],[28.5905836,36.8914671],[28.590499,36.89145],[28.5904169,36.8914263],[28.5903617,36.8914062],[28.5903083,36.891383],[28.5901956,36.891347],[28.5900796,36.8913184],[28.5899611,36.8912974],[28.5898409,36.8912842],[28.5897705,36.8912802],[28.5897,36.8912788],[28.5895589,36.8912801],[28.5894181,36.8912879],[28.5892781,36.8913024],[28.5891395,36.8913234],[28.5890061,36.8913501],[28.5888749,36.8913828],[28.5887462,36.8914215],[28.5886205,36.891466],[28.5879184,36.8914371],[28.5878714,36.8914243],[28.5878269,36.8914066],[28.5877857,36.8913843],[28.5877488,36.8913577],[28.5877099,36.8913198],[28.5876794,36.8912773],[28.5876581,36.8912313],[28.5876467,36.8911831],[28.5876455,36.8911341],[28.5875935,36.8909511],[28.5875376,36.8907689],[28.587505,36.8906683],[28.5874653,36.8905693],[28.5874189,36.8904723],[28.5873669,36.8903796],[28.5873087,36.8902893],[28.5871942,36.8901081],[28.5870809,36.8899367],[28.5869636,36.889767],[28.5869406,36.8897203],[28.5869252,36.8896717],[28.5869176,36.8896219]],[[28.6373676,36.9235257],[28.6373689,36.9235916],[28.6373814,36.9236567],[28.6374051,36.9237199],[28.6374394,36.9237798],[28.6374761,36.9238292],[28.6375188,36.9238755],[28.6375671,36.9239181],[28.6376204,36.9239567],[28.63768,36.9239796],[28.6377428,36.9239959],[28.6378078,36.9240054],[28.6378738,36.9240079],[28.6379396,36.9240033],[28.6380026,36.9239922],[28.6380633,36.9239746],[28.6381206,36.9239508],[28.6381736,36.9239213],[28.6382212,36.9238865],[28.6382845,36.9238334],[28.638342,36.9237763],[28.6383935,36.9237156],[28.6384187,36.9236848],[28.6384385,36.9236517],[28.6384559,36.9236047],[28.6384626,36.923556],[28.6384582,36.9235071],[28.6384429,36.9234597],[28.6384173,36.9234152],[28.6383822,36.9233751],[28.6383331,36.9233147],[28.6382752,36.9232595],[28.6382092,36.9232105],[28.6381434,36.9231721],[28.6380728,36.9231397],[28.637998,36.9231138],[28.6379202,36.9230947],[28.6378703,36.9230837],[28.637819,36.923079],[28.6377673,36.9230808],[28.6377087,36.9230909],[28.6376533,36.9231093],[28.637603,36.9231354],[28.6375553,36.9231672],[28.6375127,36.9232033],[28.6374758,36.9232432],[28.6374452,36.9232864],[28.6374213,36.9233322],[28.6373958,36.9233952],[28.6373778,36.9234599],[28.6373676,36.9235257]],[[28.7022454,36.933726],[28.7022509,36.9337716],[28.7022617,36.9338331],[28.7022801,36.9338934],[28.7023059,36.933952],[28.7023388,36.9340083],[28.7023803,36.9340639],[28.7024289,36.9341157],[28.7024838,36.9341633],[28.7025446,36.934206],[28.7026594,36.9342937],[28.7027816,36.9343746],[28.7029108,36.9344483],[28.7030295,36.934507],[28.7032796,36.934606],[28.7034099,36.934646],[28.7035431,36.9346793],[28.703665,36.9347157],[28.7037844,36.934757],[28.703901,36.9348032],[28.7040145,36.9348541],[28.7041224,36.9348953],[28.7042333,36.934931],[28.7043468,36.9349611],[28.7044624,36.9349854],[28.7045713,36.9350011],[28.7046813,36.9350103],[28.7047919,36.9350129],[28.7049024,36.9350089],[28.7049576,36.9350049],[28.7050123,36.9349982],[28.7050945,36.934983],[28.7051747,36.9349618],[28.7052521,36.9349348],[28.705326,36.9349022],[28.7053958,36.9348642],[28.7054777,36.9348147],[28.7055561,36.9347616],[28.7055948,36.9347346],[28.7056305,36.9347051],[28.7056752,36.9346601],[28.705713,36.9346113],[28.7057436,36.9345594],[28.7057665,36.934505],[28.7057814,36.9344489],[28.7057987,36.9343558],[28.7058069,36.934262],[28.7058081,36.934215],[28.7058062,36.934168],[28.7057965,36.9340902],[28.7057786,36.9340134],[28.7057527,36.933938],[28.7057189,36.9338647],[28.7057,36.9338286],[28.7056775,36.9337939],[28.705631,36.9337386],[28.7055751,36.9336892],[28.7055111,36.9336466],[28.7054401,36.9336116],[28.7048943,36.9335087],[28.7039609,36.9334444],[28.7037867,36.933413],[28.7036103,36.9333905],[28.7034326,36.933377],[28.7032541,36.9333726],[28.7030974,36.9333762],[28.7029412,36.9333867],[28.7028633,36.9333937],[28.702786,36.9334042],[28.7026723,36.9334266],[28.7025614,36.9334569],[28.7024542,36.9334947],[28.7023515,36.9335398],[28.7023167,36.9335681],[28.7022881,36.9336006],[28.7022664,36.9336363],[28.7022506,36.9336804],[28.7022454,36.933726]]]}},{"type":"Feature","properties":{"id":"uzungol-set","name":"Uzungöl","source":"OpenStreetMap","source_url":"https://www.openstreetmap.org/copyright"},"geometry":{"type":"Polygon","coordinates":[[[40.290127,40.6195674],[40.2902329,40.6195067],[40.2904564,40.6193922],[40.2904909,40.6193401],[40.2906309,40.6191473],[40.2907968,40.6187407],[40.2912315,40.6179716],[40.2914182,40.6179955],[40.2922414,40.6182668],[40.2930002,40.6184872],[40.2932089,40.6185786],[40.2933943,40.6186399],[40.2934882,40.6186438],[40.2936009,40.6185858],[40.2938314,40.6185527],[40.2941473,40.6184251],[40.2944072,40.6183709],[40.2949677,40.6184212],[40.2951562,40.6183284],[40.2953498,40.6180151],[40.2954925,40.6179223],[40.2957881,40.61793],[40.2963435,40.618046],[40.2971282,40.6179416],[40.2973829,40.6179455],[40.2977804,40.618046],[40.2980258,40.6181074],[40.2982518,40.6183762],[40.2983885,40.6184074],[40.2986063,40.6183766],[40.2986427,40.6185676],[40.2984504,40.6185926],[40.2983642,40.6186391],[40.2983116,40.6186727],[40.2982963,40.6187255],[40.2983342,40.6188148],[40.2984287,40.6189149],[40.2985609,40.6190027],[40.2987213,40.6190637],[40.2989057,40.6190665],[40.2989752,40.6191056],[40.2989936,40.6191788],[40.2989931,40.619213],[40.2989895,40.6194322],[40.2989673,40.6195554],[40.2989406,40.6195999],[40.2988609,40.6196827],[40.2986777,40.619775],[40.2985889,40.6198054],[40.2983532,40.6198401],[40.2981628,40.6198707],[40.2978434,40.6198901],[40.2973006,40.6200802],[40.2970201,40.6200926],[40.2968406,40.6201204],[40.296355,40.620172],[40.2959595,40.6201776],[40.2957756,40.6201129],[40.2955832,40.6201082],[40.2954314,40.6201965],[40.295164,40.620289],[40.2948282,40.6202872],[40.2944337,40.620204],[40.2941046,40.6201007],[40.2938963,40.6200859],[40.2937346,40.6201385],[40.2935078,40.6202493],[40.2933001,40.6203216],[40.2930968,40.6203201],[40.2927954,40.6202954],[40.2924929,40.6202937],[40.2921573,40.6203145],[40.2919636,40.6202989],[40.2917793,40.6202132],[40.2915862,40.6200932],[40.2914693,40.6199949],[40.2913655,40.619857],[40.2911872,40.6197617],[40.2909708,40.6197353],[40.29072,40.6197129],[40.2907066,40.6196864],[40.2906596,40.6196834],[40.2906261,40.6197058],[40.2905365,40.6196926],[40.2901945,40.6197027],[40.2901563,40.6196367],[40.290127,40.6195674]],[[40.2914494,40.6185084],[40.2914628,40.6185369],[40.2915567,40.6186163],[40.2916157,40.6186631],[40.291664,40.6186692],[40.2917176,40.6186387],[40.291723,40.6186041],[40.2916747,40.6185003],[40.2916532,40.618427],[40.2916264,40.6183924],[40.2915755,40.6183842],[40.2915111,40.6183964],[40.2914789,40.6184392],[40.2914494,40.6185084]]]}},{"type":"Feature","properties":{"id":"eymir-set","name":"Eymir Gölü","source":"OpenStreetMap","source_url":"https://www.openstreetmap.org/copyright"},"geometry":{"type":"Polygon","coordinates":[[[32.8156552,39.821082],[32.8156799,39.820984],[32.8157678,39.8209151],[32.8159194,39.8208389],[32.8161299,39.8207287],[32.8162949,39.8206267],[32.8163391,39.82057],[32.8163525,39.8205082],[32.8163338,39.8204402],[32.8163472,39.8203599],[32.8164142,39.8203022],[32.8164731,39.8202359],[32.8165269,39.82009],[32.8165591,39.8199026],[32.816551,39.819678],[32.8164867,39.8194246],[32.8164571,39.8193257],[32.8163955,39.8191753],[32.8163472,39.8189446],[32.8162935,39.8187551],[32.8162882,39.8185614],[32.8163257,39.8184522],[32.8163499,39.8183039],[32.8163847,39.8180196],[32.8164536,39.8177984],[32.8165323,39.8176323],[32.8166791,39.8174477],[32.8167434,39.8172282],[32.8167817,39.8170472],[32.8167227,39.8168577],[32.8165242,39.8166887],[32.8163794,39.816493],[32.8163338,39.8163117],[32.8162801,39.8162035],[32.8163338,39.8161211],[32.8163847,39.8160161],[32.8164545,39.8159594],[32.816484,39.8159275],[32.8164907,39.8159028],[32.8164773,39.8158379],[32.8164183,39.81581],[32.8163861,39.8157245],[32.8163096,39.815707],[32.8162801,39.8156318],[32.816205,39.8155453],[32.8161326,39.8154773],[32.8159945,39.8153073],[32.8159598,39.8152477],[32.8158778,39.8150859],[32.8157946,39.8148953],[32.8157558,39.8147861],[32.8157249,39.8146481],[32.8157207,39.8145371],[32.8157558,39.8144709],[32.8158094,39.8144225],[32.8159314,39.8143823],[32.816138,39.8143349],[32.8165309,39.8142638],[32.817762,39.8139775],[32.8181261,39.81392],[32.8184809,39.8138384],[32.8188376,39.8137652],[32.819252,39.8137065],[32.8195216,39.8136797],[32.8198796,39.8136633],[32.8203515,39.8136383],[32.8207165,39.8136293],[32.8208064,39.8136725],[32.820864,39.8137148],[32.8209324,39.8139126],[32.8210142,39.8141258],[32.8210545,39.8141989],[32.8211322,39.8142638],[32.8211926,39.8143638],[32.8212194,39.8144462],[32.8212516,39.8145605],[32.821257,39.8146285],[32.8212449,39.8148077],[32.8212355,39.8149375],[32.8211872,39.8150859],[32.8210786,39.8152249],[32.8209794,39.8153558],[32.8209606,39.8154083],[32.8209606,39.8154783],[32.8209726,39.8156092],[32.8210182,39.8157421],[32.8210799,39.8159306],[32.8210706,39.8160253],[32.8210022,39.8162417],[32.8209431,39.8165301],[32.8209056,39.8167763],[32.8208412,39.816971],[32.8207675,39.817074],[32.8206722,39.8171646],[32.8206981,39.8173812],[32.8206546,39.8176859],[32.8206675,39.8180525],[32.8206357,39.8182058],[32.8205272,39.8184393],[32.8203291,39.8186746],[32.8203278,39.8188862],[32.8204628,39.8193572],[32.8203879,39.8195567],[32.8202458,39.8197335],[32.8201456,39.8200978],[32.8201402,39.8203759],[32.8202055,39.8207329],[32.8203646,39.8213816],[32.8207925,39.8219861],[32.8209405,39.822241],[32.8211735,39.822485],[32.8213904,39.8226516],[32.8216074,39.8228074],[32.8219132,39.8228781],[32.8222757,39.8229029],[32.8226144,39.8229013],[32.8230226,39.8228726],[32.8235651,39.8227988],[32.8241817,39.8227996],[32.8247742,39.8228733],[32.8254001,39.8230547],[32.8260472,39.8231629],[32.8264172,39.8232618],[32.8266279,39.8231894],[32.8271696,39.8231476],[32.827321,39.8232344],[32.8275257,39.8232461],[32.8275973,39.8231283],[32.8277484,39.8230937],[32.8280299,39.8230319],[32.8280951,39.8229582],[32.8280772,39.8228884],[32.8282653,39.8227898],[32.8283455,39.822683],[32.828415,39.8225628],[32.828486,39.8224809],[32.828656,39.8224316],[32.8288035,39.8222763],[32.8290032,39.8221594],[32.8293107,39.822061],[32.8297938,39.8220359],[32.8301511,39.8221676],[32.8301165,39.8222781],[32.8302961,39.8223436],[32.830499,39.8224176],[32.8312502,39.8226915],[32.8316635,39.8228422],[32.8317039,39.8227],[32.8319462,39.8227738],[32.8319996,39.8227277],[32.8322938,39.8227561],[32.8325596,39.8228388],[32.8333158,39.8231571],[32.8335662,39.8233778],[32.8337419,39.8236666],[32.8339674,39.8238971],[32.834168,39.824142],[32.8342974,39.8243892],[32.8343792,39.8246703],[32.83465,39.8250929],[32.8346811,39.8252549],[32.8346854,39.8254499],[32.8346937,39.8256186],[32.8345953,39.8256241],[32.8346133,39.8258117],[32.8347021,39.825809],[32.8346997,39.8260937],[32.8347159,39.8263078],[32.8346905,39.8264159],[32.8346382,39.8265158],[32.8345043,39.8267298],[32.8339031,39.8270366],[32.8332098,39.8275158],[32.8323225,39.828162],[32.8318468,39.8284346],[32.8312593,39.8287206],[32.8306595,39.8289785],[32.829839,39.8291925],[32.8292344,39.8295277],[32.8289788,39.8297228],[32.828666,39.8300813],[32.8286966,39.8301682],[32.8288312,39.8302046],[32.829002,39.8300782],[32.8294276,39.8298672],[32.8297801,39.8297966],[32.8302329,39.829821],[32.8307981,39.8299965],[32.8313044,39.8300971],[32.8317762,39.8300423],[32.8319148,39.8299201],[32.8323164,39.8295615],[32.8327667,39.8292623],[32.8330068,39.8290306],[32.8334023,39.8287213],[32.8339506,39.8284336],[32.8344793,39.8281097],[32.8351459,39.8280012],[32.8363901,39.828048],[32.8369005,39.8281931],[32.8374337,39.8285886],[32.8379996,39.8287887],[32.8380481,39.8288231],[32.8382217,39.8288567],[32.8386563,39.8288348],[32.8390053,39.8287984],[32.8394629,39.8289138],[32.8397888,39.8289775],[32.8399686,39.8290107],[32.8404275,39.8290326],[32.8407376,39.8290042],[32.8415586,39.8289634],[32.841947,39.8288599],[32.8422222,39.8289358],[32.8426515,39.8292087],[32.8431095,39.8294748],[32.8434817,39.829691],[32.8437323,39.8298887],[32.8440596,39.830001],[32.8442625,39.8300706],[32.8441028,39.8303026],[32.843805,39.8303636],[32.8436968,39.8304714],[32.8435523,39.8305584],[32.8433697,39.8306332],[32.8430529,39.8308795],[32.8428081,39.8310172],[32.8423278,39.8311446],[32.8417661,39.8312394],[32.8414364,39.8311889],[32.8409748,39.8310903],[32.8405878,39.8308852],[32.8400449,39.8306623],[32.8397301,39.8304244],[32.8391268,39.830298],[32.8390114,39.8302718],[32.838886,39.8302994],[32.8387579,39.8303069],[32.8386741,39.8302898],[32.8385847,39.8302917],[32.838191,39.8304431],[32.8376914,39.8304885],[32.837116,39.8304431],[32.8364166,39.8303829],[32.8362122,39.8302697],[32.8359475,39.8302811],[32.8357079,39.8304128],[32.8354244,39.830587],[32.835072,39.8307762],[32.8347682,39.8308785],[32.8342251,39.8309741],[32.8339646,39.8311058],[32.8335313,39.8312801],[32.8328744,39.8318513],[32.8328462,39.8320862],[32.8327127,39.8322235],[32.8326418,39.8322166],[32.8324813,39.8321352],[32.831847,39.8318815],[32.8314382,39.831836],[32.8308477,39.8319117],[32.8305073,39.8320429],[32.8302848,39.8321833],[32.8299607,39.832336],[32.8298394,39.8323354],[32.8297369,39.8324069],[32.8296964,39.8323514],[32.8295304,39.8321994],[32.8291279,39.8318531],[32.8289018,39.8315701],[32.8287193,39.8313993],[32.8285311,39.8310033],[32.8283644,39.8308406],[32.8281477,39.8307405],[32.8280461,39.8306125],[32.8276051,39.8303661],[32.8275061,39.8303736],[32.827402,39.8303021],[32.8274571,39.8302552],[32.8273293,39.830147],[32.8266702,39.8299766],[32.8266377,39.8298231],[32.8264537,39.8296747],[32.8265565,39.8291683],[32.8265351,39.8287976],[32.8266202,39.8287421],[32.8266651,39.8286215],[32.8267925,39.8285246],[32.8268844,39.8283982],[32.8275758,39.8279064],[32.8282516,39.8274555],[32.8286255,39.8272887],[32.8289587,39.8272013],[32.8291865,39.8270746],[32.8295043,39.8269945],[32.8298467,39.8268447],[32.8299125,39.8267726],[32.8299527,39.8267428],[32.8300318,39.8267212],[32.8301337,39.8267098],[32.8301753,39.8266882],[32.8302021,39.8266542],[32.8302839,39.8266429],[32.8303483,39.8266532],[32.8303818,39.826646],[32.83041,39.8266274],[32.8304905,39.82658],[32.8305629,39.8265265],[32.8306259,39.8264698],[32.8306648,39.826407],[32.8306782,39.8263411],[32.8307332,39.8262113],[32.8307627,39.8261403],[32.8307842,39.8261083],[32.8308137,39.8260795],[32.8308552,39.8260434],[32.830874,39.8259971],[32.83087,39.8259755],[32.8308633,39.8259487],[32.83087,39.8259178],[32.8308915,39.8258848],[32.8309116,39.8258601],[32.8309277,39.8258261],[32.8309223,39.825718],[32.8308821,39.8255923],[32.8308579,39.8255707],[32.8308593,39.8255388],[32.830862,39.8255037],[32.8308231,39.8254316],[32.8307614,39.8252854],[32.8307265,39.8252277],[32.8306407,39.8251556],[32.8305052,39.8250876],[32.830359,39.8250567],[32.8301834,39.825032],[32.8300425,39.825032],[32.8299956,39.8250351],[32.8299339,39.8250269],[32.8298374,39.8250516],[32.8298092,39.8250639],[32.8297649,39.8250495],[32.8297234,39.8250495],[32.8296858,39.8250629],[32.8296415,39.8250753],[32.8296027,39.825067],[32.8295866,39.8250536],[32.829541,39.8250536],[32.8293411,39.8251],[32.8291453,39.825135],[32.8288986,39.825202],[32.8287953,39.8252205],[32.8287578,39.825237],[32.8286947,39.8252916],[32.8286263,39.8253122],[32.828574,39.8252957],[32.8283836,39.8253791],[32.8282964,39.8253904],[32.8282602,39.8254028],[32.8282092,39.8254358],[32.8281073,39.8254533],[32.8280765,39.8254522],[32.8280537,39.8254625],[32.8280483,39.8254873],[32.8280027,39.825514],[32.8278995,39.8255295],[32.8278324,39.8255758],[32.8276728,39.8256438],[32.827646,39.8256582],[32.827599,39.8256603],[32.8275387,39.8256562],[32.8273603,39.8257056],[32.8270505,39.825789],[32.8267635,39.8258199],[32.8265007,39.8258786],[32.8264591,39.8258704],[32.8264175,39.8258786],[32.8263505,39.8259147],[32.8261144,39.8259487],[32.8258999,39.8259889],[32.8257456,39.8259899],[32.8255203,39.8259487],[32.8253755,39.8259106],[32.8252642,39.8258859],[32.8252146,39.825858],[32.8250523,39.8258385],[32.8248672,39.8258127],[32.8247586,39.8258302],[32.8246433,39.8258447],[32.8245091,39.8258323],[32.824363,39.8257952],[32.8242771,39.8257509],[32.8241725,39.8256974],[32.8240196,39.82565],[32.8238909,39.8256428],[32.8237206,39.8256242],[32.8234979,39.8256315],[32.8233236,39.825651],[32.8231144,39.8256139],[32.8229012,39.8256078],[32.822763,39.8255624],[32.8226812,39.8255037],[32.8225739,39.8254255],[32.8224492,39.8253142],[32.8222279,39.8251649],[32.8221072,39.8250897],[32.8220227,39.8250011],[32.8219114,39.8249321],[32.8218363,39.8249208],[32.8217478,39.8249208],[32.8216016,39.824861],[32.8215091,39.8247786],[32.8213415,39.8247076],[32.8210182,39.8245829],[32.8209552,39.8245181],[32.8208359,39.8244944],[32.8206857,39.8245222],[32.8205703,39.824515],[32.8204603,39.8244614],[32.820349,39.8243831],[32.8201707,39.8243172],[32.8199588,39.8242688],[32.8197348,39.8242595],[32.81959,39.8242657],[32.8194036,39.8242369],[32.8192466,39.8241946],[32.8191045,39.8241473],[32.8188966,39.8240453],[32.818615,39.8239341],[32.8184474,39.8239073],[32.8183025,39.823864],[32.8181832,39.8237559],[32.8179887,39.823657],[32.8177969,39.8235354],[32.8176829,39.8234376],[32.8175502,39.8233367],[32.8173865,39.8231935],[32.8171357,39.82304],[32.8170405,39.8229875],[32.8169668,39.8229164],[32.8169252,39.8228412],[32.8168769,39.8228186],[32.8168327,39.8228144],[32.816779,39.8228217],[32.8166664,39.8228258],[32.8165765,39.8228031],[32.8164156,39.8227434],[32.8163096,39.8227403],[32.8161715,39.822732],[32.8160897,39.8227135],[32.8160267,39.8226301],[32.8159757,39.8225528],[32.815918,39.8225363],[32.8158684,39.8225168],[32.8158469,39.8224797],[32.8158268,39.8224282],[32.8158389,39.8223994],[32.8158738,39.8223788],[32.8158912,39.8223582],[32.8158952,39.8223293],[32.8158724,39.8222922],[32.8158751,39.8222088],[32.8158563,39.8221388],[32.8158349,39.822078],[32.8158376,39.8220152],[32.8158738,39.8219647],[32.8158952,39.8218957],[32.8158778,39.8217937],[32.8158885,39.8217226],[32.8158818,39.8216783],[32.8158309,39.8216227],[32.8157665,39.8215815],[32.8157464,39.8215424],[32.8157531,39.8215063],[32.8157879,39.8214826],[32.8158201,39.8214435],[32.8157946,39.8213673],[32.8157504,39.8213384],[32.8157142,39.8213343],[32.815686,39.8213096],[32.8156672,39.8211644],[32.8156552,39.821082]]]}},{"type":"Feature","properties":{"id":"mogan-set","name":"Mogan Gölü","source":"OpenStreetMap","source_url":"https://www.openstreetmap.org/copyright"},"geometry":{"type":"Polygon","coordinates":[[[32.7749154,39.7595188],[32.7752916,39.7591212],[32.7758088,39.758926],[32.7761755,39.7591284],[32.7773604,39.7592152],[32.7780187,39.7593164],[32.778329,39.7597357],[32.7778024,39.7600031],[32.7778024,39.7602272],[32.7780281,39.7604441],[32.7778118,39.760661],[32.7778494,39.7608706],[32.7781315,39.7609718],[32.7783384,39.7608128],[32.7786864,39.7607694],[32.7788838,39.7606031],[32.7792976,39.7608778],[32.7800217,39.7609284],[32.7806141,39.7613477],[32.7805765,39.7615935],[32.7802286,39.7616803],[32.7800969,39.7619839],[32.780285,39.7622152],[32.7807552,39.7621935],[32.7811314,39.7621429],[32.7817238,39.7624682],[32.7825043,39.7628079],[32.7827018,39.7626128],[32.783219,39.7627718],[32.7836328,39.7631911],[32.7839995,39.7632055],[32.7844885,39.7629959],[32.7853255,39.7631405],[32.7871216,39.7628079],[32.7877799,39.7623164],[32.7875354,39.7620995],[32.7870464,39.7619622],[32.7868489,39.7615429],[32.7858897,39.7610803],[32.785523,39.7602562],[32.7853255,39.7601116],[32.7849869,39.760126],[32.7847048,39.7597646],[32.7838491,39.7584272],[32.7839713,39.7580874],[32.7838397,39.7578127],[32.7838303,39.7574512],[32.7836892,39.7573645],[32.7835576,39.7567717],[32.7835952,39.7564536],[32.783125,39.7561789],[32.7818461,39.7556294],[32.7809245,39.7551378],[32.7806706,39.7542197],[32.7804543,39.7535545],[32.7805295,39.7531714],[32.7799653,39.7526508],[32.7799089,39.7521013],[32.7796549,39.7517615],[32.7795327,39.7508867],[32.7791659,39.7499324],[32.778865,39.7494479],[32.7775767,39.7488984],[32.7773416,39.747879],[32.776956,39.7477922],[32.7768714,39.7474379],[32.7772476,39.747409],[32.7775109,39.7471487],[32.7773886,39.7468378],[32.7771159,39.746751],[32.7767774,39.7467872],[32.7766081,39.7470258],[32.7762319,39.7468595],[32.7763824,39.7465992],[32.7760251,39.7463461],[32.7761379,39.7456809],[32.7766833,39.7450013],[32.7778212,39.7447771],[32.7793822,39.7446542],[32.7794481,39.7452254],[32.7797866,39.745464],[32.7801628,39.745464],[32.780379,39.7452037],[32.7808775,39.7456231],[32.7812536,39.7456086],[32.7814511,39.7454496],[32.7815075,39.7452543],[32.7819025,39.7453845],[32.7823539,39.7453483],[32.7825984,39.7452471],[32.7829839,39.7455002],[32.7834447,39.7456231],[32.783614,39.7458906],[32.7841782,39.7459918],[32.7849023,39.745746],[32.7858239,39.7460641],[32.7863223,39.7463461],[32.7869994,39.7466498],[32.7878927,39.7472716],[32.7881278,39.7477271],[32.7885886,39.7481031],[32.7891246,39.7482694],[32.7892375,39.7487032],[32.7891246,39.7491949],[32.7896325,39.7497516],[32.7900086,39.7499613],[32.7901266,39.7502442],[32.7902437,39.7505252],[32.7904664,39.7506418],[32.7903818,39.7507909],[32.7902901,39.7509563],[32.7903329,39.7512306],[32.7903544,39.7514613],[32.7905391,39.7516339],[32.7908795,39.7518501],[32.7911279,39.7519791],[32.7913087,39.7520546],[32.7914754,39.7522116],[32.791858,39.7527073],[32.7926511,39.753475],[32.7929637,39.7537247],[32.7931483,39.7538169],[32.7933613,39.7538492],[32.7935832,39.7539041],[32.7939608,39.7538719],[32.7941557,39.7538871],[32.7943344,39.7543498],[32.7968734,39.7546462],[32.7971838,39.7547402],[32.7977104,39.754798],[32.7989047,39.7553258],[32.7994971,39.755521],[32.7997134,39.7559331],[32.7999203,39.7561644],[32.7998827,39.7569669],[32.7997604,39.7577043],[32.799886,39.7577835],[32.8001272,39.7579356],[32.7997886,39.7582898],[32.7998639,39.7586802],[32.7995253,39.7591212],[32.7995253,39.7595766],[32.7993655,39.7601333],[32.7990457,39.7602706],[32.7991116,39.7606971],[32.7988294,39.7614706],[32.7991304,39.762208],[32.7987448,39.7628296],[32.7978138,39.7639429],[32.7976634,39.7649476],[32.7978326,39.7665234],[32.7976351,39.7681209],[32.7982088,39.7691328],[32.7989141,39.7694725],[32.7999861,39.7695665],[32.8000707,39.7691834],[32.8004187,39.7688437],[32.8003058,39.769646],[32.8007948,39.7697906],[32.8008983,39.7701664],[32.8013779,39.7704266],[32.8011428,39.7708748],[32.800635,39.7710844],[32.8005033,39.771359],[32.8008795,39.7716987],[32.8000707,39.7721613],[32.799309,39.7721252],[32.7989517,39.7724504],[32.7990897,39.7726486],[32.7995725,39.7730444],[32.8000553,39.7740587],[32.8007097,39.7745864],[32.8021474,39.7746359],[32.8027721,39.7749452],[32.8029459,39.7750221],[32.8030628,39.7750927],[32.8032478,39.7752152],[32.8034165,39.775344],[32.8036148,39.7755239],[32.8037926,39.7757102],[32.8039722,39.7759161],[32.8040664,39.7760658],[32.8041084,39.7761819],[32.8041178,39.7763231],[32.8041197,39.7770678],[32.8040982,39.7772707],[32.8040641,39.777451],[32.8039864,39.777613],[32.8038775,39.7777765],[32.803753,39.7779014],[32.8036814,39.7779889],[32.8036362,39.7780865],[32.8036463,39.7781927],[32.8036561,39.7783212],[32.8036189,39.7784321],[32.8035536,39.7785629],[32.8034743,39.7787217],[32.8034136,39.7788265],[32.803304,39.7789498],[32.8031664,39.7790838],[32.8030687,39.7792155],[32.8030199,39.7793328],[32.8029805,39.7794357],[32.8029483,39.7796162],[32.8029208,39.7797751],[32.8028285,39.7799781],[32.8027034,39.7802745],[32.802597,39.7804775],[32.8024776,39.7807364],[32.8024272,39.780873],[32.8024049,39.7810096],[32.8024107,39.7811928],[32.8024277,39.7813454],[32.8024726,39.7815195],[32.8025227,39.7816843],[32.802585,39.7818277],[32.8026275,39.7819183],[32.8026326,39.7819802],[32.8026334,39.7821685],[32.8025878,39.7825433],[32.8023496,39.7832537],[32.8020301,39.7833432],[32.8019734,39.783339],[32.801919,39.7833702],[32.8018875,39.7834074],[32.8018915,39.7834396],[32.8019078,39.7834645],[32.8019502,39.7834857],[32.8020086,39.7834887],[32.8020549,39.7834682],[32.8020813,39.7834213],[32.8022971,39.7833896],[32.8023171,39.783416],[32.8022759,39.783605],[32.8021943,39.7837975],[32.8021722,39.7838794],[32.8021688,39.7839613],[32.8021987,39.7840602],[32.8022593,39.784157],[32.8023057,39.7842158],[32.8023165,39.784256],[32.8023202,39.7843235],[32.8023489,39.7843931],[32.8024256,39.7845332],[32.8025305,39.7847033],[32.802613,39.7848097],[32.8027013,39.7848746],[32.8027567,39.7849046],[32.802837,39.7849511],[32.8028984,39.7849786],[32.8029504,39.7849793],[32.8030048,39.7849753],[32.8030359,39.7850053],[32.8030626,39.7850652],[32.8031018,39.7851526],[32.8031625,39.7853028],[32.8032481,39.7854938],[32.8034008,39.7858343],[32.8036089,39.7860987],[32.8037056,39.7862253],[32.8038878,39.7864637],[32.8041242,39.786773],[32.8042046,39.7868822],[32.8042519,39.7869805],[32.8043275,39.7871058],[32.8044321,39.7873584],[32.804519,39.7875742],[32.8045841,39.7878148],[32.8045848,39.787935],[32.8045886,39.788036],[32.8045839,39.7880501],[32.8045642,39.7881097],[32.8043766,39.7884364],[32.8042545,39.7885915],[32.8041828,39.78868],[32.8041076,39.788744],[32.8039954,39.788786],[32.8038969,39.7887988],[32.8038227,39.788783],[32.8036777,39.7887291],[32.8035158,39.7886602],[32.8035011,39.7886539],[32.803362,39.7886124],[32.8032182,39.7885862],[32.8030649,39.7885622],[32.8029457,39.7885258],[32.8028083,39.7884722],[32.8026759,39.7884372],[32.8025247,39.7884034],[32.8022067,39.788343],[32.8019734,39.7882911],[32.8017436,39.7882119],[32.8015161,39.7881514],[32.8014641,39.7881527],[32.8010148,39.7883361],[32.8009549,39.7884326],[32.8009348,39.788615],[32.8008647,39.7886698],[32.8008192,39.7887341],[32.8007467,39.7888579],[32.8007036,39.7890167],[32.8006657,39.7891983],[32.8006192,39.7893891],[32.8005844,39.7894827],[32.8005383,39.7895969],[32.8005318,39.7896252],[32.800496,39.7896187],[32.8004531,39.7896166],[32.8003995,39.789629],[32.8003673,39.7896413],[32.8003271,39.7896558],[32.8002439,39.7896516],[32.800193,39.7896413],[32.8001608,39.7896228],[32.8000964,39.7895877],[32.8000535,39.7895465],[32.8000159,39.7895197],[32.7999757,39.7894991],[32.7999408,39.7894641],[32.799886,39.7894474],[32.7997793,39.789403],[32.7996821,39.7893627],[32.7995321,39.7893443],[32.7993973,39.7894019],[32.7993218,39.78944],[32.7991812,39.7894751],[32.7990976,39.789447],[32.7990205,39.789378],[32.7987808,39.7893027],[32.798622,39.7891161],[32.79865,39.788908],[32.7984446,39.7888578],[32.7979215,39.7891807],[32.7977441,39.7893673],[32.7978911,39.789534],[32.7980702,39.7895807],[32.7981924,39.7896306],[32.7982381,39.7897511],[32.7982878,39.7898966],[32.7982953,39.7900463],[32.798246,39.7901867],[32.7981288,39.7903261],[32.7980198,39.7904685],[32.7977213,39.7906653],[32.7975046,39.7907447],[32.7973855,39.7908461],[32.7974257,39.7909764],[32.7974457,39.7910754],[32.7973555,39.7911723],[32.7971841,39.7912317],[32.7970493,39.791242],[32.796878,39.7912679],[32.796796,39.7912537],[32.7968075,39.7911739],[32.7968464,39.7911291],[32.7969147,39.7910598],[32.7969,39.7910252],[32.7968276,39.7910266],[32.7966816,39.7911085],[32.7966127,39.791112],[32.7965253,39.7911388],[32.7964756,39.7912037],[32.7964426,39.7912752],[32.7963122,39.7913266],[32.7961005,39.7913686],[32.7959959,39.7914058],[32.7958013,39.7914963],[32.7956389,39.7915447],[32.7954277,39.7915993],[32.7952876,39.7916424],[32.7952218,39.7916954],[32.7951966,39.7917672],[32.7952135,39.7919177],[32.7952789,39.7920711],[32.795336,39.792151],[32.7954744,39.7922308],[32.7955101,39.7923092],[32.795528,39.7924203],[32.7955499,39.7925189],[32.7956785,39.7926417],[32.7958322,39.7927843],[32.7960145,39.7929083],[32.7963252,39.7930632],[32.7965472,39.7931207],[32.7970549,39.7932514],[32.7971404,39.7933294],[32.7972157,39.7933996],[32.7973266,39.7934379],[32.7974511,39.7934632],[32.7975106,39.7935011],[32.7975843,39.7936281],[32.7976864,39.7937176],[32.7978172,39.7937622],[32.7980006,39.7937876],[32.7981067,39.7937787],[32.7982322,39.7937209],[32.7983049,39.7936444],[32.798319,39.7935645],[32.7982111,39.7934221],[32.7982451,39.7933538],[32.7983272,39.7932916],[32.7984215,39.7932356],[32.7985026,39.7932204],[32.798596,39.7932489],[32.7986528,39.7932919],[32.798726,39.7932946],[32.7987626,39.7932303],[32.7987605,39.7931576],[32.7987341,39.7930848],[32.7987225,39.7930217],[32.7987615,39.7929152],[32.7988582,39.7928244],[32.7990037,39.7926618],[32.7990464,39.792609],[32.7990636,39.7925483],[32.7990397,39.7924585],[32.799089,39.7923532],[32.799155,39.7922429],[32.7991798,39.7921284],[32.7992085,39.7920274],[32.7992595,39.7919394],[32.7993064,39.7918796],[32.7993213,39.7918179],[32.7993004,39.791762],[32.7992899,39.7916779],[32.7993009,39.7916171],[32.7993552,39.7915741],[32.7993946,39.7915433],[32.7994102,39.7914904],[32.7993733,39.7914546],[32.7993323,39.7913906],[32.7993062,39.7912957],[32.79934,39.7911967],[32.7993737,39.7911195],[32.7994606,39.7910441],[32.7995272,39.790978],[32.7995086,39.7909403],[32.7994424,39.790887],[32.7993849,39.7908197],[32.7993599,39.7907525],[32.799417,39.790666],[32.7995147,39.7905946],[32.7996449,39.7905232],[32.7998185,39.7903671],[32.7999272,39.7901641],[32.7999812,39.7899662],[32.7999798,39.7897954],[32.7999672,39.7897386],[32.7999972,39.7897403],[32.8000374,39.7897403],[32.800083,39.7897444],[32.8001286,39.7897526],[32.8001661,39.7897732],[32.8002171,39.7898083],[32.8002412,39.7898433],[32.8002627,39.7898783],[32.8003056,39.7899154],[32.8003405,39.7899278],[32.8003888,39.7899402],[32.8004156,39.7899422],[32.8004531,39.7899484],[32.8005141,39.7899664],[32.8005544,39.7900514],[32.8005997,39.7901323],[32.8005623,39.7902094],[32.8005067,39.7902648],[32.8004324,39.790361],[32.8003563,39.7904537],[32.8002631,39.7905568],[32.8001786,39.7906887],[32.800131,39.7907829],[32.8001156,39.7908566],[32.8001008,39.7909462],[32.8001102,39.7912002],[32.8001109,39.7912871],[32.8001008,39.7913842],[32.8000606,39.7915357],[32.7999935,39.7917974],[32.7999493,39.7919512],[32.7999039,39.7920508],[32.7998559,39.7921567],[32.7997868,39.7923025],[32.7996967,39.7925899],[32.7996346,39.7927113],[32.79961,39.7928232],[32.7996015,39.7929227],[32.7995898,39.7930682],[32.7995934,39.7932066],[32.7995951,39.7933269],[32.7995879,39.7934026],[32.7995937,39.7935043],[32.7996068,39.7936171],[32.799652,39.7937477],[32.7997566,39.7939785],[32.7998087,39.7940686],[32.7998903,39.7941402],[32.7998298,39.7941742],[32.7997459,39.7941845],[32.7993904,39.7940314],[32.7991424,39.7940071],[32.7988511,39.7941125],[32.7985859,39.7943681],[32.7983199,39.7946119],[32.7980026,39.7947271],[32.7977407,39.7948292],[32.7975988,39.7948698],[32.7974287,39.7948667],[32.7972955,39.7948196],[32.7971965,39.7947279],[32.7971385,39.7946066],[32.7972071,39.7944293],[32.7973867,39.794142],[32.7973543,39.7940222],[32.797247,39.7939263],[32.7971327,39.7938533],[32.7970239,39.7937803],[32.7969378,39.7937083],[32.7968653,39.7936723],[32.7968035,39.7936384],[32.7967369,39.7936138],[32.7966748,39.7936258],[32.7966395,39.7936441],[32.7965802,39.7936314],[32.7965183,39.7936003],[32.7964323,39.793561],[32.7962853,39.793557],[32.7960309,39.793483],[32.7956993,39.7933349],[32.7953024,39.7931453],[32.7947337,39.7925023],[32.794487,39.7920819],[32.794418,39.7918602],[32.7945724,39.791779],[32.7943854,39.791426],[32.7941781,39.791501],[32.7940683,39.7912354],[32.7941578,39.7909231],[32.794369,39.790532],[32.7945084,39.7902188],[32.7942617,39.7900127],[32.7940471,39.7894686],[32.794369,39.7890728],[32.7943153,39.7889657],[32.7941866,39.788875],[32.7940471,39.7885452],[32.7939505,39.7883803],[32.7935321,39.7881907],[32.7931352,39.7880011],[32.7922447,39.7876961],[32.7918906,39.7874158],[32.7915258,39.7868799],[32.7913971,39.7863275],[32.7913112,39.7855443],[32.7913327,39.7846374],[32.7912254,39.7842581],[32.7912791,39.7839036],[32.7911181,39.7829802],[32.7910752,39.7825597],[32.7908714,39.7823041],[32.7907855,39.7819825],[32.7909036,39.7814384],[32.7908928,39.781191],[32.7906247,39.7805988],[32.7903243,39.7801742],[32.790158,39.7799681],[32.790099,39.7797784],[32.7901634,39.7795352],[32.7903243,39.778925],[32.7903029,39.7786694],[32.7900989,39.7781485],[32.7899809,39.7779836],[32.7899245,39.7776982],[32.7898474,39.777504],[32.7900292,39.7774566],[32.7899953,39.7773146],[32.7898043,39.7773311],[32.7897766,39.7772341],[32.7899768,39.7771867],[32.7899337,39.7770399],[32.7898937,39.7769168],[32.7897273,39.776931],[32.7896903,39.7768363],[32.7898783,39.7768197],[32.7898382,39.7766658],[32.7896318,39.7767084],[32.7895948,39.7766279],[32.7897643,39.7765403],[32.7896718,39.776429],[32.78949,39.7764811],[32.7893884,39.7763958],[32.7892462,39.7761013],[32.7891846,39.7758455],[32.7890891,39.7757106],[32.7888672,39.7757129],[32.7887871,39.77581],[32.7888487,39.7759071],[32.7888518,39.7760421],[32.7887409,39.7760373],[32.7886793,39.7760231],[32.7885591,39.77608],[32.7882325,39.7761084],[32.788192,39.7760465],[32.7882242,39.7759517],[32.7880928,39.7757785],[32.7879426,39.775694],[32.7876932,39.7755043],[32.7874313,39.7752131],[32.7872826,39.7750227],[32.7871997,39.7748799],[32.7871134,39.7746975],[32.7869933,39.774411],[32.7867351,39.77398],[32.7863408,39.7735269],[32.7859889,39.7731294],[32.7858873,39.7729669],[32.7856334,39.7725458],[32.7855765,39.7722427],[32.7858407,39.7722052],[32.7859708,39.771974],[32.7860863,39.7716179],[32.7858395,39.7705623],[32.7853353,39.7699356],[32.784595,39.7695151],[32.7839513,39.7694079],[32.7837152,39.7692099],[32.7837367,39.768979],[32.7838976,39.7688471],[32.7844126,39.7686409],[32.7848525,39.7680884],[32.7850456,39.7676926],[32.7855069,39.7670163],[32.7857752,39.7667524],[32.7861292,39.7664885],[32.7862365,39.7662741],[32.7861078,39.7661174],[32.7857752,39.7659608],[32.7844663,39.7657876],[32.783093,39.7653175],[32.7824278,39.7649051],[32.7819128,39.7647649],[32.7810974,39.7647897],[32.7802713,39.7645258],[32.7794344,39.7643608],[32.7791126,39.764501],[32.7786834,39.7648886],[32.7784016,39.7652805],[32.7783735,39.7653571],[32.7783546,39.7654314],[32.7783398,39.7655041],[32.7783077,39.7655421],[32.7782435,39.7655018],[32.7781671,39.7654805],[32.7780996,39.7654646],[32.7780352,39.7654274],[32.7779003,39.7653103],[32.7776519,39.7651211],[32.7775861,39.7649332],[32.7780093,39.7647597],[32.7782632,39.7642681],[32.7786769,39.7639139],[32.7792318,39.7639429],[32.7794857,39.7638272],[32.779843,39.7639862],[32.7801345,39.7639862],[32.779843,39.7637043],[32.779307,39.763473],[32.7789967,39.7634224],[32.7790907,39.7631766],[32.7790531,39.7630465],[32.7788086,39.7629525],[32.7787334,39.7626489],[32.7791095,39.762367],[32.7791283,39.7619983],[32.7787898,39.761608],[32.7787992,39.7613622],[32.7785359,39.7611453],[32.7780657,39.7611598],[32.7777742,39.7610007],[32.7774544,39.7607983],[32.777351,39.760567],[32.776768,39.760408],[32.7764953,39.7605236],[32.7764858,39.7607405],[32.7761661,39.7606682],[32.7758934,39.7607622],[32.7756489,39.7604586],[32.7752727,39.7605019],[32.7752822,39.7602778],[32.7755078,39.7601911],[32.775395,39.7599164],[32.7749154,39.7595188]],[[32.7860618,39.7730164],[32.7860821,39.7730727],[32.786261,39.7732789],[32.7864236,39.7734383],[32.7866391,39.7736445],[32.7867692,39.7738226],[32.7869562,39.7740851],[32.7870619,39.7743007],[32.7871513,39.774485],[32.7872896,39.774735],[32.7873424,39.7747693],[32.7874319,39.7747506],[32.7874928,39.7747787],[32.7875985,39.7748912],[32.7876595,39.7750099],[32.7876514,39.7750474],[32.7875863,39.775113],[32.7875945,39.7751662],[32.7876148,39.7752255],[32.7877042,39.7752693],[32.7877612,39.7753505],[32.7878181,39.7754474],[32.7878709,39.7755099],[32.7879888,39.7755224],[32.788123,39.7755067],[32.7883141,39.7754349],[32.7884035,39.7753911],[32.7884889,39.7754036],[32.7885702,39.7753724],[32.7886271,39.7752943],[32.7887003,39.7752974],[32.7887328,39.7753349],[32.7887653,39.7754567],[32.788745,39.7755349],[32.788806,39.7756036],[32.7888588,39.7756192],[32.7889889,39.7755911],[32.7890337,39.7755536],[32.7890458,39.7753005],[32.789058,39.7751599],[32.7889808,39.7749787],[32.7887287,39.7746444],[32.7884848,39.7744131],[32.7882206,39.7741788],[32.7880132,39.7739726],[32.7876311,39.7736851],[32.7875538,39.773582],[32.7874766,39.773582],[32.7873343,39.7736195],[32.7871391,39.7735351],[32.7868302,39.773407],[32.7866228,39.7732852],[32.7865131,39.7731539],[32.7863464,39.7730664],[32.7861919,39.7729883],[32.7861065,39.7729914],[32.7860618,39.7730164]],[[32.7883494,39.7757296],[32.7883518,39.7757526],[32.7883642,39.7757736],[32.7883851,39.7757901],[32.7884121,39.7758002],[32.7884392,39.7758026],[32.788466,39.7757986],[32.7884898,39.7757883],[32.7885083,39.7757728],[32.7885196,39.7757537],[32.7885226,39.7757328],[32.7885171,39.7757123],[32.7885035,39.775694],[32.7884832,39.77568],[32.7884582,39.7756714],[32.7884283,39.7756695],[32.7883993,39.7756754],[32.7883747,39.7756886],[32.7883574,39.7757074],[32.7883494,39.7757296]],[[32.799165,39.7887273],[32.7992854,39.7888959],[32.7995119,39.789108],[32.7997242,39.7892603],[32.7999295,39.7892331],[32.8000852,39.789157],[32.8000994,39.7889884],[32.8002409,39.7887654],[32.8002197,39.788624],[32.8000498,39.7884064],[32.7999224,39.7882378],[32.7997313,39.788265],[32.7993632,39.7883629],[32.7992146,39.7885206],[32.799165,39.7887273]],[[32.8026241,39.7871877],[32.8026265,39.7872467],[32.8026547,39.7872914],[32.8027347,39.787333],[32.8027821,39.7873566],[32.8028437,39.787379],[32.8029024,39.7873776],[32.8029939,39.7873583],[32.8031077,39.7873349],[32.8032421,39.7872974],[32.8033812,39.7872598],[32.8037023,39.7871717],[32.8038716,39.7871228],[32.8039382,39.7870847],[32.8040021,39.7870242],[32.8040333,39.7869817],[32.8040442,39.7869326],[32.8040236,39.7868887],[32.8039772,39.7868555],[32.8039171,39.7868144],[32.8038769,39.7867682],[32.8038297,39.7867094],[32.8037955,39.7866135],[32.803766,39.7865679],[32.8036033,39.7864849],[32.8034967,39.7864271],[32.8033908,39.7863939],[32.8033008,39.7864018],[32.8032271,39.7864294],[32.8031296,39.7864818],[32.8030577,39.7865252],[32.8030074,39.786569],[32.802952,39.7866477],[32.802902,39.7866983],[32.8028893,39.7867257],[32.8029153,39.7867481],[32.8029486,39.7867499],[32.8029825,39.7867605],[32.8029944,39.7867855],[32.8029855,39.7868411],[32.8029625,39.7868823],[32.8029166,39.7869324],[32.8028296,39.7869709],[32.8027707,39.7870057],[32.8026809,39.787079],[32.8026361,39.7871307],[32.8026241,39.7871877]],[[32.8034476,39.7877868],[32.8034498,39.7878461],[32.8034619,39.7878993],[32.8034786,39.7879311],[32.803498,39.7879407],[32.8035508,39.7879385],[32.8035958,39.7879376],[32.8036436,39.7879609],[32.8037067,39.7880003],[32.8037687,39.7880282],[32.8038493,39.7880399],[32.8039219,39.7880561],[32.803989,39.7880841],[32.8040538,39.7881282],[32.8041227,39.7881589],[32.8041718,39.7881703],[32.8042184,39.7881745],[32.8042626,39.7881698],[32.8042997,39.7881532],[32.8043224,39.7881236],[32.8043346,39.7880637],[32.8043917,39.7880003],[32.804446,39.7879402],[32.8044623,39.7878772],[32.8044646,39.7877963],[32.8044505,39.7876703],[32.8044174,39.7875345],[32.8043889,39.7874562],[32.8043321,39.7873748],[32.8042662,39.7873161],[32.8042003,39.7872537],[32.8041525,39.7872152],[32.8041178,39.7872062],[32.8040479,39.7872239],[32.8039384,39.787256],[32.8037614,39.7873058],[32.8036718,39.7873557],[32.8035916,39.78742],[32.8035387,39.7875013],[32.8034975,39.7875827],[32.803475,39.7876751],[32.8034559,39.7877357],[32.8034476,39.7877868]]]}},{"type":"Feature","properties":{"id":"buyukcekmece-set","name":"Büyükçekmece Gölü","source":"OpenStreetMap","source_url":"https://www.openstreetmap.org/copyright"},"geometry":{"type":"Polygon","coordinates":[[[28.5205865,41.0880161],[28.5205869,41.0878909],[28.5205931,41.0877175],[28.5206056,41.0875442],[28.5206245,41.0873713],[28.5206576,41.087177],[28.5207033,41.0869841],[28.5207613,41.0867932],[28.520831,41.086543],[28.520894,41.0862918],[28.5209502,41.086037],[28.5209766,41.0859094],[28.5209987,41.0857813],[28.5210211,41.0856116],[28.5210358,41.0854414],[28.5210429,41.0852709],[28.5210355,41.085091],[28.5210381,41.084911],[28.5210509,41.0847313],[28.5210738,41.0845522],[28.5211015,41.0843983],[28.5211368,41.0842452],[28.5211794,41.0840933],[28.5212026,41.0840176],[28.5212293,41.0839426],[28.5212787,41.0838257],[28.5213366,41.083711],[28.5214029,41.0835989],[28.5214774,41.0834897],[28.521669,41.0832132],[28.5217648,41.0830749],[28.5218637,41.0829378],[28.5220068,41.0827485],[28.5221556,41.0825618],[28.5222384,41.0824724],[28.5223103,41.0823778],[28.522369,41.0822817],[28.5224166,41.0821821],[28.5224525,41.0820797],[28.5224766,41.0819755],[28.5224912,41.0818635],[28.5225114,41.0817521],[28.5225408,41.0816277],[28.522556,41.0815655],[28.5225771,41.0815044],[28.5226114,41.0814302],[28.5226544,41.0813585],[28.5227057,41.0812901],[28.5227649,41.0812254],[28.5228879,41.0811288],[28.5230025,41.0810266],[28.5231082,41.0809191],[28.5231875,41.0808279],[28.5232604,41.0807338],[28.5233268,41.080637],[28.5233729,41.080555],[28.5234114,41.0804708],[28.5234421,41.0803848],[28.5234649,41.0802974],[28.5234591,41.0801876],[28.5234628,41.0800777],[28.523476,41.0799683],[28.5234986,41.0798597],[28.5235307,41.0797525],[28.52357,41.0796515],[28.5236177,41.0795525],[28.5236735,41.079456],[28.5237372,41.0793623],[28.5238358,41.0792318],[28.5239271,41.0790982],[28.5240108,41.0789619],[28.5240814,41.0788334],[28.5241454,41.078703],[28.5241712,41.0786362],[28.5242026,41.0785707],[28.5242468,41.078495],[28.5242984,41.078422],[28.5243571,41.0783521],[28.5244225,41.0782856],[28.5245819,41.0781177],[28.5247357,41.0779468],[28.5248838,41.0777731],[28.5249686,41.0776421],[28.5250607,41.0775139],[28.5251601,41.0773889],[28.5252479,41.0772877],[28.5253405,41.0771889],[28.5253879,41.0771401],[28.5254377,41.0770927],[28.5255173,41.0770243],[28.5256022,41.0769595],[28.525692,41.0768987],[28.5257864,41.076842],[28.5260847,41.0766543],[28.5263899,41.076473],[28.5267191,41.0762886],[28.5270554,41.0761117],[28.5272258,41.0760256],[28.5273984,41.0759422],[28.5276749,41.0758162],[28.5279567,41.0756968],[28.5282433,41.0755843],[28.5284959,41.0754796],[28.5287453,41.0753707],[28.5289916,41.0752578],[28.5293845,41.0750837],[28.5295212,41.0750334],[28.5296537,41.0749771],[28.5297815,41.0749151],[28.5299208,41.0748378],[28.5300528,41.0747538],[28.5301772,41.0746633],[28.5302982,41.0745859],[28.5304253,41.0745142],[28.530558,41.0744485],[28.5306786,41.0744007],[28.5307952,41.0743476],[28.5309074,41.0742893],[28.5310147,41.0742261],[28.5311293,41.0741492],[28.5312367,41.0740667],[28.5313366,41.0739789],[28.5314373,41.0738993],[28.5315433,41.0738237],[28.5316009,41.0737899],[28.5316544,41.0737524],[28.531721,41.0736953],[28.5317783,41.0736326],[28.5318254,41.0735654],[28.5318492,41.0735189],[28.5318785,41.0734743],[28.5319132,41.0734319],[28.5319662,41.0733805],[28.5320271,41.0733342],[28.532095,41.0732939],[28.5323102,41.0731124],[28.5327481,41.0728799],[28.5333717,41.0726089],[28.5335119,41.0725535],[28.5336458,41.0724898],[28.5337727,41.0724184],[28.5338662,41.0723575],[28.5339546,41.0722924],[28.5340375,41.0722232],[28.5340585,41.0721764],[28.5340892,41.0721327],[28.5341297,41.0720928],[28.5341784,41.0720584],[28.5343507,41.0719396],[28.5345048,41.0718545],[28.5346632,41.0717738],[28.5348495,41.0716873],[28.5350407,41.071607],[28.5352585,41.071525],[28.5354812,41.0714508],[28.5358876,41.0713264],[28.5363764,41.0712112],[28.5371114,41.0710423],[28.5377296,41.0709114],[28.5383445,41.0707825],[28.5389163,41.0706681],[28.5394898,41.0705585],[28.5396913,41.0705005],[28.5398948,41.0704463],[28.5401218,41.0703912],[28.5403507,41.0703409],[28.5405815,41.0702957],[28.5410669,41.0701956],[28.5411339,41.0701663],[28.5411963,41.0701318],[28.5412534,41.0700924],[28.541306,41.0700472],[28.5413516,41.0699979],[28.5413896,41.069945],[28.5414197,41.0698892],[28.5414625,41.0697923],[28.5414761,41.0697422],[28.5414948,41.0696931],[28.5415228,41.0696369],[28.5415573,41.0695829],[28.541598,41.0695313],[28.5416346,41.0694723],[28.5416629,41.0694107],[28.5416825,41.0693472],[28.5416932,41.0692826],[28.5417081,41.0691741],[28.5417318,41.0690666],[28.5417645,41.0689604],[28.5418059,41.0688559],[28.5418622,41.0687419],[28.5419289,41.0686312],[28.5420057,41.0685243],[28.5420144,41.0684606],[28.5420294,41.0683976],[28.5420506,41.0683357],[28.5420832,41.0682652],[28.5421237,41.0681972],[28.5421653,41.0681638],[28.5422012,41.0681269],[28.542231,41.068087],[28.5422551,41.0680428],[28.5422718,41.0679967],[28.5422806,41.0679495],[28.5422935,41.0678946],[28.5423122,41.0678408],[28.5423475,41.067768],[28.5423933,41.0676987],[28.5424452,41.0676043],[28.5424677,41.0675561],[28.5424872,41.0675071],[28.54251,41.067435],[28.5425263,41.0673619],[28.5425361,41.0672882],[28.5425411,41.0672265],[28.5425522,41.0671653],[28.5425736,41.0670923],[28.5426037,41.067021],[28.5426421,41.066952],[28.5427134,41.0668029],[28.5427929,41.0666562],[28.5428559,41.0665511],[28.542923,41.0664474],[28.5430054,41.0663065],[28.5430793,41.0661628],[28.5431046,41.0660768],[28.5431375,41.0659922],[28.5431778,41.0659095],[28.5432237,41.0658317],[28.5432761,41.0657562],[28.5433349,41.0656835],[28.5433998,41.0656138],[28.5435457,41.0654632],[28.5436234,41.0653906],[28.5436968,41.0653155],[28.5437922,41.0652066],[28.5438786,41.0650935],[28.5439222,41.0650363],[28.5439724,41.0649822],[28.5440288,41.0649318],[28.5441018,41.0648779],[28.5441819,41.06483],[28.5442682,41.0647887],[28.5444666,41.064699],[28.544569,41.0646584],[28.5446692,41.0646148],[28.5447798,41.0645618],[28.5448358,41.064536],[28.5448871,41.0645051],[28.5449321,41.0644701],[28.5449711,41.0644313],[28.5450034,41.0643891],[28.5450286,41.0643443],[28.5450867,41.0642576],[28.5451551,41.0641753],[28.5451976,41.0641387],[28.5452331,41.0640981],[28.5452629,41.0640499],[28.5452827,41.063999],[28.5452921,41.0639464],[28.5453158,41.0638465],[28.5453336,41.0637975],[28.5453471,41.0637477],[28.5453588,41.063678],[28.5453622,41.0636078],[28.5453574,41.0635377],[28.5453444,41.0634681],[28.5453386,41.0634148],[28.5453249,41.0633624],[28.5453035,41.0633114],[28.545274,41.0632616],[28.5452372,41.0632147],[28.5452168,41.0631922],[28.5451935,41.0631713],[28.5451534,41.063143],[28.5451081,41.0631194],[28.5450588,41.0631011],[28.5450064,41.0630884],[28.5449497,41.063067],[28.5448982,41.063039],[28.5448536,41.063005],[28.5447767,41.0629449],[28.5446957,41.0628881],[28.5446108,41.0628346],[28.5445033,41.0627747],[28.5443907,41.0627202],[28.5442738,41.0626713],[28.5441528,41.0626283],[28.5440956,41.0626141],[28.5440365,41.062605],[28.5439765,41.062601],[28.5439062,41.0626031],[28.5438369,41.0626122],[28.5437699,41.0626283],[28.5436668,41.0626876],[28.5435614,41.0627446],[28.5434426,41.0628049],[28.5433213,41.0628624],[28.5432297,41.0629256],[28.5431299,41.0629813],[28.5430229,41.0630288],[28.5429135,41.0630665],[28.5427996,41.0630958],[28.5426823,41.0631162],[28.5425256,41.0631375],[28.5423675,41.0631521],[28.5422086,41.06316],[28.5420493,41.0631612],[28.5418047,41.063158],[28.5416825,41.0631554],[28.5415605,41.0631486],[28.5413835,41.063131],[28.5412086,41.0631044],[28.5410364,41.0630689],[28.5409515,41.063048],[28.5408678,41.0630247],[28.5407376,41.0629831],[28.5406109,41.0629359],[28.5404881,41.0628831],[28.5403696,41.062825],[28.5400993,41.0626925],[28.5398626,41.0624938],[28.5397536,41.0624087],[28.5396522,41.0623184],[28.5395587,41.0622232],[28.5394737,41.0621237],[28.5394112,41.0620401],[28.5393546,41.0619541],[28.5393041,41.0618659],[28.5392429,41.06175],[28.5391875,41.0616325],[28.5391378,41.0615135],[28.539092,41.0613876],[28.5390704,41.0613243],[28.5390526,41.0612604],[28.5390386,41.0612026],[28.5390301,41.0611441],[28.5390273,41.0610761],[28.5390318,41.0610081],[28.5390436,41.0609452],[28.5390627,41.0608833],[28.5390888,41.0608228],[28.5391505,41.0605898],[28.5391919,41.0604833],[28.53923,41.0603761],[28.5392682,41.0602572],[28.5392835,41.060197],[28.5393024,41.0601375],[28.5393339,41.0600573],[28.5393718,41.0599787],[28.5394212,41.0598864],[28.5394751,41.0597954],[28.5395325,41.0596957],[28.5395964,41.0595982],[28.5396657,41.0595044],[28.5397409,41.0594132],[28.5398931,41.0592385],[28.540101,41.0590153],[28.5401896,41.0589206],[28.5402747,41.0588241],[28.5403891,41.0586841],[28.540496,41.0585407],[28.5405929,41.0584018],[28.540637,41.0583307],[28.5406847,41.0582609],[28.5407525,41.0581718],[28.5408262,41.0580854],[28.5409057,41.058002],[28.5409841,41.0579279],[28.5410672,41.0578568],[28.5411548,41.0577889],[28.5412769,41.0576946],[28.5414036,41.0576038],[28.5415599,41.0575003],[28.5417221,41.0574021],[28.541881,41.0573036],[28.5420449,41.0572099],[28.5422177,41.0571193],[28.5423953,41.0570341],[28.5425773,41.0569545],[28.5427634,41.0568805],[28.54306,41.0567726],[28.5433533,41.0566596],[28.5436429,41.0565415],[28.5439289,41.0564184],[28.544222,41.0562851],[28.5445109,41.0561465],[28.5446544,41.0560761],[28.5447952,41.0560027],[28.5449754,41.0559023],[28.5451508,41.0557971],[28.5453209,41.0556872],[28.5455,41.0555815],[28.5456852,41.055482],[28.5458761,41.0553889],[28.5458515,41.0553401],[28.5458366,41.0552892],[28.5458315,41.0552371],[28.5458366,41.0551851],[28.5458493,41.0551401],[28.5458695,41.0550967],[28.5458969,41.0550557],[28.5459639,41.0549692],[28.5460403,41.0548873],[28.5461257,41.0548106],[28.5462195,41.0547396],[28.5463566,41.0546295],[28.5464885,41.0545159],[28.5466151,41.0543988],[28.5467016,41.0543141],[28.5467854,41.0542279],[28.5468629,41.0541603],[28.5469467,41.0540971],[28.5470364,41.0540386],[28.5470854,41.0540134],[28.5471314,41.0539852],[28.5471926,41.0539386],[28.5472454,41.0538865],[28.547289,41.0538297],[28.5473227,41.0537693],[28.5473327,41.0537373],[28.547346,41.0537061],[28.5473763,41.0536546],[28.5474156,41.0536066],[28.5474631,41.0535631],[28.547518,41.0535249],[28.5475792,41.0534926],[28.5476457,41.0534669],[28.5477161,41.0534482],[28.5478141,41.053485],[28.547916,41.0535153],[28.548021,41.0535389],[28.5481282,41.0535555],[28.548237,41.0535651],[28.5483465,41.0535675],[28.5484688,41.0535618],[28.5485898,41.0535472],[28.5487084,41.0535238],[28.5488234,41.0534919],[28.5489338,41.0534517],[28.5490385,41.0534037],[28.549138,41.0533471],[28.5492294,41.0532832],[28.5493118,41.0532126],[28.5493844,41.0531362],[28.5494464,41.0530547],[28.5494971,41.0529688],[28.5496677,41.0526661],[28.5496967,41.0525866],[28.5497331,41.0525088],[28.5497766,41.0524332],[28.549827,41.05236],[28.5498955,41.0522769],[28.549973,41.0521985],[28.5500588,41.0521251],[28.5501525,41.0520574],[28.5502533,41.0519959],[28.5503605,41.0519408],[28.5504734,41.0518927],[28.5505615,41.0516363],[28.5506599,41.051382],[28.5507672,41.0511326],[28.5508843,41.0508858],[28.5510112,41.0506417],[28.5510962,41.0504908],[28.5511856,41.0503413],[28.5512593,41.0502301],[28.551338,41.0501208],[28.5513754,41.0500653],[28.5514216,41.0500136],[28.5514751,41.0499674],[28.5515356,41.0499264],[28.5516023,41.0498913],[28.5516742,41.0498626],[28.5517502,41.0498407],[28.5518261,41.0498112],[28.5518972,41.0497754],[28.5519625,41.0497338],[28.5520211,41.049687],[28.5523269,41.0494725],[28.5524282,41.0493871],[28.552535,41.0493056],[28.5526471,41.0492281],[28.5527641,41.049155],[28.5528858,41.0490862],[28.553012,41.0490221],[28.5530758,41.0489908],[28.5531422,41.0489628],[28.5532326,41.0489312],[28.5533263,41.0489055],[28.5534225,41.0488859],[28.5536085,41.0488518],[28.5537928,41.0488127],[28.5539751,41.0487686],[28.5541637,41.0487173],[28.5543497,41.0486606],[28.5545328,41.0485988],[28.5547127,41.0485319],[28.5548044,41.0484955],[28.5548995,41.0484644],[28.5549974,41.0484387],[28.5550976,41.0484187],[28.5552164,41.0484025],[28.5553366,41.0483942],[28.5554574,41.0483939],[28.5555777,41.0484015],[28.5557216,41.0484169],[28.555864,41.0484392],[28.5560042,41.0484682],[28.5561758,41.0484794],[28.556149,41.0482331],[28.556148,41.0482077],[28.5561525,41.0481825],[28.5561624,41.0481582],[28.5561848,41.0481271],[28.5562159,41.0481007],[28.5562543,41.0480804],[28.5563044,41.0480629],[28.5563581,41.0480532],[28.5564132,41.0480515],[28.556554,41.0480489],[28.5566942,41.0480389],[28.5568364,41.048021],[28.5569765,41.0479954],[28.5571703,41.047956],[28.5571675,41.0479329],[28.5571735,41.0479102],[28.5571878,41.0478896],[28.5572091,41.047873],[28.5572315,41.047863],[28.5572563,41.0478573],[28.5572822,41.0478563],[28.5573202,41.0478592],[28.5573568,41.0478672],[28.5573909,41.0478801],[28.5574396,41.0479073],[28.5574941,41.0479271],[28.5575404,41.0479372],[28.5575882,41.0479419],[28.5576364,41.0479413],[28.5576839,41.0479352],[28.5578398,41.0478793],[28.5579997,41.04783],[28.5581426,41.0477926],[28.5582878,41.0477605],[28.5584349,41.0477339],[28.5586152,41.0476573],[28.5587917,41.0475757],[28.5589449,41.0474991],[28.5590947,41.0474189],[28.5591765,41.0474198],[28.5592581,41.0474154],[28.5593388,41.0474057],[28.5594412,41.0473857],[28.55954,41.0473572],[28.5596611,41.047323],[28.55978,41.0472849],[28.5599218,41.0472331],[28.5600597,41.0471756],[28.5600884,41.0471496],[28.560122,41.0471271],[28.5601515,41.0471123],[28.560183,41.0471003],[28.5602712,41.0470742],[28.5603631,41.0470575],[28.5604573,41.0470502],[28.5608985,41.0470275],[28.561104,41.0470163],[28.5613089,41.0470007],[28.5614732,41.046985],[28.561538,41.0469496],[28.5616066,41.0469186],[28.5616784,41.0468919],[28.5617743,41.0468647],[28.5618249,41.0468579],[28.5618735,41.0468454],[28.5619262,41.0468242],[28.5619731,41.0467965],[28.562013,41.046763],[28.5620466,41.0467271],[28.5620744,41.0466885],[28.5620961,41.0466477],[28.5621255,41.0465486],[28.5621511,41.0464489],[28.5621764,41.0463319],[28.5621899,41.0462734],[28.5621967,41.0462143],[28.5621952,41.0461333],[28.5621923,41.0460927],[28.5621813,41.046053],[28.5621639,41.0460173],[28.56214,41.0459838],[28.56211,41.0459531],[28.5620747,41.045926],[28.5620809,41.0458785],[28.5620798,41.0458307],[28.5620713,41.0457834],[28.5620562,41.0457383],[28.5620344,41.0456948],[28.5620063,41.0456534],[28.5619686,41.0456154],[28.5619231,41.0455828],[28.5618708,41.0455563],[28.5618183,41.0455442],[28.5617701,41.0455243],[28.561728,41.0454977],[28.5617024,41.0454748],[28.5616815,41.0454493],[28.5616656,41.0454218],[28.561648,41.0453791],[28.5616379,41.045335],[28.5616355,41.0452903],[28.5616022,41.0452719],[28.5615718,41.0452509],[28.5615337,41.0452163],[28.5615034,41.0451776],[28.5614502,41.0451139],[28.5613941,41.0450516],[28.5613184,41.044961],[28.5612479,41.0448681],[28.5611721,41.0446648],[28.5611255,41.0445516],[28.5610852,41.0444371],[28.5610514,41.0443214],[28.5610163,41.0441644],[28.5610074,41.0440851],[28.5609931,41.0440063],[28.5609643,41.0438977],[28.5609253,41.0437908],[28.5609007,41.0436933],[28.5608858,41.0435946],[28.5608926,41.0435284],[28.5608892,41.043462],[28.5608757,41.0433964],[28.5608559,41.0433405],[28.5608288,41.0432863],[28.5607946,41.0432345],[28.5607591,41.043155],[28.5607316,41.0430737],[28.5607122,41.0429908],[28.5607011,41.042907],[28.5606984,41.0428229],[28.5607008,41.0427468],[28.5607,41.0426706],[28.560691,41.0425366],[28.560666,41.0424558],[28.5606471,41.042374],[28.5606333,41.0422821],[28.5606273,41.0421897],[28.5606196,41.041979],[28.5606223,41.041781],[28.5606068,41.0416495],[28.5605987,41.0415653],[28.5605871,41.0414814],[28.5605706,41.0413921],[28.5605502,41.0413033],[28.560528,41.0411122],[28.5605117,41.0410247],[28.5605069,41.0409364],[28.5605095,41.0408856],[28.560516,41.040835],[28.560527,41.0407993],[28.5605431,41.0407646],[28.5605643,41.0407316],[28.5605979,41.0406727],[28.5606156,41.0406434],[28.5606273,41.0406125],[28.560633,41.0405769],[28.560631,41.0405412],[28.5606251,41.0404869],[28.5606159,41.0404329],[28.5605596,41.0402723],[28.5605363,41.0401721],[28.5605177,41.0400713],[28.5605042,41.0399757],[28.5605018,41.0399277],[28.5604949,41.0398799],[28.5604808,41.0398234],[28.5604605,41.0397679],[28.5604342,41.039714],[28.5603899,41.0396111],[28.5603689,41.0395593],[28.5603527,41.0395066],[28.5603418,41.0394563],[28.5603353,41.0394055],[28.560326,41.0393358],[28.5603235,41.0392659],[28.5603267,41.0392069],[28.5603346,41.0391483],[28.5603678,41.0389533],[28.5604248,41.0387639],[28.5604443,41.0386869],[28.5604694,41.0386109],[28.5604941,41.0385491],[28.5605097,41.0385191],[28.5605223,41.0384882],[28.5605341,41.0384475],[28.5605405,41.0384061],[28.5605586,41.0383019],[28.5605884,41.0381719],[28.5606031,41.0381125],[28.5606216,41.0380538],[28.5606492,41.0379833],[28.5606823,41.0379142],[28.5607039,41.0378602],[28.5607222,41.0378054],[28.5607641,41.0376216],[28.5607877,41.0375189],[28.5608201,41.0374175],[28.5608588,41.0373231],[28.5609052,41.0372306],[28.5609446,41.0371325],[28.5609615,41.0370829],[28.560975,41.0370326],[28.5609881,41.0369618],[28.5609944,41.0368904],[28.5609941,41.0368189],[28.5609565,41.0366128],[28.5608596,41.0365649],[28.5607578,41.0365231],[28.5606519,41.0364876],[28.5605425,41.0364588],[28.5604346,41.0364374],[28.5603249,41.0364225],[28.560214,41.0364141],[28.5601026,41.0364123],[28.5599999,41.036403],[28.5598993,41.0363849],[28.5598022,41.0363581],[28.5597103,41.0363233],[28.5596243,41.0362808],[28.5595454,41.0362312],[28.5592751,41.035998],[28.5589291,41.0356556],[28.5585321,41.0353147],[28.5583229,41.0351422],[28.5581613,41.0350013],[28.5580044,41.0348574],[28.5578995,41.0348143],[28.5577999,41.0347644],[28.5577041,41.0347065],[28.5576155,41.0346425],[28.5575678,41.0345835],[28.5575117,41.034529],[28.5574479,41.0344796],[28.5573724,41.0344334],[28.5572902,41.0343942],[28.5572024,41.0343627],[28.5569973,41.0342823],[28.5565661,41.0341174],[28.5564966,41.0340582],[28.5564333,41.033995],[28.5563808,41.0339335],[28.5563342,41.0338693],[28.5562938,41.0338028],[28.5564474,41.0336839],[28.5562771,41.0335175],[28.5562168,41.0334788],[28.5561653,41.0334334],[28.5561238,41.0333825],[28.5560933,41.0333274],[28.5560759,41.0332749],[28.5560685,41.0332211],[28.5560712,41.033167],[28.5560686,41.0330497],[28.5560545,41.0329328],[28.55586,41.0327801],[28.5558207,41.0327878],[28.5557802,41.0327899],[28.55574,41.0327861],[28.5556994,41.0327761],[28.5556622,41.0327602],[28.5556449,41.0327507],[28.55563,41.0327391],[28.5556141,41.0327201],[28.5556047,41.0326987],[28.5556024,41.0326763],[28.5556072,41.0326541],[28.5556203,41.0325936],[28.5556414,41.0325344],[28.5556702,41.0324771],[28.5557069,41.0324217],[28.5557509,41.0323694],[28.5558017,41.0323208],[28.5558623,41.0322748],[28.5563009,41.032087],[28.5568678,41.0318321],[28.55704,41.0317367],[28.5572051,41.0316344],[28.5573662,41.031523],[28.5575189,41.0314052],[28.557983,41.0311159],[28.5580633,41.0310729],[28.5581392,41.0310255],[28.5582102,41.030974],[28.558276,41.0309186],[28.5583362,41.0308596],[28.5583905,41.0307974],[28.5584384,41.0307323],[28.5584798,41.0306647],[28.5586354,41.0304183],[28.5586889,41.030335],[28.5587509,41.030255],[28.5588212,41.0301791],[28.5588884,41.0301167],[28.5589611,41.030058],[28.5591088,41.0299423],[28.5592449,41.0298452],[28.5593865,41.0297525],[28.5595333,41.0296646],[28.5599135,41.0294072],[28.5600431,41.029298],[28.5601676,41.0291856],[28.5602252,41.0291309],[28.5602776,41.0290733],[28.5603245,41.0290131],[28.5603693,41.0289447],[28.560407,41.028874],[28.5604423,41.0288045],[28.5604837,41.0287369],[28.5605311,41.0286717],[28.5605934,41.028599],[28.560663,41.0285302],[28.5607397,41.0284658],[28.5608228,41.0284061],[28.561036,41.0282022],[28.5610531,41.0281803],[28.5610618,41.0281558],[28.5610615,41.0281304],[28.5610541,41.0281095],[28.5610407,41.0280904],[28.5608399,41.0280234],[28.5608209,41.0280056],[28.5608097,41.0279844],[28.560807,41.0279688],[28.5608087,41.0279531],[28.5609113,41.027884],[28.5609096,41.0278558],[28.5609126,41.0278276],[28.5609257,41.0277861],[28.5609488,41.0277472],[28.5611061,41.0276058],[28.5612801,41.0274472],[28.5613956,41.0273212],[28.5615054,41.0271923],[28.5616244,41.0270408],[28.5617248,41.026945],[28.5618152,41.0268437],[28.5618759,41.0267646],[28.5619305,41.0266829],[28.5620375,41.0265546],[28.5621451,41.0264312],[28.5622691,41.0262764],[28.5623287,41.0262048],[28.5623942,41.0261363],[28.5624318,41.0261008],[28.5624777,41.0260713],[28.5625289,41.0260493],[28.5625846,41.0260348],[28.5629528,41.0255518],[28.5635017,41.0258382],[28.5633997,41.0260321],[28.563403,41.0260572],[28.5634158,41.0260806],[28.5634324,41.0260969],[28.5634535,41.0261098],[28.5634781,41.0261186],[28.5635184,41.0261985],[28.5635868,41.0263492],[28.5636288,41.0264302],[28.563674,41.0265102],[28.5637564,41.0266725],[28.5638617,41.0268976],[28.563864,41.0269183],[28.5638589,41.0269386],[28.5638469,41.0269573],[28.563827,41.0269741],[28.5638015,41.0269859],[28.5637725,41.0269917],[28.5635385,41.0270114],[28.5634911,41.0270622],[28.5634368,41.0271089],[28.5633762,41.027151],[28.5633331,41.0271761],[28.5632877,41.0271989],[28.563196,41.0272431],[28.5631013,41.0272836],[28.5629892,41.0273254],[28.562874,41.027362],[28.5627352,41.0274406],[28.5625903,41.0275127],[28.5624533,41.0275727],[28.5623121,41.0276269],[28.5621672,41.0276751],[28.5617877,41.0278228],[28.5616294,41.0279022],[28.5616171,41.0279178],[28.5616104,41.0279352],[28.56161,41.0279533],[28.5616147,41.0279689],[28.5616241,41.0279832],[28.5617676,41.0279068],[28.5619132,41.0278379],[28.5620634,41.027775],[28.562218,41.0277183],[28.5623763,41.0276679],[28.562538,41.027624],[28.562673,41.0275707],[28.5628107,41.0275216],[28.5629511,41.0274768],[28.5631092,41.0274325],[28.5632697,41.0273937],[28.5634325,41.0273605],[28.5635136,41.0273381],[28.5635971,41.0273216],[28.5636823,41.0273112],[28.5637685,41.0273069],[28.5638536,41.0273086],[28.5639381,41.0273164],[28.5640213,41.0273301],[28.5641368,41.0273331],[28.5642521,41.0273287],[28.5643666,41.027317],[28.5644688,41.0273],[28.5645689,41.0272772],[28.5646664,41.0272487],[28.5647914,41.0272497],[28.5649165,41.0272472],[28.5649904,41.0272439],[28.5650631,41.027233],[28.5651331,41.0272148],[28.565191,41.027193],[28.565245,41.0271662],[28.5657359,41.0271596],[28.565942,41.0271547],[28.5661474,41.0271412],[28.5663515,41.0271192],[28.5664962,41.0270983],[28.5666398,41.0270731],[28.5669544,41.02701],[28.5672681,41.0269441],[28.5675751,41.0268769],[28.567881,41.0268071],[28.5680859,41.0267592],[28.5682939,41.02672],[28.5685046,41.0266897],[28.5686693,41.0266723],[28.5688349,41.0266603],[28.5691644,41.026626],[28.5694516,41.0265919],[28.5697404,41.0265673],[28.5699584,41.026555],[28.5701757,41.0265375],[28.5703922,41.0265147],[28.57065,41.0264805],[28.5709058,41.0264388],[28.5712398,41.0264107],[28.5715727,41.0263763],[28.5719043,41.0263356],[28.5721821,41.0262966],[28.5724588,41.0262531],[28.5728481,41.0261983],[28.573238,41.0261459],[28.5740621,41.0260483],[28.5745511,41.0259782],[28.5750418,41.0259157],[28.5755555,41.0258586],[28.5760309,41.0258166],[28.5761822,41.0258036],[28.5763342,41.0257972],[28.5764864,41.0257973],[28.5766384,41.0258039],[28.5767811,41.0258161],[28.5769221,41.0258362],[28.5770608,41.0258641],[28.577154,41.0258877],[28.5772455,41.0259147],[28.5774275,41.0259704],[28.5776067,41.0260311],[28.5777498,41.0260839],[28.5778908,41.0261399],[28.5781733,41.0262511],[28.5784646,41.026369],[28.5787594,41.0264818],[28.5790661,41.0265925],[28.5793763,41.0266978],[28.5799972,41.0269376],[28.5805363,41.0271404],[28.5806382,41.0271838],[28.5807454,41.0272192],[28.5808568,41.0272461],[28.5809694,41.0272642],[28.5810838,41.0272737],[28.5813115,41.0272972],[28.5815265,41.0273157],[28.581742,41.0273306],[28.5818398,41.0273374],[28.581936,41.0273523],[28.5820294,41.0273753],[28.5821188,41.027406],[28.5821762,41.0274309],[28.5822299,41.0274601],[28.5822791,41.0274935],[28.5823206,41.027528],[28.5823573,41.0275654],[28.5823891,41.0276053],[28.5823977,41.0276198],[28.5824003,41.0276357],[28.5823964,41.0276513],[28.5823856,41.0276665],[28.5823689,41.0276782],[28.5823426,41.0276768],[28.5823167,41.0276808],[28.5822932,41.0276899],[28.5822737,41.0277034],[28.5822606,41.027719],[28.5822531,41.0277365],[28.5822362,41.0277707],[28.582224,41.0278032],[28.5822167,41.0278365],[28.5822147,41.0278813],[28.5822215,41.0279258],[28.5822368,41.027969],[28.5823227,41.0282346],[28.5822969,41.0282736],[28.58227,41.0283243],[28.5822496,41.0283767],[28.5822375,41.0284217],[28.5822334,41.0284675],[28.5822372,41.0285133],[28.5822489,41.0285583],[28.5822675,41.0286003],[28.5822929,41.0286401],[28.5823247,41.0286772],[28.5825359,41.0288912],[28.5825879,41.0289438],[28.5826325,41.0290002],[28.5826693,41.0290596],[28.5827005,41.0291286],[28.5827405,41.0291949],[28.5827887,41.0292579],[28.5828474,41.0293196],[28.5829141,41.0293765],[28.5829881,41.029428],[28.5830686,41.0294737],[28.5831548,41.0295129],[28.5832018,41.0295405],[28.5832426,41.0295732],[28.5832761,41.0296103],[28.5833017,41.0296509],[28.5833186,41.029694],[28.5833265,41.0297385],[28.5833256,41.0297803],[28.5833167,41.0298215],[28.5832979,41.0299037],[28.5832702,41.0299845],[28.583234,41.0300632],[28.5832213,41.0300866],[28.5832161,41.0301116],[28.5832186,41.0301368],[28.5832288,41.0301609],[28.583246,41.0301826],[28.5832722,41.0302024],[28.5833042,41.0302165],[28.5833399,41.0302241],[28.5834318,41.0302484],[28.5835264,41.0302657],[28.5836229,41.0302757],[28.5836909,41.0302783],[28.5837579,41.0302878],[28.5838226,41.0303038],[28.5838839,41.0303263],[28.5839407,41.0303546],[28.5839927,41.0303889],[28.5840381,41.0304281],[28.584076,41.0304716],[28.5841059,41.0305185],[28.5841271,41.0305681],[28.5841682,41.0307239],[28.5842205,41.0308779],[28.584284,41.0310294],[28.5843552,41.0311719],[28.5844176,41.0313168],[28.5844713,41.0314636],[28.584516,41.0316121],[28.5845425,41.0317192],[28.5845644,41.0318268],[28.584606,41.0320423],[28.5846408,41.0322586],[28.5846655,41.0324474],[28.5846977,41.0326356],[28.5847373,41.0328231],[28.5847558,41.0329],[28.5847625,41.032978],[28.5847574,41.0330562],[28.5847404,41.0331333],[28.5847118,41.0332085],[28.5846773,41.0332724],[28.5846504,41.0333384],[28.5846312,41.0334059],[28.5846199,41.0334744],[28.5846166,41.0335433],[28.58462,41.0336006],[28.5846289,41.0336576],[28.5846482,41.0337713],[28.5846743,41.0338843],[28.5846992,41.0339711],[28.5847118,41.0340594],[28.5847118,41.0341483],[28.584707,41.0341939],[28.5846988,41.0342393],[28.5846785,41.0343295],[28.5846511,41.0344187],[28.5846166,41.0345064],[28.5845875,41.0345686],[28.5845501,41.0346282],[28.5845048,41.0346846],[28.5844522,41.0347373],[28.5843927,41.0347856],[28.5843201,41.0348332],[28.5842409,41.0348743],[28.5841561,41.0349085],[28.5840668,41.0349353],[28.5841551,41.0350092],[28.5842371,41.0350871],[28.5843124,41.0351688],[28.5843806,41.035254],[28.5844138,41.0353004],[28.584453,41.035344],[28.5844999,41.0353862],[28.5845524,41.0354244],[28.5846099,41.0354583],[28.584799,41.0360248],[28.5848318,41.0361528],[28.5848748,41.0362791],[28.5849279,41.0364031],[28.5849908,41.0365245],[28.5850437,41.0366126],[28.5851017,41.0366987],[28.5852081,41.0368745],[28.5853137,41.0370588],[28.5854107,41.0372456],[28.5854991,41.037435],[28.5855472,41.0375479],[28.5855922,41.0376615],[28.5856734,41.0378907],[28.5857425,41.0381222],[28.5857995,41.0383555],[28.5858318,41.0385184],[28.5858582,41.038682],[28.5858786,41.0388461],[28.5858199,41.0388771],[28.5857671,41.0389136],[28.585721,41.0389549],[28.5856824,41.0390005],[28.585652,41.0390494],[28.585628,41.0391081],[28.5856158,41.0391688],[28.5856349,41.0392585],[28.585658,41.0393478],[28.5856883,41.0394467],[28.5857123,41.0395466],[28.5857211,41.0395925],[28.5857413,41.0396363],[28.585772,41.0396764],[28.5858122,41.0397115],[28.5858571,41.0397385],[28.5859076,41.0397591],[28.5859622,41.0397727],[28.586019,41.0397788],[28.5860764,41.0397772],[28.5862762,41.0400114],[28.5863096,41.0400622],[28.5863508,41.0401095],[28.5863994,41.0401528],[28.5864546,41.0401912],[28.5865156,41.0402243],[28.5865928,41.0402555],[28.5866659,41.0402919],[28.5867342,41.0403332],[28.5867973,41.0403791],[28.5868592,41.0404337],[28.5869136,41.0404928],[28.5870232,41.0406102],[28.5870783,41.0406735],[28.5871234,41.0407411],[28.5871579,41.0408122],[28.5871815,41.0408858],[28.587194,41.0409639],[28.5871941,41.0410424],[28.5871818,41.0411205],[28.5871574,41.0411969],[28.5871164,41.0412257],[28.5870849,41.0412606],[28.5870686,41.0412895],[28.5870595,41.0413202],[28.5870581,41.0413516],[28.5870652,41.0413849],[28.5870808,41.0414165],[28.5871044,41.0414452],[28.5876019,41.041821],[28.5876092,41.0418758],[28.5876241,41.0419297],[28.5876466,41.0419821],[28.5876764,41.0420324],[28.5877216,41.0420896],[28.5877762,41.042142],[28.5878393,41.0421887],[28.5878348,41.0422455],[28.5878353,41.0423024],[28.587844,41.0423785],[28.5878614,41.0424537],[28.5878878,41.0425279],[28.5879218,41.0426003],[28.587947,41.0426448],[28.5879655,41.0426912],[28.5879768,41.0427389],[28.5879808,41.0427854],[28.5879781,41.0428319],[28.5879687,41.042878],[28.5880938,41.0428444],[28.5883399,41.0427862],[28.5883741,41.0428158],[28.5883885,41.0428254],[28.5884063,41.0428312],[28.588424,41.0428326],[28.5884415,41.0428302],[28.5885099,41.0428107],[28.5885343,41.0428475],[28.5885575,41.0428825],[28.5884643,41.0429318],[28.5884975,41.0430138],[28.5884203,41.0430765],[28.5882322,41.0431033],[28.5879493,41.0431625],[28.5876294,41.0432158],[28.5873488,41.0432631],[28.5870511,41.0433041],[28.5869849,41.0433137],[28.5869222,41.0433323],[28.586865,41.0433592],[28.5868162,41.0433927],[28.5867761,41.0434323],[28.5867658,41.0434448],[28.5867647,41.0434596],[28.5867708,41.0434705],[28.5868157,41.0434502],[28.5869013,41.0434182],[28.5869893,41.0433902],[28.5870796,41.0433665],[28.5871761,41.0433463],[28.5872741,41.043331],[28.5873733,41.0433205],[28.5876209,41.0432872],[28.5878668,41.0432472],[28.5879869,41.043225],[28.5881082,41.0432072],[28.5882532,41.0431917],[28.5883992,41.0431824],[28.5884824,41.0433665],[28.5884976,41.0433996],[28.5885024,41.0434345],[28.5884966,41.0434692],[28.5884804,41.0435021],[28.5884574,41.0435287],[28.5884276,41.0435512],[28.5883923,41.0435685],[28.5883529,41.04358],[28.5884133,41.0439148],[28.5884191,41.0439422],[28.5884334,41.0439679],[28.5884507,41.0439862],[28.5884723,41.0440017],[28.5884688,41.0440811],[28.588471,41.0441605],[28.588476,41.0442169],[28.588472,41.0442733],[28.5884589,41.0443289],[28.5884465,41.0443621],[28.588431,41.0443945],[28.5883935,41.0444573],[28.5883469,41.0445166],[28.588301,41.0445632],[28.5882605,41.0446125],[28.5882255,41.0446642],[28.588192,41.0447275],[28.5881669,41.044793],[28.5881504,41.04486],[28.5880546,41.0450784],[28.5880353,41.0451197],[28.588024,41.0451627],[28.588021,41.0452064],[28.5880246,41.0452412],[28.5880334,41.0452754],[28.5880538,41.0453434],[28.588082,41.0454097],[28.5881131,41.045466],[28.5881498,41.0455204],[28.5881783,41.0455635],[28.588196,41.0456097],[28.5882022,41.0456576],[28.5881967,41.0457055],[28.5881904,41.045727],[28.5881776,41.0457467],[28.5881592,41.0457637],[28.5881348,41.0457775],[28.5881068,41.0457864],[28.5880767,41.04579],[28.5880576,41.0459028],[28.5880331,41.046015],[28.5880266,41.0460411],[28.5880271,41.0460676],[28.5880364,41.0460981],[28.5880549,41.046126],[28.5880814,41.0461501],[28.5880847,41.0462429],[28.588082,41.0463357],[28.5880736,41.0464265],[28.5880557,41.0465165],[28.5880284,41.0466052],[28.5879919,41.0466923],[28.5879463,41.0467769],[28.5878921,41.0468585],[28.5878294,41.0469366],[28.5877588,41.0470108],[28.5876534,41.0471651],[28.5875393,41.0473159],[28.5874169,41.0474629],[28.5873261,41.0475635],[28.587227,41.0476595],[28.5871198,41.0477505],[28.5870051,41.0478361],[28.5869334,41.0478844],[28.5868592,41.0479306],[28.5867196,41.0480305],[28.5865867,41.0481355],[28.5865,41.04821],[28.5864212,41.0482893],[28.5863509,41.0483731],[28.5862895,41.0484607],[28.5862374,41.0485517],[28.5862154,41.0485969],[28.5861854,41.0486395],[28.5861477,41.0486784],[28.5861032,41.048713],[28.5860493,41.0487443],[28.5859897,41.0487693],[28.5859258,41.0487873],[28.5858592,41.0487979],[28.5856481,41.0488835],[28.5854347,41.0489658],[28.585328,41.0490054],[28.5852258,41.0490512],[28.5851286,41.0491028],[28.5850371,41.04916],[28.5849671,41.0492104],[28.5849015,41.0492641],[28.5848406,41.0493208],[28.5847767,41.0493019],[28.5847098,41.0492899],[28.5846414,41.0492852],[28.5845728,41.0492877],[28.5845053,41.0492976],[28.584445,41.049313],[28.5843879,41.0493342],[28.584335,41.0493609],[28.5841694,41.0494311],[28.5840091,41.0495079],[28.5838762,41.0495789],[28.5837478,41.0496545],[28.5836242,41.0497345],[28.5831803,41.050132],[28.5829907,41.0503215],[28.5827931,41.0505063],[28.5825875,41.0506862],[28.5824111,41.0508316],[28.5822295,41.0509734],[28.58213,41.0510667],[28.5820234,41.0511554],[28.5819101,41.0512392],[28.5817904,41.0513179],[28.5816649,41.0513911],[28.5815332,41.0514589],[28.5813964,41.0515208],[28.5812551,41.0515765],[28.5811096,41.0516257],[28.5809957,41.0517114],[28.5808752,41.0517917],[28.5807485,41.0518664],[28.5806161,41.0519352],[28.58047,41.0520015],[28.5803187,41.0520607],[28.5800164,41.0521794],[28.5797095,41.0522912],[28.5794403,41.0523824],[28.5791681,41.0524683],[28.578893,41.0525488],[28.5786152,41.0526239],[28.5785988,41.0526717],[28.5785885,41.0527204],[28.5785843,41.0527696],[28.5785866,41.0528196],[28.5785952,41.0528693],[28.5785941,41.0529693],[28.578581,41.0530688],[28.5785562,41.053167],[28.5785327,41.0532324],[28.5785001,41.0532954],[28.5784585,41.0533555],[28.5784087,41.0534118],[28.5783493,41.053465],[28.5782824,41.053513],[28.5782089,41.0535551],[28.5781297,41.0535908],[28.5780167,41.0536197],[28.5779014,41.0536428],[28.5777842,41.0536598],[28.5776657,41.0536707],[28.5775444,41.0536754],[28.5774229,41.0536737],[28.5773451,41.0536861],[28.5772699,41.0537057],[28.5771985,41.0537322],[28.5771321,41.0537652],[28.5770716,41.0538042],[28.577022,41.0538447],[28.576979,41.0538892],[28.5769429,41.0539371],[28.5768088,41.0540669],[28.5766692,41.0541935],[28.576512,41.0543271],[28.5763487,41.0544565],[28.5763188,41.0545088],[28.5762979,41.0545636],[28.5762864,41.0546199],[28.5762843,41.0546769],[28.5762925,41.0547367],[28.5762922,41.0547969],[28.5762832,41.0548566],[28.5762658,41.0549153],[28.5762401,41.0549722],[28.5762067,41.0550263],[28.5761659,41.0550774],[28.5761181,41.0551249],[28.576405,41.0554101],[28.5764624,41.0554797],[28.5765115,41.0555529],[28.576552,41.055629],[28.5765834,41.0557074],[28.5766017,41.0557703],[28.5766141,41.055834],[28.5766336,41.0559619],[28.5766417,41.0560905],[28.5766384,41.0562191],[28.5766249,41.0563398],[28.5766015,41.0564596],[28.57657,41.0567005],[28.5765584,41.0568023],[28.5765379,41.0569032],[28.5765086,41.0570029],[28.5764708,41.057101],[28.5764265,41.0571931],[28.5763739,41.0572827],[28.5763132,41.0573694],[28.5762447,41.0574527],[28.5761689,41.0575322],[28.5760859,41.0576076],[28.5760141,41.0576652],[28.5759381,41.0577196],[28.5757852,41.0578275],[28.5756272,41.0579312],[28.5754497,41.0580392],[28.5752667,41.0581419],[28.5750786,41.0582391],[28.5748856,41.0583307],[28.5741688,41.0587271],[28.5738972,41.0589334],[28.5737832,41.059021],[28.5736741,41.0591121],[28.57357,41.0592064],[28.5735,41.0592743],[28.5734224,41.0593374],[28.5733542,41.0593845],[28.5732816,41.0594279],[28.5732207,41.0595934],[28.5731529,41.0597575],[28.5730893,41.0598969],[28.5730161,41.0600336],[28.5729369,41.0601618],[28.5728686,41.0602935],[28.5728171,41.060413],[28.5727747,41.0605345],[28.5727413,41.0606576],[28.572717,41.0607819],[28.5725789,41.0612329],[28.5724602,41.0616298],[28.5724118,41.0618157],[28.5723683,41.0620024],[28.5723424,41.0621259],[28.5723247,41.0622501],[28.5723163,41.0623561],[28.572314,41.0624622],[28.5723073,41.0626743],[28.5723055,41.0627802],[28.5722951,41.0628857],[28.5722763,41.0629906],[28.572249,41.0630945],[28.5722061,41.063215],[28.5721725,41.0633372],[28.5721551,41.0634209],[28.5721421,41.0635051],[28.5721162,41.0636734],[28.5721069,41.0637426],[28.5720898,41.063811],[28.5720652,41.0638781],[28.5720433,41.0639246],[28.5720177,41.06397],[28.5719767,41.0640637],[28.5719416,41.064161],[28.5719136,41.0642596],[28.5718926,41.0643592],[28.5718788,41.0644596],[28.5718463,41.0646068],[28.5718033,41.0647526],[28.5717501,41.0648964],[28.5716864,41.0650385],[28.5716128,41.0651778],[28.5715293,41.0653139],[28.5714363,41.0654464],[28.5713269,41.0656407],[28.5712066,41.0658313],[28.5710755,41.0660177],[28.5709778,41.0661451],[28.5708751,41.0662702],[28.5706852,41.0665273],[28.5705828,41.0666744],[28.57047,41.0668171],[28.5703473,41.066955],[28.570253,41.0670511],[28.5701542,41.0671445],[28.5700509,41.0672351],[28.5698914,41.067363],[28.5697378,41.0674949],[28.5695902,41.0676306],[28.5694487,41.06777],[28.5692822,41.0679477],[28.5691101,41.0681223],[28.5689324,41.0682937],[28.5687956,41.0684201],[28.56865,41.0685409],[28.5684961,41.0686556],[28.5683343,41.0687639],[28.5681836,41.0688549],[28.5680274,41.0689404],[28.567866,41.0690203],[28.5674036,41.0692826],[28.5671187,41.0694488],[28.5668363,41.0696172],[28.5667459,41.0696702],[28.5666614,41.0697284],[28.5665831,41.0697914],[28.5665117,41.0698589],[28.566468,41.0699063],[28.5664276,41.0699553],[28.5663341,41.0700468],[28.5662319,41.0701328],[28.5661215,41.0702128],[28.5660155,41.0702793],[28.5659178,41.0703526],[28.5658291,41.0704322],[28.5657631,41.0705021],[28.5657031,41.0705749],[28.5656494,41.0706506],[28.5656063,41.0707211],[28.5655686,41.0707933],[28.5655365,41.0708671],[28.5654126,41.0710802],[28.5652779,41.0712895],[28.5651698,41.071444],[28.5650558,41.071596],[28.5649359,41.0717455],[28.5645175,41.0723835],[28.5643993,41.0726764],[28.5642882,41.0729709],[28.5642421,41.0730991],[28.5642043,41.0732288],[28.5641747,41.0733597],[28.5641535,41.0734916],[28.5641406,41.073624],[28.5641365,41.0737296],[28.5641208,41.0738345],[28.5640938,41.0739381],[28.5640556,41.0740397],[28.5640065,41.0741386],[28.5639743,41.0741928],[28.5639387,41.0742457],[28.5638632,41.0743499],[28.5637802,41.0744508],[28.56369,41.0745481],[28.5635833,41.0746502],[28.5634686,41.0747473],[28.5633463,41.074839],[28.563217,41.0749251],[28.5630811,41.0750051],[28.562939,41.0750788],[28.5628514,41.0751471],[28.5627565,41.0752096],[28.5626549,41.0752658],[28.5625474,41.0753154],[28.5624487,41.0753532],[28.5623459,41.0753843],[28.56224,41.0754086],[28.5621316,41.0754258],[28.5620217,41.0754357],[28.5619069,41.0754384],[28.5617922,41.0754331],[28.5616786,41.0754201],[28.561567,41.0753993],[28.5614584,41.075371],[28.5612661,41.0753789],[28.5610742,41.0753912],[28.5608095,41.0754158],[28.5605465,41.0754489],[28.5604463,41.0754546],[28.5603477,41.0754696],[28.5602523,41.0754936],[28.5601616,41.0755262],[28.5600785,41.075566],[28.5600008,41.0756117],[28.5599292,41.0756628],[28.5598645,41.0757188],[28.5598116,41.0757742],[28.5597653,41.0758329],[28.5597261,41.0758945],[28.5596942,41.0759584],[28.5596001,41.0760866],[28.5594964,41.0762106],[28.5593971,41.0763164],[28.5592879,41.0764164],[28.5592129,41.0764773],[28.5591422,41.076541],[28.559076,41.0766074],[28.5590094,41.0766823],[28.5589485,41.0767599],[28.5588936,41.07684],[28.5588702,41.0769052],[28.5588411,41.0769692],[28.5588064,41.0770315],[28.5587516,41.0771121],[28.5586875,41.0771886],[28.5586146,41.0772605],[28.5585278,41.0773963],[28.5584313,41.0775284],[28.5583256,41.0776563],[28.5582208,41.0777696],[28.5581088,41.0778789],[28.5579897,41.0779839],[28.5579247,41.0780523],[28.5578552,41.0781181],[28.5577811,41.078181],[28.5577016,41.0782418],[28.5576291,41.0783073],[28.5575639,41.0783771],[28.5575079,41.0784488],[28.5574598,41.0785236],[28.5574197,41.078601],[28.5573632,41.0786937],[28.5572996,41.0787838],[28.5572293,41.078871],[28.5571627,41.0789442],[28.5570912,41.0790149],[28.5569456,41.0791545],[28.5568007,41.0792828],[28.5566486,41.0794062],[28.5565526,41.079479],[28.5564541,41.0795498],[28.5564762,41.0795705],[28.556492,41.0795942],[28.5565009,41.0796198],[28.5565024,41.0796463],[28.5564973,41.0796702],[28.5564863,41.0796928],[28.5562067,41.0799774],[28.5560162,41.080168],[28.5558591,41.0803176],[28.5556977,41.0804647],[28.5553718,41.0807745],[28.5552353,41.0808883],[28.5550915,41.0809969],[28.5549735,41.0810787],[28.5548515,41.0811571],[28.5544538,41.0814139],[28.5541823,41.0816181],[28.5540372,41.0817259],[28.553898,41.081838],[28.553747,41.0819706],[28.5536043,41.0821084],[28.5532274,41.0824233],[28.5531055,41.0825208],[28.5529903,41.0826228],[28.5528821,41.0827291],[28.5527767,41.0828446],[28.5526796,41.0829641],[28.5525911,41.0830874],[28.5525539,41.0831476],[28.5525258,41.0832106],[28.5525073,41.0832756],[28.5524985,41.0833417],[28.5525004,41.0834159],[28.5525098,41.0834899],[28.5525267,41.083563],[28.5525435,41.0836152],[28.5525641,41.0836665],[28.5526093,41.0837682],[28.5526621,41.0838678],[28.5527122,41.0839495],[28.5527675,41.0840292],[28.5528278,41.0841069],[28.5528808,41.0842012],[28.5529263,41.0842977],[28.5529641,41.0843961],[28.5529941,41.0844961],[28.5530103,41.0845664],[28.5530226,41.0846372],[28.5530452,41.0847789],[28.5530618,41.0849211],[28.5530731,41.0850767],[28.5530772,41.0852324],[28.5530927,41.0854187],[28.5531161,41.0856044],[28.5531437,41.0857708],[28.5531785,41.0859365],[28.5532299,41.0861355],[28.5532916,41.0863329],[28.5533635,41.0865283],[28.553503,41.0869781],[28.5535838,41.0871555],[28.5536723,41.0873308],[28.5537685,41.0875038],[28.5538697,41.08767],[28.5539779,41.0878336],[28.5540931,41.0879945],[28.5541179,41.0880666],[28.5541497,41.0881372],[28.5541883,41.0882058],[28.5542306,41.088268],[28.5542785,41.0883279],[28.5543318,41.0883852],[28.5544808,41.0884958],[28.5546235,41.0886111],[28.5547395,41.0887124],[28.5548506,41.0888167],[28.5549568,41.0889239],[28.5550392,41.0889891],[28.5551141,41.0890594],[28.5551807,41.0891342],[28.5552376,41.0892112],[28.5552858,41.0892916],[28.5553249,41.0893747],[28.5553718,41.0893881],[28.5554148,41.0894077],[28.5554523,41.0894328],[28.5554831,41.0894627],[28.5555076,41.0894987],[28.5555246,41.089537],[28.5555337,41.0895769],[28.5555348,41.0896173],[28.5555293,41.0896515],[28.5555181,41.0896849],[28.5555013,41.0897169],[28.5555314,41.089731],[28.555608,41.0897309],[28.5556842,41.0897375],[28.5557587,41.0897507],[28.55584,41.0897734],[28.5559167,41.0898039],[28.5559874,41.0898417],[28.5560776,41.0899445],[28.5561621,41.09005],[28.5562409,41.0901581],[28.5563268,41.0902894],[28.5564042,41.0904238],[28.5564729,41.0905608],[28.5565483,41.0906863],[28.5566304,41.0908093],[28.556719,41.0909298],[28.556803,41.0910345],[28.556892,41.0911368],[28.5570697,41.0913416],[28.557301,41.0915974],[28.5573665,41.0916766],[28.5574372,41.0917533],[28.5575129,41.0918273],[28.5576256,41.0919249],[28.5577469,41.0920163],[28.5578779,41.0921551],[28.5580018,41.0922975],[28.5581184,41.0924433],[28.5582479,41.0926216],[28.5583665,41.0928042],[28.5584426,41.0929118],[28.5585112,41.0930223],[28.5585724,41.0931352],[28.5586292,41.0932583],[28.5586771,41.0933836],[28.5587159,41.0935107],[28.5587462,41.0936032],[28.5587844,41.0936941],[28.5588302,41.093783],[28.5588835,41.0938695],[28.5589332,41.093939],[28.55899,41.0940053],[28.5590536,41.094068],[28.5591236,41.0941267],[28.5592137,41.0941903],[28.5592973,41.0942588],[28.5593737,41.0943319],[28.5594298,41.0943938],[28.5594809,41.0944582],[28.5595266,41.0945249],[28.5595703,41.0945931],[28.5596075,41.0946634],[28.5596379,41.0947356],[28.5596676,41.0948336],[28.5596848,41.0949332],[28.5597064,41.0949706],[28.5597338,41.0950058],[28.5597666,41.0950383],[28.5598091,41.0950709],[28.559857,41.0950988],[28.5599095,41.0951217],[28.5600382,41.095343],[28.5600616,41.0953836],[28.5600772,41.0954263],[28.5600849,41.0954701],[28.5600845,41.0955144],[28.560076,41.0955578],[28.5600594,41.0955999],[28.560035,41.0956397],[28.5600033,41.0956766],[28.5599705,41.0957054],[28.5599332,41.095731],[28.559892,41.0957529],[28.5599343,41.09576],[28.5601529,41.0956907],[28.5601831,41.0956846],[28.5602145,41.0956846],[28.5602447,41.0956907],[28.5602697,41.0957013],[28.5602906,41.095716],[28.5603063,41.0957341],[28.5603158,41.0957544],[28.5604566,41.0962648],[28.5604969,41.0964104],[28.5605264,41.0965574],[28.5605451,41.0967054],[28.5605529,41.096848],[28.5605507,41.0969906],[28.5605384,41.0971329],[28.5605536,41.0972396],[28.5605787,41.0973452],[28.5606135,41.0974493],[28.5606516,41.0975379],[28.5606969,41.0976246],[28.5607491,41.097709],[28.560808,41.0977909],[28.5608386,41.0978747],[28.5608586,41.0979603],[28.5608678,41.098047],[28.5608661,41.098134],[28.5608536,41.0982204],[28.560831,41.0983037],[28.5607982,41.0983851],[28.5607557,41.0984639],[28.5607433,41.0985671],[28.5607236,41.0986696],[28.5606967,41.0987712],[28.5606608,41.0988762],[28.5606171,41.0989795],[28.5605473,41.0991898],[28.5604875,41.0994018],[28.5604467,41.099573],[28.5604145,41.0997452],[28.5603909,41.0999182],[28.5603764,41.1000855],[28.56037,41.1002531],[28.5603717,41.1004208],[28.5603815,41.1005883],[28.5603791,41.1007091],[28.5603851,41.1008299],[28.5603997,41.1009503],[28.5604226,41.10107],[28.560454,41.1011886],[28.5604974,41.1013158],[28.5605287,41.1014451],[28.5605478,41.1015757],[28.5605545,41.101707],[28.5605519,41.1017984],[28.5605433,41.1018896],[28.5605205,41.1020717],[28.5604861,41.1022527],[28.5604551,41.1023795],[28.5604152,41.1025049],[28.5603668,41.1026286],[28.5603248,41.1027201],[28.5602728,41.1028086],[28.5602111,41.1028935],[28.5601401,41.1029742],[28.5600628,41.1030481],[28.5599776,41.103117],[28.5598853,41.1031804],[28.559479,41.1032703],[28.5582881,41.1036917],[28.5574995,41.1039292],[28.5573549,41.1039568],[28.557208,41.1039763],[28.5570596,41.1039878],[28.5569914,41.1039904],[28.5569233,41.103987],[28.5568562,41.1039777],[28.5567909,41.1039627],[28.5567283,41.1039421],[28.5566622,41.1039126],[28.5566018,41.1038768],[28.5565479,41.1038355],[28.5564303,41.1037232],[28.5563175,41.1036082],[28.5562094,41.1034906],[28.5560889,41.1033496],[28.5559753,41.1032054],[28.5558687,41.1030581],[28.5557785,41.1029194],[28.5556961,41.1027781],[28.5556215,41.1026342],[28.5555549,41.1024882],[28.5554609,41.1022954],[28.5553608,41.1021043],[28.5552545,41.1019152],[28.5551273,41.1016783],[28.5550057,41.1014398],[28.5548897,41.1011997],[28.5547449,41.1009217],[28.5545902,41.1006467],[28.5544257,41.100375],[28.5543773,41.1003699],[28.5543304,41.1003594],[28.5542862,41.1003437],[28.5542385,41.1003188],[28.5541974,41.100288],[28.5541642,41.1002521],[28.55414,41.1002123],[28.5538737,41.099901],[28.5536009,41.0995928],[28.5533402,41.0993079],[28.5532087,41.099166],[28.5530739,41.0990259],[28.5528488,41.0988029],[28.5526154,41.0985849],[28.5523738,41.098372],[28.5516737,41.0977474],[28.5512178,41.0973805],[28.5509472,41.0971698],[28.550682,41.0969552],[28.5504225,41.0967368],[28.5501455,41.0964939],[28.5500152,41.0963673],[28.5498753,41.0962466],[28.5497557,41.0961537],[28.5496305,41.0960652],[28.5494998,41.0959813],[28.5492973,41.0958979],[28.5491654,41.0961067],[28.5490224,41.0963113],[28.5488669,41.0965131],[28.5487005,41.09671],[28.5486463,41.0967763],[28.5485872,41.0968402],[28.5485235,41.0969015],[28.5484303,41.0969799],[28.5483295,41.0970528],[28.5482771,41.0970877],[28.5482217,41.0971198],[28.5481505,41.0971553],[28.5480756,41.0971863],[28.5479978,41.0972128],[28.5478666,41.0972149],[28.5477362,41.0972256],[28.5476075,41.097245],[28.5474816,41.0972728],[28.5473594,41.0973088],[28.5472591,41.0973457],[28.5471627,41.0973881],[28.5470708,41.0974359],[28.5469839,41.0974887],[28.5468388,41.0975684],[28.5466877,41.0976415],[28.546531,41.0977076],[28.5463694,41.0977666],[28.5462034,41.0978182],[28.5459316,41.0978913],[28.5456571,41.0979585],[28.5453801,41.0980197],[28.545101,41.0980749],[28.5447781,41.0981307],[28.544453,41.0981785],[28.5441259,41.0982181],[28.5437973,41.0982496],[28.5434675,41.0982729],[28.5430175,41.098338],[28.542566,41.0983966],[28.542113,41.0984488],[28.5416191,41.0984982],[28.541124,41.0985399],[28.5406278,41.098574],[28.5403795,41.0985884],[28.5401309,41.0986004],[28.539657,41.0986163],[28.5391829,41.0986233],[28.5387086,41.0986214],[28.5384715,41.0986182],[28.5382345,41.0986105],[28.5379176,41.0985932],[28.5376017,41.098568],[28.537287,41.0985349],[28.536974,41.0984938],[28.536663,41.0984449],[28.5363543,41.0983882],[28.5361086,41.0984089],[28.535862,41.0984229],[28.5356149,41.0984302],[28.5353676,41.0984307],[28.5351205,41.0984245],[28.5348483,41.0984099],[28.5345771,41.098387],[28.5343073,41.098356],[28.5340393,41.0983169],[28.5337737,41.0982697],[28.5335108,41.0982146],[28.533251,41.0981517],[28.5331227,41.0981742],[28.5329926,41.0981895],[28.5328613,41.0981975],[28.5327296,41.0981983],[28.5325982,41.0981917],[28.5324678,41.0981779],[28.5323366,41.0981565],[28.5322079,41.0981276],[28.5320824,41.0980916],[28.5319608,41.0980486],[28.5318625,41.0979862],[28.5317587,41.0979292],[28.5316498,41.0978778],[28.5315364,41.0978322],[28.531419,41.0977927],[28.5312983,41.0977595],[28.5311692,41.0977317],[28.5310377,41.097711],[28.5309045,41.0976977],[28.5307704,41.0976917],[28.530636,41.0976931],[28.5305022,41.0977018],[28.5303696,41.097718],[28.5302389,41.0977413],[28.5300491,41.0978003],[28.5298548,41.0978502],[28.5296568,41.0978909],[28.5295175,41.0979137],[28.5293771,41.0979319],[28.5293068,41.097941],[28.5292357,41.0979455],[28.5291502,41.0979449],[28.5290652,41.0979378],[28.5289815,41.0979243],[28.5289002,41.0979044],[28.5288219,41.0978783],[28.5287476,41.0978465],[28.5286635,41.0978005],[28.5285873,41.0977473],[28.5285203,41.0976875],[28.5284632,41.0976221],[28.528069,41.096763],[28.5273394,41.0949479],[28.5273318,41.0948999],[28.5273354,41.0948518],[28.5273501,41.0948048],[28.5273755,41.0947605],[28.5274107,41.0947202],[28.5274547,41.0946851],[28.5275027,41.094658],[28.5275558,41.0946372],[28.5276128,41.0946232],[28.527672,41.0946164],[28.5277359,41.0946017],[28.5277961,41.0945799],[28.5278512,41.0945514],[28.5279,41.094517],[28.5279413,41.0944774],[28.5279741,41.0944335],[28.5279977,41.0943864],[28.5280115,41.0943372],[28.5280153,41.0942869],[28.5276291,41.0941312],[28.5279697,41.0935046],[28.5279128,41.0934763],[28.527862,41.0934419],[28.5278187,41.0934022],[28.5277837,41.0933581],[28.5277578,41.0933105],[28.5277408,41.0932566],[28.5277356,41.0932013],[28.5277422,41.0931461],[28.5277605,41.0930925],[28.52779,41.0930417],[28.5278424,41.0929406],[28.5278864,41.0928372],[28.5279217,41.092732],[28.5279483,41.0926253],[28.5279683,41.0924968],[28.5279757,41.0923676],[28.5279703,41.0922383],[28.5279522,41.0921097],[28.5279214,41.0919825],[28.527326,41.0916226],[28.5274333,41.0913174],[28.5275221,41.0911441],[28.5276143,41.0909717],[28.5277812,41.0906767],[28.5279578,41.0903848],[28.5281441,41.0900964],[28.5280391,41.0900467],[28.5279301,41.0900022],[28.5278175,41.089963],[28.5276944,41.0899274],[28.5275684,41.0898981],[28.52744,41.0898754],[28.5273099,41.0898594],[28.5272579,41.0899514],[28.5271972,41.0900403],[28.5271282,41.0901257],[28.5270615,41.0901968],[28.526989,41.0902646],[28.5269476,41.0902952],[28.5269109,41.0903289],[28.5268759,41.0903698],[28.5268477,41.0904136],[28.5268268,41.0904597],[28.5268133,41.0905073],[28.5268077,41.0905558],[28.5267486,41.0908257],[28.5265153,41.0909272],[28.5265626,41.0909544],[28.5266016,41.0909882],[28.5266306,41.0910273],[28.5266465,41.0910633],[28.5266539,41.0911008],[28.5266526,41.0911387],[28.5266427,41.0911759],[28.5266157,41.0912471],[28.526599,41.091282],[28.526579,41.0913159],[28.5265321,41.0913775],[28.5264746,41.0914339],[28.5264076,41.0914839],[28.5263322,41.0915266],[28.5262523,41.0915809],[28.5261794,41.0916405],[28.5261143,41.091705],[28.526011,41.091817],[28.5259158,41.0919329],[28.5258757,41.0919728],[28.5258294,41.0920087],[28.5257777,41.0920401],[28.525719,41.0920674],[28.5256561,41.092089],[28.5255902,41.0921044],[28.5255222,41.0921133],[28.525448,41.0921149],[28.5253743,41.0921081],[28.5253028,41.0920929],[28.5252352,41.0920699],[28.5249665,41.0920234],[28.5247008,41.0919678],[28.5245102,41.0919218],[28.5243217,41.0918711],[28.5241355,41.0918157],[28.5241321,41.0918419],[28.5241328,41.0918682],[28.5241401,41.0919031],[28.5241546,41.0919366],[28.5241758,41.091968],[28.5242032,41.0919966],[28.5241836,41.0920233],[28.524169,41.0920518],[28.5241596,41.0920815],[28.5241556,41.092123],[28.5241617,41.0921645],[28.5241777,41.0922043],[28.5242247,41.0922882],[28.5239538,41.0923443],[28.5239357,41.0921507],[28.5238854,41.0921268],[28.5238397,41.092098],[28.5237996,41.0920648],[28.5237668,41.0920294],[28.5237402,41.0919911],[28.5237204,41.0919506],[28.5235213,41.091751],[28.5235002,41.0917097],[28.5234864,41.0916666],[28.5234803,41.0916238],[28.5234814,41.0915808],[28.5234898,41.0915382],[28.5235288,41.0914662],[28.5235609,41.0913922],[28.5235859,41.0913167],[28.5236038,41.0912401],[28.5236145,41.0911597],[28.5236173,41.0910789],[28.5236122,41.0909982],[28.5235992,41.090918],[28.5235904,41.0908782],[28.5235783,41.0908388],[28.5235539,41.0907815],[28.5235224,41.0907263],[28.5234839,41.0906736],[28.5234388,41.090624],[28.5232383,41.0903602],[28.5231999,41.0902787],[28.5231529,41.0901999],[28.5230976,41.0901241],[28.5230345,41.0900519],[28.5229675,41.0899871],[28.5228941,41.0899264],[28.5228148,41.0898701],[28.52273,41.0898185],[28.5226402,41.0897719],[28.5224386,41.0897189],[28.5222409,41.089658],[28.5220478,41.0895893],[28.5218596,41.0895132],[28.5217117,41.0894464],[28.5215677,41.0893749],[28.5214967,41.089338],[28.5214278,41.0892989],[28.5213269,41.0892348],[28.5212318,41.0891659],[28.5211429,41.0890924],[28.5210606,41.0890146],[28.5209852,41.088933],[28.5208979,41.0888259],[28.5208204,41.0887145],[28.5207532,41.0885995],[28.5207005,41.0884901],[28.5206571,41.0883784],[28.5206231,41.0882649],[28.5205985,41.088141],[28.5205865,41.0880161]]]}},{"type":"Feature","properties":{"id":"kucukcekmece-set","name":"Küçükçekmece Gölü","source":"OpenStreetMap","source_url":"https://www.openstreetmap.org/copyright"},"geometry":{"type":"Polygon","coordinates":[[[28.7191978,41.0106669],[28.7192323,41.0105912],[28.7192728,41.0105173],[28.7193192,41.0104453],[28.7193871,41.0103564],[28.719464,41.0102718],[28.7194988,41.0102003],[28.7195391,41.0101306],[28.7195847,41.0100628],[28.719654,41.0099754],[28.7197321,41.0098924],[28.7198187,41.0098143],[28.7199234,41.0096804],[28.7200253,41.0095451],[28.7201969,41.0093053],[28.7202647,41.0092498],[28.7203389,41.0091991],[28.7204189,41.0091537],[28.720504,41.009114],[28.7205805,41.0090848],[28.7206527,41.0090499],[28.72072,41.0090098],[28.7207853,41.0089617],[28.7208435,41.0089087],[28.7208939,41.0088513],[28.7209359,41.0087902],[28.7210349,41.0086792],[28.7211417,41.0085723],[28.7212559,41.0084699],[28.7213771,41.0083722],[28.7214815,41.0082959],[28.721593,41.0082256],[28.721711,41.0081617],[28.7218435,41.008101],[28.721982,41.0080482],[28.7221254,41.0080039],[28.7222066,41.0079418],[28.7222934,41.0078843],[28.7223856,41.0078318],[28.7224861,41.0077829],[28.7225913,41.0077398],[28.7227004,41.0077029],[28.7228129,41.0076722],[28.7229281,41.007648],[28.7230454,41.0076304],[28.7232019,41.0075758],[28.7233616,41.0075269],[28.7235242,41.0074837],[28.7236481,41.007455],[28.7237692,41.0074201],[28.7238867,41.007379],[28.7240003,41.0073319],[28.7240783,41.0072949],[28.7241518,41.007253],[28.7242203,41.0072065],[28.7242833,41.0071558],[28.7243405,41.007101],[28.7243912,41.0070426],[28.724509,41.0069352],[28.724636,41.0068339],[28.7247542,41.0067508],[28.7248786,41.0066731],[28.7250089,41.006601],[28.7251445,41.0065348],[28.7252851,41.0064747],[28.7253681,41.0064385],[28.7254455,41.0063959],[28.7255166,41.0063474],[28.7255805,41.0062935],[28.7256365,41.0062348],[28.7256742,41.0061862],[28.72572,41.0061416],[28.7257731,41.0061019],[28.7258325,41.0060678],[28.7258973,41.0060397],[28.7259664,41.0060182],[28.7260279,41.0060054],[28.7260864,41.0059862],[28.7261409,41.005961],[28.7261901,41.0059303],[28.7262332,41.0058948],[28.7262619,41.0058643],[28.726286,41.0058316],[28.7263452,41.0057718],[28.7264103,41.0057156],[28.7264977,41.0056522],[28.7265928,41.0055954],[28.7266946,41.0055456],[28.7268437,41.0053362],[28.7269896,41.0051256],[28.7270198,41.0050813],[28.7270426,41.0050345],[28.7270577,41.0049859],[28.7270647,41.0049363],[28.7270635,41.0048846],[28.7270536,41.0048334],[28.7270352,41.0047835],[28.7269011,41.0046105],[28.7269278,41.0043238],[28.726944,41.0040366],[28.7269496,41.0037998],[28.7269481,41.003563],[28.7269505,41.0034525],[28.7269622,41.0033424],[28.7269829,41.003233],[28.7270116,41.0031285],[28.7270469,41.0030252],[28.7270889,41.0029233],[28.7271378,41.0028221],[28.7271933,41.0027228],[28.7272552,41.0026257],[28.7272931,41.0025375],[28.7273219,41.0024474],[28.7273415,41.0023558],[28.7273517,41.0022634],[28.7273527,41.002173],[28.7273447,41.0020829],[28.7273278,41.0019934],[28.7273021,41.0019051],[28.7273628,41.001812],[28.7274313,41.001722],[28.7275073,41.0016356],[28.7275904,41.0015529],[28.7276916,41.0014654],[28.7278009,41.0013835],[28.7280182,41.0012192],[28.7282422,41.00106],[28.7284815,41.0009005],[28.7287274,41.000747],[28.7289798,41.0005995],[28.7291383,41.0005],[28.7293025,41.0004059],[28.7294721,41.0003175],[28.7296467,41.0002349],[28.7298261,41.0001582],[28.7299901,41.0000948],[28.7301574,41.0000364],[28.7303276,40.9999831],[28.7304747,40.9999132],[28.730617,40.9998378],[28.7307541,40.9997572],[28.7308855,40.9996714],[28.7310261,40.9995692],[28.7311616,40.9994632],[28.7312918,40.9993534],[28.7314166,40.9992402],[28.7315263,40.9991331],[28.7316278,40.9990216],[28.731721,40.9989061],[28.7318055,40.9987867],[28.7318725,40.9986788],[28.7319325,40.9985686],[28.7320563,40.9983495],[28.7322021,40.998083],[28.7323433,40.997815],[28.7323706,40.9977651],[28.7323926,40.9977137],[28.732409,40.9976612],[28.7324225,40.9975869],[28.732425,40.9975119],[28.7324165,40.9974372],[28.732397,40.9973636],[28.7324212,40.9972472],[28.7324575,40.9971326],[28.7325056,40.9970205],[28.7325587,40.9969223],[28.7326209,40.9968271],[28.7326382,40.9967974],[28.732646,40.9967654],[28.7326437,40.9967329],[28.7326317,40.9967016],[28.7326132,40.9966763],[28.7325882,40.9966544],[28.7325579,40.9966369],[28.7328261,40.9958656],[28.7328392,40.9958016],[28.7328431,40.9957369],[28.7328378,40.9956723],[28.7328234,40.9956085],[28.7328027,40.995552],[28.7327748,40.9954973],[28.7327335,40.9953845],[28.7326996,40.9952703],[28.7326732,40.995155],[28.7326511,40.9950116],[28.7326406,40.9948674],[28.7326417,40.9947231],[28.7326545,40.994579],[28.7332244,40.9939909],[28.7333994,40.993814],[28.7335309,40.9936738],[28.7336496,40.9935056],[28.7337682,40.9933504],[28.7339215,40.993194],[28.733971,40.9931457],[28.7340261,40.993101],[28.7340864,40.9930602],[28.7341447,40.9930271],[28.7342064,40.9929977],[28.7342314,40.9929781],[28.7342501,40.9929549],[28.7342616,40.9929292],[28.7342655,40.9929023],[28.7342628,40.9928803],[28.734255,40.9928591],[28.7342423,40.9928392],[28.7342208,40.9928273],[28.7342036,40.9928118],[28.7341919,40.9927937],[28.7341863,40.992774],[28.7341878,40.9927508],[28.7341977,40.9927289],[28.7343265,40.9925763],[28.7343762,40.9925158],[28.7344348,40.9924599],[28.7344882,40.9924185],[28.7345464,40.9923809],[28.7345524,40.9923609],[28.7345548,40.9923405],[28.734553,40.9923167],[28.7345464,40.9922934],[28.7345498,40.9922461],[28.7345655,40.9921985],[28.734593,40.9921542],[28.7346449,40.9920917],[28.7346873,40.9920253],[28.7347198,40.9919558],[28.7347393,40.9918946],[28.7347526,40.9918325],[28.7347606,40.9917453],[28.7347781,40.9916589],[28.7347991,40.9915898],[28.7348294,40.9915225],[28.7348548,40.9914787],[28.7348841,40.9914363],[28.7349444,40.9913522],[28.7349938,40.9912898],[28.7350463,40.9912287],[28.7351751,40.9910447],[28.7351997,40.9910024],[28.7352295,40.9909621],[28.7352642,40.990924],[28.7353098,40.9908837],[28.7353609,40.9908473],[28.7354169,40.9908153],[28.7354771,40.9907881],[28.7357242,40.9905667],[28.735917,40.9903989],[28.7360163,40.9902835],[28.736041,40.9902525],[28.7360588,40.9902189],[28.7360692,40.9901835],[28.7360721,40.9901501],[28.7360837,40.9901178],[28.7361038,40.9900879],[28.7361258,40.9900661],[28.7361523,40.9900474],[28.7361826,40.9900322],[28.7361848,40.9899417],[28.7361759,40.9898515],[28.736162,40.9897849],[28.736154,40.9897177],[28.7361521,40.9896503],[28.7361587,40.989561],[28.7361759,40.9894724],[28.7362489,40.9893436],[28.7362952,40.9892703],[28.7363301,40.9891935],[28.7363521,40.9891198],[28.7363636,40.9890447],[28.7363773,40.988999],[28.7363951,40.9889541],[28.736416,40.9889119],[28.7364404,40.9888708],[28.7364646,40.9887834],[28.7364816,40.9886949],[28.7364915,40.9886039],[28.7364924,40.9885125],[28.7364862,40.9884371],[28.7364739,40.9883621],[28.7364423,40.9882897],[28.7364038,40.9882191],[28.7363628,40.9881566],[28.7363163,40.9880962],[28.7362956,40.9880602],[28.7362833,40.9880221],[28.7362798,40.987983],[28.7362852,40.987944],[28.7362956,40.9879142],[28.7363112,40.9878857],[28.7363318,40.987859],[28.7364585,40.9877385],[28.7366214,40.9876054],[28.7367472,40.9874531],[28.7367953,40.9873963],[28.7368494,40.9873427],[28.7369104,40.9872918],[28.7369768,40.987245],[28.7371351,40.9871127],[28.7371616,40.9870835],[28.7371824,40.9870518],[28.7371971,40.9870183],[28.7372056,40.986982],[28.7372068,40.9869451],[28.7372967,40.98683],[28.7373751,40.9867389],[28.737424,40.9866936],[28.7374637,40.9866434],[28.7374896,40.9865973],[28.7375076,40.986549],[28.7376102,40.9864263],[28.7376943,40.9863129],[28.7377228,40.9862705],[28.7377406,40.9862248],[28.7377468,40.9861876],[28.7377459,40.98615],[28.7377379,40.986113],[28.7377265,40.9860109],[28.7377238,40.9859085],[28.7377273,40.9858355],[28.7377352,40.9857627],[28.7377361,40.9857229],[28.7377416,40.9856832],[28.7377493,40.985652],[28.7377617,40.9856217],[28.7377759,40.9855967],[28.7377932,40.9855729],[28.7378245,40.9854915],[28.737861,40.9854114],[28.7379023,40.985333],[28.7379511,40.985257],[28.738012,40.9851785],[28.7380809,40.9851039],[28.7381627,40.9850016],[28.7382182,40.9849471],[28.7382812,40.9848974],[28.7383508,40.9848531],[28.7384184,40.9848182],[28.7384902,40.9847884],[28.7385654,40.984764],[28.7384631,40.9847108],[28.7385429,40.9846377],[28.738629,40.9845686],[28.7387209,40.9845041],[28.73882,40.9844433],[28.7389231,40.9843865],[28.7390301,40.984334],[28.7391154,40.9842962],[28.7392027,40.9842612],[28.7393801,40.9841953],[28.7395645,40.9841358],[28.7397509,40.9840799],[28.7399787,40.9840172],[28.7402089,40.9839599],[28.7406681,40.9838466],[28.7411299,40.9837396],[28.7415943,40.983639],[28.7428482,40.9834173],[28.7447381,40.9829559],[28.7448849,40.9829097],[28.7450349,40.9828698],[28.7451795,40.9828378],[28.7453205,40.9827977],[28.7454265,40.9827612],[28.7455351,40.9827293],[28.7456165,40.9827088],[28.745699,40.9826908],[28.745865,40.9826575],[28.7460259,40.9826305],[28.7461885,40.9826104],[28.7463746,40.982596],[28.746561,40.9825853],[28.7467279,40.9825788],[28.746895,40.9825752],[28.747062,40.9825677],[28.7472292,40.9825646],[28.7474556,40.9825671],[28.747624,40.9825748],[28.7477918,40.9825876],[28.7480859,40.982602],[28.7482393,40.9826168],[28.7483916,40.9826367],[28.7485178,40.9826572],[28.7486428,40.9826812],[28.7487139,40.9826926],[28.7487859,40.9827005],[28.7488634,40.9827051],[28.7489411,40.9827056],[28.7490964,40.9827068],[28.7492679,40.9827034],[28.749439,40.9826952],[28.7496389,40.9826883],[28.749839,40.9826878],[28.7500626,40.9826949],[28.750286,40.9827048],[28.7504788,40.9827155],[28.7506705,40.9827346],[28.7508527,40.982761],[28.7510356,40.982784],[28.7512147,40.9828033],[28.7513944,40.9828194],[28.7515415,40.9828369],[28.7516867,40.9828617],[28.7517799,40.9828818],[28.7518718,40.982905],[28.7519378,40.9829216],[28.752006,40.9829319],[28.7520753,40.9829356],[28.7521228,40.9829344],[28.7521699,40.9829302],[28.7522648,40.9829293],[28.752343,40.982932],[28.752421,40.9829379],[28.7526758,40.9829106],[28.7527992,40.9828953],[28.7529239,40.9828893],[28.7530466,40.9828924],[28.7531683,40.9829045],[28.7532836,40.9829109],[28.7533977,40.982925],[28.753495,40.9829434],[28.7535901,40.9829675],[28.753778,40.9829993],[28.7539629,40.9830399],[28.7541033,40.9830771],[28.7542412,40.9831194],[28.7543754,40.9831485],[28.7545123,40.9831694],[28.7546509,40.9831821],[28.7547651,40.9831863],[28.7548793,40.9831849],[28.7549932,40.9831778],[28.7551001,40.9831611],[28.7552038,40.9831355],[28.755303,40.9831014],[28.7553567,40.9830785],[28.7554135,40.9830602],[28.7554727,40.983047],[28.7555212,40.9830401],[28.7555703,40.9830365],[28.7556688,40.9830346],[28.7557559,40.9830401],[28.7558418,40.9830524],[28.7560135,40.9830766],[28.75619,40.9831083],[28.7563642,40.9831467],[28.7567997,40.9832548],[28.7570455,40.9833315],[28.7570712,40.9833433],[28.7570925,40.9833594],[28.7571082,40.9833788],[28.7571167,40.9833983],[28.7571196,40.9834188],[28.7571165,40.9834393],[28.7570944,40.9834896],[28.7570672,40.9835385],[28.757037,40.9835832],[28.7570025,40.9836261],[28.757011,40.9836521],[28.7570297,40.9836749],[28.7570568,40.9836923],[28.7570897,40.9837025],[28.7571145,40.9837048],[28.7571394,40.983703],[28.7571631,40.9836972],[28.7571935,40.9836945],[28.7572216,40.9836853],[28.757245,40.9836704],[28.7572617,40.9836511],[28.7572694,40.9836335],[28.7572714,40.983615],[28.7572677,40.9835967],[28.7572997,40.9835744],[28.7573368,40.9835574],[28.7573777,40.9835463],[28.757426,40.9835415],[28.7577817,40.9836329],[28.7581076,40.9837116],[28.7582766,40.9837385],[28.7584466,40.9837617],[28.758597,40.9837791],[28.758748,40.9837936],[28.7588964,40.9838182],[28.7590424,40.9838501],[28.7591894,40.9838902],[28.7593381,40.9839268],[28.7594593,40.9839535],[28.7595815,40.9839779],[28.7596443,40.9839854],[28.7597079,40.9839847],[28.7597479,40.9839799],[28.759787,40.9839718],[28.759915,40.9840089],[28.7600458,40.9840396],[28.7601595,40.9840608],[28.7602718,40.9840857],[28.7604085,40.9841216],[28.7605424,40.9841631],[28.7606462,40.9841916],[28.7607472,40.9842254],[28.7608161,40.9842514],[28.7608368,40.9842609],[28.7609233,40.9843006],[28.7612736,40.9843623],[28.7615506,40.9844152],[28.7616283,40.9845185],[28.7620588,40.9845972],[28.7621031,40.9845152],[28.7624488,40.9846255],[28.7626684,40.9846539],[28.7627064,40.9846581],[28.7627418,40.9846696],[28.7627732,40.9846884],[28.7627968,40.9847129],[28.7629835,40.9847756],[28.7631186,40.9848273],[28.7632507,40.9848832],[28.7633771,40.9849343],[28.763357,40.9849822],[28.7634663,40.9850351],[28.7634563,40.9850837],[28.7634904,40.9851002],[28.7635279,40.9851119],[28.7635676,40.9851183],[28.7636077,40.9851194],[28.7636474,40.985115],[28.7638713,40.9851998],[28.7639385,40.9852135],[28.7640075,40.9852208],[28.7640662,40.9852219],[28.7641248,40.9852183],[28.7642626,40.9853038],[28.7643504,40.9853425],[28.7644356,40.9853843],[28.7645181,40.9854291],[28.7645348,40.9854496],[28.7645462,40.985472],[28.764552,40.9854957],[28.7645513,40.9855235],[28.7645418,40.9855498],[28.7645428,40.985577],[28.7645543,40.9856027],[28.7645702,40.9856207],[28.7645912,40.9856354],[28.7645503,40.985805],[28.76473,40.9858536],[28.7647875,40.9858748],[28.7648407,40.9859015],[28.7648889,40.9859333],[28.7649276,40.9859661],[28.7649583,40.9860034],[28.7649799,40.9860431],[28.7649925,40.986085],[28.7650338,40.9861646],[28.765082,40.986242],[28.7651418,40.9863227],[28.7652091,40.9864],[28.7652735,40.986522],[28.7653285,40.9866487],[28.7653747,40.9867773],[28.7654047,40.9868796],[28.7654291,40.9869828],[28.7654478,40.9870866],[28.7654634,40.9871214],[28.7654836,40.9871548],[28.7655083,40.9871863],[28.7655371,40.9872157],[28.7656983,40.9873331],[28.7658076,40.9874188],[28.7659135,40.987507],[28.7660025,40.9875889],[28.7660976,40.9876669],[28.7661852,40.9877315],[28.76623,40.987763],[28.7662769,40.9877927],[28.7663405,40.9878281],[28.766407,40.98786],[28.7665955,40.987857],[28.7667929,40.9878512],[28.7668918,40.987837],[28.7669916,40.9878277],[28.767092,40.9878231],[28.7672033,40.9878236],[28.7673142,40.98783],[28.7674242,40.9878422],[28.7675329,40.9878603],[28.7676563,40.9878896],[28.7677827,40.9879104],[28.7678744,40.9879198],[28.7679667,40.9879247],[28.7680593,40.9879251],[28.7681826,40.9879132],[28.7683067,40.9879091],[28.7684084,40.9879116],[28.7685096,40.9879194],[28.7686098,40.9879324],[28.768716,40.9879376],[28.7688224,40.9879342],[28.7689276,40.9879223],[28.7689673,40.9879342],[28.7690037,40.9879509],[28.7690433,40.9879777],[28.7690747,40.9880102],[28.7690966,40.9880468],[28.7691513,40.9879582],[28.7692964,40.9879962],[28.7694338,40.9880354],[28.7695011,40.9880576],[28.7695697,40.9880774],[28.76968,40.9881034],[28.7697356,40.9881156],[28.7697927,40.988123],[28.769849,40.9881255],[28.7699053,40.9881233],[28.769961,40.9881164],[28.7699633,40.9882457],[28.7699692,40.9883518],[28.7699787,40.9884578],[28.7699888,40.9889093],[28.7700009,40.9892555],[28.7699969,40.9893435],[28.7700012,40.9894314],[28.7700136,40.989519],[28.7700324,40.9895994],[28.7700502,40.9896559],[28.7700716,40.9897116],[28.7701098,40.9898396],[28.7698657,40.9899163],[28.7697081,40.9899601],[28.7695553,40.990013],[28.7694407,40.9900599],[28.76933,40.9901119],[28.7690333,40.9902564],[28.7687131,40.9904424],[28.7684103,40.9905892],[28.7680667,40.9907175],[28.7676985,40.9908557],[28.7665468,40.991441],[28.7659031,40.99177],[28.7658296,40.9918309],[28.7657657,40.9918976],[28.7657248,40.9919503],[28.7656898,40.9920055],[28.765661,40.9920626],[28.7655873,40.9923151],[28.7654921,40.9926684],[28.7654639,40.992923],[28.7654337,40.9932727],[28.7654174,40.9934273],[28.7653962,40.9935815],[28.7653741,40.9937132],[28.7653486,40.9938447],[28.7653321,40.9939428],[28.7653083,40.99404],[28.765271,40.9941532],[28.7652238,40.9942642],[28.7651065,40.9945684],[28.7650689,40.9946716],[28.76502,40.994772],[28.7649603,40.994869],[28.7648881,40.9949644],[28.7648054,40.9950548],[28.7645466,40.9953007],[28.7642261,40.9955902],[28.7640707,40.995724],[28.7639102,40.9958544],[28.7637394,40.9959854],[28.7635636,40.9961125],[28.7634335,40.9962048],[28.7632987,40.9962932],[28.7631217,40.9963993],[28.7629379,40.9964987],[28.7624981,40.9967325],[28.7622365,40.9968674],[28.761973,40.9970002],[28.7619053,40.997034],[28.7618429,40.9970731],[28.7617901,40.997114],[28.761743,40.9971586],[28.7617037,40.9972055],[28.7616713,40.9972553],[28.7616225,40.9973396],[28.7615801,40.9974259],[28.7611409,40.9974365],[28.7611362,40.9975595],[28.7616169,40.9975686],[28.761628,40.997618],[28.7616438,40.9976668],[28.7616714,40.9977291],[28.7617068,40.9977892],[28.76175,40.997853],[28.761798,40.9979147],[28.7618506,40.9979709],[28.7619093,40.9980235],[28.7619737,40.9980721],[28.7621903,40.9982391],[28.7624578,40.9984679],[28.7625624,40.998561],[28.762663,40.9986567],[28.7627433,40.9987378],[28.7628206,40.9988206],[28.7628731,40.9988864],[28.7629201,40.9989545],[28.7629614,40.9990246],[28.7630306,40.9991347],[28.7630692,40.9991883],[28.7631042,40.9992432],[28.7631438,40.9993151],[28.7631774,40.9993888],[28.7632048,40.9994639],[28.7632424,40.9996243],[28.7633004,40.9998988],[28.7633136,40.999944],[28.7633328,40.9999879],[28.7633577,41.0000302],[28.7633917,41.0000745],[28.763432,41.0001158],[28.7634781,41.0001534],[28.7635293,41.0001895],[28.763584,41.0002227],[28.7636611,41.0002609],[28.7637433,41.0002926],[28.7638326,41.0003166],[28.7639253,41.0003318],[28.7640554,41.000345],[28.7641865,41.0003492],[28.764506,41.000347],[28.7649402,41.0003558],[28.7652943,41.0003611],[28.7656319,41.0003677],[28.765998,41.000373],[28.7660825,41.0003727],[28.7661663,41.0003806],[28.7662515,41.0003975],[28.7662931,41.0004085],[28.7663329,41.0004229],[28.7663748,41.0004428],[28.7664131,41.0004664],[28.7664473,41.0004935],[28.7665101,41.000548],[28.7665683,41.0006053],[28.7666816,41.0007518],[28.7667154,41.0007987],[28.7667447,41.0008472],[28.766774,41.0009081],[28.7667963,41.0009707],[28.7668114,41.0010344],[28.766865,41.0012138],[28.7668961,41.0013029],[28.7669341,41.0013905],[28.7669744,41.0014684],[28.7669955,41.0015071],[28.7670203,41.0015446],[28.7670726,41.001607],[28.7671353,41.0016637],[28.7672754,41.0017695],[28.7674715,41.0018991],[28.7675876,41.0019736],[28.7677066,41.0020456],[28.7678326,41.0021173],[28.7679614,41.0021862],[28.768077,41.0022462],[28.7681894,41.0023097],[28.7682919,41.0023725],[28.7683912,41.0024383],[28.7684767,41.0024983],[28.7685598,41.0025602],[28.7687271,41.0026981],[28.7688172,41.0027785],[28.7689042,41.0028608],[28.7691063,41.0030458],[28.7692921,41.003211],[28.769511,41.0034101],[28.7697001,41.0035794],[28.7699043,41.0037656],[28.7700038,41.0038536],[28.7701065,41.0039394],[28.7702175,41.0040274],[28.7703318,41.004113],[28.770551,41.0042585],[28.7708169,41.0044394],[28.7710499,41.0045948],[28.7712702,41.0047418],[28.7715066,41.0049004],[28.7717523,41.0050623],[28.7720072,41.0052374],[28.7721175,41.0053088],[28.7722231,41.0053842],[28.7723213,41.0054614],[28.7724145,41.0055421],[28.772493,41.0056321],[28.7725398,41.0056958],[28.7725815,41.0057614],[28.7726167,41.0058238],[28.7726485,41.0058872],[28.7726936,41.0059678],[28.772729,41.0060511],[28.7727492,41.0061157],[28.7727635,41.0061812],[28.7727719,41.0062472],[28.7727743,41.0063136],[28.7727706,41.0063799],[28.7727609,41.0064458],[28.7727372,41.0065544],[28.7727042,41.0066616],[28.7726719,41.0067772],[28.7726428,41.0068931],[28.7726144,41.0069822],[28.7725808,41.0070703],[28.7725647,41.007174],[28.7725433,41.0072772],[28.7725168,41.0073791],[28.7724853,41.0074801],[28.7724527,41.0076097],[28.7724195,41.0077422],[28.7723746,41.007914],[28.7723223,41.0081063],[28.772271,41.0083143],[28.7721775,41.0086146],[28.7721315,41.0087737],[28.7720695,41.0089627],[28.7720329,41.0090746],[28.7719921,41.0091856],[28.7719498,41.0092891],[28.7719039,41.0093916],[28.7717889,41.00966],[28.7717637,41.0097311],[28.7716954,41.0097923],[28.7716216,41.0098498],[28.7715477,41.0099002],[28.7714697,41.0099469],[28.771363,41.0100078],[28.7712541,41.0100666],[28.7710104,41.0101981],[28.77077,41.0103216],[28.7705232,41.0104506],[28.7704241,41.0105072],[28.7703227,41.0105614],[28.7702081,41.0106186],[28.770091,41.0106727],[28.7699242,41.0107458],[28.7697548,41.0108152],[28.7695964,41.0108718],[28.7694342,41.0109219],[28.7692265,41.0109805],[28.7691221,41.0110088],[28.7690162,41.0110335],[28.7688965,41.0110567],[28.7687754,41.0110753],[28.768654,41.0110883],[28.7685317,41.011096],[28.7682943,41.0111008],[28.7680697,41.0111112],[28.7677532,41.0111216],[28.7673958,41.011134],[28.7670085,41.01114],[28.7666987,41.0111464],[28.7663309,41.0111823],[28.765887,41.0111717],[28.7655514,41.0111833],[28.765425,41.0111843],[28.7652027,41.0111833],[28.7651273,41.0111936],[28.765051,41.0111982],[28.7649744,41.011197],[28.7648983,41.0111901],[28.7648045,41.0111734],[28.7647142,41.0111479],[28.7646567,41.0111282],[28.7646006,41.0111061],[28.7645226,41.0110711],[28.764448,41.0110323],[28.7643769,41.0109898],[28.7643133,41.0109507],[28.7642452,41.0109163],[28.7641731,41.0108868],[28.764079,41.0108574],[28.763981,41.0108364],[28.7639311,41.0108281],[28.7638804,41.010824],[28.7638129,41.0108251],[28.7637463,41.0108334],[28.7637131,41.0108388],[28.7636819,41.0108488],[28.7636445,41.010869],[28.7636149,41.0108957],[28.7635951,41.010927],[28.7635904,41.0110512],[28.7635508,41.0111061],[28.7633151,41.0110515],[28.7630761,41.0110059],[28.7628347,41.0109697],[28.7627547,41.0109552],[28.7626734,41.0109462],[28.7625913,41.0109427],[28.7624893,41.010946],[28.7623885,41.0109577],[28.7622899,41.0109778],[28.762195,41.0110059],[28.7617102,41.0111557],[28.7616309,41.0111204],[28.7615471,41.0110918],[28.7614596,41.0110703],[28.7613695,41.011056],[28.7612707,41.0110491],[28.7611714,41.0110509],[28.7610732,41.0110616],[28.7609772,41.0110808],[28.7605917,41.0111972],[28.7600204,41.0113758],[28.7596974,41.0114591],[28.7593726,41.0115382],[28.7590099,41.0116211],[28.7588281,41.0116615],[28.7586451,41.0116986],[28.7583859,41.0117452],[28.7581247,41.0117852],[28.758027,41.0117743],[28.7579283,41.0117709],[28.7578297,41.011775],[28.7577556,41.0117831],[28.7576826,41.0117955],[28.7576111,41.011812],[28.7574781,41.0118444],[28.7573435,41.0118727],[28.7571744,41.0119018],[28.7570895,41.0119151],[28.7570035,41.0119243],[28.7569136,41.0119295],[28.7568234,41.0119301],[28.7567333,41.0119263],[28.7566392,41.0119143],[28.7565476,41.0118941],[28.7564597,41.0118661],[28.7563506,41.0118776],[28.7562405,41.0118813],[28.7561574,41.011879],[28.7560748,41.0118722],[28.755993,41.0118611],[28.7558523,41.0118487],[28.7557107,41.0118449],[28.755293,41.0119182],[28.7548142,41.0120098],[28.7543609,41.0120994],[28.7543039,41.0121121],[28.7542493,41.0121299],[28.754198,41.0121525],[28.7541483,41.012181],[28.7541039,41.012214],[28.7540652,41.0122509],[28.754033,41.0122911],[28.7540136,41.0125224],[28.7540039,41.0127214],[28.7540008,41.0129206],[28.7540101,41.0130376],[28.7540075,41.0131548],[28.7539958,41.0132546],[28.7539754,41.0133536],[28.7539465,41.0134513],[28.7539081,41.0135977],[28.7538892,41.0136709],[28.7538754,41.0137448],[28.7538659,41.0138321],[28.7538636,41.0139197],[28.7538686,41.0140073],[28.7538808,41.0140944],[28.7539117,41.0142652],[28.7539289,41.0143505],[28.7539519,41.0144349],[28.7539879,41.0145377],[28.7540325,41.0146385],[28.7540853,41.014737],[28.7541491,41.0148144],[28.7542065,41.0148947],[28.7542573,41.0149774],[28.7543012,41.0150623],[28.7543445,41.015166],[28.7543777,41.0152718],[28.7544038,41.0155157],[28.7544427,41.0157788],[28.7544937,41.0161046],[28.7545063,41.0162352],[28.7545121,41.0163662],[28.7545111,41.0164972],[28.7545036,41.0166234],[28.7544897,41.0167493],[28.7544837,41.0168123],[28.7544695,41.0168746],[28.7544422,41.0169473],[28.7544038,41.0170171],[28.7543549,41.0170831],[28.7542893,41.0171714],[28.7542295,41.017262],[28.7541758,41.0173548],[28.7541131,41.0174829],[28.7540618,41.0176138],[28.7540354,41.017749],[28.7540182,41.017885],[28.7540101,41.0180319],[28.7540128,41.018179],[28.7540222,41.0182522],[28.7540263,41.0183257],[28.754023,41.0184294],[28.7540091,41.0185325],[28.7539846,41.0186346],[28.7539499,41.018735],[28.75375,41.0190835],[28.7537434,41.0191475],[28.7537282,41.0192105],[28.7537043,41.0192721],[28.7536722,41.0193314],[28.7536288,41.0193922],[28.7535768,41.0194489],[28.7535167,41.0195009],[28.7532947,41.0197858],[28.7531633,41.0200033],[28.7531716,41.0200568],[28.753168,41.0201106],[28.7531525,41.020163],[28.7531257,41.0202127],[28.7530882,41.0202583],[28.7530426,41.0203049],[28.7530044,41.0203552],[28.7529742,41.0204085],[28.7529538,41.0204597],[28.7529408,41.0205123],[28.7529352,41.0205656],[28.7529373,41.020619],[28.7529321,41.0206772],[28.7529191,41.0207348],[28.7528984,41.020791],[28.7528566,41.0208798],[28.7528287,41.0209221],[28.7528045,41.0209656],[28.7527755,41.0210328],[28.7527553,41.0211018],[28.7527442,41.021172],[28.7527194,41.0213592],[28.7526826,41.0213609],[28.7526481,41.0213709],[28.7526193,41.0213882],[28.7525987,41.0214113],[28.7525903,41.0214293],[28.7525872,41.0214483],[28.7525893,41.0214674],[28.7526376,41.0215868],[28.7525433,41.0216219],[28.7524552,41.0216652],[28.7523783,41.0217134],[28.7523091,41.0217678],[28.7522484,41.0218277],[28.752197,41.0218924],[28.7522239,41.0219768],[28.7522393,41.0220629],[28.7522431,41.0221284],[28.7522402,41.022194],[28.7522306,41.0222592],[28.7522125,41.0224106],[28.752189,41.0225617],[28.7521481,41.0227675],[28.7520971,41.022972],[28.7519892,41.0233352],[28.7518644,41.0237951],[28.7518102,41.0239159],[28.7517672,41.0240394],[28.7517353,41.024167],[28.7517235,41.0242313],[28.7517156,41.0242959],[28.751711,41.0243762],[28.7517124,41.0244565],[28.7517196,41.0245367],[28.7517235,41.0246397],[28.7517351,41.0247423],[28.7517545,41.0248443],[28.7517815,41.0249454],[28.7518162,41.0250451],[28.7518584,41.0251432],[28.7519133,41.0252555],[28.7519746,41.0253658],[28.7520119,41.0254187],[28.7520421,41.0254741],[28.7520679,41.0255401],[28.7520839,41.0256078],[28.7520885,41.025642],[28.7520897,41.0256764],[28.752085,41.02573],[28.7520723,41.0257828],[28.7520516,41.0258341],[28.7520234,41.0258833],[28.7519794,41.0259449],[28.7519279,41.0260031],[28.7518693,41.0260572],[28.7518041,41.0261069],[28.7517287,41.0261515],[28.7516465,41.0261884],[28.7515587,41.0262172],[28.7515246,41.0262439],[28.7514956,41.0262739],[28.7514656,41.0263182],[28.7514467,41.0263659],[28.7514594,41.0266416],[28.7514519,41.0267276],[28.7514523,41.0268138],[28.7514606,41.0268998],[28.7514769,41.0269851],[28.7514978,41.02706],[28.7515249,41.0271338],[28.751558,41.0272062],[28.7515929,41.0273007],[28.7516193,41.0273968],[28.7516371,41.027494],[28.7516453,41.0275896],[28.7516444,41.0276854],[28.7516411,41.0277332],[28.7516344,41.0277808],[28.7516156,41.027861],[28.7515873,41.0279397],[28.7515499,41.0280161],[28.7515405,41.0280882],[28.7515198,41.0281589],[28.7514879,41.0282273],[28.7514455,41.0282923],[28.751393,41.028353],[28.7513338,41.0284066],[28.7512667,41.0284546],[28.7511928,41.0284966],[28.751113,41.0285318],[28.7510696,41.0285441],[28.7510283,41.0285599],[28.7509743,41.0285876],[28.7509265,41.0286211],[28.750886,41.0286597],[28.7508537,41.0287025],[28.7508304,41.0287485],[28.7508321,41.0287831],[28.7508267,41.0288173],[28.7508144,41.0288506],[28.7507956,41.0288821],[28.7507653,41.0289161],[28.7507273,41.0289454],[28.7506829,41.0289691],[28.7506444,41.0289975],[28.7506123,41.0290301],[28.7505874,41.0290661],[28.7505703,41.0291047],[28.7505579,41.0291571],[28.7505572,41.0292104],[28.7505683,41.029263],[28.7506554,41.0294309],[28.7507104,41.0296545],[28.7507588,41.0298199],[28.7508157,41.0299838],[28.7508725,41.0301262],[28.7509357,41.0302671],[28.7510112,41.030426],[28.7510906,41.0305837],[28.7511765,41.0307474],[28.7512656,41.03091],[28.7512476,41.0309572],[28.7512408,41.0310061],[28.7512444,41.0310492],[28.7512568,41.0310914],[28.7512777,41.0311316],[28.751309,41.031234],[28.7513481,41.0313349],[28.7514071,41.0314575],[28.7514407,41.0315177],[28.7514775,41.0315767],[28.7515321,41.0316544],[28.7515923,41.0317296],[28.7516579,41.0318023],[28.7519073,41.0320405],[28.7519481,41.0321758],[28.7519959,41.0323096],[28.7520501,41.0324409],[28.7521112,41.0325705],[28.7521789,41.0326981],[28.7521572,41.0328427],[28.7521273,41.0329864],[28.7520944,41.0331116],[28.7520552,41.0332358],[28.7520279,41.0332963],[28.7520099,41.0333587],[28.752002,41.0334154],[28.7520018,41.0334724],[28.7520093,41.0335292],[28.7520271,41.0336008],[28.752054,41.0336708],[28.7520897,41.0337385],[28.752134,41.0338033],[28.7521863,41.0338645],[28.7521636,41.0339045],[28.7521483,41.0339464],[28.7521407,41.0339895],[28.7521422,41.0340443],[28.7521561,41.0340982],[28.7521884,41.0341929],[28.75223,41.0342855],[28.7522808,41.0343754],[28.7523163,41.0344567],[28.7523432,41.0345398],[28.7523613,41.0346243],[28.7523681,41.0347056],[28.7523646,41.0347871],[28.7523509,41.0348679],[28.7523271,41.0349475],[28.7522057,41.0352322],[28.7522061,41.035308],[28.7522158,41.0353835],[28.7522299,41.035442],[28.7522496,41.0354996],[28.7522748,41.0355559],[28.7522231,41.0355956],[28.7521803,41.0356408],[28.7521474,41.0356905],[28.7521274,41.0357365],[28.7521159,41.0357842],[28.7521132,41.0358326],[28.7520991,41.0359457],[28.7520743,41.0360577],[28.7520377,41.0360894],[28.752009,41.0361254],[28.751989,41.0361646],[28.7519784,41.0362059],[28.7519775,41.0362473],[28.751986,41.0362882],[28.7520037,41.0363274],[28.7520301,41.0363637],[28.7523673,41.0365503],[28.7525618,41.0366735],[28.7527522,41.0368002],[28.7529497,41.0369382],[28.7530485,41.0370072],[28.7531425,41.0370799],[28.7532458,41.0371692],[28.7533418,41.0372631],[28.7534302,41.0373611],[28.7534016,41.0374518],[28.7533845,41.0375441],[28.7533791,41.0376372],[28.7533852,41.0377303],[28.7533996,41.0378087],[28.7534222,41.0378859],[28.753453,41.0379615],[28.7535025,41.0380368],[28.7535455,41.0381144],[28.7535818,41.0381939],[28.7536112,41.0382751],[28.7536343,41.0383604],[28.7536497,41.0384466],[28.7536575,41.0385335],[28.7536399,41.0386237],[28.7536313,41.0387146],[28.7536323,41.0388111],[28.7536435,41.0389072],[28.7536649,41.0390024],[28.7536811,41.0391171],[28.7536872,41.0392324],[28.753683,41.0393478],[28.753724,41.0394104],[28.7537554,41.0394761],[28.7537768,41.039544],[28.7537882,41.0396143],[28.7537888,41.0396851],[28.7537789,41.0397555],[28.7537593,41.0398196],[28.7537302,41.0398817],[28.7536918,41.0399408],[28.7536447,41.0399962],[28.7535698,41.0400703],[28.7534857,41.0401386],[28.7533933,41.0402005],[28.753252,41.0402864],[28.7531043,41.0403659],[28.7529704,41.0403905],[28.75284,41.0404239],[28.752714,41.0404661],[28.7525993,41.0405138],[28.7524905,41.0405687],[28.7523881,41.0406304],[28.7522974,41.0406951],[28.7522138,41.040765],[28.752138,41.0408398],[28.752077,41.0409098],[28.752008,41.0409755],[28.7519316,41.0410362],[28.7518483,41.0410917],[28.7517649,41.0411383],[28.7516766,41.0411795],[28.7515841,41.0412151],[28.7515446,41.0412333],[28.75151,41.0412565],[28.7514813,41.0412839],[28.7514594,41.0413147],[28.7514459,41.0413453],[28.7514392,41.0413771],[28.7514395,41.0414094],[28.7514467,41.0414412],[28.7514599,41.0415309],[28.7514628,41.0416212],[28.7514559,41.0416966],[28.7514407,41.0417713],[28.7514172,41.0418448],[28.7513857,41.0419166],[28.7513453,41.041944],[28.7513117,41.0419761],[28.7512857,41.0420121],[28.7512686,41.0420499],[28.75126,41.0420892],[28.7512601,41.0421291],[28.751269,41.0421684],[28.751288,41.042219],[28.7513152,41.0422675],[28.7513501,41.0423131],[28.7513562,41.0424436],[28.7513629,41.0426039],[28.7513224,41.042663],[28.7512888,41.0427245],[28.7512623,41.042788],[28.7512419,41.042858],[28.7512382,41.0428937],[28.7512301,41.0429291],[28.7512107,41.042979],[28.7511826,41.0430265],[28.7511463,41.0430707],[28.7510999,41.0431149],[28.7510469,41.0431546],[28.750988,41.0431893],[28.750924,41.0432184],[28.7508876,41.0432261],[28.7508559,41.0432416],[28.7508342,41.0432605],[28.7508198,41.0432831],[28.7508138,41.0433076],[28.7508164,41.0433326],[28.7508276,41.0433561],[28.7508465,41.0433766],[28.750871,41.0434144],[28.7508855,41.0434551],[28.7508894,41.043497],[28.7508453,41.0435562],[28.7507931,41.0436115],[28.7507334,41.0436624],[28.750667,41.0437082],[28.7505944,41.0437484],[28.7505135,41.0437837],[28.750428,41.0438122],[28.7503388,41.0438333],[28.7502471,41.043847],[28.7500218,41.0438773],[28.7496925,41.0440412],[28.7493962,41.0441846],[28.7490977,41.0443254],[28.748627,41.0444933],[28.7485681,41.0445006],[28.7485111,41.0445137],[28.7484568,41.0445325],[28.7484064,41.0445565],[28.7483576,41.0445877],[28.7483152,41.0446238],[28.748242,41.0446955],[28.7481777,41.044772],[28.7480963,41.0447767],[28.748016,41.0447878],[28.7479377,41.0448053],[28.7478667,41.0448274],[28.747799,41.0448546],[28.7477352,41.0448868],[28.747582,41.0449771],[28.7474348,41.0450729],[28.7473003,41.045169],[28.7471719,41.0452696],[28.7469044,41.0454658],[28.7464967,41.045353],[28.7461446,41.0459781],[28.7458724,41.0466204],[28.7459837,41.0468368],[28.7460417,41.0469406],[28.7460896,41.0470472],[28.7461218,41.0471381],[28.7461467,41.0472304],[28.7461641,41.0473236],[28.7461741,41.0474174],[28.7461756,41.0475309],[28.7461656,41.0476442],[28.746144,41.0477566],[28.7461237,41.0478114],[28.7461111,41.0478675],[28.7461062,41.0479359],[28.7461126,41.0480042],[28.7461304,41.0480714],[28.746159,41.0481364],[28.7461983,41.0481982],[28.7462912,41.0483552],[28.7463793,41.0485137],[28.7464942,41.0487379],[28.7465993,41.0489648],[28.746783,41.0493947],[28.7467795,41.049506],[28.7467709,41.0496172],[28.7467523,41.0497597],[28.7467357,41.0498302],[28.7467253,41.0499014],[28.7467213,41.0500006],[28.7467294,41.0500996],[28.7467495,41.0501977],[28.7467606,41.0502911],[28.7467642,41.0503848],[28.7467221,41.0504297],[28.7466849,41.050477],[28.7466529,41.0505264],[28.7466178,41.0505968],[28.7465932,41.0506696],[28.7465794,41.050744],[28.7465765,41.0508192],[28.7465797,41.0508966],[28.7465893,41.0509737],[28.7466053,41.0510503],[28.7465931,41.0511429],[28.7465919,41.0512359],[28.746602,41.0513318],[28.7466238,41.0514266],[28.7466569,41.0515196],[28.7466933,41.0516524],[28.7467175,41.0517867],[28.7467293,41.0519221],[28.7467145,41.0519704],[28.7467093,41.0520198],[28.7467139,41.0520692],[28.7467265,41.0521132],[28.7467468,41.0521555],[28.7467745,41.0521954],[28.7468091,41.052232],[28.7468351,41.0522732],[28.7468511,41.0523171],[28.7468567,41.0523625],[28.746874,41.0524434],[28.7469004,41.052523],[28.7469356,41.0526005],[28.7469596,41.0526373],[28.7469795,41.0526755],[28.7470022,41.0527387],[28.7470136,41.0528036],[28.7470134,41.0528691],[28.7470016,41.0529339],[28.7469999,41.0529919],[28.7470064,41.0530497],[28.7470211,41.0531066],[28.7470369,41.0531332],[28.7470438,41.053162],[28.747042,41.0531891],[28.7470324,41.0532152],[28.7470153,41.0532392],[28.7469917,41.0532597],[28.7469627,41.0532757],[28.7467897,41.0533025],[28.7467705,41.0533267],[28.7467595,41.0533536],[28.7467574,41.0533808],[28.7467637,41.0534076],[28.7467781,41.0534325],[28.7467998,41.0534542],[28.7467909,41.053498],[28.7467736,41.0535402],[28.7467442,41.0535854],[28.7467227,41.0536047],[28.7467052,41.0536262],[28.7466896,41.0536557],[28.7466815,41.0536868],[28.7466814,41.0537186],[28.7466892,41.0537498],[28.7467045,41.0537794],[28.7467173,41.0538223],[28.7467198,41.0538663],[28.7467118,41.0539099],[28.7466938,41.0539518],[28.7464309,41.0539998],[28.746097,41.0541981],[28.7457389,41.0539639],[28.7453225,41.053702],[28.7427664,41.0518058],[28.7427031,41.0518325],[28.7426688,41.051847],[28.742566,41.0518801],[28.7424591,41.0519049],[28.7423865,41.0519155],[28.7423494,41.0519209],[28.742238,41.0519281],[28.7421447,41.0519273],[28.7420519,41.0519202],[28.7419602,41.051907],[28.7419336,41.0518933],[28.7419027,41.0518867],[28.7418705,41.0518877],[28.7418399,41.0518965],[28.7418146,41.0519123],[28.7417974,41.0519334],[28.7417901,41.0519575],[28.7417948,41.0519992],[28.7417903,41.052041],[28.7417765,41.0520816],[28.7417538,41.0521198],[28.741723,41.0521547],[28.7416919,41.0521803],[28.7416563,41.0522023],[28.7416171,41.0522204],[28.7410672,41.0517522],[28.7405998,41.0513764],[28.7405821,41.0513716],[28.7405632,41.0513723],[28.7405462,41.0513785],[28.7405331,41.0513899],[28.7405274,41.0514044],[28.7405301,41.0514194],[28.7405241,41.051519],[28.7401734,41.0515206],[28.7401009,41.0513643],[28.7400461,41.0513422],[28.7399953,41.051315],[28.7399393,41.0512751],[28.7399566,41.0512497],[28.7399689,41.0512227],[28.7399759,41.0511947],[28.7399764,41.0511539],[28.7399657,41.051114],[28.7399444,41.0510766],[28.7399116,41.0510372],[28.7398708,41.0510023],[28.739823,41.0509729],[28.7397672,41.0509471],[28.7397073,41.0509274],[28.7395625,41.0509919],[28.7391139,41.0512341],[28.739085,41.0511368],[28.7390461,41.0510416],[28.7389975,41.0509489],[28.7389347,41.0508527],[28.7388614,41.0507608],[28.7387782,41.0506739],[28.7386855,41.0505925],[28.7385841,41.0505173],[28.7385515,41.0504995],[28.7385153,41.0504861],[28.7384767,41.0504777],[28.7384366,41.0504743],[28.7384,41.0504758],[28.7383642,41.0504816],[28.73833,41.0504915],[28.7382609,41.0505312],[28.7381873,41.0505658],[28.7381096,41.0505951],[28.7380286,41.0506188],[28.7379451,41.0506366],[28.7378615,41.0506483],[28.7377768,41.0506542],[28.7376918,41.0506542],[28.7376498,41.0506486],[28.7376072,41.0506483],[28.7375567,41.0506546],[28.7375087,41.0506681],[28.7374651,41.0506884],[28.7374274,41.0507145],[28.7374042,41.0507392],[28.7373872,41.0507666],[28.7373772,41.0507959],[28.7374643,41.0512971],[28.7374231,41.0513452],[28.7373892,41.0513965],[28.7373631,41.0514503],[28.737345,41.0515059],[28.7373352,41.0515624],[28.7373337,41.0516194],[28.7373406,41.0516761],[28.7373557,41.0517319],[28.7373847,41.0517987],[28.7374246,41.0518622],[28.7374749,41.0519213],[28.7375347,41.0519752],[28.7375713,41.0520001],[28.7376021,41.0520292],[28.737626,41.0520618],[28.7376426,41.0520968],[28.7376514,41.0521334],[28.7376514,41.0521775],[28.7376401,41.0522207],[28.7376179,41.0522614],[28.7376006,41.0523244],[28.7375748,41.0523857],[28.7375406,41.0524446],[28.7374985,41.0525006],[28.73744,41.0525612],[28.7373722,41.0526161],[28.737296,41.0526644],[28.73717,41.0527357],[28.7369996,41.0531539],[28.7369356,41.0531798],[28.7368671,41.0531981],[28.7367958,41.0532085],[28.7367276,41.0532107],[28.7366597,41.0532056],[28.7365935,41.0531933],[28.7365302,41.0531741],[28.7364783,41.0531515],[28.7364307,41.0531239],[28.7363883,41.0530918],[28.7363519,41.0530558],[28.73633,41.0530173],[28.7363008,41.0529817],[28.7362649,41.0529498],[28.7362231,41.0529223],[28.7361763,41.0528997],[28.7361254,41.0528827],[28.7360718,41.0528716],[28.7360166,41.0528667],[28.7359604,41.0528792],[28.735902,41.0528836],[28.7358436,41.0528798],[28.7357863,41.0528676],[28.7357331,41.0528475],[28.7356858,41.0528202],[28.7356462,41.0527866],[28.7356158,41.0527481],[28.7355955,41.0527059],[28.7355921,41.0526064],[28.7355764,41.0525076],[28.7355483,41.0524103],[28.7355083,41.0523155],[28.7354634,41.0522346],[28.7354098,41.0521569],[28.7353478,41.0520827],[28.7352779,41.0520127],[28.7352005,41.0519473],[28.7351162,41.0518869],[28.7350255,41.0518321],[28.7348572,41.0518917],[28.7346953,41.051851],[28.73453,41.0518189],[28.7343863,41.0517984],[28.7342413,41.0517844],[28.7341682,41.0517833],[28.7340955,41.0517769],[28.7340218,41.051765],[28.7339501,41.0517478],[28.7338809,41.0517254],[28.7338136,41.0516978],[28.7337499,41.0516657],[28.7336905,41.0516293],[28.7336205,41.0515796],[28.7335562,41.0515256],[28.733498,41.0514679],[28.7334464,41.0514068],[28.7332942,41.0515246],[28.7332489,41.0515367],[28.7332016,41.0515433],[28.733156,41.0515443],[28.7331107,41.05154],[28.7330668,41.0515307],[28.7330253,41.0515165],[28.732814,41.0514391],[28.7327289,41.0512996],[28.7326743,41.0512633],[28.7326254,41.0512227],[28.7325827,41.0511782],[28.7325402,41.0511202],[28.7325083,41.0510585],[28.7324875,41.0509942],[28.7320322,41.0503767],[28.7319856,41.0503593],[28.7319426,41.0503374],[28.7319038,41.0503113],[28.7318699,41.0502816],[28.7318353,41.05024],[28.7318104,41.0501946],[28.7317959,41.0501466],[28.7317921,41.0500976],[28.7318484,41.0496748],[28.7318486,41.0496152],[28.7318393,41.049556],[28.7318209,41.0494981],[28.7317935,41.0494422],[28.7317562,41.0493875],[28.7317103,41.0493367],[28.7316566,41.0492904],[28.7315958,41.0492495],[28.7315288,41.0492144],[28.7314567,41.0491858],[28.7313804,41.0491641],[28.7312844,41.0491455],[28.7311862,41.0491358],[28.7310871,41.0491352],[28.7309886,41.0491437],[28.7308922,41.049161],[28.7307745,41.0491902],[28.7306609,41.0492275],[28.7305523,41.0492725],[28.7304497,41.0493249],[28.7301573,41.0492146],[28.7301395,41.0491564],[28.7301128,41.0491001],[28.7300774,41.0490465],[28.7300339,41.0489965],[28.729983,41.0489507],[28.7299179,41.0489052],[28.7298456,41.0488665],[28.7297671,41.0488354],[28.7296795,41.0487939],[28.7295967,41.0487472],[28.7295194,41.0486955],[28.7294479,41.0486392],[28.7294277,41.0485327],[28.7293954,41.048428],[28.7293513,41.0483258],[28.7292957,41.0482268],[28.729229,41.0481318],[28.7291517,41.0480414],[28.7290643,41.0479565],[28.7289884,41.0478933],[28.7289069,41.0478342],[28.7288202,41.0477795],[28.7287364,41.0477365],[28.7286475,41.0476998],[28.7285544,41.0476696],[28.7284579,41.0476462],[28.7283589,41.0476298],[28.7282583,41.0476207],[28.7282256,41.0476374],[28.7281901,41.0476503],[28.7281524,41.0476591],[28.7281055,41.0476641],[28.7280583,41.0476628],[28.7280121,41.0476553],[28.7279683,41.0476418],[28.7279123,41.0476257],[28.7275743,41.0474811],[28.7275918,41.0470624],[28.7276286,41.0469958],[28.7276546,41.0469263],[28.7276696,41.046855],[28.7276734,41.046793],[28.7276687,41.046731],[28.7276557,41.0466697],[28.7276345,41.0466097],[28.7276052,41.0465516],[28.7275763,41.0464764],[28.7275567,41.0463995],[28.7275464,41.0463216],[28.7275456,41.0462433],[28.7275539,41.0462045],[28.7275542,41.0461652],[28.7275452,41.0461224],[28.7275265,41.0460814],[28.7274989,41.0460434],[28.727463,41.0460095],[28.7274644,41.0459566],[28.7274545,41.0459042],[28.7274335,41.0458537],[28.7274115,41.0458186],[28.7273841,41.0457858],[28.7273517,41.0457556],[28.7273234,41.0457164],[28.7273056,41.0456739],[28.7272989,41.0456296],[28.7273036,41.0455851],[28.7273195,41.0455422],[28.7273278,41.0455044],[28.7273436,41.0454681],[28.7273665,41.045434],[28.7274,41.0453994],[28.7274408,41.0453696],[28.7274878,41.0453455],[28.7275395,41.0453278],[28.7275938,41.0453003],[28.7276409,41.0452661],[28.7276793,41.0452263],[28.727708,41.045182],[28.7277259,41.0451346],[28.7278976,41.0446309],[28.7279649,41.0445535],[28.7280383,41.0444794],[28.7281174,41.0444086],[28.728202,41.0443416],[28.7283036,41.0442706],[28.7284114,41.0442049],[28.7285247,41.0441449],[28.7286432,41.0440907],[28.7290052,41.0438522],[28.729362,41.0436093],[28.7296888,41.04338],[28.7298462,41.0432605],[28.7300111,41.043147],[28.7301764,41.0430441],[28.7303479,41.0429471],[28.7305254,41.0428565],[28.7307084,41.0427723],[28.7308966,41.0426948],[28.7309939,41.0426609],[28.7310894,41.0426241],[28.7312354,41.0425608],[28.731376,41.0424908],[28.7315106,41.0424144],[28.7316387,41.042332],[28.7317023,41.0422902],[28.7317599,41.0422438],[28.731815,41.0421888],[28.7318617,41.0421296],[28.7318996,41.0420669],[28.731928,41.0420015],[28.7319468,41.041934],[28.7319557,41.0418655],[28.7319755,41.0417802],[28.7320046,41.0416966],[28.7320429,41.041615],[28.7320901,41.0415362],[28.7321459,41.0414606],[28.73221,41.0413888],[28.7322817,41.0413213],[28.7323607,41.0412586],[28.7324731,41.0411834],[28.7325768,41.0411014],[28.7326711,41.0410132],[28.7327553,41.0409194],[28.7328288,41.0408206],[28.7328797,41.0407383],[28.7329231,41.0406536],[28.732959,41.040567],[28.732987,41.0404787],[28.733148,41.0399325],[28.7332005,41.0398904],[28.7332461,41.0398441],[28.7332843,41.0397941],[28.7333146,41.039741],[28.7333364,41.0396857],[28.7333486,41.0396348],[28.7333537,41.0395832],[28.7333516,41.0395316],[28.7333424,41.0394803],[28.7333231,41.039427],[28.7332942,41.0393761],[28.7332787,41.0393433],[28.7332612,41.0392896],[28.7332562,41.0392344],[28.733264,41.0391794],[28.733275,41.0391464],[28.7332905,41.0391145],[28.7333113,41.0390485],[28.7333263,41.0389816],[28.7333374,41.0388877],[28.7333371,41.0387935],[28.7334379,41.0387101],[28.7335463,41.0386322],[28.7336616,41.0385603],[28.7337859,41.0384934],[28.7339146,41.0384313],[28.7340472,41.0383742],[28.7341682,41.0383277],[28.7342919,41.0382854],[28.734418,41.0382472],[28.734468,41.0382278],[28.7345134,41.0382028],[28.7345532,41.0381728],[28.7345863,41.0381385],[28.7346045,41.0381133],[28.7346192,41.0380868],[28.7346448,41.0380329],[28.734663,41.0379773],[28.7346735,41.0379205],[28.734676,41.0378576],[28.7346849,41.0377951],[28.7347027,41.0377246],[28.7347285,41.0376555],[28.7346881,41.0375708],[28.7346567,41.037484],[28.7346364,41.0374049],[28.7346237,41.0373248],[28.7346185,41.0372443],[28.7345889,41.0371755],[28.7345709,41.0371045],[28.7345649,41.0370324],[28.7345682,41.0369777],[28.7345831,41.0369241],[28.7346091,41.036873],[28.7346346,41.0368382],[28.7346653,41.0368058],[28.7347284,41.0367423],[28.7347982,41.0366828],[28.7348449,41.036648],[28.7348841,41.0366082],[28.7349149,41.0365645],[28.7349378,41.0365145],[28.7349498,41.0364623],[28.734969,41.0364192],[28.7349967,41.0363789],[28.7350314,41.036343],[28.7350728,41.0363114],[28.7351201,41.0362848],[28.7351402,41.0362003],[28.7353668,41.0359874],[28.7354009,41.035937],[28.7354278,41.0358842],[28.7354473,41.0358296],[28.7354599,41.0357689],[28.7354623,41.0357076],[28.7354547,41.0356465],[28.7354423,41.0356013],[28.7354244,41.0355571],[28.735401,41.0355145],[28.7353087,41.0354033],[28.735226,41.0352879],[28.7351772,41.0352101],[28.7351371,41.0351294],[28.735106,41.0350466],[28.7350842,41.0349625],[28.7350688,41.0348776],[28.7350597,41.0347922],[28.735057,41.0347165],[28.7350593,41.0346409],[28.7350517,41.0344897],[28.7350415,41.0343788],[28.7350275,41.0342682],[28.7350209,41.0342273],[28.7350246,41.0341861],[28.7350383,41.0341463],[28.7350606,41.0341103],[28.7350911,41.0340779],[28.7351288,41.0340502],[28.7351629,41.0339342],[28.7352066,41.03382],[28.7352596,41.0337081],[28.7353219,41.033599],[28.7353921,41.0334945],[28.7354706,41.0333935],[28.7355573,41.0332963],[28.7356518,41.0332034],[28.7357083,41.0330858],[28.7357545,41.0329657],[28.7357902,41.0328435],[28.7358154,41.0327199],[28.7358281,41.0326183],[28.7358314,41.0325164],[28.7358254,41.0324145],[28.7358101,41.0323132],[28.7357949,41.0322468],[28.7357757,41.032181],[28.7357534,41.0320473],[28.7357434,41.0319127],[28.7357457,41.031778],[28.7357507,41.0317175],[28.7357642,41.0316578],[28.7357861,41.0315995],[28.735816,41.0315432],[28.7358537,41.0314897],[28.7359085,41.0314299],[28.735973,41.0313758],[28.7360461,41.0313283],[28.7361514,41.0313562],[28.7362059,41.0313465],[28.7362584,41.0313318],[28.736308,41.0313121],[28.7363539,41.0312879],[28.7364018,41.0312543],[28.7364425,41.0312157],[28.7364753,41.031173],[28.7365426,41.0311429],[28.7366067,41.031109],[28.736667,41.0310714],[28.736707,41.0310429],[28.7367402,41.0310099],[28.7367658,41.0309732],[28.736783,41.0309338],[28.7367899,41.0309051],[28.7367864,41.0308761],[28.7367775,41.0308561],[28.7367636,41.0308377],[28.7367872,41.0307778],[28.7368184,41.03072],[28.7368568,41.0306647],[28.7369033,41.0306111],[28.7369404,41.0305535],[28.7369672,41.0304928],[28.7369835,41.03043],[28.7369879,41.0303945],[28.7369889,41.0303589],[28.7370026,41.0302885],[28.7370246,41.0302192],[28.7370546,41.0301518],[28.7370935,41.030085],[28.737124,41.0300159],[28.7371458,41.0299449],[28.7371589,41.0298721],[28.737163,41.0297987],[28.7371579,41.0297253],[28.7371614,41.0296102],[28.73717,41.0294952],[28.7371922,41.0293247],[28.7372256,41.0291552],[28.7372665,41.0289453],[28.7370895,41.0288851],[28.7371373,41.0287638],[28.7371773,41.0286408],[28.7372071,41.0285266],[28.7372304,41.0284115],[28.7372471,41.0282958],[28.7372571,41.0281794],[28.7372605,41.0280628],[28.7372571,41.0279463],[28.7372481,41.0278878],[28.7372474,41.0278289],[28.7372548,41.0277702],[28.7372704,41.0277125],[28.737294,41.0276564],[28.7373303,41.0275951],[28.7373761,41.0275374],[28.7374308,41.0274844],[28.7376098,41.0272603],[28.7377299,41.0271106],[28.7377375,41.0270744],[28.7377388,41.0270378],[28.7377339,41.0270013],[28.7377209,41.0269614],[28.7377005,41.0269234],[28.7376729,41.026888],[28.7377204,41.0267555],[28.7377768,41.0266249],[28.7378006,41.0265757],[28.7378304,41.0265283],[28.737866,41.0264833],[28.7379082,41.0264398],[28.7379557,41.0263995],[28.7380081,41.0263629],[28.7380345,41.0262631],[28.7380712,41.0261651],[28.738104,41.0260958],[28.738142,41.0260281],[28.7382174,41.0258924],[28.7382903,41.0257694],[28.7383669,41.0256476],[28.7386452,41.0253582],[28.7387047,41.0252677],[28.7387582,41.0251751],[28.7388054,41.0250805],[28.7388566,41.0249568],[28.7388986,41.0248311],[28.7389311,41.0247045],[28.7389543,41.0245767],[28.7389739,41.0244902],[28.7390053,41.0244057],[28.7390335,41.0243492],[28.7390676,41.0242947],[28.7391072,41.0242423],[28.7391432,41.0242016],[28.7391826,41.0241628],[28.7392509,41.0240797],[28.7393117,41.0239934],[28.739361,41.0239111],[28.7394035,41.0238267],[28.7394391,41.0237404],[28.7395062,41.0236307],[28.7395624,41.0235175],[28.7396074,41.0234015],[28.7396284,41.0233329],[28.7396454,41.0232638],[28.7396738,41.0231248],[28.7396865,41.0230376],[28.7396955,41.0229502],[28.7397087,41.0227752],[28.7397124,41.0226714],[28.7397053,41.0225678],[28.7396919,41.0224859],[28.7396718,41.0224049],[28.739761,41.0221549],[28.7398219,41.0219852],[28.7398897,41.021817],[28.7399433,41.0216956],[28.7400023,41.0215757],[28.7400667,41.0214573],[28.7401247,41.0213596],[28.7401728,41.0212589],[28.7402109,41.0211558],[28.740228,41.0210962],[28.7402418,41.0210361],[28.7402652,41.0209155],[28.7402802,41.0208045],[28.7402889,41.0206931],[28.7402914,41.0205816],[28.740298,41.0205024],[28.7403126,41.0204238],[28.740335,41.0203463],[28.7403631,41.0202746],[28.7404013,41.0202057],[28.7404398,41.0201519],[28.7404845,41.020101],[28.7405379,41.0200263],[28.740586,41.0199497],[28.7406287,41.0198713],[28.7406525,41.0198216],[28.7406704,41.0197705],[28.7406823,41.0197185],[28.7406886,41.0196527],[28.7406853,41.0195869],[28.7406724,41.0195217],[28.7406501,41.0194579],[28.7406193,41.0191701],[28.7406087,41.0190845],[28.7406078,41.0189987],[28.7406166,41.018913],[28.7406261,41.018864],[28.7406387,41.0188154],[28.7406682,41.0187188],[28.7407072,41.0186184],[28.7407541,41.0185199],[28.7407607,41.0184698],[28.7407584,41.0184194],[28.7407473,41.0183697],[28.7407358,41.0183387],[28.7407208,41.0183086],[28.7406842,41.0182506],[28.740638,41.0181966],[28.7406009,41.018162],[28.7405599,41.01813],[28.7404891,41.0180589],[28.7404262,41.0179837],[28.7403804,41.0179187],[28.7403453,41.0178501],[28.7403215,41.0177787],[28.7403108,41.0177199],[28.7403111,41.0176605],[28.7403222,41.0176017],[28.7403423,41.0175484],[28.7403714,41.0174975],[28.7404089,41.0174499],[28.7404543,41.0174064],[28.7404672,41.0173644],[28.7404882,41.0173243],[28.740517,41.0172871],[28.7405529,41.0172536],[28.7405791,41.0172345],[28.7406076,41.0172174],[28.7406534,41.0171747],[28.7406889,41.0171268],[28.7407131,41.017075],[28.7407236,41.017034],[28.7407269,41.0169923],[28.7407279,41.016909],[28.74072,41.016845],[28.7407045,41.0167818],[28.7406816,41.0167198],[28.7406643,41.0165237],[28.740636,41.0163282],[28.7406023,41.0161574],[28.7405603,41.0159877],[28.7405355,41.0158505],[28.7405046,41.015714],[28.7404688,41.0155822],[28.7404424,41.0154492],[28.7404255,41.0153153],[28.7404183,41.0151917],[28.7404191,41.015068],[28.740428,41.0149445],[28.7404449,41.0148215],[28.7404523,41.0147434],[28.7404689,41.0146661],[28.7404945,41.0145903],[28.7405335,41.0145083],[28.7405777,41.0144278],[28.7406375,41.0143334],[28.7407044,41.0142417],[28.7407047,41.0142292],[28.7406964,41.0142184],[28.7406839,41.0142129],[28.7406694,41.0142123],[28.7406562,41.0142169],[28.7406018,41.0142477],[28.7405311,41.0143188],[28.7404521,41.0143847],[28.7403654,41.0144449],[28.7402719,41.0144989],[28.7401707,41.014547],[28.7400641,41.0145878],[28.7399529,41.014621],[28.7398381,41.0146464],[28.7397207,41.0146636],[28.7394774,41.0147237],[28.7392312,41.014777],[28.739052,41.0148111],[28.7388701,41.014836],[28.7386864,41.0148517],[28.7385017,41.0148579],[28.7383404,41.0148557],[28.7381795,41.0148463],[28.7380196,41.0148297],[28.7375388,41.0147921],[28.7371621,41.0147561],[28.7367866,41.0147142],[28.7364122,41.0146667],[28.7358744,41.0144845],[28.735793,41.0144656],[28.7357094,41.0144532],[28.7356245,41.0144475],[28.7355393,41.0144485],[28.7354547,41.0144562],[28.7353752,41.0144698],[28.7352979,41.0144893],[28.7352235,41.0145145],[28.7351529,41.0145452],[28.7349103,41.0145138],[28.7346689,41.0144777],[28.7344287,41.014437],[28.7342207,41.0143978],[28.7340111,41.014364],[28.7338001,41.0143355],[28.7335879,41.0143125],[28.7334371,41.0142995],[28.7332859,41.0142892],[28.7329832,41.0142723],[28.7326799,41.0142619],[28.7325279,41.0142591],[28.7323759,41.0142635],[28.7322245,41.0142751],[28.7320745,41.0142938],[28.7319262,41.0143196],[28.7317679,41.0143555],[28.7316131,41.0143995],[28.7314627,41.0144514],[28.7313174,41.0145108],[28.7311959,41.0145252],[28.7310757,41.0145451],[28.7309574,41.0145703],[28.7308413,41.0146009],[28.7307066,41.0146441],[28.7305763,41.0146944],[28.7304511,41.0147516],[28.7303317,41.0148154],[28.7302135,41.0148504],[28.7300992,41.0148922],[28.7299895,41.0149404],[28.729885,41.0149949],[28.7297864,41.0150552],[28.7296941,41.0151211],[28.7296088,41.015192],[28.729531,41.0152677],[28.7294925,41.0153101],[28.7294473,41.0153485],[28.729396,41.0153822],[28.7293395,41.0154108],[28.7292787,41.0154338],[28.7292145,41.0154509],[28.7291492,41.0154616],[28.7290865,41.0154792],[28.7290279,41.0155035],[28.7289745,41.0155339],[28.7289216,41.0155749],[28.7288783,41.0156219],[28.7288457,41.0156735],[28.7287394,41.0157014],[28.7286367,41.015736],[28.7285382,41.0157771],[28.7284447,41.0158243],[28.7283803,41.0158623],[28.7283231,41.0159063],[28.7282741,41.0159557],[28.7282342,41.0160095],[28.7282081,41.0160574],[28.7281893,41.0161072],[28.7281778,41.0161582],[28.7281906,41.0162647],[28.7281946,41.0163716],[28.7281897,41.0164785],[28.7281761,41.0165849],[28.7281537,41.0166905],[28.7281244,41.0167898],[28.7280873,41.0168876],[28.7280123,41.0170829],[28.7279289,41.0172764],[28.7278372,41.0174676],[28.7277651,41.0176055],[28.7276819,41.0177397],[28.7275878,41.0178699],[28.7274833,41.0179954],[28.7273687,41.0181157],[28.7272444,41.0182305],[28.7271095,41.0183405],[28.7269663,41.0184443],[28.7268153,41.0185417],[28.726657,41.0186323],[28.726547,41.0186891],[28.7264341,41.0187426],[28.7262055,41.0188462],[28.7259717,41.0189429],[28.7257559,41.0190244],[28.7255363,41.0190999],[28.7253132,41.0191695],[28.7252484,41.019081],[28.7251901,41.0189899],[28.7251383,41.0188965],[28.7250933,41.0188012],[28.7250642,41.0187289],[28.7250267,41.0186589],[28.7249811,41.0185916],[28.7249277,41.0185276],[28.7248671,41.0184675],[28.7247996,41.0184117],[28.724736,41.0183671],[28.7246679,41.0183266],[28.7245958,41.0182902],[28.72451,41.0182547],[28.7244204,41.0182252],[28.7243276,41.0182019],[28.7242323,41.018185],[28.7239252,41.0178066],[28.7239933,41.0177212],[28.7240713,41.0176409],[28.7241587,41.0175662],[28.7242546,41.0174978],[28.7243584,41.0174362],[28.7244607,41.0173857],[28.7245683,41.0173419],[28.7246804,41.017305],[28.7247962,41.0172753],[28.7249149,41.0172531],[28.7249228,41.017196],[28.7249208,41.0171387],[28.7249091,41.017082],[28.7248879,41.017027],[28.7248575,41.0169744],[28.7248184,41.0169252],[28.724772,41.0168809],[28.7247185,41.0168413],[28.7246588,41.0168072],[28.7245938,41.016779],[28.7245247,41.0167573],[28.724864,41.0164932],[28.7248678,41.0164239],[28.7248616,41.0163547],[28.7248453,41.0162864],[28.7248192,41.0162199],[28.7247836,41.016156],[28.7247389,41.0160953],[28.7246856,41.0160388],[28.7246289,41.0159905],[28.7245643,41.0159482],[28.7244927,41.0159128],[28.7244156,41.0158849],[28.7243343,41.0158649],[28.7242501,41.0158533],[28.7241647,41.0158502],[28.7240794,41.0158557],[28.7240287,41.0158631],[28.7239789,41.0158736],[28.7238763,41.0158826],[28.723773,41.0158826],[28.7236703,41.0158736],[28.7235698,41.0158557],[28.7234988,41.0158372],[28.7234301,41.0158142],[28.7233643,41.015787],[28.7231541,41.0157269],[28.7229398,41.0156755],[28.7227222,41.015633],[28.7225151,41.0156013],[28.7223062,41.0155776],[28.7220959,41.0155619],[28.7218848,41.0155545],[28.7216735,41.0155551],[28.7216134,41.0155439],[28.7215518,41.0155394],[28.72149,41.0155419],[28.7214293,41.0155512],[28.7213711,41.0155672],[28.7213168,41.0155895],[28.7212735,41.0156136],[28.7212256,41.015632],[28.7211743,41.015644],[28.721121,41.0156495],[28.7210673,41.0156482],[28.7210153,41.0156404],[28.7209656,41.0156261],[28.7209197,41.015606],[28.7208789,41.0155804],[28.7207226,41.0154367],[28.7206289,41.0153474],[28.7205434,41.0152535],[28.7204665,41.0151554],[28.7203969,41.0150507],[28.7203371,41.0149426],[28.7202875,41.0148316],[28.7203355,41.0147823],[28.7203904,41.0147372],[28.7204515,41.014697],[28.7205181,41.0146621],[28.7205732,41.0146389],[28.7206214,41.0146082],[28.720661,41.014571],[28.7206856,41.0145372],[28.7207031,41.0145009],[28.7207128,41.0144629],[28.7207146,41.0144243],[28.720721,41.0143191],[28.7207174,41.0142139],[28.7207039,41.0141091],[28.7206788,41.0139991],[28.7206449,41.0138905],[28.7206058,41.0137916],[28.7205595,41.0136946],[28.7205061,41.0135996],[28.720458,41.0134953],[28.7204219,41.0133883],[28.7203981,41.0132793],[28.7203869,41.0131732],[28.7203874,41.0130668],[28.7201079,41.0128006],[28.7198335,41.0125315],[28.7197474,41.0124453],[28.7196682,41.0123555],[28.7195961,41.0122623],[28.7195219,41.0121505],[28.7194579,41.0120351],[28.7194046,41.0119167],[28.7193621,41.0117958],[28.7193225,41.0114952],[28.7192836,41.0112331],[28.719232,41.0108779],[28.7191978,41.0106669]]]}},{"type":"Feature","properties":{"id":"durusu-set","name":"Durusu (Terkos) Gölü","source":"OpenStreetMap","source_url":"https://www.openstreetmap.org/copyright"},"geometry":{"type":"Polygon","coordinates":[[[28.4875341,41.3920618],[28.4879337,41.391926],[28.4881964,41.3918411],[28.4884608,41.391759],[28.4885722,41.3917456],[28.4886818,41.3917255],[28.4887889,41.3916987],[28.4888926,41.3916654],[28.4890028,41.3916213],[28.4891073,41.3915698],[28.4892051,41.3915115],[28.4893144,41.3914282],[28.489421,41.391343],[28.4895381,41.3912445],[28.4896517,41.3911438],[28.4897024,41.3910476],[28.489761,41.3909541],[28.489818,41.3908755],[28.4898807,41.3907992],[28.4899487,41.3907257],[28.4902243,41.3904375],[28.4902861,41.3903456],[28.4903564,41.3902572],[28.4904349,41.3901728],[28.4905246,41.39009],[28.4906222,41.3900124],[28.4907272,41.3899404],[28.4909384,41.3897992],[28.4911443,41.3896537],[28.491355,41.389496],[28.4914283,41.3894457],[28.4914965,41.3893915],[28.4915594,41.3893337],[28.4916308,41.3892559],[28.4916924,41.3891734],[28.4917437,41.389087],[28.4917842,41.3889975],[28.4918135,41.3889056],[28.4919042,41.3886758],[28.4919872,41.3884443],[28.492061,41.388216],[28.4921274,41.3879865],[28.4922259,41.3875483],[28.4923433,41.3873737],[28.4924021,41.3872755],[28.4924693,41.3871803],[28.4925444,41.3870885],[28.4926256,41.3870022],[28.4927137,41.3869199],[28.4928086,41.386842],[28.4911779,41.3851284],[28.4917894,41.3847058],[28.4918775,41.3846095],[28.4919556,41.3845085],[28.492023,41.3844032],[28.4920795,41.3842944],[28.4921247,41.3841826],[28.4921505,41.384099],[28.4921648,41.3840138],[28.4921676,41.383928],[28.4921586,41.3838424],[28.4921381,41.383758],[28.4921182,41.3837029],[28.4920933,41.383649],[28.4920401,41.3835423],[28.4919785,41.383438],[28.4919089,41.3833367],[28.4918315,41.3832386],[28.4917465,41.3831442],[28.4916468,41.3830468],[28.4915396,41.3829541],[28.4914251,41.3828664],[28.4913039,41.3827839],[28.49119,41.3827148],[28.4910714,41.3826504],[28.4909483,41.3825909],[28.4908211,41.3825364],[28.4911571,41.3821263],[28.4914675,41.3822768],[28.4915838,41.3822247],[28.4916943,41.3821661],[28.4917986,41.3821014],[28.4918959,41.3820308],[28.4919857,41.3819548],[28.4920675,41.3818739],[28.4921408,41.3817885],[28.4922051,41.3816992],[28.4922579,41.3816107],[28.4923197,41.3815256],[28.4923902,41.3814443],[28.4924689,41.3813675],[28.4925554,41.3812955],[28.4926492,41.3812288],[28.4927496,41.3811679],[28.492857,41.3811126],[28.4929698,41.3810638],[28.4930874,41.3810219],[28.493209,41.3809871],[28.493334,41.3809596],[28.4934614,41.3809395],[28.4935905,41.3809271],[28.4937206,41.3809223],[28.4937456,41.3810199],[28.4937824,41.3811154],[28.4938306,41.3812079],[28.4938898,41.3812968],[28.4939596,41.3813812],[28.4940393,41.3814606],[28.4941283,41.3815342],[28.4942051,41.381588],[28.4942868,41.3816376],[28.4943731,41.3816826],[28.4946217,41.3818275],[28.4948739,41.3819689],[28.4950813,41.3820809],[28.495282,41.3821995],[28.4954757,41.3823246],[28.495662,41.3824558],[28.4958406,41.3825929],[28.4960112,41.3827356],[28.4961159,41.3828298],[28.4962172,41.3829261],[28.4964313,41.3831115],[28.4966533,41.3832916],[28.4968829,41.3834661],[28.4970059,41.3835552],[28.4971362,41.3836381],[28.4972734,41.3837147],[28.4974167,41.3837845],[28.4975657,41.3838473],[28.4977198,41.3839029],[28.4978427,41.3839409],[28.4979681,41.3839743],[28.4980955,41.3840031],[28.4984746,41.3840959],[28.4988569,41.3841812],[28.4992419,41.3842591],[28.4993076,41.3842715],[28.4993751,41.3842761],[28.4994427,41.3842726],[28.4995087,41.3842612],[28.4995715,41.3842421],[28.4996295,41.3842158],[28.4996791,41.3841845],[28.4997219,41.384148],[28.4997569,41.3841071],[28.4999694,41.3840594],[28.5001841,41.3840178],[28.5004009,41.3839823],[28.5006192,41.3839532],[28.5008301,41.3839311],[28.5010418,41.3839148],[28.5012542,41.3839044],[28.5013554,41.3839006],[28.5014554,41.383888],[28.5015526,41.3838667],[28.5016458,41.3838369],[28.5017288,41.3838016],[28.501806,41.3837596],[28.5018765,41.3837115],[28.5019395,41.3836578],[28.5020055,41.3836174],[28.5020635,41.3835707],[28.5021125,41.3835184],[28.5021514,41.3834616],[28.5021796,41.3834017],[28.5021967,41.3833394],[28.5022023,41.383276],[28.5021964,41.3832126],[28.5022695,41.383205],[28.5023432,41.3832049],[28.5024164,41.3832124],[28.5024874,41.3832273],[28.5025551,41.3832493],[28.5026104,41.383274],[28.5026614,41.3833035],[28.5027073,41.3833373],[28.5027885,41.3833628],[28.5028721,41.383383],[28.5029577,41.3833981],[28.5030446,41.3834078],[28.5031361,41.3834121],[28.5032277,41.3834105],[28.5033188,41.383403],[28.5034087,41.3833897],[28.503507,41.3833947],[28.5036043,41.3834063],[28.5036999,41.3834243],[28.503793,41.3834485],[28.5038913,41.3834821],[28.5039848,41.3835226],[28.5040726,41.3835698],[28.504222,41.3835742],[28.5043716,41.3835712],[28.5045205,41.3835607],[28.504606,41.3835513],[28.504691,41.3835395],[28.5048601,41.3835126],[28.5050274,41.3834802],[28.5052411,41.3834301],[28.5054559,41.3833831],[28.5056803,41.3833376],[28.5059032,41.383288],[28.5059984,41.3832655],[28.5060904,41.3832365],[28.5061785,41.3832013],[28.5062619,41.3831603],[28.5063288,41.3831208],[28.5063999,41.3830857],[28.5064745,41.3830551],[28.5065602,41.3830269],[28.5066489,41.3830046],[28.5067399,41.3829885],[28.5068326,41.3829786],[28.5071772,41.3828589],[28.5075346,41.3827432],[28.5076108,41.3827141],[28.5076808,41.3826773],[28.5077432,41.3826335],[28.5077889,41.3825919],[28.5078277,41.3825466],[28.5078592,41.3824981],[28.5078952,41.3824629],[28.507939,41.382433],[28.5079892,41.3824094],[28.5080443,41.382393],[28.5080876,41.3823857],[28.5081318,41.3823828],[28.5081762,41.3823843],[28.5083068,41.3823679],[28.5084352,41.3823437],[28.5085513,41.3823146],[28.5086699,41.3822917],[28.5087903,41.382275],[28.508912,41.3822647],[28.5090459,41.3822607],[28.5091798,41.3822644],[28.5093129,41.3822758],[28.5095067,41.3820836],[28.5095449,41.3820516],[28.5095889,41.3820241],[28.5096378,41.3820019],[28.5096906,41.3819854],[28.5097461,41.3819749],[28.5098127,41.3819706],[28.5098792,41.381975],[28.5099437,41.381988],[28.5100043,41.3820091],[28.5100941,41.3821052],[28.5101639,41.3821615],[28.5102415,41.3822116],[28.5103261,41.3822549],[28.5104167,41.3822909],[28.5104906,41.3823135],[28.5105665,41.3823319],[28.510644,41.3823462],[28.5107595,41.3823593],[28.5108761,41.382363],[28.5109927,41.3823573],[28.5111096,41.3823428],[28.5112276,41.3823344],[28.5113461,41.3823321],[28.5114064,41.3823333],[28.5114664,41.3823279],[28.5115247,41.382316],[28.5115801,41.3822979],[28.5116364,41.3822711],[28.5116862,41.3822379],[28.5117283,41.3821992],[28.5117616,41.3821559],[28.5119502,41.3820192],[28.5119977,41.3819864],[28.5120389,41.3819491],[28.5120729,41.381908],[28.5121031,41.3818559],[28.5121219,41.3818008],[28.5123827,41.3817762],[28.5125818,41.3817614],[28.5127797,41.3817394],[28.5129048,41.3817217],[28.5130271,41.3816952],[28.5131032,41.3816736],[28.5131774,41.3816487],[28.5133248,41.3815973],[28.513469,41.3815412],[28.5135299,41.3815157],[28.5135868,41.3814855],[28.5136391,41.3814509],[28.5136863,41.3814124],[28.5137373,41.3813592],[28.5137784,41.3813014],[28.5138653,41.381188],[28.5139336,41.3810919],[28.5139981,41.3809943],[28.5143365,41.3811058],[28.5143759,41.3811138],[28.5144166,41.381115],[28.5144567,41.3811095],[28.514492,41.3810984],[28.5145234,41.381082],[28.5145496,41.381061],[28.5146347,41.381005],[28.5147109,41.3809423],[28.5147773,41.3808735],[28.5148324,41.3808006],[28.5148765,41.3807236],[28.5148961,41.3806846],[28.5149257,41.3806494],[28.5149642,41.3806194],[28.51501,41.3805958],[28.5150545,41.3805812],[28.5151018,41.3805728],[28.5151504,41.3805707],[28.5151986,41.3805751],[28.5153855,41.3805465],[28.515558,41.3805126],[28.5157279,41.3804718],[28.5158946,41.3804244],[28.5160578,41.3803704],[28.5162169,41.38031],[28.5162538,41.3802901],[28.5162849,41.3802651],[28.5163088,41.3802361],[28.5163242,41.3802057],[28.5163318,41.3801737],[28.5163314,41.3801411],[28.516323,41.3801092],[28.5163068,41.3800791],[28.5162956,41.3800563],[28.5162919,41.3800322],[28.5162959,41.3800082],[28.5163075,41.3799855],[28.5163284,41.3799634],[28.5163564,41.3799462],[28.5160647,41.3796313],[28.5164034,41.3795573],[28.5163947,41.3795194],[28.5163944,41.3794809],[28.5164025,41.3794429],[28.5164188,41.3794064],[28.5164414,41.3793739],[28.5164705,41.3793445],[28.5165053,41.3793188],[28.5165558,41.3792786],[28.5166005,41.3792347],[28.516639,41.3791875],[28.5166709,41.3791377],[28.5167009,41.3790723],[28.5167195,41.3790045],[28.5167588,41.3788695],[28.5167899,41.3787254],[28.5168104,41.3785802],[28.5168273,41.3784748],[28.5168506,41.3783701],[28.5168801,41.3782662],[28.5169059,41.3781902],[28.5169351,41.3781148],[28.5169268,41.3780846],[28.516909,41.3780569],[28.5168826,41.3780331],[28.5168493,41.3780148],[28.5168111,41.3780031],[28.516982,41.3779438],[28.5171577,41.3778929],[28.5172949,41.3778597],[28.517434,41.3778315],[28.5175627,41.3776247],[28.5176261,41.3775645],[28.5176958,41.3775083],[28.5177713,41.3774566],[28.5178649,41.3774031],[28.5179647,41.3773564],[28.51807,41.3773169],[28.5181797,41.377285],[28.518293,41.3772609],[28.5186329,41.3771074],[28.5187803,41.3770424],[28.5189228,41.3769716],[28.5190601,41.3768951],[28.5191813,41.3768201],[28.5192975,41.3767406],[28.5193672,41.3767004],[28.51943,41.3766542],[28.5194852,41.3766028],[28.5195272,41.3765533],[28.5195619,41.3765007],[28.5195892,41.3764457],[28.5196086,41.3763889],[28.520131,41.3761685],[28.5201806,41.3761537],[28.5202326,41.3761442],[28.5202859,41.3761404],[28.5203375,41.376142],[28.5203883,41.3761489],[28.5204374,41.376161],[28.52057,41.3761379],[28.5207001,41.3761079],[28.520827,41.3760709],[28.5209075,41.3760433],[28.5209838,41.3760098],[28.5210554,41.3759707],[28.5211214,41.3759265],[28.5211604,41.3758956],[28.5211968,41.3758629],[28.5212664,41.3757958],[28.5213299,41.3757252],[28.5213893,41.3756485],[28.5214415,41.3755689],[28.5214861,41.3754867],[28.5215277,41.3754202],[28.5215587,41.3753504],[28.5215787,41.3752784],[28.521587,41.3752118],[28.521586,41.3751449],[28.5215827,41.3750112],[28.5215756,41.3749306],[28.5215613,41.3748504],[28.5215398,41.3747712],[28.5215261,41.3747313],[28.5215049,41.3746933],[28.5214768,41.374658],[28.5214459,41.3746291],[28.5214104,41.3746035],[28.5213708,41.3745815],[28.5213271,41.3744654],[28.5212763,41.3743509],[28.5212186,41.3742383],[28.5211575,41.3741333],[28.5210885,41.374031],[28.5210457,41.3739739],[28.5209961,41.37392],[28.5209403,41.3738696],[28.5208786,41.3738232],[28.5208007,41.373775],[28.5207165,41.3737332],[28.5206269,41.3736982],[28.520533,41.3736704],[28.5204357,41.3736501],[28.5203362,41.3736375],[28.5203469,41.3734846],[28.5203328,41.373398],[28.5203094,41.3733125],[28.5202768,41.3732288],[28.5202352,41.3731474],[28.5201849,41.3730687],[28.5201263,41.3729934],[28.5200526,41.3729152],[28.51997,41.3728421],[28.5198789,41.372775],[28.5197803,41.3727142],[28.5198273,41.3726621],[28.5198812,41.372614],[28.5199416,41.3725704],[28.5200076,41.3725316],[28.5200787,41.3724983],[28.5201294,41.3724788],[28.5201746,41.3724527],[28.5202126,41.3724209],[28.5202422,41.3723843],[28.5202624,41.3723443],[28.5202696,41.3723196],[28.5202731,41.3722945],[28.5202758,41.3722441],[28.5202704,41.3721938],[28.5202541,41.3721364],[28.5202272,41.3720813],[28.5201903,41.3720296],[28.5204703,41.3719246],[28.5208578,41.3717354],[28.5209373,41.3717044],[28.5210212,41.3716808],[28.5211082,41.3716649],[28.5211971,41.3716569],[28.5212802,41.3716568],[28.5213628,41.3716499],[28.5214439,41.3716365],[28.5215227,41.3716166],[28.5215981,41.3715905],[28.5216426,41.3715715],[28.5216853,41.3715503],[28.5217767,41.3715158],[28.5218717,41.3714873],[28.5219764,41.3714639],[28.5220836,41.3714477],[28.5221922,41.371439],[28.5225926,41.3711321],[28.522655,41.3710396],[28.5227085,41.370944],[28.5227528,41.3708458],[28.5227842,41.3707571],[28.5228082,41.3706671],[28.5228574,41.3704875],[28.5228942,41.3703353],[28.5229265,41.3701825],[28.5229177,41.3700707],[28.5229177,41.3699587],[28.5229265,41.3698469],[28.5229434,41.3697393],[28.5229685,41.3696327],[28.5230016,41.3695273],[28.5230174,41.3694655],[28.5230438,41.3694057],[28.5230802,41.369349],[28.5231261,41.3692963],[28.5231806,41.3692485],[28.5232422,41.3692069],[28.523311,41.369172],[28.5233855,41.3691447],[28.5234644,41.3691255],[28.5235461,41.3691147],[28.523606,41.3691122],[28.5236659,41.3691143],[28.5237853,41.3691206],[28.5239039,41.3691335],[28.5240208,41.3691529],[28.5241442,41.369181],[28.5242643,41.3692163],[28.5243802,41.3692586],[28.5244913,41.3693077],[28.5245968,41.3693633],[28.5246954,41.3693836],[28.5247956,41.3693983],[28.5248971,41.3694073],[28.5249992,41.3694106],[28.5251255,41.3694066],[28.525251,41.3693952],[28.5253748,41.3693764],[28.5254964,41.3693502],[28.5256147,41.369317],[28.5256953,41.3692896],[28.5257737,41.3692589],[28.5259293,41.3691959],[28.5260814,41.3691283],[28.5262378,41.3690518],[28.5263897,41.3689704],[28.5265367,41.3688842],[28.5266519,41.3688341],[28.5267718,41.3687906],[28.5268955,41.3687538],[28.5270226,41.3687241],[28.5271523,41.3687015],[28.527252,41.3686892],[28.5273524,41.3686812],[28.5275512,41.3686549],[28.5277484,41.3686225],[28.5279418,41.3685846],[28.528133,41.368541],[28.5283218,41.3684917],[28.5284281,41.3684721],[28.5285314,41.3684447],[28.5286306,41.3684099],[28.5287248,41.3683679],[28.5287772,41.3683401],[28.5288275,41.3683101],[28.5289357,41.3682582],[28.5290486,41.3682124],[28.52915,41.3681779],[28.5292541,41.3681483],[28.5293604,41.3681238],[28.5297574,41.3679326],[28.5299871,41.3678401],[28.5302214,41.3677544],[28.5304478,41.3676795],[28.5306777,41.3676108],[28.5309108,41.3675486],[28.5314371,41.3674339],[28.5315406,41.3674114],[28.5316398,41.3673798],[28.5317331,41.3673394],[28.5318194,41.3672909],[28.5318715,41.367255],[28.5319172,41.3672145],[28.531956,41.3671701],[28.531987,41.3671224],[28.5320104,41.3670706],[28.5320249,41.367017],[28.53203,41.3669625],[28.5320628,41.3668013],[28.5320804,41.3666802],[28.5320923,41.3665587],[28.5320983,41.3664369],[28.5321227,41.3664088],[28.5321555,41.366386],[28.5321949,41.36637],[28.5322345,41.3663622],[28.5322756,41.3663612],[28.5323158,41.3663673],[28.5323531,41.3663801],[28.5323417,41.366218],[28.5323304,41.3661334],[28.5323293,41.3660484],[28.5323382,41.3659637],[28.5323573,41.3658799],[28.5323862,41.3657977],[28.5324249,41.3657178],[28.5324558,41.3656661],[28.5324909,41.3656159],[28.5325667,41.3655179],[28.5326519,41.3654244],[28.5327461,41.3653359],[28.5328487,41.3652528],[28.5329303,41.3651947],[28.5330183,41.3651421],[28.5331121,41.3650955],[28.533211,41.3650553],[28.5333142,41.3650217],[28.5334209,41.3649949],[28.5335303,41.3649753],[28.5336416,41.3649629],[28.5337539,41.3649579],[28.5338497,41.3649594],[28.5339451,41.3649663],[28.5341354,41.364982],[28.5343244,41.3650051],[28.5345116,41.3650354],[28.5346452,41.3650617],[28.5347775,41.3650917],[28.5350402,41.3651557],[28.5352996,41.3652272],[28.535555,41.3653061],[28.5358172,41.3653963],[28.5360744,41.3654944],[28.5363261,41.3656],[28.5368666,41.3657782],[28.5369527,41.3658003],[28.5370417,41.3658144],[28.5371324,41.3658201],[28.5372233,41.3658174],[28.5373012,41.3658084],[28.5373774,41.3657932],[28.5374509,41.3657719],[28.5375211,41.365745],[28.5378657,41.365439],[28.5379952,41.3653221],[28.5381313,41.3652095],[28.5382738,41.3651015],[28.5384223,41.3649981],[28.5385391,41.3649228],[28.5386635,41.3648547],[28.5387947,41.3647941],[28.5389318,41.3647415],[28.5390741,41.3646972],[28.5391872,41.3646687],[28.5393025,41.3646455],[28.5394194,41.3646276],[28.5395375,41.3646151],[28.5400034,41.3645412],[28.540119,41.3645241],[28.5402361,41.3645142],[28.5403538,41.3645114],[28.5404714,41.3645158],[28.5405882,41.3645273],[28.5407034,41.3645458],[28.5408162,41.3645714],[28.5409288,41.3646047],[28.5410373,41.3646449],[28.5412538,41.3647258],[28.5414653,41.3648139],[28.541685,41.3649159],[28.541898,41.3650257],[28.5421036,41.3651431],[28.5422515,41.3651856],[28.5424022,41.3652223],[28.5425553,41.365253],[28.5427102,41.3652776],[28.5428667,41.3652961],[28.542978,41.3653054],[28.5430897,41.3653117],[28.5433133,41.3653211],[28.5435373,41.3653243],[28.5436784,41.3653231],[28.5438195,41.3653194],[28.5441013,41.3653063],[28.5443822,41.365285],[28.5445302,41.3652704],[28.5446769,41.3652499],[28.544822,41.3652236],[28.5449033,41.3652061],[28.5449864,41.3651947],[28.5450706,41.3651894],[28.5451551,41.3651903],[28.5452391,41.3651974],[28.5453299,41.3652123],[28.5454181,41.3652344],[28.5455026,41.3652634],[28.5455824,41.3652991],[28.5457766,41.365314],[28.5459693,41.365337],[28.54616,41.365368],[28.5463482,41.3654068],[28.5465352,41.3654539],[28.5467184,41.3655088],[28.5468972,41.3655714],[28.5470711,41.3656413],[28.5472286,41.3657003],[28.547391,41.3657515],[28.5475574,41.3657946],[28.5477273,41.3658293],[28.5478999,41.3658557],[28.5480684,41.365873],[28.5482381,41.3658823],[28.5485758,41.3659131],[28.5486897,41.3659244],[28.5488045,41.3659282],[28.5489192,41.3659246],[28.5490332,41.3659135],[28.5491454,41.365895],[28.5492551,41.3658693],[28.5493549,41.3658387],[28.5494512,41.3658021],[28.5495431,41.3657598],[28.5496302,41.3657119],[28.5497117,41.3656589],[28.5498649,41.3656069],[28.5500208,41.3655595],[28.5501791,41.365517],[28.5503122,41.3654854],[28.5504481,41.3654615],[28.5505861,41.3654455],[28.5506981,41.3654384],[28.5508105,41.3654365],[28.5509228,41.3654398],[28.5512593,41.3654304],[28.5514554,41.3654233],[28.5516509,41.3654097],[28.5518454,41.3653897],[28.5520795,41.3653569],[28.5523121,41.3653187],[28.5525269,41.3652785],[28.5527392,41.3652317],[28.5529609,41.3651751],[28.5531845,41.3651229],[28.5534311,41.3650709],[28.5536753,41.3650127],[28.553906,41.3649515],[28.554134,41.3648849],[28.5542574,41.3648495],[28.5543784,41.3648098],[28.5544968,41.3647656],[28.554613,41.3647169],[28.5547238,41.3646616],[28.5548287,41.3646001],[28.5548901,41.3645592],[28.5549453,41.3645136],[28.5549936,41.3644637],[28.5550345,41.3644103],[28.5550715,41.3643459],[28.5551158,41.3642841],[28.5551672,41.3642255],[28.5552252,41.3641705],[28.5552894,41.3641194],[28.5553429,41.364083],[28.5553996,41.3640494],[28.5555153,41.3639846],[28.5555563,41.3639635],[28.5555918,41.3639374],[28.5556206,41.3639071],[28.5556411,41.3638749],[28.5556541,41.3638406],[28.5557719,41.363798],[28.5558915,41.3637586],[28.5560168,41.3637213],[28.5561438,41.3636875],[28.5563978,41.3636197],[28.5565002,41.3635934],[28.5565996,41.3635612],[28.5566953,41.3635232],[28.5567867,41.3634798],[28.5568744,41.3634304],[28.5569566,41.363376],[28.5570328,41.3633167],[28.5570969,41.3632586],[28.5571551,41.3631971],[28.5572071,41.3631325],[28.5574492,41.3628975],[28.5575994,41.3626282],[28.5576309,41.3625656],[28.5576709,41.3625057],[28.5577189,41.3624492],[28.5577744,41.3623967],[28.5578368,41.3623489],[28.5579055,41.3623062],[28.5580306,41.362211],[28.5581017,41.3621525],[28.5581665,41.36209],[28.5582244,41.3620238],[28.5582689,41.3619635],[28.5583062,41.3619005],[28.5583179,41.3618768],[28.5583218,41.3618516],[28.5583176,41.3618265],[28.5583088,41.3618079],[28.5582954,41.3617908],[28.5584003,41.3617423],[28.5584993,41.3616873],[28.5585918,41.3616262],[28.5586503,41.3615817],[28.5587053,41.3615348],[28.5588104,41.361438],[28.5588914,41.3613535],[28.558966,41.3612659],[28.5591065,41.3611844],[28.5592517,41.3611077],[28.5594012,41.3610359],[28.5595739,41.3609612],[28.5597513,41.360893],[28.5599329,41.3608315],[28.5600997,41.3607688],[28.5602604,41.3606977],[28.5604144,41.3606186],[28.5605451,41.3605419],[28.5606679,41.3604581],[28.560749,41.3603952],[28.5608248,41.3603285],[28.5608948,41.3602585],[28.5609589,41.3601853],[28.5610117,41.3601162],[28.561059,41.3600448],[28.5611004,41.3599714],[28.5611264,41.3599175],[28.5611494,41.3598629],[28.5612049,41.3597561],[28.5612667,41.3596513],[28.5613431,41.3595367],[28.5614259,41.3594245],[28.5615148,41.3593151],[28.5616019,41.3592168],[28.5616941,41.3591212],[28.561791,41.3590282],[28.5618791,41.3589228],[28.5619774,41.3588226],[28.5620854,41.3587282],[28.5621902,41.3586488],[28.5622906,41.3585662],[28.5623865,41.3584806],[28.5624853,41.3583843],[28.5625784,41.3582847],[28.5626654,41.3581821],[28.5627646,41.358093],[28.562872,41.3580095],[28.5629941,41.3579276],[28.5631241,41.357853],[28.5631007,41.3578072],[28.563067,41.3577652],[28.5630242,41.3577281],[28.5629872,41.3577046],[28.5629465,41.3576849],[28.5629028,41.3576693],[28.562711,41.3573643],[28.5626791,41.3573134],[28.5626394,41.3572658],[28.5625927,41.3572219],[28.5625394,41.3571824],[28.5624804,41.3571478],[28.5624252,41.3571222],[28.5623668,41.357101],[28.5622498,41.3570593],[28.5621297,41.3570228],[28.5620069,41.3569918],[28.561874,41.3569648],[28.561739,41.3569442],[28.5616025,41.35693],[28.5614651,41.3569223],[28.5610456,41.3569316],[28.5606262,41.3569454],[28.5602072,41.3569636],[28.5597214,41.3569903],[28.5592362,41.357023],[28.5590156,41.3570468],[28.5587937,41.357062],[28.558571,41.3570684],[28.5583482,41.3570662],[28.5581258,41.3570552],[28.5579046,41.3570356],[28.5576846,41.357009],[28.5574663,41.3569756],[28.5572501,41.3569354],[28.5571358,41.3569112],[28.5570248,41.3568797],[28.5569178,41.3568411],[28.5568157,41.3567957],[28.5567192,41.3567438],[28.5566291,41.3566858],[28.5565474,41.3566233],[28.5564732,41.3565558],[28.5564068,41.3564839],[28.5563488,41.3564079],[28.5559706,41.3554194],[28.555233,41.3545134],[28.5549576,41.354197],[28.5546907,41.3538765],[28.5544324,41.353552],[28.5542316,41.3532891],[28.5540421,41.3530215],[28.5538866,41.3527851],[28.5537243,41.3525513],[28.5535198,41.3522731],[28.5533206,41.3519926],[28.5531226,41.3517038],[28.5529304,41.3514127],[28.5528564,41.3513117],[28.5527748,41.351214],[28.5526858,41.3511201],[28.5525897,41.3510302],[28.5524818,41.3509406],[28.5523654,41.3508573],[28.5522411,41.3507806],[28.5521096,41.350711],[28.5519813,41.3506529],[28.5518474,41.3506025],[28.5517086,41.35056],[28.5516081,41.350535],[28.5515048,41.3505177],[28.5513996,41.3505084],[28.5512938,41.350507],[28.5511883,41.3505137],[28.5511168,41.3505229],[28.5510464,41.3505358],[28.5509025,41.3505486],[28.5507576,41.3505521],[28.5506129,41.3505461],[28.5504694,41.3505308],[28.5503682,41.3505142],[28.5502697,41.3504902],[28.5501748,41.350459],[28.5500845,41.3504208],[28.5499997,41.3503762],[28.5499213,41.3503254],[28.5498498,41.3502691],[28.5497886,41.3502102],[28.549735,41.3501473],[28.5496897,41.3500808],[28.549653,41.3500114],[28.5496253,41.3499396],[28.5496068,41.3498663],[28.5495977,41.3497919],[28.5496532,41.3498047],[28.5497109,41.3498094],[28.5497687,41.3498058],[28.5498247,41.3497941],[28.5498767,41.3497748],[28.5499205,41.34975],[28.5499578,41.3497198],[28.5499873,41.349685],[28.5500081,41.3496469],[28.5506518,41.3492432],[28.5510359,41.349083],[28.5514162,41.348918],[28.5515663,41.3488511],[28.5517113,41.3487783],[28.5518508,41.3486995],[28.5519511,41.3486371],[28.5520442,41.3485687],[28.5521294,41.3484947],[28.5522062,41.3484156],[28.5522537,41.3483587],[28.5522969,41.3482998],[28.5523774,41.3481798],[28.5524476,41.3480562],[28.5524975,41.3479515],[28.5525399,41.3478449],[28.5525747,41.3477367],[28.5526018,41.3476273],[28.5526487,41.3475006],[28.5527038,41.3473756],[28.5527667,41.3472528],[28.5528212,41.3471588],[28.5528803,41.3470664],[28.5529853,41.3468773],[28.5530589,41.346733],[28.5531275,41.3465873],[28.5532021,41.3464539],[28.5532848,41.3463233],[28.5533756,41.3461957],[28.5534397,41.3461134],[28.5535113,41.3460347],[28.5535902,41.3459601],[28.5536589,41.3459029],[28.5537318,41.3458488],[28.5538088,41.345798],[28.5538541,41.3457585],[28.5538933,41.3457154],[28.5539257,41.3456693],[28.5539509,41.3456208],[28.5539683,41.3455718],[28.5539784,41.3455217],[28.5539811,41.345471],[28.5539764,41.3454204],[28.5539112,41.3452491],[28.5538347,41.3450805],[28.5537471,41.344915],[28.5536479,41.3447519],[28.5535379,41.3445928],[28.5535153,41.3444501],[28.5535033,41.3443066],[28.5535017,41.3441629],[28.5535046,41.3440939],[28.5535183,41.3440257],[28.5535424,41.3439591],[28.5535768,41.3438951],[28.5536139,41.343843],[28.5536577,41.3437939],[28.5537445,41.3436955],[28.5538369,41.3436001],[28.5539631,41.3434825],[28.5540978,41.3433705],[28.5542235,41.3432744],[28.5543548,41.3431825],[28.5544914,41.3430951],[28.5546139,41.3430231],[28.5547401,41.3429546],[28.5549816,41.3428072],[28.5551853,41.3426736],[28.5553832,41.3425353],[28.5555491,41.3424124],[28.5557105,41.3422861],[28.5557744,41.3422253],[28.5558288,41.3421594],[28.5558727,41.3420893],[28.5558981,41.3420357],[28.5559173,41.3419807],[28.5559304,41.3419246],[28.5559694,41.3418389],[28.5560155,41.3417553],[28.5560685,41.3416739],[28.5561361,41.3415857],[28.5562107,41.3415007],[28.5563067,41.3414059],[28.5564114,41.3413165],[28.5565245,41.3412329],[28.5567035,41.3410458],[28.5568759,41.3408553],[28.5570005,41.3407107],[28.5571213,41.3405643],[28.5573909,41.3403015],[28.5574323,41.3402752],[28.5574699,41.3402459],[28.5575035,41.3402139],[28.5575352,41.3401762],[28.5575613,41.3401361],[28.5575813,41.3400941],[28.5575415,41.3399785],[28.5575139,41.339861],[28.5574985,41.3397422],[28.5574955,41.3396229],[28.5575023,41.3395245],[28.5574991,41.339426],[28.5574859,41.3393279],[28.5574627,41.3392309],[28.5574298,41.3391355],[28.5573836,41.3390355],[28.5573267,41.3389386],[28.5572594,41.3388455],[28.5570923,41.3388322],[28.5569262,41.3388131],[28.5567614,41.3387883],[28.5565983,41.3387579],[28.5564099,41.3387153],[28.5562256,41.3386635],[28.5560462,41.3386028],[28.5558725,41.3385335],[28.5557051,41.3384559],[28.5555472,41.3383715],[28.5553968,41.3382798],[28.5552545,41.338181],[28.5551722,41.3381387],[28.5550941,41.3380921],[28.5550209,41.3380413],[28.5549527,41.3379866],[28.5548808,41.3379189],[28.5548167,41.3378469],[28.554761,41.3377711],[28.5547315,41.3377373],[28.5546959,41.3377069],[28.554655,41.3376805],[28.5546101,41.337659],[28.5545616,41.3376424],[28.5545106,41.337631],[28.5544579,41.3376251],[28.5543807,41.3375734],[28.5543078,41.3375182],[28.5542393,41.33746],[28.5541518,41.3373741],[28.5540741,41.3372832],[28.5540065,41.3371877],[28.5539496,41.3370884],[28.5538175,41.3370052],[28.5536787,41.3369283],[28.5535247,41.3368541],[28.5533645,41.3367877],[28.5531988,41.3367294],[28.5530283,41.3366796],[28.5529146,41.3366172],[28.5528068,41.3365492],[28.5527052,41.3364759],[28.5526104,41.3363978],[28.5525227,41.3363151],[28.5524468,41.3362333],[28.5523797,41.3361473],[28.5523216,41.3360576],[28.5522729,41.3359649],[28.5522339,41.3358696],[28.5522048,41.3357723],[28.5521857,41.3356724],[28.5521771,41.3355717],[28.5521789,41.3354708],[28.5521914,41.3353703],[28.5522142,41.3352709],[28.5522246,41.3352048],[28.552225,41.3351384],[28.5522155,41.3350723],[28.5521962,41.3350074],[28.5521673,41.3349446],[28.5521374,41.3348962],[28.5521018,41.3348501],[28.5520272,41.3347595],[28.5519438,41.3346734],[28.5518521,41.3345922],[28.5517964,41.3345483],[28.5517485,41.3344994],[28.5517092,41.3344464],[28.5516792,41.3343901],[28.551659,41.3343313],[28.5516483,41.3342648],[28.5516502,41.3341977],[28.5516646,41.3341315],[28.5516912,41.3340675],[28.5516258,41.3340249],[28.5515691,41.3339758],[28.5515222,41.3339211],[28.551486,41.3338621],[28.5514616,41.3338009],[28.5514487,41.3337378],[28.5514476,41.3336739],[28.5514583,41.3336105],[28.5514806,41.3335489],[28.5514217,41.3334801],[28.5513552,41.3334152],[28.5512818,41.3333547],[28.5512018,41.3332992],[28.5511158,41.3332488],[28.5510164,41.3332005],[28.5509114,41.3331591],[28.550704,41.3330735],[28.5504936,41.332992],[28.5502493,41.3329039],[28.5500015,41.3328213],[28.5497506,41.3327443],[28.5496276,41.3327114],[28.5495016,41.3326856],[28.5493734,41.3326669],[28.5492437,41.3326557],[28.5491128,41.3326518],[28.548982,41.3326554],[28.5488519,41.3326665],[28.5487233,41.3326849],[28.5479227,41.3328823],[28.5461336,41.3329679],[28.5443151,41.3331048],[28.5438018,41.3331777],[28.5432905,41.3332579],[28.5428561,41.3333321],[28.5424233,41.3334117],[28.5419923,41.3334965],[28.5418721,41.3334899],[28.5417528,41.3334772],[28.5416349,41.3334586],[28.5415189,41.3334341],[28.541415,41.3334067],[28.5413087,41.3333852],[28.5412005,41.3333698],[28.5410911,41.3333606],[28.5409626,41.3333577],[28.5408342,41.3333616],[28.5407065,41.3333723],[28.5405801,41.3333898],[28.540469,41.333411],[28.5403599,41.3334374],[28.5402532,41.3334689],[28.539929,41.3335541],[28.5396078,41.3336456],[28.5392217,41.333765],[28.5388327,41.3338791],[28.5384411,41.333988],[28.5379654,41.3341122],[28.5374862,41.3342286],[28.5373028,41.334269],[28.5371165,41.334301],[28.536928,41.3343245],[28.5367379,41.3343394],[28.536621,41.3343442],[28.5365039,41.3343419],[28.5363875,41.3343324],[28.5362725,41.3343158],[28.5361597,41.3342923],[28.5360499,41.3342619],[28.535982,41.3342391],[28.5359158,41.3342138],[28.5357867,41.3341584],[28.5356634,41.3340961],[28.5355465,41.3340271],[28.5354367,41.3339519],[28.5353346,41.3338708],[28.5352406,41.3337843],[28.5351554,41.3336929],[28.535081,41.3335993],[28.5350157,41.333502],[28.5349599,41.3334014],[28.5349138,41.3332981],[28.5348777,41.3331925],[28.5348518,41.3330853],[28.5348362,41.3329769],[28.5348777,41.3326366],[28.5348847,41.3326026],[28.5348848,41.3325683],[28.5348779,41.3325344],[28.5348643,41.3325016],[28.5348433,41.3324695],[28.5348158,41.3324403],[28.5347825,41.3324147],[28.5347443,41.3323933],[28.5347021,41.3323767],[28.5346694,41.3320365],[28.5346431,41.331696],[28.534628,41.3314488],[28.5346162,41.3312015],[28.5345962,41.3311357],[28.5345672,41.3310717],[28.5345296,41.3310103],[28.5344838,41.3309522],[28.5344302,41.3308979],[28.5343695,41.3308481],[28.5342952,41.330799],[28.5342141,41.3307566],[28.5341271,41.3307214],[28.5338813,41.3305983],[28.5338115,41.3305643],[28.5337485,41.3305236],[28.5336934,41.3304768],[28.5336472,41.3304248],[28.5336108,41.3303686],[28.5335849,41.3303093],[28.5335699,41.3302478],[28.5335661,41.3301854],[28.5335713,41.3301355],[28.5335836,41.3300862],[28.5336114,41.3299884],[28.5336495,41.3298925],[28.5336975,41.3297992],[28.5337552,41.3297091],[28.5337932,41.3296582],[28.5338343,41.3296087],[28.533905,41.3295048],[28.5339671,41.3293979],[28.5340284,41.32927],[28.5340774,41.3291391],[28.5341138,41.329006],[28.5341375,41.3288712],[28.5343024,41.3285167],[28.5343097,41.3284593],[28.5343083,41.3284017],[28.5342984,41.3283445],[28.5342777,41.328283],[28.5342471,41.3282239],[28.5342071,41.3281681],[28.5341582,41.3281164],[28.5341012,41.3280696],[28.5338978,41.3279175],[28.5336872,41.327771],[28.5334696,41.3276305],[28.5333525,41.327559],[28.5332429,41.327481],[28.5331415,41.327397],[28.5330488,41.3273075],[28.5329655,41.327213],[28.5328919,41.327114],[28.5328285,41.3270111],[28.5327791,41.3269124],[28.532739,41.3268114],[28.5327085,41.3267085],[28.5326877,41.3266042],[28.5326442,41.3265307],[28.532592,41.3264605],[28.5325317,41.326394],[28.5324637,41.3263319],[28.5323885,41.3262746],[28.5323068,41.3262225],[28.532234,41.3261834],[28.5321575,41.3261485],[28.5320133,41.3260688],[28.5318747,41.3259838],[28.5317419,41.3258937],[28.5316154,41.3257986],[28.5314955,41.3256988],[28.5314291,41.3256371],[28.5313617,41.3255744],[28.5312382,41.3254441],[28.5311253,41.3253085],[28.5310234,41.3251681],[28.5305232,41.3245739],[28.5303893,41.3244537],[28.530247,41.3243391],[28.5300967,41.3242304],[28.5299518,41.3241359],[28.5298009,41.3240468],[28.5296443,41.3239635],[28.5294825,41.323886],[28.5294177,41.3238297],[28.5293605,41.3237689],[28.5293114,41.3237043],[28.5292711,41.3236363],[28.5292397,41.3235657],[28.5292245,41.3235191],[28.5292131,41.3234718],[28.5291964,41.3233767],[28.5291896,41.3232809],[28.5291928,41.323185],[28.5292078,41.3230803],[28.5292347,41.322977],[28.5292733,41.3228758],[28.5289769,41.3226351],[28.5289411,41.3226012],[28.528914,41.322563],[28.5288965,41.3225218],[28.5288892,41.3224789],[28.5288924,41.3224357],[28.5289034,41.3223993],[28.5289219,41.3223647],[28.5289425,41.3222919],[28.5289541,41.3222181],[28.5289567,41.3221666],[28.528955,41.3221151],[28.5289651,41.3220125],[28.5289844,41.3219105],[28.5290128,41.3218098],[28.5290501,41.3217108],[28.5290962,41.3216138],[28.5291486,41.3215231],[28.5291915,41.3214297],[28.5292248,41.3213341],[28.5292483,41.3212368],[28.5292618,41.3211385],[28.5292652,41.3210397],[28.5292596,41.3209496],[28.5292411,41.3208605],[28.52921,41.3207735],[28.5291666,41.3206894],[28.5291115,41.3206093],[28.5290453,41.3205341],[28.5289864,41.3204794],[28.5289216,41.3204286],[28.528879,41.3203669],[28.5288401,41.3203417],[28.5287985,41.3203276],[28.5287543,41.3203075],[28.5287355,41.3202944],[28.5287181,41.3202621],[28.5286912,41.3202158],[28.5286631,41.3201584],[28.5286523,41.3201191],[28.5286309,41.3200939],[28.5286041,41.3200687],[28.5285719,41.3200597],[28.5285357,41.3200375],[28.5284847,41.3199902],[28.5284391,41.319967],[28.5283948,41.319958],[28.5283734,41.3199449],[28.5283613,41.3199348],[28.5283305,41.3199207],[28.5283104,41.3199026],[28.5282943,41.3198794],[28.5282768,41.3198603],[28.5282648,41.3197948],[28.5282674,41.3197636],[28.5282741,41.3197354],[28.5282661,41.3197041],[28.5283144,41.3196266],[28.5283171,41.3196054],[28.5283224,41.3195813],[28.5283238,41.3195621],[28.5283479,41.319551],[28.5283908,41.3195369],[28.5284203,41.3195289],[28.5284391,41.3194977],[28.5284203,41.3194614],[28.528415,41.3194352],[28.5284311,41.3194191],[28.5284431,41.3193738],[28.5284203,41.3193506],[28.5283855,41.3193315],[28.5283841,41.3193153],[28.5283881,41.3192972],[28.5283761,41.3192781],[28.5283546,41.319272],[28.5283546,41.3192428],[28.5283492,41.3192197],[28.5283305,41.3191955],[28.5283372,41.3191723],[28.5283747,41.319128],[28.5283814,41.3191159],[28.5283788,41.3190927],[28.5283653,41.3190807],[28.5283506,41.3190958],[28.5283372,41.3190887],[28.5283425,41.3190756],[28.5283385,41.3190575],[28.5283479,41.3190333],[28.5283694,41.3190182],[28.5283613,41.3189769],[28.528313,41.3189386],[28.5283211,41.3189205],[28.5283238,41.3188933],[28.5283546,41.3188631],[28.5284056,41.3188661],[28.5284445,41.3188782],[28.5284887,41.3188671],[28.5285088,41.318856],[28.5285209,41.3188077],[28.5285021,41.3187583],[28.528541,41.3186929],[28.5285357,41.3186546],[28.5285035,41.3185942],[28.5284793,41.3185337],[28.5284874,41.3184693],[28.5284847,41.3183887],[28.5284016,41.3181933],[28.5283452,41.3181369],[28.5283157,41.3181026],[28.5283184,41.3180482],[28.5283399,41.318016],[28.5283332,41.3179385],[28.5283117,41.3179042],[28.5283077,41.317871],[28.5283197,41.3178206],[28.5282782,41.3177481],[28.5282688,41.3177148],[28.5282567,41.3176977],[28.5282326,41.3176866],[28.5281548,41.3176746],[28.5281186,41.3176524],[28.5281186,41.3176353],[28.5281548,41.3176333],[28.5281923,41.3176202],[28.528191,41.3176081],[28.5281588,41.317591],[28.5281333,41.3175799],[28.5281092,41.3175527],[28.5280931,41.3175164],[28.5281092,41.3175084],[28.5281186,41.3175003],[28.5281427,41.3174791],[28.528183,41.3174812],[28.5282178,41.3174922],[28.5282393,41.3174872],[28.5282607,41.3174711],[28.5282849,41.3174449],[28.5283224,41.3174237],[28.5283077,41.3174096],[28.5282822,41.3173925],[28.528246,41.3173401],[28.5282554,41.3173009],[28.5282741,41.3172837],[28.5283157,41.3172827],[28.5283358,41.3172676],[28.528364,41.3172304],[28.5283546,41.3172072],[28.528356,41.3171629],[28.5283613,41.3171145],[28.5283506,41.3170873],[28.528372,41.3170702],[28.5284002,41.3170611],[28.5284404,41.317048],[28.5284659,41.3170128],[28.5284458,41.3169936],[28.528415,41.3169675],[28.5284096,41.3169453],[28.5284056,41.3169111],[28.5284096,41.3168718],[28.5284351,41.3168486],[28.5284552,41.3168355],[28.5284834,41.3168275],[28.5285155,41.3168174],[28.5285451,41.3168184],[28.5285759,41.3168335],[28.5285947,41.3168385],[28.5286403,41.3168275],[28.5286765,41.3168315],[28.5287502,41.3168416],[28.5287851,41.3168637],[28.5288133,41.3168607],[28.5288253,41.3168345],[28.5288347,41.3168224],[28.5289018,41.3168023],[28.5289152,41.3167851],[28.5289192,41.3167569],[28.5289273,41.3167066],[28.5289139,41.3166613],[28.5289058,41.3166391],[28.5289206,41.3166189],[28.5289501,41.3166048],[28.5289957,41.3165897],[28.5290399,41.3166048],[28.5290775,41.316622],[28.5291123,41.3166048],[28.5291365,41.3165897],[28.5291727,41.3165746],[28.5291955,41.3165505],[28.5292411,41.316491],[28.5292411,41.3164648],[28.5292532,41.3164477],[28.5292746,41.3164316],[28.5292894,41.3164125],[28.5292907,41.3163883],[28.5293028,41.3163611],[28.5292773,41.3163228],[28.5292438,41.3162946],[28.5292022,41.3162644],[28.529174,41.316215],[28.5291928,41.3161637],[28.5291928,41.3161214],[28.5291794,41.3160992],[28.5291459,41.316076],[28.5291097,41.316077],[28.5290936,41.3160599],[28.5291244,41.3160428],[28.5291351,41.3160247],[28.5291338,41.3159924],[28.5291016,41.3159763],[28.5290828,41.3159682],[28.5290641,41.315936],[28.5290667,41.3159008],[28.5291029,41.3158544],[28.5291056,41.3158282],[28.5291164,41.315801],[28.5291566,41.315801],[28.5291901,41.3158212],[28.5292035,41.3158564],[28.5292344,41.3159048],[28.5292317,41.315932],[28.5292478,41.3159602],[28.5292666,41.3159733],[28.5292827,41.3159954],[28.5293162,41.3160367],[28.5293336,41.3160871],[28.5293376,41.3161214],[28.5293524,41.3161445],[28.529394,41.3161868],[28.5294315,41.316206],[28.5294825,41.3162332],[28.529512,41.3162684],[28.5295348,41.3162755],[28.5295629,41.3162745],[28.5295978,41.3162573],[28.5297306,41.3162191],[28.5297815,41.316211],[28.5298432,41.3161939],[28.529854,41.3161647],[28.5298392,41.3161465],[28.5298178,41.3161314],[28.5298164,41.3160952],[28.5298325,41.3160589],[28.5298298,41.3160095],[28.5298285,41.3159924],[28.5298325,41.3159602],[28.5298178,41.315934],[28.5298218,41.3158726],[28.5298124,41.3157779],[28.5298298,41.3157789],[28.5298419,41.315789],[28.5298808,41.3158595],[28.5299546,41.3158836],[28.52998,41.3159028],[28.5299988,41.315939],[28.5300283,41.3159552],[28.5300551,41.3159592],[28.5300887,41.3159552],[28.5301262,41.3159421],[28.5301369,41.3159068],[28.5301262,41.3158726],[28.5301048,41.3158534],[28.530098,41.3158413],[28.5300659,41.3157829],[28.5300779,41.3157738],[28.5301128,41.3157718],[28.5301678,41.3157769],[28.5302174,41.3157477],[28.5302389,41.3157295],[28.5302509,41.3157134],[28.5302617,41.3156862],[28.5302469,41.315659],[28.5302013,41.315654],[28.530145,41.3156409],[28.5301316,41.3156026],[28.5301477,41.3155875],[28.5301463,41.3155553],[28.5301732,41.3155371],[28.5301986,41.3155321],[28.5302322,41.3155089],[28.5302939,41.3154999],[28.5303462,41.3154989],[28.5303582,41.3154878],[28.5303636,41.3154626],[28.5303703,41.3154455],[28.5303958,41.3154535],[28.5304052,41.3154737],[28.5304414,41.3154999],[28.5304829,41.3155069],[28.5305031,41.3155311],[28.5305151,41.3155593],[28.5305352,41.3155744],[28.5305621,41.3156056],[28.5305822,41.3156056],[28.5305983,41.3155976],[28.5306466,41.3155855],[28.5306707,41.3155704],[28.5306787,41.3155633],[28.5306989,41.31552],[28.5307109,41.3154827],[28.5307083,41.3154495],[28.530672,41.315384],[28.5306841,41.3153538],[28.5307042,41.3153488],[28.5307445,41.3153639],[28.5307579,41.3153921],[28.5307699,41.3154455],[28.5307565,41.3154848],[28.5307552,41.3155009],[28.5307753,41.315525],[28.5307994,41.3155452],[28.5308209,41.3155442],[28.5308477,41.3155402],[28.5309094,41.3155422],[28.5309456,41.3155109],[28.5309724,41.3155281],[28.5309832,41.3155563],[28.5309617,41.3156036],[28.5309014,41.3156288],[28.5308652,41.3156469],[28.5308598,41.3156651],[28.5308558,41.3156862],[28.530845,41.3156983],[28.5308571,41.3157104],[28.5308759,41.3157134],[28.5309081,41.3157053],[28.5309416,41.3157074],[28.5309537,41.3157134],[28.5309228,41.3157356],[28.5309201,41.3157557],[28.5309416,41.3157648],[28.5309657,41.3157869],[28.5309832,41.315789],[28.5310087,41.3157829],[28.5310395,41.3157738],[28.5311066,41.3157738],[28.5311884,41.3157698],[28.5312246,41.31579],[28.5312621,41.315795],[28.5313185,41.31579],[28.5313493,41.3157859],[28.5313815,41.3157849],[28.5314003,41.315795],[28.531466,41.315793],[28.5314848,41.315799],[28.5315062,41.3158071],[28.5315196,41.3158393],[28.5315424,41.3158605],[28.5315733,41.3158846],[28.5316068,41.3159028],[28.5316175,41.315928],[28.5316376,41.3159632],[28.5316658,41.3159713],[28.5316966,41.3159743],[28.5317409,41.3159541],[28.5317744,41.3159461],[28.5318013,41.3159431],[28.5318254,41.315929],[28.5318509,41.315929],[28.5318844,41.3159411],[28.5319099,41.3159723],[28.5319233,41.3159864],[28.5319662,41.3160126],[28.5319917,41.3160458],[28.5320306,41.316076],[28.5320628,41.3161133],[28.5321419,41.3161486],[28.5321781,41.3161697],[28.5321996,41.3161969],[28.532221,41.3162322],[28.5322425,41.3162704],[28.532272,41.3162835],[28.5323109,41.3163017],[28.5323672,41.3163389],[28.5324061,41.3163762],[28.5324356,41.3163923],[28.5324705,41.3164024],[28.5324785,41.3164175],[28.5325013,41.3164598],[28.5325322,41.316485],[28.5325617,41.3165051],[28.5325938,41.3165454],[28.532622,41.3165978],[28.5326408,41.316624],[28.5326488,41.3166471],[28.5326582,41.3166703],[28.5326877,41.3167015],[28.5327105,41.3167388],[28.5327387,41.3168023],[28.5327548,41.3168385],[28.532787,41.3168546],[28.5328205,41.3168728],[28.5328393,41.3168889],[28.5328647,41.3169],[28.5328929,41.3169332],[28.5328983,41.3169634],[28.5328983,41.3169836],[28.5329144,41.3169926],[28.5329492,41.3170188],[28.5329787,41.3170642],[28.5329922,41.3170863],[28.5330217,41.3171004],[28.5330512,41.3171296],[28.5330874,41.317181],[28.5331196,41.3172384],[28.5331424,41.3172586],[28.5331973,41.3172706],[28.5332161,41.3172847],[28.5332336,41.3173079],[28.5332496,41.3173321],[28.5332657,41.3173754],[28.5332765,41.3173976],[28.5332832,41.3174147],[28.5333194,41.3174479],[28.5333462,41.3174661],[28.5333703,41.3174671],[28.5334079,41.3174661],[28.5334414,41.3174681],[28.533491,41.3174902],[28.5334924,41.3175104],[28.5334656,41.3175215],[28.5333958,41.3175245],[28.5334025,41.3175557],[28.5334334,41.3175658],[28.5334589,41.3175899],[28.533475,41.317602],[28.5334977,41.317602],[28.5335152,41.317601],[28.5335447,41.3176071],[28.5335165,41.3176433],[28.5335286,41.3176625],[28.5335554,41.3176746],[28.5336305,41.3176705],[28.533656,41.3176725],[28.5337137,41.3176856],[28.5337606,41.3177159],[28.53377,41.31774],[28.5337472,41.3177451],[28.5337311,41.3177571],[28.5336855,41.3177712],[28.5336587,41.3177803],[28.5336091,41.3177854],[28.5336024,41.3178166],[28.5336171,41.3178357],[28.533652,41.317876],[28.533664,41.3179193],[28.5336734,41.3179445],[28.5336949,41.3179656],[28.5337123,41.3179939],[28.5337257,41.3180331],[28.5337499,41.3180593],[28.533774,41.3180704],[28.5338035,41.3180754],[28.5338169,41.3180795],[28.5338598,41.3180895],[28.5339189,41.3180764],[28.5339551,41.3180603],[28.5339913,41.3180331],[28.5340355,41.3180241],[28.5340717,41.318015],[28.5341227,41.3180281],[28.5341535,41.3180513],[28.5341763,41.3181046],[28.5341777,41.3181238],[28.5341562,41.3181459],[28.5341348,41.3181621],[28.5341214,41.3181842],[28.5341214,41.3182074],[28.534116,41.3182245],[28.53412,41.3182668],[28.53412,41.3183202],[28.534108,41.3183454],[28.5341147,41.3183776],[28.5341294,41.3183957],[28.5341696,41.3184209],[28.5341898,41.3184451],[28.5341924,41.3184703],[28.5342152,41.3185428],[28.5342193,41.3185791],[28.534238,41.3186052],[28.5342555,41.3186314],[28.5342997,41.3187231],[28.5343185,41.3187634],[28.5343185,41.3188057],[28.5343534,41.3188419],[28.5343695,41.3188762],[28.5343775,41.3189104],[28.5343963,41.3189346],[28.5344298,41.3189608],[28.5344486,41.318989],[28.5344674,41.3190102],[28.5344754,41.3190273],[28.5344902,41.3190515],[28.5345116,41.3190666],[28.5345626,41.3190555],[28.5346082,41.3190595],[28.5346176,41.3190746],[28.5346176,41.3190887],[28.534576,41.3191149],[28.5344982,41.3191401],[28.5344768,41.3191622],[28.5344915,41.3191874],[28.5344955,41.3192146],[28.5344955,41.3192358],[28.534517,41.319265],[28.5345264,41.3193002],[28.5345384,41.3193576],[28.5345532,41.3194433],[28.5345733,41.3194856],[28.5345827,41.3194977],[28.5345961,41.3195198],[28.534635,41.3195913],[28.5346833,41.3196507],[28.534753,41.3197152],[28.5347812,41.3197434],[28.534812,41.3197615],[28.5348429,41.3197897],[28.5348563,41.319824],[28.5348871,41.3198441],[28.5348965,41.3198451],[28.5349569,41.3198492],[28.5349917,41.3198542],[28.5350172,41.3198532],[28.5350347,41.3198461],[28.5350494,41.3198351],[28.5350548,41.319823],[28.5350507,41.3198049],[28.5350642,41.3198008],[28.5351098,41.3197877],[28.5351379,41.3198129],[28.5351473,41.3198361],[28.5351889,41.3198854],[28.5352492,41.3199418],[28.5352935,41.319965],[28.5353082,41.3199731],[28.5353404,41.3200133],[28.5353498,41.3200415],[28.5353766,41.3200627],[28.5353833,41.3200698],[28.5354115,41.320098],[28.5354826,41.3201584],[28.5355242,41.3201886],[28.5355523,41.3202017],[28.5355684,41.3202198],[28.5355885,41.3202369],[28.5356019,41.3202772],[28.5355912,41.3203125],[28.5355872,41.3203346],[28.5356113,41.3203548],[28.5356382,41.3203709],[28.5356717,41.3203961],[28.53572,41.3204193],[28.5358246,41.3204716],[28.5358648,41.3204888],[28.5358916,41.3204948],[28.5359184,41.3205109],[28.5359587,41.320524],[28.5359909,41.3205411],[28.536019,41.3205633],[28.5360646,41.3205764],[28.5361062,41.3205764],[28.536137,41.3205804],[28.5361733,41.3205985],[28.5361746,41.3206187],[28.5362054,41.3206418],[28.5362457,41.3206549],[28.5362886,41.3206922],[28.5363395,41.3207023],[28.5363932,41.3207436],[28.5364187,41.3207516],[28.5364616,41.3207476],[28.5365005,41.3207385],[28.5365166,41.3207305],[28.5365058,41.3207023],[28.5364723,41.3206972],[28.5364509,41.3206962],[28.5364415,41.3206791],[28.5364294,41.320659],[28.5364589,41.3206519],[28.536475,41.320657],[28.5365756,41.3206902],[28.5365984,41.3206952],[28.5366359,41.3207003],[28.5366909,41.3207194],[28.5367432,41.3207516],[28.5367781,41.3207627],[28.5367888,41.3207778],[28.536766,41.320802],[28.5367767,41.3208282],[28.5368036,41.3208372],[28.5368277,41.3208826],[28.5368478,41.3208926],[28.5368974,41.3208916],[28.5369256,41.3209007],[28.5370181,41.3209239],[28.5370892,41.320937],[28.5371107,41.320937],[28.5371657,41.3209551],[28.5371885,41.3209621],[28.5372542,41.3209621],[28.5373172,41.3209722],[28.5373695,41.3209843],[28.5374017,41.3209803],[28.5374647,41.3209722],[28.5375009,41.3209783],[28.5375318,41.3209984],[28.5375492,41.3210085],[28.5375921,41.3209994],[28.5375988,41.3209873],[28.5376324,41.3209833],[28.5376565,41.3209772],[28.5376672,41.3209621],[28.5376659,41.320945],[28.5376324,41.3209259],[28.537627,41.3209168],[28.5376431,41.3209037],[28.537678,41.3209077],[28.537733,41.3209148],[28.5377826,41.3209138],[28.5379073,41.3209249],[28.5379475,41.320941],[28.5379891,41.320937],[28.5380253,41.320947],[28.5380709,41.3209702],[28.5381071,41.3209913],[28.5381339,41.3210054],[28.5381702,41.3210115],[28.5382278,41.3210387],[28.5382546,41.3210578],[28.5383043,41.3210941],[28.5383539,41.3211293],[28.5383767,41.3211626],[28.5384102,41.3211696],[28.5384303,41.3211867],[28.5384612,41.3212039],[28.5385068,41.3212039],[28.5385336,41.3212069],[28.5385765,41.3212089],[28.5386154,41.321226],[28.5386597,41.3212301],[28.5386945,41.3212341],[28.5387053,41.3212371],[28.5387361,41.3212371],[28.5387656,41.3212462],[28.5387844,41.3212512],[28.5388005,41.3212623],[28.5388407,41.3213036],[28.5388514,41.3213217],[28.5388716,41.3213388],[28.5389198,41.3213701],[28.5389319,41.3213983],[28.538952,41.3214305],[28.5389708,41.3214577],[28.5389721,41.3214879],[28.5389815,41.3215101],[28.5390003,41.3215372],[28.5390164,41.3215725],[28.5390311,41.3215926],[28.5390419,41.3216098],[28.5390539,41.321637],[28.5390633,41.3216853],[28.5390767,41.3217105],[28.5390942,41.3217306],[28.5390995,41.3217477],[28.5391076,41.3217709],[28.5391076,41.3218021],[28.5390969,41.3218354],[28.5391156,41.3218565],[28.5391223,41.3218716],[28.5391358,41.3218998],[28.5391384,41.3219139],[28.5391425,41.3219542],[28.5391653,41.3220167],[28.5391988,41.3220942],[28.5392055,41.3221244],[28.5392229,41.3221516],[28.5392189,41.3221738],[28.5392229,41.3221949],[28.5392323,41.3222312],[28.5392444,41.3222936],[28.5392565,41.3223148],[28.5392632,41.322342],[28.5392685,41.3223934],[28.5392551,41.3224286],[28.5392538,41.3224538],[28.5392565,41.3224729],[28.5392591,41.3225233],[28.5392658,41.3225414],[28.5392699,41.3225777],[28.5392739,41.3225998],[28.5392886,41.32262],[28.5393007,41.3226431],[28.5393181,41.3226502],[28.5393329,41.3226653],[28.5393396,41.3226834],[28.539345,41.3227106],[28.5393584,41.3227529],[28.5393584,41.3227751],[28.5393731,41.3227972],[28.5393906,41.3228244],[28.5393892,41.3228577],[28.5394026,41.3228899],[28.539416,41.3229322],[28.5394429,41.3229836],[28.5394576,41.3229997],[28.5394737,41.3230077],[28.5394952,41.3230339],[28.53953,41.3230833],[28.5395917,41.3231528],[28.5396078,41.3231769],[28.5396266,41.32319],[28.5396534,41.3232142],[28.5396668,41.3232444],[28.5396896,41.3232635],[28.5397044,41.3232877],[28.5397205,41.3233109],[28.5397647,41.3233512],[28.5397714,41.3233683],[28.5398224,41.3234076],[28.5398506,41.3234328],[28.5398801,41.3234479],[28.5398988,41.323468],[28.5399203,41.3234871],[28.5399431,41.3235184],[28.5399619,41.3235405],[28.5399793,41.3235758],[28.5400102,41.3235949],[28.5400169,41.323609],[28.5400262,41.3236261],[28.5400651,41.3236714],[28.5401201,41.3237158],[28.5401469,41.3237289],[28.5401764,41.323745],[28.5401818,41.3237701],[28.5402073,41.3237983],[28.540222,41.3238205],[28.5402462,41.3238648],[28.5402676,41.3239021],[28.5403012,41.3239273],[28.5403025,41.3239373],[28.5403146,41.3239756],[28.540336,41.3240189],[28.5403629,41.3240592],[28.5403803,41.3241116],[28.5403816,41.3241398],[28.5403736,41.3241529],[28.5403803,41.3241891],[28.5404152,41.3242284],[28.5404554,41.3242838],[28.5404621,41.3243019],[28.5404728,41.324315],[28.5404916,41.3243533],[28.540503,41.3244016],[28.540501,41.3244283],[28.5405111,41.324453],[28.5405124,41.3244837],[28.5405057,41.3245416],[28.5404917,41.3245849],[28.540475,41.3246213],[28.5404485,41.3246542],[28.5404132,41.3246821],[28.5403754,41.3247018],[28.5403333,41.3247158],[28.5402884,41.3247234],[28.5402402,41.3247194],[28.540218,41.3247093],[28.540206,41.3247048],[28.5401798,41.3247003],[28.5401516,41.3246907],[28.5400812,41.3246841],[28.5400571,41.3246791],[28.5399934,41.3246715],[28.5399579,41.324671],[28.539925,41.3246756],[28.5398995,41.3246776],[28.5398559,41.3246846],[28.539815,41.3247068],[28.5397902,41.3247219],[28.5397674,41.3247244],[28.5397654,41.3247335],[28.53975,41.3247521],[28.5397305,41.3247833],[28.5397077,41.3248161],[28.5396977,41.3248392],[28.5397064,41.3248649],[28.5397017,41.3248921],[28.5397097,41.3249097],[28.5397205,41.3249304],[28.5397372,41.3249485],[28.53976,41.3249732],[28.5397788,41.3250165],[28.5397822,41.3250361],[28.5397936,41.3250477],[28.5398003,41.3250749],[28.5398231,41.3250925],[28.5398291,41.3250991],[28.5398412,41.3251036],[28.5398579,41.3251217],[28.5398599,41.3251303],[28.5398593,41.3251454],[28.5398499,41.3251711],[28.5398492,41.3252028],[28.5398519,41.3252204],[28.5398687,41.3252275],[28.5398895,41.3252436],[28.5399257,41.3252597],[28.5399806,41.3252763],[28.5400216,41.3252965],[28.5400484,41.3253171],[28.5400591,41.3253262],[28.5401121,41.3253428],[28.5401718,41.3253564],[28.5401959,41.3253529],[28.540214,41.3253539],[28.5402542,41.3253569],[28.5402884,41.3253534],[28.5403173,41.3253564],[28.5403334,41.3253569],[28.5403655,41.3253519],[28.5404132,41.3253519],[28.5404541,41.3253423],[28.5404748,41.3253358],[28.540497,41.3253398],[28.5405312,41.3253428],[28.540554,41.3253488],[28.5405761,41.3253624],[28.5405868,41.3253796],[28.5406063,41.3253876],[28.5406224,41.3253871],[28.5406666,41.3253871],[28.5407095,41.3253922],[28.5407565,41.3253937],[28.5407786,41.3253906],[28.5408095,41.3253891],[28.5408363,41.3253851],[28.5408597,41.3253745],[28.5408772,41.3253705],[28.540898,41.3253629],[28.5409147,41.3253453],[28.5409409,41.3253327],[28.5409516,41.3253191],[28.5409664,41.3253131],[28.5409912,41.3252924],[28.5410153,41.3252839],[28.5410549,41.3252794],[28.5410837,41.3252738],[28.5411052,41.3252728],[28.5411085,41.3252728],[28.541132,41.3252814],[28.5411474,41.3253025],[28.5411575,41.3253267],[28.541193,41.3253267],[28.5412192,41.3253237],[28.5412332,41.3253206],[28.5412346,41.325306],[28.5412292,41.3252945],[28.5412366,41.3252693],[28.5412453,41.3252627],[28.5412627,41.3252527],[28.5412916,41.3252486],[28.5413264,41.3252406],[28.5413915,41.325225],[28.5414022,41.3252199],[28.5414371,41.3252129],[28.5414646,41.3252063],[28.5415182,41.3251887],[28.5416557,41.3251525],[28.5416872,41.3251414],[28.5417341,41.3251343],[28.5417603,41.3251263],[28.5418025,41.3251102],[28.5418488,41.325091],[28.5419507,41.3250553],[28.5419829,41.3250392],[28.5420352,41.3250301],[28.5420781,41.32502],[28.5421639,41.3249771],[28.5422377,41.3249495],[28.5422632,41.3249304],[28.5422981,41.3249223],[28.542341,41.3249052],[28.5423638,41.3248971],[28.5424282,41.324883],[28.5424617,41.3248579],[28.5424872,41.3248488],[28.5425261,41.3248176],[28.5425878,41.3247843],[28.5426186,41.3247743],[28.5426387,41.3247672],[28.5426937,41.3247481],[28.5427608,41.3247159],[28.542809,41.3246997],[28.5428412,41.3246867],[28.5428815,41.3246665],[28.5430062,41.3246081],[28.5431001,41.3245779],[28.5431403,41.3245648],[28.5431604,41.3245537],[28.543202,41.3245366],[28.5432851,41.3244933],[28.5433428,41.3244762],[28.5433857,41.324454],[28.5434863,41.3244047],[28.5435171,41.3243946],[28.5435882,41.3243694],[28.5436124,41.3243634],[28.5436499,41.3243452],[28.5437103,41.3243241],[28.5438068,41.3242697],[28.5438283,41.3242606],[28.5438725,41.3242405],[28.5439262,41.3242153],[28.5439342,41.3242093],[28.5439798,41.3241791],[28.5440536,41.3241327],[28.5440777,41.3241176],[28.5441206,41.3240985],[28.54413,41.3240854],[28.5441622,41.3240713],[28.544189,41.3240542],[28.5442521,41.324025],[28.5443124,41.3239867],[28.5443433,41.3239786],[28.5443687,41.3239796],[28.5443915,41.3239857],[28.544409,41.3239998],[28.5444304,41.3240209],[28.5444546,41.3240139],[28.5444693,41.3240149],[28.5445069,41.3239988],[28.5445592,41.3239867],[28.5446155,41.3239665],[28.5446544,41.3239595],[28.5446718,41.3239555],[28.5447,41.3239424],[28.5447308,41.3239394],[28.5447617,41.3239273],[28.5447818,41.3239031],[28.5447778,41.3238971],[28.5448019,41.323886],[28.5448274,41.3238971],[28.5448247,41.3239232],[28.5448448,41.3239323],[28.5448703,41.3239293],[28.5448878,41.3239192],[28.5449454,41.3239162],[28.5450071,41.3239212],[28.5450554,41.3239303],[28.5450876,41.3239323],[28.5451305,41.3239333],[28.5451747,41.3239464],[28.545211,41.3239585],[28.5452351,41.3239565],[28.5452981,41.3239494],[28.5453477,41.3239333],[28.5453665,41.3239394],[28.5453947,41.3239635],[28.5454094,41.3239978],[28.5454202,41.3240058],[28.5454564,41.3240038],[28.5454805,41.3239968],[28.545506,41.3240099],[28.5455127,41.3240169],[28.545557,41.32403],[28.5455865,41.324034],[28.5456415,41.3240511],[28.5456964,41.3240793],[28.5457367,41.3240975],[28.5457595,41.3241065],[28.5457796,41.3241378],[28.5457997,41.3241579],[28.5458359,41.324165],[28.5458828,41.3241599],[28.5459472,41.3241609],[28.5459808,41.3241619],[28.5459955,41.324175],[28.5459915,41.3241952],[28.5459942,41.3242022],[28.5460411,41.3242203],[28.5461108,41.3242647],[28.5461269,41.3242788],[28.5461564,41.3242908],[28.5461631,41.324318],[28.5461994,41.3243372],[28.5462423,41.3243412],[28.5462852,41.3243513],[28.546316,41.3243553],[28.5463603,41.3243674],[28.5463817,41.3243795],[28.546418,41.3243885],[28.5464407,41.3243895],[28.5464676,41.3243996],[28.5465346,41.3244167],[28.5465977,41.324454],[28.5467117,41.3244832],[28.5467452,41.3244963],[28.5467707,41.3245054],[28.546823,41.3245316],[28.5468592,41.3245547],[28.54689,41.3245547],[28.546941,41.3245698],[28.5470094,41.324594],[28.5470362,41.3246051],[28.5470724,41.3246151],[28.5471019,41.3246242],[28.5471824,41.3246242],[28.5472722,41.3246272],[28.5473138,41.3246444],[28.5473849,41.3246444],[28.5474224,41.3246423],[28.54746,41.3246423],[28.5475136,41.3246433],[28.5475633,41.3246383],[28.5475968,41.3246514],[28.5476089,41.3246534],[28.5476437,41.3246514],[28.5476813,41.3246333],[28.5477309,41.3246101],[28.5477805,41.3246081],[28.5478529,41.3246101],[28.5479039,41.3246131],[28.5479401,41.3246071],[28.5479763,41.3246081],[28.5480393,41.3246151],[28.548089,41.3246232],[28.5481319,41.3246151],[28.5481708,41.324594],[28.5482579,41.3245658],[28.5483277,41.3245668],[28.5483558,41.3245567],[28.5484028,41.3245436],[28.5485275,41.3245305],[28.548612,41.3245144],[28.5486616,41.3245044],[28.5487166,41.3244893],[28.5488011,41.3244671],[28.5489379,41.3244298],[28.5489728,41.3244208],[28.549017,41.3244127],[28.5490452,41.3244107],[28.549076,41.3243956],[28.5491095,41.3243865],[28.5491659,41.3243734],[28.5492852,41.3243251],[28.5493241,41.324314],[28.5493617,41.3243019],[28.5493872,41.3242898],[28.5494582,41.3242657],[28.5495669,41.3242183],[28.5496366,41.3241982],[28.5496674,41.3241861],[28.5496876,41.324178],[28.5497197,41.324169],[28.5497627,41.3241488],[28.5498552,41.3240995],[28.5499504,41.3240592],[28.5499826,41.3240411],[28.55,41.324033],[28.5500121,41.3240189],[28.5500269,41.3240099],[28.5500577,41.3239937],[28.550102,41.3239706],[28.5501932,41.3239212],[28.550224,41.3239021],[28.5502495,41.323885],[28.5502776,41.3238729],[28.5502924,41.3238648],[28.5503139,41.3238467],[28.5503997,41.3237923],[28.5504775,41.3237379],[28.5504989,41.3237228],[28.5505177,41.3237107],[28.5505418,41.3237017],[28.5505767,41.3236785],[28.5506196,41.3236563],[28.5506465,41.3236312],[28.5506706,41.3236201],[28.55068,41.32361],[28.5506921,41.3235989],[28.5507296,41.3235687],[28.550806,41.3235133],[28.5508329,41.3234892],[28.5508396,41.3234751],[28.5508516,41.3234569],[28.5508959,41.3234217],[28.5509549,41.3233542],[28.5509697,41.3233381],[28.5509858,41.3233129],[28.5510086,41.3232938],[28.551026,41.3232635],[28.5510609,41.3232263],[28.5511051,41.3231689],[28.5511199,41.3231447],[28.5511333,41.3231125],[28.5511413,41.3231064],[28.5511561,41.3230833],[28.5512124,41.3230077],[28.5512258,41.3229906],[28.5512486,41.3229735],[28.5512808,41.3229443],[28.5512955,41.3229251],[28.5513224,41.322909],[28.5513438,41.3228788],[28.5513961,41.3228204],[28.5514095,41.3227902],[28.5514417,41.322764],[28.5514471,41.3227438],[28.5514618,41.3227277],[28.5514793,41.3226995],[28.5515048,41.3226391],[28.5515101,41.3226149],[28.5515128,41.3225948],[28.5515316,41.3225595],[28.5515584,41.3225062],[28.5515651,41.322484],[28.5515651,41.3224679],[28.5515799,41.3224336],[28.5515986,41.3223823],[28.5516094,41.3223692],[28.5516147,41.3223621],[28.5516429,41.3223168],[28.5516979,41.3222302],[28.551718,41.322201],[28.5517448,41.3221788],[28.5517623,41.3221536],[28.5517797,41.3221295],[28.5517958,41.3221043],[28.5518146,41.3220831],[28.5518266,41.3220711],[28.5518306,41.3220559],[28.5518508,41.3220116],[28.5518897,41.3219683],[28.5518937,41.3219421],[28.5519057,41.321919],[28.5519151,41.3218938],[28.5519299,41.3218696],[28.5519446,41.3218595],[28.5519487,41.3218283],[28.5519862,41.3217578],[28.5519943,41.3217316],[28.5520037,41.3217195],[28.5520184,41.3217024],[28.5520278,41.3216762],[28.5520399,41.3216591],[28.5520519,41.3216359],[28.5520667,41.3216239],[28.5520841,41.3215977],[28.5520989,41.3215624],[28.5521203,41.3215101],[28.5521378,41.3214778],[28.5521418,41.3214637],[28.5521485,41.3214536],[28.5521619,41.3214285],[28.5521793,41.3214073],[28.5521981,41.321357],[28.5522142,41.3213429],[28.552229,41.3213157],[28.552237,41.3213036],[28.5522531,41.3212794],[28.5522705,41.3212311],[28.5522772,41.3211908],[28.552288,41.3211787],[28.5522947,41.3211726],[28.5523,41.3211575],[28.5523,41.3211424],[28.5523188,41.3211132],[28.5523336,41.3211001],[28.5523483,41.3210739],[28.5523604,41.3210437],[28.5523684,41.3210175],[28.5523805,41.3209934],[28.5523818,41.3209783],[28.5523899,41.3209662],[28.5523953,41.320946],[28.5523926,41.3209279],[28.5523885,41.3209158],[28.5524033,41.3208916],[28.5524113,41.3208634],[28.5524046,41.3208433],[28.5523993,41.3208242],[28.5523979,41.3207919],[28.552406,41.3207496],[28.552414,41.3207265],[28.55241,41.3206862],[28.5524261,41.3206509],[28.5524368,41.3206116],[28.5524422,41.3205885],[28.5524422,41.3205744],[28.5524489,41.3205492],[28.5524462,41.320528],[28.5524462,41.3204656],[28.5524422,41.3204424],[28.5524449,41.3204112],[28.5524476,41.320388],[28.5524502,41.3203699],[28.5524556,41.3203578],[28.5524543,41.3203407],[28.5524583,41.3203044],[28.5524569,41.320239],[28.5524556,41.3202178],[28.5524489,41.3202017],[28.5524502,41.3201846],[28.5524422,41.3201423],[28.5524207,41.3200899],[28.552414,41.3200768],[28.5524073,41.3200607],[28.5524033,41.3200496],[28.5524006,41.3200043],[28.5523912,41.3199569],[28.5523872,41.3199318],[28.5523845,41.3199156],[28.5523872,41.3198723],[28.5523859,41.3198169],[28.5523818,41.3197807],[28.5523926,41.3197414],[28.5524006,41.319689],[28.5524033,41.3196558],[28.5524073,41.3196256],[28.5524113,41.3196175],[28.5524154,41.3196084],[28.5524288,41.31955],[28.5524221,41.3195148],[28.5524207,41.3195057],[28.552414,41.3194543],[28.5524073,41.3194141],[28.5524006,41.3193919],[28.552402,41.3193858],[28.5524006,41.3193647],[28.5523885,41.3193335],[28.5523698,41.3193083],[28.5523698,41.3192831],[28.5523564,41.3192388],[28.5523403,41.3191784],[28.5523403,41.3191703],[28.5523336,41.3191371],[28.5523282,41.3190807],[28.5523094,41.3190384],[28.5523094,41.3190192],[28.5523188,41.3190021],[28.5523228,41.3189799],[28.5523269,41.3189608],[28.5523188,41.3189114],[28.5523322,41.3188701],[28.5523456,41.3188581],[28.5523456,41.3188389],[28.5523456,41.3188148],[28.5523564,41.3188017],[28.5523711,41.3187755],[28.5523885,41.3187473],[28.5523912,41.3187322],[28.5523885,41.3187181],[28.5523966,41.318709],[28.5523993,41.3186838],[28.5524167,41.3186496],[28.552414,41.3186254],[28.5524046,41.3186063],[28.5523979,41.3185901],[28.5524033,41.3185639],[28.5523926,41.3185468],[28.5523845,41.3185096],[28.5523671,41.3184793],[28.5523818,41.3184511],[28.5523832,41.318436],[28.5524113,41.3184129],[28.5524221,41.3184199],[28.5524543,41.3184239],[28.5524663,41.3184199],[28.5525012,41.3184058],[28.5525146,41.3183726],[28.55252,41.3183524],[28.5525374,41.3183424],[28.5525535,41.3183504],[28.5525669,41.3183494],[28.5525763,41.3183313],[28.5526031,41.3182839],[28.5526179,41.3182688],[28.5526232,41.3182447],[28.552646,41.3182275],[28.5526595,41.3181903],[28.5526688,41.3181671],[28.5526822,41.318155],[28.552693,41.3181157],[28.5527158,41.3180795],[28.5527131,41.3180573],[28.5527091,41.3180422],[28.5527131,41.318018],[28.5527118,41.3179949],[28.552697,41.3179767],[28.5526997,41.3179586],[28.5526876,41.3179294],[28.5526755,41.3179052],[28.5526849,41.3178911],[28.552693,41.3178468],[28.5527144,41.3178347],[28.5527332,41.3178055],[28.5527332,41.3177793],[28.5527198,41.3177602],[28.5527265,41.31773],[28.55276,41.3177179],[28.5527775,41.3176967],[28.5527869,41.3176856],[28.5528284,41.3176524],[28.5528526,41.3176242],[28.5528928,41.3176091],[28.5529035,41.3175869],[28.5529317,41.3175648],[28.5529451,41.3175456],[28.5529525,41.3174917],[28.5529511,41.3174711],[28.5529599,41.3174509],[28.5529947,41.3174348],[28.5530296,41.3174147],[28.5530913,41.3173784],[28.5531141,41.3173613],[28.5531248,41.3173492],[28.5531396,41.3173401],[28.5531771,41.3173099],[28.5531919,41.3172988],[28.5532227,41.3172797],[28.5532898,41.3172434],[28.5533582,41.3171951],[28.553389,41.317175],[28.5534306,41.3171437],[28.5534494,41.3171327],[28.5534936,41.3171196],[28.5535231,41.3170924],[28.5535848,41.317042],[28.553609,41.3170329],[28.5536559,41.3170017],[28.5536613,41.3169957],[28.5537216,41.3169755],[28.5537404,41.3169503],[28.5537484,41.3169413],[28.5537793,41.3169262],[28.5538812,41.3168355],[28.5539134,41.3168164],[28.5539603,41.3168013],[28.5539576,41.3167811],[28.5539228,41.3167912],[28.5538946,41.3167841],[28.5538933,41.316763],[28.5539107,41.3167499],[28.5539241,41.3167328],[28.5539322,41.3167217],[28.5539603,41.3166945],[28.5539751,41.3166592],[28.5539831,41.316623],[28.5539965,41.3166129],[28.5540113,41.3165928],[28.5540073,41.3165787],[28.5540059,41.3165726],[28.5540193,41.3165364],[28.554018,41.3165112],[28.554014,41.316491],[28.5540314,41.3164447],[28.5540341,41.3163953],[28.5540314,41.3163702],[28.5540193,41.316345],[28.5540234,41.3163097],[28.5540193,41.3162986],[28.554018,41.3162765],[28.5540113,41.3162029],[28.5539979,41.3161888],[28.5540059,41.3161486],[28.5540032,41.3161284],[28.5540046,41.3160982],[28.5540073,41.316079],[28.5540287,41.3160206],[28.5540247,41.3159784],[28.5540234,41.3159652],[28.5540408,41.3159511],[28.5540609,41.315929],[28.5540555,41.3159088],[28.5540716,41.3158937],[28.5540649,41.3158675],[28.5540475,41.3158262],[28.5540381,41.315802],[28.5540488,41.3157849],[28.5540596,41.3157759],[28.5540783,41.3157295],[28.5540743,41.3157033],[28.5540609,41.3156862],[28.5540542,41.31566],[28.554026,41.3156318],[28.5539952,41.3156097],[28.5539751,41.3155855],[28.5539724,41.3155462],[28.5539657,41.31552],[28.5539751,41.3155079],[28.5539979,41.3154888],[28.5540019,41.3154686],[28.5540073,41.3154445],[28.5540327,41.3154253],[28.5540636,41.3154072],[28.5541038,41.315383],[28.5541172,41.3153729],[28.5541172,41.3153498],[28.5541333,41.3153337],[28.5541575,41.3153256],[28.5541776,41.3153266],[28.5542057,41.3153246],[28.5542232,41.3153236],[28.554242,41.3153085],[28.554258,41.3152994],[28.5542902,41.3152702],[28.554305,41.315238],[28.5543278,41.3152219],[28.5543305,41.3151947],[28.5543331,41.3151806],[28.5543063,41.3151785],[28.5542808,41.3151775],[28.5542594,41.3152047],[28.5542339,41.3152007],[28.5542272,41.3151826],[28.5542218,41.3151705],[28.554191,41.3151544],[28.5541977,41.3151453],[28.5542326,41.3151382],[28.5542379,41.3151171],[28.5542259,41.3151],[28.5542178,41.3150889],[28.5542259,41.3150698],[28.5542755,41.3150365],[28.5543023,41.3150093],[28.5543224,41.3150053],[28.5543345,41.3149781],[28.5543291,41.3149569],[28.5543466,41.3149348],[28.5543399,41.3149187],[28.5543439,41.3149035],[28.554372,41.3148572],[28.5543761,41.3148361],[28.5543653,41.3148129],[28.554372,41.3147998],[28.5543747,41.3147897],[28.55436,41.3147625],[28.5543613,41.3147333],[28.55436,41.3147142],[28.5543452,41.3147041],[28.5543291,41.314687],[28.5543077,41.3146719],[28.5542674,41.3146628],[28.5542446,41.3146427],[28.5542446,41.3146286],[28.5542554,41.3145842],[28.5542648,41.3145661],[28.5542768,41.314547],[28.5543144,41.3144885],[28.5543305,41.3144613],[28.5543372,41.3144382],[28.5543358,41.314414],[28.5543506,41.3143989],[28.5543694,41.3143526],[28.5543868,41.3142972],[28.5544056,41.3142528],[28.5544096,41.3142478],[28.5544096,41.3142287],[28.5544109,41.3142176],[28.5544257,41.3141914],[28.5544512,41.3141451],[28.5544579,41.3141148],[28.5544753,41.3140917],[28.554486,41.3140645],[28.554486,41.3140463],[28.5545008,41.3140353],[28.5545155,41.3140111],[28.5545316,41.3139788],[28.5545558,41.3138993],[28.5545678,41.3138711],[28.5545719,41.3138539],[28.5545799,41.3138419],[28.5545947,41.3138177],[28.5546081,41.3138026],[28.5546188,41.3137824],[28.5546376,41.3137492],[28.5546564,41.3137149],[28.5546564,41.3136948],[28.5546657,41.3136827],[28.5546778,41.3136646],[28.5546872,41.3136414],[28.5546979,41.3136253],[28.5547006,41.3136122],[28.5547248,41.3135789],[28.5547408,41.3135336],[28.5547744,41.3134893],[28.5547851,41.3134571],[28.5547931,41.313443],[28.5547958,41.3134127],[28.5548146,41.3133765],[28.5548347,41.3133543],[28.5548589,41.3132566],[28.5548803,41.3131778],[28.5548987,41.3130986],[28.5549219,41.3130541],[28.5549313,41.3130209],[28.5549326,41.3129957],[28.5549527,41.3129675],[28.5549487,41.3129443],[28.5549568,41.3129081],[28.5549648,41.3128476],[28.5549635,41.3128164],[28.5549608,41.3127963],[28.5549688,41.3127751],[28.5549715,41.3127459],[28.5549809,41.3127268],[28.5549916,41.3126774],[28.5549903,41.3126361],[28.5549702,41.3125978],[28.5549702,41.3125938],[28.5549782,41.3125777],[28.5549755,41.3125525],[28.5549809,41.3125213],[28.5549863,41.3124548],[28.554993,41.3124074],[28.5549903,41.3123691],[28.5550037,41.312353],[28.5550144,41.3123409],[28.5550131,41.3123188],[28.5550144,41.3123087],[28.5550225,41.3122996],[28.5550372,41.3122815],[28.5550573,41.3122714],[28.5550573,41.3122382],[28.5550667,41.3122261],[28.5550627,41.3121737],[28.5550734,41.3121576],[28.5550667,41.3121163],[28.5550694,41.3120891],[28.5550748,41.3120236],[28.5550614,41.3119944],[28.5550721,41.3119803],[28.5550788,41.3119461],[28.5550962,41.311931],[28.5550936,41.3119158],[28.5550895,41.3118947],[28.5550801,41.3118423],[28.5550734,41.311793],[28.5550734,41.3117758],[28.5550828,41.3117607],[28.5550761,41.3117275],[28.5550801,41.3117124],[28.5550748,41.3116983],[28.5550466,41.3116821],[28.5550131,41.311669],[28.5549769,41.3116761],[28.5549474,41.3117033],[28.5549219,41.3116892],[28.5549286,41.3116781],[28.5549219,41.3116368],[28.5549112,41.3115784],[28.5548991,41.3115482],[28.5549031,41.3115179],[28.5549018,41.3114897],[28.5548978,41.3114565],[28.5548884,41.3114283],[28.5548857,41.3114102],[28.5548642,41.3113165],[28.5548495,41.3112601],[28.5548522,41.3112288],[28.5548495,41.3112087],[28.5548414,41.3111926],[28.5548414,41.3111654],[28.5548481,41.3111503],[28.5548562,41.3111301],[28.5548481,41.3111059],[28.5548481,41.3110787],[28.5548334,41.3110294],[28.5548159,41.3109861],[28.5548173,41.3109659],[28.5548159,41.3109317],[28.5548159,41.3108672],[28.5548213,41.3108249],[28.5548414,41.3107957],[28.5548307,41.3107544],[28.5548361,41.3107181],[28.5548414,41.310702],[28.5548307,41.3106778],[28.5548347,41.3106647],[28.5548455,41.3106335],[28.5548669,41.3105811],[28.5548763,41.310572],[28.554887,41.3105509],[28.5548817,41.3105267],[28.5548978,41.3105176],[28.5549232,41.3104824],[28.5549152,41.3104693],[28.5549031,41.3104532],[28.5548696,41.3104371],[28.5548133,41.310431],[28.5548039,41.3104159],[28.5548253,41.3103927],[28.5548401,41.3103837],[28.5548709,41.3103786],[28.5548817,41.3103706],[28.5549098,41.3103434],[28.5549608,41.3103454],[28.5549755,41.3103293],[28.5549675,41.3103152],[28.5549742,41.310289],[28.5549688,41.3102406],[28.554938,41.3102175],[28.5549246,41.3102054],[28.5549219,41.3101822],[28.5549112,41.3101681],[28.5549286,41.3101328],[28.5549232,41.3101117],[28.5549192,41.3100996],[28.5549501,41.3100855],[28.5549635,41.3100684],[28.5549179,41.3100512],[28.5548951,41.3100613],[28.5548615,41.3100583],[28.5548495,41.3100402],[28.5548508,41.3100261],[28.5548589,41.3100099],[28.5548897,41.3099817],[28.5549071,41.3099606],[28.5549045,41.3099495],[28.5548803,41.3099434],[28.5548629,41.3099535],[28.5548481,41.3099364],[28.5548589,41.3099233],[28.554875,41.3099112],[28.554887,41.3099011],[28.554883,41.309889],[28.5548682,41.3098729],[28.5548709,41.3098669],[28.554887,41.3098488],[28.5548937,41.3098286],[28.5548857,41.3098175],[28.5548817,41.3098034],[28.5548884,41.3097964],[28.5549192,41.3097712],[28.5549447,41.3097541],[28.5549648,41.309747],[28.5549675,41.3097238],[28.5549688,41.3096936],[28.5549648,41.3096795],[28.5549474,41.3096513],[28.5549487,41.3096453],[28.5549581,41.3096171],[28.5549434,41.309605],[28.5549407,41.3095717],[28.5549393,41.3095617],[28.5549206,41.3095455],[28.5549085,41.3095234],[28.5548964,41.3095042],[28.554887,41.3094881],[28.5548629,41.3094821],[28.5548307,41.3094881],[28.55482,41.3095052],[28.5548039,41.3095254],[28.5547703,41.3095345],[28.5547703,41.3095677],[28.5547771,41.3095838],[28.554765,41.3095989],[28.5547301,41.3096241],[28.5547207,41.309608],[28.5547221,41.3095878],[28.5547234,41.3095707],[28.5547274,41.3095486],[28.5547274,41.3095062],[28.5547315,41.3094942],[28.5547435,41.3094649],[28.5547449,41.3094518],[28.5547677,41.3094055],[28.5547757,41.3093642],[28.5547838,41.3093521],[28.5547811,41.3093279],[28.5547864,41.3093138],[28.5547905,41.3092997],[28.5548173,41.3092504],[28.5548213,41.3092101],[28.5548267,41.309203],[28.5548267,41.3091658],[28.5548334,41.3091516],[28.5548428,41.3091396],[28.5548656,41.3091023],[28.5548817,41.309063],[28.554883,41.3090479],[28.554891,41.3090308],[28.5549045,41.3089995],[28.5549018,41.3089733],[28.5549206,41.308932],[28.5549326,41.3089069],[28.5549541,41.3088605],[28.5549729,41.3088081],[28.5549782,41.308794],[28.5550024,41.3087517],[28.5550506,41.3086913],[28.555048,41.3086721],[28.555048,41.308654],[28.5550627,41.3086379],[28.5550882,41.3085936],[28.5551056,41.3085744],[28.5551204,41.3085523],[28.5551539,41.308524],[28.5551646,41.3085059],[28.5552022,41.3084515],[28.5552491,41.308387],[28.5552599,41.3083689],[28.5553014,41.3083498],[28.5553336,41.3083286],[28.5553832,41.3083236],[28.5554449,41.3083135],[28.5554986,41.3082843],[28.555516,41.308251],[28.5555562,41.30824],[28.555638,41.3082339],[28.5556957,41.3082218],[28.5557131,41.3082077],[28.5557574,41.3082128],[28.5557722,41.3081987],[28.555795,41.3081765],[28.5558352,41.3081594],[28.5558633,41.3081654],[28.5558794,41.3081966],[28.5559157,41.3081926],[28.5559519,41.3081795],[28.5560001,41.3081533],[28.5560216,41.3081201],[28.5560296,41.3080989],[28.5560444,41.3080828],[28.5560726,41.3080657],[28.5561155,41.3080758],[28.5561436,41.3080818],[28.5561973,41.3080768],[28.5562536,41.3080778],[28.5562965,41.3080878],[28.5563153,41.3080737],[28.5563153,41.3080496],[28.5563046,41.3080314],[28.5563113,41.3080083],[28.5563126,41.3079881],[28.5563099,41.3079569],[28.5562952,41.3079206],[28.5563166,41.3078974],[28.5563368,41.3078823],[28.5563314,41.3078622],[28.5563153,41.307835],[28.5562938,41.3078269],[28.5562697,41.3077846],[28.5562496,41.3077564],[28.556263,41.3077473],[28.5562657,41.3077161],[28.5562751,41.307702],[28.5562965,41.3076919],[28.5562831,41.3076597],[28.5563233,41.3076688],[28.5563408,41.3076919],[28.5563529,41.3077151],[28.5563837,41.3077353],[28.5564132,41.3077725],[28.5564682,41.3078017],[28.5565312,41.3078541],[28.5565513,41.3078833],[28.5565822,41.3078995],[28.5565996,41.3079186],[28.5566184,41.3079387],[28.5566439,41.3079972],[28.5566533,41.3080274],[28.5567029,41.3080657],[28.5567404,41.3080758],[28.556782,41.3080737],[28.556833,41.3080737],[28.5568893,41.3080768],[28.5569121,41.3080878],[28.556955,41.3080899],[28.5569926,41.308114],[28.5570046,41.3080979],[28.5569926,41.3080758],[28.5570113,41.3080042],[28.557018,41.3079821],[28.5570556,41.3079629],[28.557073,41.3079367],[28.5570663,41.3078874],[28.5570569,41.3078622],[28.5570623,41.3078299],[28.5570341,41.3077685],[28.5570489,41.3077574],[28.5571133,41.3077584],[28.5571387,41.3077695],[28.557187,41.3077614],[28.5572273,41.3077655],[28.5572836,41.3077745],[28.5573332,41.3077776],[28.5573868,41.3078058],[28.5573868,41.307839],[28.5574083,41.3078561],[28.5574365,41.3078561],[28.5574593,41.3078662],[28.557521,41.3078924],[28.5575961,41.3079257],[28.5576457,41.307974],[28.5576671,41.3080002],[28.5577074,41.3080042],[28.5577342,41.3080083],[28.5577583,41.3080042],[28.5577892,41.3079911],[28.5577905,41.3079659],[28.5577905,41.3079448],[28.5578187,41.3079136],[28.5578442,41.3079015],[28.5578656,41.3079357],[28.5578482,41.3079811],[28.5578696,41.3080143],[28.5578763,41.3080355],[28.557867,41.3080566],[28.5578817,41.3080778],[28.5578844,41.3080919],[28.5578978,41.308114],[28.5579059,41.3081453],[28.5579005,41.3082057],[28.5579273,41.3082631],[28.5579514,41.3082813],[28.5579702,41.3083155],[28.557989,41.308384],[28.558048,41.3084626],[28.5580695,41.3084928],[28.558099,41.3085069],[28.5581472,41.308517],[28.5581741,41.3085492],[28.5582143,41.3086036],[28.5582438,41.3086238],[28.5582519,41.308652],[28.5582814,41.3086762],[28.5583404,41.3087003],[28.5583618,41.3087386],[28.5584369,41.3088152],[28.5584933,41.3088797],[28.5585201,41.3089099],[28.5585684,41.3090005],[28.5585657,41.3090328],[28.5585791,41.3090751],[28.558571,41.3091114],[28.5585844,41.3091396],[28.5585898,41.3092101],[28.55863,41.3092625],[28.558622,41.3093169],[28.5586274,41.3093451],[28.5586274,41.3093833],[28.5586113,41.3094216],[28.5586113,41.3094458],[28.5586354,41.3094901],[28.5586676,41.3095526],[28.5586783,41.3096916],[28.5586649,41.3097299],[28.5586596,41.3097682],[28.5586596,41.3097944],[28.5586649,41.3098286],[28.5586596,41.309877],[28.5586515,41.3099999],[28.5586488,41.3100442],[28.5586569,41.3100724],[28.5586596,41.3101087],[28.5586783,41.3101308],[28.5586756,41.3101711],[28.5586864,41.3102436],[28.5586515,41.310286],[28.5586596,41.3103101],[28.5586461,41.3103424],[28.5586515,41.3103746],[28.5586542,41.3104109],[28.5586569,41.3104612],[28.5586542,41.3105096],[28.558673,41.3105378],[28.5586596,41.310566],[28.5586649,41.3106204],[28.5586515,41.3106607],[28.5586649,41.310703],[28.5586703,41.3107111],[28.558681,41.3107594],[28.5586864,41.3108017],[28.5586837,41.3108481],[28.5587239,41.3108743],[28.5587186,41.3108904],[28.5587212,41.3109387],[28.5587454,41.3109971],[28.5587668,41.3110133],[28.5587722,41.3110435],[28.5587561,41.3110777],[28.5587695,41.311114],[28.5587615,41.3111583],[28.558799,41.3111885],[28.5588205,41.311247],[28.5588312,41.3112752],[28.5588607,41.3112953],[28.5588983,41.3113235],[28.5589251,41.3113679],[28.558968,41.3114625],[28.5590109,41.3114787],[28.5590619,41.3114827],[28.5590941,41.311521],[28.5591236,41.3115572],[28.5590833,41.3116116],[28.5590726,41.3116338],[28.5591263,41.3116842],[28.5591665,41.3117003],[28.5592228,41.3117506],[28.5592309,41.3118131],[28.5591853,41.3118332],[28.5591558,41.3118534],[28.5591611,41.3118876],[28.559196,41.3119239],[28.5592443,41.3119763],[28.5592899,41.3119964],[28.5593489,41.3119924],[28.5593837,41.3120025],[28.5594267,41.3120347],[28.5594991,41.3121173],[28.5595474,41.3121596],[28.5595822,41.3121818],[28.5596064,41.312208],[28.5596386,41.3122483],[28.5597217,41.3123047],[28.5597968,41.312351],[28.5598397,41.3123792],[28.5598987,41.3124094],[28.559947,41.3124215],[28.5600382,41.3124638],[28.5600784,41.312482],[28.5600972,41.312484],[28.5601482,41.3125122],[28.5602367,41.3125404],[28.5603467,41.3125686],[28.5603869,41.3125908],[28.5604781,41.312617],[28.5605773,41.3126452],[28.5606229,41.3126552],[28.5606819,41.3126754],[28.5607195,41.3126855],[28.560871,41.3127227],[28.5609274,41.3127368],[28.5609589,41.3127403],[28.5610132,41.3127605],[28.5610407,41.312762],[28.5610574,41.3127635],[28.5610963,41.3127691],[28.5611305,41.3127791],[28.5611788,41.3127917],[28.561276,41.3128043],[28.5613203,41.3128164],[28.5613625,41.312824],[28.5614256,41.3128325],[28.561443,41.312836],[28.5614946,41.3128431],[28.5615838,41.3128592],[28.5616314,41.3128663],[28.5616817,41.3128703],[28.5617776,41.3128708],[28.5618179,41.3128728],[28.5618474,41.3128728],[28.5618795,41.3128708],[28.5619077,41.3128678],[28.5619707,41.3128658],[28.5620847,41.3128607],[28.5621357,41.3128577],[28.5621853,41.3128496],[28.5621987,41.3128486],[28.5622631,41.3128365],[28.562353,41.3128305],[28.5624012,41.3128214],[28.5624696,41.3128094],[28.5625179,41.3127973],[28.5626359,41.3127761],[28.5627083,41.3127701],[28.5627513,41.312762],[28.5628103,41.3127529],[28.5628934,41.3127398],[28.5629337,41.3127268],[28.5629672,41.3127187],[28.5630074,41.3127046],[28.5630651,41.3126764],[28.5631442,41.3126411],[28.5631871,41.3126341],[28.5632649,41.3125978],[28.5632837,41.3125877],[28.5633306,41.3125716],[28.5633776,41.3125485],[28.5634111,41.3125344],[28.5634513,41.3125061],[28.5635573,41.3124487],[28.5635854,41.3124155],[28.5636002,41.3124024],[28.563635,41.3123843],[28.56369,41.3123601],[28.5637356,41.3123268],[28.5637531,41.3123168],[28.5638161,41.3123097],[28.563859,41.3122876],[28.5640803,41.3122392],[28.5642023,41.312216],[28.5642774,41.3122039],[28.5643002,41.3121969],[28.5643485,41.3121737],[28.5644008,41.3121556],[28.5644491,41.3121445],[28.5645229,41.3121334],[28.5645537,41.3121244],[28.564598,41.3121052],[28.5647616,41.3120508],[28.5647964,41.3120468],[28.5648487,41.3120236],[28.5649386,41.3119854],[28.5649668,41.3119672],[28.5650124,41.3119481],[28.5651022,41.3119118],[28.5651505,41.3119017],[28.5651854,41.3118796],[28.5652444,41.3118544],[28.5653114,41.3118121],[28.5653383,41.311803],[28.5653678,41.3117859],[28.5654522,41.3117496],[28.5654764,41.3117355],[28.5655005,41.3117224],[28.56553,41.3117124],[28.5655595,41.3116932],[28.5655931,41.3116832],[28.5656715,41.3116418],[28.5657584,41.3115992],[28.5658491,41.3115612],[28.5659525,41.3115169],[28.5660008,41.3115059],[28.5660557,41.3114948],[28.5661416,41.3114787],[28.5662073,41.3114716],[28.5662381,41.3114615],[28.5662717,41.3114414],[28.5663253,41.3114182],[28.5663347,41.3114071],[28.5663843,41.3113981],[28.5664138,41.311382],[28.566438,41.3113648],[28.5665023,41.3113709],[28.5665654,41.3113709],[28.5666284,41.3113487],[28.5666606,41.3113467],[28.5666834,41.3113467],[28.5667437,41.3113235],[28.566784,41.3113024],[28.5668188,41.3112943],[28.5668483,41.3112732],[28.5668859,41.311251],[28.56702,41.3111976],[28.5670723,41.3111674],[28.5671045,41.3111493],[28.5671367,41.3111402],[28.567189,41.3111281],[28.5672306,41.31111],[28.5673057,41.3111019],[28.5673271,41.3110868],[28.5673834,41.3110656],[28.5675175,41.3109951],[28.56759,41.3109438],[28.5676101,41.3109317],[28.5676624,41.3109105],[28.5676892,41.3108884],[28.5677442,41.3108692],[28.5677885,41.3108511],[28.5678568,41.3108259],[28.5678676,41.3108118],[28.5678864,41.3108078],[28.5679333,41.3107876],[28.5679655,41.3107483],[28.5679923,41.3107121],[28.5680097,41.3106889],[28.5680366,41.3106728],[28.5680594,41.3106476],[28.5680942,41.3106305],[28.5681868,41.3105751],[28.5682082,41.3105569],[28.568286,41.3105005],[28.5683075,41.3104703],[28.5683464,41.3104542],[28.5684282,41.3103947],[28.5684563,41.3103635],[28.5685301,41.3103303],[28.5685582,41.310299],[28.5686266,41.3102618],[28.5686548,41.3102487],[28.5686722,41.3102255],[28.5687956,41.3101701],[28.5688372,41.3101399],[28.5688922,41.3101147],[28.5689123,41.3100935],[28.5689458,41.3100774],[28.5690249,41.3100019],[28.5690866,41.3099515],[28.5691282,41.3098951],[28.5691416,41.3098709],[28.5691644,41.3098588],[28.5692047,41.3098377],[28.5692315,41.3098014],[28.5692637,41.3097661],[28.5692878,41.3097601],[28.5693066,41.3097621],[28.5693522,41.3097672],[28.5693696,41.3097561],[28.56943,41.3097097],[28.5694528,41.3096956],[28.5695171,41.3096946],[28.569556,41.3096866],[28.5695828,41.3096715],[28.5696325,41.3096604],[28.5696539,41.3096443],[28.5697129,41.3096372],[28.5697639,41.3096191],[28.5697894,41.309615],[28.5698216,41.3096019],[28.5698658,41.3095969],[28.5699101,41.3095818],[28.5699342,41.3095667],[28.5699624,41.3095445],[28.5699651,41.3095133],[28.5700066,41.3094619],[28.5700348,41.3094206],[28.5700589,41.3093964],[28.5700616,41.3093813],[28.5700858,41.3093662],[28.5700992,41.3093451],[28.5700925,41.3093088],[28.570071,41.3092866],[28.5700656,41.3092604],[28.5701086,41.3092222],[28.5701045,41.309204],[28.5701153,41.3091869],[28.5701649,41.3091516],[28.5702078,41.3091285],[28.570236,41.3091295],[28.5702641,41.3091194],[28.5702668,41.3090983],[28.5702708,41.3090781],[28.5703017,41.309063],[28.5703433,41.3090429],[28.570358,41.3090187],[28.57035,41.3089985],[28.5703808,41.3089663],[28.570413,41.3089522],[28.5704479,41.3089451],[28.5704747,41.308924],[28.5705645,41.3089099],[28.5706222,41.3088857],[28.5706651,41.3088676],[28.5706812,41.3088545],[28.5707147,41.3088363],[28.5707268,41.3088142],[28.5707617,41.3087789],[28.5707791,41.3087628],[28.5707979,41.3087326],[28.5708126,41.3086832],[28.5708247,41.3086701],[28.5708368,41.30865],[28.5708623,41.3086328],[28.5708851,41.3086268],[28.5709494,41.3085855],[28.5709991,41.3085432],[28.5710299,41.308512],[28.5710514,41.3084827],[28.5710688,41.3084747],[28.5710822,41.3084384],[28.571054,41.3084283],[28.5710433,41.3084062],[28.5710661,41.308387],[28.5710943,41.3083508],[28.571101,41.3083246],[28.571097,41.3082954],[28.5710929,41.3082682],[28.5710943,41.3082349],[28.571113,41.3081906],[28.5711251,41.3081664],[28.5711372,41.3081473],[28.5711399,41.3081161],[28.5711372,41.3080868],[28.571164,41.3080244],[28.5711627,41.307971],[28.571168,41.3079478],[28.5711654,41.3079287],[28.5711962,41.3078823],[28.5712297,41.3078209],[28.5712498,41.3077897],[28.5712525,41.3077524],[28.5712378,41.3077363],[28.571215,41.3077292],[28.5711774,41.3077342],[28.5711519,41.3077574],[28.5711345,41.3077725],[28.5711251,41.3078007],[28.5710755,41.307838],[28.5710393,41.3078682],[28.5710044,41.3078662],[28.5709642,41.3078481],[28.5709494,41.3078179],[28.570936,41.3077957],[28.5709119,41.3077494],[28.5708971,41.3077111],[28.5708797,41.3076768],[28.5708891,41.3076516],[28.5709132,41.3076113],[28.5708998,41.3075751],[28.5709079,41.3075418],[28.5708918,41.3075166],[28.570869,41.3075015],[28.5708556,41.3074834],[28.5708623,41.3074562],[28.5708542,41.3074471],[28.5708368,41.307423],[28.5708314,41.3073958],[28.5708475,41.3073847],[28.5708851,41.3073817],[28.5709079,41.3073625],[28.5709374,41.3073212],[28.5709508,41.3073001],[28.5709642,41.3072809],[28.5709454,41.3072638],[28.5709253,41.3072416],[28.5709226,41.3071862],[28.570928,41.3071671],[28.5708985,41.307152],[28.5708743,41.3071298],[28.5708797,41.3071147],[28.5709146,41.3070986],[28.5709253,41.3070744],[28.5709307,41.3070089],[28.5709226,41.3069817],[28.5709119,41.3069726],[28.5709025,41.3069384],[28.5708944,41.3068991],[28.5708904,41.3068699],[28.5709146,41.3068407],[28.5709427,41.3068004],[28.5709615,41.3067843],[28.5709803,41.306754],[28.5710138,41.3066986],[28.5710326,41.3066614],[28.5710353,41.3066422],[28.5710447,41.306618],[28.5710286,41.3065969],[28.5710058,41.3065798],[28.5709923,41.3065515],[28.5709937,41.3065264],[28.5710138,41.3065102],[28.5710272,41.30648],[28.5710795,41.3064246],[28.5710929,41.3063994],[28.571097,41.3063601],[28.5711278,41.306339],[28.5711721,41.3062745],[28.5712109,41.3062413],[28.5712177,41.3062191],[28.5712686,41.3061445],[28.5712713,41.3060861],[28.5712847,41.3060639],[28.5713062,41.3060156],[28.5713504,41.3059038],[28.5713612,41.3058766],[28.5713772,41.3058615],[28.5713947,41.3057768],[28.5714121,41.3057325],[28.5714188,41.3057154],[28.5714456,41.3056862],[28.5714859,41.3056297],[28.5714778,41.3056046],[28.5714886,41.3055361],[28.571514,41.3055169],[28.5715422,41.3055048],[28.571569,41.3054283],[28.5715811,41.305394],[28.5715891,41.3053799],[28.5716133,41.3053577],[28.5716321,41.3053013],[28.5716414,41.305261],[28.5716481,41.3052318],[28.571683,41.3051714],[28.5716897,41.3051371],[28.5717031,41.3051139],[28.5717072,41.3050948],[28.571742,41.3050485],[28.5717581,41.304993],[28.5717528,41.3049527],[28.5717581,41.3049225],[28.571742,41.3049014],[28.5717447,41.3048298],[28.5717568,41.3048057],[28.5717434,41.3047855],[28.5717112,41.3047855],[28.5716911,41.3048097],[28.5716589,41.3048198],[28.5716414,41.3048057],[28.5716186,41.3047885],[28.571628,41.3047664],[28.5716763,41.3047623],[28.5716964,41.3047553],[28.5716991,41.304722],[28.5717098,41.3047089],[28.5717179,41.3046838],[28.5716991,41.3046646],[28.5716696,41.3046243],[28.5716508,41.3046001],[28.5716361,41.3045941],[28.5716133,41.304579],[28.5716146,41.3045548],[28.5716414,41.3045095],[28.5716602,41.3044813],[28.5716495,41.3044692],[28.5716213,41.3044551],[28.5716227,41.3044339],[28.5716401,41.3043986],[28.5716414,41.3043664],[28.5716374,41.3043311],[28.5716414,41.3042999],[28.5716388,41.3042485],[28.5716522,41.3042183],[28.5716723,41.3042062],[28.5716844,41.3041911],[28.5716964,41.3041649],[28.5717045,41.3041307],[28.5717233,41.3040511],[28.5717125,41.3040017],[28.5716884,41.3039926],[28.5716683,41.3039866],[28.5716575,41.3039544],[28.5716589,41.3038667],[28.5716481,41.3038173],[28.5716361,41.3037911],[28.5716388,41.303769],[28.5716683,41.3037539],[28.5716844,41.3037236],[28.5716803,41.3037005],[28.571679,41.3036864],[28.5716723,41.3036592],[28.5716589,41.3036118],[28.5716254,41.3035483],[28.5716146,41.3035171],[28.57162,41.3034889],[28.5715999,41.3034567],[28.5715878,41.3034103],[28.571557,41.3033791],[28.5715382,41.303364],[28.571514,41.3033559],[28.5714886,41.3033338],[28.5714912,41.3033106],[28.5715114,41.3033005],[28.5715234,41.3032904],[28.5715288,41.3032632],[28.5715355,41.303238],[28.5715355,41.3032189],[28.5715543,41.3031917],[28.5715596,41.3031433],[28.5715529,41.3031101],[28.5715409,41.303096],[28.571514,41.3030889],[28.5714832,41.3030869],[28.5714658,41.3030658],[28.5714912,41.3030476],[28.571502,41.3030275],[28.571506,41.3030003],[28.5714939,41.3029781],[28.5714805,41.302956],[28.5714282,41.3028874],[28.571388,41.302829],[28.5713692,41.3028149],[28.5713384,41.3027605],[28.5713276,41.3027232],[28.5713209,41.302699],[28.5712941,41.3026628],[28.5712525,41.3026074],[28.571223,41.302555],[28.5711747,41.3024784],[28.571156,41.3024462],[28.57116,41.3024149],[28.5711573,41.3023887],[28.5711466,41.3023686],[28.5711224,41.3023484],[28.5710768,41.3022789],[28.5710634,41.3022729],[28.5710621,41.3022467],[28.5710849,41.3022346],[28.571109,41.3022306],[28.5711332,41.3021872],[28.5711372,41.302155],[28.5711426,41.3021157],[28.5711157,41.3020694],[28.5710996,41.3020442],[28.5710902,41.3020271],[28.571097,41.3020009],[28.5710728,41.3019696],[28.5710701,41.3019303],[28.57105,41.3019001],[28.5710406,41.301881],[28.5710192,41.3018608],[28.5710192,41.3018316],[28.5710178,41.3018074],[28.5710299,41.3017883],[28.5710138,41.3017208],[28.5709763,41.3016664],[28.5709602,41.3016442],[28.5709561,41.301622],[28.5709669,41.3016069],[28.5709696,41.3015666],[28.570991,41.3015304],[28.5710044,41.3015011],[28.5709776,41.301485],[28.5709494,41.3014689],[28.5709374,41.3014397],[28.5709025,41.3014014],[28.5708663,41.3013661],[28.5708489,41.3013712],[28.5708126,41.301351],[28.5707925,41.3013137],[28.5707858,41.3012714],[28.5707818,41.3012442],[28.5707764,41.3012211],[28.5707563,41.3011203],[28.570751,41.301077],[28.5707469,41.3010629],[28.5707214,41.3010417],[28.5706718,41.3010407],[28.5706504,41.3010709],[28.570641,41.3010911],[28.5706168,41.3010871],[28.5706088,41.3010629],[28.5705833,41.3010135],[28.5705699,41.3009722],[28.5705779,41.300945],[28.5705793,41.3009238],[28.5705632,41.3009128],[28.5705431,41.3009087],[28.5705578,41.3008795],[28.5705726,41.3008513],[28.570586,41.300812],[28.5705833,41.3007727],[28.5705619,41.300677],[28.5705565,41.3006538],[28.5705619,41.3006226],[28.5705431,41.3005974],[28.5705324,41.3005501],[28.5705096,41.3005128],[28.5704868,41.3004705],[28.5704559,41.3004473],[28.5704519,41.3003979],[28.5704452,41.3003606],[28.5704264,41.3003496],[28.5704023,41.3003153],[28.5703835,41.3002649],[28.5703808,41.3002337],[28.5703647,41.3002095],[28.5703674,41.3001763],[28.5703419,41.3001551],[28.5703084,41.3001198],[28.5702816,41.3000926],[28.5702467,41.3000594],[28.5702427,41.3000241],[28.5702306,41.2999989],[28.5702118,41.2999707],[28.5701944,41.2999637],[28.5701729,41.2999314],[28.570177,41.2998942],[28.5701716,41.2998518],[28.5701703,41.2998307],[28.5701528,41.2998065],[28.5701394,41.2997652],[28.5701059,41.299746],[28.5700911,41.2997229],[28.5700898,41.2997047],[28.5701019,41.2996785],[28.5700884,41.299607],[28.570075,41.2995335],[28.5700764,41.2995113],[28.5700576,41.2994851],[28.5700428,41.299472],[28.5700241,41.2994448],[28.5700308,41.2994176],[28.5700241,41.2993682],[28.5699905,41.2992937],[28.5699798,41.2992775],[28.5699597,41.2992262],[28.5699597,41.2991798],[28.5699503,41.2991325],[28.569961,41.2991053],[28.569949,41.2990347],[28.5699342,41.2989924],[28.5699409,41.2989602],[28.5699235,41.2989179],[28.5699195,41.2988685],[28.5699141,41.2987919],[28.5699047,41.2987677],[28.569898,41.2987506],[28.5698766,41.2986871],[28.5698591,41.298665],[28.5698296,41.2985975],[28.5698162,41.2985652],[28.5697907,41.298542],[28.5697974,41.2985199],[28.5697746,41.2984967],[28.5697693,41.2984645],[28.5697398,41.2983637],[28.5697277,41.2983073],[28.5697263,41.29827],[28.5697156,41.2982488],[28.5697384,41.2981924],[28.5697478,41.2981461],[28.5697572,41.2981229],[28.5697505,41.2980776],[28.5697424,41.2980352],[28.5697237,41.2980151],[28.5697049,41.2979849],[28.5696794,41.2979738],[28.5696714,41.2979506],[28.5696459,41.2978801],[28.5696432,41.2978509],[28.5696419,41.2978257],[28.5696606,41.2978005],[28.5696553,41.2977642],[28.569674,41.2976917],[28.5696834,41.2976564],[28.5696955,41.2976211],[28.5697009,41.2975919],[28.5697009,41.2975234],[28.5696861,41.2974942],[28.5696955,41.297466],[28.5696861,41.2974408],[28.5697049,41.2974005],[28.569725,41.297336],[28.569725,41.2973138],[28.5697331,41.2972675],[28.5697331,41.2972131],[28.5697679,41.2971677],[28.5697813,41.2971375],[28.5697679,41.2971143],[28.569776,41.2970962],[28.5697679,41.297067],[28.5697827,41.2970146],[28.5697947,41.2969823],[28.569784,41.2969541],[28.5697693,41.2969088],[28.5697773,41.2968705],[28.5697988,41.2968332],[28.5698149,41.2967849],[28.5698444,41.2967415],[28.5698417,41.2967133],[28.5698336,41.2966891],[28.5698175,41.2966801],[28.5698001,41.2966629],[28.5698068,41.2966367],[28.5698068,41.2966206],[28.5698256,41.2966045],[28.5698578,41.2965934],[28.5698819,41.2965874],[28.5698752,41.2965582],[28.5699141,41.2965229],[28.5699382,41.2965078],[28.5699637,41.2964796],[28.5699919,41.2964443],[28.5700174,41.2964161],[28.57002,41.296403],[28.5700509,41.2963808],[28.5700469,41.2963587],[28.5700952,41.2963143],[28.5701461,41.2962609],[28.5701555,41.2962448],[28.5702132,41.2962388],[28.5702708,41.2962337],[28.5702829,41.2962136],[28.5703164,41.2962015],[28.5703674,41.2961823],[28.5703835,41.2961723],[28.5703821,41.2961481],[28.5704197,41.2961199],[28.570472,41.2960906],[28.5705189,41.2960816],[28.5705364,41.2960796],[28.5705605,41.2960775],[28.5705994,41.2960584],[28.5706598,41.2960352],[28.5706799,41.2960211],[28.5706946,41.2959889],[28.5706705,41.2959758],[28.5706463,41.2959435],[28.5706517,41.2959052],[28.5706329,41.295877],[28.5706557,41.2958589],[28.5706557,41.2958347],[28.5706276,41.2958377],[28.5706128,41.2958408],[28.5706075,41.2958166],[28.5706329,41.2957944],[28.5706209,41.2957813],[28.5706249,41.295744],[28.5706329,41.2956846],[28.5706383,41.2956443],[28.5706584,41.295611],[28.570641,41.2955909],[28.5706249,41.2955748],[28.5706343,41.2955274],[28.5706557,41.2954952],[28.5706463,41.295479],[28.5706504,41.2954559],[28.5707027,41.2954428],[28.5707228,41.2954357],[28.5707429,41.2954196],[28.5707268,41.2954035],[28.5707228,41.2953763],[28.5707389,41.2953652],[28.5707697,41.295337],[28.5707536,41.2953249],[28.5707214,41.2952987],[28.5707107,41.2952745],[28.5707268,41.2952624],[28.5707831,41.2952523],[28.5708073,41.2952422],[28.5708328,41.2952382],[28.570873,41.295215],[28.5708556,41.295204],[28.5708126,41.2951747],[28.5708314,41.2951566],[28.5709012,41.2951586],[28.5709481,41.2951385],[28.5709441,41.2951042],[28.570983,41.2950689],[28.570995,41.2950548],[28.5710259,41.2950407],[28.5711037,41.2950216],[28.5711278,41.2949893],[28.5711533,41.2949752],[28.5711734,41.2949521],[28.5712002,41.2949107],[28.5712539,41.2948714],[28.57127,41.2948513],[28.5713102,41.2948362],[28.5713571,41.2948221],[28.5713772,41.2947858],[28.5714135,41.2947586],[28.5714711,41.2947294],[28.5715355,41.2947102],[28.5715583,41.2946901],[28.5715623,41.2946518],[28.5715824,41.2946246],[28.5716026,41.2945954],[28.5716106,41.2945772],[28.57162,41.2945641],[28.5716763,41.294548],[28.5717367,41.2945178],[28.5717635,41.2945127],[28.5717903,41.2945117],[28.5718547,41.2945228],[28.5718855,41.294543],[28.5719137,41.294543],[28.5719325,41.2945319],[28.5719459,41.2945127],[28.5719727,41.2944966],[28.5720183,41.2944775],[28.5719553,41.2945581],[28.5719526,41.2945843],[28.5719419,41.2946296],[28.5719687,41.2946558],[28.5719687,41.2946891],[28.5719714,41.2947052],[28.5719821,41.2947153],[28.5720344,41.2947364],[28.5720532,41.2947395],[28.5721108,41.2948029],[28.5721645,41.2948473],[28.5721926,41.2948604],[28.5722302,41.2948684],[28.5722798,41.2949017],[28.572316,41.2949047],[28.5723509,41.2949218],[28.5723992,41.2949148],[28.572422,41.2949027],[28.5724448,41.2948775],[28.5724823,41.2948654],[28.5725118,41.2948412],[28.5725199,41.2948271],[28.572536,41.2948201],[28.5725802,41.2948221],[28.5725923,41.294813],[28.5726339,41.2947918],[28.5726553,41.2947888],[28.5727653,41.2947888],[28.572831,41.2947808],[28.5728525,41.2947737],[28.5728645,41.2947727],[28.5728846,41.2947939],[28.5729262,41.2947949],[28.5729396,41.29481],[28.5729732,41.2948281],[28.572996,41.2948956],[28.5730107,41.2949259],[28.5730442,41.2949329],[28.573063,41.294945],[28.573059,41.2949652],[28.5730818,41.2949924],[28.573118,41.2950337],[28.5731328,41.295083],[28.5731314,41.2951042],[28.573118,41.2951274],[28.5731502,41.2951596],[28.5731864,41.2951858],[28.5731891,41.2952261],[28.5732092,41.2952503],[28.5732038,41.2952805],[28.5732347,41.2953067],[28.5732964,41.2953279],[28.573346,41.295339],[28.5733567,41.2953611],[28.5733393,41.2954105],[28.5733634,41.2954307],[28.5734117,41.2954599],[28.5734439,41.295474],[28.5734734,41.2954619],[28.5735056,41.2954639],[28.5735324,41.295478],[28.573519,41.2955546],[28.5735244,41.295613],[28.5735726,41.2956654],[28.5736182,41.2957198],[28.5736303,41.295742],[28.573633,41.2957672],[28.5736477,41.2957934],[28.5736571,41.2958277],[28.5736625,41.2958649],[28.5736625,41.2958942],[28.5736611,41.2959032],[28.5736839,41.2959365],[28.5737269,41.2959657],[28.5737416,41.2959768],[28.5737202,41.2960161],[28.573743,41.2960846],[28.573759,41.2961682],[28.5737631,41.2961934],[28.5737818,41.2962176],[28.5737872,41.2962569],[28.5737872,41.2962901],[28.5738046,41.2963123],[28.573802,41.2963435],[28.5737912,41.2963718],[28.5738087,41.2964322],[28.5737979,41.2964947],[28.5738033,41.296534],[28.5737899,41.2965491],[28.5737778,41.2965954],[28.5737711,41.2966579],[28.573802,41.2967012],[28.5738248,41.2967274],[28.5738315,41.2967466],[28.5738207,41.296803],[28.5738248,41.2968221],[28.5738046,41.2968745],[28.5737711,41.296933],[28.5737228,41.2969874],[28.5737148,41.2970418],[28.5737362,41.2970881],[28.573747,41.2971184],[28.5737202,41.2971748],[28.5736907,41.2972715],[28.5737014,41.2973239],[28.573696,41.2973844],[28.5737202,41.2974247],[28.573755,41.2974891],[28.5737979,41.2975859],[28.5738596,41.2976121],[28.573916,41.2976423],[28.5739481,41.2976766],[28.5740662,41.2977733],[28.5741466,41.2978418],[28.5741922,41.2978781],[28.574262,41.2979365],[28.5742941,41.2979889],[28.5743692,41.2980755],[28.57438,41.2981098],[28.5744041,41.2981511],[28.5744122,41.2981783],[28.5744041,41.2982247],[28.574392,41.2982881],[28.5744256,41.2983395],[28.5744283,41.2983738],[28.5744229,41.2984242],[28.5744444,41.2985229],[28.5744846,41.2985491],[28.5745034,41.2985954],[28.5745248,41.2986005],[28.5745382,41.2986247],[28.5745624,41.2986458],[28.5745704,41.298675],[28.5746093,41.2987385],[28.5746415,41.2987506],[28.5746589,41.2987526],[28.5746656,41.2987748],[28.574671,41.2988141],[28.5746683,41.2988231],[28.5746777,41.2988342],[28.574679,41.2988544],[28.5746737,41.2988816],[28.5746857,41.298934],[28.5747394,41.2990105],[28.5747944,41.2990458],[28.5748319,41.2990861],[28.5748547,41.2991294],[28.5748534,41.2991506],[28.5748762,41.2991859],[28.5748896,41.2992493],[28.5749365,41.2992796],[28.574966,41.2993027],[28.5749929,41.2993511],[28.5750197,41.2993864],[28.5750385,41.2994196],[28.5750787,41.2994972],[28.5750934,41.2995163],[28.5751203,41.2995425],[28.5751444,41.2995556],[28.5751632,41.2995738],[28.5751793,41.2995989],[28.5751793,41.299609],[28.5752101,41.2996221],[28.5752289,41.2996141],[28.5752732,41.299608],[28.575308,41.2996191],[28.5753389,41.2996433],[28.5753643,41.2996544],[28.5754462,41.2997037],[28.5754582,41.2997199],[28.5754716,41.299743],[28.5754958,41.2997561],[28.5754958,41.2997612],[28.5755347,41.2997864],[28.5755494,41.2997833],[28.5755669,41.2998015],[28.5755682,41.2998327],[28.575587,41.2998649],[28.5756326,41.2999183],[28.5756433,41.2999607],[28.5756674,41.2999768],[28.5757104,41.300003],[28.5757479,41.3000382],[28.5757466,41.3000483],[28.5757707,41.3000705],[28.575815,41.3001108],[28.5758445,41.3001339],[28.5758673,41.3001491],[28.5758968,41.3001511],[28.5759343,41.3001813],[28.5759531,41.3002065],[28.5759826,41.3002246],[28.576,41.3002145],[28.5760228,41.3002216],[28.5760269,41.3002478],[28.5760818,41.300281],[28.5760926,41.3002851],[28.5761113,41.3003042],[28.5761797,41.3003405],[28.5761972,41.3003475],[28.5761972,41.3003566],[28.5762039,41.3003788],[28.5762522,41.300415],[28.5763621,41.3004392],[28.5764574,41.3004725],[28.5765097,41.3005027],[28.5765861,41.300546],[28.5766062,41.3005662],[28.5766558,41.3005944],[28.576684,41.3006115],[28.5767497,41.3006599],[28.5769147,41.3007657],[28.5769603,41.3007858],[28.5769884,41.3007979],[28.5770568,41.3008241],[28.5771024,41.3008483],[28.5772499,41.3009279],[28.5774565,41.3010387],[28.5775168,41.3010619],[28.5775597,41.301085],[28.5776214,41.3011132],[28.5776442,41.3011263],[28.5777676,41.3011757],[28.577946,41.3012251],[28.5780103,41.3012372],[28.5780466,41.3012372],[28.5780962,41.3012342],[28.5781673,41.3012422],[28.5782316,41.3012513],[28.5782759,41.3012523],[28.5783376,41.3012553],[28.5784435,41.3012483],[28.5784999,41.3012483],[28.578524,41.3012372],[28.5785736,41.3012241],[28.5786219,41.3012069],[28.5787292,41.3011495],[28.5787734,41.3011253],[28.5788445,41.3010689],[28.5788807,41.3010306],[28.5789344,41.3009692],[28.5789384,41.300948],[28.5789518,41.3009228],[28.5789679,41.3008694],[28.5790148,41.300818],[28.5790806,41.3007516],[28.5791329,41.3007133],[28.5791677,41.3006941],[28.5791919,41.3006679],[28.57922,41.3006508],[28.5792495,41.3006397],[28.5792844,41.3006276],[28.5793139,41.3006226],[28.5793394,41.3006075],[28.579385,41.3005873],[28.579448,41.3005682],[28.5794735,41.3005581],[28.5794829,41.300541],[28.5794936,41.3005148],[28.5795124,41.3004795],[28.5795338,41.3004513],[28.5795633,41.3004382],[28.5795794,41.3004221],[28.5796009,41.300413],[28.579621,41.300407],[28.5796264,41.3003999],[28.5796425,41.3003758],[28.5796921,41.3003355],[28.5797122,41.3003183],[28.5797431,41.3003103],[28.5797806,41.3002901],[28.5798208,41.300279],[28.5798463,41.300274],[28.5799375,41.3002629],[28.5799751,41.3002387],[28.5800435,41.3002256],[28.580136,41.3002211],[28.5801756,41.3002347],[28.5802017,41.3002453],[28.5802399,41.300279],[28.580256,41.3002936],[28.5802755,41.3002926],[28.5802896,41.300272],[28.5802969,41.3002423],[28.5803271,41.3002266],[28.5803479,41.3001909],[28.5803673,41.3001838],[28.580421,41.3002035],[28.5804284,41.3002246],[28.5804217,41.3002402],[28.5803915,41.3002483],[28.5803781,41.300272],[28.5803982,41.3002906],[28.5804364,41.3002987],[28.5804941,41.3002826],[28.5805162,41.3002715],[28.580537,41.3002679],[28.5805578,41.3002654],[28.5805766,41.3002367],[28.5806027,41.3002387],[28.5806168,41.3002428],[28.5806282,41.3002679],[28.5806175,41.3002901],[28.5806128,41.3003007],[28.5806128,41.3003339],[28.5806181,41.3003647],[28.5806188,41.3003783],[28.5806282,41.3003833],[28.5806476,41.3003858],[28.5806657,41.3003878],[28.580714,41.3004024],[28.5807408,41.3004009],[28.5807636,41.3003939],[28.5807864,41.3003788],[28.5808059,41.3003742],[28.5808387,41.3003707],[28.5808575,41.3003606],[28.5808736,41.3003531],[28.5808756,41.3003637],[28.5808729,41.3003813],[28.5808649,41.3003904],[28.5808723,41.3004075],[28.5808944,41.3004342],[28.5809125,41.3004422],[28.5809205,41.3004538],[28.5809299,41.300481],[28.5809454,41.3004886],[28.5809521,41.3004881],[28.5809755,41.3004901],[28.5810037,41.3005017],[28.5810352,41.3005052],[28.5810567,41.3005032],[28.5810848,41.3005118],[28.5811056,41.3005128],[28.5811391,41.3005067],[28.5811613,41.3005138],[28.5811693,41.3005103],[28.581168,41.3004977],[28.5811754,41.300481],[28.5811774,41.3004619],[28.5811901,41.3004422],[28.5811841,41.3004251],[28.5811921,41.300415],[28.5812069,41.3004196],[28.5812263,41.3004307],[28.5812417,41.3004382],[28.5812632,41.3004463],[28.5812766,41.3004599],[28.581286,41.300473],[28.5812974,41.3005022],[28.5813142,41.3005198],[28.5813443,41.3005279],[28.5813668,41.3005372],[28.5814013,41.3005516],[28.5814231,41.3005538],[28.5814503,41.3005503],[28.581462,41.3005412],[28.5814751,41.3005402],[28.5815043,41.3005307],[28.5815059,41.300506],[28.5814996,41.3004914],[28.5814986,41.3004795],[28.5815133,41.3004717],[28.5815375,41.3004773],[28.5815535,41.3004871],[28.5815747,41.3004939],[28.5815934,41.3005019],[28.5816196,41.3005065],[28.5816337,41.3005173],[28.5816293,41.3005269],[28.5816226,41.3005319],[28.5816213,41.3005425],[28.5816206,41.3005571],[28.5816042,41.3005609],[28.5815941,41.3005606],[28.5815831,41.3005735],[28.5815955,41.3005803],[28.5816072,41.3005904],[28.5816085,41.3005997],[28.5816085,41.3006155],[28.581626,41.3006236],[28.5816337,41.3006228],[28.5816504,41.3006276],[28.5816696,41.3006364],[28.5816903,41.3006397],[28.5817108,41.3006432],[28.5817299,41.3006475],[28.5817624,41.3006609],[28.5817792,41.3006702],[28.5817882,41.3006717],[28.5818151,41.3006783],[28.5818295,41.3006856],[28.5818392,41.3006881],[28.5818593,41.3006843],[28.5818741,41.300674],[28.5818861,41.3006548],[28.5818912,41.3006395],[28.5819022,41.3006344],[28.5819076,41.3006284],[28.5819009,41.3006153],[28.5818878,41.3005966],[28.5818999,41.3005931],[28.5819167,41.3005931],[28.5819338,41.3006017],[28.5819535,41.300613],[28.5819726,41.300614],[28.5819938,41.300616],[28.5820109,41.3006231],[28.582042,41.3006362],[28.5820927,41.3006538],[28.5822234,41.3006946],[28.5822355,41.3007057],[28.5822422,41.3007143],[28.582263,41.3007178],[28.5822791,41.3007173],[28.5823039,41.3007249],[28.582326,41.3007435],[28.5823388,41.3007641],[28.5823374,41.3007732],[28.5823368,41.3007878],[28.5823461,41.3007959],[28.5823656,41.3007969],[28.5823803,41.3007853],[28.5824025,41.3007813],[28.5824165,41.3007914],[28.58244,41.3007984],[28.5824554,41.3007969],[28.5824722,41.3007818],[28.582489,41.3007813],[28.5825198,41.3007908],[28.5825258,41.3007979],[28.5825218,41.300812],[28.5825352,41.3008296],[28.582544,41.3008513],[28.5825647,41.3008639],[28.5825963,41.3008765],[28.5826083,41.3008835],[28.5826412,41.3009022],[28.5826828,41.3009405],[28.5827076,41.3009556],[28.582727,41.3009636],[28.5827632,41.3009818],[28.5828095,41.3009989],[28.5828423,41.3010059],[28.5828765,41.301007],[28.5829121,41.3010095],[28.582953,41.3010105],[28.5829664,41.3010155],[28.5829885,41.3010196],[28.583008,41.3010165],[28.5830247,41.3010115],[28.5830677,41.3010039],[28.5831012,41.3009979],[28.5831065,41.3009934],[28.5831025,41.3009787],[28.5831025,41.3009677],[28.5831153,41.3009601],[28.5831233,41.3009541],[28.5831394,41.3009329],[28.5831615,41.3009334],[28.5831736,41.3009445],[28.5831763,41.3009561],[28.5831944,41.3009762],[28.5832132,41.3009863],[28.5832601,41.3009878],[28.583301,41.3009903],[28.5833231,41.3009878],[28.58335,41.3009868],[28.5833694,41.3009913],[28.5833721,41.3010044],[28.5833667,41.3010145],[28.5833661,41.3010241],[28.5833801,41.3010357],[28.5833875,41.3010468],[28.583407,41.3010588],[28.5834619,41.3010659],[28.5835008,41.3010629],[28.5835612,41.3010609],[28.583592,41.3010326],[28.5836081,41.3010175],[28.5836685,41.3009903],[28.5836899,41.3009571],[28.5837623,41.3009641],[28.5838026,41.3009782],[28.5838696,41.3009793],[28.5839286,41.3009883],[28.5839944,41.3009873],[28.5840668,41.3010034],[28.5840976,41.3010347],[28.5840708,41.3010659],[28.5840547,41.3010921],[28.5841204,41.3011213],[28.5841821,41.3011415],[28.5842143,41.3011707],[28.5842492,41.3011949],[28.5842974,41.3011989],[28.5843283,41.3011828],[28.5843498,41.3011384],[28.584398,41.3011223],[28.5844772,41.3010921],[28.5844986,41.3010588],[28.5846354,41.3010488],[28.5846636,41.3010518],[28.5847293,41.3010871],[28.5847896,41.3011364],[28.5848433,41.301214],[28.584905,41.3012261],[28.5849492,41.3012402],[28.5850337,41.3012654],[28.5850766,41.3013037],[28.585082,41.3013661],[28.5850686,41.3014084],[28.5850847,41.3014286],[28.5850927,41.3014649],[28.5850632,41.3015072],[28.5850391,41.3015414],[28.5850954,41.3015898],[28.5851222,41.3015898],[28.5851276,41.3016361],[28.5852161,41.3016714],[28.5852805,41.3016714],[28.5853341,41.3016885],[28.5853904,41.3017057],[28.5853918,41.3017258],[28.5853972,41.3017419],[28.5854615,41.301747],[28.5855111,41.3017399],[28.5855232,41.3017288],[28.5855634,41.3017248],[28.5856345,41.3017732],[28.5856828,41.3017782],[28.5857432,41.3017883],[28.5857888,41.3017853],[28.585833,41.3017631],[28.5858813,41.3017591],[28.585896,41.3017621],[28.5859296,41.3017812],[28.5860033,41.3018155],[28.5860784,41.3018044],[28.5860771,41.3017691],[28.5860637,41.3017107],[28.5860838,41.3016785],[28.5861066,41.3016633],[28.5861388,41.3016351],[28.5861549,41.3016039],[28.5861737,41.3015888],[28.5861763,41.3015757],[28.5862327,41.3015485],[28.5862756,41.3015203],[28.5863185,41.301481],[28.586356,41.3014588],[28.5864177,41.3014437],[28.586458,41.3014155],[28.5864808,41.3014185],[28.5864915,41.3014105],[28.5864995,41.3013994],[28.5864861,41.3013702],[28.5865062,41.3013621],[28.5865304,41.3013752],[28.5865639,41.3013722],[28.5865894,41.3013712],[28.5866524,41.3013661],[28.5867262,41.3013843],[28.5867664,41.3014044],[28.5867651,41.3014286],[28.5867664,41.3014467],[28.5868174,41.3014598],[28.5868871,41.301479],[28.5869166,41.3014749],[28.5869434,41.301481],[28.586981,41.3014951],[28.58704,41.3015052],[28.5870695,41.3015334],[28.5870963,41.3015858],[28.5871419,41.3016099],[28.5871634,41.3016644],[28.5871178,41.3017157],[28.5871124,41.3017339],[28.5871191,41.3017641],[28.5870843,41.3017973],[28.5870695,41.3018114],[28.5870722,41.3018336],[28.5870655,41.3018709],[28.5870655,41.3019102],[28.5870709,41.3019303],[28.5870521,41.3019485],[28.58704,41.3019565],[28.5870226,41.3019837],[28.5869783,41.3020109],[28.5869797,41.3020432],[28.5869394,41.3020774],[28.5869193,41.3021066],[28.5869046,41.3021328],[28.586859,41.3021449],[28.586812,41.3021439],[28.5867825,41.302149],[28.5867771,41.3021641],[28.586753,41.3021782],[28.5867637,41.3022054],[28.5867691,41.3022457],[28.586808,41.3022668],[28.5868375,41.302288],[28.586859,41.3023172],[28.58693,41.3023494],[28.5869837,41.3023374],[28.5870078,41.3023172],[28.587099,41.3022971],[28.5871741,41.302283],[28.5872063,41.3022991],[28.5872573,41.3023313],[28.5872814,41.3023494],[28.5873511,41.3023535],[28.5874557,41.3023212],[28.5874665,41.3023011],[28.5874879,41.302283],[28.5875094,41.3022668],[28.5874933,41.3022024],[28.5874812,41.3021681],[28.5874839,41.3021359],[28.5874799,41.3021248],[28.5874557,41.3021077],[28.5874544,41.3020925],[28.5874718,41.3020502],[28.587449,41.3020401],[28.5874262,41.3020281],[28.5874329,41.3020039],[28.5874464,41.3019898],[28.5874638,41.3019606],[28.5874651,41.3019273],[28.5874879,41.3019021],[28.5875107,41.301889],[28.5875362,41.3018759],[28.5875429,41.3018346],[28.587551,41.3017923],[28.5875443,41.301756],[28.5875563,41.3017319],[28.5875724,41.3017047],[28.5876207,41.3017006],[28.5876556,41.3016966],[28.5876918,41.3017107],[28.5877159,41.3017157],[28.587787,41.3017077],[28.5878246,41.3017016],[28.5878554,41.3017067],[28.5878943,41.3017258],[28.5879211,41.3017389],[28.5879587,41.3017732],[28.5879721,41.3017923],[28.5879962,41.3018054],[28.588011,41.3018175],[28.5880633,41.3018235],[28.5880767,41.3018235],[28.5881169,41.3018165],[28.5881464,41.3018286],[28.5881545,41.3018437],[28.5881357,41.3018709],[28.5881665,41.3018941],[28.5881974,41.3019001],[28.5882108,41.3019253],[28.588196,41.3019475],[28.5882074,41.3019585],[28.5882128,41.3019656],[28.5882108,41.3019772],[28.588182,41.3020074],[28.5881706,41.3020165],[28.5881444,41.3020281],[28.5881236,41.3020674],[28.5881022,41.3020815],[28.5880673,41.3020956],[28.5880405,41.3021278],[28.5880284,41.3021359],[28.5879855,41.30216],[28.5879721,41.3021782],[28.5879868,41.3021993],[28.5879868,41.3022205],[28.5880056,41.3022376],[28.5880713,41.3022699],[28.5881357,41.3022809],[28.5881625,41.302291],[28.5882255,41.302283],[28.5882537,41.3022688],[28.5882832,41.3022558],[28.5883141,41.3022497],[28.5883771,41.3022537],[28.5884066,41.3022497],[28.5884441,41.3022396],[28.5884683,41.3022316],[28.588479,41.3022064],[28.5885273,41.3021782],[28.5885447,41.3021883],[28.5885461,41.3022064],[28.588534,41.3022336],[28.5885675,41.3022376],[28.5885783,41.3022215],[28.588597,41.3022134],[28.5886279,41.3022144],[28.5886601,41.3022275],[28.5886601,41.3022437],[28.5886574,41.3022769],[28.5886668,41.302284],[28.5886855,41.3022971],[28.5887244,41.302288],[28.5887445,41.3022971],[28.588758,41.3023132],[28.588762,41.3023313],[28.5887955,41.3023444],[28.5887848,41.3023696],[28.5887687,41.3023736],[28.5887338,41.3023797],[28.5887124,41.3023787],[28.588699,41.3023696],[28.5886654,41.3023434],[28.5885783,41.3023313],[28.5885487,41.3023233],[28.5885273,41.3023243],[28.5884804,41.3023273],[28.5884629,41.3023404],[28.5884602,41.3023505],[28.5884294,41.3023736],[28.5884066,41.3023696],[28.5883677,41.3023787],[28.5883529,41.3023777],[28.5883221,41.3023817],[28.5882966,41.3023897],[28.5882671,41.3023897],[28.588255,41.3023887],[28.5882349,41.3023817],[28.5882255,41.3023777],[28.5882148,41.3023827],[28.5881853,41.3023968],[28.5881652,41.3024028],[28.588133,41.3023938],[28.5881075,41.3023595],[28.5880767,41.3023666],[28.5880552,41.3023797],[28.5880673,41.3024018],[28.588078,41.302418],[28.5880861,41.3024492],[28.5881022,41.3024794],[28.5881183,41.3024905],[28.588125,41.3025157],[28.5881411,41.3025308],[28.5881478,41.3025439],[28.5881612,41.3025892],[28.5881236,41.3025912],[28.5881022,41.3026043],[28.5881115,41.3026235],[28.5881196,41.3026366],[28.5881075,41.3026628],[28.5880901,41.3026809],[28.5880525,41.3026729],[28.5880458,41.3026598],[28.5880083,41.3026507],[28.5879935,41.3026638],[28.5879989,41.3026849],[28.5879828,41.3027162],[28.5879962,41.3027273],[28.5880204,41.3027353],[28.5880338,41.3027595],[28.5880418,41.3027736],[28.5880686,41.3027796],[28.5880861,41.3027968],[28.5880861,41.3028189],[28.5881035,41.3028532],[28.5880914,41.3028693],[28.5880727,41.3028794],[28.5880633,41.3028975],[28.5880458,41.3028985],[28.5880311,41.3028925],[28.5880083,41.3028854],[28.5879828,41.3029036],[28.5879694,41.3029197],[28.5879385,41.3029167],[28.5878594,41.3029036],[28.5878286,41.3029056],[28.5878044,41.3028935],[28.587783,41.3028885],[28.5877736,41.3028874],[28.587724,41.3028764],[28.5877186,41.3028542],[28.587736,41.3028381],[28.587732,41.3028008],[28.5877454,41.3027827],[28.5877803,41.3027585],[28.5878044,41.3027524],[28.5878058,41.3027242],[28.5877722,41.3027051],[28.587732,41.3026618],[28.5877454,41.3026527],[28.5877468,41.3026406],[28.5877146,41.3026215],[28.5877025,41.3026084],[28.5876918,41.3025882],[28.5876717,41.3025479],[28.5876596,41.3025207],[28.5876247,41.3025217],[28.5875952,41.3025318],[28.5875738,41.3025278],[28.5875563,41.3025449],[28.587551,41.302561],[28.5875228,41.30256],[28.5874839,41.3025489],[28.5874571,41.3025439],[28.5873766,41.302553],[28.5873109,41.302555],[28.5873042,41.302553],[28.5872479,41.3025419],[28.5872103,41.3025248],[28.5871446,41.3025127],[28.5871205,41.3025167],[28.5870843,41.3025137],[28.5870735,41.3025106],[28.5870226,41.3025076],[28.5869931,41.3025117],[28.5869877,41.3025268],[28.586977,41.302557],[28.5869582,41.3025651],[28.5869206,41.3025953],[28.58693,41.3026114],[28.5869448,41.3026396],[28.5869864,41.3026658],[28.586981,41.3026739],[28.5869783,41.302691],[28.5869756,41.3027021],[28.5869502,41.3027071],[28.586926,41.3027021],[28.5868898,41.3027101],[28.5868616,41.3027192],[28.5868603,41.3027363],[28.586867,41.3027484],[28.586867,41.3027625],[28.5868844,41.3027776],[28.5868858,41.3027927],[28.586867,41.3028018],[28.5868375,41.302829],[28.5868268,41.3028482],[28.5868603,41.3028643],[28.5868938,41.3028683],[28.5869233,41.3028633],[28.5869515,41.3028592],[28.5869689,41.3028693],[28.5869703,41.3028995],[28.5869676,41.3029106],[28.5869488,41.3029277],[28.5869408,41.3029429],[28.5869703,41.302959],[28.5869703,41.3029832],[28.5869823,41.3029922],[28.5870065,41.3029973],[28.5870132,41.3030144],[28.5870145,41.3030386],[28.5870159,41.3030638],[28.5869877,41.3030879],[28.5869837,41.3031121],[28.5870025,41.3031252],[28.5870132,41.3031433],[28.5870574,41.3031524],[28.5870883,41.3031353],[28.5871097,41.3031333],[28.5871218,41.3031504],[28.5871325,41.3031595],[28.5871392,41.3031766],[28.5871486,41.3032239],[28.5871379,41.3032471],[28.5871205,41.3032632],[28.5871258,41.3032804],[28.5871205,41.3033005],[28.5871164,41.3033096],[28.5871513,41.3033458],[28.5871808,41.3033549],[28.5872023,41.3033398],[28.5872237,41.3033297],[28.5872707,41.3033378],[28.5873404,41.3033438],[28.5873793,41.3033378],[28.5874222,41.3033166],[28.587441,41.3033247],[28.5874665,41.3033358],[28.5874759,41.3033579],[28.5874987,41.303364],[28.5875027,41.3033811],[28.5874826,41.3034043],[28.5875,41.3034204],[28.5875013,41.3034335],[28.5874946,41.3034607],[28.5874598,41.3034758],[28.5874048,41.3034808],[28.5873954,41.3035],[28.5873914,41.3035181],[28.5873632,41.3035353],[28.5873283,41.3035534],[28.5872895,41.3035564],[28.5872264,41.3035443],[28.5871822,41.3035453],[28.5871433,41.3035453],[28.5871084,41.3035625],[28.5870735,41.3035655],[28.5870534,41.3035594],[28.5870279,41.3035524],[28.5869877,41.3035544],[28.5869837,41.3035816],[28.5869971,41.3035947],[28.5870025,41.3036158],[28.5870185,41.3036269],[28.5870413,41.303632],[28.5870923,41.3036642],[28.5871325,41.3036813],[28.5871352,41.3037075],[28.5871258,41.3037307],[28.587095,41.3037801],[28.5870454,41.3038143],[28.5870467,41.3038445],[28.587032,41.3038536],[28.5870159,41.3038637],[28.5870145,41.3038808],[28.5869998,41.3038989],[28.5869609,41.3039211],[28.5869797,41.3039473],[28.5869864,41.3039654],[28.5869944,41.3039826],[28.5870212,41.3039896],[28.5870655,41.3039876],[28.587095,41.3040017],[28.5871151,41.3040118],[28.5871433,41.3040088],[28.5871875,41.3040108],[28.5871956,41.3040319],[28.5871848,41.304044],[28.5871433,41.3040753],[28.5871299,41.3040894],[28.5871111,41.3040974],[28.5871151,41.3041095],[28.5871406,41.3041166],[28.5871553,41.3041266],[28.5871634,41.3041286],[28.5871956,41.3041649],[28.5872371,41.304182],[28.5872358,41.3042012],[28.5872264,41.3042143],[28.5872063,41.3042193],[28.5871634,41.3042344],[28.5871513,41.3042475],[28.5871164,41.3042495],[28.5871017,41.3042516],[28.5870936,41.3042505],[28.5870749,41.3042304],[28.5870454,41.3042284],[28.5870199,41.3042385],[28.5870118,41.3042657],[28.5870025,41.3043191],[28.5870467,41.3043483],[28.5870628,41.3043614],[28.5870789,41.3043563],[28.5871017,41.3043473],[28.5871164,41.3043714],[28.5871339,41.3043735],[28.5871299,41.3043926],[28.5870977,41.3044007],[28.5870749,41.3044138],[28.5870682,41.3044289],[28.5870682,41.30445],[28.5870507,41.3044571],[28.587032,41.3044541],[28.5869904,41.3044661],[28.5869434,41.3044802],[28.5869475,41.3044944],[28.5869689,41.3045054],[28.5869877,41.3045246],[28.5869783,41.3045508],[28.5869582,41.3045568],[28.5869354,41.3045488],[28.5868831,41.3045276],[28.5868509,41.3045417],[28.5868523,41.3045709],[28.5868603,41.3045911],[28.5868335,41.3046001],[28.5868093,41.3046072],[28.5867812,41.3046142],[28.5867544,41.3046032],[28.5867302,41.304584],[28.5867074,41.304583],[28.5866846,41.304576],[28.5866605,41.304585],[28.5866323,41.304579],[28.5865974,41.3045619],[28.5865706,41.3045588],[28.586513,41.3045578],[28.5864875,41.3045568],[28.586411,41.304581],[28.5863641,41.3045699],[28.5863453,41.304581],[28.5863198,41.3045971],[28.5862648,41.3046001],[28.5862192,41.3046152],[28.5861763,41.3046283],[28.5861401,41.3046263],[28.5861187,41.3046394],[28.5860811,41.3046455],[28.5860556,41.3046394],[28.5860234,41.3046243],[28.5859846,41.3046193],[28.5859551,41.3046404],[28.5859323,41.3046445],[28.5859188,41.3046364],[28.5858974,41.3046314],[28.5858652,41.3046445],[28.5858652,41.3046817],[28.5858223,41.3047069],[28.5857593,41.3046969],[28.585715,41.3046787],[28.5857096,41.3046223],[28.5856989,41.3045961],[28.5856533,41.3045921],[28.5856211,41.3045699],[28.5855836,41.3045558],[28.5855728,41.3044893],[28.5855165,41.3044853],[28.5854655,41.3044732],[28.5853931,41.3044933],[28.5853958,41.3045195],[28.5853958,41.3045739],[28.585377,41.3045981],[28.5853797,41.3046485],[28.5854065,41.3046868],[28.5854039,41.304717],[28.5854334,41.3047593],[28.5853985,41.3048137],[28.5853958,41.3048439],[28.5854173,41.3048681],[28.585436,41.3048782],[28.5854414,41.3049024],[28.5854226,41.304985],[28.5852993,41.3050192],[28.5852376,41.3050434],[28.5852027,41.3050797],[28.5851571,41.3050978],[28.5851088,41.3051119],[28.5850525,41.305124],[28.5850257,41.3051381],[28.5849667,41.3051744],[28.5849264,41.3051744],[28.5848996,41.3051663],[28.584803,41.3052006],[28.5846877,41.3052651],[28.584677,41.3052872],[28.5846019,41.3053195],[28.5845885,41.3053416],[28.5845456,41.3053618],[28.5844517,41.3053718],[28.5844114,41.305394],[28.5843712,41.3054182],[28.5843337,41.3054444],[28.5842532,41.3054827],[28.5842371,41.3055068],[28.584213,41.305523],[28.5841674,41.3055391],[28.5841137,41.3055713],[28.5841083,41.3055874],[28.5840949,41.3056156],[28.5839957,41.3056862],[28.5839447,41.3057265],[28.5839233,41.3057527],[28.583875,41.3057748],[28.5838428,41.305793],[28.5838348,41.3058232],[28.5837758,41.3058715],[28.5837597,41.3058937],[28.5836872,41.3059441],[28.5835907,41.3060247],[28.5835719,41.3060448],[28.583537,41.3060549],[28.5835102,41.3060891],[28.5834298,41.3061254],[28.5833895,41.3061576],[28.5833466,41.3061758],[28.5833064,41.30621],[28.5832742,41.3062282],[28.5832259,41.3062463],[28.5832018,41.3062705],[28.5831696,41.3062846],[28.5831133,41.3062967],[28.5830221,41.3063108],[28.5829738,41.3063732],[28.5829201,41.3064055],[28.5829067,41.3064276],[28.5828799,41.3064478],[28.5828477,41.3064659],[28.5828128,41.30648],[28.5827914,41.3065123],[28.5827726,41.3065324],[28.5826975,41.3065868],[28.5826251,41.306609],[28.5825795,41.306609],[28.5825285,41.3066251],[28.5825178,41.3066553],[28.5824937,41.3066634],[28.5824347,41.3066795],[28.5823864,41.3066976],[28.5823435,41.3067218],[28.5822737,41.306744],[28.5822415,41.3067419],[28.5821798,41.306746],[28.5821477,41.3067641],[28.5820752,41.3067903],[28.582035,41.3067963],[28.5820189,41.3068004],[28.5819545,41.3068094],[28.5818888,41.3068507],[28.581862,41.3068588],[28.581811,41.3068709],[28.5817641,41.306891],[28.5817225,41.3068971],[28.5816903,41.3069142],[28.5815924,41.3069243],[28.5815281,41.3069515],[28.5814758,41.3069616],[28.5814543,41.3069656],[28.5814409,41.3069847],[28.5814315,41.307017],[28.5814074,41.3070452],[28.5813309,41.3070996],[28.5813121,41.3071117],[28.5813054,41.3071268],[28.5812585,41.307154],[28.5812277,41.3071812],[28.5811391,41.3072587],[28.5810319,41.3073051],[28.580991,41.3073247],[28.5809708,41.3073504],[28.580936,41.3073811],[28.5808998,41.3074179],[28.580883,41.3074396],[28.580879,41.3074572],[28.580881,41.3074678],[28.5808957,41.3074859],[28.5809078,41.3075101],[28.5809045,41.3075459],[28.5808696,41.3075867],[28.5808294,41.3076224],[28.5808032,41.3076476],[28.5807697,41.3076667],[28.5807261,41.3076798],[28.5806946,41.3076859],[28.580661,41.307701],[28.5806342,41.3077106],[28.5806148,41.3077262],[28.5805786,41.307768],[28.5805283,41.307836],[28.5805028,41.3078546],[28.5804827,41.3078763],[28.5804337,41.3079186],[28.5803533,41.3079806],[28.5803137,41.3080078],[28.580187,41.3080793],[28.5801273,41.308108],[28.5801112,41.3081135],[28.5800984,41.3081115],[28.5799965,41.3081916],[28.5799684,41.3082168],[28.5799536,41.3082319],[28.5798544,41.3083105],[28.5798115,41.3083286],[28.5797887,41.3083488],[28.5797712,41.308384],[28.5797591,41.3084142],[28.5796948,41.3084888],[28.579668,41.308518],[28.5796492,41.3085432],[28.5796452,41.3085956],[28.5796344,41.308648],[28.5795875,41.3087507],[28.5795687,41.3087638],[28.5795379,41.308787],[28.579511,41.3088162],[28.5795057,41.3088363],[28.5794681,41.3088917],[28.5793971,41.3089854],[28.5793756,41.3090146],[28.5793675,41.3090479],[28.5793568,41.3090721],[28.5793447,41.3090872],[28.5792951,41.3091527],[28.57922,41.3092222],[28.5791959,41.3092524],[28.5791945,41.3092866],[28.5791892,41.3093098],[28.5791785,41.3093592],[28.5791865,41.3094468],[28.5791878,41.3095737],[28.5791785,41.3096785],[28.5791557,41.309882],[28.5791355,41.3099334],[28.5791315,41.3100281],[28.5791221,41.3100895],[28.5791355,41.31015],[28.5791597,41.3103051],[28.5791516,41.3103655],[28.5791543,41.310429],[28.5791731,41.3104713],[28.5791932,41.3105106],[28.5791892,41.3105922],[28.5791825,41.3106909],[28.5791919,41.3107322],[28.579208,41.3107574],[28.5792147,41.3107886],[28.579216,41.3108249],[28.5792214,41.3109095],[28.5792227,41.3110213],[28.5792388,41.3110717],[28.5792428,41.3110999],[28.5792509,41.3111462],[28.5792616,41.3111815],[28.579271,41.311249],[28.5792777,41.3112883],[28.5792831,41.3113225],[28.5792871,41.3114102],[28.5793018,41.3114968],[28.57933,41.3115744],[28.5793515,41.3116489],[28.5793608,41.3116832],[28.5793635,41.3117073],[28.5793635,41.3117245],[28.5794225,41.3118463],[28.5794789,41.3119289],[28.5795741,41.3120498],[28.5796975,41.3121495],[28.5797846,41.3122714],[28.5798557,41.3123571],[28.5798825,41.3124034],[28.5798731,41.3124719],[28.5798611,41.3125082],[28.5798356,41.3125354],[28.5798302,41.3125585],[28.5798275,41.312629],[28.5797632,41.3126895],[28.57979,41.3127922],[28.5797793,41.3128386],[28.5798115,41.312899],[28.5798115,41.3129373],[28.5797498,41.3129534],[28.5796532,41.3129917],[28.5795861,41.3131609],[28.579672,41.3132616],[28.5796505,41.3133342],[28.5797632,41.3134027],[28.5798329,41.3134792],[28.5796666,41.313588],[28.5796022,41.3136202],[28.5796452,41.313721],[28.5797739,41.3137814],[28.5798544,41.3137895],[28.5798812,41.313868],[28.5798329,41.3139325],[28.579857,41.3139728],[28.5799268,41.3139607],[28.5800046,41.3139104],[28.5800663,41.3139083],[28.5801038,41.3138539],[28.5800958,41.3138036],[28.5800716,41.3137713],[28.5802031,41.3137552],[28.5803103,41.3137351],[28.5803801,41.3137774],[28.5804176,41.3138479],[28.5804015,41.3139104],[28.5803694,41.3139406],[28.5802299,41.3139647],[28.5801896,41.3139929],[28.5802352,41.3140776],[28.5802326,41.3141179],[28.5802057,41.3141944],[28.580144,41.3142367],[28.5799209,41.3142664],[28.5798837,41.3142629],[28.5795794,41.3142407],[28.5792357,41.3142232],[28.5788915,41.3142135],[28.5785035,41.3141947],[28.5781163,41.3141692],[28.577754,41.3141395],[28.5773908,41.3141179],[28.5772602,41.3141121],[28.5771311,41.3140968],[28.5770046,41.3140721],[28.5768818,41.3140383],[28.5768093,41.3140133],[28.5767388,41.3139851],[28.5765991,41.3139273],[28.5764627,41.313865],[28.5763269,41.3137967],[28.5761952,41.313724],[28.5760366,41.3136596],[28.5758753,41.3135991],[28.5758245,41.313581],[28.5757703,41.3135697],[28.5757144,41.3135655],[28.5756583,41.3135684],[28.5756037,41.3135784],[28.5755469,41.3135975],[28.5754958,41.3136243],[28.57533,41.3138381],[28.5751699,41.3140544],[28.5750474,41.3142269],[28.5749285,41.3144009],[28.5748928,41.3145927],[28.5748646,41.3147851],[28.574844,41.3149781],[28.5748352,41.315095],[28.5748161,41.3152112],[28.5747868,41.3153262],[28.5747474,41.3154394],[28.5747041,41.3155383],[28.5746531,41.3156351],[28.5745946,41.3157295],[28.5745838,41.3158084],[28.5745648,41.3158865],[28.5745375,41.3159631],[28.5745022,41.3160379],[28.5744591,41.3161103],[28.5744196,41.3161657],[28.5743754,41.3162192],[28.5743,41.3163314],[28.574233,41.3164467],[28.5741748,41.3165646],[28.5741253,41.316685],[28.5740849,41.3168073],[28.5739505,41.3168509],[28.5738126,41.3168878],[28.5736716,41.3169176],[28.5735284,41.3169403],[28.573379,41.3169561],[28.5732286,41.3169641],[28.5730778,41.3169644],[28.572916,41.316974],[28.5727551,41.3169901],[28.5725956,41.3170128],[28.5724381,41.317042],[28.5723068,41.3170716],[28.5721786,41.317108],[28.5720541,41.3171509],[28.5719338,41.3172001],[28.5718294,41.3172499],[28.5717308,41.317306],[28.5716389,41.3173681],[28.5715543,41.3174358],[28.5714944,41.3174915],[28.5714394,41.31755],[28.5713351,41.3176697],[28.5712418,41.3177944],[28.5711951,41.3178654],[28.5711552,41.3179387],[28.5711224,41.318014],[28.5710926,41.3181065],[28.5710734,41.3182006],[28.571065,41.3182955],[28.5710675,41.3183907],[28.5710356,41.3184866],[28.5709967,41.3185811],[28.5709508,41.3186737],[28.5708989,41.3187628],[28.5708581,41.3188551],[28.5708287,41.3189497],[28.570811,41.3190457],[28.5708049,41.3191425],[28.5708106,41.3192393],[28.5708005,41.3192784],[28.5707817,41.3193157],[28.5707546,41.31935],[28.5707201,41.3193803],[28.5706936,41.3193978],[28.5706647,41.3194129],[28.5706034,41.3194389],[28.5705377,41.3194579],[28.5704661,41.3194696],[28.570393,41.3194742],[28.5703197,41.3194716],[28.5702475,41.3194619],[28.5701776,41.3194453],[28.5701107,41.3194217],[28.5700485,41.3193918],[28.569992,41.319356],[28.5699423,41.319315],[28.56956,41.3193143],[28.5694422,41.3193141],[28.5693245,41.3193091],[28.5692073,41.3192992],[28.5690704,41.3192814],[28.5689356,41.3192563],[28.5688035,41.3192239],[28.5686749,41.3191844],[28.5685621,41.3191428],[28.5684542,41.3190943],[28.5683521,41.3190392],[28.5682565,41.3189779],[28.5681665,41.3189097],[28.5680845,41.318836],[28.5680111,41.3187573],[28.5679116,41.3188471],[28.5678194,41.3189412],[28.5677349,41.3190393],[28.5676583,41.3191409],[28.56759,41.3192458],[28.567521,41.3193716],[28.5674639,41.3195007],[28.567417,41.319673],[28.5673767,41.3198463],[28.5673432,41.3200204],[28.5673079,41.3202624],[28.5672855,41.3205053],[28.5672774,41.3206269],[28.5672761,41.3207486],[28.5672822,41.3208745],[28.5672956,41.321],[28.5673164,41.321125],[28.5673445,41.3212492],[28.5673892,41.3214102],[28.5674429,41.3215696],[28.5675053,41.3217272],[28.5675392,41.3218054],[28.5675766,41.3218827],[28.5676367,41.3219925],[28.567704,41.3221],[28.5677784,41.3222048],[28.5678595,41.3223067],[28.5680134,41.3224905],[28.5681744,41.3226709],[28.5683423,41.3228476],[28.5688385,41.3233582],[28.5691537,41.3236947],[28.5694729,41.324029],[28.5697736,41.3243381],[28.5699306,41.324489],[28.5700777,41.3246454],[28.5701949,41.3247824],[28.5703044,41.3249229],[28.5704063,41.3250666],[28.5705002,41.3252134],[28.5705757,41.3253486],[28.5706426,41.3254864],[28.5707006,41.3256264],[28.5707229,41.3256978],[28.5707496,41.3257683],[28.5707921,41.3258605],[28.5708422,41.3259504],[28.5708998,41.3260378],[28.5709647,41.3261222],[28.5710366,41.3262034],[28.5711149,41.3262783],[28.5712007,41.3263484],[28.5712936,41.3264132],[28.5713928,41.3264724],[28.5714979,41.3265257],[28.5716456,41.326638],[28.5717999,41.3267452],[28.5719606,41.3268469],[28.5721242,41.3269413],[28.5722933,41.3270299],[28.5724676,41.3271128],[28.5728784,41.3272731],[28.5732843,41.3274401],[28.573705,41.3276228],[28.5738473,41.327681],[28.5739857,41.3277444],[28.5741198,41.3278127],[28.5742559,41.3278898],[28.5743867,41.3279719],[28.5744403,41.3280321],[28.5745018,41.3280879],[28.5745704,41.3281389],[28.5746455,41.3281844],[28.5747316,41.3282262],[28.5748231,41.3282609],[28.5748717,41.3282733],[28.5749191,41.3282881],[28.5749971,41.3283192],[28.5750696,41.328357],[28.5751357,41.3284009],[28.5752688,41.3284939],[28.5754059,41.3285837],[28.5755597,41.3286776],[28.575635,41.3287262],[28.5757177,41.3287675],[28.5757891,41.3287949],[28.5758638,41.3288169],[28.5759411,41.3288332],[28.5760202,41.3288435],[28.5762518,41.3288773],[28.5764822,41.328916],[28.5766343,41.328932],[28.5767853,41.3289534],[28.5769347,41.3289801],[28.5770823,41.3290122],[28.5772582,41.3290581],[28.5774303,41.3291115],[28.5775156,41.3291396],[28.577598,41.3291723],[28.5776828,41.3292124],[28.5777632,41.3292573],[28.5778387,41.3293068],[28.5778967,41.3293544],[28.5779479,41.3294063],[28.5779916,41.3294618],[28.5780443,41.3295121],[28.5781054,41.3295566],[28.5781738,41.3295946],[28.5782484,41.3296255],[28.5784978,41.3297222],[28.578562,41.3297793],[28.5786333,41.3298314],[28.5786988,41.3298715],[28.5787685,41.3299073],[28.5788418,41.3299387],[28.5789093,41.32996],[28.5789796,41.3299756],[28.5790517,41.3299851],[28.5791248,41.3299886],[28.5791979,41.329986],[28.5794409,41.3299924],[28.579684,41.3299961],[28.5800663,41.3299966],[28.5804485,41.3299906],[28.580621,41.3299964],[28.5807937,41.3299957],[28.5809661,41.3299886],[28.5811378,41.3299749],[28.581279,41.3299588],[28.5814193,41.3299383],[28.5815582,41.3299135],[28.5817073,41.3298782],[28.5818524,41.3298347],[28.5819928,41.3297831],[28.582145,41.3297333],[28.5822944,41.3296789],[28.5824407,41.32962],[28.5826028,41.3295476],[28.5827603,41.3294697],[28.5829128,41.3293863],[28.5829986,41.329324],[28.5830922,41.3292682],[28.5831927,41.3292197],[28.583299,41.3291789],[28.5833735,41.3291558],[28.5834499,41.3291366],[28.5835173,41.3291263],[28.5835859,41.329122],[28.5836547,41.3291235],[28.5837228,41.329131],[28.5841271,41.3291733],[28.5847662,41.3292796],[28.5851725,41.329354],[28.5855775,41.3294326],[28.5859652,41.3295121],[28.5863513,41.3295953],[28.587042,41.3296789],[28.5871171,41.3296845],[28.5871925,41.3296848],[28.5872676,41.3296797],[28.5873418,41.3296693],[28.5874362,41.3296477],[28.5875262,41.3296175],[28.5875693,41.3295994],[28.5876106,41.3295792],[28.5876704,41.3295439],[28.5877249,41.3295042],[28.5877736,41.3294603],[28.5878615,41.3293908],[28.5879567,41.3293269],[28.5880657,41.3292721],[28.5881676,41.3292102],[28.5882618,41.3291416],[28.5883369,41.3290767],[28.588405,41.3290076],[28.5884656,41.3289346],[28.5885329,41.3288692],[28.5886085,41.3288091],[28.5886916,41.3287549],[28.5888463,41.3286478],[28.5889947,41.3285358],[28.5891558,41.3284023],[28.5893078,41.3282629],[28.5895861,41.3279648],[28.5897281,41.327792],[28.5898778,41.3276229],[28.5900402,41.3274525],[28.5902104,41.3272865],[28.5903897,41.3271625],[28.5905631,41.3270338],[28.5907407,41.3268917],[28.5909111,41.3267447],[28.5909526,41.3267163],[28.5909988,41.3266924],[28.591049,41.3266736],[28.5911022,41.3266601],[28.5911616,41.3266519],[28.5912219,41.3266504],[28.5912819,41.3266556],[28.5914772,41.3266785],[28.5916702,41.3267105],[28.5918989,41.3267571],[28.5921241,41.3268127],[28.592402,41.3268919],[28.5926773,41.3269758],[28.5929154,41.3270529],[28.5930357,41.3270894],[28.5931514,41.3271335],[28.5932514,41.3271795],[28.5933463,41.3272311],[28.5934357,41.3272881],[28.5935659,41.327376],[28.5936312,41.3274198],[28.5936919,41.3274673],[28.5937602,41.327531],[28.5938201,41.3275994],[28.5938709,41.3276718],[28.5939601,41.3278096],[28.5940412,41.3279502],[28.5941213,41.3281028],[28.594152,41.3281816],[28.5941941,41.3282574],[28.5942369,41.3283166],[28.5942867,41.3283727],[28.5943417,41.3284239],[28.5944027,41.3284712],[28.5944691,41.3285142],[28.594574,41.3285773],[28.5946824,41.3286369],[28.5947943,41.3286929],[28.5949167,41.3287458],[28.5950436,41.3287922],[28.5951744,41.3288321],[28.5953086,41.3288652],[28.5958216,41.3289497],[28.5959704,41.3289831],[28.5961212,41.3290112],[28.5962735,41.329034],[28.5964271,41.3290515],[28.5965933,41.3290643],[28.5967602,41.3290708],[28.5969273,41.3290711],[28.5972324,41.3289905],[28.5975046,41.3289976],[28.597798,41.3290116],[28.5980907,41.3290323],[28.5982521,41.3290538],[28.5984146,41.3290701],[28.5985923,41.3290821],[28.5987706,41.3290879],[28.5988598,41.3290895],[28.598949,41.3290877],[28.5990767,41.3290792],[28.5992032,41.3290637],[28.5993279,41.3290414],[28.5994531,41.3290107],[28.5995745,41.3289723],[28.5996913,41.3289266],[28.6000883,41.3287634],[28.6006703,41.3285006],[28.6008291,41.3284246],[28.6009915,41.3283529],[28.6011571,41.3282856],[28.6013826,41.3282029],[28.6014632,41.3281851],[28.6015404,41.3281601],[28.6016131,41.3281285],[28.6016724,41.3280955],[28.6017267,41.328058],[28.6017755,41.3280165],[28.6018183,41.3279714],[28.6019337,41.3278393],[28.6020389,41.3277025],[28.6021253,41.32759],[28.6022174,41.3274802],[28.6023152,41.3273732],[28.6024365,41.3272516],[28.6025652,41.3271344],[28.6027008,41.3270217],[28.6028123,41.3269386],[28.6029291,41.3268596],[28.6029877,41.3268202],[28.6030508,41.326785],[28.6031365,41.3267467],[28.6032276,41.3267161],[28.6033227,41.3266935],[28.6034207,41.3266793],[28.6035202,41.3266737],[28.6036757,41.3266692],[28.6038314,41.3266699],[28.6039092,41.3266713],[28.6039869,41.3266757],[28.6041115,41.3266894],[28.6042341,41.3267111],[28.6043538,41.3267405],[28.6044697,41.3267774],[28.6045768,41.3268189],[28.6046795,41.3268662],[28.6047775,41.3269189],[28.6048889,41.3269734],[28.6049965,41.327032],[28.6051,41.3270947],[28.6052316,41.3271846],[28.6052947,41.3272318],[28.6053548,41.327281],[28.6054257,41.3273453],[28.6054917,41.3274125],[28.6055526,41.3274824],[28.6056065,41.3275462],[28.605667,41.3276066],[28.6057337,41.3276632],[28.6058259,41.3277286],[28.6059264,41.3277867],[28.6059793,41.3278129],[28.6060341,41.3278369],[28.6061455,41.3278774],[28.6062619,41.3279089],[28.6063821,41.3279311],[28.6064779,41.3279424],[28.6065745,41.3279482],[28.6066465,41.3279342],[28.6067202,41.3279269],[28.6067945,41.3279266],[28.6068697,41.3279333],[28.6069432,41.3279472],[28.6070137,41.3279678],[28.6070875,41.3279874],[28.6071633,41.3280022],[28.6072404,41.3280122],[28.6073181,41.3280171],[28.6073961,41.3280171],[28.6074737,41.3280122],[28.6076116,41.3279985],[28.6077481,41.3279786],[28.6078828,41.3279527],[28.6080329,41.3279291],[28.6081843,41.3279108],[28.6083367,41.3278978],[28.6085137,41.3278906],[28.608691,41.3278916],[28.6088678,41.3279009],[28.6090596,41.3279083],[28.6092507,41.3279225],[28.6094731,41.3279477],[28.6095838,41.3279624],[28.6096933,41.3279819],[28.6098111,41.3280089],[28.6099264,41.3280415],[28.6100386,41.3280796],[28.6102226,41.3281505],[28.6104006,41.3282296],[28.6105717,41.3283168],[28.6107761,41.3284254],[28.6109774,41.3285373],[28.6111416,41.3286206],[28.61131,41.328699],[28.6115342,41.3287863],[28.6117559,41.3288772],[28.6120014,41.3289837],[28.6122434,41.3290948],[28.6123142,41.3291548],[28.6123927,41.3292092],[28.6124781,41.3292574],[28.6125517,41.3292916],[28.6126288,41.3293211],[28.6127088,41.3293459],[28.6127912,41.3293657],[28.6129169,41.3294023],[28.6130386,41.3294459],[28.6131556,41.3294963],[28.6132673,41.329553],[28.6134206,41.329568],[28.6135718,41.3295923],[28.6137199,41.3296255],[28.6138371,41.3296589],[28.6139511,41.3296979],[28.6140615,41.3297424],[28.6141679,41.3297922],[28.6143798,41.329897],[28.614587,41.3300072],[28.6147848,41.3301718],[28.6148223,41.3301817],[28.6148617,41.330186],[28.6149015,41.3301844],[28.6149385,41.3301775],[28.6149732,41.3301656],[28.6150043,41.3301491],[28.6150309,41.3301285],[28.6151548,41.3302161],[28.615283,41.3303002],[28.6154684,41.3304114],[28.6155627,41.3304655],[28.6156612,41.3305152],[28.6157693,41.3305628],[28.6158812,41.3306052],[28.6159965,41.3306421],[28.6160319,41.3306428],[28.6160669,41.3306386],[28.6161035,41.3306285],[28.6161367,41.3306131],[28.6161651,41.3305931],[28.6161876,41.3305691],[28.6163277,41.3303309],[28.616306,41.3302759],[28.6162753,41.3302235],[28.6162359,41.3301743],[28.6161862,41.3301275],[28.6161287,41.330086],[28.6160644,41.3300505],[28.6159945,41.3300218],[28.6159676,41.3299524],[28.6159448,41.3298823],[28.6159191,41.3297803],[28.6159019,41.3296774],[28.6158677,41.3295846],[28.6158402,41.3294905],[28.6158189,41.3293927],[28.6158048,41.329294],[28.615798,41.329195],[28.6157804,41.3290973],[28.6157699,41.328999],[28.6157665,41.3289004],[28.6157716,41.3287843],[28.6157866,41.3286686],[28.6157956,41.3286109],[28.6158114,41.328554],[28.6158423,41.3284808],[28.6158842,41.3284109],[28.6159367,41.328345],[28.615999,41.3282842],[28.6160702,41.3282292],[28.6163224,41.3279457],[28.6166724,41.3277533],[28.6167163,41.3276991],[28.6167669,41.3276482],[28.6168237,41.3276012],[28.6168863,41.3275585],[28.6169678,41.3275135],[28.6170556,41.3274759],[28.6171485,41.327446],[28.6172454,41.3274242],[28.6173449,41.3274109],[28.6175632,41.327387],[28.6177826,41.32737],[28.6180028,41.3273601],[28.618213,41.3273458],[28.6184225,41.3273268],[28.6186383,41.3272991],[28.6188519,41.3272634],[28.6189584,41.3272443],[28.6190629,41.3272196],[28.6191896,41.3271811],[28.6193114,41.3271345],[28.6194273,41.32708],[28.6195363,41.3270181],[28.6198488,41.3267915],[28.6199187,41.3267796],[28.6199856,41.3267603],[28.620048,41.3267342],[28.6201049,41.3267017],[28.620155,41.3266635],[28.6201975,41.3266203],[28.6202677,41.3265426],[28.6203467,41.3264699],[28.6204339,41.3264026],[28.6205287,41.3263414],[28.620633,41.3262853],[28.6207436,41.3262366],[28.6208596,41.3261956],[28.6209801,41.3261626],[28.6211041,41.3261379],[28.6211498,41.3261145],[28.6211898,41.3260857],[28.6212227,41.3260523],[28.621248,41.3260149],[28.6212646,41.3259748],[28.6212718,41.3259331],[28.6212697,41.3258912],[28.62126,41.3258342],[28.6212427,41.3257782],[28.6212179,41.3257238],[28.6211859,41.3256716],[28.6210211,41.3255573],[28.6208627,41.325438],[28.6207262,41.3253271],[28.6205952,41.3252126],[28.6204697,41.3250945],[28.6203599,41.3249644],[28.6202471,41.3248357],[28.6200482,41.3246204],[28.6199476,41.3245133],[28.6198407,41.3244097],[28.6197129,41.324297],[28.6195778,41.3241893],[28.6194356,41.3240868],[28.6192869,41.3239897],[28.6188329,41.3236563],[28.6187044,41.3235447],[28.6185682,41.3234385],[28.6184244,41.323338],[28.6182737,41.3232434],[28.6181387,41.3231671],[28.6179992,41.3230955],[28.6178555,41.3230289],[28.6177077,41.3229674],[28.6176205,41.3229342],[28.6174515,41.3228699],[28.6172003,41.3227653],[28.6169546,41.3226536],[28.6167145,41.3225351],[28.6164806,41.32241],[28.6162866,41.3222984],[28.6160974,41.3221822],[28.6159133,41.3220615],[28.6158655,41.3219951],[28.6158288,41.3219249],[28.6158037,41.3218518],[28.6157906,41.321777],[28.6157892,41.3217092],[28.6157977,41.3216418],[28.6158159,41.3215755],[28.6158436,41.3215111],[28.6158827,41.3214466],[28.6159316,41.321386],[28.6159897,41.3213302],[28.6160561,41.3212799],[28.6165322,41.3209611],[28.6167107,41.3208757],[28.6168936,41.3207957],[28.6170807,41.3207214],[28.6172547,41.3206588],[28.6174315,41.320601],[28.6176112,41.3205482],[28.6177484,41.3205308],[28.6178844,41.3205086],[28.6180189,41.3204817],[28.6181876,41.3204406],[28.6183527,41.320392],[28.6184342,41.3203657],[28.6185137,41.3203362],[28.6186132,41.3202931],[28.6187084,41.3202448],[28.6187987,41.3201916],[28.6188839,41.3201337],[28.6189844,41.3200797],[28.6190774,41.3200186],[28.6191619,41.3199509],[28.6192372,41.3198774],[28.6193034,41.3197976],[28.6193586,41.3197133],[28.6194024,41.3196253],[28.6194344,41.3195344],[28.6194531,41.3194506],[28.619462,41.3193659],[28.6194611,41.319281],[28.6194503,41.3191964],[28.6194297,41.3191129],[28.6194062,41.3189726],[28.619374,41.3188334],[28.6193331,41.3186954],[28.6192888,41.3185719],[28.6192376,41.31845],[28.6191796,41.3183298],[28.618906,41.3178428],[28.6189207,41.3177118],[28.6189507,41.3175459],[28.618966,41.3174628],[28.6189932,41.3173814],[28.619024,41.3173167],[28.6190623,41.3172543],[28.6191078,41.3171946],[28.6191528,41.3171475],[28.6192035,41.3171037],[28.6192594,41.3170637],[28.6193562,41.3170036],[28.6194597,41.3169502],[28.6195692,41.316904],[28.6197163,41.3168344],[28.6198684,41.3167712],[28.6200251,41.3167146],[28.6202017,41.3166604],[28.6203823,41.3166146],[28.6205665,41.3165774],[28.6207534,41.3165489],[28.6210633,41.3165085],[28.621375,41.3164764],[28.6214947,41.3164946],[28.6216158,41.3165069],[28.6217377,41.3165132],[28.6218575,41.3165136],[28.621977,41.3165082],[28.6220958,41.3164971],[28.6223248,41.3164692],[28.6224387,41.3164527],[28.6225518,41.3164331],[28.6227198,41.3163982],[28.6228851,41.3163567],[28.6230473,41.3163087],[28.6232134,41.3162506],[28.6233743,41.3161849],[28.6234546,41.3161517],[28.6235294,41.3161118],[28.6236016,41.3160628],[28.6236654,41.3160076],[28.6237199,41.3159471],[28.6239693,41.315656],[28.6240717,41.3155601],[28.6241672,41.3154603],[28.6242557,41.3153568],[28.6243364,41.3152505],[28.6244096,41.3151412],[28.624475,41.3150291],[28.6245057,41.3149724],[28.6245326,41.3149146],[28.6245712,41.3148095],[28.6245977,41.3147023],[28.624603,41.3146479],[28.6246117,41.3145938],[28.6246339,41.3145042],[28.6246655,41.3144162],[28.6246844,41.3143729],[28.6247063,41.3143304],[28.6247548,41.3142539],[28.6248131,41.3141813],[28.6248806,41.3141133],[28.624953,41.3140319],[28.6250193,41.3139475],[28.6250791,41.3138605],[28.6252032,41.3136913],[28.6253352,41.3135256],[28.6254283,41.3133872],[28.6255281,41.3132515],[28.6256343,41.3131186],[28.6257775,41.3129552],[28.6259304,41.312797],[28.626093,41.3126441],[28.6262459,41.3124872],[28.6263899,41.3123256],[28.6265248,41.3121596],[28.626586,41.3121419],[28.6266422,41.3121163],[28.6266782,41.3120936],[28.6267101,41.3120676],[28.6267374,41.3120387],[28.6268368,41.3118909],[28.6269426,41.3117456],[28.6270783,41.3115738],[28.6271492,41.3114893],[28.6272229,41.3114061],[28.627329,41.3112939],[28.6274404,41.3111846],[28.6275568,41.3110782],[28.6276362,41.3110061],[28.627721,41.3109375],[28.6278109,41.3108727],[28.6279311,41.3107968],[28.6280583,41.3107277],[28.6281918,41.3106657],[28.6283982,41.3105667],[28.6286022,41.3104648],[28.6287715,41.3103872],[28.6289444,41.3103141],[28.6291205,41.3102457],[28.6292957,41.3101858],[28.6294747,41.3101325],[28.629657,41.310086],[28.6299622,41.3100149],[28.6301151,41.3099798],[28.6302705,41.3099515],[28.6304333,41.3099293],[28.6305976,41.3099146],[28.6307627,41.3099072],[28.6309417,41.3098922],[28.6311194,41.3098701],[28.6312953,41.3098408],[28.6313828,41.3098247],[28.6314688,41.3098044],[28.6315831,41.3097702],[28.6316931,41.3097288],[28.6317978,41.3096803],[28.6318966,41.3096251],[28.6319961,41.3095591],[28.6320877,41.3094869],[28.6321705,41.309409],[28.6322439,41.3093259],[28.6323656,41.3092122],[28.6324954,41.3091038],[28.6326201,41.3090102],[28.632751,41.3089214],[28.6328877,41.3088377],[28.6330298,41.3087593],[28.633176,41.3086734],[28.6333262,41.3085915],[28.633481,41.3085136],[28.6336396,41.30844],[28.6337194,41.3084039],[28.6338016,41.3083709],[28.6339314,41.3083267],[28.6340653,41.3082902],[28.6342026,41.3082616],[28.6343982,41.308185],[28.6345991,41.3081166],[28.6348048,41.3080566],[28.6349855,41.3080119],[28.6351688,41.3079736],[28.6353544,41.307942],[28.6355417,41.3079171],[28.6357004,41.3078902],[28.6358574,41.3078583],[28.6360124,41.3078214],[28.6362437,41.3077718],[28.6364771,41.3077282],[28.6365881,41.3077371],[28.6366998,41.3077383],[28.6367887,41.3077336],[28.6368769,41.307724],[28.636964,41.3077096],[28.6371259,41.3076573],[28.6372858,41.3076018],[28.6374916,41.3075242],[28.6376935,41.3074411],[28.6377534,41.3074582],[28.6378156,41.3074698],[28.6378837,41.3074758],[28.6379522,41.3074751],[28.6380201,41.3074678],[28.6382923,41.3073741],[28.6385241,41.3073001],[28.6387584,41.3072305],[28.6387766,41.307245],[28.6387987,41.3072561],[28.6388234,41.3072633],[28.6388564,41.3072662],[28.6388892,41.3072623],[28.6389193,41.3072517],[28.6390334,41.3072173],[28.63915,41.3071882],[28.6392688,41.3071645],[28.6393894,41.3071464],[28.6395133,41.3071337],[28.6396381,41.3071269],[28.6397633,41.3071259],[28.6398882,41.3071308],[28.6400351,41.3071808],[28.640186,41.3072237],[28.6403402,41.3072593],[28.6404716,41.3072833],[28.6406045,41.307302],[28.6407385,41.3073153],[28.6408733,41.3073232],[28.6410385,41.3073252],[28.6412035,41.3073186],[28.6413675,41.3073036],[28.6417202,41.3073806],[28.6417699,41.3073526],[28.641824,41.3073298],[28.6418818,41.3073126],[28.6419508,41.3073003],[28.6420215,41.307296],[28.6420923,41.3072998],[28.6421614,41.3073116],[28.6422387,41.3072845],[28.6423189,41.3072628],[28.6424015,41.3072467],[28.6425083,41.3072343],[28.6426163,41.3072313],[28.642724,41.3072376],[28.6428273,41.3072366],[28.6429301,41.3072289],[28.6430316,41.3072144],[28.643131,41.3071933],[28.64339,41.307133],[28.643646,41.3070658],[28.6437825,41.3070402],[28.6439167,41.3070085],[28.6440482,41.3069708],[28.6441764,41.3069273],[28.6442959,41.3068803],[28.6444117,41.3068283],[28.6445233,41.3067713],[28.6446304,41.3067097],[28.6447403,41.3066536],[28.6448542,41.3066021],[28.6449717,41.3065556],[28.6451897,41.3064742],[28.6454035,41.3063868],[28.6455804,41.3063086],[28.6457539,41.3062263],[28.6458375,41.3061816],[28.6459239,41.30614],[28.6460628,41.3060821],[28.6462073,41.3060323],[28.6463564,41.3059909],[28.6465116,41.3059553],[28.6466693,41.3059265],[28.646829,41.3059046],[28.6469901,41.3058897],[28.6471651,41.3058691],[28.647339,41.3058441],[28.6475117,41.3058146],[28.6478635,41.3057514],[28.6480381,41.3057161],[28.6482138,41.3056841],[28.6484486,41.3056471],[28.648685,41.3056162],[28.6489226,41.3055915],[28.6491723,41.3055653],[28.6494208,41.305533],[28.6496734,41.3054937],[28.649924,41.305448],[28.6501725,41.305396],[28.6503367,41.3053747],[28.6504985,41.3053446],[28.6506571,41.305306],[28.6508115,41.305259],[28.6509514,41.3052078],[28.6510198,41.3051799],[28.6510865,41.3051497],[28.6511802,41.3051017],[28.6512695,41.305049],[28.6513539,41.3049921],[28.6514331,41.3049311],[28.6515055,41.3048672],[28.651572,41.3047997],[28.6516042,41.3047654],[28.6516323,41.3047291],[28.6516604,41.3046834],[28.6516821,41.3046357],[28.6516971,41.3045866],[28.6517054,41.3045367],[28.6517623,41.3043935],[28.6518127,41.304249],[28.6518527,41.3041165],[28.6518701,41.304073],[28.6518816,41.3040283],[28.6518871,41.3039831],[28.6518851,41.303924],[28.6518729,41.3038656],[28.6518506,41.3038089],[28.6518187,41.3037549],[28.6517398,41.3036805],[28.6516664,41.303603],[28.6515988,41.3035227],[28.6515202,41.303415],[28.6514879,41.3033586],[28.6514519,41.3033035],[28.6513989,41.3032331],[28.6513398,41.3031655],[28.6512749,41.303101],[28.6512246,41.3030392],[28.6511824,41.3029741],[28.6511979,41.3029416],[28.6512202,41.3029114],[28.6512468,41.302886],[28.6512782,41.302864],[28.6513138,41.3028459],[28.6513692,41.302824],[28.651428,41.3028078],[28.6514891,41.3027975],[28.6515515,41.3027935],[28.6516239,41.3027823],[28.6516938,41.3027642],[28.6517276,41.3027529],[28.65176,41.3027396],[28.6518098,41.3027133],[28.6518543,41.3026822],[28.6518927,41.3026467],[28.6519241,41.3026076],[28.6519481,41.3025656],[28.6519659,41.3025191],[28.6519756,41.3024714],[28.6519461,41.3024445],[28.6519231,41.3024144],[28.6519072,41.3023817],[28.6518983,41.3023403],[28.6519007,41.3022984],[28.6519061,41.3022778],[28.6519146,41.3022578],[28.6519331,41.3022294],[28.651958,41.302204],[28.6519884,41.3021822],[28.6520267,41.3021913],[28.6520661,41.3021968],[28.6521275,41.3021983],[28.6521882,41.3021913],[28.6523695,41.3021646],[28.6525483,41.3021298],[28.6526946,41.3020943],[28.6528437,41.3020659],[28.6529949,41.3020447],[28.6531304,41.302032],[28.6532667,41.3020251],[28.6534032,41.302024],[28.6535231,41.302028],[28.6536426,41.3020366],[28.6537613,41.3020497],[28.653864,41.3020686],[28.6539642,41.3020942],[28.6540609,41.3021263],[28.6541536,41.3021646],[28.6543123,41.3022229],[28.6544754,41.3022739],[28.6546336,41.3023151],[28.6547946,41.3023494],[28.6550822,41.3024094],[28.6553143,41.3024578],[28.6557911,41.3025363],[28.6562189,41.3025887],[28.6562591,41.3025628],[28.6563047,41.3025424],[28.6563458,41.3025301],[28.6563888,41.3025223],[28.6564328,41.3025192],[28.6566789,41.302497],[28.6567457,41.3024691],[28.6568158,41.302446],[28.6568885,41.3024281],[28.6569632,41.3024154],[28.6570514,41.3024075],[28.6571403,41.302407],[28.6572287,41.3024139],[28.6573309,41.3023937],[28.657435,41.30238],[28.6575402,41.3023728],[28.6576458,41.3023721],[28.6577367,41.3023768],[28.657827,41.3023864],[28.657916,41.3024008],[28.6580683,41.3024505],[28.6582191,41.3025026],[28.6583888,41.3025646],[28.6584738,41.3025953],[28.6585564,41.3026295],[28.6586583,41.302678],[28.6587554,41.3027317],[28.6588474,41.3027902],[28.6589325,41.3028548],[28.6590097,41.3029247],[28.6590596,41.3029791],[28.6591039,41.3030361],[28.6591262,41.3030647],[28.6591425,41.3030955],[28.6591534,41.3031326],[28.6591557,41.3031706],[28.6591493,41.3032083],[28.6591344,41.3032446],[28.6591279,41.3033221],[28.659112,41.3033989],[28.6590868,41.3034743],[28.6590562,41.3035409],[28.6590183,41.3036054],[28.6589734,41.3036673],[28.6589219,41.3037262],[28.6588838,41.3037825],[28.6588538,41.3038414],[28.6588323,41.3039025],[28.6588194,41.3039648],[28.6588152,41.3040279],[28.6588179,41.3041488],[28.6588119,41.3041732],[28.658798,41.3041956],[28.658777,41.3042148],[28.6587486,41.3042302],[28.6587157,41.3042393],[28.6586808,41.3042417],[28.6586463,41.3042369],[28.658565,41.3042232],[28.6584821,41.3042172],[28.6583988,41.3042188],[28.6583176,41.304228],[28.6582385,41.3042445],[28.6581626,41.3042681],[28.6580911,41.3042984],[28.6580479,41.3043517],[28.6580096,41.304407],[28.6579708,41.3044744],[28.6579392,41.304544],[28.6579237,41.3045907],[28.6579124,41.3046382],[28.6579111,41.3046759],[28.6579166,41.3047134],[28.6579288,41.30475],[28.6579761,41.3048281],[28.6579734,41.3048465],[28.6579759,41.3048649],[28.6579834,41.3048825],[28.6580008,41.3049035],[28.6580253,41.30492],[28.6580548,41.3049308],[28.6580858,41.3049364],[28.6581175,41.3049369],[28.6582527,41.3049245],[28.6583012,41.3049176],[28.6583505,41.3049151],[28.6583998,41.3049172],[28.6584462,41.3049234],[28.6584914,41.3049336],[28.6584929,41.3050098],[28.6584155,41.3050102],[28.6584168,41.3051446],[28.6584667,41.3051443],[28.6584454,41.305173],[28.6584254,41.3051903],[28.6584019,41.3052047],[28.6583305,41.3052154],[28.6582584,41.3052225],[28.6581477,41.3052262],[28.6580371,41.3052215],[28.6579994,41.3052415],[28.6579663,41.3052658],[28.6579375,41.3052952],[28.6579157,41.3053279],[28.6579013,41.3053628],[28.6579053,41.3054247],[28.6579022,41.3054619],[28.6578949,41.3054988],[28.6579405,41.3055587],[28.6579654,41.3056055],[28.657996,41.3056503],[28.658032,41.3056927],[28.6580832,41.3057409],[28.6581108,41.3057638],[28.6581413,41.3057844],[28.6581887,41.3058092],[28.6582403,41.3058288],[28.6582951,41.3058426],[28.6583519,41.3058504],[28.6584547,41.3058501],[28.6585572,41.3058553],[28.658659,41.305866],[28.6587514,41.3058806],[28.6588422,41.3058998],[28.6589313,41.3059234],[28.6590327,41.3059586],[28.6591289,41.3060012],[28.6592189,41.3060509],[28.6593545,41.3061315],[28.6594851,41.3062166],[28.6594409,41.3062335],[28.6594024,41.306257],[28.6593713,41.306286],[28.659349,41.3063193],[28.6593364,41.3063558],[28.6593343,41.3063935],[28.659343,41.3064307],[28.6593596,41.3064739],[28.659383,41.3065154],[28.6594127,41.3065546],[28.659581,41.3068004],[28.6596531,41.3068372],[28.6597312,41.3068664],[28.6598081,41.3068861],[28.6598876,41.3068985],[28.6599686,41.3069031],[28.6600497,41.3069001],[28.6601614,41.3068829],[28.6602742,41.3068705],[28.6603877,41.3068628],[28.6605209,41.3068601],[28.6606541,41.3068639],[28.6607867,41.3068744],[28.6609433,41.306849],[28.6611012,41.3068287],[28.6612601,41.3068135],[28.6614298,41.3068029],[28.6616,41.3067982],[28.6617704,41.3067994],[28.6619514,41.3068392],[28.6620847,41.3068325],[28.6622176,41.306823],[28.6624391,41.306801],[28.6626589,41.3067712],[28.6627892,41.3067585],[28.6629179,41.3067388],[28.6630444,41.3067122],[28.6631418,41.3066866],[28.6632372,41.3066568],[28.6633287,41.3066261],[28.663427,41.3066402],[28.6635265,41.3066483],[28.6636266,41.3066502],[28.6637265,41.306646],[28.6638256,41.3066357],[28.6638905,41.3066314],[28.6639556,41.3066343],[28.6640194,41.3066442],[28.6640829,41.3066618],[28.6641421,41.3066863],[28.6641958,41.3067173],[28.6642789,41.3067611],[28.6643547,41.306812],[28.6644235,41.3068705],[28.6644826,41.3069348],[28.664531,41.3070039],[28.6645637,41.3070558],[28.6645877,41.3071103],[28.6646028,41.3071666],[28.6646084,41.3072163],[28.6646071,41.3072662],[28.6645988,41.3073157],[28.6645807,41.3073642],[28.6645699,41.3074139],[28.6645666,41.3074606],[28.6645698,41.3075072],[28.6645793,41.3075534],[28.664588,41.3076344],[28.66459,41.307675],[28.6645867,41.3077156],[28.6645761,41.307763],[28.6645583,41.3078092],[28.6645335,41.3078535],[28.6645022,41.3078954],[28.664346,41.3080561],[28.6642396,41.308171],[28.6641361,41.3082873],[28.6640859,41.3085696],[28.6640234,41.3088504],[28.6639508,41.3091224],[28.6639289,41.3092134],[28.6639008,41.3093035],[28.6638665,41.3093924],[28.66382,41.3094918],[28.6637657,41.309589],[28.6637038,41.3096836],[28.6636721,41.3097306],[28.6636345,41.3097752],[28.6635823,41.3098247],[28.6635229,41.3098693],[28.663457,41.3099085],[28.6633856,41.3099418],[28.6633095,41.3099686],[28.6632299,41.3099888],[28.6631477,41.3100019],[28.6629117,41.3099404],[28.6628918,41.3100067],[28.662864,41.3100713],[28.6628285,41.3101338],[28.662775,41.3102067],[28.662711,41.3102747],[28.6626374,41.3103369],[28.6625551,41.3103926],[28.6624651,41.3104411],[28.6623853,41.3104906],[28.6622999,41.3105345],[28.6622095,41.3105725],[28.662115,41.3106042],[28.6620171,41.3106295],[28.6619154,41.3106481],[28.6618119,41.3106598],[28.6617074,41.3106643],[28.6616027,41.3106617],[28.6614629,41.310652],[28.6613242,41.3106353],[28.6611873,41.3106116],[28.6611187,41.3105999],[28.6610529,41.3105811],[28.6609934,41.3105568],[28.6609387,41.3105267],[28.6608899,41.3104915],[28.6608477,41.3104517],[28.6608218,41.3105247],[28.660788,41.3105959],[28.6607464,41.3106647],[28.6606978,41.3107303],[28.660642,41.3107927],[28.6605797,41.3108513],[28.6605111,41.310906],[28.660157,41.3110984],[28.6597024,41.3113401],[28.6594556,41.3114479],[28.6593259,41.311493],[28.6592994,41.311498],[28.6592722,41.3114998],[28.6592304,41.3114966],[28.6591908,41.3114861],[28.6591554,41.311469],[28.6591264,41.3114462],[28.6590816,41.3113918],[28.6590168,41.3113995],[28.6585466,41.3108524],[28.6584902,41.3108797],[28.6589364,41.3113989],[28.6589137,41.3114166],[28.6588997,41.3114389],[28.6588958,41.3114624],[28.6589018,41.3114857],[28.658923,41.3115278],[28.6589372,41.3115715],[28.658944,41.3116162],[28.658943,41.3116651],[28.6589333,41.3117134],[28.6589149,41.3117604],[28.6588883,41.311805],[28.6588504,41.3118526],[28.6588048,41.3118961],[28.6587522,41.311935],[28.6586746,41.311987],[28.6585932,41.3120356],[28.6585081,41.3120805],[28.6582853,41.3121934],[28.6580582,41.3123012],[28.6578388,41.3124108],[28.6576163,41.3125167],[28.6574309,41.3126011],[28.6572435,41.3126829],[28.6570574,41.3127544],[28.6568666,41.3128184],[28.6566088,41.3128982],[28.6563476,41.3129715],[28.6562201,41.313001],[28.6560956,41.3130372],[28.6559748,41.3130798],[28.655844,41.3131353],[28.6557195,41.3131984],[28.655602,41.3132687],[28.6552486,41.3134822],[28.6548302,41.313727],[28.6547138,41.3137876],[28.6546032,41.3138541],[28.6544989,41.313926],[28.6544063,41.3139988],[28.6543201,41.314076],[28.6542407,41.3141571],[28.654122,41.3142682],[28.6540743,41.3142998],[28.6540321,41.3143355],[28.653996,41.3143747],[28.6539629,41.3144231],[28.6539391,41.3144745],[28.653925,41.3145279],[28.6539209,41.3145822],[28.6539061,41.3146752],[28.6538982,41.3147686],[28.6538974,41.3148622],[28.6539049,41.3149674],[28.6539212,41.3150719],[28.6539464,41.3151755],[28.6540584,41.3154294],[28.6541636,41.3156897],[28.6541572,41.3157491],[28.6541572,41.3158087],[28.6541636,41.315868],[28.6541788,41.3159353],[28.6542022,41.3160013],[28.6542337,41.3160653],[28.6542729,41.3161269],[28.6543509,41.3162243],[28.6544318,41.3163203],[28.6545494,41.3164514],[28.6546726,41.3165797],[28.6548087,41.3167163],[28.6548737,41.3167865],[28.6549482,41.3168511],[28.655019,41.3169017],[28.6550957,41.3169474],[28.6551356,41.3169686],[28.6551775,41.3169876],[28.6552459,41.3170124],[28.6553175,41.3170313],[28.6553916,41.3170439],[28.655467,41.3170502],[28.655543,41.3170501],[28.6556553,41.3170257],[28.65577,41.3170088],[28.6558863,41.3169992],[28.6559842,41.316997],[28.6560822,41.317],[28.6561795,41.3170083],[28.6562759,41.3170219],[28.6563522,41.3170274],[28.6564288,41.3170294],[28.6565064,41.3170277],[28.6565837,41.3170224],[28.6566977,41.3170062],[28.656813,41.3169965],[28.656929,41.3169931],[28.6570626,41.3169973],[28.6571952,41.3170099],[28.65726,41.3170226],[28.657326,41.3170309],[28.6574142,41.3170351],[28.6575024,41.3170313],[28.6575895,41.3170198],[28.657704,41.3169979],[28.6578156,41.3169686],[28.6579234,41.3169322],[28.6580328,41.3168883],[28.6581378,41.3168387],[28.6582379,41.3167836],[28.6585779,41.3165444],[28.6586895,41.316455],[28.6588074,41.3163703],[28.6589313,41.3162906],[28.6590695,41.3162112],[28.6592136,41.316138],[28.6593704,41.3160697],[28.6595334,41.31601],[28.6596582,41.3159672],[28.6597815,41.3159219],[28.6599214,41.315867],[28.6599926,41.3158412],[28.6600591,41.3158091],[28.6601115,41.3157772],[28.6601593,41.3157415],[28.660202,41.3157023],[28.6603193,41.3155704],[28.6604407,41.315445],[28.6606552,41.3152294],[28.6607324,41.3151299],[28.6608191,41.3150349],[28.6609147,41.3149448],[28.6609865,41.3148853],[28.6610217,41.3148549],[28.6610623,41.3148285],[28.6611066,41.314807],[28.6611545,41.3147902],[28.6612343,41.314768],[28.6613167,41.3147519],[28.6615819,41.3147056],[28.6617791,41.3146759],[28.6618776,41.3146603],[28.6619772,41.31465],[28.6621097,41.3146446],[28.6622423,41.3146485],[28.6623084,41.3146536],[28.6623739,41.3146618],[28.6624794,41.3146822],[28.6625815,41.3147108],[28.662679,41.3147474],[28.6627685,41.3147728],[28.6628609,41.3147917],[28.6629552,41.3148038],[28.6630559,41.3147291],[28.6631645,41.3146608],[28.663247,41.3146159],[28.6633329,41.3145747],[28.663376,41.3145541],[28.6634219,41.3145374],[28.6634901,41.314521],[28.6635609,41.3145131],[28.6636325,41.3145141],[28.6637029,41.3145238],[28.6639362,41.3145535],[28.6641703,41.3145797],[28.6643791,41.3145954],[28.6644842,41.3145954],[28.6645887,41.3146039],[28.6646949,41.3146213],[28.6647979,41.3146475],[28.6648965,41.3146819],[28.6650816,41.3147404],[28.6652432,41.3146501],[28.6654108,41.3145661],[28.6655501,41.3145031],[28.6656928,41.3144445],[28.6658386,41.3143903],[28.6660011,41.3143376],[28.6661672,41.3142916],[28.6663729,41.3142424],[28.6665816,41.314201],[28.6667126,41.3141561],[28.6668477,41.3141184],[28.6669859,41.3140882],[28.6671267,41.3140655],[28.6672677,41.3140506],[28.6674097,41.3140432],[28.6675521,41.3140435],[28.667694,41.3140514],[28.6678633,41.3140684],[28.6680307,41.3140936],[28.6681956,41.3141269],[28.6683079,41.314213],[28.6684109,41.3143054],[28.668504,41.3144035],[28.6685866,41.3145068],[28.6686583,41.3146146],[28.6687186,41.3147263],[28.6687663,41.3148386],[28.6688023,41.3149534],[28.6688267,41.3150699],[28.6688391,41.3151874],[28.6688396,41.3153053],[28.6688282,41.3154229],[28.6688048,41.3155395],[28.6687697,41.3156544],[28.668723,41.315767],[28.668665,41.3158766],[28.6678965,41.3161314],[28.6667848,41.316486],[28.666624,41.3165046],[28.6664649,41.3165298],[28.666335,41.3165556],[28.6662067,41.3165857],[28.6660793,41.3166389],[28.6659466,41.3166844],[28.6658232,41.3167185],[28.6656969,41.3167459],[28.6655684,41.3167665],[28.6653757,41.3167854],[28.6651842,41.3168103],[28.6649551,41.3168485],[28.6647288,41.3168954],[28.664476,41.3169618],[28.6642199,41.3170208],[28.6639822,41.3170686],[28.6637425,41.31711],[28.663523,41.3171399],[28.6633021,41.3171626],[28.66308,41.317178],[28.6630106,41.3171865],[28.6629437,41.3172028],[28.6628808,41.3172263],[28.662829,41.3172533],[28.6627824,41.3172852],[28.662742,41.3173215],[28.6627007,41.3173698],[28.6626685,41.3174218],[28.6626461,41.3174766],[28.6626328,41.3175394],[28.6626319,41.317603],[28.6626434,41.317666],[28.6626683,41.3177568],[28.6627024,41.3178458],[28.6627037,41.3178819],[28.6626969,41.3179176],[28.6626823,41.317952],[28.6626607,41.3179837],[28.6626326,41.3180123],[28.6625986,41.3180371],[28.6625596,41.3180573],[28.6624931,41.3180832],[28.6624221,41.3181011],[28.6623482,41.31811],[28.6622733,41.3181097],[28.6621995,41.3181001],[28.6617516,41.3178282],[28.66169,41.3178508],[28.6616244,41.3178657],[28.6615565,41.3178725],[28.6614864,41.3178708],[28.6614177,41.3178604],[28.66136,41.3178586],[28.6613026,41.317863],[28.6612465,41.3178734],[28.661193,41.3178896],[28.6610573,41.3179343],[28.6609895,41.3179569],[28.6609241,41.3179833],[28.6608537,41.3180173],[28.6607873,41.3180557],[28.6607255,41.3180982],[28.6606687,41.3181444],[28.6605761,41.3182273],[28.6604903,41.3183142],[28.6604817,41.3183717],[28.6604646,41.3184282],[28.6604393,41.3184829],[28.6604111,41.318528],[28.6603773,41.318571],[28.6603381,41.3186113],[28.6601443,41.3186143],[28.6600813,41.3187336],[28.6600082,41.3188495],[28.6599293,41.3189564],[28.6598418,41.3190594],[28.659746,41.3191582],[28.659624,41.3192747],[28.6594959,41.3193874],[28.6593681,41.3195269],[28.6592317,41.3196618],[28.6591123,41.3197698],[28.6589875,41.3198743],[28.6588573,41.319975],[28.658722,41.3200718],[28.6585126,41.320211],[28.6582952,41.3203432],[28.6580703,41.3204681],[28.6578383,41.3205854],[28.6578153,41.3206442],[28.6577814,41.3207],[28.6577374,41.3207516],[28.657684,41.320798],[28.6576276,41.3208353],[28.6575651,41.3208667],[28.6574976,41.3208917],[28.6574264,41.3209099],[28.6573527,41.3209209],[28.6572776,41.3209246],[28.6572026,41.3209208],[28.6571065,41.3209095],[28.6570125,41.3208909],[28.6569214,41.3208653],[28.6568343,41.3208328],[28.656752,41.3207939],[28.6560707,41.3203024],[28.655834,41.3199841],[28.6555678,41.3197192],[28.655584,41.3196869],[28.6555932,41.319653],[28.6555953,41.3196185],[28.6555871,41.3195743],[28.6555672,41.3195323],[28.6555362,41.3194941],[28.6551855,41.3191325],[28.6551591,41.3190879],[28.6551393,41.3190414],[28.6551275,41.3189993],[28.6551213,41.3189565],[28.6551205,41.3189135],[28.6547249,41.318714],[28.653933,41.3183189],[28.6539195,41.318299],[28.6539119,41.3182775],[28.6539105,41.3182552],[28.6539167,41.3182294],[28.6539312,41.3182055],[28.6539531,41.318185],[28.6540757,41.318226],[28.6542008,41.3182625],[28.6543353,41.318296],[28.6543522,41.3182727],[28.6543604,41.3182469],[28.6543602,41.3182246],[28.6543534,41.3182028],[28.6543403,41.3181827],[28.6542544,41.3181057],[28.654164,41.3180316],[28.6540655,41.3179581],[28.6539626,41.3178881],[28.6538555,41.3178219],[28.6537385,41.3177468],[28.6536161,41.3176766],[28.6534765,41.3176056],[28.6533315,41.3175411],[28.6531092,41.3175],[28.6529281,41.3174734],[28.6528251,41.3174619],[28.652773,41.3174595],[28.6527216,41.317453],[28.6526712,41.3174422],[28.6526226,41.3174275],[28.6525764,41.3174089],[28.6524306,41.3173441],[28.6522906,41.3172725],[28.6521568,41.3171944],[28.65203,41.3171101],[28.651969,41.3170659],[28.6519106,41.3170198],[28.6518087,41.3169291],[28.6517168,41.3168327],[28.6516352,41.3167311],[28.6515646,41.316625],[28.6514542,41.3164687],[28.651338,41.3163149],[28.6512159,41.3161637],[28.6510335,41.3159854],[28.6509613,41.3159906],[28.6508888,41.3159878],[28.6508176,41.3159773],[28.6507499,41.3159594],[28.6506862,41.3159344],[28.650628,41.3159029],[28.6505764,41.3158654],[28.6505325,41.3158228],[28.650497,41.3157759],[28.6503974,41.3156523],[28.6502882,41.3155334],[28.6501697,41.3154196],[28.6500425,41.3153112],[28.649907,41.3152088],[28.6497782,41.3151218],[28.6496434,41.3150401],[28.649503,41.3149639],[28.6493573,41.3148935],[28.6492069,41.314829],[28.6490129,41.3147552],[28.6488138,41.3146896],[28.6486101,41.3146324],[28.6484025,41.3145838],[28.6481917,41.3145439],[28.6479793,41.3145175],[28.6477686,41.3144842],[28.6475601,41.3144441],[28.6473541,41.3143971],[28.647151,41.3143435],[28.6469333,41.3142775],[28.6467201,41.3142039],[28.6465118,41.3141227],[28.6463088,41.3140342],[28.6463201,41.3139934],[28.6463208,41.3139516],[28.6463141,41.3139194],[28.646301,41.3138883],[28.646282,41.313859],[28.6459158,41.3137331],[28.6457643,41.3138449],[28.6456691,41.313766],[28.6455655,41.3136932],[28.6454544,41.313627],[28.6453365,41.3135679],[28.6452145,41.313517],[28.6450874,41.3134736],[28.6449562,41.3134381],[28.6448215,41.3134107],[28.6445714,41.3132498],[28.6443186,41.3130914],[28.6439664,41.3128775],[28.6436091,41.3126683],[28.6434295,41.3125646],[28.643247,41.3124638],[28.6430298,41.3123494],[28.6428089,41.3122389],[28.6425845,41.3121324],[28.6423047,41.3120066],[28.6420206,41.3118864],[28.6417323,41.3117719],[28.6414401,41.3116632],[28.6412938,41.311609],[28.6411442,41.3115603],[28.6409697,41.3115114],[28.6407918,41.3114701],[28.6406111,41.3114362],[28.6404282,41.31141],[28.6402436,41.3113916],[28.6400579,41.3113809],[28.6398268,41.3113765],[28.6395957,41.3113818],[28.6393654,41.3113967],[28.6391366,41.3114213],[28.6389099,41.3114555],[28.6385955,41.3115091],[28.6382833,41.3115697],[28.6379736,41.3116371],[28.6378195,41.3116727],[28.6376667,41.3117114],[28.637433,41.3117772],[28.6372031,41.3118503],[28.6369774,41.3119304],[28.6367563,41.3120174],[28.6365402,41.3121113],[28.6362283,41.3122415],[28.6359131,41.3123671],[28.6355947,41.312488],[28.6355275,41.3125763],[28.63547,41.3126683],[28.6354257,41.3127561],[28.6353903,41.3128462],[28.6353639,41.312938],[28.6353466,41.313031],[28.6352523,41.313059],[28.6351614,41.3130927],[28.6350743,41.3131317],[28.634991,41.3131763],[28.6349128,41.3132258],[28.6348401,41.31328],[28.6347736,41.3133384],[28.6347136,41.3134006],[28.6346662,41.3135025],[28.6346098,41.3136017],[28.6345446,41.3136978],[28.6344704,41.3137911],[28.634388,41.3138804],[28.6342977,41.3139652],[28.6342518,41.3140073],[28.6341999,41.3140453],[28.6341316,41.3140846],[28.6340571,41.3141169],[28.6339776,41.3141416],[28.6338945,41.3141583],[28.6338092,41.3141667],[28.6337232,41.3141667],[28.6336038,41.3139169],[28.6335198,41.3139372],[28.633439,41.313964],[28.6333624,41.313997],[28.6332938,41.3140339],[28.6332304,41.3140758],[28.6331728,41.3141223],[28.6331217,41.3141728],[28.6330141,41.3142865],[28.6329135,41.3144038],[28.6328199,41.3145243],[28.6326743,41.3147013],[28.6325216,41.3148748],[28.6323899,41.3150207],[28.6322654,41.31517],[28.6321602,41.3153062],[28.6320609,41.315445],[28.6318664,41.3156721],[28.6318238,41.3156631],[28.6317798,41.3156597],[28.6317357,41.315662],[28.6316928,41.3156701],[28.6316419,41.3156881],[28.6315976,41.3157141],[28.6315619,41.3157467],[28.6315365,41.3157844],[28.6313809,41.3160584],[28.6313184,41.3160907],[28.6312613,41.3161283],[28.6312104,41.3161706],[28.6311664,41.316217],[28.6311317,41.3162641],[28.6311041,41.3163137],[28.6310838,41.3163653],[28.6310712,41.3164182],[28.6310665,41.3164719],[28.631053,41.3165378],[28.6310312,41.3166025],[28.6310128,41.3166329],[28.6310014,41.3166653],[28.6309972,41.3167029],[28.6310024,41.3167404],[28.6310168,41.3167766],[28.631115,41.3167029],[28.6312093,41.3166265],[28.6313409,41.3165091],[28.6314634,41.3163863],[28.631585,41.3162512],[28.6316431,41.3161824],[28.6316974,41.3161118],[28.6317786,41.3159921],[28.6318108,41.3159293],[28.631849,41.3158685],[28.6319087,41.3157915],[28.6319781,41.3157192],[28.6320566,41.3156523],[28.6321434,41.3155915],[28.6322212,41.3155231],[28.6323056,41.3154592],[28.6323961,41.3154001],[28.632492,41.3153463],[28.6326114,41.3152899],[28.6327368,41.3152415],[28.6328153,41.3153463],[28.6327304,41.3154576],[28.6326396,41.3155663],[28.632543,41.3156721],[28.6324082,41.3158061],[28.6323555,41.3158459],[28.6323074,41.3158888],[28.6322641,41.3159345],[28.6322149,41.3159985],[28.6321752,41.3160661],[28.6321454,41.3161365],[28.632104,41.3162546],[28.6320727,41.3163745],[28.6320515,41.3164956],[28.6320022,41.3165171],[28.631957,41.3165433],[28.6319167,41.3165736],[28.6318829,41.3166065],[28.6318548,41.3166422],[28.6318329,41.3166803],[28.6318175,41.3167202],[28.6317877,41.3167719],[28.6317483,41.3168199],[28.6317001,41.3168632],[28.6314212,41.3169473],[28.6314027,41.3169709],[28.631392,41.3169971],[28.6313897,41.3170244],[28.6313944,41.3170477],[28.6314053,41.3170698],[28.6314218,41.3170898],[28.6314484,41.317128],[28.6314701,41.3171679],[28.6314004,41.3172802],[28.6313736,41.317261],[28.6313425,41.3172459],[28.631308,41.3172356],[28.6312716,41.3172304],[28.6312289,41.3172309],[28.6311873,41.3172385],[28.631149,41.3172528],[28.6311157,41.3172731],[28.6310893,41.3172983],[28.6310628,41.3173353],[28.6310465,41.3173755],[28.6310409,41.3174172],[28.6310463,41.317459],[28.631067,41.3175301],[28.6310805,41.3176022],[28.6310868,41.3176748],[28.6310859,41.3177476],[28.6310774,41.3178224],[28.6310614,41.3178964],[28.6310378,41.3179693],[28.6310068,41.3180407],[28.6309651,41.318112],[28.6309142,41.3181799],[28.6308546,41.3182436],[28.6307868,41.3183026],[28.6305981,41.3184571],[28.6304965,41.318529],[28.6304006,41.3186052],[28.630312,41.3186844],[28.6302297,41.3187673],[28.6301901,41.3188096],[28.6301538,41.3188535],[28.6301042,41.3189251],[28.6300635,41.3189997],[28.6300318,41.3190768],[28.6300187,41.3191159],[28.6300097,41.3191557],[28.6300041,41.3192227],[28.6300103,41.3192897],[28.6300709,41.3192769],[28.6301332,41.3192708],[28.6301961,41.3192715],[28.6302569,41.3192789],[28.6303157,41.3192926],[28.6303714,41.3193124],[28.6304227,41.319338],[28.6304272,41.3193909],[28.6304242,41.3194438],[28.6304137,41.3194962],[28.6303959,41.3195475],[28.63037,41.3195985],[28.6303369,41.3196471],[28.6302968,41.3196927],[28.6302504,41.3197347],[28.6301981,41.3197726],[28.6300043,41.319692],[28.6297864,41.3199459],[28.6297453,41.3199317],[28.6297007,41.3199259],[28.6296556,41.3199287],[28.6296198,41.3199377],[28.6295874,41.3199521],[28.6295598,41.3199714],[28.6295383,41.3199947],[28.6295168,41.3200547],[28.6295,41.3201156],[28.6294845,41.3202031],[28.6294786,41.3202912],[28.6294826,41.3203795],[28.6294942,41.3204365],[28.6295002,41.320494],[28.6295007,41.3205517],[28.6294938,41.3206221],[28.6294785,41.3206918],[28.6294551,41.3207602],[28.6293956,41.3207816],[28.6293398,41.320808],[28.6292833,41.3208428],[28.6292333,41.3208829],[28.6291907,41.3209274],[28.6291561,41.3209757],[28.629111,41.3210256],[28.6290592,41.3210717],[28.6290011,41.3211133],[28.6289375,41.32115],[28.6288856,41.3211874],[28.6288393,41.3212288],[28.628799,41.3212735],[28.6287651,41.3213212],[28.628796,41.3216047],[28.6287068,41.3216141],[28.6286202,41.3216329],[28.6285381,41.3216607],[28.628462,41.3216969],[28.6283934,41.3217409],[28.6283338,41.3217918],[28.6282843,41.3218485],[28.6282099,41.3220348],[28.6281645,41.3221694],[28.6281127,41.3223027],[28.6280527,41.3224381],[28.6280364,41.3224842],[28.6280141,41.3225289],[28.6279859,41.3225716],[28.6279481,41.3226165],[28.6279038,41.3226578],[28.6278536,41.3226953],[28.6277982,41.3227282],[28.6277164,41.3227826],[28.6276396,41.322841],[28.6275682,41.322903],[28.6274621,41.3230323],[28.627359,41.3231628],[28.6272155,41.3233532],[28.6271678,41.3234277],[28.6271118,41.3234989],[28.6270478,41.3235662],[28.6269648,41.3236383],[28.6268726,41.3237038],[28.6267722,41.3237621],[28.6267139,41.3239132],[28.6266684,41.3240133],[28.626618,41.3241121],[28.6266115,41.3241835],[28.6265959,41.3242541],[28.6265675,41.324332],[28.626528,41.3244072],[28.6265004,41.3244419],[28.6264779,41.3244787],[28.6264587,41.3245225],[28.6264467,41.3245678],[28.6264421,41.3246139],[28.626445,41.32466],[28.6264547,41.3247126],[28.6264712,41.3247642],[28.6265825,41.3247823],[28.6265644,41.3249154],[28.6265389,41.3250477],[28.6264999,41.3252011],[28.626451,41.3253529],[28.6264017,41.3255173],[28.6263804,41.3256],[28.6263558,41.3256822],[28.6263117,41.325807],[28.6262598,41.3259301],[28.6262003,41.3260513],[28.6261294,41.3262173],[28.6261016,41.3263019],[28.6260695,41.3263857],[28.6260259,41.3264838],[28.6259765,41.3265804],[28.6259472,41.3266273],[28.6259213,41.3266752],[28.6258873,41.3267537],[28.6258625,41.326834],[28.6258469,41.3269157],[28.6258408,41.326998],[28.625747,41.3270773],[28.6256504,41.3271546],[28.6255251,41.3272489],[28.6253956,41.3273399],[28.6251897,41.3273027],[28.6251816,41.3273997],[28.6251837,41.327497],[28.6251926,41.3275732],[28.6252078,41.3276489],[28.6252293,41.3277236],[28.6252151,41.3277804],[28.6251894,41.3278349],[28.6251529,41.3278858],[28.6251155,41.3279238],[28.6250721,41.3279579],[28.6250232,41.3279877],[28.6249698,41.3280127],[28.6248922,41.3280569],[28.6248217,41.3281074],[28.6247592,41.3281635],[28.6247056,41.3282246],[28.6245621,41.3283609],[28.6245443,41.3283571],[28.6245257,41.3283569],[28.6245078,41.3283604],[28.6244889,41.3283689],[28.6244745,41.3283814],[28.6244659,41.3283966],[28.6244598,41.3284165],[28.6244588,41.3284369],[28.6244642,41.3284602],[28.6244763,41.328482],[28.6244983,41.3285123],[28.6245162,41.3285441],[28.6245309,41.3285812],[28.6245399,41.3286193],[28.624543,41.3286579],[28.6245427,41.328715],[28.6245356,41.3287717],[28.624521,41.3288297],[28.6244993,41.3288863],[28.6244706,41.3289412],[28.6244083,41.3290398],[28.6243562,41.3291416],[28.6243209,41.3292283],[28.6242929,41.3293166],[28.6242845,41.3293615],[28.6242724,41.329406],[28.6242479,41.3294711],[28.6242158,41.3295344],[28.6241762,41.3295952],[28.6241512,41.3296235],[28.6241296,41.3296532],[28.6241036,41.3297004],[28.6240861,41.3297498],[28.6240772,41.3298005],[28.6240773,41.3298516],[28.6240718,41.3299736],[28.6240671,41.3300346],[28.6240585,41.3300953],[28.6240356,41.3301951],[28.624002,41.3302931],[28.6239579,41.3303888],[28.6238879,41.3305173],[28.62385,41.3305806],[28.6238071,41.3306421],[28.6237524,41.3307095],[28.6236917,41.330774],[28.6236254,41.3308352],[28.6235536,41.3308929],[28.6231774,41.3310827],[28.6231433,41.3311288],[28.6231146,41.3311769],[28.6230916,41.3312267],[28.6230715,41.3312891],[28.6230602,41.3313527],[28.623058,41.3314168],[28.6230647,41.3314808],[28.6230805,41.3315439],[28.623105,41.3316054],[28.6228991,41.3315902],[28.6228686,41.3315259],[28.6228456,41.3314598],[28.6228303,41.3313925],[28.6228227,41.3313244],[28.6228234,41.3312487],[28.6228337,41.3311735],[28.6228535,41.3310993],[28.6228932,41.3309904],[28.6229447,41.3308843],[28.622808,41.3308795],[28.6226712,41.3308824],[28.622535,41.3308929],[28.6224026,41.3309106],[28.6222723,41.3309356],[28.6221448,41.3309677],[28.6220819,41.3309857],[28.6220207,41.3310067],[28.6219414,41.3310394],[28.6218661,41.3310771],[28.6217954,41.3311195],[28.6217297,41.3311663],[28.6216297,41.331248],[28.6215211,41.3313232],[28.6214045,41.3313914],[28.6212899,41.3314479],[28.6211699,41.3314977],[28.6210451,41.3315403],[28.6209799,41.3315564],[28.6209163,41.3315756],[28.6208155,41.3316139],[28.6207206,41.3316598],[28.6206745,41.3316845],[28.6206327,41.3317131],[28.6205868,41.3317541],[28.6205496,41.3317998],[28.6205219,41.3318491],[28.6205043,41.331901],[28.6204972,41.3319543],[28.6204769,41.3320404],[28.620446,41.3321248],[28.6204047,41.3322066],[28.6203412,41.3322121],[28.6202795,41.3322247],[28.6202212,41.3322443],[28.6201675,41.3322704],[28.6201197,41.3323022],[28.6200805,41.3323375],[28.6200486,41.3323767],[28.6200246,41.3324189],[28.6200188,41.3324415],[28.620009,41.3324633],[28.6199866,41.3324948],[28.619956,41.3325222],[28.6199186,41.3325443],[28.619876,41.3325603],[28.6198299,41.3325693],[28.6197824,41.3325711],[28.6197101,41.3325786],[28.6196394,41.3325919],[28.6195709,41.3326108],[28.6195055,41.332635],[28.6194099,41.3326759],[28.6193185,41.3327219],[28.6192318,41.3327726],[28.6191501,41.3328279],[28.6190863,41.3328789],[28.6190278,41.3329334],[28.6190001,41.3329615],[28.6189751,41.332991],[28.6189404,41.3330419],[28.6189137,41.3330954],[28.6188955,41.3331509],[28.6188859,41.3332075],[28.6188443,41.3334754],[28.6188198,41.3336313],[28.6187886,41.3337866],[28.6187601,41.3339059],[28.6187461,41.3339657],[28.6187276,41.3340247],[28.6186966,41.3341005],[28.6186581,41.3341743],[28.6186123,41.3342457],[28.6185814,41.3343221],[28.6185415,41.334396],[28.6184929,41.3344669],[28.6184359,41.3345343],[28.6183627,41.3346048],[28.6182804,41.3346695],[28.6181898,41.3347276],[28.6180928,41.3347998],[28.6180037,41.3348775],[28.617923,41.3349602],[28.6180618,41.335004],[28.6182131,41.3350457],[28.6183669,41.3350821],[28.6184275,41.3351012],[28.618483,41.3351276],[28.6185318,41.3351606],[28.6185638,41.3351897],[28.6185905,41.3352216],[28.6186116,41.3352558],[28.6185696,41.3352878],[28.6185209,41.3353139],[28.6184668,41.3353333],[28.618414,41.3353446],[28.6183595,41.3353494],[28.6183046,41.3353476],[28.6182509,41.3353393],[28.6178935,41.3352693],[28.6179105,41.3353499],[28.617931,41.33543],[28.6179595,41.3355238],[28.6179927,41.3356168],[28.6180292,41.3357147],[28.6180537,41.3358146],[28.6180661,41.3359154],[28.6180635,41.3359659],[28.6180665,41.3360165],[28.6180774,41.3360762],[28.6180963,41.3361347],[28.6181405,41.3362285],[28.6176482,41.3363565],[28.6176386,41.3363263],[28.6176258,41.3362947],[28.6176058,41.3362652],[28.6175735,41.3362346],[28.6175333,41.3362097],[28.6174871,41.3361917],[28.617453,41.3360671],[28.6174127,41.3359435],[28.6173516,41.335786],[28.6172806,41.3356309],[28.6171887,41.3354409],[28.6170921,41.3352522],[28.6170103,41.3350812],[28.6169332,41.3349088],[28.6168808,41.3348744],[28.616822,41.3348463],[28.6167582,41.3348253],[28.6166958,41.3348125],[28.6166315,41.3348064],[28.6165668,41.3348072],[28.6165029,41.3348149],[28.616441,41.3348293],[28.6164037,41.3348584],[28.6163614,41.3348834],[28.616315,41.3349039],[28.6162654,41.3349194],[28.6162187,41.334929],[28.6161709,41.3349342],[28.6161225,41.334935],[28.6156008,41.3349622],[28.615585,41.3349756],[28.6155749,41.3349918],[28.6155713,41.3350095],[28.6155768,41.3350321],[28.6155927,41.3350516],[28.6156169,41.3350654],[28.6157262,41.3351108],[28.6156163,41.3351656],[28.6155857,41.3351436],[28.6155497,41.3351268],[28.61551,41.3351159],[28.6154681,41.3351113],[28.6154259,41.3351132],[28.615385,41.3351215],[28.6153474,41.3351359],[28.6152785,41.335179],[28.6152042,41.3352167],[28.6151254,41.3352487],[28.6150472,41.3352735],[28.6149663,41.3352927],[28.6148833,41.3353061],[28.6148464,41.3352793],[28.6148026,41.3352592],[28.6147539,41.3352467],[28.6147189,41.3352429],[28.6146836,41.335243],[28.6146487,41.3352472],[28.6145682,41.3352662],[28.6144857,41.3352792],[28.6144019,41.335286],[28.6143231,41.3352867],[28.6142445,41.3352819],[28.6141668,41.3352718],[28.6140908,41.3352563],[28.6139508,41.3352336],[28.6138802,41.3352246],[28.6138091,41.335218],[28.6136735,41.3352122],[28.6135377,41.3352152],[28.6134028,41.3352271],[28.6132683,41.3352305],[28.6131339,41.3352258],[28.6130668,41.3352215],[28.6130004,41.335213],[28.612922,41.3351972],[28.612846,41.3351756],[28.6127734,41.3351484],[28.6127047,41.3351158],[28.6123004,41.3348741],[28.6122133,41.3348516],[28.6121237,41.3348356],[28.6120324,41.3348265],[28.6119403,41.3348243],[28.6118524,41.3348286],[28.6117655,41.3348391],[28.6116803,41.3348559],[28.6115976,41.3348786],[28.6115157,41.3349085],[28.6114384,41.3349446],[28.6113663,41.3349864],[28.6113102,41.3350277],[28.6112604,41.3350733],[28.6112175,41.3351227],[28.6111821,41.3351754],[28.6111544,41.3352306],[28.6111265,41.335307],[28.6111095,41.3353851],[28.6111034,41.3354642],[28.6110733,41.3356344],[28.6110084,41.3356617],[28.6109397,41.3356832],[28.6108681,41.3356983],[28.6107961,41.3357069],[28.6107233,41.3357092],[28.6106506,41.3357051],[28.6105791,41.3356948],[28.6104067,41.335659],[28.6103815,41.3356505],[28.610359,41.3356382],[28.6103404,41.3356228],[28.6103247,41.3356023],[28.6103157,41.3355796],[28.6103139,41.335556],[28.6103193,41.3355328],[28.6103316,41.335511],[28.6103934,41.3355011],[28.610453,41.3354856],[28.6105096,41.3354646],[28.6105623,41.3354385],[28.6106075,41.3354097],[28.6106479,41.3353772],[28.610667,41.3353601],[28.610683,41.3353413],[28.6107018,41.3353087],[28.6107117,41.3352739],[28.6107121,41.3352384],[28.6107032,41.3352034],[28.6106852,41.3351705],[28.6106589,41.335141],[28.6105948,41.3351632],[28.6105278,41.33518],[28.6104588,41.3351913],[28.6103886,41.3351968],[28.6103217,41.3351968],[28.610255,41.3351915],[28.6101895,41.3351811],[28.6101258,41.3351656],[28.6100334,41.3351515],[28.6099394,41.3351464],[28.6098453,41.3351505],[28.6097527,41.3351637],[28.6096631,41.3351858],[28.6092078,41.3353242],[28.6091438,41.3353019],[28.6090769,41.3352851],[28.609008,41.3352739],[28.6089392,41.3352685],[28.60887,41.3352687],[28.6088012,41.3352746],[28.6087337,41.335286],[28.608636,41.3352957],[28.6085374,41.3352978],[28.6084391,41.3352921],[28.6083421,41.3352787],[28.6082476,41.3352578],[28.607933,41.3351832],[28.6076215,41.3351016],[28.6073135,41.3350131],[28.6070117,41.334791],[28.606961,41.3347753],[28.6069083,41.3347638],[28.6068542,41.3347568],[28.6067917,41.3347543],[28.6067293,41.3347577],[28.606668,41.334767],[28.6066087,41.334782],[28.6065228,41.33481],[28.6064412,41.3348444],[28.6063646,41.3348849],[28.6062939,41.3349311],[28.6062299,41.3349824],[28.6060484,41.3351331],[28.6058725,41.3352875],[28.6056378,41.3356309],[28.6053897,41.3360115],[28.6052644,41.3362995],[28.6051295,41.336585],[28.604985,41.3368678],[28.6048311,41.3371478],[28.6046946,41.3373807],[28.6045515,41.3376113],[28.6044735,41.3377243],[28.6044019,41.3378396],[28.6043201,41.3379904],[28.6042494,41.3381442],[28.6041901,41.3383008],[28.6041231,41.3384872],[28.60406,41.3386744],[28.6042142,41.3387781],[28.6042259,41.3388089],[28.6042295,41.3388408],[28.6042249,41.3388727],[28.6042084,41.3389099],[28.6041808,41.3389431],[28.6041436,41.3389706],[28.604099,41.3389908],[28.6040492,41.3390026],[28.6039639,41.3390169],[28.6038771,41.3390242],[28.6037897,41.3390244],[28.6037028,41.3390175],[28.6036174,41.3390036],[28.6035248,41.3389814],[28.6034356,41.3389523],[28.6033507,41.3389166],[28.6032711,41.3388747],[28.6031975,41.338827],[28.6031306,41.338774],[28.603193,41.3387174],[28.6032468,41.3386559],[28.6032912,41.3385903],[28.6033257,41.3385215],[28.60335,41.3384502],[28.6033637,41.3383773],[28.6033666,41.3383038],[28.6033594,41.3382342],[28.6033426,41.3381655],[28.6033163,41.3380985],[28.6032808,41.338034],[28.6032365,41.3379725],[28.6031797,41.3379109],[28.6031138,41.3378544],[28.6030399,41.3378039],[28.6029589,41.3377601],[28.6028717,41.3377234],[28.6027796,41.3376943],[28.6026837,41.3376733],[28.6025853,41.3376606],[28.6024855,41.3376563],[28.602283,41.3376218],[28.6020823,41.3375818],[28.6018838,41.3375362],[28.6016875,41.3374852],[28.6014946,41.337429],[28.6013045,41.3373675],[28.6012119,41.3373328],[28.6011176,41.3373009],[28.6009811,41.3372606],[28.6008418,41.3372261],[28.6007001,41.3371976],[28.6005565,41.3371752],[28.6004115,41.3371589],[28.6002256,41.3371451],[28.600039,41.337139],[28.5998522,41.3371408],[28.5997898,41.3371392],[28.5997274,41.3371424],[28.5996658,41.3371504],[28.5995857,41.3371683],[28.5995095,41.3371942],[28.5994387,41.3372276],[28.5993747,41.337268],[28.5993185,41.3373145],[28.5992005,41.3373337],[28.5990855,41.3373613],[28.5989745,41.3373971],[28.5988785,41.3374362],[28.5987873,41.3374814],[28.5987018,41.3375325],[28.5986607,41.3375596],[28.5986225,41.3375889],[28.5985703,41.3376372],[28.5985259,41.3376897],[28.5984897,41.3377457],[28.5984622,41.3378044],[28.5983992,41.3379537],[28.5983281,41.3381009],[28.598264,41.3382198],[28.5981947,41.3383369],[28.5981202,41.3384523],[28.5980581,41.3385682],[28.5980067,41.338687],[28.597966,41.3388082],[28.5979365,41.3389311],[28.5979037,41.3391065],[28.5978818,41.3392828],[28.5978708,41.3394598],[28.5978367,41.3396509],[28.5978148,41.339843],[28.5978051,41.3400357],[28.5978067,41.3402099],[28.5978184,41.3403839],[28.5978322,41.3404704],[28.5978399,41.3405573],[28.5978405,41.3406746],[28.59783,41.3407916],[28.5978083,41.3409078],[28.5977755,41.3410225],[28.5976683,41.3414796],[28.5977353,41.3415567],[28.5977943,41.3416374],[28.5978449,41.3417213],[28.5978869,41.3418078],[28.5979231,41.3419068],[28.5979481,41.3420078],[28.5979615,41.3421099],[28.59796,41.3421613],[28.5979633,41.3422126],[28.5979789,41.3422948],[28.598007,41.342375],[28.5980471,41.3424524],[28.5980988,41.3425257],[28.5981905,41.3426393],[28.5982931,41.3427476],[28.598351,41.3427978],[28.5984059,41.3428499],[28.5984973,41.3429487],[28.5985779,41.3430527],[28.5986166,41.3431054],[28.5986473,41.3431611],[28.5986709,41.343223],[28.5986847,41.3432865],[28.5986885,41.3433508],[28.5986823,41.343415],[28.598666,41.3434782],[28.5986177,41.343637],[28.5985591,41.3437939],[28.5984904,41.3439484],[28.5984562,41.3441679],[28.5984357,41.3441977],[28.5984074,41.3442236],[28.5983723,41.3442444],[28.5983296,41.3442599],[28.5982832,41.3442677],[28.5982358,41.3442675],[28.5981896,41.3442593],[28.598147,41.3442434],[28.5981065,41.344221],[28.5980719,41.3441935],[28.5980445,41.3441617],[28.5980251,41.3441268],[28.5980143,41.3440899],[28.5979556,41.3440826],[28.5978962,41.3440815],[28.5978372,41.3440864],[28.5977796,41.3440974],[28.5977184,41.3441165],[28.5976619,41.3441424],[28.5976113,41.3441745],[28.5974836,41.3442434],[28.5973497,41.3443053],[28.5972282,41.3443536],[28.5971028,41.3443961],[28.5970401,41.3444176],[28.5969742,41.3444327],[28.5969053,41.3444413],[28.5968355,41.344443],[28.596766,41.3444378],[28.596698,41.3444257],[28.5966081,41.3444024],[28.5965223,41.3443715],[28.5964418,41.3443335],[28.5962681,41.3442559],[28.5960911,41.3441825],[28.5960482,41.3442179],[28.5959984,41.3442476],[28.5959429,41.3442711],[28.5958883,41.3442866],[28.5958313,41.3442959],[28.595773,41.3442989],[28.5957149,41.3442955],[28.5956579,41.3442857],[28.5955443,41.344272],[28.5954296,41.3442656],[28.5953145,41.3442667],[28.5952,41.3442751],[28.5950766,41.3442899],[28.5949546,41.3443105],[28.5948347,41.3443369],[28.5947172,41.3443688],[28.5942578,41.344471],[28.5939876,41.3445365],[28.5937194,41.3446064],[28.5935136,41.3446633],[28.5934098,41.3446901],[28.593309,41.3447227],[28.5931951,41.3447679],[28.5930868,41.3448205],[28.5929851,41.3448799],[28.5928906,41.3449457],[28.5927801,41.3450292],[28.5926748,41.3451164],[28.5926228,41.3451604],[28.5925747,41.345207],[28.5925208,41.345268],[28.5924737,41.345332],[28.5924337,41.3453988],[28.5924011,41.3454677],[28.5923466,41.3455601],[28.5922816,41.3456486],[28.5922066,41.3457324],[28.5921221,41.3458111],[28.5920543,41.3458828],[28.5919921,41.3459574],[28.5919357,41.3460346],[28.5919071,41.3461351],[28.591872,41.3462344],[28.5918158,41.3463633],[28.5917486,41.3464891],[28.5916393,41.3467766],[28.591594,41.3469004],[28.5915542,41.3470253],[28.5915271,41.3471224],[28.5915032,41.3472201],[28.5915489,41.347241],[28.5915909,41.347266],[28.5916286,41.3472946],[28.5916678,41.3473338],[28.5916989,41.3473769],[28.5917211,41.347423],[28.5917412,41.3474805],[28.5917536,41.3475392],[28.5917575,41.3475689],[28.591758,41.3475986],[28.5917526,41.3476412],[28.5917402,41.3476829],[28.5917209,41.3477232],[28.591695,41.3477612],[28.5914952,41.347949],[28.5914593,41.3479386],[28.591421,41.3479361],[28.5913833,41.3479415],[28.591349,41.3479545],[28.5913256,41.34797],[28.5913074,41.347989],[28.5912953,41.3480105],[28.59129,41.3480336],[28.591279,41.3480869],[28.5912645,41.3481398],[28.5912394,41.3482104],[28.591208,41.3482797],[28.5911706,41.3483472],[28.5911262,41.348412],[28.5910749,41.3484739],[28.5910434,41.3485017],[28.5910171,41.3485324],[28.5909898,41.3485785],[28.5909739,41.3486275],[28.5909698,41.3486778],[28.5909778,41.3487279],[28.5909976,41.3487761],[28.591074,41.3489512],[28.5910338,41.3489765],[28.5909989,41.3490059],[28.5909701,41.3490388],[28.5909444,41.349082],[28.590929,41.3491279],[28.5909246,41.349175],[28.5909312,41.3492221],[28.5909365,41.3493258],[28.5909292,41.3494295],[28.5909314,41.3495156],[28.590941,41.3496015],[28.590958,41.3496867],[28.5910036,41.3498981],[28.5909794,41.3499599],[28.590966,41.3500235],[28.5909634,41.3500879],[28.5909714,41.35015],[28.5909896,41.3502109],[28.5910177,41.3502696],[28.5910425,41.3502472],[28.5910726,41.3502289],[28.5911069,41.3502154],[28.5911441,41.3502072],[28.5911827,41.3502047],[28.5912214,41.3502079],[28.5912586,41.3502168],[28.5912926,41.3502311],[28.5913223,41.3502501],[28.5913463,41.3502731],[28.5913853,41.3503707],[28.5914194,41.3504694],[28.5914514,41.3505802],[28.5914771,41.3506919],[28.5914221,41.3506945],[28.5913674,41.3506897],[28.5913153,41.3506778],[28.5912667,41.3506594],[28.5912232,41.3506348],[28.5912048,41.3506292],[28.591185,41.3506284],[28.5911659,41.3506325],[28.5911468,41.3506432],[28.5911347,41.3506586],[28.5911315,41.3506763],[28.5911376,41.3506936],[28.5911522,41.3507078],[28.5912413,41.3507352],[28.5913265,41.3507689],[28.5913978,41.3508037],[28.591465,41.3508428],[28.5915276,41.350886],[28.5915544,41.3509108],[28.591585,41.350933],[28.5916326,41.3509588],[28.5916852,41.3509783],[28.5917414,41.3509909],[28.5917996,41.3509965],[28.5918003,41.3509678],[28.5918087,41.3509399],[28.5918246,41.3509138],[28.5918472,41.3508907],[28.5918772,41.3508707],[28.5919122,41.350856],[28.5919505,41.3508473],[28.5919905,41.3508449],[28.5920303,41.350849],[28.5922884,41.350928],[28.5922929,41.3509503],[28.5923038,41.3509714],[28.5923207,41.3509901],[28.5923427,41.3510055],[28.5923751,41.3510189],[28.5924111,41.3510251],[28.5924481,41.3510238],[28.5924831,41.3510151],[28.5925137,41.3509995],[28.5925745,41.3509608],[28.592627,41.3509159],[28.5927142,41.3507886],[28.5928473,41.3508671],[28.5929777,41.3509481],[28.5931138,41.3510371],[28.5931388,41.3510661],[28.5931699,41.3510914],[28.5932062,41.3511126],[28.5932466,41.3511288],[28.5932928,41.3511403],[28.593341,41.3511454],[28.5933896,41.3511441],[28.5934371,41.3511364],[28.5936704,41.3511027],[28.5937047,41.3511667],[28.5937472,41.3512279],[28.5937977,41.3512856],[28.5938555,41.3513392],[28.5939223,41.3513898],[28.5939956,41.3514349],[28.5940748,41.3514742],[28.5943021,41.3514374],[28.594337,41.3514573],[28.5943654,41.3514824],[28.5943859,41.3515114],[28.5943982,41.3515455],[28.5943996,41.3515807],[28.5943902,41.3516153],[28.5943705,41.3516473],[28.5942419,41.3517065],[28.5941083,41.3517591],[28.5940032,41.3517945],[28.5938958,41.3518257],[28.5937864,41.3518527],[28.5937569,41.3519297],[28.5937204,41.3520049],[28.5936771,41.3520782],[28.5936221,41.3521559],[28.5935595,41.3522303],[28.5934896,41.3523009],[28.5934129,41.3523675],[28.5933298,41.3524295],[28.5931451,41.3525735],[28.5929663,41.3527215],[28.592732,41.3529729],[28.5924929,41.3532218],[28.5922571,41.3534601],[28.5921418,41.3535808],[28.5920168,41.353696],[28.5918837,41.3538045],[28.591742,41.3539067],[28.5915923,41.3540023],[28.5914352,41.3540909],[28.5912712,41.3541721],[28.5911849,41.3541813],[28.5910978,41.354183],[28.591011,41.3541772],[28.5909371,41.3541661],[28.5908651,41.3541495],[28.5907956,41.3541276],[28.5907294,41.3541007],[28.5907011,41.3540483],[28.5906637,41.3539994],[28.5906178,41.3539547],[28.5905643,41.353915],[28.5905041,41.3538812],[28.5904443,41.3538559],[28.5903809,41.3538364],[28.5903147,41.3538229],[28.5902468,41.3538157],[28.5901782,41.3538148],[28.5897497,41.3538248],[28.5897423,41.3537954],[28.589726,41.3537681],[28.5897016,41.3537444],[28.5896706,41.3537257],[28.589631,41.353712],[28.589588,41.3537063],[28.5895445,41.353709],[28.5894755,41.353733],[28.589403,41.3537501],[28.5893281,41.35376],[28.5892522,41.3537626],[28.5891764,41.3537579],[28.5891029,41.353746],[28.5890321,41.3537273],[28.588965,41.3537019],[28.5889028,41.3536703],[28.588818,41.3536355],[28.5887287,41.3536077],[28.5886359,41.3535872],[28.5885323,41.3535855],[28.5884293,41.3535766],[28.5883279,41.3535605],[28.5882289,41.3535374],[28.5881513,41.3535138],[28.5880763,41.3534859],[28.5880043,41.3534539],[28.5879485,41.3534091],[28.5878849,41.3533708],[28.5878231,41.3533429],[28.5877572,41.3533211],[28.5876881,41.3533056],[28.587617,41.3532968],[28.5875449,41.3532948],[28.5873977,41.3532961],[28.5872508,41.3533047],[28.5871051,41.3533205],[28.58696,41.3533455],[28.5868182,41.3533795],[28.5866806,41.3534221],[28.5866366,41.3533898],[28.586586,41.3533632],[28.5865259,41.353342],[28.5864617,41.3533291],[28.5863954,41.3533249],[28.5863292,41.3533295],[28.5858028,41.3534438],[28.5858542,41.3534746],[28.5858999,41.3535101],[28.5859391,41.3535497],[28.5859711,41.3535928],[28.5859957,41.3536389],[28.5860121,41.3536871],[28.5860201,41.3537364],[28.5860214,41.3537612],[28.5860194,41.3537861],[28.5860076,41.3538302],[28.5859855,41.3538721],[28.5859537,41.3539104],[28.5858978,41.3539127],[28.585843,41.3539209],[28.5857902,41.3539349],[28.5857405,41.3539542],[28.5856888,41.3539824],[28.5856437,41.3540165],[28.5856066,41.3540556],[28.5855943,41.3540778],[28.5855782,41.3540986],[28.5855446,41.3541287],[28.5855033,41.3541527],[28.5854562,41.3541696],[28.5853751,41.3541908],[28.5852909,41.3542036],[28.5852051,41.3542077],[28.5851195,41.354203],[28.5850354,41.3541896],[28.5849546,41.3541678],[28.5848785,41.354138],[28.5848084,41.3541007],[28.5847174,41.3540454],[28.5846321,41.3539853],[28.5845527,41.3539207],[28.5844798,41.353852],[28.5840882,41.3539557],[28.5837315,41.3536492],[28.5833486,41.3537851],[28.5832057,41.3538294],[28.5830665,41.3538799],[28.5829315,41.3539366],[28.5828183,41.3539904],[28.5827089,41.3540485],[28.5826549,41.3540783],[28.5826036,41.3541107],[28.5825298,41.3541666],[28.5824644,41.354228],[28.5824081,41.3542944],[28.5823616,41.3543649],[28.582318,41.3544472],[28.5822839,41.3545319],[28.5822596,41.3546186],[28.5824957,41.3549151],[28.5824697,41.3549381],[28.5824489,41.354964],[28.582434,41.3549921],[28.5824237,41.355032],[28.5824251,41.3550727],[28.5824381,41.3551122],[28.5824621,41.3551486],[28.5824885,41.3551992],[28.582508,41.3552516],[28.5825205,41.3553051],[28.5824306,41.3554521],[28.5824286,41.3555011],[28.5824139,41.3555488],[28.5823957,41.3555814],[28.5823716,41.3556118],[28.5823421,41.3556394],[28.582307,41.3556632],[28.5822673,41.3556827],[28.5822241,41.3556972],[28.5821195,41.3556711],[28.5820296,41.3557838],[28.5820018,41.3557889],[28.5819757,41.3557979],[28.5819525,41.3558105],[28.5819313,41.355828],[28.5819155,41.3558485],[28.5819059,41.355871],[28.5819029,41.3558945],[28.5818921,41.3559297],[28.5818739,41.3559631],[28.5818489,41.3559939],[28.5818177,41.3560214],[28.5817138,41.3559836],[28.5818915,41.3556776],[28.5818729,41.3556464],[28.5818476,41.3556179],[28.5818164,41.355593],[28.581775,41.3555701],[28.5817286,41.3555534],[28.5816789,41.3555435],[28.5816275,41.3555409],[28.5815764,41.3555455],[28.5815274,41.3555573],[28.5814833,41.3555748],[28.5814438,41.3555976],[28.58141,41.3556253],[28.5812391,41.3559283],[28.5812281,41.3559727],[28.5812251,41.3560178],[28.5812302,41.3560627],[28.5812432,41.3561068],[28.5812639,41.3561492],[28.5812965,41.3561946],[28.5813379,41.3562358],[28.5813872,41.3562718],[28.5814432,41.3563017],[28.5815046,41.3563249],[28.5815026,41.3563649],[28.5814889,41.3564035],[28.5814641,41.3564389],[28.5814295,41.3564693],[28.5813939,41.35649],[28.5813538,41.3565053],[28.5813106,41.3565147],[28.5812658,41.3565178],[28.581221,41.3565146],[28.5811657,41.3564925],[28.581107,41.3564759],[28.5810459,41.3564653],[28.5809811,41.3564608],[28.580916,41.3564629],[28.5808519,41.3564718],[28.58079,41.3564871],[28.5807315,41.3565086],[28.5806778,41.3565353],[28.5806291,41.356567],[28.5805863,41.3566032],[28.58055,41.3566431],[28.5805209,41.3566863],[28.5804918,41.3567444],[28.5804725,41.3568048],[28.5804632,41.3568665],[28.5807087,41.3569913],[28.5806737,41.3570867],[28.580646,41.3571834],[28.5806255,41.3572812],[28.5806113,41.3573916],[28.5806064,41.3575025],[28.5806108,41.3576134],[28.5805619,41.3576717],[28.5805215,41.3577335],[28.5804901,41.3577981],[28.5804684,41.3578626],[28.5804556,41.3579284],[28.5804518,41.3579948],[28.5804571,41.3580612],[28.5804713,41.3581268],[28.580479,41.358201],[28.5804781,41.3582754],[28.5804686,41.3583495],[28.5804505,41.3584227],[28.5802969,41.3587725],[28.5801999,41.3587555],[28.580101,41.3587462],[28.5800013,41.3587446],[28.579902,41.3587509],[28.579808,41.3587641],[28.5797163,41.3587843],[28.5796277,41.3588113],[28.5796484,41.3588397],[28.5796597,41.358871],[28.5796611,41.3589033],[28.5796525,41.3589351],[28.5796316,41.3589678],[28.5796,41.3589954],[28.5795601,41.3590159],[28.5795144,41.359028],[28.5794661,41.3590307],[28.5794017,41.3590397],[28.5793391,41.3590545],[28.5792795,41.3590749],[28.5792236,41.3591007],[28.5791724,41.3591314],[28.5790927,41.3591858],[28.5790191,41.3592449],[28.5789521,41.3593083],[28.5788921,41.3593755],[28.5787916,41.3594794],[28.578685,41.3595798],[28.5786324,41.3596306],[28.5785723,41.3596765],[28.5785041,41.3597175],[28.5784299,41.3597522],[28.5783508,41.3597801],[28.5782678,41.3598008],[28.5781509,41.3598364],[28.5780379,41.3598786],[28.5779296,41.3599272],[28.5778266,41.359982],[28.5777304,41.360043],[28.5776414,41.3601099],[28.5775604,41.3601823],[28.5774015,41.3603207],[28.5773147,41.3603214],[28.5772286,41.3603302],[28.5771447,41.3603468],[28.5770622,41.3603718],[28.5769846,41.3604043],[28.5769131,41.3604439],[28.5768487,41.3604899],[28.5768219,41.3605165],[28.5767926,41.3605416],[28.5767285,41.3605866],[28.5766568,41.3606245],[28.5765789,41.3606549],[28.5764963,41.3606771],[28.5764104,41.3606906],[28.5763184,41.360711],[28.576229,41.360737],[28.5761428,41.3607685],[28.5761024,41.360788],[28.5760604,41.3608053],[28.5759827,41.3608306],[28.5759017,41.3608487],[28.5758183,41.3608594],[28.5757337,41.3608626],[28.5756493,41.3608582],[28.5754126,41.361064],[28.5753395,41.3611687],[28.5752785,41.3611704],[28.575218,41.3611764],[28.5751585,41.3611868],[28.5750765,41.361209],[28.5749994,41.3612394],[28.5749285,41.3612774],[28.5748426,41.3612896],[28.5747597,41.3613101],[28.5746811,41.3613387],[28.5746082,41.3613749],[28.5745423,41.361418],[28.5744846,41.3614672],[28.5744468,41.3615081],[28.5744148,41.3615517],[28.5743887,41.3615975],[28.5743725,41.3616514],[28.5743493,41.3617039],[28.5743193,41.3617544],[28.5742827,41.3618024],[28.5742323,41.3618546],[28.5741742,41.3619021],[28.5741091,41.3619443],[28.574038,41.3619805],[28.5739684,41.3620269],[28.5739079,41.36208],[28.5738575,41.3621387],[28.5738181,41.362202],[28.5736169,41.3623726],[28.573509,41.3624694],[28.5734037,41.3625679],[28.5733996,41.3626033],[28.5734068,41.3626384],[28.5734217,41.3626668],[28.5734439,41.3626922],[28.5734726,41.3627138],[28.5735064,41.3627305],[28.5735441,41.3627417],[28.5735274,41.3627674],[28.5734807,41.3627647],[28.5734345,41.3627702],[28.573394,41.3627823],[28.5733579,41.3628007],[28.5733279,41.3628245],[28.5733106,41.3628483],[28.573301,41.3628744],[28.5732997,41.3629015],[28.5732921,41.3629538],[28.5732776,41.3630052],[28.5732182,41.3630468],[28.5731657,41.3630933],[28.5731207,41.3631441],[28.5730827,41.3632003],[28.573054,41.3632594],[28.5730349,41.3633208],[28.5730429,41.3633795],[28.5730402,41.3634385],[28.5730267,41.3634969],[28.5730027,41.3635533],[28.5729776,41.3635477],[28.5729514,41.3635482],[28.5729268,41.3635548],[28.5729061,41.3635669],[28.5728913,41.3635833],[28.5728841,41.3636024],[28.5728853,41.3636222],[28.572884,41.3636732],[28.5728764,41.3637238],[28.5728625,41.3637737],[28.5728295,41.3638617],[28.5727863,41.3639471],[28.5727576,41.3639875],[28.5727331,41.3640294],[28.5727066,41.3640883],[28.5726883,41.364149],[28.5726783,41.3642107],[28.5726768,41.3642729],[28.5726843,41.3643519],[28.5726832,41.3644311],[28.5726734,41.36451],[28.5726538,41.3645926],[28.5726246,41.3646737],[28.5725863,41.3647525],[28.57253,41.3648801],[28.5724803,41.3650092],[28.5724363,41.3650613],[28.5723978,41.3651159],[28.5723602,41.3651824],[28.5723308,41.3652513],[28.5722895,41.3653347],[28.5722428,41.3654165],[28.5721906,41.3654964],[28.5721339,41.3655924],[28.5720824,41.3656901],[28.5720364,41.3657893],[28.5719867,41.3658013],[28.5719414,41.3658207],[28.5719024,41.3658468],[28.5718714,41.3658783],[28.5718507,41.3659121],[28.5718391,41.3659483],[28.5718372,41.3659855],[28.5718357,41.3660766],[28.5718386,41.3661677],[28.5718462,41.3662504],[28.5718587,41.3663328],[28.5717556,41.3663829],[28.5716555,41.3664364],[28.5715454,41.3665016],[28.5714399,41.3665709],[28.5713393,41.3666442],[28.5712886,41.3666807],[28.5712438,41.3667213],[28.5712035,41.366768],[28.571171,41.366818],[28.5711468,41.3668706],[28.5711312,41.366925],[28.5711244,41.3669804],[28.5711241,41.3670624],[28.5711352,41.367144],[28.5712062,41.3671501],[28.5712749,41.3671648],[28.5713394,41.3671878],[28.571398,41.3672185],[28.5714376,41.3672464],[28.5714722,41.3672777],[28.5715013,41.3673121],[28.5715356,41.3673633],[28.5715617,41.3674172],[28.5715792,41.367473],[28.5715878,41.36753],[28.5716334,41.3678007],[28.5716101,41.3678086],[28.5715898,41.3678204],[28.5715732,41.3678359],[28.5715621,41.3678539],[28.571557,41.3678735],[28.5715583,41.3678933],[28.5715415,41.3680664],[28.5715152,41.3682343],[28.5715025,41.3683183],[28.5714792,41.3684011],[28.5714497,41.3684727],[28.5714123,41.3685421],[28.5713672,41.3686089],[28.5713038,41.3686868],[28.5712316,41.3687603],[28.5711513,41.3688288],[28.5710422,41.3689109],[28.5709258,41.368987],[28.5708026,41.3690568],[28.5705766,41.3691771],[28.5703446,41.3692908],[28.570193,41.3693609],[28.5700359,41.3694238],[28.5698739,41.3694792],[28.5697076,41.3695268],[28.569543,41.3695654],[28.5693757,41.3695965],[28.5692061,41.3696199],[28.569035,41.3696355],[28.5686273,41.3696979],[28.5679212,41.3699007],[28.5679766,41.3699592],[28.5680245,41.3700212],[28.5680648,41.3700863],[28.5680969,41.3701538],[28.56812,41.3702209],[28.5681351,41.3702892],[28.568199,41.3703195],[28.5682683,41.3703418],[28.5683416,41.3703556],[28.5684168,41.3703607],[28.5684767,41.3703582],[28.5685357,41.3703502],[28.5685929,41.3703367],[28.5686474,41.3703179],[28.5691054,41.3700965],[28.5691553,41.3701567],[28.5692134,41.3702127],[28.5692787,41.3702636],[28.5693507,41.370309],[28.5694287,41.3703486],[28.5694718,41.370363],[28.5695118,41.3703818],[28.5695516,41.3704071],[28.5695858,41.3704366],[28.5696136,41.3704697],[28.5696345,41.3705056],[28.569619,41.3705223],[28.5696077,41.3705408],[28.5695992,41.3705721],[28.5696026,41.370604],[28.5696177,41.3706339],[28.5696506,41.3706953],[28.5696912,41.370754],[28.5697391,41.3708095],[28.5698007,41.3708672],[28.5698702,41.3709196],[28.5699467,41.3709661],[28.5700294,41.3710063],[28.5701298,41.3710088],[28.5702296,41.3710172],[28.5703283,41.3710315],[28.5704251,41.3710516],[28.5705354,41.3710823],[28.5706415,41.3711205],[28.5707425,41.3711659],[28.5708375,41.3712181],[28.5709599,41.3712939],[28.5710755,41.3713756],[28.5710541,41.3713997],[28.5710411,41.3714269],[28.5710373,41.3714556],[28.5710443,41.3714877],[28.5710626,41.371517],[28.571091,41.3715415],[28.5711271,41.3715593],[28.5712086,41.3716049],[28.5712847,41.3716554],[28.5713476,41.3717087],[28.5714017,41.371767],[28.5714465,41.3718298],[28.5714812,41.371896],[28.5715865,41.3719331],[28.5716867,41.3719775],[28.5717809,41.3720288],[28.5718541,41.3720764],[28.5719222,41.3721281],[28.5719846,41.3721836],[28.5720411,41.3722427],[28.5721167,41.3723066],[28.5722013,41.3723639],[28.5722939,41.3724137],[28.5724146,41.3724595],[28.5725306,41.3725119],[28.5726346,41.3725668],[28.5727334,41.3726269],[28.5727812,41.3726584],[28.5728263,41.372692],[28.5728907,41.3727481],[28.5729477,41.3728085],[28.5729968,41.3728727],[28.5730375,41.3729401],[28.5730864,41.3730365],[28.5731258,41.3731353],[28.5731426,41.3731853],[28.5731556,41.373236],[28.5731668,41.3733047],[28.573171,41.3733738],[28.5731682,41.3734429],[28.5731582,41.3735117],[28.5731368,41.3735911],[28.5731049,41.3736685],[28.573063,41.3737432],[28.5730241,41.3737968],[28.5729777,41.3738469],[28.5729243,41.373893],[28.5728645,41.3739344],[28.5727993,41.3739706],[28.5727292,41.3740014],[28.5726551,41.3740262],[28.5725779,41.3740449],[28.5724984,41.3740572],[28.5718131,41.3737533],[28.5717488,41.3737287],[28.5716803,41.3737115],[28.5716093,41.3737019],[28.5715448,41.3737001],[28.5714805,41.3737046],[28.5714176,41.3737153],[28.5713881,41.3737251],[28.5713571,41.3737321],[28.57131,41.3737372],[28.5712624,41.3737358],[28.5712159,41.373728],[28.5711721,41.373714],[28.5710365,41.3736783],[28.5708985,41.3736486],[28.5707248,41.3736201],[28.5705488,41.3736009],[28.5703714,41.3735912],[28.5702316,41.3734854],[28.5700858,41.3733843],[28.5699343,41.373288],[28.5697773,41.3731967],[28.5696084,41.3731073],[28.5694342,41.3730236],[28.5692551,41.372946],[28.5690715,41.3728746],[28.5688838,41.3728095],[28.5687894,41.3727777],[28.5686924,41.3727509],[28.5685782,41.3727265],[28.5684619,41.372709],[28.5683441,41.3726985],[28.5682255,41.3726952],[28.5681069,41.372699],[28.5679892,41.3727098],[28.5678729,41.3727277],[28.5677903,41.3727354],[28.567707,41.372734],[28.5676248,41.3727237],[28.5675515,41.3727064],[28.5674819,41.372682],[28.5674172,41.3726509],[28.5673585,41.3726136],[28.567307,41.3725707],[28.567277,41.3724881],[28.5672358,41.3724082],[28.5671838,41.372332],[28.5671215,41.3722602],[28.5670497,41.3721936],[28.566969,41.372133],[28.5668825,41.3720801],[28.5667893,41.372034],[28.5666904,41.3719953],[28.5665867,41.3719643],[28.5664794,41.3719413],[28.5663696,41.3719266],[28.5650539,41.3717606],[28.5648259,41.3717656],[28.5645977,41.371765],[28.5643696,41.371759],[28.564142,41.3717475],[28.5638468,41.3717243],[28.5635531,41.3716919],[28.5632616,41.3716503],[28.5631177,41.3716227],[28.5629725,41.3715996],[28.5627966,41.3715776],[28.5626194,41.371562],[28.5624414,41.3715529],[28.562263,41.3715504],[28.5621738,41.3715497],[28.5620847,41.3715543],[28.5619721,41.3715675],[28.5618618,41.3715889],[28.5617548,41.3716184],[28.5616521,41.3716555],[28.5615548,41.3717001],[28.5614638,41.3717515],[28.5613612,41.3718007],[28.5612536,41.3718436],[28.5611419,41.3718798],[28.5610266,41.3719093],[28.560968,41.3719217],[28.5609086,41.3719317],[28.560803,41.3719428],[28.5606964,41.3719458],[28.56059,41.3719408],[28.5605377,41.3719327],[28.5604848,41.3719277],[28.5604007,41.371926],[28.5603169,41.371932],[28.5602347,41.3719456],[28.5601553,41.3719667],[28.56008,41.3719948],[28.5600097,41.3720296],[28.5599457,41.3720706],[28.559769,41.3721781],[28.5595875,41.372281],[28.5594014,41.372379],[28.5593039,41.372423],[28.5592107,41.3724721],[28.5591029,41.3725391],[28.5590033,41.3726129],[28.5589127,41.372693],[28.5588317,41.3727787],[28.558761,41.3728693],[28.5587011,41.3729642],[28.5586304,41.3730607],[28.5585518,41.3731537],[28.5584656,41.3732428],[28.5583722,41.3733277],[28.5583345,41.3733513],[28.5583009,41.3733782],[28.558272,41.3734081],[28.5582418,41.3734508],[28.5582212,41.3734966],[28.5582107,41.3735443],[28.5582105,41.3735926],[28.5582206,41.3736404],[28.5582408,41.3736862],[28.5582706,41.3737291],[28.5583467,41.3738507],[28.5584125,41.3739757],[28.5584678,41.3741035],[28.5586528,41.3745423],[28.5587731,41.3745827],[28.5588883,41.3746308],[28.5589975,41.3746862],[28.5590907,41.3747422],[28.5591777,41.3748036],[28.5592581,41.3748698],[28.5593314,41.3749405],[28.5593971,41.3750153],[28.5594548,41.3750937],[28.5593819,41.3751534],[28.5593176,41.3752183],[28.5592626,41.3752879],[28.5592174,41.3753614],[28.5591826,41.3754379],[28.5591598,41.375511],[28.5591465,41.3755853],[28.5591427,41.3756603],[28.5591485,41.3757351],[28.5591638,41.3758093],[28.5591368,41.3758526],[28.5591021,41.3758928],[28.5590605,41.375929],[28.5590025,41.3759664],[28.5589371,41.3759962],[28.5588661,41.3760176],[28.5587506,41.3759767],[28.5586308,41.3759434],[28.5585076,41.3759181],[28.5583819,41.3759008],[28.5582701,41.3758925],[28.5581578,41.3758905],[28.5580455,41.3758949],[28.5579341,41.3759058],[28.557824,41.375923],[28.5577745,41.3758861],[28.5577169,41.3758566],[28.5576532,41.3758355],[28.5575853,41.3758234],[28.5575211,41.3758205],[28.5574572,41.3758258],[28.5573954,41.3758391],[28.5573374,41.3758599],[28.5572849,41.3758878],[28.557236,41.3759243],[28.5571963,41.3759667],[28.557167,41.3760136],[28.5571489,41.3760636],[28.5571428,41.3761152],[28.5571467,41.3761699],[28.5571614,41.3762235],[28.5571864,41.3762749],[28.5572212,41.376323],[28.5572411,41.3763431],[28.5572525,41.3763665],[28.5572547,41.3763914],[28.5572482,41.3764144],[28.5572337,41.3764353],[28.5572123,41.3764525],[28.5571856,41.3764649],[28.5571555,41.3764714],[28.5570488,41.3764073],[28.5569352,41.3763501],[28.5568155,41.3763004],[28.5566944,41.3762595],[28.5565691,41.3762262],[28.5565057,41.3762113],[28.5564407,41.3762007],[28.556368,41.3761942],[28.5562948,41.3761932],[28.5562217,41.3761975],[28.5561854,41.3762013],[28.5561497,41.3762073],[28.5560939,41.3762216],[28.5560411,41.3762414],[28.5559924,41.3762663],[28.5559693,41.3762801],[28.5559485,41.3762958],[28.5559175,41.3763288],[28.5558964,41.3763659],[28.5558863,41.3764055],[28.5558875,41.3764458],[28.5558972,41.3765012],[28.5559161,41.3765554],[28.5559438,41.3766073],[28.5559973,41.3766446],[28.5560484,41.3766838],[28.5561143,41.3767403],[28.5561752,41.3768],[28.5562954,41.3769229],[28.556351,41.3769867],[28.5564112,41.3770481],[28.5564789,41.3771095],[28.5565511,41.377168],[28.5566278,41.3772232],[28.556758,41.377262],[28.5568839,41.3773082],[28.5569935,41.3773561],[28.5570984,41.3774096],[28.5571982,41.3774683],[28.5572923,41.3775321],[28.5573186,41.3775633],[28.5573358,41.3775978],[28.5573433,41.3776343],[28.5573403,41.3776724],[28.5573267,41.3777092],[28.557303,41.3777429],[28.5570945,41.3778959],[28.5570402,41.3779298],[28.5569804,41.377958],[28.5569161,41.3779799],[28.5568482,41.3779953],[28.5567782,41.3780036],[28.5567073,41.3780048],[28.5566369,41.3779989],[28.5565681,41.377986],[28.5565061,41.3779479],[28.5564405,41.3779135],[28.5563716,41.3778828],[28.556269,41.3778462],[28.5561618,41.3778179],[28.5560512,41.3777983],[28.5559385,41.3777877],[28.555765,41.3777745],[28.5555911,41.3777651],[28.5553918,41.3776775],[28.5551968,41.3775844],[28.5550169,41.3774917],[28.5548414,41.3773944],[28.5546704,41.3772926],[28.554614,41.3772637],[28.5545525,41.3772414],[28.5544872,41.3772263],[28.5544197,41.3772186],[28.5543607,41.3772182],[28.5543022,41.3772235],[28.5542451,41.3772345],[28.5542168,41.3772409],[28.5541903,41.3772508],[28.5541626,41.3772665],[28.5541395,41.3772859],[28.5541219,41.3773083],[28.5541105,41.3773329],[28.5541394,41.3774738],[28.5541502,41.3775524],[28.5541575,41.3776312],[28.5541474,41.3777032],[28.5541461,41.3777755],[28.5541534,41.3778476],[28.5541689,41.377917],[28.5541924,41.3779851],[28.5542238,41.3780514],[28.5542488,41.3780958],[28.5542668,41.3781422],[28.5542775,41.3781897],[28.5542807,41.3782388],[28.5542763,41.3782879],[28.5542728,41.3783124],[28.5542641,41.3783362],[28.5542454,41.3783647],[28.5542191,41.3783896],[28.5541864,41.3784098],[28.5541487,41.3784244],[28.5541078,41.3784328],[28.5535292,41.3784026],[28.5535135,41.3782968],[28.5534906,41.3781917],[28.5534608,41.3780876],[28.553411,41.3779531],[28.5533494,41.3778214],[28.5533147,41.3777911],[28.5532741,41.377765],[28.5532288,41.3777439],[28.553179,41.3777281],[28.5531265,41.3777182],[28.5530727,41.3777145],[28.5530187,41.3777171],[28.5529659,41.3777258],[28.5528097,41.3777875],[28.5526483,41.3778411],[28.5524824,41.3778863],[28.5523287,41.37792],[28.5521726,41.3779464],[28.5520145,41.3779656],[28.5518552,41.3779775],[28.5516952,41.3779819],[28.5516829,41.3778439],[28.55168,41.3777056],[28.5516865,41.3775673],[28.5516992,41.3774519],[28.5517184,41.3773369],[28.5517262,41.3772791],[28.5517441,41.3772227],[28.5517679,41.3771753],[28.5517988,41.3771304],[28.5518364,41.3770885],[28.5518803,41.3770501],[28.5519676,41.3769683],[28.5520109,41.3769271],[28.5520499,41.3768835],[28.5520919,41.3768267],[28.5521265,41.3767671],[28.5521535,41.3767054],[28.5521726,41.376642],[28.5521928,41.3765873],[28.5522162,41.3765333],[28.5522052,41.3765236],[28.5521907,41.376517],[28.5521718,41.376514],[28.5521526,41.3765162],[28.5521357,41.3765234],[28.5521233,41.3765346],[28.5521027,41.3765508],[28.5520767,41.376562],[28.5520451,41.3765674],[28.5520128,41.3765654],[28.5519829,41.376556],[28.5519483,41.376551],[28.5519131,41.3765517],[28.5518789,41.376558],[28.5517655,41.3766248],[28.5516597,41.3766984],[28.5515866,41.3767568],[28.5515183,41.3768184],[28.5514551,41.376883],[28.5513799,41.3769451],[28.5512963,41.3770009],[28.5512052,41.3770496],[28.5511078,41.3770908],[28.5510355,41.3770521],[28.5509701,41.3770069],[28.5509127,41.376956],[28.5508671,41.376904],[28.5508297,41.3768485],[28.5508012,41.3767901],[28.5507819,41.3767296],[28.5508369,41.3766398],[28.5508872,41.3765484],[28.5509433,41.3764322],[28.5509699,41.3763736],[28.5509918,41.376314],[28.5510135,41.376233],[28.5510265,41.3761509],[28.5510307,41.3761097],[28.5510307,41.3760684],[28.5510244,41.3760149],[28.551011,41.3759622],[28.5509907,41.3759108],[28.5509636,41.3758611],[28.5508928,41.3757358],[28.5508596,41.3756724],[28.5508188,41.3756115],[28.5507724,41.3755556],[28.5507195,41.3755029],[28.5506606,41.375454],[28.5506269,41.3754328],[28.5505962,41.3754092],[28.5505533,41.3753666],[28.5505199,41.3753194],[28.550497,41.3752688],[28.5504849,41.3752161],[28.5504842,41.3751627],[28.5504756,41.3751028],[28.5504774,41.3750426],[28.5504895,41.374983],[28.5505133,41.374922],[28.550548,41.3748639],[28.5505928,41.37481],[28.5506679,41.3747285],[28.5507491,41.3746504],[28.5507951,41.3746148],[28.5508362,41.374576],[28.5508778,41.3745265],[28.5509113,41.3744736],[28.5509363,41.3744182],[28.5509525,41.374361],[28.5509596,41.3743027],[28.550965,41.3741984],[28.5509611,41.3740941],[28.5509479,41.3739901],[28.5509254,41.3738871],[28.5508877,41.3738455],[28.5508412,41.3738093],[28.5507873,41.3737794],[28.5507348,41.373759],[28.5506789,41.3737446],[28.5506207,41.3737366],[28.5505617,41.3737351],[28.550503,41.3737402],[28.5503836,41.3737538],[28.5502653,41.3737717],[28.5502061,41.3737811],[28.5501482,41.373794],[28.5500759,41.373816],[28.5500071,41.3738437],[28.5499427,41.3738767],[28.5498834,41.3739148],[28.5498705,41.3739437],[28.5498652,41.373974],[28.5498677,41.3740045],[28.549878,41.374034],[28.549897,41.3740632],[28.5499235,41.3740889],[28.5499565,41.37411],[28.5499946,41.3741254],[28.5500289,41.3741452],[28.5500585,41.374169],[28.5500825,41.3741961],[28.5501032,41.374232],[28.5501141,41.3742703],[28.5501148,41.3743095],[28.5501053,41.374348],[28.5500803,41.3744092],[28.5500441,41.3744671],[28.5499974,41.3745206],[28.5499432,41.3745721],[28.5498831,41.3746198],[28.5498176,41.3746633],[28.5497472,41.3747023],[28.5491042,41.3751068],[28.5487736,41.3749851],[28.5487241,41.3749782],[28.5486737,41.374979],[28.5486239,41.3749878],[28.5485775,41.3750042],[28.5485368,41.3750274],[28.5485034,41.3750565],[28.5484504,41.3753036],[28.5484465,41.3753327],[28.5484347,41.3753606],[28.5484157,41.3753862],[28.54839,41.3754082],[28.548357,41.3754268],[28.5483195,41.3754396],[28.5482791,41.3754461],[28.5482378,41.3754458],[28.5481976,41.3754389],[28.5479602,41.375375],[28.5477497,41.3753248],[28.5477,41.3753058],[28.5476474,41.3752918],[28.5475928,41.3752832],[28.5475371,41.3752799],[28.5474767,41.3752826],[28.5474175,41.3752917],[28.5473606,41.375307],[28.5473071,41.3753282],[28.5471395,41.3755144],[28.5471036,41.3755197],[28.547067,41.3755204],[28.5470239,41.3755153],[28.546983,41.3755039],[28.5469459,41.3754866],[28.5469142,41.3754641],[28.546719,41.3752497],[28.5461926,41.375297],[28.5462008,41.3753578],[28.5461962,41.3754188],[28.5461791,41.3754785],[28.5461497,41.3755355],[28.5461163,41.3755802],[28.5460753,41.3756212],[28.5460275,41.3756579],[28.5459738,41.3756896],[28.545915,41.3757157],[28.5459482,41.3757609],[28.5459725,41.3758091],[28.5459875,41.3758594],[28.545993,41.3759108],[28.5459888,41.3759622],[28.5459776,41.3760053],[28.5459597,41.3760471],[28.5459352,41.376087],[28.5458731,41.3761806],[28.545806,41.3762723],[28.545734,41.3763618],[28.5456994,41.3764269],[28.5456565,41.3764891],[28.5456056,41.3765478],[28.5455472,41.3766025],[28.5454819,41.3766526],[28.5454005,41.3767031],[28.5453122,41.3767464],[28.5452179,41.3767821],[28.5451189,41.3768096],[28.5450165,41.3768287],[28.5449464,41.3768313],[28.5448764,41.376827],[28.5448078,41.376816],[28.5447416,41.3767985],[28.5446847,41.3767772],[28.5446315,41.3767511],[28.5445827,41.3767205],[28.5445391,41.3766858],[28.5445122,41.3766111],[28.5444772,41.3765384],[28.5444342,41.376468],[28.5443837,41.3764006],[28.5443258,41.3763366],[28.5442467,41.3762643],[28.5441584,41.3761983],[28.5441113,41.3761676],[28.5440616,41.3761393],[28.5439798,41.3761006],[28.5438929,41.3760684],[28.5438021,41.3760432],[28.5437083,41.3760252],[28.5436125,41.3760146],[28.5435158,41.3760115],[28.5434426,41.3760095],[28.5433702,41.3760008],[28.5432999,41.3759854],[28.5432346,41.3759644],[28.5431732,41.3759376],[28.5431164,41.3759056],[28.5430652,41.3758686],[28.5430464,41.3757997],[28.543018,41.3757326],[28.5429803,41.3756681],[28.5429338,41.375607],[28.5428708,41.3755425],[28.5427981,41.3754842],[28.5427165,41.3754329],[28.5421224,41.3753926],[28.5420548,41.3754728],[28.541991,41.3755547],[28.5419124,41.3756656],[28.5418408,41.3757791],[28.5417539,41.3757824],[28.5416671,41.3757773],[28.5415819,41.375764],[28.5414969,41.3757417],[28.5414165,41.3757111],[28.5413422,41.3756728],[28.5412754,41.3756274],[28.5412171,41.3755758],[28.5411546,41.3755098],[28.5411003,41.3754398],[28.5410549,41.3753663],[28.5410187,41.37529],[28.5409662,41.3752049],[28.5409029,41.375124],[28.5408294,41.3750481],[28.5407464,41.374978],[28.5406064,41.3750563],[28.5404595,41.3751272],[28.5403065,41.3751904],[28.5401655,41.3752399],[28.5400206,41.3752828],[28.5398726,41.375319],[28.5397218,41.3753484],[28.5395861,41.3753672],[28.5394491,41.3753792],[28.5393113,41.3753843],[28.5392422,41.3753866],[28.5391733,41.3753826],[28.5390966,41.3753703],[28.539023,41.3753502],[28.5389537,41.3753226],[28.5388903,41.375288],[28.538819,41.3752394],[28.5387559,41.3751848],[28.538702,41.3751249],[28.538658,41.3750607],[28.5386245,41.3749929],[28.538602,41.3749227],[28.5385414,41.3749181],[28.5384808,41.3749223],[28.5384224,41.3749351],[28.5383683,41.3749559],[28.5383204,41.3749841],[28.5382843,41.3750146],[28.5382557,41.3750493],[28.5382353,41.3750871],[28.5382238,41.375127],[28.5382162,41.375206],[28.5381964,41.3752838],[28.5381648,41.3753594],[28.5381244,41.3754277],[28.5380744,41.3754923],[28.5380152,41.3755524],[28.5379476,41.3756073],[28.5378724,41.3756563],[28.5377154,41.3757521],[28.5375531,41.3758428],[28.5373856,41.375928],[28.5371412,41.3758963],[28.5368955,41.3758715],[28.5366486,41.3758535],[28.5364011,41.3758425],[28.5361531,41.3758385],[28.5359164,41.375841],[28.5356799,41.37585],[28.535444,41.3758652],[28.5353263,41.3758745],[28.535209,41.3758868],[28.5350293,41.3759114],[28.5348516,41.3759429],[28.5346762,41.3759812],[28.5345038,41.3760263],[28.5344184,41.3760506],[28.5343346,41.376078],[28.5342073,41.3761266],[28.5340852,41.3761822],[28.533969,41.3762444],[28.5338592,41.376313],[28.5337564,41.3763874],[28.5337117,41.3764293],[28.5336614,41.3764674],[28.5335948,41.3765074],[28.5335222,41.3765408],[28.5334445,41.3765672],[28.5333631,41.3765861],[28.5332791,41.3765972],[28.5331635,41.3765866],[28.533047,41.3765835],[28.5329306,41.3765881],[28.5328151,41.3766003],[28.532691,41.3766221],[28.5325702,41.3766528],[28.5324539,41.3766919],[28.5323431,41.3767391],[28.5323162,41.3773751],[28.5323665,41.3773985],[28.5324104,41.3774284],[28.5324463,41.3774637],[28.5324715,41.3775001],[28.5324881,41.3775391],[28.5324959,41.3775797],[28.5324946,41.3776207],[28.5324997,41.3777236],[28.5325167,41.3778259],[28.5325456,41.3779266],[28.5325697,41.3780518],[28.5326022,41.3781759],[28.5326429,41.3782986],[28.5326917,41.3784197],[28.5327466,41.3785348],[28.5328088,41.3786479],[28.5328782,41.3787585],[28.5329546,41.3788665],[28.5330763,41.3790463],[28.5331926,41.3792281],[28.5332498,41.3793194],[28.5333033,41.3794119],[28.5333766,41.3795526],[28.5334414,41.3796956],[28.5334716,41.3797676],[28.5334977,41.3798406],[28.5335291,41.3799512],[28.533551,41.380063],[28.5335635,41.3801757],[28.5335332,41.3802822],[28.5334942,41.380387],[28.5334466,41.3804899],[28.5333905,41.3805903],[28.5333238,41.3806911],[28.5332486,41.3807885],[28.5331652,41.3808821],[28.5329398,41.3811447],[28.5329336,41.3812365],[28.532917,41.3813276],[28.5328904,41.3814173],[28.5328539,41.381505],[28.5328076,41.3815901],[28.5327521,41.381672],[28.5326859,41.381752],[28.5326107,41.3818275],[28.5325272,41.3818979],[28.532436,41.3819626],[28.5323377,41.3820212],[28.5312165,41.3823995],[28.5311615,41.3825205],[28.5310998,41.3826397],[28.5310315,41.3827567],[28.5309551,41.3828738],[28.5308721,41.3829882],[28.5307826,41.3830999],[28.5307322,41.383153],[28.5306868,41.3832086],[28.5306364,41.3832826],[28.5305948,41.3833597],[28.5305624,41.3834392],[28.5305393,41.3835205],[28.5306224,41.3837781],[28.5306223,41.3838336],[28.530613,41.3838888],[28.5305961,41.3839394],[28.5305714,41.3839882],[28.5305393,41.3840345],[28.5305003,41.3840777],[28.5304548,41.3841172],[28.5303642,41.3841426],[28.5302776,41.3841748],[28.5301957,41.3842134],[28.5301195,41.384258],[28.5300411,41.3843153],[28.5299719,41.384379],[28.529913,41.3844482],[28.5298692,41.3845118],[28.5298327,41.3845779],[28.5298039,41.3846461],[28.5297829,41.3847159],[28.5297433,41.3848603],[28.5297171,41.3848973],[28.5296818,41.3849297],[28.5296387,41.3849564],[28.529592,41.3849754],[28.5295413,41.3849877],[28.5294885,41.3849926],[28.5294354,41.3849901],[28.5293839,41.3849803],[28.5293356,41.3849634],[28.5292635,41.3849158],[28.5291857,41.3848735],[28.5291028,41.3848369],[28.5290158,41.3848064],[28.5289231,41.3847818],[28.5288277,41.384764],[28.5287304,41.3847532],[28.5286322,41.3847496],[28.5283677,41.3847354],[28.5281038,41.3847149],[28.5279449,41.384574],[28.527907,41.3845595],[28.5278664,41.3845498],[28.5278242,41.3845453],[28.5277728,41.384547],[28.5277228,41.3845562],[28.5276763,41.3845728],[28.5276351,41.384596],[28.5276009,41.3846248],[28.527553,41.3847395],[28.5274967,41.384852],[28.5274321,41.3849619],[28.5273595,41.3850691],[28.527282,41.3851695],[28.5271973,41.3852667],[28.5271059,41.3853603],[28.5270078,41.3854502],[28.5269035,41.3855359],[28.5265977,41.3856291],[28.5262946,41.385727],[28.5259943,41.3858297],[28.5257234,41.3859274],[28.5256293,41.3859539],[28.5255395,41.3859879],[28.5254551,41.386029],[28.5253725,41.3860799],[28.5252983,41.3861377],[28.5252335,41.3862015],[28.5251789,41.3862705],[28.5249543,41.3865467],[28.5247229,41.3868198],[28.5247075,41.3869252],[28.5246798,41.387029],[28.5246398,41.3871307],[28.5245881,41.3872292],[28.5245248,41.387324],[28.5244507,41.3874141],[28.5243662,41.387499],[28.5242892,41.3875645],[28.524206,41.3876257],[28.524117,41.3876821],[28.5240228,41.3877334],[28.5238656,41.3878393],[28.5237014,41.3879389],[28.5235306,41.3880322],[28.5233536,41.3881188],[28.5231587,41.3882036],[28.5229578,41.3882803],[28.5227517,41.3883487],[28.5225409,41.3884086],[28.5223671,41.3884659],[28.5221971,41.3885293],[28.5221112,41.3885601],[28.5220313,41.3885987],[28.5219764,41.3886323],[28.521926,41.3886697],[28.5219605,41.3886802],[28.5219905,41.3886967],[28.5220142,41.3887183],[28.52203,41.3887436],[28.5220371,41.3887732],[28.5220335,41.3888031],[28.5220195,41.3888312],[28.5219961,41.3888556],[28.5219649,41.3888744],[28.5216652,41.3888402],[28.5216778,41.38882],[28.5216819,41.3887979],[28.5216773,41.3887758],[28.5216629,41.3887544],[28.5216403,41.3887373],[28.5216117,41.3887265],[28.52158,41.388723],[28.5215011,41.3887202],[28.5214224,41.388726],[28.5213449,41.3887398],[28.5212706,41.3887612],[28.5212008,41.38879],[28.5211368,41.3888256],[28.5207123,41.3890455],[28.5204672,41.389181],[28.5202175,41.3893116],[28.5200302,41.3894048],[28.5198406,41.3894952],[28.5197898,41.3895121],[28.5197369,41.3895248],[28.5196824,41.3895329],[28.5196151,41.3895367],[28.5195477,41.3895338],[28.5194814,41.3895241],[28.5194175,41.3895078],[28.519353,41.3894691],[28.5192824,41.3894369],[28.5192069,41.3894117],[28.5191325,41.3893948],[28.5190558,41.3893847],[28.5189781,41.3893816],[28.5189005,41.3893855],[28.5187919,41.3893985],[28.5186858,41.3894201],[28.5185833,41.3894499],[28.5184178,41.3895053],[28.5182569,41.3895679],[28.5181012,41.3896376],[28.5179715,41.3897031],[28.5178465,41.3897736],[28.5177265,41.3898487],[28.5176702,41.3898895],[28.5176117,41.3899284],[28.5174965,41.3899959],[28.5173744,41.3900562],[28.5172462,41.390109],[28.51699,41.3902111],[28.5167313,41.3903097],[28.5164607,41.3904028],[28.5161854,41.3904878],[28.5161833,41.3905287],[28.5161715,41.3905687],[28.5161506,41.3906065],[28.5161217,41.3906402],[28.5160855,41.3906698],[28.5160431,41.3906941],[28.5159957,41.3907126],[28.5158625,41.390774],[28.5157241,41.3908283],[28.5155843,41.3908746],[28.5154407,41.3909137],[28.515294,41.3909457],[28.5151447,41.3909702],[28.5151088,41.3909099],[28.5150635,41.3908532],[28.5150095,41.3908009],[28.5149476,41.3907539],[28.5148784,41.3907126],[28.5148031,41.3906778],[28.5147229,41.3906501],[28.5146387,41.3906297],[28.514552,41.3906171],[28.5136534,41.3907519],[28.5135931,41.3907529],[28.513533,41.3907492],[28.5134737,41.3907408],[28.5133915,41.3907208],[28.5133141,41.3906919],[28.5132433,41.3906547],[28.5131807,41.3906099],[28.5131277,41.3905587],[28.5130924,41.3904346],[28.5130526,41.3903112],[28.5130135,41.3902022],[28.5129885,41.3901488],[28.5129708,41.3900939],[28.5129593,41.3900262],[28.5129587,41.389958],[28.512996,41.389938],[28.5130276,41.389913],[28.5130524,41.389884],[28.5130694,41.389852],[28.5130781,41.3898182],[28.5130775,41.3897793],[28.5130659,41.3897414],[28.5130439,41.3897062],[28.5130124,41.3896753],[28.5129862,41.3896554],[28.5129533,41.3896422],[28.5129167,41.3896369],[28.5128796,41.3896401],[28.5128473,41.3896506],[28.5128202,41.3896675],[28.5128005,41.3896894],[28.5126087,41.3900803],[28.5124953,41.3902864],[28.5123894,41.3904948],[28.5123063,41.3906717],[28.5122285,41.39085],[28.5120696,41.3910507],[28.5119867,41.3911125],[28.5118999,41.3911713],[28.5118094,41.3912268],[28.5116709,41.3913017],[28.5115256,41.3913691],[28.5113742,41.3914285],[28.5112505,41.3914696],[28.5111238,41.3915054],[28.5109946,41.3915356],[28.5109296,41.39155],[28.5108633,41.3915603],[28.5107849,41.3915672],[28.510706,41.3915685],[28.5106273,41.3915641],[28.5105494,41.3915542],[28.510485,41.3915391],[28.5104237,41.391518],[28.5103663,41.3914913],[28.5103139,41.3914595],[28.5102671,41.391423],[28.5101964,41.3913306],[28.510119,41.3912413],[28.5100352,41.3911553],[28.5099453,41.3910728],[28.5098416,41.3909882],[28.5097315,41.3909083],[28.5096153,41.3908335],[28.5094933,41.3907639],[28.5093683,41.390779],[28.5092422,41.3907875],[28.5091156,41.3907896],[28.5089891,41.3907851],[28.5088495,41.3907725],[28.5087116,41.390752],[28.5085761,41.3907236],[28.508444,41.3906877],[28.5083158,41.3906442],[28.5081682,41.3906007],[28.5080176,41.3905632],[28.5078647,41.3905317],[28.5077097,41.3905064],[28.5075532,41.3904889],[28.5073955,41.3904794],[28.5072374,41.3904778],[28.5070794,41.3904841],[28.5069224,41.3904983],[28.5068299,41.3907559],[28.5066636,41.3912046],[28.5066511,41.3912571],[28.5066292,41.3913078],[28.5065983,41.3913557],[28.506559,41.3914001],[28.506512,41.3914401],[28.5064511,41.3914788],[28.5063829,41.3915101],[28.5063091,41.3915331],[28.5062315,41.3915475],[28.5061519,41.3915527],[28.5060722,41.3915487],[28.5051294,41.3915135],[28.5050946,41.3914543],[28.5050513,41.3913984],[28.5049999,41.3913465],[28.5049412,41.3912991],[28.5048759,41.3912569],[28.5048084,41.3912222],[28.5047364,41.3911929],[28.5046608,41.3911696],[28.5045822,41.3911523],[28.5042536,41.3910587],[28.5042209,41.3910308],[28.5041937,41.3909998],[28.5041725,41.3909662],[28.5041566,41.3909272],[28.5041487,41.3908868],[28.5041491,41.390846],[28.5041577,41.3908057],[28.504232,41.3907508],[28.5042997,41.3906914],[28.5043602,41.3906277],[28.5044132,41.3905603],[28.5044581,41.3904898],[28.5044994,41.3904057],[28.5045293,41.3903191],[28.5045476,41.3902306],[28.504554,41.3901412],[28.5045229,41.390097],[28.5044832,41.3900569],[28.5044361,41.3900217],[28.5043824,41.3899922],[28.5043204,41.3899682],[28.5042542,41.3899517],[28.5041853,41.3899432],[28.5041155,41.3899429],[28.5040367,41.3900337],[28.5039496,41.3901201],[28.5038546,41.3902017],[28.5037521,41.390278],[28.5036589,41.3903388],[28.503561,41.3903952],[28.5034587,41.3904471],[28.5033524,41.3904943],[28.503166,41.3902292],[28.5031377,41.3902055],[28.5031035,41.3901868],[28.5030647,41.3901739],[28.5030271,41.3901676],[28.5029886,41.3901669],[28.5029506,41.3901717],[28.5029145,41.3901819],[28.5028406,41.39034],[28.5027587,41.3904958],[28.5026691,41.3906492],[28.5026073,41.3907467],[28.5025424,41.3908429],[28.5025119,41.3908633],[28.5024768,41.3908789],[28.5024384,41.3908892],[28.502394,41.390894],[28.5023491,41.3908917],[28.5023059,41.3908825],[28.5022663,41.3908667],[28.5022319,41.3908449],[28.5021903,41.3908089],[28.5021583,41.3907678],[28.5021368,41.3907229],[28.5021266,41.3906759],[28.5020974,41.3905834],[28.5020566,41.3904934],[28.5020045,41.3904068],[28.5019416,41.3903243],[28.501889,41.3902818],[28.5018299,41.3902445],[28.5017651,41.3902131],[28.5016955,41.3901879],[28.5016224,41.3901693],[28.5015457,41.3901576],[28.5014676,41.3901532],[28.5013894,41.3901562],[28.5013123,41.3901666],[28.5012376,41.3901841],[28.5011664,41.3902086],[28.5011016,41.3902391],[28.5010426,41.3902758],[28.5009905,41.3903178],[28.5009461,41.3903646],[28.5009102,41.3904153],[28.5008834,41.3904692],[28.5007533,41.3907237],[28.5007149,41.3907304],[28.5006756,41.3907318],[28.5006405,41.3907283],[28.5006066,41.3907205],[28.500575,41.3907086],[28.5005657,41.3906663],[28.5005451,41.3906263],[28.5005142,41.3905902],[28.5004742,41.3905596],[28.5004267,41.3905357],[28.5003738,41.3905195],[28.5003256,41.3905122],[28.5002765,41.3905114],[28.500228,41.390517],[28.5001815,41.3905289],[28.5001385,41.3905466],[28.5001002,41.3905698],[28.5000374,41.3906146],[28.4999811,41.3906642],[28.4999321,41.3907179],[28.4998908,41.3907751],[28.4998578,41.3908353],[28.4998333,41.3908978],[28.4998518,41.390946],[28.4998607,41.3909958],[28.4998598,41.3910459],[28.4998492,41.3910955],[28.499829,41.3911434],[28.4997998,41.3911885],[28.4997595,41.3912325],[28.4997106,41.3912712],[28.4996543,41.3913038],[28.4995919,41.3913294],[28.499525,41.3913475],[28.4994552,41.3913576],[28.4992584,41.3914023],[28.4990599,41.3914423],[28.4988597,41.3914773],[28.4986151,41.3915131],[28.4983689,41.3915417],[28.4974703,41.391589],[28.497409,41.3915742],[28.4973456,41.3915661],[28.4972812,41.3915648],[28.4972089,41.3915715],[28.4971389,41.3915868],[28.497073,41.3916103],[28.497013,41.3916413],[28.4969345,41.3916956],[28.4968506,41.3917451],[28.4967617,41.3917895],[28.4966683,41.3918284],[28.496572,41.3918614],[28.4964725,41.3918886],[28.4963705,41.3919099],[28.4962666,41.3919251],[28.4961614,41.3919341],[28.4960239,41.3919524],[28.4958885,41.391978],[28.4957559,41.3920108],[28.4956267,41.3920505],[28.4955016,41.392097],[28.4950215,41.392257],[28.4949491,41.3922655],[28.4948759,41.3922675],[28.4948029,41.392263],[28.4947276,41.3922515],[28.4946549,41.392233],[28.4945857,41.3922079],[28.4945212,41.3921765],[28.4944299,41.3921401],[28.4943343,41.3921107],[28.4942352,41.3920886],[28.4941336,41.3920739],[28.4939219,41.3920497],[28.4937088,41.3920339],[28.4934949,41.3920265],[28.4932807,41.3920276],[28.4929657,41.3920365],[28.4926513,41.3920539],[28.4924942,41.3920644],[28.4923379,41.3920799],[28.4921262,41.3921093],[28.4919172,41.3921479],[28.4918134,41.3921693],[28.4917116,41.3921956],[28.4916034,41.3922298],[28.4914986,41.3922695],[28.4913977,41.3923145],[28.4913012,41.3923647],[28.4912067,41.3924238],[28.4911197,41.3924892],[28.491041,41.3925602],[28.4909713,41.3926363],[28.4908848,41.3927383],[28.4907918,41.392837],[28.4906924,41.3929321],[28.4905647,41.3930416],[28.4904286,41.3931452],[28.4902846,41.3932426],[28.4902112,41.3932903],[28.4901331,41.3933335],[28.4900371,41.393378],[28.4899361,41.3934158],[28.4898311,41.3934467],[28.4897774,41.3934597],[28.4897228,41.3934704],[28.4896254,41.3934834],[28.4895267,41.3934891],[28.4894278,41.3934873],[28.4893296,41.3934782],[28.4892332,41.3934618],[28.4891394,41.3934382],[28.4890952,41.3935014],[28.4890451,41.393562],[28.4889892,41.3936198],[28.4889259,41.3936759],[28.4888571,41.3937283],[28.4887833,41.3937767],[28.4886948,41.3936162],[28.4886312,41.3935105],[28.488564,41.393406],[28.4885017,41.3933241],[28.4884325,41.3932454],[28.4883569,41.3931702],[28.488275,41.3930986],[28.4878211,41.3925186],[28.4875341,41.3920618]]]}},{"type":"Feature","properties":{"id":"akyatan-set","name":"Akyatan Lagünü","source":"OpenStreetMap","source_url":"https://www.openstreetmap.org/copyright"},"geometry":{"type":"Polygon","coordinates":[[[35.1605889,36.6727919],[35.1614477,36.6713849],[35.1627003,36.6704717],[35.1644158,36.6700509],[35.1653566,36.669879],[35.1656234,36.6698529],[35.1662306,36.6696467],[35.1665165,36.6691966],[35.1671547,36.666709],[35.1682237,36.664185],[35.1709187,36.6572429],[35.1708929,36.6563239],[35.1748826,36.647954],[35.1782455,36.6398363],[35.1800559,36.6342376],[35.1838696,36.6241902],[35.1884385,36.6110506],[35.2025593,36.6055585],[35.2478164,36.5833743],[35.2611942,36.5770806],[35.2765963,36.5698403],[35.2974789,36.5587716],[35.3085971,36.5532223],[35.3176685,36.5474016],[35.3233855,36.542919],[35.3240851,36.5424889],[35.3246993,36.5421165],[35.3255611,36.5418114],[35.3265884,36.5418093],[35.327431,36.5423516],[35.3284091,36.543069],[35.328764,36.5435191],[35.3317892,36.5473549],[35.3341043,36.5507852],[35.3354267,36.5513793],[35.3359328,36.5524531],[35.3366998,36.5534605],[35.3375381,36.5546304],[35.3378049,36.5587757],[35.3376173,36.5638429],[35.3377692,36.5660593],[35.3377151,36.5680281],[35.3367709,36.5696999],[35.3356137,36.5706798],[35.3344517,36.5715002],[35.3341237,36.57265],[35.3342248,36.573818],[35.3355207,36.5763452],[35.3364382,36.578348],[35.3371857,36.5790858],[35.3383148,36.5793561],[35.3397838,36.5799655],[35.3414963,36.5809954],[35.3440382,36.5821951],[35.3455869,36.5832548],[35.3463512,36.5845426],[35.3461158,36.5854779],[35.345112,36.5860826],[35.3440776,36.5872931],[35.3433783,36.5893443],[35.3438178,36.5901451],[35.3460806,36.5917194],[35.348465,36.5927331],[35.35029,36.5935623],[35.3509754,36.5944754],[35.3516328,36.5956068],[35.3521561,36.5968804],[35.3519251,36.5983921],[35.351613,36.5995147],[35.3511203,36.6003897],[35.350491,36.6013232],[35.3502135,36.6024451],[35.3502062,36.6033468],[35.3506548,36.6046038],[35.3512908,36.6060049],[35.352075,36.6078873],[35.352276,36.6088044],[35.3526618,36.6101086],[35.3526631,36.6112892],[35.3524902,36.612437],[35.3514861,36.6135733],[35.3495891,36.6149504],[35.3474852,36.6163596],[35.3453732,36.6175037],[35.3428329,36.6182235],[35.3417289,36.6195012],[35.3412521,36.6209062],[35.341052,36.6223057],[35.3414833,36.6239718],[35.3422873,36.6253655],[35.3426005,36.6265596],[35.3425338,36.6277889],[35.3420308,36.6283292],[35.3412103,36.6286802],[35.3388375,36.6292292],[35.3366352,36.6296912],[35.333598,36.6300298],[35.3312237,36.6305313],[35.3281021,36.6303691],[35.3260163,36.6301028],[35.3248985,36.6309341],[35.3235002,36.6328035],[35.3220359,36.6347858],[35.3215812,36.6369438],[35.3213917,36.6387059],[35.3214031,36.6402408],[35.3215614,36.642052],[35.323029,36.6447865],[35.3244094,36.6469227],[35.3258511,36.6487925],[35.3271713,36.6512229],[35.3270422,36.6526879],[35.3261167,36.653013],[35.3246476,36.6525393],[35.3229068,36.651094],[35.3190861,36.6507499],[35.3148422,36.6513069],[35.3063102,36.6521089],[35.3052825,36.6524917],[35.3044832,36.6535677],[35.3043966,36.6576333],[35.3042723,36.6615991],[35.3040292,36.6650648],[35.3036559,36.6688121],[35.3032986,36.6707728],[35.3033776,36.6722589],[35.3026903,36.6736119],[35.301424,36.6741388],[35.3002721,36.6738541],[35.2994795,36.6728367],[35.2984835,36.6708044],[35.2971295,36.6695467],[35.2943105,36.6691265],[35.2933797,36.6693731],[35.2922428,36.6695013],[35.2914916,36.6690155],[35.2911768,36.667894],[35.2909908,36.6661365],[35.2908538,36.6635105],[35.2908231,36.6613507],[35.2915492,36.6601365],[35.2925434,36.6596921],[35.2936108,36.6588144],[35.2942682,36.6580636],[35.2944052,36.6567037],[35.2937425,36.6552879],[35.2926911,36.6542532],[35.2912341,36.6530141],[35.2892231,36.6529495],[35.2877468,36.6533965],[35.2871195,36.6544413],[35.2869564,36.6559516],[35.2868575,36.6572933],[35.2871749,36.6586548],[35.2879037,36.6598689],[35.2882921,36.6612849],[35.2887186,36.6634602],[35.2886483,36.6642717],[35.2885521,36.6653829],[35.2879676,36.6667059],[35.2868667,36.6681394],[35.2865535,36.6704341],[35.2867351,36.6730543],[35.2877565,36.6765564],[35.2881495,36.6786931],[35.2878964,36.6795074],[35.2872442,36.6797153],[35.2859924,36.6795718],[35.2840548,36.6796705],[35.2828839,36.6799162],[35.2822086,36.6805153],[35.2805099,36.6816643],[35.2783197,36.6825994],[35.2765615,36.6840844],[35.2747406,36.6846216],[35.2730187,36.6849895],[35.2709818,36.6852517],[35.2661685,36.6853769],[35.2640341,36.6858641],[35.2628663,36.6862213],[35.2612812,36.6865305],[35.2579354,36.6870685],[35.2538629,36.6876481],[35.2501714,36.6882204],[35.2451225,36.6885948],[35.2392839,36.688035],[35.2336177,36.6872524],[35.2329906,36.6875871],[35.2329703,36.6885182],[35.2330525,36.6894639],[35.2336696,36.6904292],[35.23303,36.6910832],[35.2320947,36.6911007],[35.2309798,36.6908983],[35.2295798,36.6904222],[35.2280057,36.6899213],[35.2268659,36.6900543],[35.2254288,36.6906952],[35.2237427,36.6911175],[35.2221431,36.6921355],[35.2205963,36.692583],[35.2153254,36.6924859],[35.2107127,36.6923763],[35.2061522,36.6928796],[35.2030199,36.6937434],[35.2012145,36.695789],[35.1997094,36.6975982],[35.1987842,36.6981926],[35.1973595,36.6981221],[35.1956075,36.6974567],[35.1940772,36.6961682],[35.1919807,36.6954581],[35.1882249,36.6937967],[35.1802818,36.6911234],[35.1745355,36.6889119],[35.1697017,36.68586],[35.1662851,36.6820498],[35.1648022,36.6791225],[35.1646377,36.6780738],[35.1618926,36.6761716],[35.1605917,36.6741276],[35.1605889,36.6727919]]]}}]}
