{"type":"FeatureCollection","name":"MEB Türkiye İklim Bölgeleri","source":"https://ogmmateryal.eba.gov.tr/panel/upload/images/yaitv3gvmoj.png","features":[{"type":"Feature","id":"akdeniz-cl","properties":{"id":"akdeniz-cl","name":"Akdeniz İklimi","source":"MEB","source_url":"https://ogmmateryal.eba.gov.tr/panel/upload/images/yaitv3gvmoj.png","source_rgb":[232,67,32]},"geometry":{"type":"MultiPolygon","coordinates":[[[[35.2775212162117,37.9702396099174],[35.54461538461538,38.01419098143236],[35.64102564102564,38.04761273209549],[35.72538461538461,38.03925729442971],[35.653076923076924,37.98912466843501],[35.665128205128205,37.980769230769226],[35.768719882122554,38.04761273209549],[35.954358974358975,38.04761273209549],[36.0748717948718,38.01419098143236],[36.19538461538461,38.01419098143236],[36.20743589743589,38.00583554376658],[36.18333333333333,37.98912466843501],[36.18333333333333,37.95570291777188],[36.243589743589745,37.930636604774534],[36.2630546480159,37.9357144303301],[36.255641025641026,37.95570291777188],[36.21293827385777,37.96859886594375],[36.243589743589745,38.01419098143236],[36.26769230769231,37.997480106100795],[36.629230769230766,37.997480106100795],[36.65333333333333,38.01419098143236],[37.08717948717948,38.01419098143236],[37.111282051282046,38.030901856763926],[37.13538461538461,38.01419098143236],[37.231794871794875,38.01419098143236],[37.32820512820513,37.980769230769226],[37.36435897435897,37.95570291777188],[37.388461538461534,37.90557029177719],[37.43666666666667,37.88885941644562],[37.43666666666667,37.822015915119366],[37.46076923076923,37.8053050397878],[37.43666666666667,37.688328912466844],[37.46076923076923,37.671618037135275],[37.412564102564104,37.65490716180371],[37.43666666666667,37.638196286472144],[37.43666666666667,37.58806366047745],[37.48487179487179,37.55464190981432],[37.48487179487179,37.50450928381963],[37.508974358974356,37.48779840848806],[37.508974358974356,37.43766578249337],[37.53152946702789,37.42202779488472],[37.5132927171157,37.403197979218],[37.53307692307692,37.4209549071618],[37.55717948717948,37.37082228116711],[37.713846153846156,37.26220159151193],[37.76205128205128,37.24549071618037],[37.81025641025641,37.2789124668435],[37.83435897435898,37.26220159151193],[37.85846153846154,37.29562334217506],[37.93076923076923,37.31233421750663],[38.075384615384614,37.31233421750663],[38.17179487179487,37.2789124668435],[38.24410256410256,37.2789124668435],[38.3,37.24984621028275],[38.3,36.91579990193005],[38.22,36.927984084880634],[38.09948717948718,36.894562334217504],[38.054462450412515,36.863345629173075],[38.02717948717949,36.894562334217504],[37.99102564102564,36.86949602122016],[38.00307692307692,36.84442970822281],[38.02717948717949,36.86114058355437],[38.03374362421152,36.856589512758134],[38.02094972423337,36.82771883289124],[37.95487179487179,36.82771883289124],[37.77109776663394,36.75043659704825],[37.689743589743586,36.76087533156498],[37.56923076923077,36.71074270557029],[37.52102564102564,36.71074270557029],[37.48487179487179,36.685676392572944],[37.473370980983,36.6328318637506],[37.32820512820513,36.67732095490716],[37.18358974358974,36.67732095490716],[37.15948717948718,36.66061007957559],[37.13538461538461,36.67732095490716],[37.077898038355144,36.6374641571868],[37.0210815115391,36.6655951966184],[37.0134239503664,36.6873131896105],[37.0406666279989,36.7046069623848],[37.0415739901387,36.7352220692534],[36.9235141511553,36.7856153415134],[36.7918817863019,36.7971932418686],[36.718045148068235,36.82771883289124],[36.717119666487285,36.85391962214037],[36.716975092127875,36.82771883289124],[36.65883985815035,36.83222683997332],[36.66538461538461,36.8026525198939],[36.617179487179484,36.76923076923077],[36.62959191611574,36.71099309721101],[36.6051282051282,36.67732095490716],[36.56897435897436,36.668965517241375],[36.56897435897436,36.602122015915114],[36.5902329067653,36.5839899944564],[36.55692307692308,36.526923076923076],[36.544871794871796,36.8026525198939],[36.49666666666666,36.8026525198939],[36.49666666666666,36.234482758620686],[36.46785063589942,36.197793050512125],[36.37615384615384,36.217771883289124],[36.39667619620699,36.19857876123951],[36.3661747788593,36.1693650126672],[36.3895101888834,36.0817275192994],[36.374169992723964,36.01586592700569],[36.3237778773569,35.99763876196905],[36.2895841345826,36.0103511747421],[36.27974358974359,35.98381962864721],[36.29746172912898,35.962682281299706],[36.27859304324816,35.94960017700229],[36.2465962500306,35.9619862927017],[36.18333333333333,35.95039787798408],[36.14994669875253,35.81027401061995],[36.1078166635736,35.866112640732],[35.9994637785866,35.8828769559244],[36.017140321608,35.9223435661662],[36.0045040830712,35.9404189852265],[35.919386493891835,35.93450607130544],[35.9790930734555,36.0188434275879],[35.8955441259503,36.1602384027423],[35.7906403315422,36.2816766787659],[35.7811310272092,36.3187763157871],[35.8574319215507,36.3733397892112],[35.9054956648793,36.4411810703361],[35.9806883057282,36.4737935196546],[36.0383800679615,36.5339963744024],[36.1912684443011,36.5967358371152],[36.2152295829897,36.6609947699531],[36.1945566255414,36.7056776285132],[36.1975954875094,36.7964524219492],[36.1377928583775,36.8652773527319],[36.0695456088335,36.9078515950859],[36.026666666666664,36.927984084880634],[35.966410256410256,36.91962864721485],[35.966410256410256,36.95305039787798],[35.99051282051282,36.96976127320955],[35.97846153846154,36.97811671087533],[35.94230769230769,36.95305039787798],[35.94230769230769,36.91962864721485],[35.966410256410256,36.90291777188329],[35.89410256410256,36.86949602122016],[35.83384615384615,36.79429708222811],[35.80974358974359,36.79429708222811],[35.7925166355095,36.7684906574733],[35.64102564102564,36.76087533156498],[35.5887727358282,36.7091669162647],[35.5618848257962,36.710356646644],[35.5892486276263,36.6822790060287],[35.6092361003276,36.7105945928672],[35.629699464982,36.6970316649632],[35.71887950549445,36.714587997347444],[35.6441263569993,36.668346003923],[35.62897435897436,36.61883289124668],[35.568717948717946,36.57705570291777],[35.460256410256406,36.702387267904506],[35.484358974358976,36.752519893899205],[35.87,37.00318302387268],[35.87,37.103448275862064],[35.89410256410256,37.12015915119363],[35.89410256410256,37.15358090185676],[35.87,37.170291777188325],[35.930256410256405,37.21206896551724],[36.01461538461538,37.220424403183024],[35.97846153846154,37.24549071618037],[35.90615384615384,37.21206896551724],[35.915821991464,37.2411951499103],[35.83384615384615,37.19535809018568],[35.71333333333333,37.24549071618037],[35.64102564102564,37.24549071618037],[35.448205128205124,37.09509283819629],[35.31564102564103,37.07002652519894],[35.33974358974359,37.05331564986737],[35.33974358974359,37.01989389920424],[35.23128205128205,36.927984084880634],[35.086666666666666,36.91127320954907],[35.03846153846153,36.87785145888594],[34.84564102564102,36.9446949602122],[34.74923076923076,37.01153846153846],[34.58051282051282,37.04496021220159],[34.53230769230769,37.09509283819629],[34.484102564102564,37.11180371352785],[34.29128205128205,37.11180371352785],[34.17076923076923,37.028249336870026],[34.14666666666666,37.028249336870026],[33.724871794871795,36.719098143236074],[33.77307692307692,36.668965517241375],[33.67666666666666,36.61883289124668],[33.67666666666666,36.58541114058355],[33.64051282051282,36.560344827586206],[33.60435897435897,36.568700265251984],[33.60435897435897,36.602122015915114],[33.56820512820513,36.62718832891247],[33.519999999999996,36.62718832891247],[33.48384615384615,36.602122015915114],[33.48384615384615,36.55198938992042],[33.45974358974359,36.53527851458885],[33.39948717948718,36.493501326259945],[33.35128205128205,36.51021220159151],[33.27897435897436,36.460079575596815],[33.134358974358975,36.460079575596815],[33.08615384615385,36.443368700265246],[33.037948717948716,36.493501326259945],[32.98974358974359,36.443368700265246],[32.917435897435894,36.460079575596815],[32.86923076923077,36.493501326259945],[32.82102564102564,36.493501326259945],[32.80897435897436,36.48514588859416],[32.82102564102564,36.47679045092838],[32.90538461538461,36.45172413793103],[32.845128205128205,36.443368700265246],[32.77282051282051,36.393236074270554],[32.67641025641026,36.426657824933685],[32.50769230769231,36.37652519893899],[32.363076923076925,36.37652519893899],[32.13560148563898,36.443368700265246],[32.0216178246263,36.5415216875056],[31.94128205128205,36.568700265251984],[31.844871794871793,36.685676392572944],[31.688205128205126,36.81100795755968],[31.64,36.81100795755968],[31.567692307692305,36.84442970822281],[31.47128205128205,36.84442970822281],[31.398974358974357,36.894562334217504],[31.326666666666664,36.894562334217504],[31.085641025641024,36.994827586206895],[31.0374358974359,36.994827586206895],[30.916923076923077,37.061671087533156],[30.844615384615384,37.07838196286472],[30.74820512820513,37.061671087533156],[30.675897435897436,37.09509283819629],[30.41076923076923,37.09509283819629],[30.386666666666667,37.07838196286472],[30.314358974358974,37.11180371352785],[30.217948717948715,37.11180371352785],[30.157692307692308,37.05331564986737],[30.157692307692308,36.83607427055703],[30.037179487179486,36.702387267904506],[30.085384615384616,36.635543766578245],[29.976923076923075,36.526923076923076],[29.92871794871795,36.57705570291777],[29.88051282051282,36.59376657824934],[29.735897435897435,36.6104774535809],[29.663589743589743,36.560344827586206],[29.567179487179487,36.560344827586206],[29.494871794871795,36.51021220159151],[29.422564102564102,36.51021220159151],[29.35025641025641,36.493501326259945],[29.30205128205128,36.460079575596815],[29.205641025641025,36.460079575596815],[29.181538461538462,36.443368700265246],[29.11733174201684,36.493501326259945],[29.1200608862411,36.5490337324059],[29.0956932370662,36.5472392170347],[29.0886096142529,36.564906040225],[29.0111213118707,36.543909090299],[29.0468113561049,36.5589450621641],[29.0231928746637,36.5836785430213],[29.0404761792689,36.6190943602483],[29.0733001267209,36.6143377175165],[29.0793992890545,36.6455495090862],[29.1012493707795,36.6330465669088],[29.0915344681874,36.6202778820959],[29.1158727522945,36.6259028500362],[29.1220005998194,36.6477462484798],[29.0967975944667,36.676001387769],[29.0554468430947,36.6819507637716],[28.9296696480541,36.7554491009042],[28.92853804594642,36.73586206300873],[28.856153846153845,36.685676392572944],[28.8523011942929,36.6415639925366],[28.878434659283336,36.63428070372458],[28.844102564102563,36.59376657824934],[28.8258532359446,36.6171322720018],[28.8505192299965,36.6365276357852],[28.82,36.66061007957559],[28.7963851496735,36.6510401257401],[28.8048105791866,36.6682941517924],[28.747692307692308,36.71074270557029],[28.69948717948718,36.71074270557029],[28.663333333333334,36.752519893899205],[28.663333333333334,36.8026525198939],[28.687435897435897,36.819363395225466],[28.59102564102564,36.83607427055703],[28.59102564102564,36.86949602122016],[28.663333333333334,36.93633952254642],[28.53076923076923,36.97811671087533],[28.506666666666668,37.01153846153846],[28.47051282051282,37.00318302387268],[28.42230769230769,36.95305039787798],[28.41025641025641,36.91127320954907],[28.265641025641024,36.97811671087533],[28.24153846153846,36.961405835543765],[28.20392649278722,36.970772223946554],[28.2149159411099,36.9975342909179],[28.2578704566201,36.9907413667333],[28.2469070248213,37.0011958961512],[28.2645761796235,37.0144906873275],[28.3195755657007,37.0237152764441],[28.3196381662676,37.0509206387771],[28.19333333333333,37.04496021220159],[28.12102564102564,37.07838196286472],[28.04871794871795,37.061671087533156],[27.976410256410254,37.12851458885942],[27.92820512820513,37.12851458885942],[27.916153846153847,37.12015915119363],[27.94025641025641,37.0867374005305],[27.904102564102566,37.061671087533156],[27.783589743589744,37.07838196286472],[27.771538461538462,37.05331564986737],[27.795641025641025,37.01989389920424],[27.75948717948718,36.994827586206895],[27.6866014806792,37.0029915936103],[27.6174964017459,36.9815714591158],[27.602820512820514,37.00318302387268],[27.626923076923077,37.01989389920424],[27.53096685475113,37.119844358563256],[27.5790512980392,37.1343459286524],[27.5506814269155,37.1358062518829],[27.554615384615385,37.187002652519894],[27.591448498634204,37.19535809018568],[27.5760809380792,37.1786002270161],[27.5891246147604,37.1765044519362],[27.63897435897436,37.19535809018568],[27.663076923076922,37.17864721485411],[27.735384615384614,37.24549071618037],[27.843846153846155,37.28726790450928],[27.735384615384614,37.29562334217506],[27.63897435897436,37.26220159151193],[27.5932884342553,37.2871681408152],[27.47025641025641,37.2789124668435],[27.4932740830225,37.3316441953482],[27.4737010933856,37.3451324147114],[27.474027009419007,37.32643084763742],[27.432721057714538,37.30302094892618],[27.3832952294465,37.3403818002109],[27.4319158513686,37.3825001737631],[27.4117888797423,37.4162044853578],[27.373846153846152,37.412599469496016],[27.36179487179487,37.38753315649867],[27.3292233087088,37.377665007713],[27.325641025641026,37.34575596816976],[27.277435897435897,37.36246684350132],[27.242973026189432,37.338572923231396],[27.1937451935522,37.3534157772845],[27.2244368012407,37.4056380161041],[27.2220542755334,37.456090865484],[27.180622630516623,37.47944297082228],[27.1852512029358,37.5187263360849],[27.1581703378089,37.5865712787283],[27.1191925211189,37.6313014562486],[27.0036233660015,37.6600456539339],[27.0279967279526,37.6890931893768],[27.1007862539459,37.6811300692303],[27.2427466042322,37.7321834290861],[27.2693877277498,37.8126002345211],[27.2371830761848,37.8381004630318],[27.2625351932227,37.8648453943798],[27.2667736768525,37.9206999195241],[27.280549392818173,37.91770735498106],[27.2705205020518,37.9510110552107],[27.2419058647788,37.9843410972268],[27.18102564102564,37.997480106100795],[27.1454561710117,37.9837565784216],[26.964102564102564,38.08103448275862],[26.915897435897435,38.08103448275862],[26.868099633246473,38.031184265163546],[26.8247680198712,38.1582273345942],[26.770872503955154,38.18129973474801],[26.7882687771125,38.1979742525446],[26.7583358112589,38.2203174300268],[26.65076923076923,38.21472148541114],[26.506153846153847,38.26485411140583],[26.433846153846154,38.2314323607427],[26.421794871794873,38.30663129973475],[26.384902986236057,38.332209312833115],[26.38520395169038,38.348105454400155],[26.4089037389013,38.3324784387902],[26.4779397286196,38.3743144468788],[26.4515879793696,38.4270504246751],[26.4927139036867,38.4008979736626],[26.5164366146491,38.4287488965382],[26.405479821973547,38.485051661327105],[26.3746152273476,38.54893899204244],[26.433846153846154,38.532228116710876],[26.506153846153847,38.565649867374006],[26.568812562688176,38.565649867374006],[26.614615384615384,38.53060819855001],[26.63871794871795,38.47685379169648],[26.5888699203066,38.4702101294384],[26.6035509563869,38.4511424228539],[26.5856301670338,38.4247633077222],[26.6134387513025,38.4195602370852],[26.641515805341417,38.37541462095035],[26.63871794871795,38.34005305039788],[26.6828597006067,38.3166642690858],[26.7019425142253,38.323711735469],[26.6759070970014,38.3484854775746],[26.6747803152459,38.3891042031221],[26.7246469187717,38.435856540678],[26.75923076923077,38.37347480106101],[26.803801748228,38.355348206066],[27.0202144369901,38.4159451179414],[27.0874722938787,38.398867118582],[27.1673455397773,38.4399216274237],[27.1558116720946,38.4671764857028],[26.937692365378567,38.44867374005305],[26.8864634547567,38.5031782090591],[26.8810827000689,38.5358868832056],[26.845458478710462,38.54764335397268],[26.8407791424779,38.5865428603289],[26.759737711874845,38.6157824933687],[26.7673755675493,38.6395104599252],[26.7311026157624,38.6548026463186],[26.7549420699844,38.6704089557557],[26.7287877943668,38.6966419666236],[26.7391428575699,38.739289049102],[26.8251340843001,38.7619293477649],[26.836425158759,38.7424427167073],[26.8552228412438,38.7532635000367],[26.8935734118913,38.7336408339091],[26.9055714123795,38.764021164057],[26.9383964695419,38.7672235166111],[26.8928335210526,38.8246490226993],[26.943052110053,38.834873311779],[26.9484662520235,38.8064928877453],[26.9743857298774,38.8067010152498],[26.9731625457016,38.8463104116979],[27.065878037245,38.8795325795696],[27.0383931832446,38.8954244420303],[27.0566955455963,38.9166511522502],[27.0425204577026,38.9407599487971],[26.9879171445694,38.920502136741],[27.00794461965967,38.91657824933687],[26.988839715254,38.9179008891921],[26.9461315904485,38.938841139486],[26.85990369368623,38.91657824933687],[26.8003280567403,38.9538600970576],[26.8152877847993,39.0212734526744],[26.8008335399863,39.0160139736436],[26.8005355853127,39.0327981510341],[26.8806509024735,39.0647839168691],[26.8757510655128,39.0997131095863],[26.8164601240554,39.1554136598887],[26.7709666393562,39.1679578014452],[26.7334593925293,39.2067413567214],[26.721046692166,39.2566638008842],[26.609788710721,39.2736360781674],[26.6506956269339,39.3230811484274],[26.6536330913808,39.3033445545435],[26.6314123498653,39.2983594551856],[26.6698431295283,39.2789202328989],[26.6611888294641,39.3014158710037],[26.7022753008085,39.3361347333955],[26.68797060421717,39.34343184563508],[26.7803377766321,39.3715210798276],[26.8080083012432,39.3958353395509],[26.7971993164865,39.4314781296174],[26.8505269264327,39.4373473850128],[26.8585718431092,39.4774608358654],[26.9284170450533,39.4842164140018],[26.9528478928123,39.55137439134],[26.9222195211458,39.5838615894672],[26.8788922106414,39.585793920441],[26.833686389350607,39.56143615854011],[26.7745460020289,39.5718012425788],[26.6597082028968,39.5549727346261],[26.64928218807892,39.57617649939071],[26.6565769506672,39.5547515887024],[26.554358974358973,39.55159151193634],[26.53025641025641,39.534880636604775],[26.47,39.54323607427056],[26.59051282051282,39.610079575596814],[26.554358974358973,39.65185676392573],[26.385641025641025,39.63514588859417],[26.361538461538462,39.6184350132626],[26.265128205128207,39.6184350132626],[26.24102564102564,39.63514588859417],[26.129554841883003,39.601724137931036],[26.1630461707858,39.6602339584617],[26.143414561543583,39.75128945699887],[26.698974358974358,39.78554376657825],[26.843589743589742,39.75212201591512],[27.036410256410257,39.63514588859417],[27.205128205128204,39.601724137931036],[27.325641025641026,39.601724137931036],[27.663076923076922,39.45132625994695],[27.783589743589744,39.41790450928382],[27.867948717948718,39.35941644562334],[27.795641025641025,39.325994694960215],[27.831794871794873,39.31763925729443],[27.88,39.35106100795756],[27.94025641025641,39.292572944297085],[27.916153846153847,39.275862068965516],[27.95230769230769,39.2842175066313],[28.012564102564102,39.225729442970824],[27.976410256410254,39.21737400530504],[27.95230769230769,39.25079575596817],[27.94025641025641,39.209018567639255],[28.04871794871795,39.18395225464191],[28.084871794871795,39.15888594164456],[28.084871794871795,39.12546419098143],[28.205384615384617,39.05862068965517],[28.22948717948718,39.02519893899204],[28.22948717948718,38.95835543766578],[28.108974358974358,38.824668435013265],[28.108974358974358,38.757824933687004],[28.16923076923077,38.69933687002653],[28.362051282051283,38.63249336870027],[28.374102564102564,38.57400530503979],[28.398205128205127,38.55729442970822],[28.374102564102564,38.40689655172414],[28.313846153846153,38.38183023872679],[28.253589743589743,38.323342175066315],[28.28974358974359,38.26485411140583],[28.446410256410257,38.206366047745355],[28.42230769230769,38.172944297082225],[28.434358974358975,38.16458885941645],[28.4825641025641,38.19801061007957],[28.59102564102564,38.139522546419094],[28.615128205128205,38.07267904509284],[28.542820512820512,38.00583554376658],[28.542820512820512,37.97241379310345],[28.51871794871795,37.95570291777188],[28.542820512820512,37.788594164456235],[28.63923076923077,37.638196286472144],[28.735641025641026,37.55464190981432],[28.75974358974359,37.50450928381963],[28.856153846153845,37.40424403183024],[28.880256410256408,37.30397877984085],[28.952564102564104,37.203713527851455],[28.94051282051282,37.16193633952254],[28.844102564102563,37.16193633952254],[28.83205128205128,37.136870026525195],[28.868205128205126,37.12851458885942],[28.892307692307693,37.14522546419098],[28.94051282051282,37.14522546419098],[28.952564102564104,37.136870026525195],[28.952564102564104,37.01989389920424],[28.976666666666667,37.00318302387268],[29.00076923076923,36.90291777188329],[29.04897435897436,36.83607427055703],[29.12128205128205,36.78594164456233],[29.229743589743588,36.74416445623342],[29.518974358974358,36.79429708222811],[29.615384615384613,36.82771883289124],[29.69974358974359,36.90291777188329],[29.69974358974359,37.05331564986737],[29.675641025641024,37.07002652519894],[29.69974358974359,37.0867374005305],[29.675641025641024,37.103448275862064],[29.675641025641024,37.170291777188325],[29.6274358974359,37.220424403183024],[29.6274358974359,37.270557029177716],[29.60333333333333,37.28726790450928],[29.60333333333333,37.35411140583554],[29.65153846153846,37.38753315649867],[29.60333333333333,37.45437665782493],[29.759999999999998,37.57970822281167],[29.83230769230769,37.57970822281167],[29.856410256410257,37.59641909814324],[29.88051282051282,37.57970822281167],[29.976923076923075,37.6131299734748],[30.00102564102564,37.59641909814324],[30.266153846153845,37.71339522546419],[30.41076923076923,37.71339522546419],[30.53128205128205,37.67997347480106],[30.603589743589744,37.62984084880637],[30.7,37.59641909814324],[30.796410256410255,37.496153846153845],[30.844615384615384,37.496153846153845],[31.04948717948718,37.38753315649867],[30.977179487179487,37.33740053050398],[30.98923076923077,37.32904509283819],[31.085641025641024,37.37917771883289],[31.182051282051283,37.32904509283819],[31.447179487179486,37.26220159151193],[31.64,37.14522546419098],[31.784615384615385,37.07838196286472],[31.953333333333333,37.028249336870026],[32.12205128205128,36.927984084880634],[32.266666666666666,36.87785145888594],[32.41128205128205,36.87785145888594],[32.43538461538461,36.86114058355437],[32.748717948717946,36.87785145888594],[32.76076923076923,36.86949602122016],[32.736666666666665,36.85278514588859],[32.748717948717946,36.84442970822281],[32.79692307692308,36.87785145888594],[32.917435897435894,36.894562334217504],[32.98974358974359,36.927984084880634],[33.2548717948718,37.14522546419098],[33.44769230769231,37.2287798408488],[33.49589743589743,37.2287798408488],[33.519999999999996,37.2789124668435],[33.66461538461538,37.32904509283819],[33.68871794871795,37.36246684350132],[33.73692307692308,37.36246684350132],[33.7851282051282,37.395888594164454],[33.88153846153846,37.412599469496016],[33.95384615384615,37.462732095490715],[34.05025641025641,37.47944297082228],[34.11051282051282,37.52122015915119],[34.11051282051282,37.55464190981432],[34.14666666666666,37.57970822281167],[34.24307692307692,37.59641909814324],[34.279230769230765,37.638196286472144],[34.44794871794872,37.738461538461536],[34.44794871794872,37.755172413793105],[34.496153846153845,37.771883289124666],[34.496153846153845,37.822015915119366],[34.55641025641025,37.88050397877984],[34.86974358974359,37.964058355437665],[35.13487179487179,37.964058355437665],[35.20717948717949,37.980769230769226],[35.32118383714453,37.92783995753285],[35.2775212162117,37.9702396099174]],[[38.0244296997304,36.853397813640626],[38.0233372123356,36.8519621160809],[38.02391314025367,36.84827539230934],[38.0244296997304,36.853397813640626]],[[38.006548602574824,36.93214352953632],[38.0114452699733,36.9109417665549],[38.01203628414697,36.91027936615822],[38.006548602574824,36.93214352953632]],[[37.94282051282051,36.98647214854111],[37.99922278753404,36.96133123199742],[37.966923076923074,36.98647214854111],[37.95487179487179,37.028249336870026],[37.94282051282051,36.98647214854111]],[[37.85846153846154,37.09509283819629],[37.84641025641025,37.0867374005305],[37.8825641025641,37.04496021220159],[37.99102564102564,37.05331564986737],[37.95487179487179,37.07838196286472],[37.93076923076923,37.061671087533156],[37.85846153846154,37.09509283819629]],[[37.93115191251036,37.041143343769534],[37.9373380085278,37.041198100405],[37.937557419372105,37.04134376266727],[37.93115191251036,37.041143343769534]],[[37.88182031204615,37.217115549609396],[37.88012376356366,37.21434354532393],[37.8823805190311,37.215017437575],[37.88182031204615,37.217115549609396]],[[37.871791056400326,37.23272923342832],[37.880934317796466,37.22043381455008],[37.8790969973827,37.2273150284134],[37.871791056400326,37.23272923342832]],[[37.8760514857774,37.1374855238088],[37.84596371862513,37.17639794167756],[37.8470093865165,37.1734165181851],[37.8760514857774,37.1374855238088]],[[37.871687592434725,37.21182441091415],[37.87057357891105,37.21184233879047],[37.8710244052963,37.2116263758678],[37.871687592434725,37.21182441091415]],[[37.82230769230769,37.237135278514586],[37.83435897435898,37.17864721485411],[37.870512820512815,37.220424403183024],[37.85846153846154,37.24549071618037],[37.82230769230769,37.237135278514586]],[[37.4342096205464,36.8262719404098],[37.48487179487179,36.752519893899205],[37.54364613438131,36.72985605098661],[37.508974358974356,36.752519893899205],[37.496923076923075,36.79429708222811],[37.4342096205464,36.8262719404098]],[[37.46076923076923,37.35411140583554],[37.44871794871795,37.395888594164454],[37.42461538461538,37.36246684350132],[37.195641025641024,37.33740053050398],[37.3294079743461,37.3097327523244],[37.35230769230769,37.32904509283819],[37.39612505444208,37.34271382661668],[37.443084106356366,37.34239245803172],[37.39617603594399,37.342749173292624],[37.46076923076923,37.35411140583554]],[[37.39101744721631,36.79910826961384],[37.43666666666667,36.83607427055703],[37.400512820512816,36.84442970822281],[37.36435897435897,36.819363395225466],[37.35230769230769,36.74416445623342],[37.32820512820513,36.76087533156498],[37.29205128205128,36.752519893899205],[37.32820512820513,36.72745358090185],[37.37641025641025,36.72745358090185],[37.3906178960431,36.7412775950385],[37.388461538461534,36.8026525198939],[37.39101744721631,36.79910826961384]],[[37.396138245454,36.7635493501545],[37.39011565497175,36.77520053023237],[37.394464277198146,36.75679575390699],[37.396138245454,36.7635493501545]],[[37.35594551698869,37.324458259085574],[37.3784248703866,37.3241998757222],[37.3572952561676,37.3253420168835],[37.35594551698869,37.324458259085574]],[[37.336159094588574,37.31150286343403],[37.3450172380835,37.3138254258604],[37.35091432975116,37.321164029338476],[37.336159094588574,37.31150286343403]],[[37.15948717948718,37.29562334217506],[37.099230769230765,37.253846153846155],[37.111282051282046,37.24549071618037],[37.15948717948718,37.2789124668435],[37.195641025641024,37.28726790450928],[37.15948717948718,37.29562334217506]],[[37.1166841637716,37.239681422337],[37.15076209276764,37.267216388499726],[37.1494255472631,37.2667120982388],[37.1166841637716,37.239681422337]],[[37.0439339995078,37.1910445002359],[37.0535252909155,37.1815990678534],[37.05390746310451,37.181563158711214],[37.0439339995078,37.1910445002359]],[[37.014871794871794,36.994827586206895],[37.0487369451395,36.995118490605],[37.03897435897436,37.01153846153846],[36.97871794871794,37.01989389920424],[37.014871794871794,36.994827586206895]],[[37.02817395835734,37.25086468483737],[37.032659732927954,37.23892043391645],[37.0298820072384,37.2507159870865],[37.02817395835734,37.25086468483737]],[[36.87025641025641,37.32904509283819],[36.85820512820513,37.320689655172416],[36.9487688095709,37.30803234801182],[36.95461538461538,37.270557029177716],[36.96666666666667,37.26220159151193],[36.97871794871794,37.280094706139145],[36.98563296423005,37.25705179060221],[36.97871794871794,37.30397877984085],[36.9425641025641,37.32904509283819],[36.87025641025641,37.32904509283819]],[[36.95461538461538,37.00318302387268],[36.9425641025641,37.028249336870026],[36.85820512820513,36.90291777188329],[36.8834290319389,36.9013079637569],[36.95461538461538,37.00318302387268]],[[36.8696009374082,37.2728035183451],[36.8698923321624,37.27390839001448],[36.83695733338038,37.246236200132756],[36.8696009374082,37.2728035183451]],[[36.81610056535092,36.919694249016665],[36.8159661898865,36.9198400463803],[36.81584285087757,36.91984782073229],[36.81610056535092,36.919694249016665]],[[36.76179487179487,36.90291777188329],[36.77388191324122,36.892069316045394],[36.81,36.93633952254642],[36.77384615384615,36.9446949602122],[36.76179487179487,36.90291777188329]],[[36.744613720710554,36.873229647836105],[36.7193008006065,36.8573494972327],[36.71885556773192,36.85664936002732],[36.744613720710554,36.873229647836105]],[[36.68948717948718,36.86949602122016],[36.70153846153846,36.86114058355437],[36.737692307692306,36.88620689655172],[36.68948717948718,36.86949602122016]],[[36.6774358974359,37.2789124668435],[36.64128205128205,37.253846153846155],[36.70153846153846,37.21206896551724],[36.737692307692306,37.237135278514586],[36.68948717948718,37.253846153846155],[36.6774358974359,37.2789124668435]],[[36.72381777402086,37.22449102899068],[36.73468897110863,37.227002650571734],[36.7279754219784,37.2272130466777],[36.72381777402086,37.22449102899068]],[[36.702212916732705,37.210346299984174],[36.703773135052636,37.208927278854745],[36.70950996098019,37.21512368462748],[36.702212916732705,37.210346299984174]],[[36.56897435897436,37.38753315649867],[36.544871794871796,37.43766578249337],[36.52076923076923,37.43766578249337],[36.544871794871796,37.38753315649867],[36.617179487179484,37.33740053050398],[36.59307692307692,37.30397877984085],[36.63068207764274,37.295448194772646],[36.6477285966023,37.3478862776228],[36.56897435897436,37.38753315649867]],[[36.5311068873631,36.8729007728686],[36.58391831924416,36.8758458969516],[36.640849039042536,36.837869265924574],[36.58102564102564,36.894562334217504],[36.4725641025641,36.90291777188329],[36.4725641025641,36.96976127320955],[36.49666666666666,36.98647214854111],[36.48461538461538,37.028249336870026],[36.44846153846154,36.95305039787798],[36.40025641025641,36.93633952254642],[36.436410256410255,36.927984084880634],[36.48461538461538,36.87785145888594],[36.5311068873631,36.8729007728686]],[[36.56897435897436,37.103448275862064],[36.58102564102564,37.09509283819629],[36.617179487179484,37.12015915119363],[36.6245758933758,37.1515145952562],[36.617179487179484,37.132366889993435],[36.6051282051282,37.16193633952254],[36.56897435897436,37.103448275862064]],[[36.60045627432517,37.095392480017274],[36.59533205466699,37.08843551020796],[36.5963609851535,37.0889626783026],[36.60045627432517,37.095392480017274]],[[36.55692307692308,37.04496021220159],[36.56897435897436,37.07002652519894],[36.55692307692308,37.07838196286472],[36.52076923076923,37.05331564986737],[36.55692307692308,37.04496021220159]],[[36.4984073440146,37.0089317137042],[36.498160145231004,37.007355821470256],[36.50072434520135,37.00997235197352],[36.4984073440146,37.0089317137042]],[[36.4725641025641,37.40424403183024],[36.49666666666666,37.4209549071618],[36.48461538461538,37.429310344827584],[36.46051282051282,37.429310344827584],[36.41230769230769,37.37917771883289],[36.327948717948715,37.37082228116711],[36.38820512820513,37.34575596816976],[36.41230769230769,37.36246684350132],[36.4687770387887,37.3748601638815],[36.44857336639676,37.370899814108256],[36.4725641025641,37.40424403183024]],[[36.47621896062445,37.40575956251319],[36.48515672605317,37.4086108429031],[36.4774014957978,37.4063641318949],[36.47621896062445,37.40575956251319]],[[36.4358191320922,36.9274885541972],[36.416464619611475,36.92734981224866],[36.43717868460496,36.926541978954],[36.4358191320922,36.9274885541972]],[[36.402337553668445,37.35240957397368],[36.404499350343,37.3527220112944],[36.41229356019549,37.36022112400785],[36.402337553668445,37.35240957397368]],[[36.26769230769231,36.994827586206895],[36.255641025641026,36.98647214854111],[36.255641025641026,36.95305039787798],[36.29179487179487,36.927984084880634],[36.35205128205128,36.93633952254642],[36.27974358974359,36.96976127320955],[36.26769230769231,36.994827586206895]],[[36.255641025641026,37.50450928381963],[36.243589743589745,37.51286472148541],[36.23153846153846,37.38753315649867],[36.26769230769231,37.34575596816976],[36.30384615384615,37.37082228116711],[36.29179487179487,37.37917771883289],[36.26769230769231,37.37917771883289],[36.255641025641026,37.38753315649867],[36.255641025641026,37.50450928381963]],[[36.29032750693436,37.84799156503523],[36.28925927606142,37.840175241070824],[36.2909588942707,37.8427271604691],[36.29032750693436,37.84799156503523]],[[36.27974358974359,37.65490716180371],[36.23153846153846,37.671618037135275],[36.23153846153846,37.705039787798405],[36.18741866657739,37.735629080709785],[36.2165341308158,37.7782624383453],[36.2634578889823,37.8014353288775],[36.2179320311504,37.7800904627221],[36.18333333333333,37.738461538461536],[36.20743589743589,37.788594164456235],[36.255641025641026,37.8053050397878],[36.243589743589745,37.81366047745358],[36.219487179487174,37.81366047745358],[36.18333333333333,37.788594164456235],[36.15923076923077,37.738461538461536],[36.08692307692307,37.705039787798405],[36.09897435897436,37.67997347480106],[36.147179487179486,37.71339522546419],[36.20743589743589,37.705039787798405],[36.20743589743589,37.671618037135275],[36.255641025641026,37.638196286472144],[36.23153846153846,37.62148541114058],[36.23153846153846,37.57135278514589],[36.20743589743589,37.55464190981432],[36.219487179487174,37.529575596816976],[36.25005410027554,37.56747923821237],[36.23821594937324,37.52539520175741],[36.27974358974359,37.65490716180371]],[[36.26217169964272,37.38823704419939],[36.2619930419978,37.3844702680416],[36.26212811317785,37.38413673841119],[36.26217169964272,37.38823704419939]],[[36.2147315011282,37.0061528915444],[36.21029827017286,37.00561225362412],[36.216834380441824,37.004400682102585],[36.2147315011282,37.0061528915444]],[[36.16760752454707,37.70686764023631],[36.17889912632427,37.70765542638026],[36.1692976119321,37.7074283967778],[36.16760752454707,37.70686764023631]],[[36.10353484387411,37.68047300732281],[36.162276488933095,37.7050988482082],[36.1138147189543,37.6890196473524],[36.10353484387411,37.68047300732281]],[[36.147179487179486,36.994827586206895],[36.159842971291816,36.99945916840729],[36.05076923076923,37.028249336870026],[36.023443679387746,36.980351283860344],[35.970065778854014,36.94205613832674],[36.0748717948718,37.01153846153846],[36.147179487179486,36.994827586206895]],[[36.0874253581913,37.1352314560941],[36.08744319003139,37.13510146195118],[36.0936387682687,37.1498690044065],[36.0874253581913,37.1352314560941]],[[36.0936387682687,37.1498690044065],[36.074365529165604,37.18313629065346],[36.0744899184628,37.1816112419515],[36.0936387682687,37.1498690044065]],[[36.08781655522776,37.08554680351278],[36.090964829729,37.0986328930204],[36.09058197600715,37.10246143011208],[36.08781655522776,37.08554680351278]],[[36.05076923076923,37.07838196286472],[36.038717948717945,37.07002652519894],[36.08692307692307,37.07002652519894],[36.0748717948718,37.11180371352785],[36.05076923076923,37.07838196286472]],[[36.07040176689467,37.202836078669314],[36.0703770554453,37.2029722377624],[36.06934178183944,37.20311605929033],[36.07040176689467,37.202836078669314]],[[36.042595707200654,37.63815974734884],[36.0655515226626,37.664549530486],[36.0429681134813,37.6396406099863],[36.042595707200654,37.63815974734884]],[[36.01461538461538,37.65490716180371],[36.026666666666664,37.6131299734748],[36.038717948717945,37.65490716180371],[36.06282051282051,37.671618037135275],[36.01461538461538,37.65490716180371]],[[36.05851188183488,37.05541861854039],[36.06065840820503,37.05967648261896],[36.0594813603646,37.059213863931],[36.05851188183488,37.05541861854039]],[[36.01119239549248,37.211194246105016],[36.010837114176944,37.211243602237886],[36.0109010450176,37.2111901203706],[36.01119239549248,37.211194246105016]],[[35.9596447399548,37.5444138976085],[35.972378799569796,37.56436662884021],[35.9709442859169,37.5639940279173],[35.9596447399548,37.5444138976085]],[[35.92922456328587,37.455411898838925],[35.9439461333159,37.4968005419129],[35.9292825998135,37.4573815134925],[35.92922456328587,37.455411898838925]],[[35.9292927479372,37.194718999945074],[35.91598131730408,37.190356514038754],[35.9288214634176,37.1941924469887],[35.9292927479372,37.194718999945074]],[[35.89750648827208,37.17688086653924],[35.8991691559301,37.1767619807908],[35.89804711673183,37.18447903179107],[35.89750648827208,37.17688086653924]],[[35.6887301205129,37.9818635467712],[35.694711424230924,37.99856135533183],[35.6941961491458,37.9979883338987],[35.6887301205129,37.9818635467712]],[[35.556666666666665,37.93899204244032],[35.58076923076923,37.92228116710875],[35.556666666666665,37.90557029177719],[35.568717948717946,37.88050397877984],[35.6048717948718,37.92228116710875],[35.556666666666665,37.93899204244032]],[[35.587240449274404,37.88883365076158],[35.58905510736093,37.893813878786034],[35.5868797719958,37.8894876499004],[35.587240449274404,37.88883365076158]],[[35.49641025641026,37.78023872679045],[35.484358974358976,37.771883289124666],[35.50846153846154,37.755172413793105],[35.52051282051282,37.67997347480106],[35.556666666666665,37.721750663129974],[35.49641025641026,37.78023872679045]],[[35.484358974358976,37.721750663129974],[35.448205128205124,37.74681697612732],[35.33974358974359,37.721750663129974],[35.375897435897436,37.69668435013263],[35.448205128205124,37.73010610079575],[35.484358974358976,37.721750663129974]],[[35.317419217646425,37.741182650489264],[35.32255502340169,37.73785064011333],[35.3223909725755,37.7395553419843],[35.317419217646425,37.741182650489264]],[[35.171025641025636,37.788594164456235],[35.14692307692307,37.788594164456235],[35.186423859300724,37.74584795178226],[35.21923076923077,37.771883289124666],[35.183076923076925,37.76352785145888],[35.171025641025636,37.788594164456235]],[[35.20379615174762,37.75292264100532],[35.217793119270475,37.758622763518936],[35.2126302551325,37.7584347600459],[35.20379615174762,37.75292264100532]],[[35.1514749375756,37.8098197153907],[35.15277562809096,37.808112559032075],[35.1556688490981,37.8380773071648],[35.1514749375756,37.8098197153907]],[[35.07351578410248,37.68728168298659],[35.0785572675348,37.6878411324248],[35.103538233928,37.7120936247489],[35.07351578410248,37.68728168298659]],[[35.074615384615385,37.688328912466844],[35.0625641025641,37.69668435013263],[35.01435897435897,37.69668435013263],[34.95410256410256,37.65490716180371],[34.966153846153844,37.64655172413793],[35.01435897435897,37.67997347480106],[35.074615384615385,37.688328912466844]],[[34.97809129226383,37.65311063291366],[34.9853426515366,37.6544625811239],[35.019434948567536,37.67282368056135],[34.97809129226383,37.65311063291366]],[[35.0138299782806,37.1229179463227],[35.01275706398164,37.12319298901959],[35.0123859199669,37.0654181811711],[35.0138299782806,37.1229179463227]],[[34.978205128205126,37.136870026525195],[34.99025641025641,37.061671087533156],[35.002307692307696,37.07002652519894],[34.99025641025641,37.14522546419098],[34.978205128205126,37.136870026525195]],[[34.90589743589743,37.187002652519894],[34.9569866021491,37.1374898049387],[34.92324519039979,37.18231938394161],[34.93,37.220424403183024],[34.90589743589743,37.220424403183024],[34.90589743589743,37.187002652519894]],[[34.90589743589743,37.705039787798405],[34.893846153846155,37.71339522546419],[34.83358974358974,37.671618037135275],[34.80948717948718,37.604774535809014],[34.83358974358974,37.604774535809014],[34.85680341714844,37.63757999772383],[34.8385738430708,37.5968315382066],[34.86974358974359,37.66326259946949],[34.90589743589743,37.705039787798405]],[[34.88898799429823,37.68290593877135],[34.9013247288756,37.6933208708012],[34.8942357170867,37.688726140255],[34.88898799429823,37.68290593877135]],[[34.79410151624782,37.30067066776297],[34.762104762000185,37.330064295967496],[34.7877692566603,37.3034252007648],[34.79410151624782,37.30067066776297]],[[34.73717948717949,37.43766578249337],[34.7777921275324,37.3945321347748],[34.785384615384615,37.4710875331565],[34.77333333333333,37.47944297082228],[34.73717948717949,37.43766578249337]],[[34.73717948717949,37.33740053050398],[34.75949917075489,37.33276883366294],[34.76128205128205,37.37082228116711],[34.713076923076926,37.37082228116711],[34.73717948717949,37.33740053050398]],[[34.611679638110914,37.39919121736907],[34.5857680264139,37.3912653130784],[34.6102946750706,37.3977196941792],[34.611679638110914,37.39919121736907]],[[34.4762855845131,37.3773077130026],[34.47581716727535,37.37684412481579],[34.499844076526,37.3811803422468],[34.4762855845131,37.3773077130026]],[[34.447113657022584,37.29792671762614],[34.444117801103694,37.2928428405118],[34.4472025705815,37.2950814820858],[34.447113657022584,37.29792671762614]],[[34.41695240505031,37.34933180744077],[34.4253081466811,37.34135152407119],[34.387692307692305,37.37917771883289],[34.37564102564102,37.37082228116711],[34.41695240505031,37.34933180744077]],[[34.37564102564102,37.55464190981432],[34.3061359658379,37.5742073797459],[34.347144279109244,37.5515953196488],[34.279230769230765,37.50450928381963],[34.387692307692305,37.44602122015915],[34.423846153846156,37.45437665782493],[34.32367473041696,37.48519070281463],[34.322285275683555,37.516009395186195],[34.303333333333335,37.50450928381963],[34.37564102564102,37.55464190981432]],[[34.404606831339684,37.44208628002641],[34.42077481260234,37.441331773973246],[34.4207303236824,37.4444181903681],[34.404606831339684,37.44208628002641]],[[34.399743589743586,37.270557029177716],[34.29128205128205,37.24549071618037],[34.279230769230765,37.220424403183024],[34.399743589743586,37.270557029177716]],[[34.315078758523,37.2238996740071],[34.39670621956217,37.25843588132363],[34.30300631090544,37.22006298728121],[34.315078758523,37.2238996740071]],[[34.35155395776454,37.526917754758244],[34.3544112138343,37.5276732072657],[34.36440987132051,37.54046687848684],[34.35155395776454,37.526917754758244]],[[34.03820512820513,37.187002652519894],[34.07435897435897,37.17864721485411],[34.11459414519719,37.18977735658803],[34.08467944237914,37.18580263838974],[34.11051282051282,37.203713527851455],[34.098461538461535,37.21206896551724],[34.03820512820513,37.187002652519894]],[[33.96589743589743,37.15358090185676],[33.97794871794872,37.14522546419098],[34.014102564102565,37.170291777188325],[33.96589743589743,37.15358090185676]],[[34.0068508179049,37.1642644576126],[33.99717570031625,37.142339391671946],[34.00877836452038,37.16489374486012],[34.0068508179049,37.1642644576126]],[[33.95384615384615,37.12851458885942],[33.86948717948718,37.0867374005305],[33.905641025641025,37.07838196286472],[33.989999999999995,37.12015915119363],[33.95384615384615,37.12851458885942]],[[33.797179487179484,37.01989389920424],[33.83333333333333,37.01153846153846],[33.86948717948718,37.03660477453581],[33.797179487179484,37.01989389920424]],[[33.435641025641026,36.98647214854111],[33.58025641025641,36.98647214854111],[33.56820512820513,36.994827586206895],[33.435641025641026,36.98647214854111]],[[33.4647774503874,36.9764652347649],[33.46394008989044,36.976258679090826],[33.5735798385574,36.977515295129],[33.4647774503874,36.9764652347649]],[[33.35128205128205,36.97811671087533],[33.27897435897436,36.9446949602122],[33.19461538461538,36.93633952254642],[33.20666666666666,36.927984084880634],[33.277624417821,36.9241237738632],[33.2333108530647,36.927984084880634],[33.27897435897436,36.927984084880634],[33.36333333333333,36.96976127320955],[33.35128205128205,36.97811671087533]],[[33.3538749408785,36.9590988548395],[33.32442731745718,36.94017913806899],[33.3275426630782,36.9412478327217],[33.3538749408785,36.9590988548395]],[[33.134358974358975,36.62718832891247],[33.12230769230769,36.61883289124668],[33.19461538461538,36.568700265251984],[33.1825641025641,36.54363395225464],[33.11025641025641,36.59376657824934],[33.025897435897434,36.55198938992042],[33.11025641025641,36.57705570291777],[33.1825641025641,36.526923076923076],[33.2230119283508,36.5324502733403],[33.218717948717945,36.568700265251984],[33.134358974358975,36.62718832891247]],[[33.2230119283508,36.5324502733403],[33.2082890319237,36.52547787005389],[33.208630908322,36.5253941828233],[33.2230119283508,36.5324502733403]],[[33.1175306297944,36.848277120786],[33.14828963911378,36.8455602275637],[33.116552437046344,36.849683855138274],[33.1175306297944,36.848277120786]],[[32.953589743589745,36.702387267904506],[33.037948717948716,36.69403183023873],[33.05,36.668965517241375],[33.0830426600636,36.6597360143361],[33.0586771002266,36.7016767326347],[32.953589743589745,36.702387267904506]],[[33.0830426600636,36.6597360143361],[33.1045677909254,36.6228104304435],[33.10547583300295,36.62255396052935],[33.0830426600636,36.6597360143361]],[[33.09820512820513,36.88620689655172],[33.037948717948716,36.894562334217504],[32.929487179487175,36.85278514588859],[32.953518493706426,36.842453556406596],[33.09820512820513,36.88620689655172]],[[32.6999375852215,36.8176577510516],[32.795854962099,36.8645084829004],[32.8055719302494,36.87343758868723],[32.6999375852215,36.8176577510516]],[[32.664358974358976,36.819363395225466],[32.67641025641026,36.81100795755968],[32.7125641025641,36.83607427055703],[32.664358974358976,36.819363395225466]],[[32.64474184468158,36.439079256974345],[32.6435420644196,36.4430486236059],[32.6377479839895,36.44591203051582],[32.64474184468158,36.439079256974345]],[[32.628205128205124,36.443368700265246],[32.64025641025641,36.45172413793103],[32.60410256410256,36.47679045092838],[32.59205128205128,36.4684350132626],[32.628205128205124,36.443368700265246]],[[32.555897435897435,36.74416445623342],[32.5767565651428,36.7477509716019],[32.41128205128205,36.76087533156498],[32.38717948717949,36.79429708222811],[32.375128205128206,36.76923076923077],[32.39923076923077,36.752519893899205],[32.39923076923077,36.702387267904506],[32.375128205128206,36.685676392572944],[32.42333333333333,36.702387267904506],[32.43538461538461,36.74416445623342],[32.555897435897435,36.74416445623342]],[[32.40989090478327,36.59473109287982],[32.4203752510545,36.6451203808836],[32.409171312650834,36.59523000305234],[32.38717948717949,36.6104774535809],[32.375128205128206,36.58541114058355],[32.48358974358974,36.51021220159151],[32.568032874490314,36.48038066592391],[32.40989090478327,36.59473109287982]],[[32.4104617391504,36.6783556095202],[32.4243641828574,36.6985260470766],[32.423569450155696,36.70080785638024],[32.4104617391504,36.6783556095202]],[[32.27871794871795,36.85278514588859],[32.338974358974355,36.79429708222811],[32.359540151072196,36.79676586075631],[32.30282051282051,36.85278514588859],[32.27871794871795,36.85278514588859]],[[30.808461538461536,37.4710875331565],[30.808461538461536,37.45437665782493],[30.8463963198923,37.4053401470282],[30.880769230769232,37.4209549071618],[30.832564102564103,37.4710875331565],[30.808461538461536,37.4710875331565]],[[30.8463963198923,37.4053401470282],[30.92624174186083,37.38098765359818],[30.925884322534,37.3813796947152],[30.8463963198923,37.4053401470282]],[[30.907206131513,37.307226640833],[30.90838873867977,37.33061598804169],[30.9067728037558,37.3297596359162],[30.907206131513,37.307226640833]],[[30.907206131513,37.307226640833],[30.8840953664384,37.2888824720983],[30.884035413129986,37.28833147236687],[30.907206131513,37.307226640833]],[[30.880769230769232,37.270557029177716],[30.880769230769232,37.30397877984085],[30.904871794871795,37.320689655172416],[30.892820512820514,37.34575596816976],[30.82051282051282,37.26220159151193],[30.71205128205128,37.253846153846155],[30.74820512820513,37.2287798408488],[30.77230769230769,37.24549071618037],[30.817580605677183,37.2450050451131],[30.8594679578858,37.2565274021032],[30.880769230769232,37.270557029177716]],[[30.79213698464738,37.2380060234713],[30.7851457175819,37.2384080772081],[30.7671453548434,37.2311313354048],[30.79213698464738,37.2380060234713]],[[30.45897435897436,37.24549071618037],[30.495128205128204,37.253846153846155],[30.45897435897436,37.2789124668435],[30.42282051282051,37.270557029177716],[30.45897435897436,37.24549071618037]],[[30.370047008181857,37.2930867992897],[30.37461538461538,37.30397877984085],[30.338461538461537,37.32904509283819],[30.326410256410256,37.320689655172416],[30.370047008181857,37.2930867992897]],[[30.2807525763309,37.3140478993166],[30.193846153846152,37.36246684350132],[30.10948717948718,37.30397877984085],[30.12153846153846,37.29562334217506],[30.193846153846152,37.34575596816976],[30.2807525763309,37.3140478993166]],[[30.180186135284952,37.32821757620898],[30.1518856174558,37.3131383068246],[30.146674736504345,37.306328868760325],[30.180186135284952,37.32821757620898]],[[30.1253638062428,37.2924091657659],[30.126771630018563,37.29332871684071],[30.12316422145217,37.29219752186337],[30.1253638062428,37.2924091657659]],[[29.9856615237954,37.2113117867985],[30.044003717280397,37.28447054028381],[30.0421201082095,37.284334535159],[29.9856615237954,37.2113117867985]],[[29.9856615237954,37.2113117867985],[29.9406499776544,37.1951625252907],[29.91882467237483,37.18257801752562],[29.9856615237954,37.2113117867985]],[[29.94076923076923,37.203713527851455],[29.92871794871795,37.21206896551724],[29.856410256410257,37.17864721485411],[29.844358974358975,37.15358090185676],[29.856410256410257,37.14522546419098],[29.94076923076923,37.203713527851455]],[[29.8719039121463,37.1555234281911],[29.868779141455537,37.152352629820655],[29.8694145004875,37.1529701854498],[29.884454279591267,37.16275999118725],[29.8719039121463,37.1555234281911]],[[29.8628930924367,37.0916710782963],[29.86846153846154,37.103448275862064],[29.83230769230769,37.12851458885942],[29.82025641025641,37.12015915119363],[29.8628930924367,37.0916710782963]],[[29.844358974358975,37.03660477453581],[29.796153846153846,37.00318302387268],[29.808205128205127,36.994827586206895],[29.8578717140187,37.0263080590165],[29.856410256410257,37.04496021220159],[29.844358974358975,37.03660477453581]],[[29.747948717948717,36.8026525198939],[29.77205128205128,36.83607427055703],[29.82025641025641,36.86949602122016],[29.808205128205127,36.894562334217504],[29.77205128205128,36.88620689655172],[29.796153846153846,36.86949602122016],[29.723846153846154,36.8026525198939],[29.735897435897435,36.67732095490716],[29.747948717948717,36.8026525198939]],[[29.778396195337,36.823544671248],[29.8095765046308,36.8579788337971],[29.81000163016408,36.860734274746754],[29.778396195337,36.823544671248]],[[29.778396195337,36.823544671248],[29.775798650671426,36.80929528342097],[29.7767546120293,36.8099429818773],[29.778396195337,36.823544671248]],[[29.785089910087496,36.93323796068764],[29.788634990308267,36.92898643328813],[29.7874151315971,36.9319087068279],[29.785089910087496,36.93323796068764]],[[29.723846153846154,36.96976127320955],[29.735897435897435,36.961405835543765],[29.77829160242035,36.985256295435036],[29.759999999999998,36.994827586206895],[29.723846153846154,36.96976127320955]],[[29.7547104940528,36.7972793397538],[29.755450712275724,36.79550881791187],[29.770913608320484,36.80598549023347],[29.7547104940528,36.7972793397538]],[[29.759476052742258,36.77595160896838],[29.75944968312786,36.775757756718676],[29.7594789029379,36.7759387571781],[29.759476052742258,36.77595160896838]],[[29.75718524408868,36.761730817261025],[29.751536362159335,36.75564434577688],[29.7566647598157,36.7585067068922],[29.75718524408868,36.761730817261025]],[[29.711794871794872,36.62718832891247],[29.747948717948717,36.65225464190981],[29.735897435897435,36.66061007957559],[29.69974358974359,36.65225464190981],[29.711794871794872,36.62718832891247]],[[29.6547302585387,36.6207700574756],[29.6439427118041,36.6134220185395],[29.65715720324174,36.62126591451908],[29.6547302585387,36.6207700574756]],[[29.637739690450598,37.37082891570547],[29.618279665206266,37.35532103682242],[29.634568958128,37.3652191584491],[29.637739690450598,37.37082891570547]],[[28.9437001845386,37.1381780203322],[28.9051599290898,37.1448761817422],[28.904595464761258,37.144620674478766],[28.9437001845386,37.1381780203322]],[[28.795897435897437,37.17864721485411],[28.80794871794872,37.187002652519894],[28.77179487179487,37.21206896551724],[28.75974358974359,37.203713527851455],[28.795897435897437,37.17864721485411]],[[28.735641025641026,37.33740053050398],[28.687435897435897,37.33740053050398],[28.71153846153846,37.320689655172416],[28.71153846153846,37.28726790450928],[28.7845944005116,37.2390639685117],[28.735641025641026,37.295562538622804],[28.735641025641026,37.33740053050398]],[[28.61950716582989,37.43462974591003],[28.628647192834443,37.45512072901624],[28.617517600522714,37.43600915839373],[28.59102564102564,37.43766578249337],[28.615128205128205,37.4209549071618],[28.59102564102564,37.40424403183024],[28.627179487179486,37.37917771883289],[28.71153846153846,37.37082228116711],[28.63923076923077,37.40424403183024],[28.61950716582989,37.43462974591003]],[[28.542820512820512,37.48779840848806],[28.554871794871794,37.47944297082228],[28.603076923076923,37.47944297082228],[28.630233279296906,37.45867656871902],[28.63923076923077,37.4710875331565],[28.627179487179486,37.496153846153845],[28.542820512820512,37.48779840848806]],[[28.57897435897436,37.51286472148541],[28.615128205128205,37.53793103448275],[28.603076923076923,37.54628647214854],[28.566923076923075,37.53793103448275],[28.57897435897436,37.51286472148541]],[[28.5997762445033,37.4720551579486],[28.604205254796234,37.473028942468176],[28.555105291419135,37.47443019699676],[28.5997762445033,37.4720551579486]],[[28.5991577629945,37.512439598304],[28.6016933841668,37.52373418061429],[28.5983151878973,37.513239150886],[28.5991577629945,37.512439598304]],[[28.45846153846154,38.14787798408488],[28.446410256410257,38.12281167108753],[28.506666666666668,38.09774535809019],[28.542820512820512,38.106100795755964],[28.506666666666668,38.11445623342175],[28.4825641025641,38.14787798408488],[28.45846153846154,38.14787798408488]],[[28.50337916751085,37.47944297082228],[28.523513791021134,37.47610983537147],[28.50348787985212,37.47944297082228],[28.51871794871795,37.48779840848806],[28.506666666666668,37.496153846153845],[28.452293764095078,37.50466478239375],[28.45846153846154,37.47944297082228],[28.50337916751085,37.47944297082228]],[[28.43094255413616,38.089387653104694],[28.4346491704454,38.0874737226665],[28.435370207341133,38.08796746248067],[28.43094255413616,38.089387653104694]],[[28.39362776522919,38.10865533670755],[28.398205128205127,38.12281167108753],[28.362051282051283,38.14787798408488],[28.35,38.12281167108753],[28.39362776522919,38.10865533670755]],[[28.3047457444285,38.086262099093],[28.3306225756032,38.1015804904685],[28.33074037519262,38.10273394465018],[28.3047457444285,38.086262099093]],[[28.277692307692305,38.0893899204244],[28.28974358974359,38.064323607427056],[28.301794871794872,38.0893899204244],[28.325897435897435,38.106100795755964],[28.277692307692305,38.0893899204244]],[[28.2793016347869,38.0353738810652],[28.3012839608398,38.0643663181249],[28.301588113818454,38.06629008569464],[28.2793016347869,38.0353738810652]],[[28.2824172404374,37.5246742670834],[28.282537650547987,37.524507298403364],[28.2932353139311,37.5521089011582],[28.2824172404374,37.5246742670834]],[[28.279116005347966,37.556839228406346],[28.2761860300662,37.5578208445974],[28.2478859493811,37.5441467990287],[28.279116005347966,37.556839228406346]],[[28.133076923076924,37.50450928381963],[28.19333333333333,37.47944297082228],[28.22948717948718,37.50450928381963],[28.133076923076924,37.50450928381963]],[[28.2206244039689,37.4948163842701],[28.220913442312323,37.49533940602645],[28.21402307862297,37.49261594228601],[28.2206244039689,37.4948163842701]],[[28.060769230769232,38.39018567639257],[28.145128205128206,38.36511936339522],[28.18128205128205,38.37347480106101],[28.096923076923076,38.398541114058354],[28.060769230769232,38.39018567639257]],[[28.137950112013954,38.03920779949186],[28.14439750855954,38.041043190108944],[28.1399648479122,38.0419512698814],[28.137950112013954,38.03920779949186]],[[28.1350318063679,37.4502459217535],[28.1416957405009,37.4526691697952],[28.133048192102937,37.45078926824502],[28.1350318063679,37.4502459217535]],[[28.012564102564102,38.03925729442971],[28.12102564102564,38.030901856763926],[28.133076923076924,38.05596816976127],[28.012564102564102,38.03925729442971]],[[28.128280172134335,38.02604022067844],[28.1304449440973,38.0255943422225],[28.131961120165624,38.03105257586508],[28.128280172134335,38.02604022067844]],[[28.09043790643217,38.02727451652458],[28.09727168877041,38.029937029198855],[28.095654019488,38.0301812057142],[28.09043790643217,38.02727451652458]],[[28.03795052107314,38.02281025639374],[28.0462370597785,38.0307870176735],[28.0382749571648,38.0242961738521],[28.03795052107314,38.02281025639374]],[[28.0462370597785,38.0307870176735],[28.0814607064517,38.0237769060441],[28.082520877702553,38.02418995978983],[28.0462370597785,38.0307870176735]],[[27.976410256410254,38.01419098143236],[27.916153846153847,38.00583554376658],[27.976410256410254,37.997480106100795],[28.00051282051282,37.980769230769226],[28.036666666666665,38.00583554376658],[28.00051282051282,37.997480106100795],[27.976410256410254,38.01419098143236]],[[27.92820512820513,37.47944297082228],[27.916153846153847,37.4710875331565],[27.976410256410254,37.462732095490715],[28.012564102564102,37.48779840848806],[27.92820512820513,37.47944297082228]],[[27.978476197635747,37.99010955188069],[28.0016665967151,37.9747061248734],[28.003051848909386,37.975889678255136],[27.978476197635747,37.99010955188069]],[[27.990478190341566,38.39804621958849],[28.000258454594146,38.40406108172766],[27.9979938610913,38.404363739651],[27.990478190341566,38.39804621958849]],[[27.9571129099992,38.3935551303582],[27.9831756061418,38.3935551305865],[27.984241755495823,38.39421081239822],[27.9571129099992,38.3935551303582]],[[27.9737386640241,39.2374654796744],[27.973029371976462,39.23776504443089],[27.973549985348974,39.23651831269129],[27.9737386640241,39.2374654796744]],[[27.932945545388,39.2639236670274],[27.952923001223454,39.279220212854014],[27.9339285126281,39.2694938121185],[27.932945545388,39.2639236670274]],[[27.855897435897436,37.496153846153845],[27.94025641025641,37.50450928381963],[27.92820512820513,37.51286472148541],[27.843846153846155,37.50450928381963],[27.855897435897436,37.496153846153845]],[[27.930443679631782,37.49380218390897],[27.9296614994934,37.4946432954283],[27.8632818008632,37.4894506197464],[27.930443679631782,37.49380218390897]],[[27.907260185878815,38.41051959499701],[27.91863371760367,38.40917220810229],[27.9154474621214,38.410465374525],[27.907260185878815,38.41051959499701]],[[27.88,38.398541114058354],[27.916153846153847,38.4236074270557],[27.904102564102566,38.431962864721484],[27.867948717948718,38.4236074270557],[27.88,38.398541114058354]],[[27.905318652652667,38.41053245285656],[27.9022853647332,38.4105525408929],[27.892482139651303,38.39752478677286],[27.905318652652667,38.41053245285656]],[[27.89205128205128,38.02254641909814],[27.855897435897436,38.030901856763926],[27.795641025641025,37.97241379310345],[27.855897435897436,37.980769230769226],[27.88,38.01419098143236],[27.89205128205128,38.02254641909814]],[[27.867948717948718,38.323342175066315],[27.88,38.31498673740053],[27.89205128205128,38.37347480106101],[27.867948717948718,38.37347480106101],[27.867948717948718,38.323342175066315]],[[27.881921917615568,38.01129803260526],[27.86796690649927,37.98695290568705],[27.8700322784401,37.9878609020164],[27.881921917615568,38.01129803260526]],[[27.8665952927626,39.3267516229983],[27.823892964279867,39.315554810277206],[27.8256383464145,39.31511984997],[27.8665952927626,39.3267516229983]],[[27.735384615384614,37.54628647214854],[27.626923076923077,37.53793103448275],[27.735384615384614,37.529575596816976],[27.6494301231319,37.5243280890302],[27.74283809411423,37.524407924476925],[27.747435897435896,37.48779840848806],[27.783589743589744,37.462732095490715],[27.795641025641025,37.48779840848806],[27.735384615384614,37.54628647214854]],[[27.71128205128205,39.38448275862069],[27.65102564102564,39.34270557029178],[27.7633018741455,39.3430524873455],[27.749782539759412,39.35106100795756],[27.771538461538462,39.35941644562334],[27.71128205128205,39.38448275862069]],[[27.71128205128205,38.33169761273209],[27.745131832042883,38.33049073868984],[27.705103836152404,38.35269199011613],[27.716019286361206,38.38408359863234],[27.702553090274346,38.35446048230598],[27.675128205128203,38.35676392572944],[27.71128205128205,38.33169761273209]],[[27.65102564102564,38.4737400530504],[27.675128205128203,38.45702917771883],[27.675128205128203,38.40689655172414],[27.71128205128205,38.38183023872679],[27.723333333333333,38.39018567639257],[27.69923076923077,38.40689655172414],[27.69923076923077,38.45702917771883],[27.65102564102564,38.4737400530504]],[[27.706564861178197,38.41010346872379],[27.7063066728748,38.4090707157761],[27.709914324725176,38.400885287323916],[27.706564861178197,38.41010346872379]],[[27.706853906196944,38.42829162925421],[27.708665740387822,38.42437867645502],[27.7087473269067,38.4248477988367],[27.706853906196944,38.42829162925421]],[[27.608592872024264,37.994169312124214],[27.6115235938969,37.9927073990554],[27.62495038967684,37.99502079977989],[27.608592872024264,37.994169312124214]],[[27.60909584812884,37.54224517413184],[27.6075425430861,37.5429351753439],[27.5908502556105,37.5342374440914],[27.60909584812884,37.54224517413184]],[[27.531759770819306,38.474604593064804],[27.482289518108,38.50059523405],[27.5595413104347,38.4599745744396],[27.5720300604342,38.460551364783],[27.60869886611718,38.48312845223534],[27.5728397487213,38.4610706614643],[27.54930895808603,38.465384615384615],[27.602820512820514,38.49045092838196],[27.531759770819306,38.474604593064804]],[[27.510326562589878,37.99724138640108],[27.5312102166434,37.9962557273719],[27.5338676655748,37.9977966011147],[27.510326562589878,37.99724138640108]],[[27.53051282051282,39.04190981432361],[27.518461538461537,39.05026525198939],[27.434102564102563,38.99177718832891],[27.446153846153845,38.983421750663126],[27.53051282051282,39.04190981432361]],[[27.4740042431448,37.9391362989436],[27.482307692307693,37.95570291777188],[27.482307692307693,37.98912466843501],[27.494358974358974,37.997480106100795],[27.53051282051282,38.00583554376658],[27.482307692307693,38.00583554376658],[27.45820512820513,37.98912466843501],[27.45820512820513,37.95570291777188],[27.41,37.92228116710875],[27.42205128205128,37.91392572944297],[27.4740042431448,37.9391362989436]],[[27.4694760845195,38.9895976628293],[27.469424871308796,38.988913897163556],[27.5301437664107,39.031698941373],[27.4694760845195,38.9895976628293]],[[27.482307692307693,37.55464190981432],[27.45820512820513,37.53793103448275],[27.471598939365165,37.5269799961343],[27.5299661383619,37.5479980334595],[27.482307692307693,37.55464190981432]],[[27.391327613351553,39.37236245103991],[27.40590790491744,39.381003396332716],[27.385897435897437,39.37612732095491],[27.42205128205128,39.40119363395225],[27.506410256410255,39.40954907161804],[27.446153846153845,39.434615384615384],[27.373846153846152,39.38448275862069],[27.30153846153846,39.41790450928382],[27.241282051282052,39.37612732095491],[27.275008274638,39.36467385696],[27.30247337664202,39.38448275862069],[27.34974358974359,39.38448275862069],[27.41,39.292572944297085],[27.45820512820513,39.292572944297085],[27.41,39.325994694960215],[27.391327613351553,39.37236245103991]],[[27.490723540123714,37.98553853507635],[27.501308063598906,37.99702868594529],[27.4978905493649,37.9969480841915],[27.490723540123714,37.98553853507635]],[[27.45820512820513,39.209018567639255],[27.47025641025641,39.20066312997348],[27.4871708253892,39.2551930993591],[27.45820512820513,39.259151193633954],[27.45820512820513,39.209018567639255]],[[27.446153846153845,37.44602122015915],[27.482307692307693,37.45437665782493],[27.446153846153845,37.47944297082228],[27.434102564102563,37.45437665782493],[27.446153846153845,37.44602122015915]],[[27.4712663402473,37.4400450473814],[27.468747459632752,37.44349351500131],[27.471009813907063,37.43943051174251],[27.4712663402473,37.4400450473814]],[[27.402808602834106,38.5580637741719],[27.42205128205128,38.532228116710876],[27.4644649711824,38.535568515035955],[27.446153846153845,38.565649867374006],[27.420870895500624,38.54812060224759],[27.402808602834106,38.5580637741719]],[[27.4639166419602,37.3843855336607],[27.463906588288452,37.38667777337438],[27.460077045943713,37.38263028974124],[27.4639166419602,37.3843855336607]],[[27.4619797915406,39.1493733232076],[27.463573777373625,39.14839940793965],[27.460063092532568,39.15739168947377],[27.4619797915406,39.1493733232076]],[[27.41046898007114,37.835644068964186],[27.4359246243552,37.8501684628344],[27.43571440673655,37.851306537556646],[27.41046898007114,37.835644068964186]],[[27.36179487179487,37.85543766578249],[27.30153846153846,37.91392572944297],[27.28948717948718,37.90557029177719],[27.373846153846152,37.83037135278514],[27.434102564102563,37.85543766578249],[27.36179487179487,37.85543766578249]],[[27.411821792420188,39.34274942363924],[27.415945979037684,39.329049423044744],[27.4131481244383,39.3422393087091],[27.411821792420188,39.34274942363924]],[[27.37201767081894,38.9256654977789],[27.37147890430931,38.925701160817034],[27.3716755993993,38.9256176657577],[27.37201767081894,38.9256654977789]],[[27.217179487179486,38.59071618037135],[27.253333333333334,38.54893899204244],[27.30153846153846,38.54893899204244],[27.3487508869295,38.5339798916829],[27.325641025641026,38.565649867374006],[27.217179487179486,38.59071618037135]],[[27.298688711686626,38.548509283887064],[27.3032501262062,38.5439168393745],[27.30423615495053,38.543701499764815],[27.298688711686626,38.548509283887064]],[[27.18102564102564,38.74946949602122],[27.144871794871793,38.741114058355436],[27.193076923076923,38.724403183023874],[27.193076923076923,38.69098143236074],[27.238647172830145,38.651238550842386],[27.18102564102564,38.74946949602122]],[[27.16897435897436,38.84137931034483],[27.132820512820512,38.88315649867374],[27.12076923076923,38.84137931034483],[27.0725641025641,38.8079575596817],[27.10871794871795,38.76618037135278],[27.1286562102375,38.7675853304911],[27.096666666666668,38.791246684350135],[27.12076923076923,38.824668435013265],[27.16897435897436,38.84137931034483]],[[27.099023636817748,39.344877210303636],[27.080507791408195,39.33857240201133],[27.0977122061578,39.343753967016],[27.099023636817748,39.344877210303636]],[[27.036410256410257,39.35106100795756],[27.024358974358975,39.325994694960215],[27.036410256410257,39.31763925729443],[27.096666666666668,39.35941644562334],[27.036410256410257,39.35106100795756]],[[27.0560467591088,39.3302432052683],[27.0421873315718,39.3170811078964],[27.05910299383482,39.33128388008588],[27.0560467591088,39.3302432052683]],[[26.9079599774547,39.2689291214425],[26.889452102938918,39.254738278083515],[26.9142802736341,39.27119642990594],[26.9079599774547,39.2689291214425]],[[26.855641025641024,39.259151193633954],[26.86769230769231,39.2340848806366],[26.903846153846153,39.275862068965516],[26.855641025641024,39.259151193633954]],[[26.8872878627932,39.2530788550702],[26.887254939766738,39.25205089870143],[26.88826997427689,39.25383188536626],[26.8872878627932,39.2530788550702]],[[26.877941316233425,39.2357091495804],[26.877569573371737,39.23536975823017],[26.8777568695511,39.235385518139],[26.877941316233425,39.2357091495804]],[[26.711025641025643,39.69363395225464],[26.698974358974358,39.71870026525199],[26.63871794871795,39.643501326259944],[26.65076923076923,39.601724137931036],[26.711025641025643,39.69363395225464]]],[[[35.2775212162117,37.9702396099174],[35.294868440426974,37.95339416498417],[35.267435897435895,37.97241379310345],[35.2775212162117,37.9702396099174]]],[[[37.85044979106965,37.290068609023685],[37.84641025641025,37.28133876187837],[37.84641025641025,37.28726790450928],[37.85044979106965,37.290068609023685]]],[[[36.94747590360845,37.3089287501648],[36.93226476760705,37.31233421750663],[36.9425641025641,37.31233421750663],[36.94747590360845,37.3089287501648]]],[[[36.937648058793826,36.99141917728326],[36.93051282051282,36.97617736422347],[36.93051282051282,36.98647214854111],[36.937648058793826,36.99141917728326]]],[[[36.926065875651766,36.96667810160743],[36.906410256410254,36.943756918895254],[36.906410256410254,36.95305039787798],[36.926065875651766,36.96667810160743]]],[[[36.89435897435897,36.927984084880634],[36.89683610077106,36.92970153496091],[36.88230769230769,36.90700089591675],[36.89435897435897,36.927984084880634]]],[[[36.544871794871796,36.4684350132626],[36.55233265756623,36.473607805079354],[36.5665558675948,36.4194763044017],[36.6056344898718,36.3923263340002],[36.597594433108,36.3718954548204],[36.6177098616936,36.3565982873615],[36.6041638465438,36.3300747160643],[36.6572998991546,36.3384815883114],[36.6583765623957,36.299549629647],[36.68948717948718,36.294549804048565],[36.68948717948718,36.251193633952255],[36.6590086157627,36.23006212792171],[36.629230769230766,36.24283819628647],[36.617179487179484,36.217796061387574],[36.544871794871796,36.251193633952255],[36.544871794871796,36.4684350132626]]],[[[36.52037309852809,36.87785145888594],[36.58230260108721,36.87696611240158],[36.5311068873631,36.8729007728686],[36.52037309852809,36.87785145888594]]],[[[36.255641025641026,37.62148541114058],[36.26862882455341,37.63049015800207],[36.255641025641026,37.5864317298246],[36.255641025641026,37.62148541114058]]],[[[36.20743589743589,37.98912466843501],[36.22481754595456,38.001175774708045],[36.21087197643301,37.97003147861168],[36.20743589743589,37.98912466843501]]],[[[35.761538461538464,38.04761273209549],[35.76865728195413,38.04761273209549],[35.74440298097557,38.0357322998637],[35.761538461538464,38.04761273209549]]],[[[33.95384615384615,37.11180371352785],[33.97162448370175,37.11180371352785],[33.91763239229268,37.086695859772874],[33.95384615384615,37.11180371352785]]],[[[32.88128205128205,36.4684350132626],[32.881741876886025,36.468116205342014],[32.854613260249785,36.47679045092838],[32.88128205128205,36.4684350132626]]],[[[30.863558652672573,37.26220159151193],[30.827507504946535,37.25034029563001],[30.832564102564103,37.253846153846155],[30.863558652672573,37.26220159151193]]],[[[28.879364265364554,36.634925221513825],[28.880256410256408,36.635543766578245],[28.90145918243349,36.6502441478749],[28.879364265364554,36.634925221513825]]],[[[27.53051282051282,36.685676392572944],[27.63897435897436,36.71074270557029],[27.675128205128203,36.702387267904506],[27.665180724976796,36.66206869497939],[27.53051282051282,36.685676392572944]]],[[[27.47025641025641,37.9473474801061],[27.47744679343691,37.95233274210579],[27.4740042431448,37.9391362989436],[27.446153846153845,37.930636604774534],[27.47025641025641,37.9473474801061]]],[[[27.0178935140372,38.9146290100465],[27.015896219383166,38.91409023900208],[27.014026306740572,38.91538669347548],[27.0178935140372,38.9146290100465]]],[[[26.69614791776713,39.6833188763344],[26.686923076923076,39.667496802787795],[26.686923076923076,39.676923076923075],[26.69614791776713,39.6833188763344]]],[[[26.662820512820513,39.643501326259944],[26.67979414287303,39.655269543721154],[26.662820512820513,39.62615706063514],[26.662820512820513,39.643501326259944]]],[[[26.51820512820513,38.650493643104426],[26.506153846153847,38.6157824933687],[26.47,38.65755968169761],[26.51820512820513,38.650493643104426]]]]}},{"type":"Feature","id":"akdeniz-karasal-gecis-cl","properties":{"id":"akdeniz-karasal-gecis-cl","name":"Akdeniz-Karasal Geçiş İklimi","source":"MEB","source_url":"https://ogmmateryal.eba.gov.tr/panel/upload/images/yaitv3gvmoj.png","source_rgb":[250,180,18]},"geometry":{"type":"MultiPolygon","coordinates":[[[[37.32820512820513,41.022148541114056],[37.195641025641024,41.0973474801061],[37.17153846153846,41.14591255519242],[37.29205128205128,41.14445951537822],[37.2978338902916,41.1215085887407],[37.388461538461534,41.10526151945301],[37.534141383946,41.0216135193434],[37.6094875879473,41.0479836987247],[37.6822499195692,41.1326602608073],[37.7043388344076,41.1142538931563],[37.77410256410256,41.11563439478487],[37.77410256410256,41.06392572944297],[37.8062870398591,41.0268009409881],[37.8666158164073,41.0141173659927],[37.870512820512815,40.99708222811671],[37.786153846153844,40.988726790450926],[37.73794871794872,41.005437665782495],[37.32820512820513,41.022148541114056]]],[[[36.82205128205128,41.105702917771886],[36.74974358974359,41.105702917771886],[36.6774358974359,41.13912466843502],[36.58102564102564,41.13912466843502],[36.55692307692308,41.15583554376658],[36.508717948717944,41.13912466843502],[36.327948717948715,41.281167108753316],[36.343050691286656,41.2895225464191],[36.389725297444,41.253713888049],[36.4472485562166,41.2441689242275],[36.5144003236987,41.2600195245118],[36.5658033766745,41.290909457059],[36.61085576148286,41.35],[36.8239723273495,41.35],[36.8422186606087,41.3465589340769],[37.0029773845073,41.2810480942723],[37.0249187180897,41.2555472408646],[37.0336433692631,41.1874779329299],[37.09397826832325,41.160549298851585],[37.05102564102564,41.147480106100794],[37.026923076923076,41.0973474801061],[36.96666666666667,41.05557029177719],[36.82205128205128,41.105702917771886]]],[[[36.49666666666666,36.8026525198939],[36.53282051282051,36.81100795755968],[36.544871794871796,36.234482758620686],[36.49666666666666,36.251193633952255],[36.49666666666666,36.8026525198939]]],[[[35.62610500610501,41.35],[36.250638178934196,41.35],[36.3413192645093,41.3109072197382],[36.31589743589743,41.2895225464191],[36.243589743589745,41.2895225464191],[36.19538461538461,41.32294429708223],[36.05076923076923,41.32294429708223],[35.88205128205128,41.20596816976128],[35.83384615384615,41.20596816976128],[35.62610500610501,41.35]]],[[[32.5358184039994,36.0932204267116],[32.3885171593042,36.1660281126835],[32.2981010318447,36.2344511416909],[32.2727374888717,36.290718920611],[32.13560148563898,36.443368700265246],[32.363076923076925,36.37652519893899],[32.50769230769231,36.37652519893899],[32.58,36.409946949602116],[32.628205128205124,36.409946949602116],[32.65967100627724,36.38515816665768],[32.67641025641026,36.426657824933685],[32.77282051282051,36.393236074270554],[32.845128205128205,36.443368700265246],[32.979148642700075,36.43697085724801],[32.95913945241542,36.443368700265246],[33.037948717948716,36.443368700265246],[33.06205128205128,36.460079575596815],[33.11025641025641,36.443368700265246],[33.134358974358975,36.460079575596815],[33.27897435897436,36.460079575596815],[33.35128205128205,36.51021220159151],[33.39948717948718,36.493501326259945],[33.48384615384615,36.55198938992042],[33.48384615384615,36.602122015915114],[33.519999999999996,36.62718832891247],[33.56820512820513,36.62718832891247],[33.60435897435897,36.602122015915114],[33.60435897435897,36.568700265251984],[33.64051282051282,36.560344827586206],[33.67666666666666,36.58541114058355],[33.67666666666666,36.61883289124668],[33.77307692307692,36.668965517241375],[33.724871794871795,36.719098143236074],[34.14666666666666,37.028249336870026],[34.17076923076923,37.028249336870026],[34.29128205128205,37.11180371352785],[34.484102564102564,37.11180371352785],[34.53230769230769,37.09509283819629],[34.58051282051282,37.04496021220159],[34.74923076923076,37.01153846153846],[34.84564102564102,36.9446949602122],[35.03846153846153,36.87785145888594],[35.086666666666666,36.91127320954907],[35.23128205128205,36.927984084880634],[35.33974358974359,37.01989389920424],[35.33974358974359,37.05331564986737],[35.31564102564103,37.07002652519894],[35.448205128205124,37.09509283819629],[35.64102564102564,37.24549071618037],[35.71333333333333,37.24549071618037],[35.80974358974359,37.21206896551724],[35.89410256410256,37.15358090185676],[35.89410256410256,37.12015915119363],[35.87,37.103448275862064],[35.87,37.00318302387268],[35.58076923076923,36.819363395225466],[35.460256410256406,36.719098143236074],[35.556666666666665,36.568785092925374],[35.49641025641026,36.59376657824934],[35.42410256410256,36.59376657824934],[35.33397902313259,36.54799268012776],[34.99025641025641,36.72745358090185],[34.91432973293628,36.72745358090185],[34.92863224488532,36.73972233239369],[34.908817643190154,36.72745358090185],[34.82153846153846,36.79429708222811],[34.65282051282051,36.81100795755968],[34.61102361643355,36.782029184936285],[34.55641025641025,36.77758620689655],[34.41179487179487,36.66061007957559],[34.36358974358974,36.66061007957559],[34.3274358974359,36.635543766578245],[34.15871794871795,36.4684350132626],[34.11051282051282,36.45172413793103],[34.06230769230769,36.36816976127321],[34.06230769230769,36.33474801061008],[34.034738906519756,36.298923046819525],[33.96589743589743,36.26790450928382],[33.9622097788506,36.2336419002871],[33.9345888973972,36.2893094854773],[33.8694313913241,36.3163122294588],[33.821282051282054,36.30132625994695],[33.83803932194432,36.279522719684294],[33.67666666666666,36.167639257294425],[33.68871794871795,36.14257294429708],[33.6611479772166,36.1600512888985],[33.6591472385838,36.1890890632723],[33.59230769230769,36.19270557029178],[33.54524320562432,36.126652902595794],[33.49589743589743,36.15928381962864],[33.44769230769231,36.15928381962864],[33.38906209498472,36.13534498769046],[33.357283176003,36.1502784097607],[33.283488549991745,36.12899186391154],[33.1429523561844,36.1326470306695],[33.09820512820513,36.11750663129973],[33.075277456305116,36.084899461070506],[33.01384615384615,36.10915119363395],[32.941538461538464,36.10915119363395],[32.79692307692308,36.025596816976126],[32.77282051282051,36.04230769230769],[32.67286623237845,36.04230769230769],[32.58601432199791,36.088270447217994],[32.5924010597337,36.1017768920851],[32.5358184039994,36.0932204267116]],[[32.5924010597337,36.1017768920851],[32.578275047246564,36.11315979899277],[32.5785963846199,36.1119134734393],[32.5924010597337,36.1017768920851]],[[35.149850480533,36.7956049884808],[35.14993365795839,36.7965047972063],[35.147409165245755,36.794114345033606],[35.149850480533,36.7956049884808]],[[35.14692307692307,36.8026525198939],[35.11076923076923,36.81100795755968],[35.086666666666666,36.79429708222811],[35.0625641025641,36.81100795755968],[34.90589743589743,36.752519893899205],[34.94205128205128,36.74416445623342],[34.966153846153844,36.76087533156498],[34.99025641025641,36.74416445623342],[35.01435897435897,36.76087533156498],[35.05051282051282,36.76923076923077],[35.0625641025641,36.79429708222811],[35.074615384615385,36.78594164456233],[35.14692307692307,36.8026525198939]],[[35.1375652925723,36.7881037718101],[35.142968417087516,36.79140286725879],[35.13160776270573,36.7895192693421],[35.1375652925723,36.7881037718101]],[[35.0965105142569,36.7831634559138],[35.09969214802112,36.78422765643764],[35.095911788180196,36.78360087230343],[35.0965105142569,36.7831634559138]],[[35.0083744550372,36.7513017596491],[35.00789835323009,36.752892585875564],[35.00794211282266,36.751576618084954],[35.0083744550372,36.7513017596491]],[[34.930798226918,36.7412587756275],[34.9306371812518,36.74114453759577],[34.9572950246813,36.7404390760937],[34.930798226918,36.7412587756275]],[[33.03333801164369,36.43604756528677],[33.025926160964474,36.436112652794876],[33.0332537765632,36.4359782165834],[33.03333801164369,36.43604756528677]],[[32.59205128205128,36.28461538461538],[32.60410256410256,36.25954907161803],[32.63357888142405,36.296696571945056],[32.6184638290568,36.2673099477265],[32.6439325235479,36.3148997729425],[32.61615384615384,36.318037135278516],[32.59205128205128,36.28461538461538]]],[[[33.037948717948716,38.64920424403183],[32.941538461538464,38.6659151193634],[32.90538461538461,38.724403183023874],[32.79692307692308,38.76618037135278],[32.736666666666665,38.824668435013265],[32.78487179487179,38.95835543766578],[32.845128205128205,39.000132625994695],[32.89333333333333,39.000132625994695],[32.953589743589745,39.05862068965517],[32.953589743589745,39.12546419098143],[32.929487179487175,39.142175066312994],[32.941538461538464,39.16724137931035],[33.01384615384615,39.13381962864722],[33.07410256410256,39.07533156498673],[33.025897435897434,39.02519893899204],[33.05,38.99177718832891],[33.05,38.92493368700265],[33.134358974358975,38.84973474801061],[33.17051282051282,38.85809018567639],[33.17051282051282,38.90822281167109],[33.20666666666666,38.91657824933687],[33.29102564102564,38.824668435013265],[33.29102564102564,38.774535809018566],[33.33923076923077,38.724403183023874],[33.218717948717945,38.674270557029175],[33.218717948717945,38.607427055702914],[33.15846153846154,38.565649867374006],[33.037948717948716,38.64920424403183]]],[[[29.6340027052958,36.2032153013442],[29.4109219169044,36.226803225697],[29.4132492278706,36.2622098647271],[29.3739719072474,36.2612833424665],[29.3519409212882,36.2313225995789],[29.312836367444003,36.252071517915816],[29.269067943760323,36.28681357238532],[29.314102564102562,36.33474801061008],[29.30205128205128,36.34310344827586],[29.25896871699805,36.296522415955806],[29.229743589743588,36.32639257294429],[29.1414112780918,36.3581784306759],[29.1198776615665,36.3918651409738],[29.1012295481194,36.3885396823033],[29.1337125735238,36.4255984236052],[29.1031416448452,36.4727613360335],[29.133333333333333,36.493501326259945],[29.181538461538462,36.443368700265246],[29.205641025641025,36.460079575596815],[29.277948717948718,36.460079575596815],[29.314102564102562,36.40159151193634],[29.29,36.38488063660477],[29.30205128205128,36.359814323607424],[29.33820512820513,36.40159151193634],[29.314102564102562,36.4183023872679],[29.314102564102562,36.43501326259947],[29.374358974358973,36.47679045092838],[29.458717948717947,36.48514588859416],[29.41051282051282,36.50185676392573],[29.422564102564102,36.51021220159151],[29.5205894588023,36.4909286415904],[29.567179487179487,36.560344827586206],[29.663589743589743,36.560344827586206],[29.735897435897435,36.6104774535809],[29.88051282051282,36.59376657824934],[29.92871794871795,36.57705570291777],[29.976923076923075,36.526923076923076],[30.085384615384616,36.635543766578245],[30.037179487179486,36.702387267904506],[30.157692307692308,36.83607427055703],[30.157692307692308,37.05331564986737],[30.217948717948715,37.11180371352785],[30.314358974358974,37.11180371352785],[30.386666666666667,37.07838196286472],[30.41076923076923,37.09509283819629],[30.675897435897436,37.09509283819629],[30.74820512820513,37.061671087533156],[30.796410256410255,37.07838196286472],[30.916923076923077,37.061671087533156],[31.0374358974359,36.994827586206895],[31.085641025641024,36.994827586206895],[31.326666666666664,36.894562334217504],[31.398974358974357,36.894562334217504],[31.47128205128205,36.84442970822281],[31.567692307692305,36.84442970822281],[31.64,36.81100795755968],[31.688205128205126,36.81100795755968],[31.772564102564104,36.752519893899205],[31.94128205128205,36.58541114058355],[31.931406334870022,36.56185319848063],[31.8109256045564,36.5957532668667],[31.736410256410256,36.64389920424403],[31.6725107660543,36.6454424741818],[31.54358974358974,36.72745358090185],[31.408227959487633,36.76087533156498],[31.27846153846154,36.82771883289124],[31.067194943450307,36.84442970822281],[31.0374358974359,36.86114058355437],[30.7586340895365,36.8465746771132],[30.6735906803403,36.8819218468575],[30.591538461538462,36.83607427055703],[30.567435897435896,36.8026525198939],[30.567435897435896,36.685676392572944],[30.543333333333333,36.65225464190981],[30.5914974331305,36.5915135215501],[30.543333333333333,36.53527851458885],[30.508844861919282,36.44452334379357],[30.47102564102564,36.4183023872679],[30.47102564102564,36.38488063660477],[30.512863437786258,36.347044265094205],[30.4655814992034,36.3124850171724],[30.485405154411268,36.27787416456586],[30.42282051282051,36.251193633952255],[30.405487849583547,36.22246561499711],[30.4084231248788,36.2745348983269],[30.3625641025641,36.2762599469496],[30.314358974358974,36.30968169761273],[30.1934475640878,36.315161883867],[30.150560050426,36.3011980772656],[30.151188580845997,36.280106197623624],[30.106099572658998,36.24884492635678],[30.049230769230768,36.2762599469496],[29.976923076923075,36.2261273209549],[29.9243884861401,36.2337673464665],[29.8825839548339,36.194141536493845],[29.83230769230769,36.19270557029178],[29.808205128205127,36.15928381962864],[29.76209304896802,36.144024104439985],[29.7793918247092,36.1596376060329],[29.6564241082989,36.1472973937476],[29.6313138601318,36.1706910160239],[29.6508487867841,36.1746519814666],[29.6451076407145,36.1966346536108],[29.592145417599355,36.192106978090855],[29.6340027052958,36.2032153013442]],[[29.563207368950604,36.532589011320205],[29.55541934244703,36.52679422642602],[29.5592057494776,36.5278251786361],[29.563207368950604,36.532589011320205]],[[29.3639219277402,36.4618495292295],[29.362681283588664,36.460639819547055],[29.3890246029539,36.4711109052911],[29.3639219277402,36.4618495292295]],[[29.3890246029539,36.4711109052911],[29.4600853905752,36.4738092737763],[29.460219589384543,36.473847244756506],[29.3890246029539,36.4711109052911]],[[29.339770830479665,36.438604912342186],[29.32532390239596,36.440462005290954],[29.3392323633268,36.4380698641924],[29.339770830479665,36.438604912342186]],[[29.3150611355896,36.4301056746179],[29.315588089253872,36.4295258936602],[29.32050726375151,36.43723455793864],[29.3150611355896,36.4301056746179]],[[29.316062280284303,36.36118189466111],[29.316032445584487,36.36056682214881],[29.3161375794863,36.3610226288178],[29.316062280284303,36.36118189466111]],[[29.314312677806615,36.32511206999223],[29.314036449780925,36.31941734985873],[29.3151578079773,36.3204829515275],[29.314312677806615,36.32511206999223]],[[29.301947072230675,36.30792908417023],[29.30112770442649,36.307909245622845],[29.3019087378235,36.3078926558386],[29.301947072230675,36.30792908417023]]],[[[30.963663847866076,41.07126589373186],[30.967025387809397,41.07359652854216],[30.965128205128202,41.072281167108756],[30.963663847866076,41.07126589373186]]],[[[30.45897435897436,40.9553050397878],[30.386666666666667,40.988726790450926],[30.29025641025641,40.988726790450926],[30.266153846153845,41.005437665782495],[30.097435897435897,41.005437665782495],[29.976923076923075,41.072281167108756],[29.904615384615383,41.072281167108756],[29.88051282051282,41.105702917771886],[29.808205128205127,41.038859416445625],[29.735897435897435,41.05557029177719],[29.68769230769231,41.022148541114056],[29.59128205128205,41.022148541114056],[29.543076923076924,41.05557029177719],[29.506923076923076,41.04721485411141],[29.53102564102564,41.03050397877984],[29.518974358974358,41.022148541114056],[29.470769230769232,41.022148541114056],[29.277948717948718,41.072281167108756],[29.10923076923077,41.072281167108756],[29.0663177779232,41.1015606293902],[29.0965750499946,41.1178544314093],[29.0740338940378,41.1421950764102],[29.0883906182315,41.1779555457253],[29.1661370948518,41.2234910804945],[29.2545260441653,41.2339633786543],[29.5664054574585,41.1726242846729],[29.9862013812307,41.1342122903356],[30.1900223358076,41.1457550436141],[30.2702912070682,41.20919716075],[30.326410256410256,41.19761273209549],[30.302307692307693,41.16419098143236],[30.314358974358974,41.12241379310345],[30.326410256410256,41.147480106100794],[30.3625641025641,41.17254641909815],[30.392925629156405,41.17254641909815],[30.64388207236576,41.12789992330192],[30.7793774420174,41.0843405708434],[30.9613592497564,41.0733940174536],[30.95307692307692,41.04721485411141],[30.82051282051282,40.972015915119364],[30.45897435897436,40.9553050397878]],[[30.352324244571285,41.164638850251656],[30.3632988165488,41.1675179817507],[30.363348698680248,41.167653825087875],[30.352324244571285,41.164638850251656]],[[30.2600035770543,41.0419152057643],[30.254102564102563,41.08063660477454],[30.284176099414772,41.09650240710513],[30.242051282051282,41.105702917771886],[30.23,41.04721485411141],[30.205897435897434,41.03050397877984],[30.2282436942035,41.0150705425196],[30.254102564102563,41.03050397877984],[30.2600035770543,41.0419152057643]]],[[[30.254102564102563,41.056541887282506],[30.2600035770543,41.0419152057643],[30.254102564102563,41.03692744475031],[30.254102564102563,41.056541887282506]]],[[[29.938509505415304,40.72814150200502],[29.93969929428709,40.730450034972804],[29.94076923076923,40.729708222811674],[29.938509505415304,40.72814150200502]]],[[[28.651282051282053,40.002785145888595],[28.53076923076923,40.05291777188329],[28.386153846153846,40.15318302387268],[28.337948717948716,40.15318302387268],[28.265641025641024,40.20331564986738],[28.19333333333333,40.22002652519894],[28.12102564102564,40.2868700265252],[28.024615384615384,40.27015915119363],[27.904102564102566,40.33700265251989],[27.831794871794873,40.32029177718833],[27.81045933994588,40.335084203892144],[27.867798655597,40.3804461646583],[27.831794871794873,40.40384615384615],[27.792507433200452,40.393318122742116],[27.747939523335,40.4298433469176],[27.7497211433397,40.451002093162],[27.6884387150748,40.4785149892566],[27.6854739328005,40.5022327376231],[27.7195316881459,40.5219594238266],[27.7829105706825,40.5059319096249],[27.8144243849288,40.5188476194321],[28.019247620988338,40.4836789335652],[28.012564102564102,40.46233421750663],[27.8971028894208,40.3904382910534],[27.9589217311109,40.352156124302],[28.1803239698125,40.3976212646822],[28.191523509524576,40.33980425584937],[28.1839455281182,40.3981829963914],[28.2561486778689,40.4014176337793],[28.5095181548685,40.394669140226],[28.6552577673001,40.3613399478194],[28.7795398682218,40.3944100314681],[28.8692582144272,40.3850790442297],[28.9271058621599,40.3564634355235],[29.0541024923864,40.3631592222738],[29.0843719441645,40.4130165871948],[29.1532426803221,40.4302692438267],[29.036923076923078,40.487400530503976],[28.969896943368102,40.45764060891005],[28.914203829210482,40.472219423113565],[28.82,40.520822281167106],[28.78436590798112,40.520822281167106],[28.7840307174281,40.5402642653263],[28.9953247398833,40.6450786127028],[29.280833687956,40.6621923494724],[29.3879858890512,40.7021709737137],[29.4335245614452,40.6892609343919],[29.5146699428575,40.740208777432],[29.554824676275505,40.68542821073008],[29.8080960978098,40.7292669640751],[29.919753958973523,40.71513783994524],[29.94076923076923,40.69628647214854],[29.94076923076923,40.646153846153844],[29.916666666666664,40.61273209549071],[29.784102564102565,40.537533156498675],[29.68769230769231,40.520822281167106],[29.57923076923077,40.44562334217507],[29.506923076923076,40.36206896551724],[29.29,40.228381962864724],[29.265897435897436,40.178249336870024],[29.205641025641025,40.13647214854112],[29.157435897435896,40.15318302387268],[29.10923076923077,40.11976127320955],[29.06102564102564,40.13647214854112],[28.988717948717948,40.103050397877986],[28.94051282051282,40.05291777188329],[28.892307692307693,40.05291777188329],[28.82,40.002785145888595],[28.795897435897437,40.01949602122016],[28.651282051282053,40.002785145888595]],[[29.711794871794872,40.6210875331565],[29.7878536074537,40.5922249835806],[29.68769230769231,40.63779840848807],[29.60333333333333,40.56259946949602],[29.663589743589743,40.570954907161806],[29.68769230769231,40.6210875331565],[29.711794871794872,40.6210875331565]],[[29.7066113488377,40.616378491113],[29.6858760014593,40.6060170363959],[29.685629874898982,40.605260559256976],[29.7066113488377,40.616378491113]],[[29.6309428799836,40.550352519082],[29.65389243673884,40.566181226820824],[29.619813348373583,40.54828581466359],[29.6309428799836,40.550352519082]],[[29.494871794871795,40.55424403183024],[29.482820512820513,40.57931034482759],[29.458717948717947,40.57931034482759],[29.494871794871795,40.520822281167106],[29.57923076923077,40.54588859416446],[29.494871794871795,40.55424403183024]],[[29.49319405822851,40.6366907207982],[29.5146507943643,40.6476021671962],[29.4940410786674,40.6397657735683],[29.49319405822851,40.6366907207982]],[[29.458717948717947,40.62944297082228],[29.495378330986387,40.59609593528882],[29.506923076923076,40.61273209549071],[29.482820512820513,40.62944297082228],[29.506923076923076,40.66286472148541],[29.494871794871795,40.6712201591512],[29.458717948717947,40.62944297082228]],[[29.375450747955657,40.562951386140455],[29.3718478666898,40.5652861007234],[29.370512552318893,40.56489610449613],[29.375450747955657,40.562951386140455]],[[29.181538461538462,40.520822281167106],[29.2448054196387,40.5281816733821],[29.157435897435896,40.55424403183024],[29.145384615384614,40.54588859416446],[29.181538461538462,40.520822281167106]],[[29.01282051282051,40.55424403183024],[29.04897435897436,40.57931034482759],[29.036923076923078,40.58766578249337],[29.00076923076923,40.56259946949602],[29.01282051282051,40.55424403183024]],[[29.048195341295536,40.565040412513994],[29.0412811277803,40.5653727718235],[29.035215176828242,40.5625190854891],[29.048195341295536,40.565040412513994]]],[[[29.59128205128205,40.78819628647215],[29.51548457270511,40.77148541114058],[29.470769230769232,40.78819628647215],[29.3539074797383,40.7572713616545],[29.341079375228915,40.81197320072071],[29.277948717948718,40.82161803713528],[29.25845655555831,40.80810366189028],[29.2791534627823,40.8250854520018],[29.2649176391599,40.8386659626759],[29.2875446934909,40.8425396052902],[29.249479362467167,40.86872306382466],[29.326153846153847,40.85503978779841],[29.35025641025641,40.82161803713528],[29.374358974358973,40.85503978779841],[29.68769230769231,40.78819628647215],[29.808205128205127,40.78819628647215],[29.916666666666664,40.763129973474804],[29.784102564102565,40.75477453580902],[29.7787744316645,40.7416050601065],[29.735897435897435,40.77148541114058],[29.59128205128205,40.78819628647215]],[[29.3708422552301,40.8370378056688],[29.368215685670844,40.841079662693005],[29.3701141398645,40.835453084652],[29.3708422552301,40.8370378056688]],[[29.3609056254955,40.8175071900361],[29.362936855960484,40.81991738120424],[29.3526822090077,40.8232036196974],[29.3609056254955,40.8175071900361]]],[[[28.844102564102563,41.105702917771886],[28.82,41.08899204244032],[28.77179487179487,41.13912466843502],[28.603076923076923,41.15583554376658],[28.554871794871794,41.18925729442971],[28.4825641025641,41.18925729442971],[28.16923076923077,41.2895225464191],[28.084871794871795,41.331299734748015],[28.084871794871795,41.35],[28.641095971236453,41.35],[28.9703442437836,41.2537221545788],[29.0792553899144,41.2525320132648],[29.111503287252905,41.22267904509284],[29.0376441470523,41.1571643672509],[29.0711809322609,41.1247805150055],[29.04897435897436,41.0973474801061],[28.844102564102563,41.105702917771886]]],[[[28.0632050316852,36.607115628274],[28.0944577402785,36.6398527244049],[28.0824536190647,36.6606071980236],[28.05633133026413,36.65533154284695],[28.0669447966904,36.6739198740292],[28.0415384185611,36.6924623014215],[28.031132561780396,36.67280244249268],[27.9641366555589,36.681148610155],[28.0548928510601,36.721005877428],[28.0937416080675,36.7275692993391],[28.1002388410065,36.7055562383613],[28.1292571369938,36.7258223401579],[28.0845712210312,36.7484219345902],[28.1125480599945,36.7742459065936],[28.1321142823067,36.7559150377888],[28.1228070339221,36.8033519629792],[28.0821969637165,36.7965028162897],[28.051563076088,36.7605253895864],[28.024615384615384,36.77758620689655],[27.92820512820513,36.74416445623342],[27.71128205128205,36.76087533156498],[27.663076923076922,36.71074270557029],[27.542564102564103,36.69403183023873],[27.47025641025641,36.66061007957559],[27.4059837336361,36.6636450359962],[27.3638049860764,36.68697562829],[27.3631445146582,36.7095751357422],[27.4039484583135,36.703383976886],[27.4239820526652,36.7448242982773],[27.4646164310762,36.7622600066555],[27.5034980754442,36.7506258937893],[27.6102569586967,36.7650043656414],[27.643977461849,36.805201323704],[27.6973114908996,36.7857293985979],[27.7727055938488,36.7892911062038],[27.8219598327445,36.8130248010268],[28.0587830750202,36.8005140872778],[28.0576685444859,36.8321919327467],[28.0031883650622,36.8355946924797],[28.0568608788576,36.8766267251272],[28.0194522536978,36.9050249687001],[28.0434162406194,36.9106860389485],[28.0215005560076,36.9246980959365],[28.1016318920764,36.9400668219021],[28.1577422495553,36.9270314970413],[28.165405492134,36.906462407677],[28.1589757537424,36.9458824299236],[28.1900880058714,36.9405175790903],[28.20392649278722,36.970772223946554],[28.24153846153846,36.961405835543765],[28.265641025641024,36.97811671087533],[28.41025641025641,36.91127320954907],[28.42230769230769,36.95305039787798],[28.47051282051282,37.00318302387268],[28.506666666666668,37.01153846153846],[28.53076923076923,36.97811671087533],[28.663333333333334,36.93633952254642],[28.59102564102564,36.86949602122016],[28.59102564102564,36.83607427055703],[28.687435897435897,36.819363395225466],[28.663333333333334,36.8026525198939],[28.663333333333334,36.752519893899205],[28.687435897435897,36.735809018567636],[28.672008856461417,36.70840221240637],[28.6188019289074,36.7044313560488],[28.6322994569322,36.7550600167554],[28.6134299728254,36.7647742416161],[28.6298758963453,36.7816656565737],[28.5603740133541,36.8304600628631],[28.5288723775007,36.8045333194644],[28.5366877049811,36.7852281904994],[28.499343747550586,36.79429708222811],[28.5009519617919,36.8168657555159],[28.4622619480526,36.8128059652256],[28.451209229468,36.8425466678338],[28.4695493948375,36.8619906553796],[28.4526952935999,36.880177226723],[28.3796624637248,36.8477087038986],[28.426408872324,36.8342761068904],[28.386153846153846,36.79429708222811],[28.3106940890696,36.8175456647106],[28.2761533134951,36.7952184355895],[28.270121810635,36.8132844494964],[28.3150037085033,36.8270835710768],[28.2633664280202,36.8495228767024],[28.2331480212142,36.8055543970776],[28.29564037255131,36.73154195929752],[28.24153846153846,36.72745358090185],[28.217435897435898,36.69403183023873],[28.1634476310374,36.6819201132307],[28.085279175479076,36.5856935871528],[28.04871794871795,36.59376657824934],[28.029394460003353,36.56365827310464],[28.0113917813494,36.5764101673788],[27.9813910134485,36.560713503054],[27.964358974358973,36.602122015915114],[28.0632050316852,36.607115628274]]],[[[28.651282051282053,40.988726790450926],[28.663333333333334,40.96366047745358],[28.6177026428765,40.9614836339534],[28.5970217200386,40.9718386859908],[28.603076923076923,40.988726790450926],[28.651282051282053,40.988726790450926]]],[[[27.831794871794873,37.028249336870026],[27.807692307692307,37.01153846153846],[27.771538461538462,37.07002652519894],[27.831794871794873,37.07838196286472],[27.904102564102566,37.061671087533156],[27.94025641025641,37.0867374005305],[27.916153846153847,37.12015915119363],[27.976410256410254,37.12851458885942],[28.04871794871795,37.061671087533156],[28.12102564102564,37.07838196286472],[28.18128205128205,37.05331564986737],[28.14788273139293,37.03015911480118],[28.1005048112177,37.0340774989753],[28.10156996963828,37.014760261696836],[27.831794871794873,37.028249336870026]]],[[[28.04871794871795,41.33965517241379],[28.03678144078144,41.35],[28.051702075702078,41.35],[28.04871794871795,41.33965517241379]]],[[[26.7960730884623,40.5567072289915],[26.8382104839005,40.5884991544959],[26.8272922191651,40.6282570798154],[26.7934877389122,40.6565765992627],[26.626666666666665,40.63779840848807],[26.59051282051282,40.746419098143235],[26.47,40.813262599469496],[26.51820512820513,40.93023872679045],[26.57846153846154,40.972015915119364],[26.626666666666665,40.972015915119364],[26.662820512820513,40.99708222811671],[26.674871794871795,41.05557029177719],[26.711025641025643,41.04721485411141],[26.723076923076924,41.005437665782495],[26.735128205128206,41.01379310344828],[26.735128205128206,41.04721485411141],[26.711025641025643,41.06392572944297],[26.723076923076924,41.072281167108756],[26.891794871794872,41.08899204244032],[26.915897435897435,41.105702917771886],[27.783589743589744,41.105702917771886],[27.855897435897436,41.072281167108756],[28.012564102564102,41.04721485411141],[27.95230769230769,40.972015915119364],[27.86431469295942,40.972015915119364],[27.783589743589744,41.022148541114056],[27.68717948717949,41.022148541114056],[27.59076923076923,40.988726790450926],[27.518461538461537,40.988726790450926],[27.45820512820513,40.91352785145889],[27.45820512820513,40.86339522546419],[27.337692307692308,40.779840848806366],[27.313589743589745,40.712997347480105],[27.277435897435897,40.70464190981433],[27.234298113480797,40.65802259292915],[27.15692307692308,40.6210875331565],[27.06051282051282,40.6210875331565],[26.989114544721534,40.554874551718726],[26.960234275251644,40.55424403183024],[26.9648673641395,40.5693482480763],[26.747179487179487,40.487400530503976],[26.6395385442238,40.4007947784486],[26.626666666666665,40.37042440318302],[26.554358974358973,40.40384615384615],[26.48205128205128,40.38713527851459],[26.433846153846154,40.40384615384615],[26.385641025641025,40.38713527851459],[26.313333333333333,40.32029177718833],[26.265128205128207,40.32029177718833],[26.25307692307692,40.295225464190985],[26.2302789643722,40.2893881090326],[26.2471844210553,40.3064805735064],[26.221058609951,40.3201126347167],[26.2640964224396,40.3454552165424],[26.5932649662668,40.4981271725242],[26.7013004392959,40.5097746444933],[26.74665172313815,40.554609943069465],[26.7960730884623,40.5567072289915]],[[26.927948717948716,40.746419098143235],[27.00025641025641,40.69628647214854],[26.976153846153846,40.679575596816974],[26.988205128205127,40.6712201591512],[27.014725457397358,40.68960732796018],[27.00495330011269,40.67043177459388],[27.024358974358975,40.69628647214854],[27.024358974358975,40.712997347480105],[26.927948717948716,40.746419098143235]],[[26.81948717948718,40.73806366047745],[26.795384615384616,40.78819628647215],[26.78333333333333,40.779840848806366],[26.795016064442216,40.72160831019399],[26.756008579452182,40.6985204922078],[26.723076923076924,40.70464190981433],[26.711025641025643,40.679575596816974],[26.732496426598786,40.66938824267245],[26.802110877425942,40.72135278514589],[26.903846153846153,40.746419098143235],[26.843589743589742,40.75477453580902],[26.81948717948718,40.73806366047745]],[[26.723076923076924,40.82161803713528],[26.749709250785948,40.81533851359503],[26.75923076923077,40.829973474801065],[26.698974358974358,40.87175066312997],[26.686923076923076,40.86339522546419],[26.723076923076924,40.82161803713528]],[[26.74061568818914,41.01607551322441],[26.741109577209816,41.012031795426125],[26.7418955311604,41.0142150007682],[26.74061568818914,41.01607551322441]],[[26.711025641025643,40.93023872679045],[26.735701151889575,40.91878382019057],[26.735128205128206,40.98037135278515],[26.711025641025643,40.98037135278515],[26.711025641025643,40.93023872679045]]],[[[27.63897435897436,37.26220159151193],[27.735384615384614,37.29562334217506],[27.843846153846155,37.28726790450928],[27.735384615384614,37.24549071618037],[27.663076923076922,37.17864721485411],[27.579258356363,37.2143015848429],[27.614871794871796,37.2789124668435],[27.63897435897436,37.26220159151193]]],[[[27.4722859346593,37.0814672098888],[27.53096685475113,37.119844358563256],[27.626923076923077,37.01989389920424],[27.59076923076923,36.994827586206895],[27.479653218543394,36.994827586206895],[27.4363486255557,37.0326106033761],[27.3963884863152,37.0286270046735],[27.3774744010113,36.9994335974369],[27.380485644073,37.026982347801],[27.34974358974359,37.028249336870026],[27.328999947994955,36.99715640618082],[27.28948717948718,36.98647214854111],[27.30258795911584,36.96213347693087],[27.266125611381,36.9636518817665],[27.2263833902047,37.0578443444916],[27.2388012009756,37.0825115486719],[27.2916683164217,37.1061687700277],[27.2866395524613,37.1204531897851],[27.25376080374,37.1141524386865],[27.2661689328464,37.1354117823107],[27.3148328804553,37.1167680090641],[27.3251819932884,37.1567165234228],[27.343016512485,37.1312826003225],[27.3625601240168,37.1557908720379],[27.3871041413833,37.1453439350645],[27.384667349712,37.1222748874677],[27.434102564102563,37.12015915119363],[27.4722859346593,37.0814672098888]]],[[[27.554615384615385,37.187002652519894],[27.5442170794421,37.1517881802816],[27.5272670071774,37.1929492473144],[27.5696324434591,37.2111167375998],[27.59076923076923,37.19535809018568],[27.554615384615385,37.187002652519894]]],[[[27.5823082169864,37.2719032789911],[27.58109191137438,37.272202953396594],[27.583948311539878,37.274183362902384],[27.5823082169864,37.2719032789911]]],[[[27.46984002836698,37.2789124668435],[27.518461538461537,37.2789124668435],[27.547980902283417,37.24924631099677],[27.5049300101635,37.2300195445766],[27.521868933981,37.2740271563312],[27.47025641025641,37.26220159151193],[27.46984002836698,37.2789124668435]]],[[[27.15692307692308,40.2868700265252],[26.990803117323605,40.38533403147353],[27.0369941984372,40.3917874983729],[27.0926174525783,40.44263562638],[27.2026362693107,40.4338091173056],[27.2794067980683,40.4736428714097],[27.313589743589745,40.44316385333653],[27.313589743589745,40.37877984084881],[27.499081079267818,40.30685484840031],[27.47025641025641,40.2868700265252],[27.15692307692308,40.2868700265252]]],[[[26.7965676805046,40.7191645677631],[26.79772760691536,40.72135278514589],[26.802106905933982,40.72135278514589],[26.7965676805046,40.7191645677631]]],[[[26.434571273877,38.2197859192236],[26.419760473008786,38.20495555115485],[26.3941087675634,38.2212078712084],[26.3931206022133,38.2579978350935],[26.36553059612891,38.22866451981242],[26.32589490305173,38.2314323607427],[26.2833827029156,38.2660124425616],[26.233572045809,38.2662934366817],[26.233009539031,38.2919060446401],[26.2727394620432,38.2907746110706],[26.2824448314599,38.3241685091472],[26.2986562934955,38.3239719816941],[26.2828473411291,38.3740697698605],[26.3023713117195,38.3560273671109],[26.3157881066609,38.375703965688],[26.322649162835148,38.35486737205428],[26.30128205128205,38.34005305039788],[26.313333333333333,38.33169761273209],[26.3757992198638,38.3086783772263],[26.384902986236057,38.332209312833115],[26.421794871794873,38.30663129973475],[26.433846153846154,38.2314323607427],[26.506153846153847,38.26485411140583],[26.63871794871795,38.223076923076924],[26.614615384615384,38.138766925037764],[26.6025033434243,38.1464369228061],[26.61136621026223,38.12055894198721],[26.590155204152367,38.10585285191104],[26.5703489545055,38.1430256709688],[26.5554878836045,38.1177150883074],[26.521648142107,38.1423038438497],[26.5159324540382,38.1864986285015],[26.5031947143254,38.1763255044654],[26.434571273877,38.2197859192236]]],[[[26.24102564102564,39.63514588859417],[26.265128205128207,39.6184350132626],[26.361538461538462,39.6184350132626],[26.506153846153847,39.65185676392573],[26.554358974358973,39.65185676392573],[26.59051282051282,39.62679045092838],[26.59051282051282,39.610079575596814],[26.506153846153847,39.55159151193634],[26.36166433620345,39.484835282479786],[26.24102564102564,39.484748010610076],[26.126815532857513,39.45569607885064],[26.0774940263521,39.4694164336931],[26.0636010685212,39.4799603557901],[26.1055309425729,39.5863783920471],[26.24102564102564,39.63514588859417]]],[[[26.51820512820513,38.607427055702914],[26.563039102212887,38.59305348097041],[26.566410256410258,38.57400530503979],[26.433846153846154,38.532228116710876],[26.3746152273476,38.54893899204244],[26.3537979269619,38.6386300629401],[26.3640399109889,38.6610694935842],[26.4175983741286,38.6800773563607],[26.457948717948717,38.6659151193634],[26.51820512820513,38.607427055702914]]],[[[26.421794871794873,40.62944297082228],[26.457948717948717,40.65450928381963],[26.53025641025641,40.63779840848807],[26.54230769230769,40.60161792685295],[26.421794871794873,40.62944297082228]]],[[[26.385641025641025,40.63779840848807],[26.421794871794873,40.61273209549071],[26.277179487179488,40.59602122015915],[26.28923076923077,40.6210875331565],[26.385641025641025,40.63779840848807]]]]}},{"type":"Feature","id":"karadeniz-cl","properties":{"id":"karadeniz-cl","name":"Karadeniz İklimi","source":"MEB","source_url":"https://ogmmateryal.eba.gov.tr/panel/upload/images/yaitv3gvmoj.png","source_rgb":[115,149,87]},"geometry":{"type":"MultiPolygon","coordinates":[[[[31.3025641025641,40.9051724137931],[31.0374358974359,40.80490716180371],[30.965128205128202,40.80490716180371],[30.94102564102564,40.78819628647215],[30.844615384615384,40.78819628647215],[30.832564102564103,40.796551724137935],[30.856666666666666,40.813262599469496],[30.844615384615384,40.82161803713528],[30.77230769230769,40.77148541114058],[30.57948717948718,40.75477453580902],[30.483076923076922,40.72135278514589],[30.266153846153845,40.72135278514589],[30.254102564102563,40.779840848806366],[30.217948717948715,40.80490716180371],[30.205897435897434,40.779840848806366],[30.23,40.763129973474804],[30.217948717948715,40.73806366047745],[30.097435897435897,40.78819628647215],[29.83230769230769,40.77148541114058],[29.808205128205127,40.78819628647215],[29.68769230769231,40.78819628647215],[29.567179487179487,40.82161803713528],[29.39846153846154,40.83832891246684],[29.35025641025641,40.87175066312997],[29.326153846153847,40.85503978779841],[29.227364117397673,40.87175066312997],[29.0231349113979,40.9800229358658],[29.0077904277462,41.0235128863139],[29.085128205128203,41.08899204244032],[29.10923076923077,41.072281167108756],[29.277948717948718,41.072281167108756],[29.470769230769232,41.022148541114056],[29.663589743589743,41.022148541114056],[29.675641025641024,41.01379310344828],[29.663589743589743,40.988726790450926],[29.615384615384613,40.988726790450926],[29.582578829466726,41.020321777683044],[29.599443897852083,40.99977886533592],[29.57923076923077,40.99708222811671],[29.615384615384613,40.972015915119364],[29.663589743589743,40.972015915119364],[29.711794871794872,41.022148541114056],[29.8170202000478,41.0066823497749],[29.86846153846154,41.03050397877984],[29.88051282051282,41.072281167108756],[29.873787921456728,41.04007622214973],[29.890369006737167,41.072281167108756],[29.976923076923075,41.072281167108756],[30.097435897435897,41.005437665782495],[30.278205128205126,40.99708222811671],[30.23,40.98037135278515],[30.254102564102563,40.96366047745358],[30.254102564102563,40.93023872679045],[30.23,40.91352785145889],[30.252886840358936,40.880641036448274],[30.29025641025641,40.988726790450926],[30.386666666666667,40.988726790450926],[30.45897435897436,40.9553050397878],[30.724102564102562,40.9553050397878],[30.868717948717947,40.988726790450926],[30.916923076923077,41.022148541114056],[30.928974358974358,40.99708222811671],[30.784358974358973,40.89681697612732],[30.796410256410255,40.87175066312997],[30.868717948717947,40.87175066312997],[30.880769230769232,40.88010610079576],[30.868717948717947,40.88846153846154],[30.808461538461536,40.89681697612732],[30.95307692307692,40.99708222811671],[30.95307692307692,41.01379310344828],[31.010160986142022,41.0462845728613],[30.977179487179487,41.07404967871447],[31.2780506343556,41.1111034187406],[31.27846153846154,41.08899204244032],[31.347144901901395,41.08873638003467],[31.2793362249633,41.1114783185943],[31.3378184707197,41.134980701974],[31.4092110213078,41.2112899552017],[31.4034096887481,41.2554408555906],[31.42115443129,41.2716077184725],[31.3938127226575,41.2917606687535],[31.3985508113318,41.3145513398221],[31.6135335250525,41.3795443821879],[31.7572780245664,41.4549068953662],[31.7859871176626,41.4533040993362],[31.8458565963072,41.4996351647755],[32.0533689198902,41.581867282505],[32.0874429605139,41.5884996237966],[32.12443676972619,41.56258536045995],[32.0908519922063,41.5865017926817],[32.2425641025641,41.6738726790451],[32.31487179487179,41.6738726790451],[32.459487179487176,41.72400530503979],[32.53179487179487,41.72400530503979],[32.72461538461538,41.79084880636605],[32.77282051282051,41.77413793103448],[32.7966405844591,41.7822295790841],[32.76076923076923,41.799204244031834],[32.845128205128205,41.84098143236074],[32.917435897435894,41.82427055702918],[33.35128205128205,41.82427055702918],[33.37538461538462,41.80755968169761],[33.49589743589743,41.82427055702918],[33.519999999999996,41.80755968169761],[33.68871794871795,41.80755968169761],[33.712820512820514,41.79084880636605],[33.97794871794872,41.80755968169761],[34.05025641025641,41.77413793103448],[34.21897435897436,41.79084880636605],[34.23102564102564,41.782493368700266],[34.206923076923076,41.765782493368704],[34.24307692307692,41.74071618037135],[34.315384615384616,41.74071618037135],[34.3274358974359,41.749071618037135],[34.26717948717948,41.75742705570292],[34.23102564102564,41.799204244031834],[34.279230769230765,41.815915119363396],[34.279230769230765,41.832625994694965],[34.41179487179487,41.94124668435013],[34.43589743589743,41.94124668435013],[34.50820512820513,41.87440318302387],[34.568461538461534,41.84933687002653],[34.54435897435897,41.815915119363396],[34.568461538461534,41.749071618037135],[34.61666666666667,41.715649867374005],[34.66487179487179,41.63209549071618],[34.77333333333333,41.573607427055705],[34.86974358974359,41.540185676392575],[35.11076923076923,41.540185676392575],[35.255384615384614,41.607029177718836],[35.30358974358974,41.59031830238727],[35.35496848705366,41.6237400530504],[35.3146090055909,41.5892541722129],[35.35743911275496,41.6237400530504],[35.448205128205124,41.6237400530504],[35.50846153846154,41.58196286472149],[35.5325641025641,41.41485411140584],[35.83384615384615,41.20596816976128],[35.88205128205128,41.20596816976128],[36.05076923076923,41.32294429708223],[36.19538461538461,41.32294429708223],[36.243589743589745,41.2895225464191],[36.31589743589743,41.2895225464191],[36.508717948717944,41.13912466843502],[36.53282051282051,41.15583554376658],[36.6774358974359,41.13912466843502],[36.93051282051282,41.06392572944297],[36.95461538461538,41.01379310344828],[36.81,40.93023872679045],[36.82205128205128,40.92188328912467],[36.93051282051282,40.94694960212202],[36.906410256410254,40.96366047745358],[36.97871794871794,41.02514886023629],[36.98476128462326,41.01327979851681],[36.9648851166573,41.0523164279597],[36.974503537240516,41.033425929510706],[36.95461538461538,41.04721485411141],[37.026923076923076,41.0973474801061],[37.06307692307692,41.15583554376658],[37.111282051282046,41.15583554376658],[37.1474358974359,41.13076923076923],[37.099230769230765,41.0973474801061],[37.111282051282046,41.08899204244032],[37.15948717948718,41.12241379310345],[37.18358974358974,41.12241379310345],[37.207692307692305,41.08899204244032],[37.32820512820513,41.022148541114056],[37.76205128205128,41.005437665782495],[37.786153846153844,40.988726790450926],[37.87412269943947,40.999585042192784],[37.8811359907286,40.9860082461404],[38.10588942693745,40.959743868724345],[37.99102564102564,40.89681697612732],[38.02717948717949,40.9051724137931],[38.0395317111611,40.89660832599954],[38.02405117335778,40.88606648287201],[38.11438381919595,40.92946191922182],[38.12251080509221,40.95455698631739],[38.28444725739743,40.94404398910054],[38.3609508932639,40.9089742600739],[38.5327778765169,40.918166472691],[38.624968068856,40.9727489854347],[38.7110758731179,40.9497597852219],[38.8157107890926,41.0100364271553],[38.8710073827896,41.0100104442575],[38.9333542619339,41.0427372215554],[39.0134312801221,41.0315531930408],[39.14358762138671,41.06694938039755],[39.167871506040285,41.05739551918614],[39.1732967879415,41.0741775639632],[39.282823513045,41.0502850868164],[39.417375707502714,41.105702917771886],[39.487239535094,41.0911038382627],[39.56974358974359,41.022148541114056],[39.6451551566081,40.9962669326758],[39.7205225564559,41.0129789784736],[39.8766332302609,40.9540382386149],[40.0409191833021,40.9577492183978],[40.0810513423009,40.9225706925087],[40.1788883336046,40.914046346039],[40.2285944248991,40.9270653960107],[40.3813701912114,41.0241919137503],[40.4993992558689,41.0408905014883],[40.5460843868496,41.028526733751],[40.7108049789723,41.0836371163465],[40.8023874534698,41.1610024946942],[40.8778023584107,41.1823609708642],[40.930401877204,41.1764407617003],[41.0558594081279,41.2148309580501],[41.12435897435897,41.25684972920953],[41.12435897435897,41.23103448275862],[41.076153846153844,41.19761273209549],[41.05205128205128,41.147480106100794],[40.97974358974359,41.11405835543766],[40.88333333333333,41.01379310344828],[40.48564102564102,40.77148541114058],[40.46153846153846,40.77148541114058],[40.425384615384615,40.813262599469496],[40.47358974358974,40.86339522546419],[40.40128205128205,40.96366047745358],[40.34102564102564,40.988726790450926],[40.32897435897436,40.98037135278515],[40.37717948717949,40.96366047745358],[40.44948717948718,40.86339522546419],[40.4374358974359,40.83832891246684],[40.40128205128205,40.829973474801065],[40.44948717948718,40.763129973474804],[40.220512820512816,40.68793103448276],[39.907179487179484,40.6712201591512],[39.88307692307692,40.65450928381963],[39.834871794871795,40.68793103448276],[39.617948717948714,40.68793103448276],[39.59384615384615,40.6712201591512],[39.352820512820514,40.6712201591512],[39.328717948717944,40.65450928381963],[39.18410256410256,40.65450928381963],[39.16,40.63779840848807],[39.135897435897434,40.6712201591512],[38.87076923076923,40.6712201591512],[38.858717948717945,40.679575596816974],[38.90692307692308,40.69628647214854],[38.846666666666664,40.70464190981433],[38.8225641025641,40.6712201591512],[38.43692307692308,40.63779840848807],[38.31641025641026,40.604376657824936],[38.29230769230769,40.6210875331565],[38.195897435897436,40.6210875331565],[38.17179487179487,40.604376657824936],[37.978974358974355,40.604376657824936],[37.95487179487179,40.58766578249337],[37.35230769230769,40.604376657824936],[37.28,40.6210875331565],[37.231794871794875,40.6712201591512],[37.207692307692305,40.63779840848807],[36.6774358974359,40.6210875331565],[36.147179487179486,40.45397877984085],[36.11553747275963,40.45920605830735],[36.13629896417871,40.47181554077267],[36.11102564102564,40.46233421750663],[36.135128205128204,40.4790450928382],[36.12307692307692,40.487400530503976],[36.06282051282051,40.46233421750663],[36.08692307692307,40.44562334217507],[36.0748717948718,40.437267904509284],[36.0025641025641,40.437267904509284],[35.97846153846154,40.42055702917772],[35.857948717948716,40.42055702917772],[35.82179487179487,40.44562334217507],[35.84239986172072,40.45263253604432],[35.823120469749945,40.446542410456466],[35.845897435897434,40.46233421750663],[35.83384615384615,40.470689655172414],[35.737435897435894,40.437267904509284],[35.59282051282051,40.470689655172414],[35.472307692307695,40.470689655172414],[35.460256410256406,40.4790450928382],[35.484358974358976,40.51246684350133],[35.472307692307695,40.520822281167106],[35.448205128205124,40.504111405835545],[35.255384615384614,40.504111405835545],[35.183076923076925,40.537533156498675],[35.086666666666666,40.537533156498675],[34.99025641025641,40.570954907161806],[34.966153846153844,40.520822281167106],[34.94205128205128,40.570954907161806],[34.86974358974359,40.570954907161806],[34.65282051282051,40.6712201591512],[34.484102564102564,40.70464190981433],[34.423846153846156,40.763129973474804],[34.37564102564102,40.779840848806366],[34.35153846153846,40.84668435013263],[34.2551282051282,40.91352785145889],[34.2551282051282,40.98037135278515],[34.23102564102564,40.98037135278515],[34.21897435897436,40.92188328912467],[34.11051282051282,40.98037135278515],[34.06230769230769,41.03050397877984],[34.03820512820513,41.11405835543766],[33.96589743589743,41.19761273209549],[33.905641025641025,41.2393899204244],[33.88153846153846,41.20596816976128],[33.86948717948718,41.264456233421754],[33.76102564102564,41.32294429708223],[33.56820512820513,41.37307692307692],[33.35128205128205,41.37307692307692],[33.15846153846154,41.32294429708223],[33.11025641025641,41.32294429708223],[33.08615384615385,41.35636604774536],[33.05,41.331299734748015],[33.06205128205128,41.32294429708223],[33.08615384615385,41.32294429708223],[33.09820512820513,41.314588859416446],[33.08615384615385,41.30623342175066],[32.98974358974359,41.27281167108753],[32.956983453527215,41.278814169728435],[32.987339190962615,41.286800861561645],[32.953589743589745,41.281167108753316],[32.97769230769231,41.297877984084884],[32.941538461538464,41.30623342175066],[32.90538461538461,41.281167108753316],[32.89333333333333,41.2393899204244],[32.72461538461538,41.22267904509284],[32.70051282051282,41.20596816976128],[32.38717948717949,41.18925729442971],[32.17025641025641,41.12241379310345],[32.09794871794872,41.12241379310345],[31.88102564102564,41.022148541114056],[31.80871794871795,41.022148541114056],[31.796666666666667,41.01379310344828],[31.82076923076923,40.99708222811671],[31.80871794871795,40.988726790450926],[31.71230769230769,40.9553050397878],[31.676518833400312,40.9634074231998],[31.748151563158043,40.98743110361739],[31.67651342649003,40.96341117193803],[31.603846153846153,40.96366047745358],[31.652337329297968,40.9553050397878],[31.3025641025641,40.9051724137931]],[[40.3503560719736,40.9667648702577],[40.374808570851954,40.96417620754792],[40.34950202165545,40.96750020239508],[40.3503560719736,40.9667648702577]],[[39.84839679342398,40.71603897166582],[39.85130580838258,40.70975342136854],[39.8514886692802,40.7141512258835],[39.84839679342398,40.71603897166582]],[[39.78666666666666,40.73806366047745],[39.75051282051282,40.712997347480105],[39.78666666666666,40.70464190981433],[39.810769230769225,40.72135278514589],[39.834871794871795,40.70464190981433],[39.846923076923076,40.712997347480105],[39.834871794871795,40.73806366047745],[39.78666666666666,40.73806366047745]],[[39.27443254780068,40.72472275211131],[39.2766426262203,40.7222731197369],[39.295678314932,40.7148492012732],[39.27443254780068,40.72472275211131]],[[39.127786748584086,40.82724136766434],[39.13252891029608,40.846046494145476],[39.12384615384615,40.829973474801065],[39.12384615384615,40.84668435013263],[39.147948717948715,40.86339522546419],[39.13442362799343,40.92127472969367],[39.09974358974359,40.829973474801065],[39.02743589743589,40.813262599469496],[39.18967461704891,40.79705289790356],[39.15819112105959,40.80490716180371],[39.19615384615385,40.813262599469496],[39.127786748584086,40.82724136766434]],[[39.1535769061228,41.015232352801],[39.153627444683096,41.01711912726297],[39.148791428190975,41.011124065670025],[39.1535769061228,41.015232352801]],[[39.147948717948715,40.96366047745358],[39.135897435897434,41.038859416445625],[39.12384615384615,40.96366047745358],[39.09974358974359,40.93023872679045],[39.12384615384615,40.93023872679045],[39.147948717948715,40.96366047745358]],[[39.132556671321595,40.846116608528924],[39.136901185599804,40.851115775419615],[39.1333038986411,40.8480038364619],[39.132556671321595,40.846116608528924]],[[39.13395739837013,40.92962631988499],[39.13436478910905,40.934323295033614],[39.1337797900418,40.932807825089],[39.13395739837013,40.92962631988499]],[[39.056631106056884,40.80008802273944],[39.1094587128198,40.7995230221283],[39.0568614005836,40.8003790229799],[39.056631106056884,40.80008802273944]],[[39.00411866947665,40.76017618128274],[39.0056190358581,40.7600239702274],[39.0375038135144,40.7759187695288],[39.00411866947665,40.76017618128274]],[[39.01538461538461,40.78819628647215],[38.97923076923077,40.763129973474804],[38.99128205128205,40.75477453580902],[39.02743589743589,40.779840848806366],[39.01538461538461,40.78819628647215]],[[38.94307692307692,40.78819628647215],[38.90692307692308,40.763129973474804],[38.91897435897436,40.75477453580902],[38.966215162649,40.764021463906],[38.927232203784136,40.760499894096064],[38.955128205128204,40.779840848806366],[38.94307692307692,40.78819628647215]],[[38.069352864015265,40.89810149909257],[38.0818258438723,40.9037770351269],[38.0883931561044,40.9141514849941],[38.069352864015265,40.89810149909257]],[[38.00307692307692,40.65450928381963],[37.966923076923074,40.646153846153844],[38.03053524185304,40.61339335888331],[38.019747993226396,40.6210875331565],[38.03923076923077,40.62944297082228],[38.00307692307692,40.65450928381963]],[[38.0137732607949,40.8428628346212],[38.013564668180315,40.84124276582227],[38.0214827135747,40.8499060390059],[38.0137732607949,40.8428628346212]],[[38.0163430780148,40.7662441912504],[38.00921760577182,40.76072195088033],[38.0119648698946,40.7610093775254],[38.0163430780148,40.7662441912504]],[[37.93076923076923,40.73806366047745],[37.91871794871795,40.729708222811674],[37.91871794871795,40.712997347480105],[37.9824595543764,40.683819664032],[37.99102564102564,40.69628647214854],[37.93076923076923,40.73806366047745]],[[37.148583072786735,41.1127000911147],[37.12125641813487,41.093287653153276],[37.1240656667133,41.0921336857],[37.148583072786735,41.1127000911147]],[[37.111282051282046,40.73806366047745],[37.099230769230765,40.729708222811674],[37.1464887814613,40.6987653788275],[37.111282051282046,40.73806366047745]],[[36.9553953371172,40.9871930896976],[36.9846610221884,41.0077653401375],[36.984680336247116,41.008827618079124],[36.9553953371172,40.9871930896976]],[[36.9405226405319,40.7217985612749],[36.9023560866664,40.7210371336919],[36.9002669469354,40.720105564799496],[36.9405226405319,40.7217985612749]],[[36.9405226405319,40.7217985612749],[36.9587017220061,40.6838223639535],[36.96004839246249,40.68392221728958],[36.9405226405319,40.7217985612749]],[[36.93016713405451,40.97852493795837],[36.9295141193514,40.9783005688061],[36.9147983239386,40.960250078735],[36.93016713405451,40.97852493795837]],[[36.8213592348535,40.7418812113581],[36.8404901016086,40.7440703160242],[36.841714147670494,40.74513115585551],[36.8213592348535,40.7418812113581]],[[36.76179487179487,40.829973474801065],[36.81349264719575,40.797463448182704],[36.81,40.813262599469496],[36.76179487179487,40.829973474801065]],[[36.629230769230766,40.9051724137931],[36.69862503448551,40.86424749939675],[36.68948717948718,40.89681697612732],[36.737692307692306,40.91352785145889],[36.55692307692308,40.92188328912467],[36.48461538461538,40.88846153846154],[36.436410256410255,40.9051724137931],[36.41230769230769,40.88846153846154],[36.40025641025641,40.89681697612732],[36.40025641025641,40.93023872679045],[36.29179487179487,41.005437665782495],[36.27974358974359,40.99708222811671],[36.30384615384615,40.96366047745358],[36.37615384615384,40.93023872679045],[36.37615384615384,40.88010610079576],[36.4275465788947,40.860731075969],[36.414521923010064,40.85126438117077],[36.629230769230766,40.9051724137931]],[[36.50681164124156,40.76443868370961],[36.473125683246934,40.75728082897039],[36.4746514980135,40.7571989566575],[36.50681164124156,40.76443868370961]],[[36.5038848915713,40.7755212818733],[36.50178061633924,40.776251041095556],[36.505350496685914,40.76997153748725],[36.5038848915713,40.7755212818733]],[[36.41230769230769,40.83832891246684],[36.40025641025641,40.829973474801065],[36.41230769230769,40.80490716180371],[36.4725641025641,40.779840848806366],[36.44846153846154,40.763129973474804],[36.46051282051282,40.75477453580902],[36.49666666666666,40.779840848806366],[36.41230769230769,40.83832891246684]],[[36.4097319839161,40.8947570752113],[36.40689598219093,40.899891808251574],[36.4095694771095,40.894442776322975],[36.4097319839161,40.8947570752113]],[[36.28901802630256,40.585740530116084],[36.3664951455225,40.5990406350627],[36.3801056620131,40.6189329289701],[36.37615384615384,40.62944297082228],[36.26769230769231,40.604376657824936],[36.255641025641026,40.54588859416446],[36.23153846153846,40.52917771883289],[36.26769230769231,40.520822281167106],[36.27974358974359,40.542190542829644],[36.2853965495996,40.52895324349502],[36.28901802630256,40.585740530116084]],[[36.2510437693551,40.5182555944676],[36.25086470012382,40.51803477258551],[36.2725518149195,40.5136641534939],[36.2510437693551,40.5182555944676]],[[36.18976325276641,40.95993747490042],[36.18818343179064,40.953960157748924],[36.1904777339869,40.9594051967205],[36.18976325276641,40.95993747490042]],[[36.170911066222956,40.91296786658483],[36.1426047697207,40.8618934623848],[36.1618324350332,40.8914216636838],[36.170911066222956,40.91296786658483]],[[36.15923076923077,40.89681697612732],[36.147179487179486,40.92188328912467],[36.11102564102564,40.86339522546419],[36.038717948717945,40.84668435013263],[36.05076923076923,40.82161803713528],[36.0748717948718,40.83832891246684],[36.09897435897436,40.83832891246684],[36.15923076923077,40.89681697612732]],[[36.11396936769702,40.84048641477156],[36.07882986692844,40.83173682012192],[36.112291766083,40.839232285439],[36.11396936769702,40.84048641477156]],[[35.90615384615384,40.88846153846154],[35.845897435897434,40.88010610079576],[35.857948717948716,40.87175066312997],[35.912365776877095,40.867443785262424],[35.954358974358975,40.83832891246684],[36.024712531428406,40.8403128981815],[35.90615384615384,40.88846153846154]],[[36.0121445694047,40.4959985937673],[35.9846113257075,40.5043835887288],[35.981982296284826,40.50280588995722],[36.0121445694047,40.4959985937673]],[[35.87,40.49575596816976],[35.90615384615384,40.470689655172414],[35.94230769230769,40.4790450928382],[35.87,40.49575596816976]],[[35.749487179487176,40.88010610079576],[35.8221109722335,40.8644440710134],[35.78944126853098,40.87175066312997],[35.82179487179487,40.88010610079576],[35.80974358974359,40.88846153846154],[35.749487179487176,40.88010610079576]],[[35.63104826150688,40.91208996599063],[35.61692307692307,40.9553050397878],[35.556666666666665,40.94694960212202],[35.697127970104596,40.865263732646866],[35.67717948717949,40.89681697612732],[35.63104826150688,40.91208996599063]],[[35.54396308131011,40.92997830965786],[35.5368431312583,40.930480546754765],[35.543241147297,40.9296807949227],[35.54396308131011,40.92997830965786]],[[35.472307692307695,40.58766578249337],[35.448205128205124,40.6210875331565],[35.43615384615384,40.61273209549071],[35.43615384615384,40.57931034482759],[35.49641025641026,40.570954907161806],[35.5225873404046,40.5353341341177],[35.5325641025641,40.57931034482759],[35.472307692307695,40.58766578249337]],[[35.375897435897436,41.022148541114056],[35.3276923076923,41.05557029177719],[35.31564102564103,41.04721485411141],[35.35179487179487,41.005437665782495],[35.42410256410256,41.022148541114056],[35.437360494098506,41.01295650601049],[35.421412673076496,41.007885916881605],[35.46802274347273,41.01133731392307],[35.43615384615384,41.03050397877984],[35.375897435897436,41.022148541114056]],[[35.4445921453284,41.3310130051087],[35.4506851951565,41.3890204351206],[35.44358634939807,41.33124794278237],[35.4445921453284,41.3310130051087]],[[35.363846153846154,41.49840848806366],[35.34374952066429,41.54893036899697],[35.33974358974359,41.49840848806366],[35.42410256410256,41.42320954907162],[35.43615384615384,41.46498673740053],[35.363846153846154,41.49840848806366]],[[35.40088142105633,41.00215733068882],[35.3669352231815,41.0052180537829],[35.399896936588,41.0018826419301],[35.40088142105633,41.00215733068882]],[[35.31564102564103,41.34801061007958],[35.31564102564103,41.331299734748015],[35.37411659213251,41.304998720827804],[35.29153846153846,41.23103448275862],[35.3890071219364,41.2643134200206],[35.38794871794872,41.297877984084884],[35.35260946766699,41.32350907558491],[35.383885080254075,41.34519319436319],[35.31564102564103,41.34801061007958]],[[35.3430808045516,40.6419339853496],[35.34676701292304,40.64188132527544],[35.34167059510288,40.6435611501889],[35.3430808045516,40.6419339853496]],[[35.3276923076923,40.70464190981433],[35.24333333333333,40.69628647214854],[35.31564102564103,40.679575596816974],[35.3276923076923,40.63779840848807],[35.33974358974359,40.679575596816974],[35.3276923076923,40.70464190981433]],[[35.3178839372037,41.2293732200482],[35.3181293715299,41.22958878035857],[35.31677542071454,41.22976468431655],[35.3178839372037,41.2293732200482]],[[35.20717948717949,41.2895225464191],[35.171025641025636,41.281167108753316],[35.23880441219253,41.25729956007328],[35.20717948717949,41.2895225464191]],[[35.224352179630074,40.71662612883514],[35.2219700012895,40.7181503575501],[35.172655102498084,40.69931227430794],[35.224352179630074,40.71662612883514]],[[35.21923076923077,40.729708222811674],[35.183076923076925,40.73806366047745],[35.13487179487179,40.70464190981433],[35.05051282051282,40.69628647214854],[35.13487179487179,40.68793103448276],[35.21923076923077,40.729708222811674]],[[35.11076923076923,41.072281167108756],[35.2093737182686,41.030582974156],[35.178273235026865,41.05557029177719],[35.21923076923077,41.04721485411141],[35.15897435897436,41.08899204244032],[34.966153846153844,41.08899204244032],[34.93562306152881,41.110159754451075],[34.95414004412972,41.12786777736504],[34.93,41.11405835543766],[34.95410256410256,41.13076923076923],[34.94205128205128,41.13912466843502],[34.90589743589743,41.11405835543766],[34.90589743589743,41.0973474801061],[34.966153846153844,41.072281167108756],[35.074615384615385,41.06392572944297],[35.0625641025641,41.038859416445625],[35.02641025641026,41.03050397877984],[35.03846153846153,41.005437665782495],[35.11076923076923,41.072281167108756]],[[35.08709680021207,41.032321152941876],[35.0948746688342,41.0398109522531],[35.09456432379354,41.0420750806436],[35.08709680021207,41.032321152941876]],[[35.0625641025641,40.9553050397878],[35.02641025641026,40.91352785145889],[35.0539027203775,40.8991668023879],[35.074615384615385,40.91352785145889],[35.0625641025641,40.9553050397878]],[[35.002307692307696,41.36472148541114],[35.03846153846153,41.33965517241379],[35.074615384615385,41.34801061007958],[35.002307692307696,41.36472148541114]],[[35.0199954027675,40.7368487749671],[35.022216720295816,40.73422787873269],[35.01791131098426,40.7406554094108],[35.0199954027675,40.7368487749671]],[[35.0119121582663,40.850353806432175],[35.0127796403658,40.8528248700907],[35.0117386713727,40.8690904156158],[35.0119121582663,40.850353806432175]],[[34.992512627543,40.7870466019627],[34.99358779897426,40.785082780294175],[34.99435193311603,40.79287106989855],[34.992512627543,40.7870466019627]],[[34.9833368873838,41.2637226544321],[34.98170136771471,41.26595653464933],[34.978336774892135,41.2501646578426],[34.9833368873838,41.2637226544321]],[[34.9782537735838,41.2706654430603],[34.97553101177766,41.27003106274724],[34.97976492700522,41.26860142891415],[34.9782537735838,41.2706654430603]],[[34.9704431361161,41.2287607538739],[34.9712720926939,41.231008501394264],[34.96781850057248,41.23020766837774],[34.9704431361161,41.2287607538739]],[[34.9628208855564,41.1767887797509],[34.96078037224633,41.178229142071174],[34.96236764129789,41.17423451543917],[34.9628208855564,41.1767887797509]],[[34.90589743589743,41.331299734748015],[34.90589743589743,41.314588859416446],[34.9440076522802,41.2993026349213],[34.95410256410256,41.314588859416446],[34.90589743589743,41.331299734748015]],[[34.893846153846155,41.2393899204244],[34.927546620467,41.2239255972753],[34.90589743589743,41.247745358090185],[34.93,41.264456233421754],[34.86974358974359,41.27281167108753],[34.857692307692304,41.247745358090185],[34.802210556929936,41.22267904509284],[34.70102564102564,41.27281167108753],[34.676923076923075,41.30623342175066],[34.64076923076923,41.297877984084884],[34.797435897435896,41.20596816976128],[34.893846153846155,41.2393899204244]],[[34.867271466467734,41.21710060614527],[34.86550189955198,41.214913965115024],[34.866040674228,41.215068294119],[34.867271466467734,41.21710060614527]],[[34.6237118807654,41.2915448703243],[34.594790066155724,41.28501413825268],[34.5983214156879,41.2832965558909],[34.6237118807654,41.2915448703243]],[[34.55641025641025,41.2895225464191],[34.61666666666667,41.297877984084884],[34.55641025641025,41.30623342175066],[34.50820512820513,41.33965517241379],[34.46,41.33965517241379],[34.44794871794872,41.34801061007958],[34.44794871794872,41.36472148541114],[34.43589743589743,41.37307692307692],[34.423846153846156,41.36472148541114],[34.43589743589743,41.32294429708223],[34.55641025641025,41.2895225464191]],[[34.60421496898175,41.67080748339262],[34.6042939457974,41.6784682256425],[34.59653207623863,41.68734176947542],[34.60421496898175,41.67080748339262]],[[34.5925641025641,41.61538461538461],[34.58051282051282,41.6237400530504],[34.54435897435897,41.58196286472149],[34.56793240463103,41.570000194513284],[34.5925641025641,41.61538461538461]],[[34.4500982940527,41.3517373536442],[34.45024119833055,41.35101114252711],[34.4666039054189,41.3950645832805],[34.4500982940527,41.3517373536442]],[[34.4246521427029,41.4947095719303],[34.42511908609944,41.49415428788217],[34.4456662311906,41.516105734688],[34.4246521427029,41.4947095719303]],[[34.3201768075116,41.2538335821471],[34.33801814258156,41.28505591798553],[34.3274358974359,41.281167108753316],[34.33948717948718,41.2895225464191],[34.37564102564102,41.297877984084884],[34.315384615384616,41.30623342175066],[34.279230769230765,41.247745358090185],[34.18282051282051,41.19761273209549],[34.236872219968284,41.18925729442971],[34.218868074126526,41.182229412705425],[34.2804227455418,41.2045429813108],[34.3201768075116,41.2538335821471]],[[34.32588687936368,41.014337238829434],[34.3080743968321,40.9957864160843],[34.3259153636572,41.0138245208542],[34.32588687936368,41.014337238829434]],[[34.3101443435745,41.0526606595795],[34.32563966097928,41.01878717575284],[34.3252253824246,41.0262441997987],[34.3101443435745,41.0526606595795]],[[34.281842306564,41.8284833469279],[34.2870003096438,41.8135251365779],[34.28299111009003,41.83024772103961],[34.281842306564,41.8284833469279]],[[34.2601699218523,40.9666100278377],[34.25925402844067,40.941880921735056],[34.260268490101,40.9434463410342],[34.2601699218523,40.9666100278377]],[[34.23072717148022,41.14430376583388],[34.2243031704554,41.1155722468898],[34.2313262034493,41.1424815506375],[34.23072717148022,41.14430376583388]],[[33.1563659937095,41.4298241947101],[33.155283624850085,41.430251667226614],[33.15623028707719,41.42883167372998],[33.1563659937095,41.4298241947101]],[[33.1419663652098,41.3815261183007],[33.1518474689834,41.3967769477655],[33.14093640244132,41.3814089726145],[33.1419663652098,41.3815261183007]],[[33.07410256410256,41.51511936339523],[33.07410256410256,41.56525198938992],[33.037948717948716,41.59031830238727],[33.00179487179487,41.58196286472149],[33.05,41.54854111405836],[33.05,41.49840848806366],[33.07410256410256,41.46498673740053],[33.109068322175204,41.450921787628445],[33.09820512820513,41.49840848806366],[33.07410256410256,41.51511936339523]],[[33.0759185412186,41.3165362257877],[33.086805080938696,41.3216593033227],[33.07394875397107,41.316819274390596],[33.0759185412186,41.3165362257877]],[[32.9338951214238,41.7363750579751],[32.932483187667536,41.73749399335655],[32.932996439907214,41.732565022846096],[32.9338951214238,41.7363750579751]],[[32.83715464851462,41.75189880111756],[32.8216623697625,41.771998449542],[32.83307692307692,41.749071618037135],[32.8469618702662,41.73917493315849],[32.89333333333333,41.75742705570292],[32.90792405878785,41.74731096211926],[32.89014538618726,41.73838189301525],[32.929487179487175,41.749071618037135],[32.90538461538461,41.765782493368704],[32.83715464851462,41.75189880111756]],[[32.7650855849064,41.5156009121625],[32.73339062463253,41.512848006298924],[32.79692307692308,41.540185676392575],[32.82102564102564,41.573607427055705],[32.9156438269582,41.5612157930361],[32.82102564102564,41.59031830238727],[32.77282051282051,41.540185676392575],[32.67641025641026,41.540185676392575],[32.61615384615384,41.49840848806366],[32.7650855849064,41.5156009121625]],[[32.8346959568639,41.5680206826053],[32.7964603592094,41.5310184920399],[32.83720965222781,41.56874659040033],[32.8346959568639,41.5680206826053]],[[32.64150991673059,41.48549424197149],[32.652307692307694,41.42320954907162],[32.664358974358976,41.436401502584715],[32.6681090101484,41.4230183478099],[32.664358974358976,41.46498673740053],[32.64150991673059,41.48549424197149]],[[32.6442888494776,41.4940163015033],[32.64241416375086,41.4882672658766],[32.65710067701268,41.50205981686626],[32.6442888494776,41.4940163015033]],[[32.6222574139966,41.3879747601498],[32.61877873530397,41.375722222190646],[32.62506109662532,41.39011756664329],[32.6222574139966,41.3879747601498]],[[32.3908909375537,41.3165399751784],[32.6108484050723,41.3575507370645],[32.61615384615384,41.39814323607427],[32.51974358974359,41.36472148541114],[32.600002042454264,41.35636604774536],[32.48976813818538,41.33537154593333],[32.29076923076923,41.33965517241379],[32.30282051282051,41.38143236074271],[32.254615384615384,41.38143236074271],[32.266666666666666,41.32294429708223],[32.3908909375537,41.3165399751784]],[[32.27871794871795,41.297877984084884],[32.2425641025641,41.30623342175066],[32.158205128205125,41.264456233421754],[32.19435897435898,41.25610079575597],[32.2821375093592,41.2848504673255],[32.213979659433555,41.269704278804745],[32.27871794871795,41.297877984084884]],[[32.20641025641026,41.51511936339523],[32.23051282051282,41.53183023872679],[32.21846153846154,41.573607427055705],[32.13410256410256,41.54854111405836],[32.146153846153844,41.506763925729445],[32.17025641025641,41.540185676392575],[32.20641025641026,41.53183023872679],[32.18230769230769,41.51511936339523],[32.20641025641026,41.4816976127321],[32.2795760134326,41.438030501698],[32.20641025641026,41.51511936339523]],[[32.222210632283954,41.5181792792063],[32.2163510887506,41.5125744984983],[32.21725430936596,41.51108054592001],[32.222210632283954,41.5181792792063]],[[32.158205128205125,41.23103448275862],[32.146153846153844,41.2393899204244],[32.11,41.180901856763924],[32.1518026790102,41.1359488991331],[32.158205128205125,41.23103448275862]],[[31.71230769230769,41.038859416445625],[31.700256410256408,41.03050397877984],[31.772564102564104,41.03050397877984],[31.71230769230769,41.038859416445625]],[[31.615897435897438,41.05557029177719],[31.603846153846153,41.04721485411141],[31.676153846153845,41.04721485411141],[31.615897435897438,41.05557029177719]],[[31.61623278876621,41.03576436202083],[31.673756352409583,41.033306090014065],[31.6289098821276,41.0362958550825],[31.61623278876621,41.03576436202083]],[[31.519218053538268,41.03139162850194],[31.538231641787323,41.0324941274931],[31.520363348879,41.0317449909652],[31.519218053538268,41.03139162850194]],[[31.495384615384616,41.05557029177719],[31.47128205128205,41.038859416445625],[31.42307692307692,41.072281167108756],[31.41102564102564,41.06392572944297],[31.4787313714775,41.0207049318477],[31.53153846153846,41.04721485411141],[31.495384615384616,41.05557029177719]],[[31.00497163379007,41.03469542994654],[31.0052253182457,41.0347787689362],[31.006606872800425,41.037999385912954],[31.00497163379007,41.03469542994654]],[[30.9835948516715,41.0268872111363],[30.98113170077513,41.02090219963002],[30.98499651282086,41.0273709837615],[30.9835948516715,41.0268872111363]],[[30.97768020863432,41.01512521556815],[30.9533126304107,41.0030111812122],[30.954130010558902,41.00202388526738],[30.97768020863432,41.01512521556815]],[[30.96377853946954,40.99036963419717],[30.9639263406751,40.990862623155],[30.962312302501,40.99214067037461],[30.96377853946954,40.99036963419717]],[[30.960807738366892,40.98276506854441],[30.961674556336,40.9833518264034],[30.96283688570821,40.987228760584664],[30.960807738366892,40.98276506854441]],[[30.865884747061006,40.91917888118379],[30.8673843214052,40.9195258117803],[30.959981701716018,40.9822059159726],[30.865884747061006,40.91917888118379]],[[30.89757422020117,40.82095398341748],[30.9009660183433,40.8213681634433],[30.9094990724963,40.8303416326307],[30.89757422020117,40.82095398341748]],[[30.8812023639798,40.8641985898824],[30.8749814923946,40.8721811239099],[30.87327861036413,40.87227279366393],[30.8812023639798,40.8641985898824]],[[30.8412346390142,40.7940623894642],[30.84142467055406,40.793492029867735],[30.845878113653495,40.79815330040744],[30.8412346390142,40.7940623894642]],[[30.284851447664646,40.93229654123075],[30.2857895776478,40.9334778900692],[30.281295848756418,40.9369295948852],[30.284851447664646,40.93229654123075]],[[30.280617071534344,40.937814062276054],[30.282840444912,40.9539705770528],[30.278605794797,40.9404348171133],[30.280617071534344,40.937814062276054]],[[29.8583563729481,41.0191793331962],[29.861609323171198,41.02358437003002],[29.85479832301913,41.018103643603894],[29.8583563729481,41.0191793331962]],[[29.7109807138054,41.0042421106547],[29.7124596470302,41.018291973025],[29.709392743328387,41.00222406478882],[29.7109807138054,41.0042421106547]],[[29.696782959362,40.9861991305905],[29.697634206024095,40.9872809232511],[29.69658709452424,40.98607193934569],[29.696782959362,40.9861991305905]],[[29.635370117964836,40.96824154369264],[29.666834569292,40.9667511630196],[29.66793563220823,40.967466174271905],[29.635370117964836,40.96824154369264]],[[29.4814570222078,40.9607457858628],[29.5030963539333,40.9904162099595],[29.503053141617162,40.991072251351426],[29.4814570222078,40.9607457858628]],[[29.4814570222078,40.9607457858628],[29.4617696915394,40.9463567459558],[29.461640384839555,40.945554783019446],[29.4814570222078,40.9607457858628]],[[29.470769230769232,40.972015915119364],[29.434615384615384,40.94694960212202],[29.446666666666665,40.938594164456234],[29.482820512820513,40.96366047745358],[29.470769230769232,40.972015915119364]]],[[[40.44948717948718,40.78254904093099],[40.45223294133134,40.777937147454395],[40.44948717948718,40.779840848806366],[40.44948717948718,40.78254904093099]]],[[[39.1641498736381,41.0785678916981],[39.1739369566845,41.0749684933744],[39.16620577491023,41.06797855721135],[39.1641498736381,41.0785678916981]]],[[[36.53567278409092,40.88846153846154],[36.5299292007018,40.88645692367638],[36.53282051282051,40.88846153846154],[36.53567278409092,40.88846153846154]]],[[[36.4274986256496,40.8653253729237],[36.42702864133637,40.86524616845292],[36.42797251069162,40.86590057530597],[36.4274986256496,40.8653253729237]]],[[[36.3664951455225,40.5990406350627],[36.354140898793226,40.59747000065889],[36.37445248174258,40.61155249947557],[36.3664951455225,40.5990406350627]]],[[[35.91161650674056,40.86796327189413],[35.887558998524625,40.87175066312997],[35.90615384615384,40.87175066312997],[35.91161650674056,40.86796327189413]]],[[[35.62897435897436,40.915667846734046],[35.63005171354843,40.912780896159916],[35.62897435897436,40.91352785145889],[35.62897435897436,40.915667846734046]]],[[[34.79421111296561,41.224914864112954],[34.80105963812323,41.22267904509284],[34.797435897435896,41.22267904509284],[34.79421111296561,41.224914864112954]]],[[[34.5438880487062,41.29820448793072],[34.52858340978504,41.30623342175066],[34.53230769230769,41.30623342175066],[34.5438880487062,41.29820448793072]]],[[[34.315384615384616,41.25610079575597],[34.319194554918774,41.25874231656285],[34.303333333333335,41.23656982371224],[34.315384615384616,41.25610079575597]]],[[[34.29547713009087,41.22558759202926],[34.249438427507336,41.193667875271046],[34.26717948717948,41.20596816976128],[34.29547713009087,41.22558759202926]]],[[[32.363076923076925,41.32294429708223],[32.424517522931836,41.32294429708223],[32.3908909375537,41.3165399751784],[32.32255546014782,41.32294429708223],[32.363076923076925,41.32294429708223]]],[[[32.27871794871795,41.36472148541114],[32.28807004251024,41.371205512288405],[32.28100476265839,41.346425108117934],[32.27871794871795,41.36472148541114]]],[[[31.664102564102564,40.9553050397878],[31.676153846153845,40.94694960212202],[31.62100043216734,40.938594164456234],[31.664102564102564,40.9553050397878]]],[[[29.784102564102565,41.038859416445625],[29.82025641025641,41.03050397877984],[29.796518368078583,41.01404583508355],[29.77205128205128,41.03050397877984],[29.784102564102565,41.038859416445625]]],[[[27.554615384615385,41.281167108753316],[27.446153846153845,41.25610079575597],[27.337692307692308,41.314588859416446],[27.36179487179487,41.331299734748015],[27.217179487179486,41.53183023872679],[27.217179487179486,41.58196286472149],[27.144871794871793,41.69893899204244],[27.144871794871793,41.73236074270557],[27.00025641025641,41.93289124668435],[27.06051282051282,41.94124668435013],[27.10871794871795,41.92453580901857],[27.277435897435897,41.82427055702918],[27.75948717948718,41.85769230769231],[27.795641025641025,41.832625994694965],[27.795641025641025,41.765782493368704],[27.69923076923077,41.69893899204244],[27.795641025641025,41.61538461538461],[27.89205128205128,41.44827586206897],[27.95230769230769,41.42320954907162],[28.060769230769232,41.331299734748015],[27.98846153846154,41.264456233421754],[28.00051282051282,41.25610079575597],[28.060769230769232,41.281167108753316],[28.072820512820513,41.32294429708223],[28.06602713780744,41.27316382190964],[28.082021712490157,41.32294429708223],[28.12102564102564,41.32294429708223],[28.16923076923077,41.2895225464191],[28.4825641025641,41.18925729442971],[28.554871794871794,41.18925729442971],[28.603076923076923,41.15583554376658],[28.77179487179487,41.13912466843502],[28.82,41.08899204244032],[28.844102564102563,41.105702917771886],[29.036923076923078,41.105702917771886],[29.0554231281732,41.0824279645642],[29.0324345486507,41.0499713044711],[28.9742116111352,41.0214554010728],[28.9398940209497,41.0483116007939],[28.9476466840302,41.0620065566531],[28.9353048101372,41.0512049837543],[28.983480075785568,41.005437665782495],[28.916410256410256,41.005437665782495],[28.82111042752179,40.956074925340324],[28.747692307692308,40.988726790450926],[28.72358974358974,40.972015915119364],[28.597533895076435,40.988726790450926],[28.5860396860825,41.0176978410574],[28.506666666666668,41.005437665782495],[28.313846153846153,41.072281167108756],[28.00051282051282,41.05557029177719],[27.983381450089468,41.101201242622075],[27.964358974358973,41.0973474801061],[27.98846153846154,41.11405835543766],[28.030276599254744,41.19243157218672],[27.98846153846154,41.12421967985935],[27.976410256410254,41.13912466843502],[27.94025641025641,41.0973474801061],[27.964358974358973,41.06392572944297],[27.92820512820513,41.05557029177719],[27.783589743589744,41.105702917771886],[27.735384615384614,41.105702917771886],[27.71128205128205,41.13912466843502],[27.542564102564103,41.18925729442971],[27.482307692307693,41.23103448275862],[27.554615384615385,41.281167108753316]],[[28.059695560453996,41.26717143599972],[28.01673952006861,41.25232306289462],[28.0575996248795,41.2651877826218],[28.059695560453996,41.26717143599972]],[[27.59973695313221,41.39300323297585],[27.6244578211382,41.4203539804235],[27.5997855914842,41.3932050019598],[27.59973695313221,41.39300323297585]],[[27.570164338053566,41.30238183753489],[27.5808289373199,41.317854681311],[27.58116348536302,41.31930692397328],[27.570164338053566,41.30238183753489]],[[27.5445350401639,41.2651973065052],[27.547852492288044,41.270010466115764],[27.5067884339896,41.2427874925125],[27.5445350401639,41.2651973065052]]]]}},{"type":"Feature","id":"akdeniz-karadeniz-gecis-cl","properties":{"id":"akdeniz-karadeniz-gecis-cl","name":"Akdeniz-Karadeniz Geçiş İklimi","source":"MEB","source_url":"https://ogmmateryal.eba.gov.tr/panel/upload/images/yaitv3gvmoj.png","source_rgb":[64,82,159]},"geometry":{"type":"MultiPolygon","coordinates":[[[[28.108974358974358,38.757824933687004],[28.108974358974358,38.824668435013265],[28.22948717948718,38.95835543766578],[28.22948717948718,39.02519893899204],[28.205384615384617,39.05862068965517],[28.084871794871795,39.12546419098143],[28.084871794871795,39.15888594164456],[27.98846153846154,39.242440318302386],[27.964358974358973,39.275862068965516],[27.964358974358973,39.325994694960215],[27.92820512820513,39.35106100795756],[27.904102564102566,39.33435013262599],[27.783589743589744,39.41790450928382],[27.663076923076922,39.45132625994695],[27.325641025641026,39.601724137931036],[27.205128205128204,39.601724137931036],[27.036410256410257,39.63514588859417],[26.843589743589742,39.75212201591512],[26.698974358974358,39.78554376657825],[26.142994161230305,39.75212201591512],[26.1634536016254,39.8178682099381],[26.1376591242344,39.8410800865636],[26.1781622484556,39.9879352019079],[26.2005371768667,40.0084093254968],[26.2558734706517,39.998496224976],[26.331745046757,40.025817173704],[26.3653892930726,40.099403962541],[26.4095119581896,40.1182280817217],[26.4074880237179,40.1963267384646],[26.5215389064297,40.2168668157028],[26.5702418366358,40.2775402386593],[26.6069559913588,40.2812710331715],[26.7090447522118,40.3841354217388],[26.7543982418542,40.4033366312015],[26.9118866671494,40.405480360472],[26.990803117323605,40.38533403147353],[27.15692307692308,40.2868700265252],[27.47025641025641,40.2868700265252],[27.499081079267818,40.30685484840031],[27.5495276810183,40.302259426844],[27.6267263977911,40.326461323769],[27.7588540932699,40.3058931149175],[27.81045933994588,40.335084203892144],[27.831794871794873,40.32029177718833],[27.904102564102566,40.33700265251989],[27.976410256410254,40.2868700265252],[28.097146227816634,40.247789446057745],[28.145128205128206,40.25344827586207],[28.337948717948716,40.15318302387268],[28.386153846153846,40.15318302387268],[28.53076923076923,40.05291777188329],[28.663333333333334,39.99442970822281],[28.651282051282053,39.969363395225464],[28.59102564102564,39.94429708222812],[28.51871794871795,39.84403183023873],[28.47051282051282,39.810610079575596],[28.47051282051282,39.777188328912466],[28.446410256410257,39.760477453580904],[28.446410256410257,39.676923076923075],[28.47051282051282,39.643501326259944],[28.542820512820512,39.610079575596814],[28.554871794871794,39.55159151193634],[28.69948717948718,39.468037135278514],[28.77179487179487,39.45132625994695],[28.856153846153845,39.39283819628647],[28.80794871794872,39.34270557029178],[28.82,39.33435013262599],[28.892307692307693,39.38448275862069],[29.09717948717949,39.242440318302386],[29.169487179487177,39.15888594164456],[29.41051282051282,39.00848806366048],[29.41051282051282,38.97506631299735],[29.470769230769232,38.95],[29.518974358974358,38.899867374005304],[29.569554062819034,38.8982210247908],[29.52399687556672,38.893321289466606],[29.59128205128205,38.88315649867374],[29.663589743589743,38.91657824933687],[29.711794871794872,38.88315649867374],[29.976923076923075,38.81631299734748],[30.0105387222429,38.779579491856495],[30.025128205128205,38.79960212201591],[30.097435897435897,38.78289124668435],[30.276770451770442,38.7],[29.903257739659292,38.7],[29.90748988361967,38.71057058264014],[29.902969981749855,38.7],[28.9896743996744,38.7],[29.024871794871792,38.724403183023874],[28.964615384615385,38.73275862068965],[28.928461538461537,38.707692307692305],[28.98393569393569,38.7],[28.16854758997616,38.7],[28.108974358974358,38.757824933687004]],[[29.9917511194431,38.7503373929648],[29.9939259118991,38.75216963560567],[29.9651458061833,38.73831863891069],[29.9917511194431,38.7503373929648]],[[29.964871794871794,38.757824933687004],[29.94076923076923,38.741114058355436],[29.98897435897436,38.757824933687004],[29.964871794871794,38.757824933687004]],[[29.39846153846154,38.88315649867374],[29.482820512820513,38.87480106100796],[29.446666666666665,38.899867374005304],[29.39846153846154,38.899867374005304],[29.33820512820513,38.87480106100796],[29.326153846153847,38.83302387267904],[29.29,38.824668435013265],[29.326153846153847,38.81631299734748],[29.36230769230769,38.85809018567639],[29.39846153846154,38.88315649867374]],[[29.479410231867455,38.86558381324681],[29.476593548935373,38.86477170398184],[29.4775322762286,38.8643447497679],[29.479410231867455,38.86558381324681]],[[29.3915811266069,38.8679467260042],[29.40587428868296,38.8784066506604],[29.3710898859223,38.8634642670822],[29.3915811266069,38.8679467260042]],[[29.3632135649681,38.8477116253402],[29.36507115107389,38.83956398415918],[29.37097227042354,38.86322903608717],[29.3632135649681,38.8477116253402]],[[29.36388463704665,38.83480574857636],[29.3380901053821,38.8236738340308],[29.3638678333379,38.8347383612526],[29.36388463704665,38.83480574857636]],[[29.322664296583138,38.80911313602282],[29.320948008219837,38.80861243699788],[29.3224833513192,38.808942338538],[29.322664296583138,38.80911313602282]],[[29.217692307692307,38.8079575596817],[29.24179487179487,38.84137931034483],[29.169487179487177,38.85809018567639],[29.181538461538462,38.83302387267904],[29.217692307692307,38.824668435013265],[29.193589743589744,38.8079575596817],[29.205641025641025,38.78289124668435],[29.265897435897436,38.791246684350135],[29.217692307692307,38.8079575596817]],[[29.251320127497884,38.818106550166256],[29.2528148429886,38.8186534937444],[29.2439241279349,38.8361639576892],[29.251320127497884,38.818106550166256]],[[29.1507530182377,38.8696383204849],[29.144549285435527,38.86902629303047],[29.152121676943334,38.867845277212666],[29.1507530182377,38.8696383204849]],[[29.12128205128205,38.84137931034483],[29.142310414881695,38.86880541790745],[29.11763466955551,38.84390812599529],[29.097405267184207,38.85871612220419],[29.106022165113455,38.84751014721027],[29.04897435897436,38.8079575596817],[29.06102564102564,38.76618037135278],[29.085128205128203,38.81631299734748],[29.12128205128205,38.84137931034483]],[[29.09717948717949,38.87480106100796],[29.06102564102564,38.899867374005304],[28.988717948717948,38.88315649867374],[28.94051282051282,38.933289124668434],[28.928461538461537,38.92493368700265],[28.928461538461537,38.90822281167109],[29.01282051282051,38.84973474801061],[29.036477110349917,38.88284729954562],[29.09717948717949,38.87480106100796]],[[29.0782332684054,38.8015948063201],[29.077809499305413,38.80067112210083],[29.091844221482702,38.81549642967744],[29.0782332684054,38.8015948063201]],[[28.9371279532602,39.0135948114971],[28.916410256410256,39.05026525198939],[28.880256410256408,38.97506631299735],[28.94051282051282,38.95],[28.952564102564104,38.95835543766578],[28.91328807296626,38.9688755586438],[28.9371279532602,39.0135948114971]],[[28.844102564102563,39.11710875331565],[28.783846153846152,39.108753315649864],[28.9114069919364,39.0629069749038],[28.844102564102563,39.11710875331565]],[[28.8691318949781,39.3663884817735],[28.870006588931073,39.36835494684669],[28.8331744768721,39.3347426988299],[28.8691318949781,39.3663884817735]],[[28.80794871794872,39.30928381962865],[28.795897435897437,39.31763925729443],[28.735641025641026,39.275862068965516],[28.747692307692308,39.26750663129973],[28.81045608927897,39.30100803249703],[28.755384790902955,39.272840011075274],[28.80794871794872,39.30928381962865]],[[28.687435897435897,39.12546419098143],[28.72358974358974,39.100397877984086],[28.757242935236576,39.10520430469327],[28.72358974358974,39.13381962864722],[28.687435897435897,39.12546419098143]],[[28.6683018446018,39.1910214909199],[28.6656172408986,39.2089188490809],[28.6659426477846,39.1810152405919],[28.651282051282053,39.21737400530504],[28.63923076923077,39.209018567639255],[28.651282051282053,39.11710875331565],[28.6683018446018,39.1910214909199]],[[28.66596675619723,39.291987572327855],[28.651282051282053,39.33435013262599],[28.59102564102564,39.292572944297085],[28.59102564102564,39.259151193633954],[28.603076923076923,39.25079575596817],[28.615128205128205,39.27510505150129],[28.61816721938491,39.258678981138154],[28.615128205128205,39.291229266082645],[28.66596675619723,39.291987572327855]],[[28.664419955647173,39.1181911625038],[28.66325963992879,39.119220474792655],[28.6635355523811,39.118198852968],[28.664419955647173,39.1181911625038]],[[28.6242168844311,39.1844671913616],[28.606235096578498,39.16799647796751],[28.6084075031372,39.1684120687943],[28.6242168844311,39.1844671913616]],[[28.28974358974359,39.9025198938992],[28.2650117542185,39.9600756667538],[28.26493037242799,39.93643435717152],[28.24153846153846,39.969363395225464],[28.22948717948718,39.96100795755968],[28.22948717948718,39.92758620689655],[28.313846153846153,39.86909814323607],[28.362051282051283,39.85238726790451],[28.446410256410257,39.86074270557029],[28.28974358974359,39.9025198938992]],[[28.157179487179487,40.06127320954907],[28.19333333333333,40.01949602122016],[28.205384615384617,40.02785145888594],[28.19333333333333,40.069628647214856],[28.157179487179487,40.06127320954907]],[[27.9721003863126,39.2939041522038],[27.970994421901377,39.29531440949288],[27.968161770698707,39.29088839210264],[27.9721003863126,39.2939041522038]],[[27.506410256410255,39.97771883289125],[27.482307692307693,39.97771883289125],[27.506410256410255,39.96100795755968],[27.506410256410255,39.92758620689655],[27.482307692307693,39.91087533156499],[27.494358974358974,39.9025198938992],[27.53051282051282,39.94429708222812],[27.506410256410255,39.97771883289125]],[[27.521884754969328,39.912438826590694],[27.51505811177981,39.902182129506954],[27.5218229115006,39.911596475612],[27.521884754969328,39.912438826590694]],[[27.485302661230623,39.81951870536329],[27.49135036302975,39.86656239800552],[27.4894868423382,39.8637625494252],[27.485302661230623,39.81951870536329]],[[27.482307692307693,39.87745358090186],[27.45820512820513,39.87745358090186],[27.47025641025641,39.80225464190981],[27.482307692307693,39.87745358090186]],[[27.473444670071647,39.79761940713241],[27.45820512820513,39.773395359362624],[27.446153846153845,39.78554376657825],[27.36179487179487,39.760477453580904],[27.373846153846152,39.73541114058355],[27.39794871794872,39.75212201591512],[27.446153846153845,39.75212201591512],[27.473444670071647,39.79761940713241]],[[27.45820512820513,40.06127320954907],[27.410562612389505,40.108898758142885],[27.434102564102563,40.02785145888594],[27.41,39.99442970822281],[27.448597817075093,39.986761845360185],[27.44678898934021,40.01516367620453],[27.434102564102563,40.01114058355438],[27.45820512820513,40.06127320954907]],[[27.4314835385417,40.1971577031436],[27.4217675190726,40.1783145138972],[27.435633821251805,40.20007499832466],[27.4314835385417,40.1971577031436]],[[27.41,40.211671087533155],[27.385897435897437,40.19496021220159],[27.434102564102563,40.211671087533155],[27.41,40.211671087533155]],[[27.3918833984543,40.1359173372732],[27.39407863370535,40.13274203570291],[27.3974038635034,40.1569687131367],[27.3918833984543,40.1359173372732]],[[27.3775671799045,39.7379367021479],[27.37426699902988,39.735316890332285],[27.396510446004424,39.74630033266449],[27.3775671799045,39.7379367021479]],[[27.295095346498716,39.69572907916308],[27.28871531023343,39.69535483123001],[27.2925383957197,39.6949615627162],[27.295095346498716,39.69572907916308]],[[26.964102564102564,39.78554376657825],[26.927948717948716,39.760477453580904],[26.94,39.75212201591512],[26.988205128205127,39.76883289124668],[27.0487612875314,39.7444709341553],[27.036410256410257,39.76883289124668],[26.964102564102564,39.78554376657825]]],[[[28.904358974358974,38.99177718832891],[28.928461538461537,39.021794872343484],[28.9371279532602,39.0135948114971],[28.904358974358974,38.97506631299735],[28.904358974358974,38.99177718832891]]],[[[28.85346103266238,39.09390943133036],[28.833054988497626,39.100397877984086],[28.844102564102563,39.100397877984086],[28.85346103266238,39.09390943133036]]],[[[28.663333333333334,39.180305570472974],[28.6644366060421,39.1801257553252],[28.663333333333334,39.1738695503986],[28.663333333333334,39.180305570472974]]],[[[28.629386586137098,39.29939814827618],[28.615128205128205,39.29191150553801],[28.615128205128205,39.292572944297085],[28.629386586137098,39.29939814827618]]],[[[26.972164293662992,39.76883289124668],[26.952499462116396,39.760788187375134],[26.964102564102564,39.76883289124668],[26.972164293662992,39.76883289124668]]],[[[26.216923076923077,40.05291777188329],[26.1664440076815,40.053569107443],[26.2783177331675,40.218128070477],[26.2792736121128,40.2524672570963],[26.238018149771612,40.28478486200939],[26.25307692307692,40.311936339522546],[26.313333333333333,40.32029177718833],[26.385641025641025,40.38713527851459],[26.433846153846154,40.40384615384615],[26.48205128205128,40.38713527851459],[26.554358974358973,40.40384615384615],[26.614615384615384,40.37877984084881],[26.614615384615384,40.346343999732895],[26.57846153846154,40.32029177718833],[26.554358974358973,40.32029177718833],[26.403678830565628,40.21582168482977],[26.34948717948718,40.211671087533155],[26.34948717948718,40.178249336870024],[26.379155057548,40.143160913584],[26.216923076923077,40.05291777188329]]]]}},{"type":"Feature","id":"karasal-karadeniz-gecis-cl","properties":{"id":"karasal-karadeniz-gecis-cl","name":"Karasal-Karadeniz Geçiş İklimi","source":"MEB","source_url":"https://ogmmateryal.eba.gov.tr/panel/upload/images/yaitv3gvmoj.png","source_rgb":[162,180,138]},"geometry":{"type":"MultiPolygon","coordinates":[[[[31.9980355150151,41.0319978167979],[32.073846153846155,41.005437665782495],[32.146153846153844,41.022148541114056],[32.19435897435898,41.005437665782495],[32.23051282051282,41.04721485411141],[32.146153846153844,41.038859416445625],[32.11,41.0973474801061],[32.2425641025641,41.15583554376658],[32.38717948717949,41.18925729442971],[32.70051282051282,41.20596816976128],[32.845128205128205,41.2393899204244],[32.89333333333333,41.2393899204244],[32.90538461538461,41.19761273209549],[32.941538461538464,41.18925729442971],[32.953589743589745,41.19761273209549],[32.929487179487175,41.214323607427055],[32.929487179487175,41.247745358090185],[33.11025641025641,41.32294429708223],[33.2548717948718,41.33965517241379],[33.35128205128205,41.37307692307692],[33.56820512820513,41.37307692307692],[33.76102564102564,41.32294429708223],[33.86948717948718,41.264456233421754],[33.88153846153846,41.20596816976128],[33.905641025641025,41.2393899204244],[33.96589743589743,41.19761273209549],[34.03820512820513,41.11405835543766],[34.06230769230769,41.03050397877984],[34.11051282051282,40.98037135278515],[34.17076923076923,40.938594164456234],[34.24307692307692,40.92188328912467],[34.35153846153846,40.84668435013263],[34.37564102564102,40.779840848806366],[34.423846153846156,40.763129973474804],[34.484102564102564,40.70464190981433],[34.65282051282051,40.6712201591512],[34.86974358974359,40.570954907161806],[34.94205128205128,40.570954907161806],[34.966153846153844,40.520822281167106],[34.99025641025641,40.570954907161806],[35.086666666666666,40.537533156498675],[35.183076923076925,40.537533156498675],[35.255384615384614,40.504111405835545],[35.42410256410256,40.504111405835545],[35.43615384615384,40.49575596816976],[35.38794871794872,40.46233421750663],[35.4,40.45397877984085],[35.44971972288586,40.486350426341616],[35.41178095790553,40.45021567761557],[35.449983403290084,40.48616761050743],[35.472307692307695,40.470689655172414],[35.68923076923077,40.45397877984085],[35.71333333333333,40.37042440318302],[35.737435897435894,40.437267904509284],[35.83384615384615,40.437267904509284],[35.857948717948716,40.42055702917772],[36.0748717948718,40.437267904509284],[36.508717948717944,40.570954907161806],[36.55692307692308,40.570954907161806],[36.6774358974359,40.6210875331565],[36.84615384615384,40.6210875331565],[36.87025641025641,40.63779840848807],[36.918461538461536,40.6210875331565],[36.96666666666667,40.63779840848807],[37.207692307692305,40.63779840848807],[37.25589743589744,40.604376657824936],[37.32820512820513,40.6210875331565],[37.35230769230769,40.604376657824936],[37.52102564102564,40.604376657824936],[37.54512820512821,40.58766578249337],[37.95487179487179,40.58766578249337],[38.00307692307692,40.604376657824936],[38.01512820512821,40.51246684350133],[38.0660441543075,40.497313397477],[38.03923076923077,40.52917771883289],[38.03923076923077,40.59602122015915],[38.05128205128205,40.604376657824936],[38.17179487179487,40.604376657824936],[38.195897435897436,40.6210875331565],[38.29230769230769,40.6210875331565],[38.31641025641026,40.604376657824936],[38.43692307692308,40.63779840848807],[38.677948717948716,40.65450928381963],[38.70205128205128,40.6712201591512],[39.135897435897434,40.6712201591512],[39.16,40.63779840848807],[39.18410256410256,40.65450928381963],[39.328717948717944,40.65450928381963],[39.352820512820514,40.6712201591512],[39.834871794871795,40.68793103448276],[39.88307692307692,40.65450928381963],[39.95538461538462,40.6712201591512],[39.97948717948718,40.63779840848807],[40.05179487179487,40.6712201591512],[40.220512820512816,40.68793103448276],[40.4374358974359,40.75477453580902],[40.47358974358974,40.729708222811674],[40.47358974358974,40.69628647214854],[40.425384615384615,40.646153846153844],[40.4374358974359,40.6210875331565],[40.44948717948718,40.646153846153844],[40.497692307692304,40.679575596816974],[40.5022975934518,40.7180930833027],[40.47358974358974,40.763129973474804],[40.88333333333333,41.01379310344828],[40.97974358974359,41.11405835543766],[41.05205128205128,41.147480106100794],[41.1536171009327,41.2824108994388],[41.3407633243287,41.3720457348475],[41.4093078056346,41.3864260823677],[41.5489804784879,41.5198163569214],[41.6344220679762,41.4868969445599],[41.7085917474073,41.4959577277295],[41.70282051282051,41.4816976127321],[41.72692307692307,41.46498673740053],[41.70282051282051,41.44827586206897],[41.678717948717946,41.34801061007958],[41.65461538461538,41.331299734748015],[41.65461538461538,41.281167108753316],[41.60641025641026,41.23103448275862],[41.63051282051282,41.214323607427055],[41.60641025641026,41.19761273209549],[41.60641025641026,41.13076923076923],[41.582307692307694,41.11405835543766],[41.558205128205124,40.98037135278515],[41.51,40.91352785145889],[41.51,40.88010610079576],[41.42564102564103,40.80490716180371],[41.32923076923076,40.75477453580902],[41.25692307692307,40.75477453580902],[41.13641025641025,40.72135278514589],[40.9676923076923,40.72135278514589],[40.84717948717948,40.68793103448276],[40.798974358974355,40.73806366047745],[40.786923076923074,40.729708222811674],[40.81102564102564,40.69628647214854],[40.798974358974355,40.68793103448276],[40.678461538461534,40.6712201591512],[40.46153846153846,40.58766578249337],[40.29282051282051,40.55424403183024],[40.220512820512816,40.55424403183024],[40.19641025641025,40.570954907161806],[40.14820512820513,40.537533156498675],[40.11205128205128,40.54588859416446],[40.136153846153846,40.57931034482759],[40.1033308168627,40.5976528172517],[40.118071001630526,40.58348395818224],[40.05179487179487,40.537533156498675],[39.9674358974359,40.54588859416446],[40.039275727808,40.5701462490137],[40.027692307692305,40.604376657824936],[40.00358974358974,40.570954907161806],[39.95538461538462,40.55424403183024],[39.907179487179484,40.58766578249337],[39.8951282051282,40.57931034482759],[39.919230769230765,40.56259946949602],[39.834871794871795,40.520822281167106],[39.37692307692308,40.520822281167106],[39.352820512820514,40.504111405835545],[38.967179487179486,40.487400530503976],[38.774358974358975,40.537533156498675],[38.76230769230769,40.52917771883289],[38.774358974358975,40.520822281167106],[38.87076923076923,40.504111405835545],[38.89487179487179,40.487400530503976],[38.91897435897436,40.487400530503976],[38.93102564102564,40.4790450928382],[38.53333333333333,40.42055702917772],[38.50923076923077,40.40384615384615],[38.29230769230769,40.40384615384615],[38.268205128205125,40.38713527851459],[38.24410256410256,40.40384615384615],[37.95487179487179,40.40384615384615],[37.93076923076923,40.45397877984085],[37.906666666666666,40.40384615384615],[37.64153846153846,40.38713527851459],[37.581282051282045,40.41220159151194],[37.56923076923077,40.437267904509284],[37.54512820512821,40.38713527851459],[37.32820512820513,40.37042440318302],[37.014871794871794,40.2868700265252],[36.918461538461536,40.2868700265252],[36.89435897435897,40.27015915119363],[36.87025641025641,40.2868700265252],[36.82205128205128,40.25344827586207],[36.74974358974359,40.27015915119363],[36.65333333333333,40.2367374005305],[36.53282051282051,40.2367374005305],[36.026666666666664,40.13647214854112],[35.90615384615384,40.13647214854112],[35.88205128205128,40.11976127320955],[35.68923076923077,40.11976127320955],[35.665128205128205,40.103050397877986],[35.42410256410256,40.103050397877986],[35.4,40.11976127320955],[35.375897435897436,40.103050397877986],[35.27948717948718,40.13647214854112],[35.15897435897436,40.11976127320955],[35.16204996175523,40.133300900023485],[35.14692307692307,40.12811671087533],[35.21923076923077,40.16153846153846],[35.14692307692307,40.178249336870024],[35.15897435897436,40.22002652519894],[35.2233802327644,40.1983510015899],[35.183076923076925,40.2367374005305],[35.12282051282051,40.228381962864724],[35.12282051282051,40.178249336870024],[35.14692307692307,40.16153846153846],[35.12282051282051,40.144827586206894],[35.03846153846153,40.13647214854112],[34.966153846153844,40.16989389920425],[34.94205128205128,40.15318302387268],[34.676923076923075,40.20331564986738],[33.97794871794872,40.25344827586207],[33.92974358974359,40.2868700265252],[33.83333333333333,40.2868700265252],[33.797179487179484,40.311936339522546],[33.821282051282054,40.328647214854115],[33.809230769230766,40.33700265251989],[33.76102564102564,40.32029177718833],[33.68871794871795,40.35371352785146],[33.64051282051282,40.33700265251989],[33.616410256410255,40.35371352785146],[33.56820512820513,40.32029177718833],[33.49589743589743,40.32029177718833],[33.47179487179487,40.33700265251989],[33.307669736871965,40.35371352785146],[33.32392075804563,40.38816694763453],[33.30307692307692,40.35371352785146],[33.29102564102564,40.36206896551724],[33.33923076923077,40.41220159151194],[33.327179487179485,40.42055702917772],[33.27897435897436,40.37042440318302],[33.230769230769226,40.37042440318302],[33.2020705895765,40.4085763266549],[33.21145100296807,40.38381818548097],[33.1825641025641,40.37042440318302],[32.917435897435894,40.42055702917772],[32.555897435897435,40.42055702917772],[32.53179487179487,40.437267904509284],[32.459487179487176,40.42055702917772],[32.09794871794872,40.42055702917772],[32.073846153846155,40.40384615384615],[31.374871794871794,40.42055702917772],[31.013333333333332,40.33700265251989],[30.57948717948718,40.33700265251989],[30.555384615384614,40.40384615384615],[30.543333333333333,40.34535809018568],[30.483076923076922,40.33700265251989],[30.47102564102564,40.37877984084881],[30.41076923076923,40.42055702917772],[30.398717948717948,40.41220159151194],[30.446923076923078,40.37877984084881],[30.434871794871796,40.35371352785146],[30.386666666666667,40.35371352785146],[30.3625641025641,40.38713527851459],[30.314358974358974,40.37042440318302],[30.302307692307693,40.37877984084881],[30.326410256410256,40.39549071618037],[30.314358974358974,40.40384615384615],[30.266153846153845,40.38713527851459],[30.097435897435897,40.42055702917772],[30.049230769230768,40.470689655172414],[29.976923076923075,40.45397877984085],[29.964871794871794,40.46233421750663],[29.98897435897436,40.4790450928382],[29.976923076923075,40.487400530503976],[29.952820512820512,40.470689655172414],[29.8925641025641,40.4790450928382],[29.89016403631263,40.49741999062584],[29.939797770132472,40.51986519601662],[29.889925182133027,40.49758559385381],[29.83230769230769,40.504111405835545],[29.796153846153846,40.52917771883289],[29.83230769230769,40.570954907161806],[29.88051282051282,40.58766578249337],[29.8925641025641,40.54588859416446],[29.994090384544027,40.50031209088301],[29.964871794871794,40.52917771883289],[30.00102564102564,40.55424403183024],[30.0889535224468,40.5904994645365],[30.030730204967348,40.56707090874068],[29.976923076923075,40.570954907161806],[29.952820512820512,40.537533156498675],[29.918432499301908,40.544664300811334],[29.916666666666664,40.57931034482759],[29.8925641025641,40.59602122015915],[29.94076923076923,40.646153846153844],[29.94076923076923,40.69628647214854],[29.916666666666664,40.712997347480105],[29.9417049084591,40.7343415039103],[29.916666666666664,40.76083309246355],[29.92871794871795,40.78819628647215],[30.097435897435897,40.78819628647215],[30.205897435897434,40.746419098143235],[30.13358974358974,40.712997347480105],[30.145641025641027,40.70464190981433],[30.483076923076922,40.72135278514589],[30.675897435897436,40.77148541114058],[31.0374358974359,40.80490716180371],[31.3025641025641,40.9051724137931],[31.495384615384616,40.92188328912467],[31.51948717948718,40.938594164456234],[31.59179487179487,40.92188328912467],[31.83282051282051,41.005437665782495],[31.905128205128204,41.005437665782495],[31.9980355150151,41.0319978167979]],[[40.039275727808,40.5701462490137],[40.011529289649175,40.55188781632313],[40.0188123639448,40.5546321631225],[40.039275727808,40.5701462490137]],[[33.2020705895765,40.4085763266549],[33.146410256410256,40.4790450928382],[33.11025641025641,40.504111405835545],[33.07410256410256,40.49575596816976],[33.12230769230769,40.4790450928382],[33.146410256410256,40.4289124668435],[33.1825641025641,40.40384615384615],[33.19461538461538,40.41220159151194],[33.17051282051282,40.44282875699784],[33.2020705895765,40.4085763266549]],[[41.3861268934453,41.0580168633335],[41.38650037148442,41.05892828681577],[41.383895801826256,41.05683659300359],[41.3861268934453,41.0580168633335]],[[41.3502325754585,41.196905897936],[41.34994072703582,41.19719706287122],[41.3658356157246,41.1634289520896],[41.3502325754585,41.196905897936]],[[41.3473024270168,41.0273235579988],[41.34773623754905,41.02780679000042],[41.2313074834225,40.9537696136371],[41.3473024270168,41.0273235579988]],[[41.32923076923076,41.038859416445625],[41.293076923076924,41.01379310344828],[41.3051282051282,41.005437665782495],[41.34128205128205,41.03050397877984],[41.32923076923076,41.038859416445625]],[[41.20871794871795,40.82161803713528],[41.12435897435897,40.813262599469496],[41.16051282051282,40.78819628647215],[41.22956033236467,40.78819628647215],[41.2674753525306,40.7676060377711],[41.20871794871795,40.82161803713528]],[[41.23282051282051,40.988726790450926],[41.196666666666665,40.96366047745358],[41.20871794871795,40.9553050397878],[41.24487179487179,40.98037135278515],[41.23282051282051,40.988726790450926]],[[41.215810152657575,40.91853534606744],[41.2264534453998,40.9301708105604],[41.215888638319,40.9187493978816],[41.215810152657575,40.91853534606744]],[[40.50499753017657,40.695848578200234],[40.5062950884554,40.6969634704734],[40.50540256571316,40.70168108987454],[40.50499753017657,40.695848578200234]],[[40.4694610321337,40.6564174558455],[40.456027437791164,40.63982777568032],[40.483665030578436,40.663062600496254],[40.4694610321337,40.6564174558455]],[[40.4378617910048,40.6173942956678],[40.43866271113178,40.6150616159869],[40.43965747514751,40.61961185746442],[40.4378617910048,40.6173942956678]],[[40.00978986724987,40.64846949877555],[40.0400599249829,40.649890338626825],[40.0391805497472,40.6518093491487],[40.00978986724987,40.64846949877555]],[[39.98399569859255,40.634623262876296],[39.98360131819992,40.63777830526651],[39.9828349141049,40.6365807988181],[39.98399569859255,40.634623262876296]],[[39.726410256410254,40.646153846153844],[39.71435897435897,40.6712201591512],[39.70230769230769,40.646153846153844],[39.642051282051284,40.6210875331565],[39.533589743589744,40.62944297082228],[39.59384615384615,40.604376657824936],[39.642051282051284,40.604376657824936],[39.69025641025641,40.6210875331565],[39.726410256410254,40.646153846153844]],[[39.43965535526049,40.6351009740243],[39.4413965032933,40.6330909228161],[39.44675554458644,40.63101836541251],[39.43965535526049,40.6351009740243]],[[38.92303587853339,40.482578821803536],[38.91428975049716,40.48257882198732],[38.91529469803,40.4818173941654],[38.92303587853339,40.482578821803536]],[[38.83290623484057,40.64321134999526],[38.85006481428228,40.66576426475161],[38.8322039207072,40.644001453374],[38.83290623484057,40.64321134999526]],[[38.79102019521737,40.550118222183414],[38.79311569997479,40.56135774787398],[38.7899446943349,40.5540578286911],[38.79102019521737,40.550118222183414]],[[38.11153846153846,40.49575596816976],[38.12358974358974,40.45397877984085],[38.13564102564102,40.46233421750663],[38.13564102564102,40.49575596816976],[38.11153846153846,40.49575596816976]],[[38.04344498705853,40.58641093839039],[38.049022262754015,40.57471003639309],[38.0492467866312,40.5812400798507],[38.04344498705853,40.58641093839039]],[[37.91871794871795,40.49575596816976],[37.9963735376837,40.482560739135],[37.978974358974355,40.504111405835545],[37.91871794871795,40.49575596816976]],[[37.624056931446134,40.521745740724356],[37.6240941857175,40.5223045542737],[37.623160230379774,40.52249896946459],[37.624056931446134,40.521745740724356]],[[37.42461538461538,40.58766578249337],[37.388461538461534,40.56259946949602],[37.46145130934732,40.551576880576114],[37.42461538461538,40.58766578249337]],[[35.460256410256406,40.278514588859416],[35.52051282051282,40.32029177718833],[35.59282051282051,40.32029177718833],[35.62897435897436,40.34535809018568],[35.54461538461538,40.35371352785146],[35.43615384615384,40.278514588859416],[35.448205128205124,40.22002652519894],[35.460256410256406,40.278514588859416]],[[35.4697238973957,40.2717219851827],[35.46959185448215,40.271020271216315],[35.5261647117645,40.3127438921382],[35.4697238973957,40.2717219851827]],[[35.49641025641026,40.20331564986738],[35.460256410256406,40.19496021220159],[35.49641025641026,40.13647214854112],[35.50846153846154,40.178249336870024],[35.49641025641026,40.20331564986738]],[[35.3721102291274,40.2526541727075],[35.38794871794872,40.328647214854115],[35.35179487179487,40.35371352785146],[35.33974358974359,40.34535809018568],[35.363846153846154,40.328647214854115],[35.363846153846154,40.295225464190985],[35.33974358974359,40.261803713527854],[35.35179487179487,40.25344827586207],[35.375897435897436,40.2868700265252],[35.3721102291274,40.2526541727075]],[[35.20535629036462,40.14854048534492],[35.2075064841136,40.149209927112],[35.2066588847777,40.1502303376697],[35.20535629036462,40.14854048534492]],[[34.194871794871794,40.83832891246684],[34.23383973445145,40.87628326784547],[34.20290230968831,40.84947204274954],[34.098461538461535,40.85503978779841],[34.014102564102565,40.829973474801065],[34.098461538461535,40.82161803713528],[34.194871794871794,40.83832891246684]],[[34.1641641669576,40.3992125506536],[34.16241071473386,40.40975637479061],[34.16348171595854,40.39902185401042],[34.1641641669576,40.3992125506536]],[[34.1637840624158,40.4934084218841],[34.16228143890743,40.4948625912748],[34.160039327140694,40.48465316398633],[34.1637840624158,40.4934084218841]],[[34.13461538461539,40.49575596816976],[34.11051282051282,40.4790450928382],[34.15871794871795,40.4790450928382],[34.14666666666666,40.504111405835545],[34.13461538461539,40.49575596816976]],[[34.13461538461539,40.44562334217507],[34.11051282051282,40.44562334217507],[34.13461538461539,40.4289124668435],[34.11051282051282,40.39549071618037],[34.15871794871795,40.41220159151194],[34.13461538461539,40.44562334217507]],[[34.1141643784686,40.3616923491205],[34.1362313859431,40.39106082675471],[34.1356954670959,40.3909374640261],[34.1141643784686,40.3616923491205]],[[34.1141643784686,40.3616923491205],[34.0903082800263,40.3508562810459],[34.088309687858306,40.34905203004172],[34.1141643784686,40.3616923491205]],[[34.11051282051282,40.57931034482759],[34.086410256410254,40.54588859416446],[34.12325311240685,40.533411434426505],[34.13461538461539,40.57931034482759],[34.11051282051282,40.57931034482759]],[[34.1188591110079,40.6475672060875],[34.1193026718741,40.6683405977611],[34.11790814589097,40.64634513242272],[34.1188591110079,40.6475672060875]],[[34.11051282051282,40.779840848806366],[34.014102564102565,40.746419098143235],[34.0712503429066,40.7054517811725],[34.04807701943544,40.73806366047745],[34.09998170781088,40.76480927794293],[34.06109951785028,40.74558144233821],[34.11051282051282,40.779840848806366]],[[34.11051282051282,40.62944297082228],[34.06230769230769,40.61273209549071],[34.07435897435897,40.570954907161806],[34.11051282051282,40.62944297082228]],[[34.103038806529,40.7691765613403],[34.102658585875865,40.77051085419904],[34.10187047658426,40.7675075187477],[34.103038806529,40.7691765613403]],[[34.09304257689197,40.587923255504876],[34.0926151470594,40.5857645192401],[34.0984553531393,40.5729012803783],[34.09304257689197,40.587923255504876]],[[33.77414450233088,40.86265504762487],[33.797179487179484,40.89681697612732],[33.7851282051282,40.938594164456234],[33.74897435897436,40.88010610079576],[33.74897435897436,40.84668435013263],[33.84538461538462,40.84668435013263],[33.77414450233088,40.86265504762487]],[[33.8349941390665,40.8331895768073],[33.790754133885414,40.83497068539859],[33.7953297406541,40.8331895768736],[33.8349941390665,40.8331895768073]],[[33.76102564102564,41.072281167108756],[33.74897435897436,41.06392572944297],[33.809230769230766,41.005437665782495],[33.8238084423904,41.026366993633],[33.76102564102564,41.072281167108756]],[[33.819115142225,41.0053554526717],[33.819332008144876,41.00632634458101],[33.81645350701673,41.002999478741785],[33.819115142225,41.0053554526717]],[[33.79120002272892,40.972052068757726],[33.79206009108102,40.974806464889824],[33.7910817029084,40.9736756797888],[33.79120002272892,40.972052068757726]],[[33.6966561231975,41.0565485214878],[33.696400232774195,41.056503798996246],[33.73135694388728,41.0544330701675],[33.6966561231975,41.0565485214878]],[[33.54410256410256,40.37042440318302],[33.519999999999996,40.35371352785146],[33.423589743589744,40.40384615384615],[33.36333333333333,40.41220159151194],[33.519999999999996,40.33700265251989],[33.59165330263732,40.34659052886329],[33.55785509830975,40.34653760837154],[33.58025641025641,40.36206896551724],[33.54410256410256,40.37042440318302]],[[33.5026423353665,41.0543101777676],[33.49271608800175,41.05448073222828],[33.50919606962881,41.05142396106641],[33.5026423353665,41.0543101777676]],[[33.507948717948715,41.06392572944297],[33.49589743589743,41.072281167108756],[33.44769230769231,41.072281167108756],[33.41153846153846,41.04721485411141],[33.44769230769231,41.038859416445625],[33.47179487179487,41.05557029177719],[33.507948717948715,41.06392572944297]],[[33.4816307940621,41.0546712016232],[33.4445898297314,41.0346705239047],[33.485630283573144,41.054602481718135],[33.4816307940621,41.0546712016232]],[[33.435641025641026,40.99708222811671],[33.423589743589744,41.022148541114056],[33.35128205128205,40.988726790450926],[33.29102564102564,41.04721485411141],[33.26692307692308,41.04721485411141],[33.35128205128205,40.972015915119364],[33.435641025641026,40.99708222811671]],[[33.32556967327872,40.39124852698636],[33.3360101410366,40.3976734304159],[33.3256848811954,40.3914638335892],[33.32556967327872,40.39124852698636]],[[33.1910514505382,41.07254834416],[33.18735892405301,41.07201607574303],[33.200060299703665,41.067584148233756],[33.1910514505382,41.07254834416]],[[33.073574091193045,41.03724779721504],[33.05,41.03050397877984],[33.08615384615385,41.05557029177719],[33.19461538461538,41.08063660477454],[33.134358974358975,41.08899204244032],[33.06205128205128,41.072281167108756],[33.05,41.08063660477454],[33.05,41.11405835543766],[32.96564102564103,41.17254641909815],[32.953589743589745,41.147480106100794],[33.025897435897434,41.11405835543766],[33.025897435897434,41.08063660477454],[33.05,41.06392572944297],[33.025897435897434,41.01379310344828],[32.97769230769231,40.98037135278515],[33.037948717948716,40.988726790450926],[33.073574091193045,41.03724779721504]],[[33.1407562094927,41.0652984115083],[33.1178366906123,41.05320194757784],[33.161039230466656,41.06822215802939],[33.1407562094927,41.0652984115083]],[[33.0530812736038,41.079957232458],[33.05380230382601,41.07945068171422],[33.0579257959733,41.1057077085735],[33.0530812736038,41.079957232458]],[[32.95560827150629,40.51984854616518],[32.95925392532118,40.51635755641556],[32.9571405172085,40.5196270166571],[32.95560827150629,40.51984854616518]],[[32.9378045303411,41.1831511605953],[32.94278757086621,41.1810924773532],[32.9355452684991,41.18680584917],[32.9378045303411,41.1831511605953]],[[32.86923076923077,40.65450928381963],[32.83307692307692,40.646153846153844],[32.90492373927275,40.603185997516654],[32.86923076923077,40.65450928381963]],[[32.8891719112671,40.5746950666831],[32.8979327364444,40.5397480348103],[32.89979358526088,40.53868938940316],[32.8891719112671,40.5746950666831]],[[32.79407877355338,40.95593864391829],[32.798267411713894,40.95676602920271],[32.7945678262786,40.9569302271954],[32.79407877355338,40.95593864391829]],[[32.73533540939014,40.87536374831862],[32.7367078646296,40.8758685183968],[32.7701145316131,40.9073497283859],[32.73533540939014,40.87536374831862]],[[32.652307692307694,40.83832891246684],[32.664358974358976,40.84668435013263],[32.628205128205124,40.85503978779841],[32.56794871794872,40.829973474801065],[32.56794871794872,40.813262599469496],[32.652307692307694,40.83832891246684]],[[32.5894331052378,40.806243568561825],[32.5916889170378,40.8072901839287],[32.595736469908246,40.81538529040902],[32.5894331052378,40.806243568561825]],[[32.568385377663844,40.7465797123148],[32.583561928867894,40.75151158109062],[32.5757213265534,40.7508842774024],[32.568385377663844,40.7465797123148]],[[32.459487179487176,40.6712201591512],[32.4853694448818,40.6801710095638],[32.46301716665547,40.67366758238967],[32.543846153846154,40.729708222811674],[32.459487179487176,40.70464190981433],[32.39923076923077,40.646153846153844],[32.42333333333333,40.646153846153844],[32.43538461538461,40.6712201591512],[32.459487179487176,40.6712201591512]],[[32.515887832334776,40.70116545869642],[32.498618951423644,40.688931374157455],[32.5142630380811,40.6992749973272],[32.515887832334776,40.70116545869642]],[[32.51030797948637,40.88571899120681],[32.514243976493624,40.88298253610062],[32.512796283527,40.8857120405931],[32.51030797948637,40.88571899120681]],[[32.438975732368895,40.86681371236112],[32.4391859621151,40.8668403341464],[32.4823315334096,40.8857971381963],[32.438975732368895,40.86681371236112]],[[32.459487179487176,40.9051724137931],[32.42333333333333,40.88010610079576],[32.43538461538461,40.87175066312997],[32.47153846153846,40.89681697612732],[32.459487179487176,40.9051724137931]],[[32.43538461538461,40.6210875331565],[32.39923076923077,40.57931034482759],[32.43538461538461,40.570954907161806],[32.447435897435895,40.61273209549071],[32.43538461538461,40.6210875331565]],[[32.43105119874774,40.6489944033211],[32.428247571087,40.6461450021426],[32.42933833323976,40.64311510722243],[32.43105119874774,40.6489944033211]],[[32.35102564102564,40.911611735287856],[32.36518947004024,40.94900385451444],[32.35102564102564,40.912692018189176],[32.32692307692307,40.91352785145889],[32.32692307692307,40.88010610079576],[32.375128205128206,40.86339522546419],[32.35102564102564,40.88010610079576],[32.35102564102564,40.911611735287856]],[[32.18230769230769,40.56259946949602],[32.2425641025641,40.55424403183024],[32.32911350919907,40.583674366474504],[32.18230769230769,40.56259946949602]],[[32.266666666666666,41.038859416445625],[32.254615384615384,41.03050397877984],[32.32086532375334,40.98698000425937],[32.266666666666666,41.038859416445625]],[[32.218245614399414,41.02187111228028],[32.241970643836694,41.03166099423668],[32.240132560439,41.0317178003268],[32.218245614399414,41.02187111228028]],[[32.1398537871956,41.0165519002935],[32.14083513314699,41.014000400992046],[32.15176984351557,41.01586514938402],[32.1398537871956,41.0165519002935]],[[32.1247697979934,40.491222117021],[32.11276746087287,40.447205995200115],[32.1139296836537,40.4485507660558],[32.1247697979934,40.491222117021]],[[31.40853981865681,40.772831033311256],[31.439486844767,40.8262569948087],[31.42307692307692,40.83832891246684],[31.386923076923075,40.779840848806366],[31.398974358974357,40.77148541114058],[31.42307692307692,40.80490716180371],[31.40853981865681,40.772831033311256]],[[31.3806287752764,40.6886933671313],[31.381499818597188,40.69147705096074],[31.37853328311867,40.68633829823427],[31.3806287752764,40.6886933671313]],[[31.314615384615383,40.646153846153844],[31.23025641025641,40.65450928381963],[31.181472459502707,40.637397097183296],[31.1615364556085,40.6543880098168],[31.182051282051283,40.6210875331565],[31.314615384615383,40.646153846153844]],[[31.3032920098384,40.6310329910161],[31.2495669115097,40.6332572786319],[31.24832969627152,40.63274546643437],[31.3032920098384,40.6310329910161]],[[31.0814621044991,40.6635418079877],[31.0532307631164,40.6624296644886],[31.05255147626398,40.66224245433551],[31.0814621044991,40.6635418079877]],[[31.06153846153846,40.68793103448276],[31.025384615384613,40.66286472148541],[31.0374358974359,40.65450928381963],[31.073589743589743,40.679575596816974],[31.06153846153846,40.68793103448276]],[[30.9582707956602,40.636935907859],[30.961414377804225,40.6377914029914],[30.9236232401919,40.6377914028725],[30.9582707956602,40.636935907859]],[[30.880769230769232,40.608222176496625],[30.916923076923077,40.63779840848807],[30.95307692307692,40.646153846153844],[30.892820512820514,40.6712201591512],[30.856666666666666,40.61273209549071],[30.856666666666666,40.52917771883289],[30.784358974358973,40.51246684350133],[30.796410256410255,40.504111405835545],[30.83069535794324,40.50113506522594],[30.814789011339357,40.504111405835545],[30.877056617761895,40.52660367679919],[30.880769230769232,40.608222176496625]],[[30.9339146173229,40.6805819451519],[30.940007034306,40.7079611213315],[30.939653679909014,40.709138969197255],[30.9339146173229,40.6805819451519]],[[30.93864736183224,40.712493362432774],[30.916923076923077,40.73806366047745],[30.808461538461536,40.763129973474804],[30.82051282051282,40.73806366047745],[30.891401254946818,40.722336790054655],[30.916923076923077,40.68793103448276],[30.928974358974358,40.7238486274993],[30.93864736183224,40.712493362432774]],[[30.8499795937717,40.5033403183545],[30.85127539079987,40.50441759341245],[30.835504532924876,40.50168501951339],[30.8499795937717,40.5033403183545]],[[30.603589743589744,40.520822281167106],[30.591538461538462,40.51246684350133],[30.603589743589744,40.504111405835545],[30.73257561023,40.4968178752541],[30.65252685374166,40.504111405835545],[30.736153846153847,40.51246684350133],[30.603589743589744,40.520822281167106]],[[30.627691803413438,40.50234598840317],[30.6215871442777,40.5003998723655],[30.5911134327128,40.4736685462904],[30.627691803413438,40.50234598840317]],[[30.32361599379797,40.38213549702414],[30.333295687935074,40.38368496220123],[30.3292792084821,40.3841832511683],[30.32361599379797,40.38213549702414]],[[29.995804936661216,40.54012637969071],[30.000188886197293,40.55195284872502],[29.9960292506236,40.5478972602137],[29.995804936661216,40.54012637969071]]],[[[31.893076923076922,41.03050397877984],[31.905128205128204,41.038859416445625],[32.00153846153846,41.038859416445625],[32.01880727416542,41.02688654195371],[31.9980355150151,41.0319978167979],[31.914869304320884,41.015394807631246],[31.893076923076922,41.03050397877984]]],[[[41.23521563600489,40.7865356911609],[41.23011102507118,40.78819628647215],[41.23282051282051,40.78819628647215],[41.23521563600489,40.7865356911609]]],[[[39.65316954847707,40.61208521378412],[39.66615384615385,40.6210875331565],[39.68928170941885,40.6210875331565],[39.65316954847707,40.61208521378412]]],[[[36.10609805933498,40.45397877984085],[36.1016489759784,40.4513364738647],[36.09897435897436,40.45397877984085],[36.10609805933498,40.45397877984085]]],[[[35.72554129898563,40.42902109927414],[35.72538461538461,40.42640296638831],[35.72538461538461,40.4289124668435],[35.72554129898563,40.42902109927414]]],[[[33.49647412325241,40.3533136969267],[33.49528084552567,40.35371352785146],[33.49589743589743,40.35371352785146],[33.49647412325241,40.3533136969267]]],[[[33.146410256410256,40.46233421750663],[33.146410256410256,40.46898939580419],[33.16338495233347,40.45056526105216],[33.146410256410256,40.46233421750663]]],[[[32.633678920166474,40.83832891246684],[32.622593027459416,40.83443791084932],[32.628205128205124,40.83832891246684],[32.633678920166474,40.83832891246684]]],[[[32.02564102564102,41.038859416445625],[31.965384615384615,41.06392572944297],[32.073846153846155,41.105702917771886],[32.11,41.06392572944297],[32.11,41.03050397877984],[32.073846153846155,41.022148541114056],[32.02564102564102,41.038859416445625]]],[[[32.056170460797745,41.017692640053035],[32.038062081487546,41.022148541114056],[32.049743589743585,41.022148541114056],[32.056170460797745,41.017692640053035]]],[[[30.888797534442038,40.618298307501576],[30.880769230769232,40.608678106547906],[30.880769230769232,40.61273209549071],[30.888797534442038,40.618298307501576]]],[[[27.337692307692308,41.11405835543766],[27.313589743589745,41.16419098143236],[27.12076923076923,41.314588859416446],[27.144871794871793,41.331299734748015],[27.048461538461538,41.38143236074271],[27.024358974358975,41.4315649867374],[26.976153846153846,41.46498673740053],[26.952051282051283,41.53183023872679],[26.927948717948716,41.54854111405836],[26.927948717948716,41.59867374005305],[26.87974358974359,41.648806366047744],[26.9571032183125,41.6771680737391],[26.932450523526928,41.668638449208665],[26.952051282051283,41.682228116710874],[26.915897435897435,41.69058355437666],[26.891794871794872,41.6738726790451],[26.855641025641024,41.69893899204244],[26.855641025641024,41.73236074270557],[26.807435897435898,41.782493368700266],[26.807435897435898,41.815915119363396],[26.75923076923077,41.832625994694965],[26.735128205128206,41.88275862068966],[26.915897435897435,41.9579575596817],[26.988205128205127,41.84098143236074],[27.00025641025641,41.86604774535809],[26.97850016009074,41.88113186597919],[26.952051282051283,41.94960212201592],[26.96337114811049,41.92745768374847],[26.964102564102564,41.9579575596817],[27.00025641025641,41.94960212201592],[27.00025641025641,41.91618037135279],[27.144871794871793,41.73236074270557],[27.144871794871793,41.69893899204244],[27.16897435897436,41.682228116710874],[27.193076923076923,41.59867374005305],[27.217179487179486,41.58196286472149],[27.217179487179486,41.53183023872679],[27.265384615384615,41.4816976127321],[27.265384615384615,41.44827586206897],[27.313589743589745,41.41485411140584],[27.313589743589745,41.38143236074271],[27.36179487179487,41.331299734748015],[27.337692307692308,41.314588859416446],[27.434102564102563,41.264456233421754],[27.362083269778715,41.23123443587288],[27.287393609558144,41.28951667301826],[27.28948717948718,41.247745358090185],[27.373846153846152,41.22267904509284],[27.494358974358974,41.22267904509284],[27.542564102564103,41.18925729442971],[27.723333333333333,41.13076923076923],[27.71128205128205,41.105702917771886],[27.337692307692308,41.11405835543766]],[[27.231818968510968,41.32416649844138],[27.24276846326463,41.31972322508401],[27.2389185184275,41.3223292346735],[27.231818968510968,41.32416649844138]]]]}},{"type":"Feature","id":"karasal-cl","properties":{"id":"karasal-cl","name":"Karasal İklim","source":"MEB","source_url":"https://ogmmateryal.eba.gov.tr/panel/upload/images/yaitv3gvmoj.png","source_rgb":[240,229,8]},"geometry":{"type":"MultiPolygon","coordinates":[[[[44.088974358974355,37.93899204244032],[44.088974358974355,38.02254641909814],[44.11307692307692,38.03925729442971],[44.11307692307692,38.12281167108753],[44.088974358974355,38.15623342175066],[44.39025641025641,38.26485411140583],[44.40230769230769,38.206366047745355],[44.378205128205124,38.189655172413794],[44.35410256410256,38.106100795755964],[44.3310007163011,38.0998730783513],[44.304996507144416,38.03863265930748],[44.23358974358974,37.98912466843501],[44.24676399546357,37.94812606153113],[44.23213475899494,37.90456151669129],[44.14923076923077,37.897214854111404],[44.088974358974355,37.93899204244032]]],[[[32.29076923076923,36.87785145888594],[32.2570671488437,36.9065053095766],[32.27499591307173,36.88878747152287],[32.12205128205128,36.927984084880634],[31.953333333333333,37.028249336870026],[31.784615384615385,37.07838196286472],[31.64,37.14522546419098],[31.447179487179486,37.26220159151193],[31.182051282051283,37.32904509283819],[31.097692307692306,37.37082228116711],[31.085641025641024,37.412599469496016],[31.06153846153846,37.37917771883289],[30.736153846153847,37.55464190981432],[30.75668247236755,37.568874889837765],[30.7601938816492,37.5552084260422],[30.77230769230769,37.6131299734748],[30.868717948717947,37.6131299734748],[30.916923076923077,37.64655172413793],[30.94102564102564,37.62984084880637],[31.0374358974359,37.62984084880637],[31.182051282051283,37.69668435013263],[31.33871794871795,37.822015915119366],[31.33871794871795,37.87214854111406],[31.362820512820512,37.88885941644562],[31.33871794871795,38.02254641909814],[31.266410256410254,38.12281167108753],[31.169999999999998,38.189655172413794],[31.169999999999998,38.223076923076924],[30.880769230769232,38.39018567639257],[30.916923076923077,38.41525198938992],[30.95307692307692,38.4236074270557],[30.94102564102564,38.431962864721484],[30.892820512820514,38.431962864721484],[30.868717948717947,38.398541114058354],[30.724102564102562,38.51551724137931],[30.627692307692307,38.54893899204244],[30.53128205128205,38.532228116710876],[30.193846153846152,38.74946949602122],[30.049230769230768,38.78289124668435],[29.964871794871794,38.85809018567639],[29.92871794871795,38.933289124668434],[29.916666666666664,38.89151193633952],[29.94076923076923,38.87480106100796],[29.94076923076923,38.84137931034483],[29.904615384615383,38.83302387267904],[29.759999999999998,38.88315649867374],[29.711794871794872,38.88315649867374],[29.663589743589743,38.91657824933687],[29.59128205128205,38.88315649867374],[29.567179487179487,38.91657824933687],[29.518974358974358,38.91657824933687],[29.422564102564102,38.966710875331565],[29.41051282051282,39.00848806366048],[29.169487179487177,39.15888594164456],[29.09717948717949,39.242440318302386],[28.892307692307693,39.38448275862069],[28.542820512820512,39.55994694960212],[28.542820512820512,39.610079575596814],[28.47051282051282,39.643501326259944],[28.446410256410257,39.676923076923075],[28.446410256410257,39.760477453580904],[28.47051282051282,39.777188328912466],[28.47051282051282,39.810610079575596],[28.51871794871795,39.84403183023873],[28.59102564102564,39.94429708222812],[28.651282051282053,39.969363395225464],[28.675384615384615,40.002785145888595],[28.77179487179487,40.002785145888595],[28.795897435897437,40.01949602122016],[28.82,40.002785145888595],[28.892307692307693,40.05291777188329],[28.94051282051282,40.05291777188329],[28.988717948717948,40.103050397877986],[29.06102564102564,40.13647214854112],[29.10923076923077,40.11976127320955],[29.157435897435896,40.15318302387268],[29.205641025641025,40.13647214854112],[29.265897435897436,40.178249336870024],[29.29,40.228381962864724],[29.506923076923076,40.36206896551724],[29.57923076923077,40.44562334217507],[29.68769230769231,40.520822281167106],[29.759999999999998,40.537533156498675],[29.856410256410257,40.487400530503976],[29.952820512820512,40.470689655172414],[30.0143281844458,40.4321946288685],[30.07333333333333,40.437267904509284],[30.254102564102563,40.39549071618037],[30.193846153846152,40.35371352785146],[30.16974358974359,40.37042440318302],[30.13358974358974,40.36206896551724],[30.193846153846152,40.33700265251989],[30.29025641025641,40.38713527851459],[30.386666666666667,40.35371352785146],[30.53128205128205,40.33700265251989],[30.555384615384614,40.2868700265252],[30.57948717948718,40.33700265251989],[31.013333333333332,40.33700265251989],[31.0374358974359,40.35371352785146],[31.109743589743587,40.35371352785146],[31.133846153846154,40.33700265251989],[31.2379669694634,40.3349448458717],[31.33871794871795,40.37877984084881],[31.27846153846154,40.38713527851459],[31.23025641025641,40.35371352785146],[31.169999999999998,40.37877984084881],[31.374871794871794,40.42055702917772],[32.073846153846155,40.40384615384615],[32.09794871794872,40.42055702917772],[32.459487179487176,40.42055702917772],[32.48358974358974,40.437267904509284],[32.555897435897435,40.42055702917772],[32.917435897435894,40.42055702917772],[32.941538461538464,40.40384615384615],[33.2548717948718,40.37042440318302],[33.26692307692308,40.36206896551724],[33.218717948717945,40.328647214854115],[33.230769230769226,40.32029177718833],[33.30307692307692,40.35371352785146],[33.47179487179487,40.33700265251989],[33.49589743589743,40.32029177718833],[33.56820512820513,40.32029177718833],[33.59230769230769,40.33700265251989],[33.628461538461536,40.311936339522546],[33.60435897435897,40.295225464190985],[33.616410256410255,40.2868700265252],[33.66461538461538,40.32029177718833],[33.7851282051282,40.32029177718833],[33.8351107014455,40.2679417237893],[33.92974358974359,40.27015915119363],[33.97794871794872,40.22002652519894],[34.01730831323298,40.21389370890384],[34.03820512820513,40.144827586206894],[34.06230769230769,40.12811671087533],[34.06230769230769,40.07798408488064],[34.13461538461539,40.04456233421751],[34.15871794871795,39.99442970822281],[34.2169831436488,39.9691629873319],[34.15871794871795,40.06127320954907],[34.086410256410254,40.0946949602122],[34.086410256410254,40.12811671087533],[34.06230769230769,40.144827586206894],[34.03820512820513,40.211671087533155],[33.98642126402265,40.22590074092885],[33.96589743589743,40.245092838196285],[34.098461538461535,40.25344827586207],[34.1225641025641,40.2367374005305],[34.33948717948718,40.2367374005305],[34.36358974358974,40.22002652519894],[34.50820512820513,40.22002652519894],[34.53230769230769,40.20331564986738],[34.676923076923075,40.20331564986738],[34.94205128205128,40.15318302387268],[34.966153846153844,40.16989389920425],[35.03846153846153,40.13647214854112],[35.142389874715946,40.11976127320955],[35.131515129518,40.1118897279809],[35.27948717948718,40.13647214854112],[35.375897435897436,40.103050397877986],[35.4,40.11976127320955],[35.42410256410256,40.103050397877986],[35.64102564102564,40.103050397877986],[35.703775412127165,40.08633952254642],[35.6862139306184,40.0820662154484],[35.761538461538464,40.08633952254642],[35.83384615384615,40.11976127320955],[35.94230769230769,40.07798408488064],[35.91820512820513,40.06127320954907],[35.930256410256405,40.01949602122016],[35.966410256410256,40.0946949602122],[35.89410256410256,40.12811671087533],[35.90615384615384,40.13647214854112],[36.026666666666664,40.13647214854112],[36.31589743589743,40.20331564986738],[36.65333333333333,40.2367374005305],[36.74974358974359,40.27015915119363],[36.82205128205128,40.25344827586207],[36.87025641025641,40.2868700265252],[36.89435897435897,40.27015915119363],[36.918461538461536,40.2868700265252],[37.014871794871794,40.2868700265252],[37.44871794871795,40.38713527851459],[37.54512820512821,40.38713527851459],[37.56923076923077,40.37042440318302],[37.6174358974359,40.38713527851459],[37.66564102564102,40.33700265251989],[37.73794871794872,40.32029177718833],[37.75,40.37877984084881],[37.76205128205128,40.38713527851459],[37.786611079354365,40.380988734244],[37.77382165469114,40.38713527851459],[37.81025641025641,40.40384615384615],[37.91871794871795,40.39549071618037],[37.85846153846154,40.35371352785146],[37.798205128205126,40.36206896551724],[37.81025641025641,40.33700265251989],[37.85846153846154,40.33700265251989],[37.9317473774822,40.3676803642837],[37.95487179487179,40.40384615384615],[38.24410256410256,40.40384615384615],[38.268205128205125,40.38713527851459],[38.29230769230769,40.40384615384615],[38.50923076923077,40.40384615384615],[38.8225641025641,40.470689655172414],[38.9768751475521,40.4673502714897],[38.99128205128205,40.487400530503976],[39.08769230769231,40.487400530503976],[39.11179487179487,40.504111405835545],[39.834871794871795,40.520822281167106],[39.907179487179484,40.55424403183024],[40.07589743589743,40.520822281167106],[40.17230769230769,40.55424403183024],[40.24461538461538,40.520822281167106],[40.34581259835951,40.520822281167106],[40.2769362892634,40.5142765055879],[40.350918777810975,40.520822281167106],[40.4060934295078,40.5132295421736],[40.55794871794872,40.520822281167106],[40.618205128205126,40.56259946949602],[40.606153846153845,40.570954907161806],[40.55794871794872,40.537533156498675],[40.48564102564102,40.537533156498675],[40.47358974358974,40.59602122015915],[40.75076923076923,40.68793103448276],[40.82307692307692,40.6712201591512],[40.87128205128205,40.70464190981433],[40.94358974358974,40.70464190981433],[40.9676923076923,40.72135278514589],[41.13641025641025,40.72135278514589],[41.25692307692307,40.75477453580902],[41.32923076923076,40.75477453580902],[41.485897435897435,40.84668435013263],[41.51,40.91352785145889],[41.53410256410256,40.93023872679045],[41.53410256410256,40.96366047745358],[41.558205128205124,40.98037135278515],[41.558205128205124,41.04721485411141],[41.582307692307694,41.06392572944297],[41.60641025641026,41.19761273209549],[41.63051282051282,41.214323607427055],[41.60641025641026,41.23103448275862],[41.65461538461538,41.281167108753316],[41.65461538461538,41.331299734748015],[41.70282051282051,41.39814323607427],[41.70282051282051,41.44827586206897],[41.73447253981832,41.47022095782313],[41.8221113164571,41.4322076363945],[41.942536147965164,41.516027621324454],[41.91974358974359,41.41485411140584],[41.89564102564103,41.39814323607427],[41.89564102564103,41.331299734748015],[41.87153846153846,41.314588859416446],[41.87153846153846,41.13076923076923],[41.751025641025635,41.03050397877984],[41.751025641025635,40.93023872679045],[41.59435897435897,40.82161803713528],[41.32923076923076,40.72135278514589],[41.13641025641025,40.6210875331565],[41.02794871794872,40.54588859416446],[40.93153846153846,40.44562334217507],[40.93153846153846,40.41220159151194],[40.88333333333333,40.34535809018568],[40.77487179487179,40.27015915119363],[40.509743589743586,40.18660477453581],[40.44948717948718,40.12811671087533],[40.44948717948718,40.0946949602122],[40.47358974358974,40.07798408488064],[40.497692307692304,40.01114058355438],[40.55794871794872,39.9526525198939],[40.72666666666666,39.86909814323607],[40.84717948717948,39.83567639257294],[41.04,39.83567639257294],[41.35333333333333,39.935941644562334],[41.40153846153846,39.935941644562334],[41.485897435897435,39.86074270557029],[41.485897435897435,39.793899204244035],[41.51,39.777188328912466],[41.53410256410256,39.676923076923075],[41.61846153846153,39.6184350132626],[41.69076923076923,39.601724137931036],[41.81128205128205,39.534880636604775],[42.00410256410257,39.534880636604775],[42.02820512820513,39.51816976127321],[42.16076923076923,39.57665782493369],[42.16076923076923,39.62679045092838],[42.184871794871796,39.643501326259944],[42.184871794871796,39.676923076923075],[42.16076923076923,39.69363395225464],[42.28128205128205,39.84403183023873],[42.37769230769231,39.86074270557029],[42.40179487179487,39.87745358090186],[42.35358974358974,39.89416445623342],[42.41384615384615,39.935941644562334],[42.437948717948714,39.9025198938992],[42.46205128205128,39.91923076923077],[42.49820512820513,39.92758620689655],[42.42589743589743,39.94429708222812],[42.474102564102566,40.02785145888594],[42.48615384615384,40.036206896551725],[42.546410256410255,39.99442970822281],[42.546410256410255,39.96100795755968],[42.57216786448885,39.95615985965581],[42.57051282051282,39.99442970822281],[42.52230769230769,40.04456233421751],[42.52230769230769,40.07798408488064],[42.64282051282051,40.19496021220159],[42.64282051282051,40.228381962864724],[42.69102564102564,40.261803713527854],[42.7151282051282,40.34535809018568],[42.763333333333335,40.37877984084881],[42.763333333333335,40.46233421750663],[42.73923076923077,40.49575596816976],[42.85974358974359,40.56259946949602],[42.90794871794871,40.62944297082228],[42.92,40.68793103448276],[43.04051282051282,40.6210875331565],[43.112820512820505,40.6210875331565],[43.209230769230764,40.58766578249337],[43.402051282051275,40.604376657824936],[43.45025641025641,40.63779840848807],[43.70333333333333,40.62944297082228],[43.67527950267531,40.57657083866845],[43.6440752608187,40.5617652072598],[43.648912409628885,40.54157903675664],[43.5438024327713,40.4775793339578],[43.606923076923074,40.4289124668435],[43.6191391045963,40.3941594583469],[43.58282051282051,40.34535809018568],[43.6415153992117,40.2719379566503],[43.67923076923077,40.259046002769075],[43.67923076923077,40.225493436030504],[43.6548296127699,40.2265778405119],[43.702894475390835,40.17794506632295],[43.65512820512821,40.16153846153846],[43.64095233726671,40.129854737980374],[43.6761400952085,40.096581117908],[43.77564102564102,40.07798408488064],[43.73948717948718,40.05291777188329],[43.53461538461538,40.02785145888594],[43.53461538461538,39.96100795755968],[43.510512820512815,39.94429708222812],[43.58282051282051,39.86074270557029],[43.67923076923077,39.810610079575596],[43.67923076923077,39.727055702917774],[43.510512820512815,39.62679045092838],[43.510512820512815,39.59336870026525],[43.48641025641025,39.57665782493369],[43.510512820512815,39.55994694960212],[43.510512820512815,39.49310344827586],[43.53461538461538,39.4763925729443],[43.55871794871794,39.30928381962865],[43.510512820512815,39.30928381962865],[43.53461538461538,39.292572944297085],[43.53461538461538,39.259151193633954],[43.48641025641025,39.209018567639255],[43.48641025641025,39.175596816976125],[43.46230769230769,39.15888594164456],[43.46230769230769,39.0920424403183],[43.43820512820513,39.07533156498673],[43.43820512820513,38.95835543766578],[43.46230769230769,38.94164456233422],[43.46230769230769,38.89151193633952],[43.63102564102564,38.707692307692305],[43.63102564102564,38.65755968169761],[43.606923076923074,38.640848806366044],[43.606923076923074,38.55729442970822],[43.63102564102564,38.54058355437665],[43.63102564102564,38.49045092838196],[43.65512820512821,38.4737400530504],[43.67923076923077,38.39018567639257],[43.896153846153844,38.189655172413794],[43.691282051282045,38.064323607427056],[43.522564102564104,38.064323607427056],[43.498461538461534,38.08103448275862],[43.329743589743586,38.064323607427056],[43.16102564102564,38.11445623342175],[43.08871794871794,38.09774535809019],[42.99230769230769,38.14787798408488],[42.87179487179487,38.14787798408488],[42.79948717948717,38.09774535809019],[42.70307692307692,38.08103448275862],[42.66692307692308,38.139522546419094],[42.6881550791807,38.1525615217923],[42.7050735920496,38.18161351274001],[42.689644682745744,38.15719087264905],[42.64282051282051,38.15623342175066],[42.64282051282051,38.12281167108753],[42.66692307692308,38.106100795755964],[42.5825641025641,38.09774535809019],[42.48615384615384,38.01419098143236],[42.38974358974359,38.09774535809019],[42.329487179487174,38.106100795755964],[42.40179487179487,38.07267904509284],[42.474102564102566,37.98912466843501],[42.38974358974359,37.897214854111404],[42.2451282051282,37.83037135278514],[42.17282051282051,37.81366047745358],[42.13666666666666,37.83872679045093],[42.1125641025641,37.93899204244032],[41.98,37.964058355437665],[41.787179487179486,37.86379310344827],[41.73897435897436,37.84708222811671],[41.6777266963067,37.8561431974068],[41.68845213672832,37.84547573224829],[41.6425641025641,37.81366047745358],[41.35333333333333,37.74681697612732],[41.281025641025636,37.71339522546419],[41.184615384615384,37.71339522546419],[41.16051282051282,37.69668435013263],[41.01589743589743,37.69668435013263],[40.9676923076923,37.73010610079575],[40.94358974358974,37.71339522546419],[40.65435897435897,37.71339522546419],[40.654896534650646,37.7416816246299],[40.64230769230769,37.721750663129974],[40.65435897435897,37.74681697612732],[40.69051282051282,37.738461538461536],[40.63025641025641,37.76352785145888],[40.618205128205126,37.721750663129974],[40.58205128205128,37.69668435013263],[40.26871794871795,37.57970822281167],[39.97948717948718,37.429310344827584],[39.907179487179484,37.462732095490715],[39.834871794871795,37.462732095490715],[39.69025641025641,37.51286472148541],[39.37692307692308,37.64655172413793],[38.91897435897436,37.66326259946949],[38.81051282051282,37.688328912466844],[38.8706101050113,37.6944084585629],[38.914634008413,37.7140462767461],[38.8724070232717,37.6952359249282],[38.83579070554618,37.69668435013263],[38.87076923076923,37.69668435013263],[38.90692307692308,37.721750663129974],[38.89487179487179,37.73010610079575],[38.75025641025641,37.69668435013263],[38.665897435897435,37.755172413793105],[38.61769230769231,37.822015915119366],[38.61769230769231,37.88885941644562],[38.64179487179487,37.90557029177719],[38.64179487179487,38.00583554376658],[38.61769230769231,38.02254641909814],[38.61769230769231,38.05596816976127],[38.64179487179487,38.07267904509284],[38.59358974358974,38.106100795755964],[38.59358974358974,38.15623342175066],[38.485128205128206,38.19801061007957],[38.46102564102564,38.18129973474801],[38.38871794871795,38.21472148541114],[37.906666666666666,38.19801061007957],[37.76205128205128,38.16458885941645],[37.75,38.206366047745355],[37.64153846153846,38.2815649867374],[37.62948717948718,38.273209549071616],[37.65358974358974,38.239787798408486],[37.72589743589744,38.206366047745355],[37.72589743589744,38.172944297082225],[37.52102564102564,38.14787798408488],[37.207692307692305,38.01419098143236],[37.13538461538461,38.01419098143236],[37.111282051282046,38.030901856763926],[37.08717948717948,38.01419098143236],[36.26769230769231,37.997480106100795],[36.23153846153846,38.02254641909814],[36.26769230769231,38.064323607427056],[36.30384615384615,38.07267904509284],[36.35205128205128,38.139522546419094],[36.339999999999996,38.16458885941645],[36.30384615384615,38.106100795755964],[36.19538461538461,38.01419098143236],[36.0748717948718,38.01419098143236],[35.954358974358975,38.04761273209549],[35.78564102564103,38.04761273209549],[35.793482193018804,38.08103448275862],[35.89410256410256,38.0893899204244],[35.78564102564103,38.09774535809019],[35.77536681881919,38.05473608165281],[35.64102564102564,38.04761273209549],[35.35179487179487,37.980769230769226],[35.27271954953381,37.98546138800028],[35.267435897435895,38.05596816976127],[35.24380585368414,38.072351435605306],[35.24333333333333,38.12281167108753],[35.21923076923077,38.15623342175066],[35.15897435897436,38.18129973474801],[35.086666666666666,38.18129973474801],[35.074615384615385,38.172944297082225],[35.086666666666666,38.16458885941645],[35.13420011684422,38.16458885941645],[35.08913746467391,38.16117351496317],[35.15897435897436,38.16458885941645],[35.21923076923077,38.12281167108753],[35.21923076923077,38.07267904509284],[35.24333333333333,38.05596816976127],[35.24333333333333,37.97241379310345],[34.86974358974359,37.964058355437665],[34.55641025641025,37.88050397877984],[34.496153846153845,37.822015915119366],[34.496153846153845,37.771883289124666],[34.44794871794872,37.755172413793105],[34.44794871794872,37.738461538461536],[34.279230769230765,37.638196286472144],[34.24307692307692,37.59641909814324],[34.14666666666666,37.57970822281167],[34.11051282051282,37.55464190981432],[34.11051282051282,37.52122015915119],[34.05025641025641,37.47944297082228],[34.00205128205128,37.47944297082228],[33.88153846153846,37.412599469496016],[33.83333333333333,37.412599469496016],[33.73692307692308,37.36246684350132],[33.68871794871795,37.36246684350132],[33.66461538461538,37.32904509283819],[33.519999999999996,37.2789124668435],[33.49589743589743,37.2287798408488],[33.44769230769231,37.2287798408488],[33.2548717948718,37.14522546419098],[32.98974358974359,36.927984084880634],[32.845128205128205,36.87785145888594],[32.812368806399434,36.883853446209315],[32.79692307692308,36.91127320954907],[32.77282051282051,36.87785145888594],[32.58,36.86114058355437],[32.29076923076923,36.87785145888594]],[[43.58282051282051,40.144827586206894],[43.618974358974356,40.11976127320955],[43.63056518852618,40.127012651751976],[43.59487179487179,40.15318302387268],[43.58282051282051,40.144827586206894]],[[43.5875731985125,39.7969951182975],[43.593789959960176,39.79403131354061],[43.5639643753762,39.8314171427481],[43.5875731985125,39.7969951182975]],[[43.5608748311986,40.1178467427998],[43.56119159755096,40.1180137137328],[43.5287790375912,40.1213063741315],[43.5608748311986,40.1178467427998]],[[43.37794871794871,39.40119363395225],[43.36589743589744,39.39283819628647],[43.45025641025641,39.33435013262599],[43.46230769230769,39.34270557029178],[43.37794871794871,39.40119363395225]],[[43.39,39.827320954907165],[43.4512367500831,39.783478616379],[43.46230769230769,39.793899204244035],[43.39,39.827320954907165]],[[43.3722691928435,40.1283477465327],[43.3442549821073,40.1382644384362],[43.34413799688777,40.135331916721015],[43.3722691928435,40.1283477465327]],[[43.2574358974359,40.036206896551725],[43.24538461538461,40.02785145888594],[43.28153846153846,39.969363395225464],[43.30564102564102,39.986074270557026],[43.341794871794875,39.97771883289125],[43.2574358974359,40.036206896551725]],[[43.28090281258018,39.380072219628495],[43.31852849379855,39.38068055722279],[43.282606012178,39.3811320573278],[43.28090281258018,39.380072219628495]],[[43.24538461538461,39.39283819628647],[43.2574358974359,39.38448275862069],[43.317692307692305,39.39283819628647],[43.24538461538461,39.39283819628647]],[[43.124871794871794,39.30928381962865],[43.13911375270672,39.347080358063266],[43.124871794871794,39.34270557029178],[43.136923076923075,39.35106100795756],[43.209230769230764,39.33435013262599],[43.24538461538461,39.35941644562334],[43.209230769230764,39.36777188328912],[43.1851282051282,39.35106100795756],[43.136923076923075,39.36777188328912],[43.10076923076923,39.34270557029178],[43.10076923076923,39.30928381962865],[43.164940715101565,39.23679929369732],[43.15128613532882,39.18561369059295],[43.17307692307692,39.259151193633954],[43.124871794871794,39.30928381962865]],[[43.136923076923075,39.21737400530504],[43.07666666666667,39.15888594164456],[43.128251060825555,39.16724137931035],[43.1003905445281,39.1505600044811],[43.14897435897436,39.175596816976125],[43.136923076923075,39.21737400530504]],[[42.70307692307692,38.91657824933687],[42.727179487179484,38.933289124668434],[42.79948717948717,38.91657824933687],[42.835641025641024,38.94164456233422],[42.835641025641024,38.99177718832891],[42.85974358974359,39.02519893899204],[42.932051282051276,39.07533156498673],[42.92,39.15053050397878],[42.823589743589736,39.18395225464191],[42.69102564102564,39.19230769230769],[42.7151282051282,39.225729442970824],[42.7151282051282,39.34270557029178],[42.763333333333335,39.35941644562334],[42.847692307692306,39.434615384615384],[42.89589743589743,39.41790450928382],[42.944102564102565,39.45132625994695],[42.99230769230769,39.45132625994695],[43.124871794871794,39.55994694960212],[43.06461538461538,39.58501326259947],[42.944102564102565,39.58501326259947],[42.92,39.568302387267906],[42.847692307692306,39.58501326259947],[42.77538461538461,39.534880636604775],[42.558461538461536,39.501458885941645],[42.546410256410255,39.49310344827586],[42.57051282051282,39.4763925729443],[42.57051282051282,39.44297082228117],[42.64282051282051,39.40954907161804],[42.5825641025641,39.36777188328912],[42.5102564102564,39.40119363395225],[42.49820512820513,39.37612732095491],[42.52230769230769,39.35941644562334],[42.5102564102564,39.35106100795756],[42.437948717948714,39.33435013262599],[42.22102564102563,39.33435013262599],[41.98,39.26750663129973],[41.967948717948715,39.242440318302386],[42.01615384615384,39.175596816976125],[41.87153846153846,39.05862068965517],[41.88358974358974,39.033554376657825],[41.955897435897434,39.033554376657825],[41.98,39.01684350132626],[42.00410256410257,39.033554376657825],[42.076410256410256,39.000132625994695],[42.12461538461538,39.01684350132626],[42.2451282051282,39.000132625994695],[42.26923076923077,38.95],[42.3174358974359,38.95],[42.35358974358974,38.99177718832891],[42.41384615384615,39.01684350132626],[42.57051282051282,38.92493368700265],[42.546410256410255,38.90822281167109],[42.558461538461536,38.88315649867374],[42.596403706402185,38.90946269728263],[42.70307692307692,38.91657824933687]],[[43.052564102564105,39.99442970822281],[43.06461538461538,39.986074270557026],[43.124871794871794,39.99442970822281],[43.052564102564105,39.99442970822281]],[[43.01641025641025,39.033554376657825],[42.932051282051276,39.02519893899204],[43.00435897435897,39.00848806366048],[43.06461538461538,38.91657824933687],[43.07666666666667,38.94164456233422],[43.01641025641025,39.033554376657825]],[[43.022484042021446,39.102061178423135],[43.0589309725928,39.1158424554897],[43.025685819104,39.1046057486064],[43.022484042021446,39.102061178423135]],[[43.028461538461535,39.12546419098143],[43.00435897435897,39.108753315649864],[43.052564102564105,39.12546419098143],[43.028461538461535,39.12546419098143]],[[42.9942182434371,39.9930734214754],[42.97667233494,39.99323292973175],[42.99574714709335,39.99250599329482],[42.9942182434371,39.9930734214754]],[[42.92581688092737,38.94318608284897],[42.9294376159571,38.941789745588],[42.9416817507885,38.9471368675501],[42.92581688092737,38.94318608284897]],[[42.9416817507885,38.9471368675501],[42.9547783266416,38.9857291424131],[42.954855324243645,38.98904004311365],[42.9416817507885,38.9471368675501]],[[42.9394216677576,39.9935715721549],[42.935419406470345,39.99153553805909],[42.94117467054979,39.99355563576615],[42.9394216677576,39.9935715721549]],[[42.896264224351725,38.95458307136057],[42.89958602173851,38.95330201946738],[42.8971998917298,38.9544988481399],[42.896264224351725,38.95458307136057]],[[42.546410256410255,39.92758620689655],[42.63076923076923,39.91923076923077],[42.8607968852018,39.965343032897],[42.65218273961141,39.934077259220395],[42.66692307692308,39.94429708222812],[42.546410256410255,39.92758620689655]],[[42.85974358974359,39.97771883289125],[42.77538461538461,39.986074270557026],[42.73923076923077,39.96100795755968],[42.85974358974359,39.97771883289125]],[[42.763333333333335,38.40689655172414],[42.73923076923077,38.39018567639257],[42.7874358974359,38.40689655172414],[42.763333333333335,38.40689655172414]],[[42.76919541544131,38.37924107200476],[42.7773654397109,38.3945244299561],[42.77723446623929,38.394996536196615],[42.76919541544131,38.37924107200476]],[[42.6825009016887,38.310878498336],[42.7489150534009,38.3413033594327],[42.749625653090504,38.34263265161813],[42.6825009016887,38.310878498336]],[[42.73923076923077,38.35676392572944],[42.727179487179484,38.36511936339522],[42.66692307692308,38.323342175066315],[42.67897435897436,38.31498673740053],[42.73923076923077,38.35676392572944]],[[42.72316184104779,38.18647216904477],[42.7300677938678,38.18783282152],[42.73025835620692,38.18837835289503],[42.72316184104779,38.18647216904477]],[[42.64282051282051,38.289920424403185],[42.68687058684871,38.259726894141764],[42.69102564102564,38.273209549071616],[42.64282051282051,38.289920424403185]],[[42.581322974376036,38.88704451342452],[42.5924139127648,38.8918057741255],[42.59468781585839,38.896732565044296],[42.581322974376036,38.88704451342452]],[[42.573496755623275,38.88740238648851],[42.5770699954013,38.8852187399016],[42.57779917244099,38.885531770401045],[42.573496755623275,38.88740238648851]],[[42.4720733023911,39.9170224167951],[42.46672578090826,39.91573566949106],[42.4944070576118,39.9118748599513],[42.4720733023911,39.9170224167951]],[[42.48428163761258,38.020545031896596],[42.4841355783751,38.025364989014],[42.481198622132766,38.02619722712589],[42.48428163761258,38.020545031896596]],[[42.4304937377881,39.5118840524788],[42.4773038835854,39.5711397926372],[42.428051542811005,39.5111690012274],[42.4304937377881,39.5118840524788]],[[42.41384615384615,39.51816976127321],[42.474102564102566,39.57665782493369],[42.437948717948714,39.568302387267906],[42.38974358974359,39.51816976127321],[42.3174358974359,39.51816976127321],[42.28128205128205,39.49310344827586],[42.29333333333333,39.484748010610076],[42.3174358974359,39.501458885941645],[42.41384615384615,39.51816976127321]],[[42.3443103579336,39.5013634360601],[42.33356420664073,39.49910291880865],[42.4044869258803,39.497651476706],[42.3443103579336,39.5013634360601]],[[42.3222527552861,39.4967234873053],[42.312251109989866,39.48966180691937],[42.32444744068014,39.497185152515435],[42.3222527552861,39.4967234873053]],[[42.20897435897436,38.189655172413794],[42.268346807128346,38.16341397570727],[42.25473673060796,38.171250676421856],[42.22102564102563,38.19801061007957],[42.20897435897436,38.189655172413794]],[[42.22102564102563,39.45132625994695],[42.20897435897436,39.44297082228117],[42.22102564102563,39.434615384615384],[42.246543041462346,39.449129574681976],[42.231500238351515,39.44187766962856],[42.257179487179485,39.45968169761273],[42.22102564102563,39.45132625994695]],[[42.23744104278089,38.21271765922258],[42.2373129109145,38.2135421523279],[42.23671008969169,38.21412075305456],[42.23744104278089,38.21271765922258]],[[42.10051282051282,38.24814323607427],[42.08846153846154,38.239787798408486],[42.12430965281838,38.2314323607427],[42.10982534490635,38.22375091852425],[42.23307692307692,38.223076923076924],[42.23307692307692,38.239787798408486],[42.10051282051282,38.24814323607427]],[[42.20897435897436,39.40954907161804],[42.19692307692307,39.41790450928382],[42.16076923076923,39.37612732095491],[42.20973641991356,39.35304869364865],[42.18935655983476,39.38972880311699],[42.20897435897436,39.40954907161804]],[[42.16752314690934,38.81897518991138],[42.1687513273937,38.8192708965943],[42.166039018805,38.8490287947469],[42.16752314690934,38.81897518991138]],[[42.148717948717945,38.86644562334217],[42.08846153846154,38.8079575596817],[42.10051282051282,38.79960212201591],[42.12461538461538,38.81631299734748],[42.16076923076923,38.824668435013265],[42.148717948717945,38.86644562334217]],[[42.11816380596616,38.80709103512527],[42.12695361040132,38.809207339647394],[42.1186898615394,38.8074917277849],[42.11816380596616,38.80709103512527]],[[42.01615384615384,38.189655172413794],[42.02820512820513,38.18129973474801],[42.08846153846154,38.189655172413794],[42.01615384615384,38.189655172413794]],[[41.97705450329592,39.201979439342566],[41.95056810283428,39.19532645723082],[41.9743279731548,39.2004092143473],[41.97705450329592,39.201979439342566]],[[41.93179487179487,38.21472148541114],[41.91974358974359,38.206366047745355],[41.91974358974359,38.172944297082225],[41.955897435897434,38.14787798408488],[41.96971025904515,38.15507265074481],[41.93179487179487,38.21472148541114]],[[41.88358974358974,39.21737400530504],[41.84743589743589,39.19230769230769],[41.93179487179487,39.18395225464191],[41.967948717948715,39.209018567639255],[41.88358974358974,39.21737400530504]],[[41.91974358974359,38.607427055702914],[41.87153846153846,38.59071618037135],[41.940452446913,38.5864773331063],[41.93179487179487,38.63249336870027],[41.91974358974359,38.607427055702914]],[[41.87397858438951,38.19499350824418],[41.8728338424807,38.1954552208086],[41.8502708524594,38.1957292653523],[41.87397858438951,38.19499350824418]],[[41.81460349090463,38.60042453727705],[41.82512142956808,38.59799047050556],[41.8170811578365,38.6001938650468],[41.81460349090463,38.60042453727705]],[[41.7148717948718,38.63249336870027],[41.678717948717946,38.62413793103448],[41.73897435897436,38.59907161803714],[41.82333333333333,38.607427055702914],[41.7148717948718,38.63249336870027]],[[41.8042203088831,39.178422993782],[41.7961539362411,39.1707135409941],[41.806678537951015,39.178907190434344],[41.8042203088831,39.178422993782]],[[41.64261882796715,38.24387048320748],[41.66117984046703,38.261049965581435],[41.7149414657881,38.2379277086938],[41.6630692174053,38.2606753552668],[41.678717948717946,38.273209549071616],[41.6425641025641,38.31498673740053],[41.60641025641026,38.223076923076924],[41.63051282051282,38.223076923076924],[41.63051282051282,38.239787798408486],[41.65461538461538,38.256498673740055],[41.64261882796715,38.24387048320748]],[[41.61846153846153,38.41525198938992],[41.60641025641026,38.40689655172414],[41.64138160442825,38.41443213558333],[41.63533440824982,38.392295804976854],[41.65461538461538,38.4236074270557],[41.61846153846153,38.41525198938992]],[[41.63020496796784,38.2174105481983],[41.63518983486954,38.229330882445076],[41.6296615847777,38.218511307276],[41.63020496796784,38.2174105481983]],[[41.6339106209494,38.49250214821873],[41.6325832380625,38.4969144669402],[41.63156463959576,38.49797610473495],[41.6339106209494,38.49250214821873]],[[41.63051282051282,39.259151193633954],[41.570256410256405,39.2842175066313],[41.53410256410256,39.275862068965516],[41.60641025641026,39.242440318302386],[41.582307692307694,39.225729442970824],[41.59435897435897,39.16724137931035],[41.60641025641026,39.179695618214964],[41.6091587989667,39.16672871419388],[41.60641025641026,39.21914526926309],[41.63051282051282,39.259151193633954]],[[41.61846153846153,38.08103448275862],[41.63051282051282,38.106100795755964],[41.59435897435897,38.13116710875332],[41.54615384615384,38.08103448275862],[41.49794871794872,38.08103448275862],[41.46179487179487,38.05596816976127],[41.52205128205128,38.04761273209549],[41.570256410256405,38.08103448275862],[41.61846153846153,38.08103448275862]],[[41.626306944093,38.50345595615954],[41.6255803667927,38.5042132338779],[41.621172779635025,38.50460794315589],[41.626306944093,38.50345595615954]],[[41.558205128205124,38.607427055702914],[41.53410256410256,38.59071618037135],[41.582307692307694,38.607427055702914],[41.558205128205124,38.607427055702914]],[[41.57338176046685,38.07799875366327],[41.57866940677044,38.08078988669681],[41.5772182654186,38.0806929284693],[41.57338176046685,38.07799875366327]],[[41.56129013639611,38.589549667701725],[41.57042120491394,38.59088696537559],[41.5618916762572,38.5898870923868],[41.56129013639611,38.589549667701725]],[[41.512891455817005,38.559396332887765],[41.52070750287731,38.566785453356786],[41.5154724538101,38.5638489317775],[41.512891455817005,38.559396332887765]],[[41.49794871794872,38.58236074270557],[41.46179487179487,38.52387267904509],[41.49087436044544,38.521413624389396],[41.51,38.55729442970822],[41.49794871794872,38.58236074270557]],[[41.24487179487179,38.40689655172414],[41.32923076923076,38.465384615384615],[41.35745137527487,38.466001174865326],[41.4863625502196,38.517243248378456],[41.41956403308825,38.49459304399171],[41.4376923076923,38.50716180371353],[41.35333333333333,38.498806366047745],[41.29622929323496,38.53839794190465],[41.293076923076924,38.59071618037135],[41.25692307692307,38.6157824933687],[41.24487179487179,38.607427055702914],[41.268974358974354,38.59071618037135],[41.268974358974354,38.54058355437665],[41.3051282051282,38.498806366047745],[41.34128205128205,38.49045092838196],[41.22076923076923,38.4236074270557],[41.196666666666665,38.35676392572944],[41.21464813080895,38.351911222383414],[41.24487179487179,38.40689655172414]],[[41.44220746530462,38.01419098143236],[41.4416246821927,38.0140799187954],[41.3789853722408,37.9756397266075],[41.46179487179487,38.02254641909814],[41.42564102564103,38.030901856763926],[41.36538461538461,37.98912466843501],[41.377435897435895,37.980769230769226],[41.42564102564103,38.01419098143236],[41.44220746530462,38.01419098143236]],[[41.3532582742447,38.4586159481588],[41.35349107576556,38.45902597691718],[41.3328354090945,38.4634182680984],[41.3532582742447,38.4586159481588]],[[41.22076923076923,39.34270557029178],[41.34128205128205,39.34270557029178],[41.32923076923076,39.35106100795756],[41.22076923076923,39.34270557029178]],[[41.3152111251189,38.4504840845204],[41.3153558267814,38.45059304332289],[41.31478543439909,38.45044552256969],[41.3152111251189,38.4504840845204]],[[41.22076923076923,39.108753315649864],[41.28550895312218,39.06181973729571],[41.293076923076924,39.07533156498673],[41.22076923076923,39.108753315649864]],[[41.2654615513315,38.4171076805844],[41.26666164023471,38.41944278962565],[41.26434584186471,38.416696600893694],[41.2654615513315,38.4171076805844]],[[41.247588174278754,38.66076744252474],[41.247628886719596,38.65876313764122],[41.2478148693821,38.660190554252],[41.247588174278754,38.66076744252474]],[[41.22076923076923,38.0893899204244],[41.20871794871795,38.16458885941645],[41.1725641025641,38.15623342175066],[41.196666666666665,38.139522546419094],[41.196666666666665,38.106100795755964],[41.12435897435897,38.02254641909814],[41.168903445312836,38.03573594349335],[41.1725641025641,38.05596816976127],[41.22076923076923,38.0893899204244]],[[41.17350784748632,38.0549177427454],[41.20123712262553,38.06912949230727],[41.1735654272501,38.055157618288],[41.17350784748632,38.0549177427454]],[[41.14846153846153,38.323342175066315],[41.184615384615384,38.2815649867374],[41.196666666666665,38.289920424403185],[41.184615384615384,38.33169761273209],[41.14846153846153,38.323342175066315]],[[41.17575346001718,39.241267880350584],[41.1745435545488,39.1763052740385],[41.1764471230315,39.2399796489841],[41.17575346001718,39.241267880350584]],[[41.14846153846153,39.242440318302386],[41.16051282051282,39.18395225464191],[41.1725641025641,39.19230769230769],[41.1725641025641,39.242440318302386],[41.14846153846153,39.242440318302386]],[[41.12435897435897,39.37612732095491],[41.1725641025641,39.37612732095491],[41.16051282051282,39.40119363395225],[41.12435897435897,39.37612732095491]],[[41.165558184976966,38.19496312014404],[41.164342228686,38.1895432527751],[41.16702937909368,38.188126971355814],[41.165558184976966,38.19496312014404]],[[41.1557934020942,38.7470505169129],[41.154739504462796,38.74740050529168],[41.1587138125512,38.6972397615482],[41.1557934020942,38.7470505169129]],[[41.15683509060527,38.02241085661305],[41.1444849294683,38.00923901476],[41.14462403305976,38.00892820660507],[41.15683509060527,38.02241085661305]],[[41.1288245545053,37.9449169795311],[41.142176003262,37.9749189736955],[41.12845728028848,37.94473535645671],[41.1288245545053,37.9449169795311]],[[41.142176003262,37.9749189736955],[41.154599712088,37.9858100390217],[41.15453703549998,37.98594742715079],[41.142176003262,37.9749189736955]],[[41.12435897435897,38.757824933687004],[41.13641025641025,38.69933687002653],[41.14846153846153,38.707692307692305],[41.14846153846153,38.757824933687004],[41.12435897435897,38.757824933687004]],[[40.991794871794866,39.468037135278514],[40.93153846153846,39.45968169761273],[40.9676923076923,39.434615384615384],[41.13625965872633,39.42983753984774],[41.07932451421251,39.434615384615384],[41.11230769230769,39.434615384615384],[41.12435897435897,39.44297082228117],[41.11230769230769,39.45132625994695],[40.991794871794866,39.468037135278514]],[[41.088205128205125,37.9473474801061],[41.076153846153844,37.92228116710875],[41.10025641025641,37.92228116710875],[41.10025641025641,37.93899204244032],[41.12435897435897,37.95570291777188],[41.088205128205125,37.9473474801061]],[[41.105564473978646,37.93318432658077],[41.1054531892821,37.9331300597812],[41.104093376019335,37.930166455161235],[41.105564473978646,37.93318432658077]],[[41.03376384408996,37.88106638357305],[41.093967353445365,37.909393512118136],[41.0367820860745,37.8841370541479],[41.03376384408996,37.88106638357305]],[[40.991794871794866,37.84708222811671],[40.95564102564102,37.822015915119366],[41.04,37.73010610079575],[41.05205128205128,37.7734997617856],[40.991794871794866,37.84708222811671]],[[40.9156409999788,39.4411589981004],[40.84717948717948,39.468037135278514],[40.798974358974355,39.434615384615384],[40.73871794871795,39.4262599469496],[40.798974358974355,39.41790450928382],[40.83538763254009,39.434615384615384],[40.80894457699188,39.417279917734106],[40.9156409999788,39.4411589981004]],[[40.907435897435896,38.640848806366044],[40.87128205128205,38.64920424403183],[40.81102564102564,38.607427055702914],[40.84717948717948,38.59907161803714],[40.87128205128205,38.63249336870027],[40.907435897435896,38.640848806366044]],[[40.89024573633447,38.624358295460624],[40.8952527830359,38.6246050195385],[40.89570347195066,38.62507606213074],[40.89024573633447,38.624358295460624]],[[40.8126467729675,38.5660581237403],[40.8459453200964,38.5950571327853],[40.84690281956109,38.59656741545334],[40.8126467729675,38.5660581237403]],[[40.79122704083449,39.41362852821188],[40.75559049559302,39.41138703191144],[40.7780634657118,39.4109156600201],[40.79122704083449,39.41362852821188]],[[40.756271705898,40.6075023463908],[40.77860320227994,40.643455130013834],[40.7771905395685,40.6429324448334],[40.756271705898,40.6075023463908]],[[40.72666666666666,39.534880636604775],[40.714615384615385,39.52652519893899],[40.76282051282051,39.52652519893899],[40.76282051282051,39.54323607427056],[40.72666666666666,39.534880636604775]],[[40.7025641025641,38.59907161803714],[40.76282051282051,38.62413793103448],[40.7025641025641,38.63249336870027],[40.678461538461534,38.6157824933687],[40.66641025641025,38.62413793103448],[40.65435897435897,38.64920424403183],[40.59410256410256,38.59071618037135],[40.606153846153845,38.58236074270557],[40.65435897435897,38.6157824933687],[40.7025641025641,38.59907161803714]],[[40.74979989606495,38.61475091720519],[40.75499756875334,38.60855702381174],[40.7511725330577,38.6153655870649],[40.74979989606495,38.61475091720519]],[[40.721408469532115,38.602037174055255],[40.7228138806285,38.6016436589904],[40.73409634999597,38.607718834789985],[40.721408469532115,38.602037174055255]],[[40.69051282051282,39.676923076923075],[40.65435897435897,39.68527851458886],[40.64230769230769,39.676923076923075],[40.66641025641025,39.643501326259944],[40.64230769230769,39.610079575596814],[40.66445140765074,39.60767099990997],[40.69051282051282,39.676923076923075]],[[40.606153846153845,39.45132625994695],[40.57,39.44297082228117],[40.6286257982856,39.4140501240255],[40.69051282051282,39.4262599469496],[40.606153846153845,39.45132625994695]],[[40.6579372690368,39.4168457262958],[40.63457428722792,39.413925354114426],[40.68381669333101,39.412892491703445],[40.6579372690368,39.4168457262958]],[[40.66838345968757,38.62463001580902],[40.671801624612144,38.62088370707695],[40.6688409617465,38.6244220603425],[40.66838345968757,38.62463001580902]],[[40.64221689729058,38.59633197485736],[40.6442329691636,38.5974356004384],[40.64374525417209,38.59887923694212],[40.64221689729058,38.59633197485736]],[[40.61844687233426,38.58621949015252],[40.6230097201964,38.5858177009049],[40.63310439140163,38.59134366330902],[40.61844687233426,38.58621949015252]],[[40.58205128205128,39.51816976127321],[40.57,39.50981432360743],[40.605056727429584,39.50824534920077],[40.618205128205126,39.52652519893899],[40.58205128205128,39.51816976127321]],[[40.54589743589743,39.760477453580904],[40.57,39.793899204244035],[40.55794871794872,39.80225464190981],[40.52179487179487,39.760477453580904],[40.601029784522865,39.69684225000555],[40.54589743589743,39.760477453580904]],[[40.57,40.44562334217507],[40.52179487179487,40.44562334217507],[40.54589743589743,40.37877984084881],[40.58203144922802,40.365290819854586],[40.59410256410256,40.37877984084881],[40.5805346501528,40.3939794680414],[40.57,40.44562334217507]],[[40.5818538559935,40.4906584061672],[40.5686617975896,40.470776089943],[40.56711474018026,40.465880758395905],[40.5818538559935,40.4906584061672]],[[40.425384615384615,39.91087533156499],[40.52179487179487,39.876087198763045],[40.53384615384615,39.85238726790451],[40.57,39.86074270557029],[40.46153846153846,39.91923076923077],[40.425384615384615,39.91087533156499]],[[40.553785538550514,39.53216917315677],[40.5498430276786,39.5328854119594],[40.54638931518333,39.531368997002986],[40.553785538550514,39.53216917315677]],[[40.509743589743586,40.35371352785146],[40.497692307692304,40.34535809018568],[40.52179487179487,40.295225464190985],[40.54592241618024,40.28788769242237],[40.509743589743586,40.35371352785146]],[[40.5040146099344,39.5148253032447],[40.50481391274351,39.5152375956957],[40.47948171631063,39.514463638758315],[40.5040146099344,39.5148253032447]],[[40.40128205128205,39.57665782493369],[40.37717948717949,39.57665782493369],[40.41333333333333,39.51816976127321],[40.497692307692304,39.52652519893899],[40.4374358974359,39.534880636604775],[40.40128205128205,39.57665782493369]],[[40.40128205128205,38.640848806366044],[40.435846406466226,38.62710536661969],[40.47358974358974,38.640848806366044],[40.40128205128205,38.640848806366044]],[[40.41333333333333,40.01949602122016],[40.37717948717949,40.01114058355438],[40.4111109355964,40.0018926644601],[40.459431483954674,40.013914630763146],[40.4374358974359,40.036206896551725],[40.41333333333333,40.01949602122016]],[[40.44948717948718,38.59071618037135],[40.4374358974359,38.6157824933687],[40.425384615384615,38.59071618037135],[40.35307692307692,38.55729442970822],[40.389230769230764,38.54893899204244],[40.44948717948718,38.59071618037135]],[[40.4099505278129,39.6029912090291],[40.3437063349209,39.598327465049],[40.41015790144986,39.60281867416163],[40.4099505278129,39.6029912090291]],[[40.32897435897436,39.610079575596814],[40.34102564102564,39.601724137931036],[40.40128205128205,39.610079575596814],[40.32897435897436,39.610079575596814]],[[40.35512668705469,38.49439889485241],[40.3572617025101,38.4998269486163],[40.35309839669272,38.50828100822891],[40.35512668705469,38.49439889485241]],[[40.12410256410256,38.64920424403183],[40.11205128205128,38.640848806366044],[40.19641025641025,38.565649867374006],[40.22486916830813,38.5686702258968],[40.2325641025641,38.54058355437665],[40.25666666666667,38.52387267904509],[40.25666666666667,38.49045092838196],[40.18435897435897,38.4737400530504],[40.19641025641025,38.465384615384615],[40.2534448933311,38.4613371475054],[40.215834063090114,38.465384615384615],[40.353091795649,38.4892253960256],[40.35307692307692,38.52387267904509],[40.34102564102564,38.532228116710876],[40.316923076923075,38.498806366047745],[40.23876000524956,38.54487931962813],[40.2325641025641,38.57400530503979],[40.12410256410256,38.64920424403183]],[[40.28076923076923,40.02785145888594],[40.29282051282051,40.01949602122016],[40.35307692307692,40.02785145888594],[40.28076923076923,40.02785145888594]],[[40.30709538454657,40.0135202765949],[40.34407517925857,40.017394350671964],[40.3390465808656,40.0185571891127],[40.30709538454657,40.0135202765949]],[[40.3329102899599,39.9319003311361],[40.325033049242414,39.93287799071718],[40.33445674552891,39.93045623947379],[40.3329102899599,39.9319003311361]],[[40.3305456590544,38.7603849269051],[40.260946129152266,38.727370235150715],[40.32897435897436,38.774535809018566],[40.316923076923075,38.78289124668435],[40.18435897435897,38.69098143236074],[40.19641025641025,38.68262599469496],[40.3305456590544,38.7603849269051]],[[40.32897435897436,39.94429708222812],[40.316923076923075,39.9526525198939],[40.26871794871795,39.9526525198939],[40.25666666666667,39.97771883289125],[40.2325641025641,39.97771883289125],[40.25666666666667,39.94429708222812],[40.2325641025641,39.92758620689655],[40.24461538461538,39.91923076923077],[40.26871794871795,39.935941644562334],[40.32897435897436,39.94429708222812]],[[40.29350202137618,39.49978272319884],[40.28076923076923,39.49310344827586],[40.32897435897436,39.52652519893899],[40.25666666666667,39.50981432360743],[40.25666666666667,39.45968169761273],[40.297604552006696,39.434915245722564],[40.28076923076923,39.4763925729443],[40.29350202137618,39.49978272319884]],[[40.29282051282051,39.41790450928382],[40.25666666666667,39.37612732095491],[40.2934900296602,39.365842026202],[40.32897435897436,39.40954907161804],[40.29282051282051,39.41790450928382]],[[40.324964157805404,39.51128816843123],[40.3239471303918,39.5112746799975],[40.31004851701408,39.50602844276393],[40.324964157805404,39.51128816843123]],[[40.2925109021583,39.9278400187714],[40.317760598912855,39.93378058859348],[40.3082192915842,39.9349647787002],[40.2925109021583,39.9278400187714]],[[40.304871794871794,39.12546419098143],[40.29282051282051,39.13381962864722],[40.208461538461535,39.04190981432361],[40.255255271762806,39.05764213632858],[40.24421332287397,39.0398022618512],[40.304871794871794,39.12546419098143]],[[40.17230769230769,39.20066312997348],[40.08794871794872,39.15888594164456],[40.12410256410256,39.15053050397878],[40.205997167238635,39.17730542358335],[40.27263068668004,39.16452858593237],[40.29584235250245,39.142511789460734],[40.304871794871794,39.15888594164456],[40.26871794871795,39.18395225464191],[40.17230769230769,39.20066312997348]],[[40.2946875334374,38.4774695715462],[40.2951793100769,38.478011134569876],[40.29006174361251,38.47566015287692],[40.2946875334374,38.4774695715462]],[[40.2745002537431,39.9312434521752],[40.28314396388561,39.929610068903614],[40.275690557198,39.9319366761788],[40.2745002537431,39.9312434521752]],[[40.220512820512816,40.069628647214856],[40.18435897435897,40.04456233421751],[40.220512820512816,40.036206896551725],[40.25666666666667,40.06127320954907],[40.220512820512816,40.069628647214856]],[[40.2512620196575,38.8451889152102],[40.25252086015232,38.84498116539813],[40.22720559537493,38.91156744201065],[40.2512620196575,38.8451889152102]],[[40.208461538461535,39.00848806366048],[40.220512820512816,38.95],[40.2408997875675,38.9930445983554],[40.2325641025641,38.98319808114755],[40.2325641025641,39.00848806366048],[40.208461538461535,39.00848806366048]],[[40.2361193599356,38.703747724342534],[40.209874305954635,38.6745325510365],[40.2105256486512,38.6744387971635],[40.2361193599356,38.703747724342534]],[[40.17118509168528,38.67808780478703],[40.170741061063,38.6781507559676],[40.1541800126149,38.6597813170437],[40.17118509168528,38.67808780478703]],[[40.1639509388689,38.4592951797799],[40.16402416463422,38.459306626927514],[40.16387018574003,38.459321430822996],[40.1639509388689,38.4592951797799]],[[40.027692307692305,40.103050397877986],[39.97948717948718,40.103050397877986],[39.919230769230765,40.04456233421751],[40.03828936563341,40.078992332704644],[40.12410256410256,40.036206896551725],[40.16025641025641,40.04456233421751],[40.027692307692305,40.103050397877986]],[[40.155666884922255,40.03150016774066],[40.14367202010308,40.02990777579208],[40.1462807311835,40.0280809262027],[40.155666884922255,40.03150016774066]],[[40.1516205317118,39.5766344638246],[40.1361528039264,39.5651678527732],[40.15260838492469,39.57654347798101],[40.1516205317118,39.5766344638246]],[[40.06384615384615,37.55464190981432],[40.07589743589743,37.54628647214854],[40.10771144944251,37.54628647214854],[40.09234277431107,37.53983623582085],[40.136153846153846,37.55464190981432],[40.06384615384615,37.55464190981432]],[[39.919230769230765,39.175596816976125],[39.94333333333333,39.209018567639255],[39.94333333333333,39.259151193633954],[39.95538461538462,39.26750663129973],[39.97948717948718,39.26750663129973],[40.027692307692305,39.31763925729443],[40.11205128205128,39.30928381962865],[40.00358974358974,39.35106100795756],[39.9674358974359,39.325994694960215],[39.99153846153846,39.292572944297085],[39.919230769230765,39.259151193633954],[39.919230769230765,39.209018567639255],[39.8951282051282,39.19230769230769],[39.94308674613748,39.14200410160274],[39.919230769230765,39.108753315649864],[39.9529734277122,39.0990740214439],[39.93960436059238,39.106167931027564],[39.9674358974359,39.142175066312994],[39.919230769230765,39.175596816976125]],[[40.08447629367923,40.51754987410577],[40.08142977467436,40.51519657503814],[40.0828741854217,40.5155822363542],[40.08447629367923,40.51754987410577]],[[40.03115570017902,37.528403238364],[40.051076598516616,37.53983623564909],[40.0459437167456,37.5399912249823],[40.03115570017902,37.528403238364]],[[40.027692307692305,37.562997347480106],[40.00358974358974,37.529575596816976],[39.94333333333333,37.52122015915119],[39.95538461538462,37.51286472148541],[40.0120786070927,37.5156579430632],[40.03974358974359,37.55464190981432],[40.027692307692305,37.562997347480106]],[[40.0261288366418,39.291975875579],[40.02454483875617,39.2932612072057],[40.0246528684066,39.2858611503377],[40.0261288366418,39.291975875579]],[[40.0234638403856,39.2809351773532],[40.023701906580314,39.281921451539304],[40.0016679775653,39.2679909091425],[40.0234638403856,39.2809351773532]],[[39.9831731481084,37.5096133702438],[39.98962015936145,37.510961538733625],[39.96877730734301,37.512397824944145],[39.9831731481084,37.5096133702438]],[[39.9675589301005,38.4547275428162],[39.9382854826589,38.4550934608096],[39.93763584826958,38.4545570407156],[39.9675589301005,38.4547275428162]],[[39.96512844204284,39.26466072422429],[39.9640724940468,39.2645644859432],[39.959950582692834,39.260392912787324],[39.96512844204284,39.26466072422429]],[[39.9585888515527,40.0453082231661],[39.959433866520584,40.04615778126294],[39.9339376359521,40.036551807353],[39.9585888515527,40.0453082231661]],[[39.87102564102564,40.44562334217507],[39.94333333333333,40.49575596816976],[39.93128205128205,40.504111405835545],[39.846923076923076,40.44562334217507],[39.85897435897436,40.37042440318302],[39.87102564102564,40.44562334217507]],[[39.9325874309695,40.4796999643873],[39.905962071567444,40.462004594147125],[39.9175492375592,40.4643762362051],[39.9325874309695,40.4796999643873]],[[39.919230769230765,37.53793103448275],[39.88307692307692,37.54628647214854],[39.85897435897436,37.57970822281167],[39.846923076923076,37.57135278514589],[39.85897435897436,37.496153846153845],[39.87264867042827,37.493645734266785],[39.882398557310985,37.52910526985527],[39.922683751454855,37.521313276319326],[39.907179487179484,37.529575596816976],[39.919230769230765,37.53793103448275]],[[39.90202501536209,40.00356004092185],[39.9004280134241,40.00237605671926],[39.9011010746608,40.0025731042555],[39.90202501536209,40.00356004092185]],[[39.86961587798571,38.94262198425112],[39.846923076923076,38.94164456233422],[39.7625641025641,38.84973474801061],[39.726410256410254,38.85809018567639],[39.7973729697986,38.8221604136517],[39.79871794871795,38.87480106100796],[39.8732667103437,38.9153158397666],[39.9008114032746,39.0039739978011],[39.88307692307692,39.01684350132626],[39.86961587798571,38.94262198425112]],[[39.83697261047935,39.96206758512345],[39.82282051282051,39.96100795755968],[39.8951282051282,40.01114058355438],[39.88307692307692,40.01949602122016],[39.810769230769225,39.969363395225464],[39.77461538461539,39.92758620689655],[39.78666666666666,39.91923076923077],[39.83697261047935,39.96206758512345]],[[39.8695970108436,39.9921986546658],[39.867874582213965,39.990195314966364],[39.87029551702739,39.99239890899538],[39.8695970108436,39.9921986546658]],[[39.8576002435434,38.3673335603319],[39.85927556618477,38.36918977383792],[39.84391588561587,38.37051948744535],[39.8576002435434,38.3673335603319]],[[39.8488531886262,39.6053741845347],[39.848189890115655,39.6053450438119],[39.85799954826675,39.59936628163044],[39.8488531886262,39.6053741845347]],[[39.84693739935446,38.881621466060864],[39.848225848265,38.8819042769337],[39.847864857509556,38.883147984065985],[39.84693739935446,38.881621466060864]],[[39.77461538461539,39.62679045092838],[39.810769230769225,39.601724137931036],[39.846923076923076,39.610079575596814],[39.77461538461539,39.62679045092838]],[[39.82858644895337,38.87759348461904],[39.83522841825665,38.87905137799819],[39.828957961788,38.8782080001002],[39.82858644895337,38.87759348461904]],[[39.83241850325954,40.231181091857074],[39.831860743000085,40.21939376303727],[39.8324597139406,40.2212905044318],[39.83241850325954,40.231181091857074]],[[39.82282051282051,40.29942038447193],[39.832339257826945,40.25020004177231],[39.8322693575267,40.2669761544895],[39.82282051282051,40.328647214854115],[39.810769230769225,40.33700265251989],[39.79871794871795,40.328647214854115],[39.810769230769225,40.18660477453581],[39.82282051282051,40.29942038447193]],[[39.82697980558703,40.203937460553696],[39.8221056873499,40.1915178328191],[39.8238936547428,40.1941646491198],[39.82697980558703,40.203937460553696]],[[39.738461538461536,37.88050397877984],[39.67820512820513,37.83872679045093],[39.7625641025641,37.86379310344827],[39.810769230769225,37.81366047745358],[39.82282051282051,37.822015915119366],[39.810769230769225,37.86379310344827],[39.738461538461536,37.88050397877984]],[[39.807330901755584,38.37903702934558],[39.8046169037661,38.3801560612278],[39.80393383165238,38.37982791904647],[39.807330901755584,38.37903702934558]],[[39.7625641025641,39.534880636604775],[39.726410256410254,39.52652519893899],[39.7839619375869,39.5254207815701],[39.79871794871795,39.54323607427056],[39.7625641025641,39.534880636604775]],[[39.738461538461536,40.002785145888595],[39.67820512820513,39.99442970822281],[39.741177498923136,39.98419123120544],[39.7864885281651,39.9454633893748],[39.738461538461536,40.002785145888595]],[[39.781392120307,39.5835748068315],[39.78589558140268,39.560618137970266],[39.78170899354376,39.58426004520708],[39.781392120307,39.5835748068315]],[[39.77481065129439,39.51919790603775],[39.7474134170171,39.5168547220376],[39.774444094299,39.5189486472467],[39.77481065129439,39.51919790603775]],[[39.75725371586822,39.90882885057061],[39.74871482964174,39.90532348341683],[39.7516709258819,39.9054910971217],[39.75725371586822,39.90882885057061]],[[39.71435897435897,39.91923076923077],[39.65410256410256,39.89416445623342],[39.66751858628608,39.88096167309535],[39.75051282051282,39.91087533156499],[39.71435897435897,39.91923076923077]],[[39.748526872152766,37.857424485290565],[39.7446629926312,37.8567145661015],[39.7103633942386,37.8372495441178],[39.748526872152766,37.857424485290565]],[[39.662651941670376,38.809671053867675],[39.6639327991456,38.809120967744],[39.7101895202094,38.8088354323519],[39.662651941670376,38.809671053867675]],[[39.629999999999995,38.34005305039788],[39.70361746378326,38.34051022887316],[39.69025641025641,38.36511936339522],[39.629999999999995,38.34005305039788]],[[39.70230769230769,38.824668435013265],[39.56974358974359,38.84973474801061],[39.449230769230766,38.78289124668435],[39.30461538461538,38.83302387267904],[39.23230769230769,38.88315649867374],[39.17205128205128,38.87480106100796],[39.23230769230769,38.86644562334217],[39.194682651152874,38.86259959671912],[39.23680451576589,38.86332786973396],[39.352820512820514,38.79960212201591],[39.37692307692308,38.76618037135278],[39.425771437062636,38.78244527883546],[39.49743589743589,38.76618037135278],[39.50948717948718,38.791246684350135],[39.533589743589744,38.8079575596817],[39.70230769230769,38.824668435013265]],[[39.6844572416631,40.1440056122558],[39.6625662007048,40.1172604708846],[39.688983784307624,40.14469411551067],[39.6844572416631,40.1440056122558]],[[39.642051282051284,40.13647214854112],[39.629999999999995,40.12811671087533],[39.67820512820513,40.144827586206894],[39.642051282051284,40.13647214854112]],[[39.59384615384615,39.45132625994695],[39.55769230769231,39.4763925729443],[39.55769230769231,39.50981432360743],[39.50948717948718,39.52652519893899],[39.533589743589744,39.50981432360743],[39.545641025641025,39.45132625994695],[39.59384615384615,39.434615384615384],[39.631803697015584,39.449163206515365],[39.605138006634114,39.4424442920876],[39.629999999999995,39.45968169761273],[39.59384615384615,39.45132625994695]],[[39.52153846153846,39.88580901856764],[39.38897435897436,39.89416445623342],[39.4251282051282,39.86909814323607],[39.52153846153846,39.86909814323607],[39.56974358974359,39.83567639257294],[39.629999999999995,39.86074270557029],[39.52153846153846,39.88580901856764]],[[39.533589743589744,37.87214854111406],[39.597417803762724,37.84028018711648],[39.60589743589743,37.85543766578249],[39.56974358974359,37.88050397877984],[39.533589743589744,37.87214854111406]],[[39.545641025641025,38.29827586206896],[39.48538461538462,38.273209549071616],[39.545641025641025,38.26485411140583],[39.58179487179487,38.289920424403185],[39.545641025641025,38.29827586206896]],[[39.5325737941336,38.2613398289628],[39.53855343738771,38.26439698905955],[39.5268287434798,38.2617582360886],[39.5325737941336,38.2613398289628]],[[39.51589788712753,38.79461931819253],[39.5197812447952,38.7967013612059],[39.52038439842332,38.79785319776387],[39.51589788712753,38.79461931819253]],[[39.39615852584649,37.954633120645326],[39.3918916299379,37.9569551403015],[39.38433499163509,37.95776997674119],[39.39615852584649,37.954633120645326]],[[39.26846153846154,38.35676392572944],[39.28051282051282,38.34840848806366],[39.340769230769226,38.35676392572944],[39.26846153846154,38.35676392572944]],[[39.3303125656552,38.3457754290817],[39.2903621827843,38.3434304839083],[39.28853558986763,38.34178571376232],[39.3303125656552,38.3457754290817]],[[39.26846153846154,39.45968169761273],[39.31666666666666,39.45968169761273],[39.2925641025641,39.4763925729443],[39.28051282051282,39.484748010610076],[39.26846153846154,39.45968169761273]],[[39.22025641025641,38.323342175066315],[39.22025641025641,38.30663129973475],[39.26846153846154,38.323342175066315],[39.22025641025641,38.323342175066315]],[[39.26846153846154,38.139522546419094],[39.26846153846154,38.172944297082225],[39.20820512820512,38.21472148541114],[39.16,38.19801061007957],[39.11179487179487,38.19801061007957],[39.08769230769231,38.21472148541114],[39.07564102564102,38.206366047745355],[39.11030048440046,38.165624953391294],[39.02743589743589,38.139522546419094],[39.02743589743589,38.106100795755964],[39.049646695238536,38.09946131786049],[39.07014769658267,38.143331200828584],[39.20820512820512,38.19801061007957],[39.244358974358974,38.15623342175066],[39.17205128205128,38.07267904509284],[39.19615384615385,38.07267904509284],[39.22025641025641,38.106100795755964],[39.26846153846154,38.139522546419094]],[[39.2587349249615,38.3148845605722],[39.260058181243274,38.31614300426063],[39.25857948351034,38.314811499104856],[39.2587349249615,38.3148845605722]],[[39.2352001136325,38.116366719006],[39.22951429434055,38.09567167311425],[39.23548239315874,38.11660175268112],[39.2352001136325,38.116366719006]],[[39.2004201179638,38.061026960917],[39.2230658475362,38.0730570166199],[39.22323620151894,38.07365444681029],[39.2004201179638,38.061026960917]],[[39.1992552692403,39.939184264432],[39.20090484491576,39.938927502280265],[39.1828845776481,39.9684992231615],[39.1992552692403,39.939184264432]],[[39.197527545070095,38.00091644960922],[39.1967269184329,38.0018876133009],[39.194579029855454,38.001550940284055],[39.197527545070095,38.00091644960922]],[[39.19540515683523,38.30894066991059],[39.1936049534141,38.3091143266392],[39.187510696698425,38.30746226226687],[39.19540515683523,38.30894066991059]],[[39.170636590913645,38.024499615758394],[39.1747775443094,38.0266159796688],[39.17567888247733,38.02782552794632],[39.170636590913645,38.024499615758394]],[[39.1517244203848,38.0148339587588],[39.17205128205128,38.03925729442971],[39.08769230769231,38.030901856763926],[39.051538461538456,38.00583554376658],[39.02743589743589,37.98912466843501],[39.03948717948718,37.9473474801061],[39.063589743589745,37.997480106100795],[39.1517244203848,38.0148339587588]],[[39.03948717948718,38.899867374005304],[39.02743589743589,38.89151193633952],[39.157388834463795,38.87242572461683],[39.11179487179487,38.899867374005304],[39.03948717948718,38.899867374005304]],[[39.09974358974359,38.323342175066315],[39.135897435897434,38.29827586206896],[39.14409185726279,38.3039572473883],[39.1512041764428,38.2957435563569],[39.15594598213031,38.2989055271647],[39.11179487179487,38.33169761273209],[39.09974358974359,38.323342175066315]],[[39.108954304732414,38.203603168128005],[39.1073430404125,38.2022452185095],[39.10879204912387,38.200923873610705],[39.108954304732414,38.203603168128005]],[[39.1056296841055,38.346210607276],[39.10414021275919,38.34545401230457],[39.10608845114412,38.345725211130265],[39.1056296841055,38.346210607276]],[[39.07903855522647,40.357866588880974],[39.0801437535924,40.3588468517212],[39.07841055183654,40.36320461599676],[39.07903855522647,40.357866588880974]],[[38.99128205128205,40.069628647214856],[38.97923076923077,40.06127320954907],[39.0784738302285,40.0053332791133],[38.99128205128205,40.069628647214856]],[[39.072524880840305,37.99561376753151],[39.0700500931774,37.9943394210817],[39.06849616093002,37.992958838231786],[39.072524880840305,37.99561376753151]],[[39.06428752632801,37.989219699178044],[39.0604969709447,37.9858520003851],[39.056947802331564,37.965916972404024],[39.06428752632801,37.989219699178044]],[[39.0554130733555,37.961044395449],[39.05563234856649,37.96174056744844],[39.04700517044228,37.94773502099048],[39.0554130733555,37.961044395449]],[[38.99863382148575,37.911930646364894],[38.97923076923077,37.90557029177719],[39.02743589743589,37.92228116710875],[38.99128205128205,37.930636604774534],[38.967179487179486,37.91392572944297],[38.955128205128204,37.87214854111406],[38.98714165656411,37.8776333456115],[38.97384177877525,37.85808531750503],[39.00333333333333,37.88885941644562],[38.99863382148575,37.911930646364894]],[[38.97923076923077,39.35941644562334],[38.99459658266861,39.351016387823634],[39.0111130172101,39.3763713469588],[39.00333333333333,39.364428480822376],[38.99128205128205,39.40119363395225],[38.97923076923077,39.35941644562334]],[[38.91897435897436,38.91657824933687],[38.90692307692308,38.90822281167109],[38.94307692307692,38.88315649867374],[39.01097193160706,38.887463652590924],[38.967179487179486,38.91657824933687],[38.91897435897436,38.91657824933687]],[[38.955128205128204,38.323342175066315],[38.99128205128205,38.31498673740053],[39.00990219750068,38.33222663681051],[38.97923076923077,38.34005305039788],[38.955128205128204,38.323342175066315]],[[38.93102564102564,37.822015915119366],[38.97923076923077,37.83872679045093],[38.91897435897436,37.84708222811671],[38.88282051282051,37.822015915119366],[38.94307692307692,37.76352785145888],[38.95603087996939,37.787694152738304],[38.93102564102564,37.822015915119366]],[[38.9759752378384,37.8265424081646],[38.97587271273927,37.82791468030546],[38.954994121076815,37.82683004512769],[38.9759752378384,37.8265424081646]],[[38.9620649693109,40.060507909905],[38.9649778423851,40.110335948817],[38.96221455205162,40.11426062223289],[38.9620649693109,40.060507909905]],[[38.9618833142331,37.7561044100569],[38.96147862289684,37.758288816511],[38.96053346901577,37.75587802752959],[38.9618833142331,37.7561044100569]],[[38.96028034365201,40.11700775893248],[38.9584105300234,40.1196634363877],[38.956095475874875,40.12052304763366],[38.96028034365201,40.11700775893248]],[[38.91897435897436,39.30092838196286],[38.858717948717945,39.292572944297085],[38.91897435897436,39.2842175066313],[38.8945194299141,39.2785279133505],[38.9599070163779,39.2525442000292],[38.91897435897436,39.30092838196286]],[[38.955128205128204,40.12811671087533],[38.93102564102564,40.12811671087533],[38.94307692307692,40.05291777188329],[38.955128205128204,40.12811671087533]],[[38.938860315156234,39.22408015895154],[38.9310009742689,39.219378183514024],[38.9383015111585,39.2233244196184],[38.938860315156234,39.22408015895154]],[[38.9242818161717,38.3511671517921],[38.923700214921666,38.35130147385056],[38.936086319302305,38.342209948001575],[38.9242818161717,38.3511671517921]],[[38.8225641025641,38.44867374005305],[38.78641025641025,38.44031830238727],[38.89487179487179,38.34840848806366],[38.93102564102564,38.35676392572944],[38.88282051282051,38.37347480106101],[38.8225641025641,38.44867374005305]],[[38.89487179487179,40.25344827586207],[38.88282051282051,40.245092838196285],[38.93102564102564,40.261803713527854],[38.89487179487179,40.25344827586207]],[[38.7614186854329,39.1486501337596],[38.738205128205124,39.14020887127975],[38.774358974358975,39.20066312997348],[38.89487179487179,39.20066312997348],[38.93102564102564,39.225729442970824],[38.75025641025641,39.21737400530504],[38.738205128205124,39.15888594164456],[38.71410256410256,39.142175066312994],[38.72615384615384,39.08368700265252],[38.738205128205124,39.137721628949116],[38.7614186854329,39.1486501337596]],[[38.929729582196494,40.249872114408646],[38.90104881714638,40.23086564059033],[38.9282389652198,40.2482495065668],[38.929729582196494,40.249872114408646]],[[38.91659056308036,37.74850836323372],[38.9121195808578,37.7479564206814],[38.91201737657029,37.74774139417184],[38.91659056308036,37.74850836323372]],[[38.86548049392916,40.17749889588777],[38.8881688431357,40.19790011207],[38.86542119566,40.1781029967956],[38.86548049392916,40.17749889588777]],[[38.75025641025641,40.103050397877986],[38.69,40.0946949602122],[38.738205128205124,40.07798408488064],[38.75025641025641,40.05291777188329],[38.78203775284653,40.07495252518312],[38.8225641025641,40.05291777188329],[38.88282051282051,40.06127320954907],[38.75025641025641,40.103050397877986]],[[38.82421127434158,38.009502000078335],[38.84130319376402,38.02717709269708],[38.8386469982821,38.0259226370701],[38.82421127434158,38.009502000078335]],[[38.774358974358975,38.88315649867374],[38.76230769230769,38.89151193633952],[38.76230769230769,38.94164456233422],[38.738205128205124,38.94164456233422],[38.738205128205124,38.89151193633952],[38.774358974358975,38.86644562334217],[38.83168027724152,38.884710175690145],[38.81975164233926,38.88120655376364],[38.83461538461538,38.89151193633952],[38.774358974358975,38.88315649867374]],[[38.76230769230769,39.34270557029178],[38.76230769230769,39.325994694960215],[38.8215175691219,39.2971828869401],[38.78641025641025,39.325994694960215],[38.78641025641025,39.34270557029178],[38.76230769230769,39.34270557029178]],[[38.7958193908002,39.3209774954833],[38.7968957254506,39.31960363752186],[38.7973422464405,39.3406794321451],[38.7958193908002,39.3209774954833]],[[38.72615384615384,39.066976127320956],[38.70205128205128,39.033554376657825],[38.62974358974359,39.08368700265252],[38.61769230769231,39.07533156498673],[38.64179487179487,39.04190981432361],[38.59358974358974,39.00848806366048],[38.60564102564102,39.000132625994695],[38.65384615384615,39.033554376657825],[38.75025641025641,39.000132625994695],[38.774358974358975,38.966710875331565],[38.7891747846127,38.98075466957],[38.72615384615384,39.066976127320956]],[[38.78254846754004,38.96866124625777],[38.7646497006068,38.9395206059697],[38.76295643891113,38.93290462713486],[38.78254846754004,38.96866124625777]],[[38.76909789636101,40.055239865276704],[38.7721925985048,40.0674944758021],[38.771759168116965,40.067629922820345],[38.76909789636101,40.055239865276704]],[[38.77177346648155,39.17455265732414],[38.76438011439562,39.15523592678902],[38.7720290256125,39.1722460076685],[38.77177346648155,39.17455265732414]],[[38.75469415791119,40.013984180837646],[38.7584234746683,40.0129705694446],[38.759245246956965,40.01622467884521],[38.75469415791119,40.013984180837646]],[[38.740562494747415,39.075449381291385],[38.74347636965726,39.10359493427151],[38.7403194911356,39.0768709647655],[38.740562494747415,39.075449381291385]],[[38.7232432221356,40.0224107805083],[38.71459369704794,40.0225276329825],[38.72366580104853,40.022245623329184],[38.7232432221356,40.0224107805083]],[[38.71410256410256,40.02785145888594],[38.677948717948716,40.036206896551725],[38.54538461538461,39.97771883289125],[38.58153846153846,39.969363395225464],[38.62974358974359,40.002785145888595],[38.71410256410256,40.02785145888594]],[[38.60564102564102,38.465384615384615],[38.49717948717949,38.4737400530504],[38.53333333333333,38.465384615384615],[38.557435897435894,38.44867374005305],[38.61756486592112,38.440406660768616],[38.65384615384615,38.41525198938992],[38.71410256410256,38.4236074270557],[38.65618359625537,38.431962864721484],[38.60564102564102,38.465384615384615]],[[38.6675885112567,40.0035248892926],[38.66838381182476,40.00432795749433],[38.6320869545245,39.9989563241172],[38.6675885112567,40.0035248892926]],[[38.6455116757967,39.0167097545123],[38.64621773586293,39.01829609726016],[38.6239061707192,39.0084292301531],[38.6455116757967,39.0167097545123]],[[38.6435684417826,38.7549844328289],[38.64289185576742,38.755755746380814],[38.63135827409286,38.747706469427044],[38.6435684417826,38.7549844328289]],[[38.53333333333333,38.78289124668435],[38.49717948717949,38.774535809018566],[38.557435897435894,38.74946949602122],[38.624452628759,38.7435903069563],[38.61295012568414,38.74946949602122],[38.64179487179487,38.757824933687004],[38.53333333333333,38.78289124668435]],[[38.628770023463275,38.774574051647384],[38.63610467958376,38.77883689696923],[38.6269757015122,38.7765372541937],[38.628770023463275,38.774574051647384]],[[38.58153846153846,38.95],[38.61769230769231,38.97506631299735],[38.59358974358974,38.97506631299735],[38.52128205128205,38.92493368700265],[38.52128205128205,38.90822281167109],[38.53333333333333,38.899867374005304],[38.54538461538461,38.92493368700265],[38.58153846153846,38.95]],[[38.50923076923077,39.16724137931035],[38.448974358974354,39.15888594164456],[38.50923076923077,39.15053050397878],[38.53333333333333,39.11710875331565],[38.61769230769231,39.108753315649864],[38.61769230769231,39.12546419098143],[38.50923076923077,39.16724137931035]],[[38.6104860100257,38.9624580439719],[38.6115546482635,38.96611869815572],[38.606478895494455,38.959028757838894],[38.6104860100257,38.9624580439719]],[[38.5801240889879,38.9364743307602],[38.596726254481446,38.95068245370276],[38.56919073110753,38.93269130583525],[38.5801240889879,38.9364743307602]],[[38.55294655002337,38.89923546291068],[38.54998901257617,38.910137759293576],[38.5511898427959,38.8998306314589],[38.55294655002337,38.89923546291068]],[[38.54921079148153,38.91681749151073],[38.55152896549496,38.92115146936938],[38.5489055606112,38.9194373902673],[38.54921079148153,38.91681749151073]],[[38.485128205128206,40.18660477453581],[38.448974358974354,40.178249336870024],[38.49717948717949,40.16153846153846],[38.50923076923077,40.11976127320955],[38.54611248979652,40.11202197226542],[38.52128205128205,40.16153846153846],[38.485128205128206,40.18660477453581]],[[38.5419656859934,38.4575457421306],[38.52779065784015,38.458828265961],[38.54316920740625,38.45727617371796],[38.5419656859934,38.4575457421306]],[[38.364615384615384,38.565649867374006],[38.3525641025641,38.55729442970822],[38.3525641025641,38.54058355437665],[38.46102564102564,38.465384615384615],[38.48414002445648,38.46323374055974],[38.364615384615384,38.565649867374006]],[[38.4784281327978,38.7186896576341],[38.47793526127658,38.71975792258229],[38.4763103215212,38.70002378153],[38.4784281327978,38.7186896576341]],[[38.4714337186809,38.75061377845986],[38.47203922523826,38.75074529494298],[38.4715791719834,38.7508077835139],[38.4714337186809,38.75061377845986]],[[38.471739240746274,40.1690583804885],[38.4639852049764,40.1662827885632],[38.462553873289885,40.164292888302995],[38.471739240746274,40.1690583804885]],[[38.466899446796994,38.74424444821869],[38.46903215921761,38.74741058770764],[38.4668059131347,38.7444412292662],[38.466899446796994,38.74424444821869]],[[38.4573824977065,39.83636714136],[38.4555166992336,39.852259801008],[38.449501852113954,39.86047092096541],[38.4573824977065,39.83636714136]],[[38.2812426036817,40.1975013155378],[38.38871794871795,40.13647214854112],[38.448974358974354,40.144827586206894],[38.38871794871795,40.15318302387268],[38.29230769230769,40.22002652519894],[38.195897435897436,40.22002652519894],[38.17179487179487,40.25344827586207],[38.13564102564102,40.245092838196285],[38.195897435897436,40.20331564986738],[38.2812426036817,40.1975013155378]],[[38.401367561727234,39.88580901856764],[38.3582984214876,39.923610468537994],[38.40076923076923,39.94429708222812],[38.38871794871795,39.9526525198939],[38.32846153846154,39.92758620689655],[38.43692307692308,39.83567639257294],[38.448974358974354,39.84403183023873],[38.43692307692308,39.88580901856764],[38.401367561727234,39.88580901856764]],[[38.4384773841054,40.1323040856447],[38.43937646243716,40.1335162034041],[38.42976628889952,40.13178246292534],[38.4384773841054,40.1323040856447]],[[38.3525641025641,39.12546419098143],[38.364615384615384,39.11710875331565],[38.42487179487179,39.12546419098143],[38.3525641025641,39.12546419098143]],[[38.38871794871795,38.69933687002653],[38.376666666666665,38.674270557029175],[38.42487179487179,38.69098143236074],[38.38871794871795,38.69933687002653]],[[38.39818167672985,38.664979815959015],[38.41327197748183,38.679442840141945],[38.4127086052427,38.6792589087394],[38.39818167672985,38.664979815959015]],[[38.39512188282862,39.78134213288943],[38.4112539513253,39.7889603090007],[38.41223569193155,39.78996925500035],[38.39512188282862,39.78134213288943]],[[38.406242277238874,39.40674605978526],[38.375446859726075,39.38923371219334],[38.4059685151806,39.4055911256499],[38.406242277238874,39.40674605978526]],[[38.376666666666665,39.40954907161804],[38.3525641025641,39.39283819628647],[38.40076923076923,39.40954907161804],[38.376666666666665,39.40954907161804]],[[38.39508183974919,39.937294044697865],[38.3969265629723,39.9372578736535],[38.40024489909243,39.93963260705216],[38.39508183974919,39.937294044697865]],[[38.36339434596782,38.629476317029486],[38.36431564563133,38.631691554112656],[38.3636932704149,38.6310797968887],[38.36339434596782,38.629476317029486]],[[38.35792900941194,39.76259309468922],[38.361389993147085,39.73225729434481],[38.3618275747604,39.733565652948],[38.35792900941194,39.76259309468922]],[[38.35512309068147,38.584550364539474],[38.355152940053024,38.585268061314],[38.3550658494601,38.5848008930611],[38.35512309068147,38.584550364539474]],[[38.32846153846154,39.777188328912466],[38.34051282051282,39.73541114058355],[38.3525641025641,39.743766578249335],[38.34051282051282,39.78554376657825],[38.32846153846154,39.777188328912466]],[[38.3525641025641,39.69363395225464],[38.34051282051282,39.71870026525199],[38.280256410256406,39.66021220159151],[38.29230769230769,39.65185676392573],[38.3525641025641,39.69363395225464]],[[38.33998322715973,39.60135695838689],[38.31559287792741,39.64712011757333],[38.33947812950893,39.60100676229004],[38.30435897435897,39.57665782493369],[38.346820794178285,39.58713055658427],[38.33998322715973,39.60135695838689]],[[38.346089041990105,39.586129791279355],[38.33036231231287,39.572127017968185],[38.3352016978044,39.5712399467394],[38.346089041990105,39.586129791279355]],[[38.3302064791541,39.3501020979419],[38.33101113005826,39.348369918345874],[38.33952214901,39.356292702626014],[38.3302064791541,39.3501020979419]],[[38.29230769230769,39.18395225464191],[38.280256410256406,39.15888594164456],[38.32846153846154,39.175596816976125],[38.29230769230769,39.18395225464191]],[[38.32446628794421,39.67288740299811],[38.3229863303036,39.6718090419258],[38.3275752960382,39.6648976643209],[38.32446628794421,39.67288740299811]],[[38.3190706024532,39.4763087049046],[38.32026005915287,39.47551741373885],[38.2996565192291,39.50566774686649],[38.3190706024532,39.4763087049046]],[[38.31252243977341,39.153962219527315],[38.30338072332559,39.1457006005832],[38.3143381698196,39.1475104497802],[38.31252243977341,39.153962219527315]],[[38.2844583637643,39.5668535585521],[38.284327021480834,39.56655705157923],[38.28712566267301,39.56715997865299],[38.2844583637643,39.5668535585521]],[[38.25615384615384,39.54323607427056],[38.28121098142794,39.53356210129275],[38.280256410256406,39.57665782493369],[38.268205128205125,39.58501326259947],[38.25615384615384,39.54323607427056]],[[38.0499511613385,39.0777846441754],[38.0602304329918,39.0932987294229],[38.042563591433456,39.073873578011366],[38.0499511613385,39.0777846441754]],[[38.0602304329918,39.0932987294229],[38.14769230769231,39.08368700265252],[38.195897435897436,39.11710875331565],[38.212049978354344,39.11710875331565],[38.193626517305646,39.09966342661975],[38.23205128205128,39.12546419098143],[38.195897435897436,39.13381962864722],[38.12358974358974,39.100397877984086],[38.05128205128205,39.11710875331565],[37.966923076923074,39.0920424403183],[38.02717948717949,39.066976127320956],[38.05128205128205,39.100397877984086],[38.08620686279587,39.100397877984086],[38.0602304329918,39.0932987294229]],[[38.18434111885065,40.28893246487965],[38.1846364891447,40.2904906501403],[38.18439202193779,40.290702761388566],[38.18434111885065,40.28893246487965]],[[38.13564102564102,40.34535809018568],[38.13564102564102,40.311936339522546],[38.17179487179487,40.2868700265252],[38.18384615384615,40.295225464190985],[38.17179487179487,40.33700265251989],[38.13564102564102,40.34535809018568]],[[38.14842795524241,39.08330574295197],[38.14855602292,39.0833049940201],[38.1702567078679,39.0981528302007],[38.14842795524241,39.08330574295197]],[[37.946301841933,39.0663632320362],[37.94912887148904,39.067178618161876],[37.9093726074969,39.0655066258101],[37.946301841933,39.0663632320362]],[[37.81025641025641,39.11710875331565],[37.798205128205126,39.108753315649864],[37.85846153846154,39.066976127320956],[37.94282051282051,39.07533156498673],[37.81025641025641,39.11710875331565]],[[37.7509956862013,39.0706462616895],[37.750973720371924,39.06916357051535],[37.781306566937914,39.079505238842806],[37.7509956862013,39.0706462616895]],[[37.76205128205128,39.100397877984086],[37.72589743589744,39.05862068965517],[37.73794871794872,39.05026525198939],[37.75,39.07533156498673],[37.77410256410256,39.0920424403183],[37.76205128205128,39.100397877984086]],[[37.7560479801341,40.3475977137791],[37.7541444115952,40.3804342750222],[37.754579878040104,40.3435937985679],[37.7560479801341,40.3475977137791]],[[37.7506149718509,39.0449480830548],[37.752274992508426,39.04222090632398],[37.75075025892227,39.05407994615196],[37.7506149718509,39.0449480830548]],[[37.713846153846156,39.01684350132626],[37.69076872386209,38.98413250029041],[37.6743770430337,38.9991672538873],[37.69054932117444,38.98398038323991],[37.677692307692304,38.97506631299735],[37.713846153846156,38.983421750663126],[37.73794871794872,38.95],[37.75,38.97506631299735],[37.72589743589744,38.99177718832891],[37.713846153846156,39.01684350132626]],[[37.7358623145941,39.0080188489408],[37.73566219451486,39.00678106954729],[37.73784192076166,39.0075148387992],[37.7358623145941,39.0080188489408]],[[37.7332924960531,38.9921240499422],[37.73472243272592,38.98995637521824],[37.734786525139135,39.001364893854586],[37.7332924960531,38.9921240499422]],[[37.56923076923077,38.36511936339522],[37.53307692307692,38.35676392572944],[37.6553886523984,38.304414748713],[37.56923076923077,38.36511936339522]],[[37.494305223746025,38.74946949602122],[37.4695530436786,38.7253388865824],[37.49433583220453,38.74946949602122],[37.5401754448694,38.750180459275],[37.52881291209636,38.7548685944525],[37.55717948717948,38.774535809018566],[37.55717948717948,38.8079575596817],[37.507814776048,38.8627765517141],[37.54737309083753,38.81475656521592],[37.53307692307692,38.774535809018566],[37.47282051282051,38.76618037135278],[37.412564102564104,38.707692307692305],[37.43666666666667,38.707692307692305],[37.43666666666667,38.724403183023874],[37.494305223746025,38.74946949602122]],[[37.5102894146474,38.8798134921287],[37.5434115120529,38.9225486108627],[37.5419912107005,38.924196006459454],[37.5102894146474,38.8798134921287]],[[37.53060722891315,40.26581033015596],[37.5350436462079,40.2680285388261],[37.53565087704713,40.26992974953883],[37.53060722891315,40.26581033015596]],[[37.43666666666667,40.228381962864724],[37.44871794871795,40.25344827586207],[37.496923076923075,40.25344827586207],[37.53307692307692,40.278514588859416],[37.42461538461538,40.25344827586207],[37.412564102564104,40.228381962864724],[37.43666666666667,40.19496021220159],[37.36435897435897,40.16153846153846],[37.400512820512816,40.15318302387268],[37.42461538461538,40.16989389920425],[37.4608996419734,40.1759909885157],[37.4473843044838,40.237285903479],[37.43666666666667,40.228381962864724]],[[37.4473843044838,40.237285903479],[37.46347505083891,40.249436058905275],[37.4616610701807,40.2494687432257],[37.4473843044838,40.237285903479]],[[37.5023896047614,39.0115404512456],[37.50204217677219,39.00997059135446],[37.50506926764058,39.0111057503974],[37.5023896047614,39.0115404512456]],[[37.49628350265405,40.24976642385179],[37.4983047688681,40.2496590999677],[37.501782642604944,40.25139803685397],[37.49628350265405,40.24976642385179]],[[37.43247814634571,40.16848969222616],[37.4427205605026,40.1628563641732],[37.444110035724684,40.163860278210585],[37.43247814634571,40.16848969222616]],[[37.388461538461534,38.674270557029175],[37.400512820512816,38.63249336870027],[37.4180615084008,38.652432202585],[37.400512820512816,38.68262599469496],[37.388461538461534,38.674270557029175]],[[37.4180615084008,38.652432202585],[37.44131123833024,38.7141547004948],[37.4388104084202,38.7131560469094],[37.4180615084008,38.652432202585]],[[37.34025641025641,38.4236074270557],[37.434768136836745,38.40835212426581],[37.39380564652888,38.41525198938992],[37.42461538461538,38.41525198938992],[37.43666666666667,38.4236074270557],[37.42461538461538,38.431962864721484],[37.34025641025641,38.4236074270557]],[[37.35314046186554,40.18485087268929],[37.35714277188012,40.18080613547228],[37.3546805047388,40.1839859775394],[37.35314046186554,40.18485087268929]],[[37.326119137241,38.5622982216301],[37.3392537607655,38.582761585936],[37.3178386126885,38.5574441216711],[37.316153846153846,38.57400530503979],[37.34025641025641,38.59071618037135],[37.32820512820513,38.59907161803714],[37.26794871794871,38.55729442970822],[37.24384615384615,38.49045092838196],[37.26794871794871,38.49045092838196],[37.326119137241,38.5622982216301]],[[37.2788627491809,38.4761166511509],[37.2879047006156,38.4515606138657],[37.290006658693734,38.4509986320512],[37.2788627491809,38.4761166511509]],[[37.1474358974359,40.245092838196285],[37.2243812228442,40.2193923566139],[37.21974358974359,40.228381962864724],[37.18358974358974,40.25344827586207],[37.1474358974359,40.245092838196285]],[[37.16787344609112,40.231172651545315],[37.1710812973086,40.2308137697384],[37.179736328603106,40.23232067238999],[37.16787344609112,40.231172651545315]],[[37.0643862675142,40.1777993794557],[37.0798051754785,40.1862702597518],[37.08012377469714,40.18792242432265],[37.0643862675142,40.1777993794557]],[[36.725641025641025,38.465384615384615],[36.68948717948718,38.4737400530504],[36.68948717948718,38.50716180371353],[36.840631309892785,38.56027863801299],[36.75424462249856,38.535348788723674],[36.797948717948714,38.565649867374006],[36.96666666666667,38.565649867374006],[37.0142230596854,38.575344852631495],[36.97607789634341,38.572174894552674],[37.00282051282051,38.59071618037135],[36.99076923076923,38.59907161803714],[36.84615384615384,38.59907161803714],[36.725641025641025,38.532228116710876],[36.66538461538461,38.52387267904509],[36.66538461538461,38.4737400530504],[36.71358974358974,38.44031830238727],[36.68948717948718,38.40689655172414],[36.70153846153846,38.398541114058354],[36.71358974358974,38.40689655172414],[36.724354415148085,38.43107082736577],[36.737692307692306,38.44031830238727],[36.725641025641025,38.465384615384615]],[[36.9425641025641,38.933289124668434],[36.97871794871794,38.97506631299735],[36.95461538461538,39.04190981432361],[36.89435897435897,39.08368700265252],[36.85820512820513,39.07533156498673],[36.95461538461538,38.99177718832891],[36.93051282051282,38.95835543766578],[36.834102564102565,38.90822281167109],[36.84615384615384,38.86644562334217],[36.87025641025641,38.91657824933687],[36.9425641025641,38.933289124668434]],[[36.9031654401584,38.9148930247671],[36.903407160855046,38.915502581352335],[36.8763251204386,38.9113714222821],[36.9031654401584,38.9148930247671]],[[36.864549987927475,38.87560755464548],[36.86704500958805,38.86767982535539],[36.867663882428,38.8689218392085],[36.864549987927475,38.87560755464548]],[[36.867150403773394,38.89559324691263],[36.8613821057365,38.8856732437855],[36.86184198847076,38.884212003636776],[36.867150403773394,38.89559324691263]],[[36.81891095299091,38.81849026144289],[36.77090531160257,38.78726487330313],[36.85820512820513,38.84137931034483],[36.84615384615384,38.84973474801061],[36.81891095299091,38.81849026144289]],[[36.82355271203676,39.065732700784196],[36.8377778535292,39.0489042664386],[36.8257853702343,39.0646087080562],[36.82355271203676,39.065732700784196]],[[36.8140669750774,40.201498810286],[36.835842435721126,40.218249164804156],[36.8347206958375,40.2184405728338],[36.8140669750774,40.201498810286]],[[36.797948717948714,40.22002652519894],[36.78589743589743,40.211671087533155],[36.834102564102565,40.228381962864724],[36.797948717948714,40.22002652519894]],[[36.737692307692306,38.62413793103448],[36.78924385330646,38.5949451449516],[36.78589743589743,38.607427055702914],[36.737692307692306,38.62413793103448]],[[36.721137487273694,38.763057962139925],[36.78589743589743,38.8079575596817],[36.77384615384615,38.81631299734748],[36.68948717948718,38.757824933687004],[36.7327226641239,38.7140935482987],[36.721137487273694,38.763057962139925]],[[36.7461210167801,39.1431309205905],[36.7817177529903,39.0883081391793],[36.782722478790355,39.08777121003218],[36.7461210167801,39.1431309205905]],[[36.71358974358974,38.69098143236074],[36.7559243957639,38.6605762375468],[36.76179487179487,38.674270557029175],[36.71358974358974,38.69098143236074]],[[36.69330730039903,38.496271119757004],[36.6923009265022,38.4890923166236],[36.69681702266957,38.47527032387248],[36.69330730039903,38.496271119757004]],[[36.6465215421266,38.4128036823443],[36.6331067765141,38.4127136499883],[36.632455046712906,38.412041040979936],[36.6465215421266,38.4128036823443]],[[36.60286555710147,39.97500116929557],[36.64128205128205,40.01114058355438],[36.6051282051282,40.069628647214856],[36.59307692307692,39.99442970822281],[36.52076923076923,39.97771883289125],[36.5916349645773,39.9686923503269],[36.628693994048234,40.00241298701295],[36.60286555710147,39.97500116929557]],[[36.41230769230769,39.11710875331565],[36.436410256410255,39.100397877984086],[36.5321598874386,39.0994440168231],[36.436410256410255,39.13381962864722],[36.38820512820513,39.13381962864722],[36.31589743589743,39.100397877984086],[36.23153846153846,39.108753315649864],[36.29179487179487,39.08368700265252],[36.41230769230769,39.11710875331565]],[[36.436410256410255,38.26485411140583],[36.4803224965077,38.2873891267034],[36.41230769230769,38.29827586206896],[36.384178220097894,38.27877303650898],[36.3700706854162,38.294884830835],[36.37615384615384,38.273209549071616],[36.4009142859213,38.2596592752135],[36.436410256410255,38.26485411140583]],[[36.339999999999996,39.986074270557026],[36.30384615384615,39.96100795755968],[36.38820512820513,39.9526525198939],[36.424358974358974,39.97771883289125],[36.339999999999996,39.986074270557026]],[[36.40025641025641,38.37347480106101],[36.339999999999996,38.398541114058354],[36.31589743589743,38.38183023872679],[36.26769230769231,38.41525198938992],[36.20743589743589,38.39018567639257],[36.219487179487174,38.36511936339522],[36.26769230769231,38.398541114058354],[36.23240143818855,38.37245930887062],[36.2678786628811,38.39841190961711],[36.29179487179487,38.36511936339522],[36.339999999999996,38.38183023872679],[36.37615384615384,38.35676392572944],[36.35205128205128,38.323342175066315],[36.364102564102566,38.29827586206896],[36.40025641025641,38.34005305039788],[36.40025641025641,38.37347480106101]],[[36.3456234944052,39.09314963701],[36.3853947349566,39.1041077600939],[36.38784623992705,39.10569155028037],[36.3456234944052,39.09314963701]],[[36.38194354955442,38.18818139490198],[36.380968456069105,38.184524794372656],[36.3826377923765,38.1865533033395],[36.38194354955442,38.18818139490198]],[[36.35205128205128,38.223076923076924],[36.364102564102566,38.18129973474801],[36.37633989849903,38.20132270038225],[36.364102564102566,38.2314323607427],[36.35205128205128,38.223076923076924]],[[36.27974358974359,39.96100795755968],[36.219487179487174,39.969363395225464],[36.20743589743589,39.92758620689655],[36.219487179487174,39.91923076923077],[36.23153846153846,39.94429708222812],[36.27974358974359,39.96100795755968]],[[36.26369188494636,38.05170589719885],[36.2628155912386,38.0512063777487],[36.26070785065886,38.04357524778952],[36.26369188494636,38.05170589719885]],[[36.2549961008253,38.0280123450424],[36.25558875524452,38.02962716070444],[36.2349202423131,38.02373787705],[36.2549961008253,38.0280123450424]],[[36.23370345227628,39.92536677267168],[36.2343351056215,39.9259572312576],[36.2366193886919,39.9452784537316],[36.23370345227628,39.92536677267168]],[[36.15923076923077,39.69363395225464],[36.1532545236036,39.7151533348884],[36.135128205128204,39.710344827586205],[36.15923076923077,39.727055702917774],[36.05076923076923,39.76883289124668],[36.04450837777922,39.79633971015692],[36.04726145424764,39.77126491532071],[36.026666666666664,39.81896551724138],[36.01461538461538,39.777188328912466],[36.0748717948718,39.75212201591512],[36.135128205128204,39.69363395225464],[36.135128205128204,39.610079575596814],[36.11102564102564,39.59336870026525],[36.12307692307692,39.55159151193634],[36.135128205128204,39.59336870026525],[36.15923076923077,39.69363395225464]],[[36.1404054339071,39.5528740979481],[36.1391681144172,39.5908502944441],[36.13881266128226,39.551306051400566],[36.1404054339071,39.5528740979481]],[[36.038717948717945,39.108753315649864],[36.0799671265179,39.0833588610218],[36.08692307692307,39.0920424403183],[36.038717948717945,39.108753315649864]],[[36.01461538461538,39.89668385594217],[36.026666666666664,39.91923076923077],[36.05076923076923,39.9025198938992],[36.08692307692307,39.91087533156499],[36.05076923076923,39.935941644562334],[35.966410256410256,39.92758620689655],[36.05076923076923,39.85238726790451],[36.0863440813754,39.8458333315902],[36.05076923076923,39.88580901856764],[36.01461538461538,39.89668385594217]],[[36.0731363653491,39.89834146999507],[36.0764340768689,39.8959760229815],[36.076924549078534,39.89583273896633],[36.0731363653491,39.89834146999507]],[[36.06617794322621,39.47944663703952],[36.0650241115055,39.4783493802965],[36.05888100070283,39.468335884804716],[36.06617794322621,39.47944663703952]],[[36.0295225533219,39.1542667976831],[36.041344634865816,39.13809836262479],[36.0409439664309,39.1409418157735],[36.0295225533219,39.1542667976831]],[[36.03753302209045,39.43583020173043],[36.01696939301285,39.433582355439135],[36.0209564942849,39.4317119456938],[36.03753302209045,39.43583020173043]],[[36.01461538461538,38.206366047745355],[35.966410256410256,38.223076923076924],[35.97846153846154,38.14787798408488],[36.01461538461538,38.206366047745355]],[[35.96511649462627,40.07381444043424],[35.965316824651616,40.06717016245987],[35.9663240702053,40.0682653421733],[35.96511649462627,40.07381444043424]],[[35.94818141977793,40.048538809131585],[35.9433860668407,40.0447562680544],[35.94316033063877,40.04307937082043],[35.94818141977793,40.048538809131585]],[[35.906742367996,39.2397370355986],[35.9405307137003,39.2049969052168],[35.941680799171195,39.20434129499614],[35.906742367996,39.2397370355986]],[[35.83384615384615,39.30092838196286],[35.857948717948716,39.26750663129973],[35.89669226406221,39.263483740108676],[35.845897435897434,39.30928381962865],[35.845897435897434,39.325994694960215],[35.89410256410256,39.34270557029178],[35.89410256410256,39.40954907161804],[35.87,39.40954907161804],[35.87,39.35941644562334],[35.72538461538461,39.259151193633954],[35.75745874608341,39.24828018197784],[35.793855517095466,39.2702252932189],[35.76890682240057,39.25590441408607],[35.79769230769231,39.292572944297085],[35.83384615384615,39.30092838196286]],[[35.80820302304698,39.27887599506367],[35.80881473553,39.2792448216962],[35.8095779690206,39.28062818248908],[35.80820302304698,39.27887599506367]],[[35.67717948717949,39.225729442970824],[35.653076923076924,39.209018567639255],[35.70128205128205,39.225729442970824],[35.67717948717949,39.225729442970824]],[[35.66832721121093,39.19955550197818],[35.6801117568723,39.2019266885165],[35.69308530445105,39.209755553375324],[35.66832721121093,39.19955550197818]],[[35.6048717948718,39.209018567639255],[35.58076923076923,39.19230769230769],[35.59282051282051,39.18395225464191],[35.64016612759502,39.19388916707709],[35.600296696304284,39.189135668722734],[35.62897435897436,39.209018567639255],[35.6048717948718,39.209018567639255]],[[35.460256410256406,39.19230769230769],[35.566672467956884,39.18906062475307],[35.52051282051282,39.20066312997348],[35.460256410256406,39.19230769230769]],[[35.457644819922,39.0909140141384],[35.44387111764587,39.125289629826845],[35.4426174298627,39.1226816236974],[35.457644819922,39.0909140141384]],[[35.2480062519091,38.9822386365934],[35.3549554200145,38.9544497835782],[35.3551112426009,38.95488058720824],[35.2480062519091,38.9822386365934]],[[35.21923076923077,38.99177718832891],[35.23128205128205,38.983421750663126],[35.29153846153846,38.99177718832891],[35.21923076923077,38.99177718832891]],[[35.1725938220099,40.0381608944078],[35.1734353790179,40.049483663821],[35.17219803000983,40.05102412611236],[35.1725938220099,40.0381608944078]],[[35.15897435897436,40.069628647214856],[35.13487179487179,40.036206896551725],[35.074615384615385,40.02785145888594],[35.13487179487179,40.01949602122016],[35.1603517693447,40.02927293338988],[35.14771517907173,40.028400641960395],[35.171025641025636,40.06127320954907],[35.15897435897436,40.069628647214856]],[[35.1093979774187,38.5383226850503],[35.086666666666666,38.59907161803714],[35.074615384615385,38.54058355437665],[35.02641025641026,38.52387267904509],[35.086666666666666,38.51551724137931],[35.09871794871795,38.56666583712795],[35.1093979774187,38.5383226850503]],[[35.002307692307696,39.12546419098143],[34.94205128205128,39.16724137931035],[34.93,39.15888594164456],[34.93,39.142175066312994],[34.978205128205126,39.12546419098143],[34.978205128205126,39.0920424403183],[35.02641025641026,39.05862068965517],[35.03846153846153,39.01684350132626],[35.074615384615385,39.02519893899204],[35.002307692307696,39.12546419098143]],[[35.03846153846153,38.966710875331565],[35.02641025641026,38.95835543766578],[35.06366719798808,38.967475677368],[35.0592472368379,38.9508457078146],[35.074615384615385,38.97506631299735],[35.03846153846153,38.966710875331565]],[[35.065321930770075,39.01420628348959],[35.05380663909976,39.01541125460656],[35.06085956069704,39.00885281805226],[35.065321930770075,39.01420628348959]],[[35.02969798995179,38.18829354703635],[35.0288865277234,38.2036489228679],[35.02641025641026,38.206366047745355],[35.01435897435897,38.21472148541114],[35.002307692307696,38.189655172413794],[35.03846153846153,38.16458885941645],[35.05890514999924,38.16692807982507],[35.02641025641026,38.189655172413794],[35.02641025641026,38.20595815298294],[35.02969798995179,38.18829354703635]],[[35.03846153846153,38.73275862068965],[35.002307692307696,38.69098143236074],[35.01435897435897,38.63249336870027],[35.05051282051282,38.707692307692305],[35.03846153846153,38.73275862068965]],[[34.99025641025641,38.933289124668434],[34.978205128205126,38.89151193633952],[35.002307692307696,38.89151193633952],[35.002307692307696,38.90822281167109],[35.02641025641026,38.92493368700265],[34.99025641025641,38.933289124668434]],[[35.0137234765622,38.9119056308963],[35.01108556666767,38.8976838541949],[35.016737671836225,38.915471359666554],[35.0137234765622,38.9119056308963]],[[35.0030196268293,38.7791105700989],[35.009278793534286,38.77482363146648],[35.00076485513443,38.78264673697885],[35.0030196268293,38.7791105700989]],[[35.0087413739498,38.89030654263538],[34.9832940134992,38.8569880776044],[35.0086652802429,38.8900670712902],[35.0087413739498,38.89030654263538]],[[35.0035225146708,38.2285948474437],[34.9836633279436,38.2975097074557],[34.982375350195774,38.2986574971384],[35.0035225146708,38.2285948474437]],[[34.95410256410256,38.824668435013265],[34.95410256410256,38.8079575596817],[34.99025641025641,38.78289124668435],[35.002307692307696,38.791246684350135],[34.978205128205126,38.8079575596817],[34.978205128205126,38.824668435013265],[34.95410256410256,38.824668435013265]],[[34.9819291036627,38.8121869164412],[34.98764720404024,38.803219198238395],[34.98207385626684,38.81693820811873],[34.9819291036627,38.8121869164412]],[[34.95567187124593,40.006745135858374],[34.980967814553,40.0011112211778],[34.9569038853789,40.0070216600677],[34.95567187124593,40.006745135858374]],[[34.95410256410256,39.225729442970824],[34.93,39.19230769230769],[34.96319582691722,39.19861226557244],[34.9589921757197,39.1849066046365],[34.978205128205126,39.225729442970824],[34.95410256410256,39.225729442970824]],[[34.94205128205128,38.34840848806366],[34.90589743589743,38.35676392572944],[34.90589743589743,38.39018567639257],[34.88179487179487,38.39018567639257],[34.88179487179487,38.35676392572944],[34.966153846153844,38.2815649867374],[34.978205128205126,38.30663129973475],[34.94205128205128,38.34840848806366]],[[34.9646427251676,39.2460420735861],[34.95679571222848,39.24722656636443],[34.956942674059,39.2469675716953],[34.9646427251676,39.2460420735861]],[[34.893846153846155,39.31763925729443],[34.83358974358974,39.30928381962865],[34.893846153846155,39.30092838196286],[34.90589743589743,39.259151193633954],[34.94205128205128,39.25079575596817],[34.95410256410256,39.275862068965516],[34.893846153846155,39.31763925729443]],[[34.88179487179487,40.04456233421751],[34.893846153846155,40.002785145888595],[34.90589743589743,40.01114058355438],[34.893846153846155,40.05291777188329],[34.88179487179487,40.04456233421751]],[[34.9005401601391,38.4183746934513],[34.90003828191222,38.41471815185965],[34.90483445752245,38.42068437525534],[34.9005401601391,38.4183746934513]],[[34.65282051282051,40.01949602122016],[34.676923076923075,40.002785145888595],[34.79305939045757,40.00553475023061],[34.74923076923076,40.036206896551725],[34.65282051282051,40.036206896551725],[34.61666666666667,40.01114058355438],[34.61666666666667,39.97771883289125],[34.5925641025641,39.96100795755968],[34.61666666666667,39.96100795755968],[34.65282051282051,40.01949602122016]],[[34.713076923076926,39.35941644562334],[34.74923076923076,39.33435013262599],[34.78538472628387,39.33526388932097],[34.74923076923076,39.36777188328912],[34.713076923076926,39.35941644562334]],[[34.676923076923075,38.34840848806366],[34.5925641025641,38.323342175066315],[34.638909141446376,38.31498673740053],[34.6257915017203,38.3100755785124],[34.713076923076926,38.34005305039788],[34.676923076923075,38.34840848806366]],[[34.6922169706118,39.2629245020594],[34.6565329786872,39.3041664973977],[34.65467974901022,39.304517652072896],[34.6922169706118,39.2629245020594]],[[34.6459718766141,39.4112542733351],[34.64293045333618,39.411347139713804],[34.6658679177518,39.3911165803019],[34.6459718766141,39.4112542733351]],[[34.64432824553471,39.97281425182325],[34.652231327524,39.9901135830912],[34.65197871347468,39.99141777631118],[34.64432824553471,39.97281425182325]],[[34.65174410398112,39.992629015795586],[34.64971703890363,40.003094326563975],[34.6490016935345,40.002398851889],[34.65174410398112,39.992629015795586]],[[34.6139119275591,39.9478457428129],[34.6410486122184,39.9656353482951],[34.641846636841876,39.967382172172194],[34.6139119275591,39.9478457428129]],[[34.61666666666667,39.40954907161804],[34.64076923076923,39.4262599469496],[34.62871794871795,39.434615384615384],[34.5925641025641,39.4262599469496],[34.5925641025641,39.39283819628647],[34.568461538461534,39.37612732095491],[34.568461538461534,39.325994694960215],[34.6033470942528,39.3142442941249],[34.5925641025641,39.36600412076843],[34.61666666666667,39.40954907161804]],[[34.62063382962484,39.41179380798497],[34.62201892406286,39.41198564932567],[34.6209458303984,39.4120184150125],[34.62063382962484,39.41179380798497]],[[34.531011843351074,39.55636936192686],[34.52025641025641,39.52471470346608],[34.50820512820513,39.568302387267906],[34.496153846153845,39.49310344827586],[34.5935552607938,39.4517713765689],[34.527085724287595,39.484748010610076],[34.54435897435897,39.49310344827586],[34.52025641025641,39.52317852738025],[34.531011843351074,39.55636936192686]],[[34.571024136359746,39.07135093932025],[34.56216846391092,39.06939748199308],[34.5657656835651,39.0687434421532],[34.571024136359746,39.07135093932025]],[[34.52025641025641,39.07533156498673],[34.568461538461534,39.07533156498673],[34.55641025641025,39.08368700265252],[34.53230769230769,39.100397877984086],[34.52025641025641,39.07533156498673]],[[34.5561410282994,38.31793806075692],[34.540390540653135,38.322116761493646],[34.5443107711167,38.3192735173946],[34.5561410282994,38.31793806075692]],[[34.496153846153845,39.610079575596814],[34.53895626362445,39.5808855238091],[34.54435897435897,39.59336870026525],[34.496153846153845,39.610079575596814]],[[34.4576271655554,38.3573659919389],[34.4572548059208,38.35707224156275],[34.48007805345323,38.363242695657455],[34.4576271655554,38.3573659919389]],[[34.41179487179487,38.58236074270557],[34.37564102564102,38.57400530503979],[34.423846153846156,38.55729442970822],[34.43589743589743,38.51551724137931],[34.44794871794872,38.52387267904509],[34.41179487179487,38.58236074270557]],[[34.399743589743586,38.4737400530504],[34.423846153846156,38.49045092838196],[34.387692307692305,38.498806366047745],[34.37564102564102,38.4236074270557],[34.440377065735625,38.3920543275638],[34.44794871794872,38.40689655172414],[34.41179487179487,38.431962864721484],[34.399743589743586,38.4737400530504]],[[34.42607263411863,38.30555439975289],[34.4263170097013,38.3022712670198],[34.4349574973456,38.2837824810805],[34.42607263411863,38.30555439975289]],[[34.354543995462684,37.76722220713784],[34.36273512047466,37.75735172985013],[34.3604258349015,37.7623225649952],[34.354543995462684,37.76722220713784]],[[34.35686022343383,38.85379643003137],[34.3570168386082,38.8537833002714],[34.35709455723157,38.85385158990342],[34.35686022343383,38.85379643003137]],[[34.24307692307692,38.91657824933687],[34.23102564102564,38.89151193633952],[34.3001192813695,38.893007005195244],[34.27582252831083,38.899867374005304],[34.303333333333335,38.90822281167109],[34.24307692307692,38.91657824933687]],[[34.283016927243345,38.786670978986386],[34.28263372059438,38.78324228591888],[34.2839185336955,38.7856611797629],[34.283016927243345,38.786670978986386]],[[34.279230769230765,38.791246684350135],[34.2551282051282,38.791246684350135],[34.26717948717948,38.71604774535809],[34.279230769230765,38.791246684350135]],[[34.2554583272991,38.1148748762309],[34.266235709471,38.1199848424948],[34.24957786661325,38.116098012048745],[34.2554583272991,38.1148748762309]],[[34.2084077427972,38.8102985184663],[34.2551282051282,38.84137931034483],[34.2551282051282,38.85809018567639],[34.24307692307692,38.86644562334217],[34.14666666666666,38.81631299734748],[34.13461538461539,38.85809018567639],[34.05025641025641,38.91657824933687],[34.03820512820513,38.90822281167109],[34.11051282051282,38.85809018567639],[34.11051282051282,38.824668435013265],[34.14666666666666,38.79960212201591],[34.1756782459635,38.8000524025901],[34.2084077427972,38.8102985184663]],[[34.098461538461535,39.78554376657825],[34.18282051282051,39.793899204244035],[34.098461538461535,39.80225464190981],[34.026153846153846,39.78554376657825],[33.94179487179487,39.727055702917774],[33.95384615384615,39.71870026525199],[34.00205128205128,39.75212201591512],[34.098461538461535,39.78554376657825]],[[34.15871794871795,38.139522546419094],[34.1225641025641,38.13116710875332],[34.086410256410254,38.0893899204244],[34.13461538461539,38.106100795755964],[34.15871794871795,38.139522546419094]],[[34.1578115212156,38.1243515401888],[34.1082913052298,38.0780831211403],[34.10750216460023,38.07700155786366],[34.1578115212156,38.1243515401888]],[[33.917692307692306,38.139522546419094],[33.984564262485584,38.11904294625178],[34.03820512820513,38.02254641909814],[34.05025641025641,38.01419098143236],[34.06359371234552,38.04014892240898],[34.0617656089841,38.0212414474168],[34.086410256410254,38.05596816976127],[34.0530377406793,38.049541093980764],[33.985015896002245,38.1193560744053],[33.989999999999995,38.139522546419094],[33.917692307692306,38.139522546419094]],[[33.9810433507506,39.7364106979097],[33.980899396526944,39.736071912847635],[34.0169487360044,39.7466090752103],[33.9810433507506,39.7364106979097]],[[33.95384615384615,39.066976127320956],[33.88153846153846,39.05026525198939],[33.83333333333333,39.08368700265252],[33.821282051282054,39.07533156498673],[33.88416199185031,39.03134157329684],[33.92974358974359,39.05026525198939],[34.00205128205128,38.966710875331565],[34.014102564102565,38.99177718832891],[33.95384615384615,39.066976127320956]],[[33.9906453530043,37.9912738621523],[33.992054289025056,37.99038882652074],[33.992228148309,38.0005595929915],[33.9906453530043,37.9912738621523]],[[33.9730086408361,39.7195773166303],[33.9733454812295,39.720341346965895],[33.9606607288682,39.7108822127462],[33.9730086408361,39.7195773166303]],[[33.86215148597889,40.26798013399322],[33.93006332303635,40.268076599667374],[33.9269201946819,40.2696224465935],[33.86215148597889,40.26798013399322]],[[33.809230769230766,39.55159151193634],[33.856633152033595,39.57611805693464],[33.81863460435951,39.558111412300725],[33.84538461538462,39.57665782493369],[33.83333333333333,39.58501326259947],[33.70076923076923,39.52652519893899],[33.73692307692308,39.51816976127321],[33.809230769230766,39.55159151193634]],[[33.797179487179484,38.07267904509284],[33.77307692307692,38.05596816976127],[33.821282051282054,38.07267904509284],[33.797179487179484,38.07267904509284]],[[33.801302035622,38.0513028279959],[33.81878704370033,38.061906688154984],[33.79629422336252,38.05267009249897],[33.801302035622,38.0513028279959]],[[33.80018177193032,38.88824770090206],[33.801413081808,38.8911504990616],[33.7829949622653,38.9144635248345],[33.80018177193032,38.88824770090206]],[[33.7619385059576,39.0739155867671],[33.76316755604401,39.073849238789066],[33.7487329489831,39.0984813721067],[33.7619385059576,39.0739155867671]],[[33.758531397529,38.0629803374967],[33.7237802542922,38.1019522672919],[33.71504770265488,38.10595987431018],[33.758531397529,38.0629803374967]],[[33.4874617189668,38.6490924153022],[33.59230769230769,38.64920424403183],[33.73692307692308,38.71604774535809],[33.757991704904114,38.741129138945475],[33.73692307692308,38.76618037135278],[33.68871794871795,38.71604774535809],[33.59230769230769,38.6659151193634],[33.47179487179487,38.6659151193634],[33.39948717948718,38.71604774535809],[33.38743589743589,38.707692307692305],[33.4874617189668,38.6490924153022]],[[33.7527456552917,39.4732763914522],[33.753538686314556,39.47574878234006],[33.74983101378192,39.47361884283931],[33.7527456552917,39.4732763914522]],[[33.70076923076923,39.12546419098143],[33.74897435897436,39.108753315649864],[33.73692307692308,39.11710875331565],[33.70076923076923,39.12546419098143]],[[33.7226797686406,38.9636614753808],[33.721155971554225,38.98051235990696],[33.7202737977834,38.9801714108824],[33.7226797686406,38.9636614753808]],[[33.54410256410256,39.2340848806366],[33.532051282051285,39.225729442970824],[33.716966053160355,39.113091161876916],[33.66463310605217,39.15054279066826],[33.67666666666666,39.15888594164456],[33.54410256410256,39.2340848806366]],[[33.617554192428,37.6099961332276],[33.70372482315975,37.58181905403895],[33.6971160205827,37.5857266103043],[33.617554192428,37.6099961332276]],[[33.66742897034642,39.49811489110091],[33.6635439931722,39.4980154180534],[33.66012485102532,39.49457695863432],[33.66742897034642,39.49811489110091]],[[33.65922072868016,40.29769656902001],[33.63613176892028,40.27851583535624],[33.6593388616817,40.2967137167525],[33.65922072868016,40.29769656902001]],[[33.63962424191305,38.09978024641322],[33.633613699634,38.0983294259011],[33.629696143190934,38.096255425431245],[33.63962424191305,38.09978024641322]],[[33.55615384615385,38.02254641909814],[33.58025641025641,38.07267904509284],[33.628461538461536,38.106100795755964],[33.616410256410255,38.11445623342175],[33.55615384615385,38.07267904509284],[33.532051282051285,38.02254641909814],[33.49589743589743,37.997480106100795],[33.44769230769231,37.980769230769226],[33.4062188175793,38.0181344791322],[33.42322885205127,37.99722989149782],[33.41153846153846,37.98912466843501],[33.44769230769231,37.964058355437665],[33.55615384615385,38.02254641909814]],[[33.58025641025641,40.261803713527854],[33.58025641025641,40.245092838196285],[33.61753538259411,40.2481515268721],[33.616410256410255,40.27015915119363],[33.58025641025641,40.261803713527854]],[[33.61573904001987,38.088866370811274],[33.6085000184284,38.0850339476158],[33.591890601195374,38.068098855746115],[33.61573904001987,38.088866370811274]],[[33.614971806949804,40.24475537828197],[33.606324533003,40.2353241928443],[33.606025163586864,40.232903131865555],[33.614971806949804,40.24475537828197]],[[33.59230769230769,40.20331564986738],[33.55615384615385,40.144827586206894],[33.573192231474124,40.133468414986886],[33.60435897435897,40.178249336870024],[33.59230769230769,40.20331564986738]],[[33.58461110514742,38.06067662457402],[33.5815925033591,38.0575988345537],[33.5673473492848,38.0179234400259],[33.58461110514742,38.06067662457402]],[[33.5831081472895,40.0623146596478],[33.52646863718025,40.0153745167978],[33.5304731691331,40.0162354161881],[33.5831081472895,40.0623146596478]],[[33.54410256410256,39.434615384615384],[33.532051282051285,39.4262599469496],[33.572500360986155,39.43759337065946],[33.55662696691,39.419771593964],[33.58025641025641,39.44297082228117],[33.54410256410256,39.434615384615384]],[[33.58025641025641,40.07798408488064],[33.54410256410256,40.069628647214856],[33.507948717948715,40.02785145888594],[33.532051282051285,40.02785145888594],[33.58025641025641,40.07798408488064]],[[33.5441564706003,37.6065139846142],[33.57182868927037,37.61216773442896],[33.5631192348598,37.6125813649055],[33.5441564706003,37.6065139846142]],[[33.5116329649005,37.9794087616102],[33.5439219827603,37.9934428772765],[33.49913705805846,37.97714116458339],[33.5116329649005,37.9794087616102]],[[33.5088851194536,39.2869576990236],[33.50703056925454,39.2875577356169],[33.530727845547226,39.2495222090731],[33.5088851194536,39.2869576990236]],[[33.4640730376486,39.3408315711951],[33.46224572424992,39.342385827970695],[33.4631222552498,39.3322715062377],[33.4640730376486,39.3408315711951]],[[33.435641025641026,39.34270557029178],[33.44769230769231,39.30092838196286],[33.46007270986185,39.30340405437545],[33.44769230769231,39.35106100795756],[33.435641025641026,39.34270557029178]],[[33.41907466576903,39.39590145043374],[33.432269188571055,39.368109971935006],[33.419500443168,39.3958148714914],[33.41907466576903,39.39590145043374]],[[33.39268565245775,39.00078458707636],[33.39362154606961,38.97321706252862],[33.3953893497806,38.9828129525476],[33.39268565245775,39.00078458707636]],[[33.39154018292792,39.4635952360375],[33.38914776603719,39.4496257448328],[33.3930099126979,39.4631824366168],[33.39154018292792,39.4635952360375]],[[33.379672386881225,39.04822739937509],[33.38868986546825,39.02734481732965],[33.3872745628376,39.0367524168456],[33.379672386881225,39.04822739937509]],[[33.36333333333333,39.00848806366048],[33.37538461538462,38.966710875331565],[33.38743589743589,38.97506631299735],[33.37538461538462,39.01684350132626],[33.36333333333333,39.00848806366048]],[[33.218717948717945,38.674270557029175],[33.33923076923077,38.724403183023874],[33.29102564102564,38.774535809018566],[33.29102564102564,38.824668435013265],[33.20666666666666,38.91657824933687],[33.17051282051282,38.90822281167109],[33.17051282051282,38.85809018567639],[33.134358974358975,38.84973474801061],[33.05,38.92493368700265],[33.05,38.99177718832891],[33.025897435897434,39.02519893899204],[33.07410256410256,39.07533156498673],[33.01384615384615,39.13381962864722],[32.941538461538464,39.16724137931035],[32.929487179487175,39.142175066312994],[32.953589743589745,39.12546419098143],[32.953589743589745,39.05862068965517],[32.89333333333333,39.000132625994695],[32.845128205128205,39.000132625994695],[32.78487179487179,38.95835543766578],[32.736666666666665,38.824668435013265],[32.79692307692308,38.76618037135278],[32.90538461538461,38.724403183023874],[32.941538461538464,38.6659151193634],[33.037948717948716,38.64920424403183],[33.15846153846154,38.565649867374006],[33.20666666666666,38.59907161803714],[33.218717948717945,38.674270557029175]],[[33.315128205128204,39.760477453580904],[33.315128205128204,39.793899204244035],[33.29102564102564,39.810610079575596],[33.29102564102564,39.84403183023873],[33.315128205128204,39.86074270557029],[33.30307692307692,39.88580901856764],[33.26692307692308,39.84403183023873],[33.29102564102564,39.760477453580904],[33.218717948717945,39.710344827586205],[33.218717948717945,39.676923076923075],[33.245456439788626,39.6747323040771],[33.242820512820515,39.71019900778266],[33.315128205128204,39.760477453580904]],[[33.19461538461538,39.275862068965516],[33.15846153846154,39.30092838196286],[33.09820512820513,39.292572944297085],[33.12230769230769,39.259151193633954],[33.09820512820513,39.242440318302386],[33.11025641025641,39.2340848806366],[33.1723137703594,39.2483456635669],[33.15051606099761,39.24528696931856],[33.19461538461538,39.275862068965516]],[[33.15846153846154,38.31498673740053],[33.146410256410256,38.30663129973475],[33.146410256410256,38.273209549071616],[33.1825641025641,38.24814323607427],[33.19461538461538,38.256498673740055],[33.17051282051282,38.289920424403185],[33.15846153846154,38.31498673740053]],[[33.1755528265861,38.2909028172775],[33.176685066215704,38.28540336805073],[33.17811150799481,38.29385635695309],[33.1755528265861,38.2909028172775]],[[33.042987101400875,39.200292738006645],[33.0524403834961,39.20229933072],[33.05543948033858,39.20574065375358],[33.042987101400875,39.200292738006645]],[[33.018457849256,39.2030639376469],[33.0344296404932,39.1984762959996],[33.03591876442726,39.19879238359809],[33.018457849256,39.2030639376469]],[[33.0114914297593,39.2785051625356],[32.98974358974359,39.30092838196286],[32.941538461538464,39.30092838196286],[32.917435897435894,39.26750663129973],[32.86923076923077,39.2842175066313],[32.80897435897436,39.275862068965516],[32.917412662503736,39.24680405230701],[32.90807239185338,39.25079575596817],[32.96564102564103,39.2842175066313],[33.0114914297593,39.2785051625356]],[[32.94331092170883,39.26041169372696],[32.9442909698831,39.2612590270714],[32.94661782980516,39.26950569133798],[32.94331092170883,39.26041169372696]],[[32.92071662142011,39.246914184251374],[32.9279793538873,39.2471562752907],[32.935142759487846,39.25334963658089],[32.92071662142011,39.246914184251374]],[[32.89333333333333,37.37917771883289],[32.83307692307692,37.33740053050398],[32.845128205128205,37.32904509283819],[32.90538461538461,37.35411140583554],[32.89333333333333,37.37917771883289]],[[32.8543260473016,37.3305097103686],[32.884636572175,37.3431720697161],[32.88688090905991,37.345098311858365],[32.8543260473016,37.3305097103686]],[[32.77282051282051,37.34575596816976],[32.76076923076923,37.320689655172416],[32.77967194721783,37.31124526247309],[32.81074288678701,37.334466106340535],[32.77282051282051,37.34575596816976]],[[32.7887983346157,37.0843850880223],[32.78487179487179,37.01989389920424],[32.76076923076923,37.00318302387268],[32.79854286851365,37.0126615011959],[32.79615744378317,36.9880508215212],[32.80897435897436,37.03660477453581],[32.7887983346157,37.0843850880223]],[[32.79554569194176,37.18568165214084],[32.796341917251,37.1862382823249],[32.796409410403264,37.18639656519052],[32.79554569194176,37.18568165214084]],[[32.78487179487179,37.187002652519894],[32.76076923076923,37.187002652519894],[32.77282051282051,37.11180371352785],[32.78487179487179,37.13065514154221],[32.79276581390893,37.113600162250656],[32.78487179487179,37.187002652519894]],[[32.68846153846154,39.142175066312994],[32.664358974358976,39.12546419098143],[32.67641025641026,39.11710875331565],[32.70604748172441,39.12892630574349],[32.69108232761896,39.12728124582645],[32.7125641025641,39.142175066312994],[32.68846153846154,39.142175066312994]],[[32.543846153846154,39.04190981432361],[32.53179487179487,39.05026525198939],[32.47153846153846,39.00848806366048],[32.48358974358974,39.000132625994695],[32.543846153846154,39.04190981432361]],[[32.5019516588117,38.9957704839843],[32.4723018981815,38.9738517494159],[32.5003374887392,38.9939014441864],[32.5329182426757,39.0315654189021],[32.5019516588117,38.9957704839843]],[[32.18230769230769,38.99177718832891],[32.17025641025641,39.033554376657825],[32.146153846153844,38.983421750663126],[32.12205128205128,38.966710875331565],[32.073846153846155,38.983421750663126],[32.06179487179487,38.95835543766578],[32.12205128205128,38.95],[32.18230769230769,38.99177718832891]],[[31.94128205128205,39.40954907161804],[31.965384615384615,39.39283819628647],[31.94128205128205,39.35941644562334],[32.0009673450511,39.3431830118827],[31.979605902893805,39.35256552384731],[31.9910477809055,39.3769715248437],[31.977435897435896,39.40119363395225],[31.94128205128205,39.40954907161804]],[[32.0009673450511,39.3431830118827],[32.017108808526224,39.31952266058074],[32.0169316423563,39.3226464163581],[32.0009673450511,39.3431830118827]],[[31.92923076923077,40.38713527851459],[31.893076923076922,40.36206896551724],[31.977435897435896,40.35371352785146],[32.01358974358974,40.37877984084881],[31.92923076923077,40.38713527851459]],[[32.01358974358974,39.292572944297085],[31.989487179487178,39.292572944297085],[31.989487179487178,39.242440318302386],[31.965384615384615,39.225729442970824],[32.01358974358974,39.225729442970824],[32.01358974358974,39.292572944297085]],[[31.91117058202733,39.534880636604775],[31.9022229570033,39.556001853205885],[31.911105711551777,39.534880636604775],[31.893076923076922,39.52652519893899],[31.977435897435896,39.484748010610076],[31.996619029193212,39.49496729998072],[31.965384615384615,39.52652519893899],[31.91117058202733,39.534880636604775]],[[31.86897435897436,37.187002652519894],[31.88102564102564,37.17864721485411],[31.94128205128205,37.187002652519894],[31.86897435897436,37.187002652519894]],[[31.905128205128204,39.25079575596817],[31.893076923076922,39.225729442970824],[31.94128205128205,39.242440318302386],[31.905128205128204,39.25079575596817]],[[31.93088664683335,39.22712279923487],[31.9287096450416,39.2261277000975],[31.92384756185866,39.215283623985066],[31.93088664683335,39.22712279923487]],[[31.844871794871793,39.175596816976125],[31.8868404057231,39.1839090592072],[31.88102564102564,39.20066312997348],[31.772564102564104,39.142175066312994],[31.9045072539753,39.109388567065],[31.844871794871793,39.175596816976125]],[[31.8868404057231,39.1839090592072],[31.9226350716695,39.2132443129255],[31.922872802180184,39.21364415653987],[31.8868404057231,39.1839090592072]],[[31.891040026478592,39.85512510952695],[31.895451350512328,39.85320161655995],[31.8971021480175,39.8555022091402],[31.891040026478592,39.85512510952695]],[[31.83282051282051,39.9025198938992],[31.82076923076923,39.86074270557029],[31.893076923076922,39.86074270557029],[31.86897435897436,39.89416445623342],[31.83282051282051,39.9025198938992]],[[31.736410256410256,40.33700265251989],[31.76051282051282,40.32029177718833],[31.8597019689354,40.3133696948731],[31.797417497647984,40.32029177718833],[31.86897435897436,40.328647214854115],[31.736410256410256,40.35371352785146],[31.664102564102564,40.33700265251989],[31.57974358974359,40.278514588859416],[31.59179487179487,40.27015915119363],[31.736410256410256,40.33700265251989]],[[31.796666666666667,39.793899204244035],[31.784615384615385,39.80225464190981],[31.772564102564104,39.727055702917774],[31.81770340339154,39.69544608265365],[31.82076923076923,39.710344827586205],[31.796666666666667,39.727055702917774],[31.796666666666667,39.793899204244035]],[[31.784615384615385,37.36246684350132],[31.772564102564104,37.35411140583554],[31.80871794871795,37.29562334217506],[31.82076923076923,37.320689655172416],[31.784615384615385,37.36246684350132]],[[31.805614964924988,39.8777777008839],[31.8075449859841,39.8765149776243],[31.808582152717655,39.87664809177649],[31.805614964924988,39.8777777008839]],[[31.7977064254666,39.7783598042431],[31.799461226177,39.7353155961901],[31.799773936917543,39.73454825208264],[31.7977064254666,39.7783598042431]],[[31.748461538461537,39.91087533156499],[31.784615384615385,39.86909814323607],[31.796666666666667,39.89416445623342],[31.748461538461537,39.91087533156499]],[[31.700256410256408,40.02785145888594],[31.664102564102564,40.069628647214856],[31.64,40.069628647214856],[31.615897435897438,40.036206896551725],[31.59179487179487,40.05291777188329],[31.51948717948718,40.05291777188329],[31.495384615384616,40.036206896551725],[31.42307692307692,40.069628647214856],[31.41102564102564,40.06127320954907],[31.435128205128205,40.04456233421751],[31.42307692307692,40.036206896551725],[31.362820512820512,40.04456233421751],[31.398974358974357,40.01949602122016],[31.47128205128205,40.036206896551725],[31.5027285807947,40.0194645989871],[31.51948717948718,40.036206896551725],[31.664102564102564,40.002785145888595],[31.688205128205126,39.969363395225464],[31.748461538461537,39.97771883289125],[31.700256410256408,39.99442970822281],[31.700256410256408,40.02785145888594]],[[31.730163130655903,37.37199235806671],[31.7228573495283,37.3746367155573],[31.720034883952327,37.3740378020967],[31.730163130655903,37.37199235806671]],[[31.724358974358974,37.38753315649867],[31.71230769230769,37.395888594164454],[31.603846153846153,37.33740053050398],[31.64,37.32904509283819],[31.724358974358974,37.38753315649867]],[[31.6577200704284,40.2998733457107],[31.720550344413766,40.314503756102816],[31.6596252960589,40.3010398105556],[31.6045900744446,40.2734509154145],[31.6577200704284,40.2998733457107]],[[31.71224605874843,39.073287819725344],[31.7134334957143,39.0730675817458],[31.714908179172028,39.07397519441178],[31.71224605874843,39.073287819725344]],[[31.7103149316467,40.0211069097315],[31.708762772938854,40.02053160110652],[31.7085148271273,40.0076038418284],[31.7103149316467,40.0211069097315]],[[31.6661141486368,37.3413980206923],[31.6985218762269,37.3694728465435],[31.663188546495252,37.340527782898505],[31.6661141486368,37.3413980206923]],[[31.676153846153845,38.95835543766578],[31.664102564102564,38.966710875331565],[31.615897435897438,38.966710875331565],[31.603846153846153,38.92493368700265],[31.6262910391493,38.9202166274377],[31.641443202778735,38.94627542011728],[31.62794871794872,38.92533725648885],[31.62794871794872,38.94164456233422],[31.64,38.95],[31.676153846153845,38.95835543766578]],[[31.59179487179487,38.69933687002653],[31.555641025641023,38.69098143236074],[31.603846153846153,38.67416959248724],[31.615897435897438,38.63249336870027],[31.626250883211,38.6356207057477],[31.6368519544259,38.6603565377249],[31.62794871794872,38.640875908640574],[31.59179487179487,38.69933687002653]],[[31.6295034849509,38.8238432551341],[31.6336796640897,38.8592604693526],[31.63338877986876,38.86023053445151],[31.6295034849509,38.8238432551341]],[[31.603846153846153,38.87480106100796],[31.615897435897438,38.81631299734748],[31.62794871794872,38.824668435013265],[31.62794871794872,38.87480106100796],[31.603846153846153,38.87480106100796]],[[31.57974358974359,38.791246684350135],[31.555641025641023,38.774535809018566],[31.603846153846153,38.791246684350135],[31.57974358974359,38.791246684350135]],[[31.5732053735549,38.7595943404149],[31.572756286502557,38.75886665306733],[31.6023583181994,38.7780659037257],[31.5732053735549,38.7595943404149]],[[31.531471012566225,38.04762824706102],[31.57974358974359,38.106100795755964],[31.567692307692305,38.13116710875332],[31.53153846153846,38.07267904509284],[31.483333333333334,38.03925729442971],[31.495384615384616,38.030901856763926],[31.54048521927772,38.062171167606905],[31.531471012566225,38.04762824706102]],[[31.5558581667178,38.7314854406698],[31.55675726767282,38.72917683212459],[31.557753524937056,38.73455662294521],[31.5558581667178,38.7314854406698]],[[31.483333333333334,39.108753315649864],[31.51948717948718,39.08368700265252],[31.5559325286151,39.0866629592131],[31.51948717948718,39.11710875331565],[31.483333333333334,39.108753315649864]],[[31.546282033022038,37.32888556841989],[31.522934873847255,37.33428692286033],[31.5450874869857,37.3288389817866],[31.546282033022038,37.32888556841989]],[[31.5170711222282,38.0375515451054],[31.516342795512827,38.0361677243941],[31.521486918904714,38.040057807951285],[31.5170711222282,38.0375515451054]],[[31.447179487179486,40.35371352785146],[31.41102564102564,40.36206896551724],[31.435128205128205,40.328647214854115],[31.515039731615964,40.28952151082039],[31.447179487179486,40.35371352785146]],[[31.41102564102564,38.239787798408486],[31.479339005616218,38.195196763105116],[31.483333333333334,38.206366047745355],[31.41102564102564,38.239787798408486]],[[31.42866856017423,40.047618936238095],[31.426682408230104,40.04531306699899],[31.431060960123,40.0466495884366],[31.42866856017423,40.047618936238095]],[[31.427912825697714,37.69906221052662],[31.4310445051946,37.6991476801505],[31.430995252797786,37.700957170625145],[31.427912825697714,37.69906221052662]],[[31.33871794871795,37.38753315649867],[31.374871794871794,37.36246684350132],[31.41102564102564,37.37082228116711],[31.33871794871795,37.38753315649867]],[[31.386923076923075,37.50450928381963],[31.35076923076923,37.562997347480106],[31.33871794871795,37.55464190981432],[31.35076923076923,37.412599469496016],[31.362820512820512,37.4209549071618],[31.386923076923075,37.50450928381963]],[[31.3502423053051,39.1650109405868],[31.350755125283857,39.16496888442403],[31.2912403861286,39.2314014855669],[31.3502423053051,39.1650109405868]],[[31.1003161837858,40.0538280745916],[31.08731478090271,40.05407822582481],[31.109743589743587,40.069628647214856],[31.103962626790526,40.05739128561684],[31.204205023772946,40.05291777188329],[31.1853769176009,40.0477819350831],[31.261916047410118,40.06216860664523],[31.24170986012568,40.06085871841775],[31.254358974358972,40.069628647214856],[31.3375631903887,40.0469196067424],[31.32365208302793,40.05291777188329],[31.33871794871795,40.06127320954907],[31.27846153846154,40.08633952254642],[31.23025641025641,40.069628647214856],[31.157948717948717,40.069628647214856],[31.133846153846154,40.08633952254642],[31.013333333333332,40.069628647214856],[30.98923076923077,40.036206896551725],[30.880769230769232,40.06127320954907],[30.965128205128202,40.01949602122016],[31.011758498131,40.0258151611382],[31.0374358974359,40.05291777188329],[31.1003161837858,40.0538280745916]],[[31.266931511905117,40.06249373962578],[31.282866537915705,40.06144288594635],[31.2675200591468,40.0625318928455],[31.266931511905117,40.06249373962578]],[[31.1616004252367,38.465384615384615],[31.133846153846154,38.498806366047745],[31.097692307692306,38.49045092838196],[31.2468687096113,38.3959798483261],[31.23025641025641,38.44867374005305],[31.1616004252367,38.465384615384615]],[[31.099150497383278,37.38220571702638],[31.107459315245865,37.389749528494754],[31.1067792975936,37.3897620923416],[31.099150497383278,37.38220571702638]],[[31.05323890092119,40.25226505604333],[31.05881908634077,40.23714858408971],[31.0603283973474,40.240921861478],[31.05323890092119,40.25226505604333]],[[31.054404964614093,40.226113280148226],[31.05075092608153,40.221996705017],[31.0529149094251,40.2223881423024],[31.054404964614093,40.226113280148226]],[[31.05150445445249,40.256963593713266],[31.052776843679286,40.283221081634316],[31.0520595073753,40.28105449268],[31.05150445445249,40.256963593713266]],[[31.0374358974359,40.30358090185676],[31.025384615384613,40.245092838196285],[30.977179487179487,40.228381962864724],[31.0374358974359,40.22002652519894],[31.04948717948718,40.278514588859416],[31.0374358974359,40.30358090185676]],[[31.00128205128205,39.19230769230769],[31.025384615384613,39.175596816976125],[31.00128205128205,39.15888594164456],[31.0374358974359,39.15053050397878],[31.04948717948718,39.175596816976125],[31.00128205128205,39.19230769230769]],[[31.0407596810186,38.505347953206],[30.979279982066,38.4594263829048],[31.042138702114215,38.50558517614312],[31.0407596810186,38.505347953206]],[[31.02629661896335,40.21757322938203],[31.004878532694782,40.215130317757826],[31.0111427574089,40.2148320870124],[31.02629661896335,40.21757322938203]],[[30.9116774077255,38.4075324986759],[30.898555023856836,38.402371855522944],[30.9594559163014,38.4177707501047],[30.9116774077255,38.4075324986759]],[[30.892820512820514,40.20331564986738],[30.856666666666666,40.178249336870024],[30.892820512820514,40.16989389920425],[30.928974358974358,40.19496021220159],[30.892820512820514,40.20331564986738]],[[30.856666666666666,39.209018567639255],[30.868717948717947,39.20066312997348],[30.92871051476681,39.20149726556872],[30.916923076923077,39.21737400530504],[30.856666666666666,39.209018567639255]],[[30.91559530375237,39.14055588977395],[30.9126328351473,39.1237994268023],[30.9160594439175,39.1392191662699],[30.91559530375237,39.14055588977395]],[[30.82051282051282,39.13381962864722],[30.808461538461536,39.12546419098143],[30.904871794871795,39.12546419098143],[30.892820512820514,39.15053050397878],[30.82051282051282,39.13381962864722]],[[30.8916448558101,39.1996131456952],[30.890271007879925,39.19579135047041],[30.898292165787865,39.20042328655237],[30.8916448558101,39.1996131456952]],[[30.8798658881624,39.1668461986989],[30.882021829248295,39.16599280538928],[30.880664822061465,39.16906868758818],[30.8798658881624,39.1668461986989]],[[30.856271280308576,40.06609404384592],[30.8567978730422,40.0635452289103],[30.857972942605706,40.06304809626309],[30.856271280308576,40.06609404384592]],[[30.81866691221907,40.13199619746765],[30.827346034484886,40.11502364503376],[30.808461538461536,40.11140583554376],[30.844615384615384,40.069628647214856],[30.856666666666666,40.0946949602122],[30.81866691221907,40.13199619746765]],[[30.65179487179487,40.16989389920425],[30.63974358974359,40.211671087533155],[30.603589743589744,40.22002652519894],[30.591538461538462,40.211671087533155],[30.615641025641025,40.178249336870024],[30.567435897435896,40.16153846153846],[30.832564102564103,40.144827586206894],[30.82051282051282,40.16989389920425],[30.65179487179487,40.16989389920425]],[[30.808461538461536,39.0920424403183],[30.7,39.066976127320956],[30.65179487179487,39.100397877984086],[30.63974358974359,39.0920424403183],[30.7,39.05026525198939],[30.724102564102562,39.05026525198939],[30.738729899036795,39.060406727787516],[30.77230769230769,39.066976127320956],[30.808461538461536,39.0920424403183]],[[30.8066221261019,39.0832155285895],[30.79294537711895,39.07380474308459],[30.7957995788889,39.0745100885012],[30.8066221261019,39.0832155285895]],[[30.684076027519797,40.14821033428443],[30.6912935322975,40.1468513550157],[30.69485986433349,40.14728498857612],[30.684076027519797,40.14821033428443]],[[30.6459215717093,40.1474113747165],[30.650161944656737,40.14924071335844],[30.5906793712192,40.1454581527675],[30.6459215717093,40.1474113747165]],[[30.543333333333333,40.261803713527854],[30.555384615384614,40.25344827586207],[30.608613582162583,40.24515424579418],[30.591863715129264,40.25344827586207],[30.615641025641025,40.261803713527854],[30.543333333333333,40.261803713527854]],[[30.543333333333333,39.15888594164456],[30.514090988365236,39.18154184017321],[30.543333333333333,39.108753315649864],[30.594463015985,39.0964124577937],[30.543333333333333,39.15888594164456]],[[30.434871794871796,39.21737400530504],[30.519230769230766,39.19230769230769],[30.495128205128204,39.225729442970824],[30.398717948717948,39.275862068965516],[30.398717948717948,39.292572944297085],[30.3625641025641,39.30092838196286],[30.35051282051282,39.292572944297085],[30.37461538461538,39.259151193633954],[30.42282051282051,39.225729442970824],[30.35051282051282,39.15888594164456],[30.393489767687942,39.17197199593918],[30.3690434012569,39.1534474199123],[30.4320358974746,39.2003208517791],[30.432302902693305,39.20138319176154],[30.398717948717948,39.17593372322679],[30.434871794871796,39.21737400530504]],[[30.42282051282051,40.02785145888594],[30.434871794871796,40.01949602122016],[30.468973451715556,40.01949602122016],[30.4425317649631,40.0118960152864],[30.483076923076922,40.01949602122016],[30.495128205128204,40.02785145888594],[30.42282051282051,40.02785145888594]],[[30.377587188972,39.4999738656081],[30.376752242028648,39.50182359416242],[30.377251571206106,39.499300667398856],[30.377587188972,39.4999738656081]],[[30.326410256410256,39.39283819628647],[30.37461538461538,39.40954907161804],[30.37461538461538,39.45968169761273],[30.338461538461537,39.484748010610076],[30.326410256410256,39.4763925729443],[30.35051282051282,39.45968169761273],[30.35051282051282,39.4262599469496],[30.302307692307693,39.40954907161804],[30.302307692307693,39.37612732095491],[30.3750239742644,39.3284435260806],[30.326410256410256,39.39283819628647]],[[30.29025641025641,39.568302387267906],[30.254102564102563,39.55994694960212],[30.29025641025641,39.534880636604775],[30.338461538461537,39.534880636604775],[30.3625641025641,39.501458885941645],[30.37461538461538,39.52652519893899],[30.29025641025641,39.568302387267906]],[[30.3625641025641,40.036206896551725],[30.35051282051282,40.02785145888594],[30.3625641025641,39.9526525198939],[30.37461538461538,40.01114058355438],[30.3625641025641,40.036206896551725]],[[30.336783642868696,39.39219049969782],[30.353748015779367,39.398635298436666],[30.3370883944084,39.3935491836997],[30.336783642868696,39.39219049969782]],[[30.28960241235264,39.86088971374833],[30.26446966970976,39.84321634922115],[30.2654113713244,39.8435155815578],[30.28960241235264,39.86088971374833]],[[30.23106629694762,39.03534632924342],[30.28220505570683,39.13205427896441],[30.266153846153845,39.15053050397878],[30.205897435897434,39.04190981432361],[30.217948717948715,39.033554376657825],[30.248648780812996,39.07155032859008],[30.23106629694762,39.03534632924342]],[[30.266153846153845,39.88580901856764],[30.242051282051282,39.85238726790451],[30.217948717948715,39.86909814323607],[30.10948717948718,39.86074270557029],[30.242051282051282,39.83567639257294],[30.278205128205126,39.87745358090186],[30.266153846153845,39.88580901856764]],[[30.238821140234155,40.35815215670818],[30.26010590296249,40.36445895772414],[30.2513378630537,40.3633934446906],[30.238821140234155,40.35815215670818]],[[30.184477975386386,38.90949271824392],[30.2544339269787,38.978745532309],[30.2151816427734,38.9494074851312],[30.184477975386386,38.90949271824392]],[[30.18179487179487,38.90822281167109],[30.205897435897434,38.95835543766578],[30.254102564102563,38.99177718832891],[30.205897435897434,38.97506631299735],[30.157692307692308,38.90822281167109],[30.097435897435897,38.899867374005304],[30.06128205128205,38.85809018567639],[30.097435897435897,38.84973474801061],[30.12153846153846,38.88315649867374],[30.18179487179487,38.90822281167109]],[[30.222015376212568,40.33927996220742],[30.2276557339493,40.3425117243396],[30.22806135840312,40.34339404474844],[30.222015376212568,40.33927996220742]],[[30.183588564679862,38.90867542192255],[30.17485924829657,38.90252770780247],[30.1823365191389,38.9075248935926],[30.183588564679862,38.90867542192255]],[[30.117373728594327,38.87518583983915],[30.117196508023948,38.87118360736952],[30.117590483702,38.8717796874948],[30.117373728594327,38.87518583983915]],[[30.111434455993667,40.380615266564426],[30.113885324793,40.3759031277165],[30.115618183738388,40.3750922220302],[30.111434455993667,40.380615266564426]],[[30.013076923076923,39.78263880275212],[30.06128205128205,39.827320954907165],[30.049230769230768,39.83567639257294],[29.98897435897436,39.793899204244035],[29.98897435897436,39.760477453580904],[29.964871794871794,39.743766578249335],[29.964871794871794,39.710344827586205],[30.00102564102564,39.65185676392573],[30.057204835635094,39.66992583459373],[30.06128205128205,39.676923076923075],[29.98897435897436,39.710344827586205],[29.98897435897436,39.743766578249335],[30.00301612952855,39.753502068472166],[29.996815616476248,39.72462750330503],[30.013076923076923,39.78019835388171],[30.0445558009297,39.7966948796254],[30.013076923076923,39.78263880275212]],[[30.0445558009297,39.7966948796254],[30.058791116977194,39.82120840296289],[30.0554825182629,39.8198504620336],[30.0445558009297,39.7966948796254]],[[30.017524345568408,40.43151117293026],[30.0294819892074,40.4289541921527],[30.031632850944916,40.43055906516552],[30.017524345568408,40.43151117293026]],[[29.9217640780709,39.6986173151995],[29.92140182606832,39.69877343727204],[29.9502219609772,39.6642031308502],[29.9217640780709,39.6986173151995]],[[29.844358974358975,39.727055702917774],[29.916666666666664,39.710344827586205],[29.8925641025641,39.727055702917774],[29.844358974358975,39.727055702917774]],[[29.880653323210883,39.71633508130311],[29.8780845358645,39.7174421680868],[29.877789000922043,39.717469559132056],[29.880653323210883,39.71633508130311]],[[29.871277077887292,38.89530296856102],[29.8495525197949,38.9059003139943],[29.8691236986189,38.8947167820571],[29.871277077887292,38.89530296856102]],[[29.784102564102565,40.2367374005305],[29.735897435897435,40.18660477453581],[29.69974358974359,40.178249336870024],[29.784102564102565,40.18660477453581],[29.8229335982954,40.2563035879925],[29.784102564102565,40.2367374005305]],[[29.8229335982954,40.2563035879925],[29.844358974358975,40.34535809018568],[29.808205128205127,40.38713527851459],[29.784102564102565,40.38713527851459],[29.77205128205128,40.37877984084881],[29.82025641025641,40.34535809018568],[29.796153846153846,40.261803713527854],[29.82025641025641,40.261803713527854],[29.8299491859452,40.301945693850485],[29.8229335982954,40.2563035879925]],[[29.723846153846154,38.92493368700265],[29.735897435897435,38.91657824933687],[29.796153846153846,38.92493368700265],[29.723846153846154,38.92493368700265]],[[29.772596502567815,40.17907726881967],[29.7752096548627,40.1793128809253],[29.776697433890327,40.181406792218226],[29.772596502567815,40.17907726881967]],[[29.75122634941021,39.988420991748306],[29.7582967004333,40.0225371510927],[29.7507961739427,39.9912849528916],[29.75122634941021,39.988420991748306]],[[29.69974358974359,40.11140583554376],[29.7535904870658,40.0783498984274],[29.747948717948717,40.0946949602122],[29.69974358974359,40.11140583554376]],[[29.7500393913864,39.7211843612016],[29.750716475374485,39.72105296333424],[29.7435162492644,39.7424439262598],[29.7500393913864,39.7211843612016]],[[29.723846153846154,40.02785145888594],[29.735897435897435,39.986074270557026],[29.747948717948717,39.99442970822281],[29.735897435897435,40.036206896551725],[29.723846153846154,40.02785145888594]],[[29.702912544437382,39.85806875641888],[29.707961962943305,39.86333230323473],[29.7038075753222,39.860614000237],[29.702912544437382,39.85806875641888]],[[29.7032928332939,39.8352445690685],[29.706487547064015,39.83175745781668],[29.70323749334145,39.838565963900336],[29.7032928332939,39.8352445690685]],[[29.3006318859019,39.7293833757685],[29.3911620647139,39.8048302806074],[29.314102564102562,39.74488033829913],[29.386410256410255,39.810610079575596],[29.374358974358973,39.81896551724138],[29.265897435897436,39.743766578249335],[29.193589743589744,39.66021220159151],[29.24179487179487,39.676923076923075],[29.24179487179487,39.69363395225464],[29.3006318859019,39.7293833757685]],[[29.2273540885141,39.6510967173748],[29.261391408197703,39.703872665910545],[29.2572217484949,39.7006287977743],[29.2273540885141,39.6510967173748]],[[28.952564102564104,39.4763925729443],[28.928461538461537,39.49310344827586],[28.949560036084698,39.536972171564265],[28.928461538461537,39.52652519893899],[28.952564102564104,39.55994694960212],[28.99687603700793,39.585240087365804],[29.00076923076923,39.610079575596814],[28.94051282051282,39.63514588859417],[28.928461538461537,39.62679045092838],[28.976666666666667,39.59336870026525],[28.904358974358974,39.52652519893899],[28.928461538461537,39.44297082228117],[28.880256410256408,39.40954907161804],[28.916410256410256,39.40119363395225],[28.9503139123847,39.4124699664478],[28.928665740090242,39.40969064941637],[28.952564102564104,39.4763925729443]],[[28.9866854527711,39.5764690448985],[28.985224035827397,39.57052665217037],[28.9952970889871,39.5812466060308],[28.9866854527711,39.5764690448985]],[[28.9537375643412,39.5589160332602],[28.953723812098303,39.55759542406827],[28.9822903411522,39.5674045529359],[28.9537375643412,39.5589160332602]],[[28.9544813818758,39.5408962681632],[28.953625140306617,39.54812010603627],[28.95354211534945,39.54014733225461],[28.9544813818758,39.5408962681632]],[[28.735641025641026,39.777188328912466],[28.69948717948718,39.80225464190981],[28.651282051282053,39.78554376657825],[28.615128205128205,39.743766578249335],[28.627179487179486,39.73541114058355],[28.675384615384615,39.76883289124668],[28.735641025641026,39.777188328912466]],[[28.67451539479045,39.763636926202466],[28.6311038097141,39.734358384669],[28.6599672641293,39.749386912842],[28.67451539479045,39.763636926202466]]],[[[43.052564102564105,38.967615538060116],[43.058672970873275,38.95412001539713],[43.052564102564105,38.95835543766578],[43.052564102564105,38.967615538060116]]],[[[42.546410256410255,40.01194985806475],[42.54765634339383,40.01027664210208],[42.546410256410255,40.01114058355438],[42.546410256410255,40.01194985806475]]],[[[42.19692307692307,39.40119363395225],[42.19709887473128,39.4013155187129],[42.18831321992843,39.390452175245734],[42.19692307692307,39.40119363395225]]],[[[41.944856756446,38.17224362249906],[41.94384615384615,38.172944297082225],[41.94384615384615,38.173638599623615],[41.944856756446,38.17224362249906]]],[[[41.57072004229718,39.267185184286866],[41.56929696963611,39.26750663129973],[41.570256410256405,39.26750663129973],[41.57072004229718,39.267185184286866]]],[[[40.5805346501528,40.3939794680414],[40.58084821944209,40.387969390154865],[40.57,40.39549071618037],[40.5805346501528,40.3939794680414]]],[[[40.578206394968554,39.72136601601734],[40.57,39.727055702917774],[40.57,39.730226152023995],[40.578206394968554,39.72136601601734]]],[[[40.55794871794872,39.78554376657825],[40.558422040693046,39.78587193238411],[40.54589743589743,39.7702643479842],[40.55794871794872,39.78554376657825]]],[[[40.4088536044918,40.5137054346485],[40.37682779483935,40.520822281167106],[40.462816416818455,40.520822281167106],[40.4088536044918,40.5137054346485]]],[[[40.2325641025641,40.54588859416446],[40.41333333333333,40.58766578249337],[40.44948717948718,40.57931034482759],[40.4374358974359,40.537533156498675],[40.2325641025641,40.54588859416446]]],[[[40.307315564057724,39.39453251901626],[40.304871794871794,39.39013943351173],[40.304871794871794,39.39283819628647],[40.307315564057724,39.39453251901626]]],[[[40.29282051282051,39.11710875331565],[40.2973877621043,39.120275334807346],[40.28076923076923,39.09557060543819],[40.29282051282051,39.11710875331565]]],[[[40.26871794871795,39.08368700265252],[40.27632151693356,39.088958735567964],[40.25666666666667,39.05974028377794],[40.26871794871795,39.08368700265252]]],[[[40.26885488970434,39.16714643489939],[40.26827074776462,39.16724137931035],[40.26871794871795,39.16724137931035],[40.26885488970434,39.16714643489939]]],[[[40.17230769230769,39.18395225464191],[40.20598887575056,39.1773111722673],[40.14701602921724,39.16641694897759],[40.17230769230769,39.18395225464191]]],[[[40.027692307692305,40.08633952254642],[40.03756769838962,40.07949268160074],[40.0060817272066,40.071356398145106],[40.027692307692305,40.08633952254642]]],[[[39.740857408959776,39.98441315711547],[39.735411954515016,39.986074270557026],[39.738461538461536,39.986074270557026],[39.740857408959776,39.98441315711547]]],[[[39.05389112688583,38.12444282938047],[39.051538461538456,38.11059571359158],[39.051538461538456,38.12281167108753],[39.05389112688583,38.12444282938047]]],[[[38.653515513654185,38.43219210535348],[38.65451877540002,38.431962864721484],[38.65384615384615,38.431962864721484],[38.653515513654185,38.43219210535348]]],[[[38.61712564221437,38.44071118490866],[38.58157583308248,38.44867374005305],[38.60564102564102,38.44867374005305],[38.61712564221437,38.44071118490866]]],[[[38.2812426036817,40.1975013155378],[38.24410256410256,40.20331564986738],[38.29230769230769,40.20331564986738],[38.30435897435897,40.18713456762486],[38.2812426036817,40.1975013155378]]],[[[38.376666666666665,39.89416445623342],[38.376666666666665,39.90158899049829],[38.398464068479655,39.88580901856764],[38.376666666666665,39.89416445623342]]],[[[38.364615384615384,39.935941644562334],[38.36536938704503,39.935941644562334],[38.35698478719957,39.92452124212728],[38.364615384615384,39.935941644562334]]],[[[37.65358974358974,40.37877984084881],[37.72589743589744,40.37877984084881],[37.713846153846156,40.33700265251989],[37.65358974358974,40.37877984084881]]],[[[37.26794871794871,38.502563955752784],[37.26794871794871,38.52387267904509],[37.313215024875696,38.555256875703925],[37.2747700767149,38.5159012388907],[37.26794871794871,38.502563955752784]]],[[[36.96220739874752,38.96361915986304],[36.95461538461538,38.95045771451859],[36.95461538461538,38.95835543766578],[36.96220739874752,38.96361915986304]]],[[[36.72276141221,38.429966360912005],[36.71358974358974,38.40966448919186],[36.71358974358974,38.4236074270557],[36.72276141221,38.429966360912005]]],[[[36.72088225066279,38.76288100058651],[36.71358974358974,38.749577101648306],[36.71358974358974,38.757824933687004],[36.72088225066279,38.76288100058651]]],[[[36.39636567201362,38.26485411140583],[36.412319304781875,38.26485411140583],[36.4034351811396,38.2619100751466],[36.39636567201362,38.26485411140583]]],[[[36.338273174999486,38.12996986031202],[36.327948717948715,38.113764111982555],[36.327948717948715,38.12281167108753],[36.338273174999486,38.12996986031202]]],[[[36.01461538461538,39.89644996770391],[36.01701313971856,39.89250203615088],[36.01461538461538,39.89416445623342],[36.01461538461538,39.89644996770391]]],[[[35.90741168679625,40.10217830733721],[35.90188426409134,40.103050397877986],[35.90615384615384,40.103050397877986],[35.90741168679625,40.10217830733721]]],[[[35.267435897435895,38.002043313834875],[35.27268707648795,37.98548390232776],[35.267435897435895,37.98912466843501],[35.267435897435895,38.002043313834875]]],[[[35.03846153846153,38.69933687002653],[35.048031079565746,38.70597165824624],[35.02641025641026,38.66916152265709],[35.03846153846153,38.69933687002653]]],[[[34.68354366602598,38.33169761273209],[34.66915113651689,38.32630914341159],[34.676923076923075,38.33169761273209],[34.68354366602598,38.33169761273209]]],[[[34.59574302842552,39.37833134512148],[34.5925641025641,39.37147866050281],[34.5925641025641,39.37612732095491],[34.59574302842552,39.37833134512148]]],[[[34.17394297263317,38.801802551994946],[34.241317704568736,38.83302387267904],[34.2084077427972,38.8102985184663],[34.17394297263317,38.801802551994946]]],[[[34.10076895597737,40.068028860309155],[34.09591596772652,40.069628647214856],[34.098461538461535,40.069628647214856],[34.10076895597737,40.068028860309155]]],[[[34.03820512820513,38.05596816976127],[34.03820512820513,38.0592729940512],[34.05204171042437,38.04885052274752],[34.03820512820513,38.05596816976127]]],[[[33.48728629732111,38.64920424403183],[33.489821305513054,38.64920424403183],[33.4874617189668,38.6490924153022],[33.48728629732111,38.64920424403183]]],[[[33.58941308587711,40.167887000395076],[33.58025641025641,40.14998049945577],[33.58025641025641,40.16153846153846],[33.58941308587711,40.167887000395076]]],[[[31.598670571398113,38.6778589102305],[31.5804904704819,38.68262599469496],[31.59179487179487,38.68262599469496],[31.598670571398113,38.6778589102305]]],[[[31.567692307692305,38.09774535809019],[31.568923030107882,38.09859864692564],[31.555641025641023,38.08628512221367],[31.567692307692305,38.09774535809019]]],[[[31.362820512820512,37.4321751971758],[31.362820512820512,37.45437665782493],[31.368537897554788,37.458340655311275],[31.362820512820512,37.4321751971758]]],[[[30.77453498702384,40.151638787990976],[30.763051519669066,40.15318302387268],[30.77230769230769,40.15318302387268],[30.77453498702384,40.151638787990976]]],[[[30.76473173457206,39.066976127320956],[30.74052298494024,39.06164991647333],[30.74820512820513,39.066976127320956],[30.76473173457206,39.066976127320956]]],[[[30.495128205128204,39.211288279171434],[30.497721120485693,39.207220838356186],[30.495128205128204,39.209018567639255],[30.495128205128204,39.211288279171434]]],[[[30.254102564102563,39.108753315649864],[30.27560705721947,39.12366288717993],[30.254102564102563,39.08209293884189],[30.254102564102563,39.108753315649864]]],[[[30.025128205128205,39.6685676392573],[30.044953076911398,39.6685676392573],[30.00707980195444,39.656054256279155],[30.025128205128205,39.6685676392573]]],[[[26.3118903663933,41.0746896356828],[26.3348780415362,41.1083875892067],[26.3029574036799,41.1135057289532],[26.3355147913156,41.1411871993188],[26.3068331535549,41.1738950207485],[26.3227416567824,41.1848991782656],[26.3225962394005,41.2514582373681],[26.401393013181,41.2522501049354],[26.4599288986721,41.2818311812862],[26.4975489069132,41.3273173803427],[26.5431763024414,41.3414713552567],[26.5885481080695,41.3234937205],[26.6190461462627,41.3383085010487],[26.6347562138061,41.3852844717096],[26.5984231755836,41.4783836044407],[26.5920714474564,41.6101060773575],[26.526348656905004,41.6237400530504],[26.4889470792648,41.6535022275649],[26.4932182291181,41.6719075142742],[26.3585070833823,41.7088240668418],[26.330304186774654,41.75248247274263],[26.38219579147356,41.8218818950422],[26.5372526128373,41.8233996552892],[26.5803364521909,41.87440318302387],[26.723076923076924,41.87440318302387],[26.77128205128205,41.82427055702918],[26.807435897435898,41.815915119363396],[26.807435897435898,41.782493368700266],[26.855641025641024,41.73236074270557],[26.87974358974359,41.648806366047744],[26.927948717948716,41.59867374005305],[26.952051282051283,41.49840848806366],[27.0725641025641,41.36472148541114],[27.024358974358975,41.34801061007958],[27.10871794871795,41.32294429708223],[27.193076923076923,41.264456233421754],[27.193076923076923,41.247745358090185],[27.337692307692308,41.13076923076923],[27.325641025641026,41.105702917771886],[26.915897435897435,41.105702917771886],[26.795384615384616,41.072281167108756],[26.77128205128205,41.08899204244032],[26.698974358974358,41.08899204244032],[26.686923076923076,41.08063660477454],[26.711025641025643,41.06392572944297],[26.662820512820513,41.04721485411141],[26.662820512820513,40.99708222811671],[26.626666666666665,40.972015915119364],[26.57846153846154,40.972015915119364],[26.51820512820513,40.93023872679045],[26.494102564102565,40.89681697612732],[26.494102564102565,40.84668435013263],[26.457948717948717,40.82161803713528],[26.192820512820514,40.75477453580902],[26.12625886026393,40.75477453580902],[26.1538044813297,40.8042806965558],[26.2173884743037,40.8428750464339],[26.2051613104874,40.861545956663],[26.2239917449061,40.8909669176908],[26.2481030614571,40.8819203738607],[26.2592225362176,40.9135429913414],[26.2938741102387,40.8949996826118],[26.2891212236568,40.9319906089572],[26.3587602364789,40.9449603204411],[26.325643131575,40.9852652032809],[26.3656298817591,41.0183082004643],[26.3118903663933,41.0746896356828]],[[26.9998884376247,41.3618381420229],[27.00787845407668,41.349379132815706],[27.0013887765441,41.361623808425],[26.9919580781387,41.3633384801181],[26.9998884376247,41.3618381420229]],[[26.96885369704105,41.35279243029835],[26.974531435528736,41.35994452767093],[26.9728823492169,41.3596233573429],[26.96885369704105,41.35279243029835]],[[26.952051282051283,41.180901856763924],[26.9587078490993,41.2291552504314],[26.952051282051283,41.196904870675574],[26.94,41.25610079575597],[26.927948717948716,41.180901856763924],[26.807435897435898,41.11405835543766],[26.86540469771835,41.12241379310345],[26.833225747883,41.107604493435],[26.915897435897435,41.13912466843502],[26.952051282051283,41.180901856763924]],[[26.882800551540537,41.400057738268025],[26.8806425772178,41.3956356597068],[26.888207196673257,41.38487228775566],[26.882800551540537,41.400057738268025]]],[[[26.901715558531368,41.13912466843502],[26.872208684329173,41.12554510339093],[26.87974358974359,41.13076923076923],[26.901715558531368,41.13912466843502]]]]}},{"type":"Feature","id":"karasal-sert-gecis-cl","properties":{"id":"karasal-sert-gecis-cl","name":"Karasal-Sert Karasal Geçiş İklimi","source":"MEB","source_url":"https://ogmmateryal.eba.gov.tr/panel/upload/images/yaitv3gvmoj.png","source_rgb":[127,109,89]},"geometry":{"type":"MultiPolygon","coordinates":[[[[44.02871794871795,38.18129973474801],[43.908205128205125,38.18129973474801],[43.67923076923077,38.39018567639257],[43.65512820512821,38.4737400530504],[43.63102564102564,38.49045092838196],[43.63102564102564,38.54058355437665],[43.606923076923074,38.55729442970822],[43.606923076923074,38.640848806366044],[43.63102564102564,38.65755968169761],[43.63102564102564,38.707692307692305],[43.58282051282051,38.774535809018566],[43.510512820512815,38.824668435013265],[43.46230769230769,38.89151193633952],[43.46230769230769,38.94164456233422],[43.43820512820513,38.95835543766578],[43.43820512820513,39.07533156498673],[43.46230769230769,39.0920424403183],[43.46230769230769,39.15888594164456],[43.53461538461538,39.275862068965516],[43.54666666666667,39.2842175066313],[43.65598029329226,39.20101570840281],[43.65512820512821,39.225729442970824],[43.618974358974356,39.2340848806366],[43.55871794871794,39.292572944297085],[43.53461538461538,39.4763925729443],[43.510512820512815,39.49310344827586],[43.510512820512815,39.55994694960212],[43.48641025641025,39.57665782493369],[43.510512820512815,39.59336870026525],[43.510512820512815,39.62679045092838],[43.691282051282045,39.73541114058355],[43.82384615384615,39.57665782493369],[43.84794871794871,39.49310344827586],[43.872051282051274,39.4763925729443],[43.84794871794871,39.44297082228117],[43.84794871794871,39.39283819628647],[43.77564102564102,39.39283819628647],[43.896153846153844,39.325994694960215],[43.896153846153844,39.209018567639255],[43.92025641025641,39.175596816976125],[43.95641025641025,39.15053050397878],[44.05282051282051,39.15053050397878],[44.088974358974355,39.12546419098143],[44.088974358974355,39.07533156498673],[44.06487179487179,39.05862068965517],[44.04076923076923,38.94164456233422],[44.016666666666666,38.92493368700265],[44.016666666666666,38.89151193633952],[43.96846153846154,38.85809018567639],[43.94435897435898,38.757824933687004],[44.125128205128206,38.63249336870027],[44.32149333382183,38.61332492770465],[44.305897435897435,38.52387267904509],[44.3249865780677,38.5026307707724],[44.302146607763,38.4466193775709],[44.3184641486682,38.415609349646644],[44.304108422522,38.392162377754],[44.3789195775858,38.358487557457],[44.4078234787564,38.36965057641388],[44.474615384615376,38.323342175066315],[44.36615384615384,38.24814323607427],[44.07692307692307,38.14787798408488],[44.02871794871795,38.18129973474801]],[[43.78773439560221,39.38074134180107],[43.79406344714144,39.382449181078115],[43.7895379030324,39.3823116961813],[43.78773439560221,39.38074134180107]],[[43.76029060243267,39.247109153201],[43.75153846153846,39.227924090134856],[43.73948717948718,39.26750663129973],[43.727435897435896,39.209018567639255],[43.7395137497658,39.1993298937617],[43.76029060243267,39.247109153201]]],[[[41.81128205128205,39.534880636604775],[41.69076923076923,39.601724137931036],[41.61846153846153,39.6184350132626],[41.53410256410256,39.676923076923075],[41.51,39.777188328912466],[41.485897435897435,39.793899204244035],[41.485897435897435,39.86074270557029],[41.40153846153846,39.935941644562334],[41.35333333333333,39.935941644562334],[41.04,39.83567639257294],[40.84717948717948,39.83567639257294],[40.72666666666666,39.86909814323607],[40.54589743589743,39.96100795755968],[40.47358974358974,40.04456233421751],[40.44948717948718,40.12811671087533],[40.509743589743586,40.18660477453581],[40.77487179487179,40.27015915119363],[40.88333333333333,40.34535809018568],[40.93153846153846,40.41220159151194],[40.93153846153846,40.44562334217507],[41.02794871794872,40.54588859416446],[41.13641025641025,40.6210875331565],[41.281025641025636,40.68793103448276],[41.3221077757009,40.6843249037902],[41.377435897435895,40.73806366047745],[41.59435897435897,40.82161803713528],[41.751025641025635,40.93023872679045],[41.751025641025635,41.03050397877984],[41.87153846153846,41.13076923076923],[41.87153846153846,41.314588859416446],[41.89564102564103,41.331299734748015],[41.89564102564103,41.39814323607427],[41.91974358974359,41.41485411140584],[41.94384615384615,41.51676209720871],[41.9839818864557,41.5219782466048],[42.0396542210942,41.4940541822768],[42.1786236947264,41.5141508002142],[42.3282691354808,41.4688132271969],[42.3999697258394,41.4666785827495],[42.4489838519987,41.4387534834479],[42.5191992015297,41.4370036926446],[42.5127214101585,41.4719147246558],[42.5701224666226,41.5087077338536],[42.57088751310895,41.53157045552551],[42.59461538461538,41.49840848806366],[42.7151282051282,41.4315649867374],[42.763333333333335,41.36472148541114],[42.85974358974359,41.314588859416446],[42.95615384615384,41.214323607427055],[42.88384615384615,41.11405835543766],[42.85974358974359,41.01379310344828],[42.835641025641024,40.99708222811671],[42.85974358974359,40.89681697612732],[42.88384615384615,40.88010610079576],[42.88384615384615,40.84668435013263],[42.835641025641024,40.829973474801065],[42.90794871794871,40.796551724137935],[42.932051282051276,40.763129973474804],[42.932051282051276,40.69628647214854],[42.90794871794871,40.679575596816974],[42.90794871794871,40.62944297082228],[42.85974358974359,40.56259946949602],[42.73923076923077,40.49575596816976],[42.763333333333335,40.46233421750663],[42.763333333333335,40.37877984084881],[42.7151282051282,40.34535809018568],[42.69102564102564,40.261803713527854],[42.64282051282051,40.228381962864724],[42.64282051282051,40.19496021220159],[42.546410256410255,40.11140583554376],[42.42589743589743,39.94429708222812],[42.23307692307692,39.793899204244035],[42.16076923076923,39.69363395225464],[42.184871794871796,39.676923076923075],[42.16076923076923,39.57665782493369],[42.02820512820513,39.51816976127321],[42.00410256410257,39.534880636604775],[41.81128205128205,39.534880636604775]],[[42.6434797090849,40.6412991052744],[42.67897435897436,40.65450928381963],[42.84636722146025,40.73041514100317],[42.75411191377548,40.689893044795525],[42.835641025641024,40.729708222811674],[42.823589743589736,40.75477453580902],[42.61871794871794,40.646153846153844],[42.67355488288676,40.65450928381963],[42.6434797090849,40.6412991052744]],[[42.52230769230769,41.38143236074271],[42.582563089160956,41.33965446979752],[42.57051282051282,41.331299734748015],[42.609058424075215,41.289067232834725],[42.61871794871794,41.314588859416446],[42.546410256410255,41.38143236074271],[42.52230769230769,41.38143236074271]],[[42.52230769230769,40.51246684350133],[42.52230769230769,40.56259946949602],[42.546410256410255,40.57931034482759],[42.546410256410255,40.62944297082228],[42.563513302801,40.63779840848807],[42.55099605598476,40.58801298343744],[42.56504089192893,40.63779840848807],[42.60522841166077,40.64310001444379],[42.558461538461536,40.68793103448276],[42.52230769230769,40.62944297082228],[42.52230769230769,40.59602122015915],[42.49820512820513,40.57931034482759],[42.49820512820513,40.51246684350133],[42.534358974358966,40.470689655172414],[42.546410256410255,40.4790450928382],[42.52230769230769,40.51246684350133]],[[42.52230769230769,40.796551724137935],[42.474102564102566,40.813262599469496],[42.49820512820513,40.779840848806366],[42.5480598675903,40.757363737884],[42.52230769230769,40.796551724137935]],[[42.5256859356926,40.5255628475012],[42.52655308135689,40.52141138742473],[42.52850699609741,40.55029120566709],[42.5256859356926,40.5255628475012]],[[42.51036806445243,40.41514828538316],[42.515119089248,40.4149830324304],[42.516579198906214,40.416663856359214],[42.51036806445243,40.41514828538316]],[[42.4667497219146,40.0601751204108],[42.46711817309164,40.059973270018375],[42.3934515263401,40.1453796216867],[42.4667497219146,40.0601751204108]],[[42.4505273798762,40.4005466364564],[42.44971579485817,40.400062390735705],[42.45341780398911,40.40125192514828],[42.4505273798762,40.4005466364564]],[[42.365641025641025,40.40384615384615],[42.329487179487174,40.39549071618037],[42.365641025641025,40.37042440318302],[42.405878733747,40.3739062779695],[42.365641025641025,40.40384615384615]],[[42.381880172701244,40.97957179901897],[42.365641025641025,40.988726790450926],[42.329487179487174,40.93023872679045],[42.37769230769231,40.94694960212202],[42.381880172701244,40.97957179901897]],[[42.3415846826035,40.9210754417892],[42.34176649099884,40.91920622418202],[42.3494206316472,40.92714490535042],[42.3415846826035,40.9210754417892]],[[42.22102564102563,40.40384615384615],[42.13666666666666,40.39549071618037],[42.165842292785385,40.38713527851459],[42.1458747808668,40.3570142062749],[42.168948894188375,40.38713527851459],[42.22102564102563,40.37042440318302],[42.3123398186385,40.368027539035],[42.275448954121615,40.37042440318302],[42.30538461538461,40.37877984084881],[42.22102564102563,40.40384615384615]],[[42.2451282051282,40.22002652519894],[42.20897435897436,40.211671087533155],[42.2451282051282,40.18660477453581],[42.2830949553004,40.1880934931364],[42.2451282051282,40.22002652519894]],[[42.19692307692307,40.972015915119364],[42.16076923076923,40.96366047745358],[42.2664682430153,40.9324075039603],[42.19692307692307,40.972015915119364]],[[42.1624691947395,40.2361652028303],[42.164694798614796,40.23508281677546],[42.16026645816337,40.23921242025728],[42.1624691947395,40.2361652028303]],[[42.1347126199204,40.2745630391484],[42.13962514756781,40.267767156236225],[42.134268627518665,40.27816510610947],[42.1347126199204,40.2745630391484]],[[42.08846153846154,40.98037135278515],[42.12461538461538,40.9553050397878],[42.13959538412,40.9600092512061],[42.08846153846154,40.98037135278515]],[[41.857762261453864,40.86141045281246],[41.8823280649545,40.8961445188914],[41.8572009569803,40.8649259907952],[41.857762261453864,40.86141045281246]],[[41.8806386480012,40.8037024608426],[41.8815666372243,40.8219053372096],[41.88095208384997,40.82250861437597],[41.8806386480012,40.8037024608426]],[[41.87153846153846,40.89681697612732],[41.859487179487175,40.9051724137931],[41.82333333333333,40.86339522546419],[41.84743589743589,40.86339522546419],[41.87153846153846,40.89681697612732]],[[41.820957995955695,40.70573371201601],[41.823632084411834,40.72135281966714],[41.8208903831953,40.7059066148703],[41.820957995955695,40.70573371201601]],[[41.69076923076923,40.68793103448276],[41.61846153846153,40.72135278514589],[41.570256410256405,40.72135278514589],[41.53410256410256,40.69628647214854],[41.58701905957269,40.68793103448276],[41.5613863701015,40.6796611609293],[41.62502655505577,40.699470288621036],[41.60074720565807,40.692360145691595],[41.61846153846153,40.70464190981433],[41.69076923076923,40.6712201591512],[41.79923076923077,40.66286472148541],[41.69076923076923,40.68793103448276]],[[41.79434368116725,40.6530428649781],[41.7946687232918,40.6529160192736],[41.79551872337322,40.653610801955814],[41.79434368116725,40.6530428649781]],[[41.74939956018327,40.664276987084456],[41.763731125261565,40.66371740329084],[41.7618321616395,40.6645277890482],[41.74939956018327,40.664276987084456]],[[41.4446976046935,40.6082773319263],[41.5441590734325,40.6622435061314],[41.54468077583443,40.6627709732389],[41.4446976046935,40.6082773319263]],[[41.52205128205128,40.6712201591512],[41.485897435897435,40.646153846153844],[41.49794871794872,40.63779840848807],[41.53410256410256,40.66286472148541],[41.52205128205128,40.6712201591512]],[[41.4376923076923,40.61273209549071],[41.46179487179487,40.62944297082228],[41.44974358974359,40.63779840848807],[41.389487179487176,40.57931034482759],[41.4376923076923,40.59602122015915],[41.4376923076923,40.61273209549071]],[[41.41415037111071,40.57227350902484],[41.4159192462505,40.572629661144],[41.4384158283887,40.5935246740569],[41.41415037111071,40.57227350902484]],[[41.31717948717949,40.59602122015915],[41.31717948717949,40.616987146138094],[41.32870648851856,40.58940989022687],[41.3051282051282,40.6712201591512],[41.293076923076924,40.59602122015915],[41.35333333333333,40.55424403183024],[41.36538461538461,40.56259946949602],[41.31717948717949,40.59602122015915]],[[40.675546322076556,40.129319405591815],[40.69051282051282,40.144827586206894],[40.678461538461534,40.16989389920425],[40.64230769230769,40.12811671087533],[40.68457733141595,40.14071237182939],[40.675546322076556,40.129319405591815]],[[40.6640215303153,40.1179827735274],[40.664300300941825,40.11825699280084],[40.66327672023613,40.11783515349217],[40.6640215303153,40.1179827735274]],[[40.53384615384615,40.103050397877986],[40.497692307692304,40.07798408488064],[40.53146901272794,40.069628647214856],[40.51541771479514,40.064076095598985],[40.5746924524291,40.0813276987478],[40.53536843944793,40.0706840836739],[40.57,40.0946949602122],[40.53384615384615,40.103050397877986]]],[[[42.727179487179484,40.68793103448276],[42.74964507020063,40.68793103448276],[42.68834305131201,40.661004818859304],[42.727179487179484,40.68793103448276]]]]}}]}