{"type":"FeatureCollection","name":"MEB Toprak ve Bitki Alt Oyun Alanları","features":[{"type":"Feature","id":"forest-black","properties":{"id":"forest-black","name":"Kuzey Anadolu Ormanları","source":"MEB","source_url":"https://ogmmateryal.eba.gov.tr/kitap/mebi-konu-ozetleri/tyt-cografya/files/basic-html/page90.html","geometry_note":"MEB orman haritasının Kuzey Anadolu orman kuşağı"},"geometry":{"type":"MultiPolygon","coordinates":[[[[28.388683127572016,39.70444444444445],[28.51440329218107,39.75888888888889],[28.804526748971192,39.992222222222225],[29.017283950617283,39.992222222222225],[29.133333333333333,39.93],[29.210699588477365,39.93],[29.259053497942386,39.96888888888889],[29.259053497942386,40.01555555555556],[29.143004115226336,40.093333333333334],[29.12366255144033,40.15555555555556],[29.17201646090535,40.19444444444444],[29.2880658436214,40.19444444444444],[29.31707818930041,40.26444444444444],[29.03662551440329,40.25666666666667],[29.00761316872428,40.28],[29.075308641975308,40.33444444444444],[29.636213991769548,40.31888888888889],[29.732921810699587,40.36555555555555],[29.7619341563786,40.342222222222226],[29.771604938271604,40.17888888888889],[29.79094650205761,40.19444444444444],[29.92633744855967,40.11666666666667],[30.313168724279834,40.08555555555556],[30.361522633744855,40.14],[30.245473251028805,40.28],[30.18744855967078,40.31111111111111],[30.18744855967078,40.32666666666667],[30.216460905349795,40.33444444444444],[30.2261316872428,40.35777777777778],[30.264814814814812,40.373333333333335],[30.197119341563784,40.35],[30.119753086419752,40.36555555555555],[30.032716049382714,40.43555555555555],[30.04238683127572,40.458888888888886],[29.916666666666664,40.513333333333335],[29.994090384544027,40.50031209088301],[29.974691358024693,40.528888888888886],[30.081069958847735,40.583333333333336],[30.081069958847735,40.59888888888889],[29.984362139917696,40.56777777777778],[29.965020576131685,40.53666666666667],[29.91880438710498,40.54272517141108],[29.90699588477366,40.583333333333336],[29.887654320987654,40.52111111111111],[29.732921810699587,40.63],[29.674897119341562,40.614444444444445],[29.366582775500028,40.6912967843378],[29.4335245614452,40.6892609343919],[29.510493827160495,40.737767454006644],[29.554824676275505,40.68542821073008],[29.727067001571864,40.71248653916135],[30.023045267489714,40.66111111111111],[30.216460905349795,40.66111111111111],[30.32283950617284,40.715555555555554],[30.400205761316872,40.80888888888889],[30.506584362139918,41.065555555555555],[30.874074074074073,41.05],[30.88921604826867,41.077733568843975],[30.96119858161256,41.073403681949394],[30.932098765432098,40.97222222222222],[30.96111111111111,41.01111111111111],[31.019135802469137,41.05777777777778],[30.979436728850402,41.07415041334537],[31.2780506343556,41.1111034187406],[31.280246913580246,41.096666666666664],[31.33827160493827,41.08111111111111],[31.33827160493827,41.11222222222222],[31.281187320406865,41.11222222222222],[31.4092110213078,41.2112899552017],[31.42115443129,41.2716077184725],[31.3985508113318,41.3145513398221],[31.6135335250525,41.3795443821879],[32.0533689198902,41.581867282505],[32.12443676972619,41.56258536045995],[32.0908519922063,41.5865017926817],[32.1533691386619,41.6093184555183],[32.2256373563063,41.6850383019522],[32.3816650984746,41.7508795448477],[32.4143103691554,41.7393436513108],[32.5799641768853,41.8266050246212],[32.71342689364686,41.8418018221781],[32.76954732510288,41.78111111111111],[32.84691358024691,41.73444444444445],[32.85658436213991,41.742222222222225],[32.76954732510288,41.79666666666667],[32.72755644328365,41.845993612281084],[32.9594336755717,41.8871332745018],[33.192052963754875,41.970197592743716],[33.388477366255145,41.92111111111111],[33.7559670781893,41.92111111111111],[33.87201646090535,41.89],[34.239506172839505,41.90555555555556],[34.27818930041152,41.812222222222225],[34.30720164609053,41.85111111111111],[34.26851851851852,41.897777777777776],[34.37042423999731,41.9486248852177],[34.4917039060765,41.976142343412],[34.529629629629625,41.952222222222225],[34.7201758959639,41.9436855224383],[34.89711934156378,41.983333333333334],[35.06152263374486,41.882222222222225],[35.10020576131687,41.82],[35.11954732510288,41.72666666666667],[35.080864197530865,41.63333333333333],[35.10987654320988,41.61],[35.18724279835391,41.57888888888889],[35.26460905349794,41.61],[35.303292181069956,41.59444444444445],[35.38065843621399,41.656666666666666],[35.67078189300411,41.641111111111115],[35.74814814814815,41.61],[35.89320987654321,41.50888888888889],[35.931893004115224,41.446666666666665],[35.96090534979424,41.25222222222222],[36.057613168724274,41.29888888888889],[36.27037037037037,41.31444444444445],[36.389725297444,41.253713888049],[36.50246913580247,41.25222222222222],[36.61851851851851,41.205555555555556],[36.715226337448556,41.12777777777778],[36.869958847736626,41.11222222222222],[36.947325102880654,41.08111111111111],[36.947325102880654,41.05],[37.17942386831275,41.08111111111111],[37.37283950617284,41.065555555555555],[37.56625514403292,40.94111111111111],[37.759670781893,40.910000000000004],[37.85637860082304,40.910000000000004],[38.047677990216386,40.9705202181362],[38.2852324336012,40.9440884589298],[38.3609508932639,40.9089742600739],[38.5327778765169,40.918166472691],[38.624968068856,40.9727489854347],[38.7110758731179,40.9497597852219],[38.9333542619339,41.0427372215554],[39.0134312801221,41.0315531930408],[39.136305149949116,41.06283448696764],[39.248971193415635,41.034444444444446],[39.4037037037037,41.05],[39.55843621399177,41.00333333333334],[39.7205225564559,41.0129789784736],[39.8766332302609,40.9540382386149],[40.040599123585,40.95777347081888],[40.1202249502993,40.9128519655787],[40.2285944248991,40.9270653960107],[40.32591240067771,40.982802361017875],[40.39979423868313,40.93333333333334],[40.39979423868313,40.90222222222222],[40.43847736625514,40.87111111111111],[40.419135802469135,40.84],[40.44814814814815,40.83222222222222],[40.47716049382716,40.855555555555554],[40.419135802469135,40.90222222222222],[40.39979423868313,40.964444444444446],[40.33142569007798,40.987236453344046],[40.3813701912114,41.0241919137503],[40.5460843868496,41.028526733751],[40.7108049789723,41.0836371163465],[40.8023874534698,41.1610024946942],[41.0558594081279,41.2148309580501],[41.257536136208,41.3360489253072],[41.4093078056346,41.3864260823677],[41.5489804784879,41.5198163569214],[41.6344220679762,41.4868969445599],[41.7085917474073,41.4959577277295],[41.8221113164571,41.4322076363945],[41.9560472783354,41.5236028540544],[42.0396542210942,41.4940541822768],[42.1786236947264,41.5141508002142],[42.5191992015297,41.4370036926446],[42.5127214101585,41.4719147246558],[42.5701224666226,41.5087077338536],[42.60576870738837,41.58583329963706],[42.73045267489712,41.47],[42.846502057613165,41.43888888888889],[43.010905349794236,41.275555555555556],[43.010905349794236,41.24444444444445],[42.92386831275719,41.19],[42.73045267489712,41.14333333333333],[42.54670781893004,40.980000000000004],[42.55637860082304,40.94111111111111],[42.32427983539094,40.86333333333334],[41.995473251028805,40.81666666666667],[41.85041152263374,40.73111111111111],[41.89876543209876,40.67666666666667],[42.03415637860082,40.614444444444445],[42.36296296296296,40.67666666666667],[42.49835390946502,40.66111111111111],[42.52736625514403,40.62222222222222],[42.50802469135802,40.48222222222222],[42.54670781893004,40.48222222222222],[42.52736625514403,40.57555555555555],[42.53703703703704,40.583333333333336],[42.566049382716045,40.544444444444444],[42.566049382716045,40.404444444444444],[42.50802469135802,40.29555555555556],[42.40164609053498,40.25666666666667],[42.26625514403292,40.25666666666667],[41.995473251028805,40.35],[41.91810699588477,40.412222222222226],[41.82139917695473,40.39666666666667],[41.81172839506173,40.31111111111111],[41.715020576131685,40.17111111111111],[41.550617283950615,40.08555555555556],[41.41522633744856,40.08555555555556],[41.386213991769544,40.12444444444444],[41.54094650205761,40.46666666666667],[41.5216049382716,40.49777777777778],[41.54094650205761,40.56],[41.46358024691358,40.61852274628043],[41.54468077583443,40.6627709732389],[41.46358024691358,40.62222222222222],[41.5119341563786,40.66111111111111],[41.60864197530864,40.69222222222222],[41.782716049382714,40.64555555555555],[41.79238683127572,40.66888888888889],[41.56995884773662,40.70777777777778],[41.45390946502057,40.63],[41.39588477366255,40.63],[41.30884773662551,40.653333333333336],[41.35720164609053,40.723333333333336],[41.2798353909465,40.66111111111111],[40.77695473251028,40.63],[40.77695473251028,40.66111111111111],[40.71893004115226,40.614444444444445],[40.486831275720164,40.53666666666667],[40.45781893004115,40.56],[40.47716049382716,40.57555555555555],[40.45781893004115,40.59111111111111],[40.52551440329218,40.614444444444445],[40.863991769547326,40.88666666666667],[40.90267489711934,40.995555555555555],[40.85432098765432,41.05],[40.71893004115226,41.05],[40.64156378600823,41.00333333333334],[40.49650205761317,40.77777777777778],[40.46748971193416,40.754444444444445],[40.428806584362135,40.81666666666667],[40.45781893004115,40.74666666666667],[40.15802469135802,40.56777777777778],[40.1033308168627,40.5976528172517],[40.11873511046955,40.58284559002776],[40.022633744855966,40.52111111111111],[39.974279835390945,40.544444444444444],[40.03230452674897,40.57555555555555],[40.022633744855966,40.59888888888889],[39.96460905349794,40.55222222222222],[39.89691358024691,40.57555555555555],[39.974279835390945,40.528888888888886],[39.94526748971193,40.50555555555555],[39.73251028806584,40.49],[39.53909465020576,40.56777777777778],[39.3843621399177,40.56777777777778],[39.33600823045268,40.49777777777778],[39.34567901234568,40.39666666666667],[39.519753086419755,40.35],[39.82921810699588,40.35],[40.04197530864197,40.39666666666667],[40.27407407407407,40.50555555555555],[40.43847736625514,40.513333333333335],[40.11934156378601,40.31888888888889],[39.90658436213992,40.22555555555556],[39.82921810699588,40.21],[39.82921810699588,40.24111111111111],[39.79053497942387,40.19444444444444],[39.50041152263374,40.11666666666667],[39.016872427983536,40.05444444444444],[38.9395061728395,40.132222222222225],[38.958847736625515,40.03888888888889],[37.662962962962965,40.08555555555556],[37.17942386831275,40.02333333333333],[36.69588477366255,40.02333333333333],[36.61851851851851,40.07],[36.599176954732506,40.03888888888889],[36.1156378600823,40.11666666666667],[35.51478441249073,40.30435069236562],[35.59341563786008,40.31888888888889],[35.61275720164609,40.35],[35.535390946502055,40.35],[35.45802469135802,40.303333333333335],[35.28395061728395,40.38111111111111],[35.303292181069956,40.42777777777778],[35.361316872427984,40.42777777777778],[35.43868312757201,40.38111111111111],[35.651440329218104,40.35],[35.757818930041154,40.404444444444444],[35.699794238683126,40.49777777777778],[35.574074074074076,40.583333333333336],[35.34197530864198,40.66111111111111],[35.303292181069956,40.70777777777778],[35.245267489711935,40.69222222222222],[35.196913580246914,40.715555555555554],[35.20658436213992,40.73888888888889],[35.1679012345679,40.723333333333336],[34.43292181069959,41.12777777777778],[34.27818930041152,41.15888888888889],[33.65925925925926,41.19],[33.233744855967075,41.15888888888889],[33.059670781893004,41.11222222222222],[32.96296296296296,41.17444444444445],[33.03065843621399,41.12],[32.65349794238683,41.00333333333334],[32.24732510288066,40.94111111111111],[32.16995884773662,40.95666666666667],[32.13127572016461,40.925555555555555],[31.89917695473251,40.87888888888889],[31.551028806584362,40.63],[31.202880658436214,40.56777777777778],[31.154526748971193,40.48222222222222],[31.1738683127572,40.373333333333335],[31.09650205761317,40.373333333333335],[31.14485596707819,40.36555555555555],[31.162822567962692,40.35110582122717],[31.1101555887782,40.3616048877423],[31.26090534979424,40.272222222222226],[31.396296296296295,40.31888888888889],[31.512345679012345,40.28777777777778],[31.483333333333334,40.31111111111111],[31.609053497942387,40.33444444444444],[31.647736625514405,40.33444444444444],[31.647736625514405,40.303333333333335],[31.725102880658437,40.33444444444444],[31.76378600823045,40.31888888888889],[31.8597019689354,40.3133696948731],[31.81285292957607,40.31888888888889],[31.860493827160493,40.33444444444444],[31.754115226337447,40.35777777777778],[31.860493827160493,40.42777777777778],[32.07325102880658,40.49],[32.1119341563786,40.443333333333335],[32.13127572016461,40.49],[32.69218106995885,40.49],[32.96296296296296,40.42777777777778],[33.02098765432099,40.38111111111111],[33.2917695473251,40.38111111111111],[33.224074074074075,40.342222222222226],[33.27038774766896,40.33444444444444],[33.2476316979725,40.3284292086402],[33.2917695473251,40.33444444444444],[33.30144032921811,40.342222222222226],[33.31640621872441,40.36555555555555],[33.340123456790124,40.35777777777778],[33.340123456790124,40.31111111111111],[33.2917695473251,40.272222222222226],[33.233744855967075,40.25666666666667],[33.059670781893004,40.28777777777778],[32.42139917695473,40.22555555555556],[31.896413874191644,40.05],[31.676748971193415,40.05],[31.667078189300412,40.07],[31.33525693001598,40.05],[31.26090534979424,40.08555555555556],[31.1738683127572,40.062222222222225],[31.193508399066648,40.05],[31.026043503821278,40.05],[31.106172839506172,40.07],[31.14485596707819,40.05444444444444],[31.154526748971193,40.077777777777776],[31.106172839506172,40.08555555555556],[30.966637272192813,40.05],[30.0,40.05],[28.369379705987807,39.642344926496946],[28.388683127572016,39.70444444444445]],[[42.53703703703704,41.39222222222222],[42.58539094650206,41.291111111111114],[42.609058424075215,41.289067232834725],[42.62407407407407,41.306666666666665],[42.53703703703704,41.39222222222222]],[[42.53011547226824,40.56439050491838],[42.54022203156075,40.57582418814439],[42.5304484579194,40.5673093323323],[42.53011547226824,40.56439050491838]],[[42.515119089248,40.4149830324304],[42.516579198906214,40.416663856359214],[42.51036806445243,40.41514828538316],[42.515119089248,40.4149830324304]],[[42.44971579485817,40.400062390735705],[42.45341780398911,40.40125192514828],[42.4505273798762,40.4005466364564],[42.44971579485817,40.400062390735705]],[[42.16954732510288,40.39666666666667],[42.41131687242798,40.388888888888886],[42.37263374485596,40.404444444444444],[42.41131687242798,40.43555555555555],[42.37263374485596,40.46666666666667],[42.37263374485596,40.528888888888886],[42.285596707818925,40.56777777777778],[41.89876543209876,40.56777777777778],[41.79238683127572,40.513333333333335],[41.84074074074074,40.474444444444444],[42.01481481481481,40.49],[42.2179012345679,40.42],[42.15020576131687,40.39666666666667],[42.13086419753086,40.35],[42.16954732510288,40.39666666666667]],[[42.34606987237182,40.37908657275696],[42.405878733747,40.3739062779695],[42.3486540516759,40.3799338446378],[42.34606987237182,40.37908657275696]],[[42.32427983539094,40.925555555555555],[42.37263374485596,40.94888888888889],[42.381880172701244,40.97957179901897],[42.37263374485596,40.961502737670834],[42.36296296296296,40.98777777777778],[42.32427983539094,40.925555555555555]],[[42.34176649099884,40.91920622418202],[42.3494206316472,40.92714490535042],[42.3415846826035,40.9210754417892],[42.34176649099884,40.91920622418202]],[[42.24691358024691,40.36555555555555],[42.3123398186385,40.368027539035],[42.28429065226062,40.369849942552875],[42.31460905349794,40.373333333333335],[42.202733488565336,40.39302968310811],[42.24691358024691,40.36555555555555]],[[42.24691358024691,40.925555555555555],[42.27592592592592,40.93333333333334],[42.17921810699588,40.964444444444446],[42.24691358024691,40.925555555555555]],[[42.17503606247528,40.39302872009721],[42.190026587105315,40.39369496567732],[42.1771288344186,40.3943702404539],[42.17503606247528,40.39302872009721]],[[42.17194629253657,40.391048098518496],[42.1655201857717,40.3869287996781],[42.1458747808668,40.3570142062749],[42.17194629253657,40.391048098518496]],[[42.13959538412,40.9600092512061],[42.111522633744855,40.98777777777778],[42.11731104731249,40.9659329355718],[42.13959538412,40.9600092512061]],[[41.879423868312756,40.910000000000004],[41.84074074074074,40.86333333333334],[41.889094650205756,40.90222222222222],[41.879423868312756,40.910000000000004]],[[41.8823280649545,40.8961445188914],[41.8572009569803,40.8649259907952],[41.857762261453864,40.86141045281246],[41.8823280649545,40.8961445188914]],[[41.8815666372243,40.8219053372096],[41.88095208384997,40.82250861437597],[41.8806386480012,40.8037024608426],[41.8815666372243,40.8219053372096]],[[41.831069958847735,40.73111111111111],[41.82139917695473,40.73888888888889],[41.80205761316872,40.70777777777778],[41.831069958847735,40.73111111111111]],[[41.823632084411834,40.72135281966714],[41.8208903831953,40.7059066148703],[41.820957995955695,40.70573371201601],[41.823632084411834,40.72135281966714]],[[41.7946687232918,40.6529160192736],[41.79551872337322,40.653610801955814],[41.79434368116725,40.6530428649781],[41.7946687232918,40.6529160192736]],[[41.60864197530864,41.33],[41.550617283950615,41.345555555555556],[41.45390946502057,41.29888888888889],[41.424897119341566,41.19777777777778],[41.5119341563786,41.14333333333333],[41.58930041152263,41.14333333333333],[41.676337448559664,41.26],[41.60864197530864,41.33]],[[41.38650037148442,41.05892828681577],[41.383895801826256,41.05683659300359],[41.3861268934453,41.0580168633335],[41.38650037148442,41.05892828681577]],[[41.34994072703582,41.19719706287122],[41.3658356157246,41.1634289520896],[41.3502325754585,41.196905897936],[41.34994072703582,41.19719706287122]],[[41.34773623754905,41.02780679000042],[41.2313074834225,40.9537696136371],[41.3473024270168,41.0273235579988],[41.34773623754905,41.02780679000042]],[[41.33786008230452,41.05],[41.29917695473251,41.00333333333334],[41.34753086419753,41.04222222222222],[41.33786008230452,41.05]],[[41.25082304526749,40.995555555555555],[41.221810699588474,40.95666666666667],[41.270164609053495,40.995555555555555],[41.25082304526749,40.995555555555555]],[[41.13477366255144,40.824444444444445],[41.185584084220665,40.80268147058531],[41.1531660478466,40.811007405737],[41.2674753525306,40.7676060377711],[41.24115226337448,40.80111111111111],[41.13477366255144,40.824444444444445]],[[41.2264534453998,40.9301708105604],[41.215888638319,40.9187493978816],[41.215810152657575,40.91853534606744],[41.2264534453998,40.9301708105604]],[[40.8059670781893,40.684444444444445],[40.825308641975305,40.73111111111111],[40.8059670781893,40.73111111111111],[40.8059670781893,40.684444444444445]],[[40.43717413911317,40.824570017169634],[40.44650170331314,40.82983633155043],[40.437200787201,40.8249039956686],[40.43717413911317,40.824570017169634]],[[39.95493827160494,40.63777777777778],[39.98395061728395,40.63],[40.0400599249829,40.649890338626825],[39.96460905349794,40.66111111111111],[39.95493827160494,40.63777777777778]],[[40.011529289649175,40.55188781632313],[40.0188123639448,40.5546321631225],[40.039275727808,40.5701462490137],[40.011529289649175,40.55188781632313]],[[40.039275727808,40.5701462490137],[40.0361348394539,40.5870880103355],[40.03363502337208,40.5885904573961],[40.039275727808,40.5701462490137]],[[39.742181069958846,40.715555555555554],[39.809876543209874,40.723333333333336],[39.858230452674896,40.715555555555554],[39.79053497942387,40.73888888888889],[39.742181069958846,40.715555555555554]],[[39.8514886692802,40.7141512258835],[39.84839679342398,40.71603897166582],[39.85130580838258,40.70975342136854],[39.8514886692802,40.7141512258835]],[[39.80020576131687,40.31111111111111],[39.832339257826945,40.25020004177231],[39.83888888888889,40.29555555555556],[39.81954732510288,40.32666666666667],[39.80020576131687,40.31111111111111]],[[39.8324597139406,40.2212905044318],[39.83241850325954,40.231181091857074],[39.831860743000085,40.21939376303727],[39.8324597139406,40.2212905044318]],[[39.7186512948326,40.6408321019761],[39.729097484567504,40.654301653528066],[39.700369999727265,40.628532554529194],[39.7186512948326,40.6408321019761]],[[39.71316872427983,40.67666666666667],[39.67448559670782,40.63],[39.529423868312755,40.62222222222222],[39.61646090534979,40.59888888888889],[39.72283950617284,40.653333333333336],[39.71316872427983,40.67666666666667]],[[39.689317399324175,40.62109643021272],[39.64741205653903,40.610649941569484],[39.6841332476468,40.6176085635621],[39.689317399324175,40.62109643021272]],[[38.49465020576132,40.147777777777776],[38.54611248979652,40.11202197226542],[38.5279358022421,40.14343678468738],[38.55267489711934,40.163333333333334],[38.88148148148148,40.19444444444444],[38.86548049392916,40.17749889588777],[38.90082304526749,40.19444444444444],[39.11358024691358,40.147777777777776],[39.4037037037037,40.147777777777776],[39.47139917695473,40.18666666666667],[39.45205761316872,40.202222222222225],[39.47139917695473,40.217777777777776],[39.30699588477366,40.28777777777778],[38.74609053497942,40.272222222222226],[38.630041152263374,40.28777777777778],[38.59135802469136,40.31888888888889],[38.18518518518518,40.31888888888889],[38.14650205761316,40.35],[38.14650205761316,40.303333333333335],[38.04979423868313,40.303333333333335],[37.943415637860085,40.26444444444444],[37.943415637860085,40.18666666666667],[38.08847736625514,40.11666666666667],[38.33991769547325,40.10111111111111],[38.49465020576132,40.147777777777776]],[[39.4413965032933,40.6330909228161],[39.44675554458644,40.63101836541251],[39.43965535526049,40.6351009740243],[39.4413965032933,40.6330909228161]],[[39.297325102880656,40.715555555555554],[39.26831275720164,40.73888888888889],[39.287654320987656,40.70777777777778],[39.297325102880656,40.715555555555554]],[[39.14259259259259,40.97368925822917],[39.15226337448559,41.034444444444446],[39.12325102880658,41.02666666666667],[39.10390946502058,40.84],[39.132921810699585,40.80111111111111],[39.18967461704891,40.79705289790356],[39.12969685110483,40.83481591313034],[39.14259259259259,40.97368925822917]],[[39.153627444683096,41.01711912726297],[39.148791428190975,41.011124065670025],[39.1535769061228,41.015232352801],[39.153627444683096,41.01711912726297]],[[39.145933236879124,40.864579247154914],[39.1455756349981,40.8610973331842],[39.1464385229531,40.8620902453071],[39.145933236879124,40.864579247154914]],[[39.145443394494656,40.96302298778533],[39.142937321320304,40.956530877306285],[39.1458674520218,40.9612661781145],[39.145443394494656,40.96302298778533]],[[39.1094587128198,40.7995230221283],[39.0568614005836,40.8003790229799],[39.056631106056884,40.80008802273944],[39.1094587128198,40.7995230221283]],[[39.10390946502058,40.80888888888889],[39.05555555555556,40.81666666666667],[39.05555555555556,40.80111111111111],[39.10390946502058,40.80888888888889]],[[39.0801437535924,40.3588468517212],[39.07841055183654,40.36320461599676],[39.07903855522647,40.357866588880974],[39.0801437535924,40.3588468517212]],[[38.99753086419753,40.754444444444445],[39.04588477366255,40.77777777777778],[39.007201646090536,40.77777777777778],[38.99753086419753,40.754444444444445]],[[38.77510288065844,40.528888888888886],[38.804115226337444,40.50555555555555],[38.884021393225204,40.5035128180255],[38.90082304526749,40.474444444444444],[38.920164609053494,40.49],[38.9768751475521,40.4673502714897],[38.9395061728395,40.50555555555555],[38.77510288065844,40.528888888888886]],[[38.89115226337449,40.76222222222222],[38.920164609053494,40.754444444444445],[38.968518518518515,40.77777777777778],[38.9395061728395,40.785555555555554],[38.89115226337449,40.76222222222222]],[[38.91428975049716,40.48257882198732],[38.91529469803,40.4818173941654],[38.92303587853339,40.482578821803536],[38.91428975049716,40.48257882198732]],[[38.842798353909465,40.69222222222222],[38.82345679012346,40.64555555555555],[38.87163904466561,40.684306390059675],[38.8982577569309,40.6954929882184],[38.842798353909465,40.69222222222222]],[[38.6977366255144,40.093333333333334],[38.76543209876543,40.05444444444444],[38.87354917034562,40.06064157704522],[38.76543209876543,40.10111111111111],[38.6977366255144,40.093333333333334]],[[38.85006481428228,40.66576426475161],[38.8322039207072,40.644001453374],[38.83290623484057,40.64321134999526],[38.85006481428228,40.66576426475161]],[[38.79311569997479,40.56135774787398],[38.7899446943349,40.5540578286911],[38.79102019521737,40.550118222183414],[38.79311569997479,40.56135774787398]],[[38.1302896004254,40.4853209139942],[38.128625548870815,40.48621542390697],[38.1240078227306,40.4619070177246],[38.1302896004254,40.4853209139942]],[[38.08847736625514,40.95666666666667],[38.08847736625514,40.925555555555555],[38.001440329218106,40.88666666666667],[38.11438381919595,40.92946191922182],[38.08847736625514,40.95666666666667]],[[38.02078189300411,40.513333333333335],[38.0660441543075,40.497313397477],[38.03045267489712,40.59888888888889],[38.02078189300411,40.513333333333335]],[[38.049022262754015,40.57471003639309],[38.0492467866312,40.5812400798507],[38.04344498705853,40.58641093839039],[38.049022262754015,40.57471003639309]],[[38.011111111111106,40.614444444444445],[38.011111111111106,40.64555555555555],[37.9820987654321,40.63777777777778],[38.011111111111106,40.614444444444445]],[[38.013564668180315,40.84124276582227],[38.0214827135747,40.8499060390059],[38.0137732607949,40.8428628346212],[38.013564668180315,40.84124276582227]],[[38.011111111111106,40.754444444444445],[38.011111111111106,40.785555555555554],[37.9820987654321,40.76222222222222],[38.011111111111106,40.754444444444445]],[[37.97012443708046,40.49],[38.001440329218106,40.49777777777778],[37.953086419753085,40.50555555555555],[37.953086419753085,40.49],[37.9963735376837,40.482560739135],[37.97012443708046,40.49]],[[37.92407407407407,40.715555555555554],[37.97242798353909,40.67666666666667],[37.9824595543764,40.683819664032],[37.943415637860085,40.715555555555554],[37.943415637860085,40.73111111111111],[37.92407407407407,40.715555555555554]],[[37.943415637860085,40.38394988991401],[37.91440329218106,40.443333333333335],[37.92407407407407,40.388888888888886],[37.84670781893004,40.342222222222226],[37.87572016460905,40.33444444444444],[37.943415637860085,40.373333333333335],[37.952736677899594,40.40067996106333],[37.943415637860085,40.38394988991401]],[[37.9315570204003,40.434114914336],[37.95256692113954,40.40997412683965],[37.9524962766372,40.4138419063364],[37.9315570204003,40.434114914336]],[[37.9483209187412,40.71661017453104],[37.949063625154835,40.724779946479195],[37.9462917469863,40.7210344337901],[37.9483209187412,40.71661017453104]],[[37.79835390946502,40.33444444444444],[37.82736625514403,40.342222222222226],[37.79835390946502,40.36555555555555],[37.79835390946502,40.33444444444444]],[[37.74032921810699,40.39666666666667],[37.720987654320986,40.33444444444444],[37.64362139917695,40.39666666666667],[37.556584362139915,40.42],[37.56625514403292,40.38111111111111],[37.662962962962965,40.36555555555555],[37.720987654320986,40.31888888888889],[37.75,40.32666666666667],[37.75,40.373333333333335],[37.754579878040104,40.3435937985679],[37.75435310345866,40.37683433994477],[37.786611079354365,40.380988734244],[37.74032921810699,40.39666666666667]],[[37.6240941857175,40.5223045542737],[37.623160230379774,40.52249896946459],[37.624056931446134,40.521745740724356],[37.6240941857175,40.5223045542737]],[[37.5350436462079,40.2680285388261],[37.53565087704713,40.26992974953883],[37.53060722891315,40.26581033015596],[37.5350436462079,40.2680285388261]],[[37.4983047688681,40.2496590999677],[37.501782642604944,40.25139803685397],[37.49628350265405,40.24976642385179],[37.4983047688681,40.2496590999677]],[[37.4473843044838,40.237285903479],[37.46347505083891,40.249436058905275],[37.4616610701807,40.2494687432257],[37.4473843044838,40.237285903479]],[[37.4473843044838,40.237285903479],[37.45020576131687,40.272222222222226],[37.42119341563786,40.24888888888889],[37.43086419753086,40.17888888888889],[37.32448559670782,40.18666666666667],[37.4427205605026,40.1628563641732],[37.4688946311539,40.193218286458],[37.4473843044838,40.237285903479]],[[37.4608996419734,40.1759909885157],[37.46630593636583,40.187640265601566],[37.44646833680095,40.16556418161038],[37.4608996419734,40.1759909885157]],[[37.41152263374485,40.55222222222222],[37.424138423069685,40.55680548265772],[37.46145130934732,40.551576880576114],[37.43086419753086,40.583333333333336],[37.41152263374485,40.55222222222222]],[[37.4002709776263,40.1585733345765],[37.40126380747615,40.159426397165824],[37.39038461990341,40.15852860012101],[37.4002709776263,40.1585733345765]],[[37.3792365418476,40.1584781565486],[37.381389193634966,40.158487897012],[37.377829674541154,40.1598999376033],[37.3792365418476,40.1584781565486]],[[37.218106995884774,40.67666666666667],[37.227777777777774,40.62222222222222],[37.28627063461944,40.60437049770417],[37.218106995884774,40.67666666666667]],[[37.160082304526746,40.22555555555556],[37.2243812228442,40.2193923566139],[37.227777777777774,40.233333333333334],[37.19876543209877,40.25666666666667],[37.160082304526746,40.22555555555556]],[[37.1341155836238,40.7231310592931],[37.13199907113078,40.72437297987579],[37.1464887814613,40.6987653788275],[37.1341155836238,40.7231310592931]],[[37.0798051754785,40.1862702597518],[37.08012377469714,40.18792242432265],[37.0643862675142,40.1777993794557],[37.0798051754785,40.1862702597518]],[[36.9848601075902,41.0187150858093],[36.9648851166573,41.0523164279597],[36.98476128462326,41.01327979851681],[36.9848601075902,41.0187150858093]],[[36.9846610221884,41.0077653401375],[36.984680336247116,41.008827618079124],[36.9553953371172,40.9871930896976],[36.9846610221884,41.0077653401375]],[[36.97633744855967,41.02666666666667],[36.88930041152263,40.95666666666667],[36.821604938271605,40.93333333333334],[36.9169385012504,40.9417848251307],[36.97633744855967,41.02666666666667]],[[36.879629629629626,40.73111111111111],[36.947325102880654,40.67666666666667],[36.96004839246249,40.68392221728958],[36.95699588477366,40.7],[36.92798353909465,40.73888888888889],[36.879629629629626,40.73111111111111]],[[36.8535792900426,40.9198355621633],[36.85357038647716,40.9203972949632],[36.8319784278313,40.9229711705504],[36.8535792900426,40.9198355621633]],[[36.8404901016086,40.7440703160242],[36.841714147670494,40.74513115585551],[36.8213592348535,40.7418812113581],[36.8404901016086,40.7440703160242]],[[36.835842435721126,40.218249164804156],[36.8347206958375,40.2184405728338],[36.8140669750774,40.201498810286],[36.835842435721126,40.218249164804156]],[[36.78292181069959,40.80888888888889],[36.821604938271605,40.80888888888889],[36.773251028806584,40.84777777777778],[36.76358024691358,40.84],[36.78292181069959,40.80888888888889]],[[36.52181069958848,40.894444444444446],[36.63786008230453,40.910000000000004],[36.6851721499624,40.8892451065852],[36.69588477366255,40.910000000000004],[36.74423868312757,40.91777777777778],[36.5798353909465,40.925555555555555],[36.376748971193415,40.88666666666667],[36.40576131687243,40.84777777777778],[36.4475115579051,40.8727039853407],[36.52181069958848,40.894444444444446]],[[36.6851721499624,40.8892451065852],[36.69862503448551,40.86424749939675],[36.6987873914133,40.8648978359691],[36.6851721499624,40.8892451065852]],[[36.704999848817685,40.90324573685758],[36.73545092295735,40.91246756671361],[36.7346530499911,40.9123551002801],[36.704999848817685,40.90324573685758]],[[36.63229415048722,40.90808370818055],[36.638184303130444,40.90940516327276],[36.6378746200316,40.9095212681149],[36.63229415048722,40.90808370818055]],[[36.6152078448214,40.8944890691144],[36.6249114228258,40.9061818765501],[36.61490040457388,40.894707971805914],[36.6152078448214,40.8944890691144]],[[36.49960299598365,40.875872528145344],[36.5036211014344,40.8761549877537],[36.55224706797318,40.89424626417595],[36.49960299598365,40.875872528145344]],[[36.39609053497942,40.824444444444445],[36.47345679012346,40.77777777777778],[36.46378600823045,40.754444444444445],[36.5071054341361,40.7633261906848],[36.39609053497942,40.824444444444445]],[[36.47224594345151,40.87473254526028],[36.4734455774799,40.8740337475865],[36.486323470369015,40.87493902113557],[36.47224594345151,40.87473254526028]],[[36.31872427983539,40.964444444444446],[36.39559170953492,40.920358799434204],[36.32839506172839,40.98777777777778],[36.31872427983539,40.964444444444446]],[[36.3444387217584,40.59623653225108],[36.376748971193415,40.62222222222222],[36.28971193415638,40.614444444444445],[36.260699588477365,40.544444444444444],[36.22201646090535,40.528888888888886],[36.2853965495996,40.52895324349502],[36.28004115226337,40.57555555555555],[36.3664951455225,40.5990406350627],[36.3444387217584,40.59623653225108]],[[36.3664951455225,40.5990406350627],[36.3801056620131,40.6189329289701],[36.380821904991556,40.62156757963245],[36.3664951455225,40.5990406350627]],[[36.296720397753,40.9903068018589],[36.3052575793257,40.9778912446427],[36.30717403894041,40.97714861579559],[36.296720397753,40.9903068018589]],[[36.2510437693551,40.5182555944676],[36.2725518149195,40.5136641534939],[36.27273398692684,40.51388099286701],[36.2510437693551,40.5182555944676]],[[36.18818343179064,40.953960157748924],[36.1904777339869,40.9594051967205],[36.18976325276641,40.95993747490042],[36.18818343179064,40.953960157748924]],[[36.1426047697207,40.8618934623848],[36.1618324350332,40.8914216636838],[36.170911066222956,40.91296786658483],[36.1426047697207,40.8618934623848]],[[36.134979423868316,40.86333333333334],[36.16399176954732,40.90222222222222],[36.154320987654316,40.925555555555555],[36.12530864197531,40.88666666666667],[36.134979423868316,40.86333333333334]],[[36.06728395061728,40.46666666666667],[36.096296296296295,40.443333333333335],[36.144650205761316,40.48222222222222],[36.134979423868316,40.49],[36.06728395061728,40.46666666666667]],[[36.057613168724274,40.84777777777778],[36.096296296296295,40.83222222222222],[36.11396936769702,40.84048641477156],[36.096296296296295,40.86333333333334],[36.057613168724274,40.84777777777778]],[[36.05774155746596,40.83089168348542],[36.0632415975142,40.8282450478167],[36.065358086244416,40.828719141286356],[36.05774155746596,40.83089168348542]],[[35.854526748971196,40.88666666666667],[36.0196850490223,40.8401151883728],[35.99854205230163,40.84777777777778],[36.02860082304527,40.855555555555554],[35.92222222222222,40.894444444444446],[35.854526748971196,40.88666666666667]],[[36.0121445694047,40.4959985937673],[35.980246913580245,40.52111111111111],[35.981982296284826,40.50280588995722],[36.0121445694047,40.4959985937673]],[[35.92339778923339,40.47508843272505],[35.90288065843621,40.50555555555555],[35.873868312757196,40.49777777777778],[35.90288065843621,40.474444444444444],[35.92339778923339,40.47508843272505]],[[35.84239986172072,40.45263253604432],[35.7927595176075,40.4369517547037],[35.8414908783633,40.4519899478156],[35.84239986172072,40.45263253604432]],[[35.78683127572016,40.443333333333335],[35.83518518518518,40.46666666666667],[35.79650205761317,40.46666666666667],[35.78683127572016,40.443333333333335]],[[35.8221109722335,40.8644440710134],[35.78683127572016,40.894444444444446],[35.757818930041154,40.88666666666667],[35.78683127572016,40.86333333333334],[35.8221109722335,40.8644440710134]],[[35.64960834798081,40.893143467759515],[35.6946590162655,40.8650326732673],[35.697127970104596,40.865263732646866],[35.64960834798081,40.893143467759515]],[[35.66111111111111,40.90222222222222],[35.6228397602324,40.9371364199548],[35.62090769260185,40.93728381948419],[35.6320987654321,40.894444444444446],[35.66111111111111,40.90222222222222]],[[35.55473251028806,40.95666666666667],[35.535390946502055,40.925555555555555],[35.55473251028806,40.94111111111111],[35.62242798353909,40.94888888888889],[35.55473251028806,40.95666666666667]],[[35.571934062440995,40.940654932036786],[35.597468941708286,40.93907198714288],[35.5726908678074,40.9409623332025],[35.571934062440995,40.940654932036786]],[[35.449129698660094,41.01353152885968],[35.46802274347273,41.01133731392307],[35.4678019894716,41.0121046970201],[35.449129698660094,41.01353152885968]],[[35.361316872427984,41.01888888888889],[35.34197530864198,41.05],[35.31296296296296,41.04222222222222],[35.361316872427984,41.00333333333334],[35.46769547325103,41.02666666666667],[35.361316872427984,41.01888888888889]],[[35.43868312757201,41.40777777777778],[35.44835390946502,41.33777777777778],[35.4506851951565,41.3890204351206],[35.44835390946502,41.37004774725943],[35.43868312757201,41.40777777777778]],[[35.4331902508164,41.4293257090313],[35.4300851236549,41.4548012095467],[35.42949742018945,41.455010431977946],[35.4331902508164,41.4293257090313]],[[35.344755004109366,41.546878029447576],[35.35164609053498,41.49333333333333],[35.419341563786006,41.42333333333333],[35.42901234567901,41.46222222222222],[35.370987654320984,41.49333333333333],[35.344755004109366,41.546878029447576]],[[35.361316872427984,41.361111111111114],[35.33230452674897,41.33777777777778],[35.38872250666965,41.29243503639285],[35.35164609053498,41.33777777777778],[35.394886852661514,41.34262335813933],[35.361316872427984,41.361111111111114]],[[35.39032921810699,41.275555555555556],[35.303292181069956,41.236666666666665],[35.3554516574462,41.2410580671334],[35.34775243564913,41.24131295179157],[35.39032921810699,41.275555555555556]],[[35.38775897183685,41.26849320345529],[35.387280219108554,41.26311660348792],[35.3890071219364,41.2643134200206],[35.38775897183685,41.26849320345529]],[[35.3648364799667,41.2516218014528],[35.3575596239838,41.24251897689731],[35.37934865640115,41.25761969583041],[35.3648364799667,41.2516218014528]],[[35.3146090055909,41.5892541722129],[35.3564684748856,41.6180406665428],[35.35969147440557,41.63696545874188],[35.3539180746853,41.61649220932],[35.3146090055909,41.5892541722129]],[[35.3181293715299,41.22958878035857],[35.31677542071454,41.22976468431655],[35.3178839372037,41.2293732200482],[35.3181293715299,41.22958878035857]],[[35.22592592592592,41.25222222222222],[35.22592592592592,41.28333333333333],[35.1775720164609,41.275555555555556],[35.22592592592592,41.25222222222222]],[[35.11954732510288,41.08888888888889],[35.2093737182686,41.030582974156],[35.181567643187485,41.05292343827194],[35.21625514403292,41.04222222222222],[35.11954732510288,41.08888888888889]],[[35.09160899874272,41.06363571308215],[35.07119341563786,41.096666666666664],[34.9358024691358,41.11222222222222],[34.9358024691358,41.14333333333333],[34.90679012345679,41.12],[34.95514403292181,41.08111111111111],[35.09160899874272,41.06363571308215]],[[35.022839506172836,41.02666666666667],[35.04332540939137,41.01211354996512],[35.10020576131687,41.04222222222222],[35.05185185185185,41.034444444444446],[35.022839506172836,41.02666666666667]],[[35.05185185185185,40.894444444444446],[35.080864197530865,40.93333333333334],[35.04218106995884,40.94888888888889],[35.05185185185185,40.894444444444446]],[[35.062394301686,41.3477005737665],[35.06136022530996,41.347594514649586],[35.06340668151648,41.347316429610416],[35.062394301686,41.3477005737665]],[[35.06152263374486,41.35333333333333],[35.013168724279836,41.376666666666665],[35.013168724279836,41.345555555555556],[35.06152263374486,41.35333333333333]],[[35.03950080165331,41.345352522449495],[35.0410138946233,41.3439136378121],[35.05853421232991,41.34730466716055],[35.03950080165331,41.345352522449495]],[[35.0127796403658,40.8528248700907],[35.0117386713727,40.8690904156158],[35.0119121582663,40.850353806432175],[35.0127796403658,40.8528248700907]],[[34.95514403292181,41.221111111111114],[34.98415637860082,41.26],[34.974485596707815,41.28333333333333],[34.9454732510288,41.24444444444445],[34.95514403292181,41.221111111111114]],[[34.9712720926939,41.231008501394264],[34.96781850057248,41.23020766837774],[34.9704431361161,41.2287607538739],[34.9712720926939,41.231008501394264]],[[34.96078037224633,41.178229142071174],[34.96236764129789,41.17423451543917],[34.9628208855564,41.1767887797509],[34.96078037224633,41.178229142071174]],[[34.9358024691358,41.29888888888889],[34.93136075219821,41.314778498201264],[34.916460905349794,41.33],[34.9358024691358,41.29888888888889]],[[34.636008230452674,41.291111111111114],[34.7037037037037,41.25222222222222],[34.79668702116661,41.22410656122723],[34.81975308641975,41.205555555555556],[34.84474125336418,41.208967193689745],[34.87777777777778,41.25222222222222],[34.927546620467,41.2239255972753],[34.916460905349794,41.26777777777778],[34.858436213991766,41.26777777777778],[34.81975308641975,41.221111111111114],[34.6940329218107,41.275555555555556],[34.684362139917695,41.31444444444445],[34.636008230452674,41.291111111111114]],[[34.873053753143026,41.22664844888447],[34.8747564405426,41.2294599648881],[34.874704889612694,41.23850591669399],[34.873053753143026,41.22664844888447]],[[34.86550189955198,41.214913965115024],[34.866040674228,41.215068294119],[34.867271466467734,41.21710060614527],[34.86550189955198,41.214913965115024]],[[34.594790066155724,41.28501413825268],[34.5983214156879,41.2832965558909],[34.6237118807654,41.2915448703243],[34.594790066155724,41.28501413825268]],[[34.61666666666667,41.306666666666665],[34.48127572016461,41.33777777777778],[34.529629629629625,41.29888888888889],[34.58765432098765,41.28333333333333],[34.61666666666667,41.306666666666665]],[[34.6042939457974,41.6784682256425],[34.59653207623863,41.68734176947542],[34.60421496898175,41.67080748339262],[34.6042939457974,41.6784682256425]],[[34.53930041152263,41.602222222222224],[34.53930041152263,41.571111111111115],[34.56793240463103,41.570000194513284],[34.59732510288066,41.61777777777778],[34.53930041152263,41.602222222222224]],[[34.45024119833055,41.35101114252711],[34.4666039054189,41.3950645832805],[34.4500982940527,41.3517373536442],[34.45024119833055,41.35101114252711]],[[34.42325102880658,41.36888888888889],[34.4557943495195,41.3227911326788],[34.46623428227749,41.32515291381353],[34.44259259259259,41.35333333333333],[34.4522633744856,41.40777777777778],[34.42325102880658,41.36888888888889]],[[34.42511908609944,41.49415428788217],[34.4456662311906,41.516105734688],[34.4246521427029,41.4947095719303],[34.42511908609944,41.49415428788217]],[[34.44259259259259,41.52444444444445],[34.43292181069959,41.532222222222224],[34.41358024691358,41.501111111111115],[34.44259259259259,41.52444444444445]],[[34.3688434916563,41.2914226411465],[34.32654320987654,41.306666666666665],[34.27818930041152,41.221111111111114],[34.191152263374484,41.19777777777778],[34.2804227455418,41.2045429813108],[34.3688434916563,41.2914226411465]],[[34.25884773662551,41.75],[34.229835390946505,41.77333333333333],[34.25884773662551,41.73444444444445],[34.27818930041152,41.75],[34.32654320987654,41.742222222222225],[34.297530864197526,41.76555555555556],[34.25884773662551,41.75]],[[34.295639791628616,41.74244102970198],[34.266085871771764,41.73926887372839],[34.2699120354486,41.7380909263459],[34.295639791628616,41.74244102970198]],[[33.155283624850085,41.430251667226614],[33.15623028707719,41.42883167372998],[33.1563659937095,41.4298241947101],[33.155283624850085,41.430251667226614]],[[33.1518474689834,41.3967769477655],[33.14093640244132,41.3814089726145],[33.1419663652098,41.3815261183007],[33.1518474689834,41.3967769477655]],[[33.02098765432099,41.59444444444445],[33.05,41.571111111111115],[33.05,41.49333333333333],[33.109068322175204,41.450921787628445],[33.069341563786004,41.50888888888889],[33.069341563786004,41.571111111111115],[33.02098765432099,41.59444444444445]],[[33.05,41.32222222222222],[33.08868312757202,41.32222222222222],[33.108024691358025,41.35333333333333],[33.069341563786004,41.33777777777778],[33.05,41.32222222222222]],[[33.1042700665138,41.3378884685914],[33.095424312595505,41.32571541235323],[33.0970049885851,41.3264592598806],[33.1042700665138,41.3378884685914]],[[33.07394875397107,41.316819274390596],[33.0759185412186,41.3165362257877],[33.086805080938696,41.3216593033227],[33.07394875397107,41.316819274390596]],[[32.97708056402585,41.28392360456018],[32.943621399176955,41.29888888888889],[32.91460905349794,41.275555555555556],[32.895267489711934,41.21333333333333],[32.92427983539095,41.17444444444445],[32.943621399176955,41.26777777777778],[32.97708056402585,41.28392360456018]],[[32.9378045303411,41.1831511605953],[32.9355452684991,41.18680584917],[32.93424399297964,41.188712530891706],[32.9378045303411,41.1831511605953]],[[32.93395061728395,41.742222222222225],[32.904938271604934,41.76555555555556],[32.88559670781893,41.73444444444445],[32.93395061728395,41.742222222222225]],[[32.932483187667536,41.73749399335655],[32.932996439907214,41.732565022846096],[32.9338951214238,41.7363750579751],[32.932483187667536,41.73749399335655]],[[32.9156438269582,41.5612157930361],[32.84691358024691,41.59444444444445],[32.779218106995884,41.54],[32.9156438269582,41.5612157930361]],[[32.761680330123696,41.806472080040884],[32.768595743555984,41.79946762663728],[32.7683937703035,41.8009125123984],[32.761680330123696,41.806472080040884]],[[32.7650855849064,41.5156009121625],[32.672839506172835,41.532222222222224],[32.62448559670782,41.49333333333333],[32.73086419753086,41.501111111111115],[32.7650855849064,41.5156009121625]],[[32.7473895365656,41.8314091428408],[32.747530097117284,41.83098861377339],[32.74858650323353,41.83344994404722],[32.7473895365656,41.8314091428408]],[[32.64382716049383,41.431111111111115],[32.663168724279835,41.46222222222222],[32.64150991673059,41.48549424197149],[32.64382716049383,41.431111111111115]],[[32.60514403292181,41.36888888888889],[32.614814814814814,41.40777777777778],[32.59547325102881,41.376666666666665],[32.50843621399177,41.35333333333333],[32.60514403292181,41.36888888888889]],[[32.28243899811002,41.34842612965242],[32.290557570730236,41.37901290239571],[32.25699588477366,41.35333333333333],[32.266666666666666,41.33],[32.440740740740736,41.31444444444445],[32.61126776336535,41.35851165076696],[32.45962247559241,41.329630180133655],[32.28243899811002,41.34842612965242]],[[32.25699588477366,41.04222222222222],[32.32086532375334,40.98698000425937],[32.27633744855967,41.04222222222222],[32.25699588477366,41.04222222222222]],[[32.1903148752345,41.2644454379937],[32.18913744660573,41.26315949059623],[32.2821375093592,41.2848504673255],[32.1903148752345,41.2644454379937]],[[32.218312757201645,41.46222222222222],[32.24732510288066,41.43888888888889],[32.2795760134326,41.438030501698],[32.23765432098765,41.49333333333333],[32.218312757201645,41.46222222222222]],[[32.16028806584362,41.275555555555556],[32.18930041152263,41.26777777777778],[32.27633744855967,41.291111111111114],[32.20864197530864,41.29888888888889],[32.16028806584362,41.275555555555556]],[[32.241970643836694,41.03166099423668],[32.240132560439,41.0317178003268],[32.218245614399414,41.02187111228028],[32.241970643836694,41.03166099423668]],[[32.20864197530864,41.516666666666666],[32.23765432098765,41.54],[32.17962962962963,41.55555555555556],[32.20864197530864,41.516666666666666]],[[32.23765432098765,41.04222222222222],[32.092592592592595,41.01888888888889],[32.03456790123457,41.05],[31.94753086419753,41.04222222222222],[32.03456790123457,41.034444444444446],[32.053909465020574,41.01888888888889],[32.07325102880658,41.01888888888889],[32.092592592592595,41.00333333333334],[32.13079972792824,41.01228901540306],[32.1119341563786,41.01888888888889],[32.18930041152263,41.01888888888889],[32.23765432098765,41.04222222222222]],[[32.2163510887506,41.5125744984983],[32.21725430936596,41.51108054592001],[32.222210632283954,41.5181792792063],[32.2163510887506,41.5125744984983]],[[32.1955540039422,41.0125076597137],[32.197327666484,41.01323954276407],[32.16783085799018,41.01493951459333],[32.1955540039422,41.0125076597137]],[[32.150617283950616,41.236666666666665],[32.1216049382716,41.22888888888889],[32.1216049382716,41.18222222222222],[32.1518026790102,41.1359488991331],[32.150617283950616,41.236666666666665]],[[32.1566079690112,41.5439492726091],[32.155425496985764,41.54549211711201],[32.158072638489,41.5094909824502],[32.1566079690112,41.5439492726091]],[[32.158072638489,41.5094909824502],[32.150617283950616,41.56333333333333],[32.14094650205761,41.52444444444445],[32.158072638489,41.5094909824502]],[[32.14083513314699,41.014000400992046],[32.15176984351557,41.01586514938402],[32.1398537871956,41.0165519002935],[32.14083513314699,41.014000400992046]],[[32.1119341563786,41.12777777777778],[32.08292181069959,41.07333333333333],[32.129997374216906,41.04560689203055],[32.102263374485595,41.07333333333333],[32.102263374485595,41.10444444444445],[32.1119341563786,41.12777777777778]],[[32.1097977303385,41.1019405157447],[32.10583190975933,41.09356822809511],[32.12244270631132,41.10888180051995],[32.1097977303385,41.1019405157447]],[[31.792798353909465,41.01111111111111],[31.918518518518518,41.00333333333334],[31.9980355150151,41.0319978167979],[31.792798353909465,41.01111111111111]],[[31.9980355150151,41.0319978167979],[32.0631802901997,41.0139629115515],[32.07747515041668,41.01245022782764],[31.9980355150151,41.0319978167979]],[[31.908847736625514,40.35777777777778],[31.937860082304525,40.35],[32.00555555555555,40.388888888888886],[31.976543209876542,40.39666666666667],[31.908847736625514,40.35777777777778]],[[31.810881493569763,41.00971697828518],[31.8251026845317,41.0064624130017],[31.846821627076793,41.005612862680714],[31.810881493569763,41.00971697828518]],[[31.760663810770048,41.021136729012674],[31.705761316872426,41.05],[31.696090534979422,41.04222222222222],[31.725102880658437,41.01888888888889],[31.760663810770048,41.021136729012674]],[[31.725102880658437,41.00333333333334],[31.667078189300412,40.97222222222222],[31.599382716049384,40.93333333333334],[31.609053497942387,40.925555555555555],[31.754115226337447,40.995555555555555],[31.725102880658437,41.00333333333334]],[[31.6596252960589,40.3010398105556],[31.6045900744446,40.2734509154145],[31.720550344413766,40.314503756102816],[31.6596252960589,40.3010398105556]],[[31.609053497942387,41.034444444444446],[31.676748971193415,41.04222222222222],[31.599382716049384,41.04222222222222],[31.609053497942387,41.034444444444446]],[[31.434979423868313,41.065555555555555],[31.473662551440327,41.01888888888889],[31.541358024691355,41.04222222222222],[31.473662551440327,41.034444444444446],[31.434979423868313,41.065555555555555]],[[31.538231641787323,41.0324941274931],[31.520363348879,41.0317449909652],[31.519218053538268,41.03139162850194],[31.538231641787323,41.0324941274931]],[[31.510930148653298,41.028834528703094],[31.48372472704433,41.02044073327597],[31.4946593953406,41.0198621796946],[31.510930148653298,41.028834528703094]],[[31.4098867110054,40.7774937692038],[31.40853981865681,40.772831033311256],[31.439486844767,40.8262569948087],[31.4098867110054,40.7774937692038]],[[31.381499818597188,40.69147705096074],[31.37853328311867,40.68633829823427],[31.3806287752764,40.6886933671313],[31.381499818597188,40.69147705096074]],[[31.26180518161208,40.632325607154485],[31.3032920098384,40.6310329910161],[31.26452434583568,40.63263802176741],[31.309259259259257,40.63777777777778],[31.231893004115225,40.63777777777778],[31.26180518161208,40.632325607154485]],[[31.14485596707819,40.67666666666667],[31.202880658436214,40.614444444444445],[31.219581762542735,40.62237929230151],[31.14485596707819,40.67666666666667]],[[31.1615968347451,40.053037182308],[31.162730498787052,40.052786649757444],[31.156750209578767,40.05832477035252],[31.1615968347451,40.053037182308]],[[31.0474043157871,40.0542933019615],[31.1003161837858,40.0538280745916],[31.10049946672584,40.05400717400213],[31.0474043157871,40.0542933019615]],[[31.0532307631164,40.6624296644886],[31.05255147626398,40.66224245433551],[31.0814621044991,40.6635418079877],[31.0532307631164,40.6624296644886]],[[31.048148148148147,40.22555555555556],[31.0603283973474,40.240921861478],[31.048148148148147,40.303333333333335],[31.038477366255144,40.29555555555556],[31.048148148148147,40.22555555555556]],[[31.05075092608153,40.221996705017],[31.0529149094251,40.2223881423024],[31.054404964614093,40.226113280148226],[31.05075092608153,40.221996705017]],[[31.004878532694782,40.215130317757826],[31.0111427574089,40.2148320870124],[31.02629661896335,40.21757322938203],[31.004878532694782,40.215130317757826]],[[31.0052253182457,41.0347787689362],[31.006606872800425,41.037999385912954],[31.00497163379007,41.03469542994654],[31.0052253182457,41.0347787689362]],[[30.98113170077513,41.02090219963002],[30.98499651282086,41.0273709837615],[30.9835948516715,41.0268872111363],[30.98113170077513,41.02090219963002]],[[30.9639263406751,40.990862623155],[30.962312302501,40.99214067037461],[30.96377853946954,40.99036963419717],[30.9639263406751,40.990862623155]],[[30.961674556336,40.9833518264034],[30.96283688570821,40.987228760584664],[30.960807738366892,40.98276506854441],[30.961674556336,40.9833518264034]],[[30.86440329218107,40.59111111111111],[30.96111111111111,40.653333333333336],[30.89341563786008,40.66111111111111],[30.86440329218107,40.63777777777778],[30.84506172839506,40.544444444444444],[30.874074074074073,40.52111111111111],[30.86440329218107,40.59111111111111]],[[30.8673843214052,40.9195258117803],[30.959981701716018,40.9822059159726],[30.865884747061006,40.91917888118379],[30.8673843214052,40.9195258117803]],[[30.86440329218107,40.74666666666667],[30.922427983539094,40.715555555555554],[30.932098765432098,40.67666666666667],[30.9417695473251,40.73111111111111],[30.86440329218107,40.74666666666667]],[[30.939653679909014,40.709138969197255],[30.9339146173229,40.6805819451519],[30.940007034306,40.7079611213315],[30.939653679909014,40.709138969197255]],[[30.84506172839506,40.18666666666667],[30.874074074074073,40.17888888888889],[30.922427983539094,40.202222222222225],[30.89341563786008,40.21],[30.84506172839506,40.18666666666667]],[[30.874551622183,40.1768142015063],[30.8731455585421,40.1758959002595],[30.9200780402164,40.1870790311842],[30.874551622183,40.1768142015063]],[[30.9009660183433,40.8213681634433],[30.9094990724963,40.8303416326307],[30.89757422020117,40.82095398341748],[30.9009660183433,40.8213681634433]],[[30.883744855967077,40.94888888888889],[30.81604938271605,40.925555555555555],[30.787037037037038,40.88666666666667],[30.854732510288066,40.87888888888889],[30.8812023639798,40.8641985898824],[30.874074074074073,40.894444444444446],[30.825720164609052,40.90222222222222],[30.883744855967077,40.94888888888889]],[[30.87630835017228,40.52522901848309],[30.8770851587689,40.5258748268217],[30.8784546591597,40.52917204840906],[30.87630835017228,40.52522901848309]],[[30.8738484045388,40.5872959839645],[30.873928150722378,40.58719457233982],[30.873985793713977,40.58954328024809],[30.8738484045388,40.5872959839645]],[[30.67098765432099,40.15555555555556],[30.79670781893004,40.147777777777776],[30.806378600823045,40.10888888888889],[30.86440329218107,40.077777777777776],[30.81604938271605,40.163333333333334],[30.67098765432099,40.15555555555556]],[[30.8567978730422,40.0635452289103],[30.857972942605706,40.06304809626309],[30.856271280308576,40.06609404384592],[30.8567978730422,40.0635452289103]],[[30.853575005039115,40.87333348055914],[30.81805736833268,40.87524547032861],[30.8187734385297,40.8738326833331],[30.853575005039115,40.87333348055914]],[[30.85127539079987,40.50441759341245],[30.835504532924876,40.50168501951339],[30.8499795937717,40.5033403183545],[30.85127539079987,40.50441759341245]],[[30.835390946502056,40.73888888888889],[30.8459772021787,40.73988739169485],[30.81604938271605,40.77],[30.835390946502056,40.73888888888889]],[[30.84142467055406,40.793492029867735],[30.845878113653495,40.79815330040744],[30.8412346390142,40.7940623894642],[30.84142467055406,40.793492029867735]],[[30.84506172839506,40.513333333333335],[30.767695473251027,40.513333333333335],[30.8280064431146,40.5008275737655],[30.807071095614187,40.50555555555555],[30.84506172839506,40.513333333333335]],[[30.83116300900571,40.76174574465643],[30.8295360976249,40.7605173938625],[30.83129729592884,40.754986613022254],[30.83116300900571,40.76174574465643]],[[30.73257561023,40.4968178752541],[30.60329218106996,40.52111111111111],[30.574279835390946,40.48222222222222],[30.622633744855968,40.50555555555555],[30.5911134327128,40.4736685462904],[30.6271513340416,40.50192226042328],[30.73257561023,40.4968178752541]],[[30.69485986433349,40.14728498857612],[30.684076027519797,40.14821033428443],[30.6912935322975,40.1468513550157],[30.69485986433349,40.14728498857612]],[[30.63230452674897,40.217777777777776],[30.574279835390946,40.15555555555556],[30.653796270269773,40.15080859721293],[30.63230452674897,40.217777777777776]],[[30.5906793712192,40.1454581527675],[30.6459215717093,40.1474113747165],[30.650161944656737,40.14924071335844],[30.5906793712192,40.1454581527675]],[[30.605129640054756,40.246788891683714],[30.58395061728395,40.272222222222226],[30.55493827160494,40.26444444444444],[30.58395061728395,40.24111111111111],[30.605129640054756,40.246788891683714]],[[30.575956770905844,40.34082470426643],[30.57595677077367,40.337395485621286],[30.5763131886373,40.3401010212883],[30.575956770905844,40.34082470426643]],[[30.574279835390946,40.35777777777778],[30.574279835390946,40.388888888888886],[30.564609053497943,40.39666666666667],[30.53559670781893,40.388888888888886],[30.564609053497943,40.31888888888889],[30.574279835390946,40.35777777777778]],[[30.57332291365007,40.31740211515119],[30.5599179760564,40.2942657080224],[30.5731767130667,40.3162923197868],[30.57332291365007,40.31740211515119]],[[30.429218106995883,40.412222222222226],[30.41954732510288,40.388888888888886],[30.476890142839984,40.34806053268248],[30.4441967623567,40.3941050976559],[30.429218106995883,40.412222222222226]],[[30.476890142839984,40.34806053268248],[30.4768136568594,40.3485375977722],[30.4641277862858,40.3682615201192],[30.476890142839984,40.34806053268248]],[[30.3749288433288,40.3783904062829],[30.375219550059178,40.378483840622486],[30.373643573149774,40.37867935809383],[30.3749288433288,40.3783904062829]],[[30.333295687935074,40.38368496220123],[30.3292792084821,40.3841832511683],[30.32361599379797,40.38213549702414],[30.333295687935074,40.38368496220123]],[[30.26010590296249,40.36445895772414],[30.2513378630537,40.3633934446906],[30.238821140234155,40.35815215670818],[30.26010590296249,40.36445895772414]],[[30.23389835966174,40.35609077762148],[30.2311831987995,40.354953823468],[30.228437763300885,40.344212806339755],[30.23389835966174,40.35609077762148]],[[30.22806135840312,40.34339404474844],[30.222015376212568,40.33927996220742],[30.2276557339493,40.3425117243396],[30.22806135840312,40.34339404474844]],[[30.113885324793,40.3759031277165],[30.115618183738388,40.3750922220302],[30.111434455993667,40.380615266564426],[30.113885324793,40.3759031277165]],[[30.051904775232796,40.44568503241853],[30.0494011400665,40.4448704526381],[30.04074181195212,40.43735574829966],[30.051904775232796,40.44568503241853]],[[29.7752096548627,40.1793128809253],[29.776697433890327,40.181406792218226],[29.772596502567815,40.17907726881967],[29.7752096548627,40.1793128809253]],[[29.703909465020576,40.10888888888889],[29.7619341563786,40.093333333333334],[29.732921810699587,40.11666666666667],[29.703909465020576,40.10888888888889]],[[29.7582967004333,40.0225371510927],[29.7507961739427,39.9912849528916],[29.75122634941021,39.988420991748306],[29.7582967004333,40.0225371510927]],[[29.739042905543723,40.176051944324804],[29.732559596602,40.1762979628456],[29.73197046486539,40.17541426521078],[29.739042905543723,40.176051944324804]],[[28.669135802469135,39.79],[28.620781893004114,39.73555555555556],[28.630452674897118,39.727777777777774],[28.736831275720164,39.782222222222224],[28.669135802469135,39.79]],[[28.73020866346554,39.766796786866095],[28.7303036183992,39.7678527163723],[28.72409009653582,39.77378870122166],[28.73020866346554,39.766796786866095]]],[[[39.00986911551279,39.37422433847969],[38.688065843621395,39.57222222222222],[38.33991769547325,39.57222222222222],[38.349588477366254,39.595555555555556],[38.31559287792741,39.64712011757333],[38.33874575999417,39.60239079799058],[38.32057613168724,39.556666666666665],[38.281893004115226,39.556666666666665],[38.281893004115226,39.587777777777774],[38.243209876543204,39.556666666666665],[38.069135802469134,39.57222222222222],[37.93374485596708,39.61888888888889],[37.759670781893,39.63444444444444],[37.662962962962965,39.68111111111111],[37.12139917695473,39.75888888888889],[37.07304526748971,39.82888888888889],[37.12139917695473,39.88333333333333],[37.41152263374485,39.88333333333333],[37.48888888888889,39.91444444444444],[37.60493827160494,39.88333333333333],[38.04979423868313,39.867777777777775],[38.20452674897119,39.82111111111111],[38.88148148148148,39.82111111111111],[39.3843621399177,39.89888888888889],[39.42304526748971,39.867777777777775],[39.50041152263374,39.88333333333333],[39.46130326442468,39.865911541124326],[39.51039077393934,39.87530746738968],[39.577777777777776,39.836666666666666],[39.6261316872428,39.86],[39.47139917695473,39.906666666666666],[39.55843621399177,39.96111111111111],[39.693827160493825,39.97666666666667],[39.75185185185185,39.97666666666667],[39.79053497942387,39.93],[39.83888888888889,39.96888888888889],[39.809876543209874,39.97666666666667],[39.79053497942387,39.94555555555556],[39.77119341563786,39.992222222222225],[40.11252967253686,40.05139179385756],[40.312757201646086,40.17888888888889],[40.428806584362135,40.17888888888889],[40.49650205761317,40.14],[40.51584362139917,40.062222222222225],[40.428806584362135,39.96111111111111],[40.22572016460905,39.95333333333333],[40.34407517925857,40.017394350671964],[40.29341563786008,40.08555555555556],[40.21604938271605,40.07],[40.15802469135802,40.02333333333333],[40.138683127572016,40.05444444444444],[40.138683127572016,40.007777777777775],[39.974279835390945,40.0],[39.974279835390945,39.96888888888889],[40.022633744855966,39.94555555555556],[40.21604938271605,39.94555555555556],[40.303086419753086,39.922222222222224],[40.27407407407407,39.89888888888889],[40.04197530864197,39.836666666666666],[39.925925925925924,39.836666666666666],[39.82921810699588,39.79],[39.519753086419755,39.79],[39.34567901234568,39.74333333333333],[39.27798353909465,39.67333333333333],[39.297325102880656,39.65777777777778],[39.21995884773662,39.51777777777778],[39.20061728395061,39.40888888888889],[39.132921810699585,39.37],[39.00986911551279,39.37422433847969]],[[40.4111109355964,40.0018926644601],[40.44814814814815,40.007777777777775],[40.459431483954674,40.013914630763146],[40.40946502057613,40.02333333333333],[40.434765294250575,40.007777777777775],[40.4111109355964,40.0018926644601]],[[40.253815212385696,39.92662558651985],[40.2540677193898,39.9234520018252],[40.25545027133849,39.92397920440703],[40.253815212385696,39.92662558651985]],[[39.9004280134241,40.00237605671926],[39.9011010746608,40.0025731042555],[39.90202501536209,40.00356004092185],[39.9004280134241,40.00237605671926]],[[39.867874582213965,39.990195314966364],[39.87029551702739,39.99239890899538],[39.8695970108436,39.9921986546658],[39.867874582213965,39.990195314966364]],[[39.7958337217303,39.9246219632483],[39.8261004646067,39.9575537026663],[39.79289757158233,39.924092493596476],[39.7958337217303,39.9246219632483]],[[39.74871482964174,39.90532348341683],[39.7516709258819,39.9054910971217],[39.75725371586822,39.90882885057061],[39.74871482964174,39.90532348341683]],[[39.645473251028804,39.89111111111111],[39.66751858628608,39.88096167309535],[39.6985613567595,39.8912143312005],[39.75185185185185,39.93],[39.645473251028804,39.89111111111111]],[[39.1619341563786,39.67333333333333],[39.25864197530864,39.72],[39.27798353909465,39.766666666666666],[39.248971193415635,39.79],[39.15226337448559,39.77444444444444],[39.03621399176954,39.71222222222222],[38.968518518518515,39.64222222222222],[38.97818930041152,39.60333333333333],[39.03621399176954,39.587777777777774],[39.1619341563786,39.626666666666665],[39.1619341563786,39.67333333333333]],[[38.66872427983539,39.68111111111111],[38.86213991769547,39.66555555555556],[38.89115226337449,39.73555555555556],[38.7074074074074,39.75888888888889],[38.49465020576132,39.71222222222222],[38.02078189300411,39.73555555555556],[38.20452674897119,39.65],[38.33991769547325,39.65],[38.35925925925926,39.63444444444444],[38.55267489711934,39.63444444444444],[38.66872427983539,39.68111111111111]],[[38.4112539513253,39.7889603090007],[38.41223569193155,39.78996925500035],[38.39512188282862,39.78134213288943],[38.4112539513253,39.7889603090007]],[[38.40761316872428,39.797777777777775],[38.397942386831275,39.80555555555556],[38.37860082304527,39.77444444444444],[38.40761316872428,39.797777777777775]],[[38.3618275747604,39.733565652948],[38.35792900941194,39.76259309468922],[38.361389993147085,39.73225729434481],[38.3618275747604,39.733565652948]],[[38.284327021480834,39.56655705157923],[38.28712566267301,39.56715997865299],[38.2844583637643,39.5668535585521],[38.284327021480834,39.56655705157923]],[[37.74032921810699,39.82111111111111],[37.624279835390944,39.836666666666666],[37.36316872427983,39.82888888888889],[37.46954732510288,39.75888888888889],[37.70164609053498,39.74333333333333],[37.720987654320986,39.71222222222222],[37.788683127572014,39.75111111111111],[37.74032921810699,39.82111111111111]]],[[[40.45781893004115,40.544444444444444],[40.39012345679012,40.53666666666667],[40.428806584362135,40.56777777777778],[40.45781893004115,40.544444444444444]]],[[[40.44728290296511,40.786251433596384],[40.43847736625514,40.79333333333334],[40.43847736625514,40.80104157185872],[40.44728290296511,40.786251433596384]]],[[[40.434821973546846,40.516273202362555],[40.402118004772554,40.51520223457121],[40.428806584362135,40.52111111111111],[40.434821973546846,40.516273202362555]]],[[[40.3304113339654,40.51975398537833],[40.33209876543209,40.52111111111111],[40.349976563414195,40.52111111111111],[40.3304113339654,40.51975398537833]]],[[[40.11934156378601,39.16777777777778],[40.099999999999994,39.23],[39.94526748971193,39.18333333333333],[39.93559670781893,39.20204916034438],[39.96460905349794,39.26111111111111],[40.11934156378601,39.32333333333333],[40.28374485596707,39.33111111111111],[40.303086419753086,39.26888888888889],[40.24506172839506,39.19111111111111],[40.17736625514403,39.19888888888889],[40.20450403454708,39.177063185454095],[40.11934156378601,39.16777777777778]]],[[[39.73251028806584,39.12111111111111],[39.9529734277122,39.0990740214439],[39.96460905349794,39.13666666666666],[40.04197530864197,39.16777777777778],[40.11934156378601,39.15222222222222],[40.206378600823044,39.175555555555555],[40.138683127572016,39.105555555555554],[39.98395061728395,39.074444444444445],[39.66277715842933,39.08372228415706],[39.73251028806584,39.12111111111111]]],[[[39.94217734662359,39.227514735984265],[39.93559670781893,39.204778925880284],[39.93559670781893,39.22222222222222],[39.94217734662359,39.227514735984265]]],[[[39.529423868312755,39.25333333333333],[39.577777777777776,39.29222222222222],[39.93559670781893,39.25333333333333],[39.90658436213992,39.18333333333333],[39.75185185185185,39.214444444444446],[39.65514403292181,39.19888888888889],[39.587448559670776,39.12888888888889],[39.587448559670776,39.09125514403292],[39.47701960784313,39.10229803921568],[39.51008230452675,39.12888888888889],[39.529423868312755,39.25333333333333]]],[[[39.81954732510288,40.31111111111111],[39.81954732510288,40.316345664125194],[39.82074608765531,40.310146999951925],[39.81954732510288,40.31111111111111]]],[[[39.70525248360419,39.89888888888889],[39.67733630285153,39.88562602891274],[39.693827160493825,39.89888888888889],[39.70525248360419,39.89888888888889]]],[[[39.53754024942796,39.867605376572406],[39.53909465020576,39.867777777777775],[39.541425782421165,39.865902952293894],[39.53754024942796,39.867605376572406]]],[[[38.90082304526749,39.19888888888889],[38.9395061728395,39.23],[39.0886874790198,39.14113125209802],[38.77510288065844,39.172489711934155],[38.77510288065844,39.19111111111111],[38.90082304526749,39.19888888888889]],[[38.9310009742689,39.219378183514024],[38.9383015111585,39.2233244196184],[38.938860315156234,39.22408015895154],[38.9310009742689,39.219378183514024]]],[[[38.34214153639267,39.21578584636073],[38.64938271604938,39.29222222222222],[38.78477366255144,39.276666666666664],[38.910493827160494,39.22222222222222],[38.74609053497942,39.214444444444446],[38.74609053497942,39.175390946502056],[38.34214153639267,39.21578584636073]]],[[[38.87253869173191,40.50555555555555],[38.88148148148148,40.50555555555555],[38.883976501772956,40.50354892221475],[38.87253869173191,40.50555555555555]]],[[[38.52728012357203,40.13709054837068],[38.523662551440324,40.14],[38.52696980903464,40.14265987951202],[38.52728012357203,40.13709054837068]]],[[[38.04167582373561,40.51208483396015],[38.04012345679012,40.513333333333335],[38.04012345679012,40.51800660140924],[38.04167582373561,40.51208483396015]]],[[[37.91440329218106,40.36555555555555],[37.920075287220975,40.36409994600537],[37.899433771402016,40.353516238843895],[37.91440329218106,40.36555555555555]]],[[[36.937654320987654,40.715555555555554],[36.9405226405319,40.7217985612749],[36.94717752839373,40.70789646534386],[36.937654320987654,40.715555555555554]]],[[[36.438203279172534,40.87386939852127],[36.44444444444444,40.87888888888889],[36.45206376069453,40.87888888888889],[36.438203279172534,40.87386939852127]]],[[[35.55261817367139,40.31888888888889],[35.5261647117645,40.3127438921382],[35.50637860082304,40.31111111111111],[35.55261817367139,40.31888888888889]]],[[[35.07393133684109,41.078909123420004],[34.9857635265014,41.0806125638434],[35.07119341563786,41.08111111111111],[35.07393133684109,41.078909123420004]]],[[[34.90679012345679,41.24444444444445],[34.910783740626236,41.24765633229562],[34.914612071934,41.23815360077554],[34.90679012345679,41.24444444444445]]],[[[34.71444006255483,41.250976159350266],[34.71057509055453,41.25222222222222],[34.73138877393184,41.24551191278579],[34.71444006255483,41.250976159350266]]],[[[34.568312757201646,41.29888888888889],[34.54110102571961,41.29863142314502],[34.539420295429885,41.29888888888889],[34.568312757201646,41.29888888888889]]],[[[34.33756065657441,41.28441639566575],[34.32654320987654,41.26901504358044],[34.33621399176955,41.28333333333333],[34.33756065657441,41.28441639566575]]],[[[34.31022177995046,41.24619922284442],[34.30720164609053,41.241977360356934],[34.311357431988746,41.24778675735833],[34.31022177995046,41.24619922284442]]],[[[33.311821680078246,40.36555555555555],[33.30144032921811,40.34615434207129],[33.31111111111111,40.36555555555555],[33.311821680078246,40.36555555555555]]],[[[32.922799721913826,41.20674594469247],[32.91460905349794,41.22888888888889],[32.92563325369767,41.23775516053888],[32.922799721913826,41.20674594469247]]],[[[32.90814426913625,41.74742155943226],[32.89106966064421,41.73884609586564],[32.904938271604934,41.75],[32.90814426913625,41.74742155943226]]],[[[32.65414378869327,41.50020342467251],[32.64605522763626,41.49512526818406],[32.655589564772825,41.501111111111115],[32.65414378869327,41.50020342467251]]],[[[32.2970812141177,41.01201590882346],[32.305264468250876,41.003401957212894],[32.29567901234568,41.01349191067014],[32.2970812141177,41.01201590882346]]],[[[32.1216049382716,40.479615639910605],[32.1216049382716,40.48222222222222],[32.122515362776525,40.482954435972985],[32.1216049382716,40.479615639910605]]],[[[31.32629005901549,41.090747333151135],[31.2971181885591,41.0921703510199],[31.292977238931034,41.096666666666664],[31.32629005901549,41.090747333151135]]],[[[30.55493827160494,40.373333333333335],[30.564272152595258,40.3808401567681],[30.5599179760487,40.3733904320726],[30.560942459671242,40.36850443314383],[30.55493827160494,40.373333333333335]]],[[[30.4441967623567,40.3941050976559],[30.445914779737024,40.383238278802516],[30.43888888888889,40.388888888888886],[30.4441967623567,40.3941050976559]]],[[[30.052299775851672,40.57575031618141],[30.061728395061728,40.583333333333336],[30.071144659801682,40.583333333333336],[30.052299775851672,40.57575031618141]]],[[[29.452469135802467,40.77777777777778],[29.3539074797383,40.7572713616545],[29.334099345644,40.7894889109573],[29.346090534979425,40.80111111111111],[29.452469135802467,40.77777777777778]]],[[[28.379012345679012,41.15888888888889],[27.93415637860082,41.205555555555556],[27.702057613168723,41.29888888888889],[27.57633744855967,41.38444444444445],[27.586008230452673,41.40777777777778],[27.556995884773663,41.4],[27.49897119341564,41.571111111111115],[27.334567901234568,41.656666666666666],[27.208847736625515,41.80444444444444],[27.189506172839508,41.94444444444444],[27.26687242798354,42.097300515841724],[27.3669759713726,42.0561041430418],[27.414854665402,41.9915439105639],[27.5111817563853,41.9580541955009],[27.5622785924581,41.9049170636914],[27.5757107968751,41.9373979837682],[27.6955231212222,41.9780198617562],[27.8286842946823,41.947292213126],[27.8287864750617,41.9983125708661],[28.02119341563786,41.98159775146712],[28.053252166917012,41.892450087908195],[27.982510288065843,41.882222222222225],[27.982510288065843,41.82],[28.097673992958295,41.67928768889932],[28.079218106995885,41.64888888888889],[28.115676575953053,41.6159885842535],[28.098559670781892,41.602222222222224],[28.140763093427463,41.59444444444445],[28.2736649214385,41.4958641540167],[28.504732510288065,41.4],[28.427366255144033,41.24444444444445],[28.427366255144033,41.18222222222222],[28.379012345679012,41.15888888888889]],[[28.130450919469126,41.594181787739295],[28.12269065509314,41.595671178056044],[28.1296662104369,41.5923474026294],[28.130450919469126,41.594181787739295]],[[28.12584606581071,41.56787298570616],[28.1210216870966,41.5632519632343],[28.1236558040611,41.558173819431005],[28.12584606581071,41.56787298570616]],[[28.108230452674896,41.57888888888889],[28.059876543209874,41.50888888888889],[28.06954732510288,41.501111111111115],[28.1112254180407,41.5279307520623],[28.07576565644909,41.50620991943766],[28.117540395907742,41.54006616103075],[28.1241830332419,41.5528312288388],[28.108230452674896,41.57888888888889]],[[28.123346372387665,41.41593289356948],[28.089837546354,41.3716587896108],[28.1237927436171,41.4141223002991],[28.123346372387665,41.41593289356948]],[[28.08888888888889,41.376666666666665],[28.117901234567903,41.41555555555556],[28.108230452674896,41.43888888888889],[28.079218106995885,41.4],[28.08888888888889,41.376666666666665]],[[28.098559670781892,41.33777777777778],[28.08888888888889,41.361111111111114],[28.001851851851853,41.26],[28.030864197530864,41.25222222222222],[28.0575996248795,41.2651877826218],[28.098559670781892,41.33777777777778]],[[28.0034003979249,41.5511453722165],[27.953497942386832,41.57888888888889],[27.953497942386832,41.54777777777778],[28.0034003979249,41.5511453722165]],[[27.6244578211382,41.4203539804235],[27.5997855914842,41.3932050019598],[27.59973695313221,41.39300323297585],[27.6244578211382,41.4203539804235]]],[[[28.080511260618295,41.31845962334137],[28.079218106995885,41.31441557935843],[28.082578668576332,41.32492497174862],[28.080511260618295,41.31845962334137]]],[[[26.687960593757634,39.66927630965839],[26.696296296296296,39.71222222222222],[26.665762762762764,39.67129429429429],[26.430211998123628,39.692708000170576],[26.812345679012346,39.94555555555556],[26.98641975308642,39.992222222222225],[27.257201646090536,39.93],[27.29588477366255,39.88333333333333],[27.353909465020575,39.867777777777775],[27.440946502057614,39.782222222222224],[27.36358024691358,39.73555555555556],[27.450617283950617,39.75888888888889],[27.518312757201645,39.68888888888889],[27.542594601108707,39.59158230899011],[26.691857460000282,39.66892204909088],[26.7036198157632,39.6961343732763],[26.687960593757634,39.66927630965839]],[[27.28871531023343,39.69535483123001],[27.2925383957197,39.6949615627162],[27.295095346498716,39.69572907916308],[27.28871531023343,39.69535483123001]],[[26.98766662376913,39.76804044956825],[27.0487612875314,39.7444709341553],[26.9997545493349,39.7672569727786],[26.98766662376913,39.76804044956825]],[[26.91872427983539,39.766666666666666],[27.005761316872427,39.77444444444444],[27.005761316872427,39.79],[26.947736625514402,39.79],[26.91872427983539,39.766666666666666]],[[26.9449675295031,39.7577069421933],[26.978686182504603,39.76862251530429],[26.9726123556503,39.7690161893337],[26.9449675295031,39.7577069421933]]]]}},{"type":"Feature","id":"forest-med","properties":{"id":"forest-med","name":"Akdeniz Ormanları","source":"MEB","source_url":"https://ogmmateryal.eba.gov.tr/kitap/mebi-konu-ozetleri/tyt-cografya/files/basic-html/page90.html","geometry_note":"MEB orman haritasının Toros-Akdeniz orman kuşağı"},"geometry":{"type":"MultiPolygon","coordinates":[[[[42.614403292181066,37.705555555555556],[42.459670781893,37.97],[42.285596707818925,37.93888888888889],[42.13086419753086,37.81444444444444],[42.09218106995885,37.81444444444444],[42.08251028806584,37.88444444444444],[42.2179012345679,37.99333333333333],[42.2082304526749,38.016666666666666],[42.13086419753086,38.016666666666666],[41.995473251028805,37.89222222222222],[41.91810699588477,37.89222222222222],[41.90843621399177,37.93111111111111],[42.04382716049383,38.02444444444444],[42.03415637860082,38.06333333333333],[41.91810699588477,38.07888888888889],[41.76337448559671,38.032222222222224],[41.376543209876544,38.016666666666666],[41.19279835390947,38.07111111111111],[41.20197660973752,38.07046678920404],[41.218161633671585,38.10727205445572],[41.60529791385262,38.12017659712842],[41.48292181069959,38.05555555555556],[41.5119341563786,38.047777777777775],[41.6175739231103,38.0814543556769],[41.61493084956252,38.12049769498542],[42.5,38.15],[42.64341563786008,38.12875323883554],[42.672427983539094,38.09444444444444],[42.672427983539094,38.124455113549764],[43.19570021619024,38.046933301305145],[43.32037037037037,37.9],[43.32037037037037,37.806666666666665],[43.21399176954732,37.736666666666665],[43.19465020576131,37.75222222222222],[42.88518518518518,37.62777777777778],[42.6917695473251,37.62777777777778],[42.64341563786008,37.666666666666664],[42.799291573067386,37.67584092801629],[42.614403292181066,37.705555555555556]],[[43.020576131687235,37.98555555555556],[42.94320987654321,37.98555555555556],[42.88518518518518,37.907777777777774],[42.720781893004116,37.88444444444444],[42.74012345679012,37.79111111111111],[42.85617283950617,37.74444444444444],[42.82716049382716,37.67444444444444],[42.87551440329217,37.69777777777777],[42.87551440329217,37.74444444444444],[43.020576131687235,37.76777777777777],[43.126954732510285,37.86888888888889],[43.020576131687235,37.98555555555556]],[[42.83607210699852,37.67787235417661],[42.8486408698399,37.6785665396848],[42.85909873166699,37.685956762281805],[42.83607210699852,37.67787235417661]],[[42.75794181802543,37.987810759237696],[42.75953634317297,37.98411146122701],[42.7592761679489,37.9869987710923],[42.75794181802543,37.987810759237696]],[[42.5554784733297,37.9682724025469],[42.614403292181066,37.97],[42.672427983539094,38.032222222222224],[42.720781893004116,38.02444444444444],[42.672427983539094,38.047777777777775],[42.614403292181066,37.98555555555556],[42.53703703703704,37.98555555555556],[42.469341563786,38.04],[42.5020398129104,37.9806044019159],[42.5554784733297,37.9682724025469]],[[42.7103175536532,38.015200490284016],[42.71418915252454,38.01443544373116],[42.7121405290571,38.0156820867149],[42.7103175536532,38.015200490284016]],[[42.68059643678815,38.09466223747281],[42.68974293942602,38.08702443625823],[42.6899500570078,38.0876731012038],[42.68059643678815,38.09466223747281]],[[42.42098765432098,38.032222222222224],[42.41131687242798,38.05894356675533],[42.4396490350352,38.0379710320663],[42.333950617283946,38.117777777777775],[42.42098765432098,38.032222222222224]]],[[[42.5554784733297,37.9682724025469],[42.548612098761616,37.97],[42.56963764799389,37.97],[42.5554784733297,37.9682724025469]]],[[[42.696052280754,37.670138917285],[42.68554852815336,37.67444444444444],[42.718387205860836,37.67444444444444],[42.696052280754,37.670138917285]]],[[[41.53127572016461,38.06333333333333],[41.539989101499,38.06333333333333],[41.52689068313265,38.05980664397572],[41.53127572016461,38.06333333333333]]],[[[41.21697428337554,38.107232476112515],[41.21213991769547,38.095381386451244],[41.21067482932192,38.107022494310726],[41.21697428337554,38.107232476112515]]],[[[41.12204271123491,38.1040680903745],[41.19338189454343,38.106446063151445],[41.163786008230446,38.07888888888889],[41.12204271123491,38.1040680903745]]],[[[39.20061728395061,37.44888888888889],[39.21995884773662,37.58888888888889],[39.30699588477366,37.65888888888889],[39.45205761316872,37.60444444444444],[39.47139917695473,37.57333333333333],[39.45205761316872,37.495555555555555],[39.30699588477366,37.394444444444446],[39.20061728395061,37.44888888888889]]],[[[36.79259259259259,36.92777777777778],[36.821604938271605,36.92],[36.773251028806584,36.94333333333333],[36.75390946502058,36.89666666666666],[36.705555555555556,36.96666666666667],[36.72489711934156,37.215555555555554],[36.78292181069959,37.27777777777778],[36.78292181069959,37.339999999999996],[36.98600823045267,37.51888888888889],[37.08271604938271,37.565555555555555],[37.25679012345679,37.565555555555555],[37.41152263374485,37.65888888888889],[37.440534979423866,37.635555555555555],[37.42119341563786,37.60444444444444],[37.48888888888889,37.565555555555555],[37.550567972171805,37.591375019693984],[37.45987654320987,37.58888888888889],[37.47921810699588,37.71333333333333],[37.5275720164609,37.75222222222222],[37.624279835390944,37.76777777777777],[37.87572016460905,37.97],[38.243209876543204,38.09444444444444],[38.35925925925926,38.09444444444444],[38.40761316872428,38.05555555555556],[38.40761316872428,37.977777777777774],[38.36893004115226,37.9],[38.26255144032922,37.78333333333333],[37.56625514403292,37.534444444444446],[37.46954732510288,37.45666666666666],[37.218106995884774,37.34777777777778],[37.227777777777774,37.30888888888889],[37.18909465020576,37.23111111111111],[36.995679012345676,36.98222222222222],[36.90864197530864,36.92777777777778],[36.89897119341563,36.95111111111111],[36.93073901877012,36.976660553630246],[36.9201902206262,36.9541269250417],[36.95699588477366,37.013333333333335],[36.92798353909465,37.02111111111111],[36.85061728395062,36.88111111111111],[36.76358024691358,36.888888888888886],[36.79259259259259,36.92777777777778]],[[36.9201902206262,36.9541269250417],[36.9052938589193,36.942916782545],[36.90382870907854,36.940627485836096],[36.9201902206262,36.9541269250417]],[[38.14650205761316,38.016666666666666],[38.09814814814815,37.96222222222222],[38.10781893004115,37.95444444444444],[38.164288126660765,37.987834104759926],[38.17551440329218,38.00888888888889],[38.14650205761316,38.016666666666666]],[[38.1239521048091,37.9510172060746],[38.1623090153334,37.9826164481711],[38.162371937292065,37.98278233331747],[38.1239521048091,37.9510172060746]],[[38.066790160247365,37.9374204329805],[38.06839750097345,37.937802761596245],[38.0671305769784,37.9376922245776],[38.066790160247365,37.9374204329805]],[[37.97242798353909,37.89222222222222],[38.02806486142392,37.90814384642438],[37.962757201646085,37.9],[37.97242798353909,37.89222222222222]],[[37.54691358024691,37.61222222222222],[37.56625514403292,37.58111111111111],[37.59526748971193,37.58888888888889],[37.54691358024691,37.61222222222222]],[[37.5897787884132,37.579240809369],[37.58647719304621,37.581794387064114],[37.58959929925166,37.57781741876542],[37.5897787884132,37.579240809369]],[[37.475419447747726,37.56692635785546],[37.4550061192842,37.5766709920588],[37.473565915257,37.5670579696523],[37.475419447747726,37.56692635785546]],[[37.17942386831275,37.30111111111111],[37.102057613168725,37.23888888888889],[37.18909465020576,37.29333333333333],[37.17942386831275,37.30111111111111]],[[37.18449947074694,37.279945795082796],[37.1649637984196,37.27257481574703],[37.1834042500712,37.278514224896],[37.18449947074694,37.279945795082796]],[[37.1494255472631,37.2667120982388],[37.1166841637716,37.239681422337],[37.15076209276764,37.267216388499726],[37.1494255472631,37.2667120982388]],[[37.02469135802469,37.20777777777778],[37.0440329218107,37.17666666666666],[37.05390746310451,37.181563158711214],[37.0439339995078,37.1910445002359],[37.02469135802469,37.20777777777778]],[[37.0298820072384,37.2507159870865],[37.02817395835734,37.25086468483737],[37.032659732927954,37.23892043391645],[37.0298820072384,37.2507159870865]],[[36.99832831928756,37.018454710639254],[37.00169449283616,37.01759666639731],[37.0015915134509,37.0177368079058],[36.99832831928756,37.018454710639254]],[[36.879629629629626,37.324444444444445],[36.947325102880654,37.30111111111111],[36.96666666666667,37.254444444444445],[36.97633744855967,37.29115862133037],[36.98563296423005,37.25705179060221],[36.97633744855967,37.30888888888889],[36.879629629629626,37.324444444444445]],[[36.83695733338038,37.246236200132756],[36.8396197294481,37.2466294482882],[36.8698923321624,37.27390839001448],[36.83695733338038,37.246236200132756]]],[[[29.3890246029539,36.4711109052911],[29.368408285630547,36.46350472522816],[29.38477366255144,36.47666666666667],[29.452469135802467,36.48444444444444],[29.297736625514403,36.468888888888884],[29.31707818930041,36.54666666666667],[29.230041152263375,36.647777777777776],[29.15267489711934,36.63222222222222],[29.0785604865196,36.5580104206296],[29.0111213118707,36.543909090299],[29.0468113561049,36.5589450621641],[29.0231928746637,36.5836785430213],[29.0404761792689,36.6190943602483],[29.0733001267209,36.6143377175165],[29.0793992890545,36.6455495090862],[29.1158727522945,36.6259028500362],[29.1220005998194,36.6477462484798],[28.9386282085789,36.7554816800962],[28.87222222222222,36.70222222222222],[28.8523011942929,36.6415639925366],[28.90332413996743,36.64945832722676],[28.8460366299156,36.5891582919856],[28.8258532359446,36.6171322720018],[28.8505192299965,36.6365276357852],[28.7862545458907,36.6866437494512],[28.72716049382716,36.709999999999994],[28.670561778758955,36.69559129346051],[28.64012345679012,36.78],[28.591769547325104,36.818888888888885],[28.53374485596708,36.83444444444444],[28.49506172839506,36.80333333333333],[28.46374812311501,36.81296191138599],[28.4526952935999,36.880177226723],[28.3796624637248,36.8477087038986],[28.426408872324,36.8342761068904],[28.39835390946502,36.78777777777778],[28.340329218106994,36.818888888888885],[28.2761533134951,36.7952184355895],[28.3150037085033,36.8270835710768],[28.262962962962963,36.849999999999994],[28.2331480212142,36.8055543970776],[28.291975308641973,36.733333333333334],[28.1634476310374,36.6819201132307],[28.127572016460906,36.63222222222222],[28.02119341563786,36.68666666666667],[28.0185437974561,36.7084477470748],[28.1292571369938,36.7258223401579],[28.0893720451304,36.7422267520956],[28.0952576570021,36.7653762705956],[28.1321142823067,36.7559150377888],[28.1228070339221,36.8033519629792],[28.051563076088,36.7605253895864],[28.02119341563786,36.78],[28.0640623394303,36.8207243408403],[28.02119341563786,36.84222222222222],[28.0568608788576,36.8766267251272],[28.0215005560076,36.9246980959365],[28.1016318920764,36.9400668219021],[28.165405492134,36.906462407677],[28.1752321482376,36.9508951858107],[28.30164609053498,36.88111111111111],[28.427366255144033,36.904444444444444],[28.504732510288065,37.09111111111111],[28.485390946502058,37.16888888888889],[28.504732510288065,37.23111111111111],[28.456378600823044,37.254444444444445],[28.30164609053498,37.254444444444445],[28.272633744855966,37.199999999999996],[28.311316872427984,37.09111111111111],[28.262962962962963,37.05222222222222],[28.1005048112177,37.0340774989753],[28.10104520525923,37.01533233765766],[27.914814814814815,37.03666666666666],[27.7991959095526,36.9961955293499],[27.555819629526898,36.98127621268333],[27.4236352608091,37.035583740962],[27.276543209876543,36.989999999999995],[27.2263833902047,37.0578443444916],[27.2916683164217,37.1061687700277],[27.25393123445547,37.114444444444445],[27.2661689328464,37.1354117823107],[27.3148328804553,37.1167680090641],[27.3251819932884,37.1567165234228],[27.343016512485,37.1312826003225],[27.3671178065815,37.1552853762008],[27.4722859346593,37.0814672098888],[27.5790512980392,37.1343459286524],[27.5506814269155,37.1358062518829],[27.5272670071774,37.1929492473144],[27.5696324434591,37.2111167375998],[27.5927053900387,37.1944501850524],[27.5760809380792,37.1786002270161],[27.6129609595085,37.1876207657601],[27.579258356363,37.2143015848429],[27.6163068060007,37.2731235541353],[27.5588758404797,37.277676567735],[27.515274852911265,37.228667860426505],[27.5175772365956,37.2766972444573],[27.4549632095752,37.2545458551318],[27.4980406541763,37.3201230869508],[27.4737010933856,37.3451324147114],[27.433429365823873,37.30284319208813],[27.3895734585935,37.3263479630306],[27.3904690297731,37.3623432722522],[27.4319158513686,37.3825001737631],[27.4117888797423,37.4162044853578],[27.31522633744856,37.34777777777778],[27.1937451935522,37.3534157772845],[27.2244368012407,37.4056380161041],[27.208847736625515,37.46444444444444],[27.392592592592592,37.48777777777778],[27.471009813907063,37.43943051174251],[27.450617283950617,37.48777777777778],[27.914814814814815,37.48777777777778],[27.93415637860082,37.45666666666666],[27.97283950617284,37.45666666666666],[28.001851851851853,37.48],[27.953497942386832,37.47222222222222],[27.924485596707818,37.511111111111106],[28.108230452674896,37.596666666666664],[28.262962962962963,37.55],[28.28230452674897,37.51888888888889],[28.30164609053498,37.55],[28.39835390946502,37.51888888888889],[28.553086419753086,37.425555555555555],[28.75617283950617,37.24666666666666],[28.77551440329218,37.184444444444445],[28.823868312757202,37.19222222222222],[28.852880658436213,37.16888888888889],[28.84320987654321,37.129999999999995],[28.862551440329216,37.14555555555555],[28.881893004115227,37.129999999999995],[28.901234567901234,37.14555555555555],[29.17201646090535,37.129999999999995],[29.473137297113848,37.204556075236574],[29.655555555555555,37.36333333333333],[29.810288065843622,37.44111111111111],[30.37119341563786,37.55],[30.564609053497943,37.705555555555556],[30.593621399176953,37.69777777777777],[30.574279835390946,37.71333333333333],[30.641975308641975,37.76777777777777],[30.835390946502056,37.78333333333333],[30.9417695473251,37.69777777777777],[30.999794238683126,37.48],[31.077160493827158,37.41777777777777],[31.077160493827158,37.38666666666666],[31.00946502057613,37.36333333333333],[30.990123456790123,37.33222222222222],[31.00946502057613,37.34777777777778],[31.048148148148147,37.36333333333333],[31.034040699096202,37.34544601392198],[31.0833203907574,37.367833114102],[31.106172839506172,37.394444444444446],[31.22222222222222,37.30111111111111],[31.551028806584362,37.129999999999995],[31.609053497942387,37.129999999999995],[31.628395061728394,37.09888888888889],[32.266666666666666,36.88111111111111],[32.382716049382715,36.88111111111111],[32.46008230452675,36.849999999999994],[32.74053497942387,36.85777777777778],[32.69218106995885,36.818888888888885],[32.790645149486934,36.86555555555555],[32.6999375852215,36.8176577510516],[32.88559670781893,36.88111111111111],[33.01131687242798,36.873333333333335],[32.943621399176955,36.86555555555555],[32.953518493706426,36.842453556406596],[33.02098765432099,36.86555555555555],[33.13703703703703,36.849999999999994],[33.03065843621399,36.888888888888886],[33.175720164609054,36.92777777777778],[33.277624417821,36.9241237738632],[33.23650229754237,36.92777777777778],[33.2917695473251,36.958888888888886],[33.3275426630782,36.9412478327217],[33.35946502057613,36.96666666666667],[33.349794238683124,36.989999999999995],[33.77530864197531,37.14555555555555],[34.27818930041152,37.48777777777778],[34.42077481260234,37.441331773973246],[34.30720164609053,37.511111111111106],[34.43292181069959,37.61222222222222],[34.76172839506172,37.75222222222222],[34.83909465020576,37.75222222222222],[35.129218106995886,37.845555555555556],[35.15277562809096,37.808112559032075],[35.18724279835391,37.86111111111111],[35.51604938271605,37.97],[35.6320987654321,38.00111111111111],[35.67078189300411,37.98555555555556],[35.70946502057613,38.016666666666666],[35.78683127572016,38.047777777777775],[36.30905349794239,38.14111111111111],[36.22201646090535,38.02444444444444],[36.20613069057049,37.95944288195725],[36.18333333333333,37.96222222222222],[36.19300411522634,37.93888888888889],[36.2630546480159,37.9357144303301],[36.20856668593368,37.957483719728984],[36.23191556542105,38.016850296350455],[36.260699588477365,38.05555555555556],[36.29938271604938,38.07111111111111],[36.3477366255144,38.14111111111111],[36.773251028806584,38.218888888888884],[36.88930041152263,38.26555555555555],[36.95699588477366,38.21111111111111],[36.937654320987654,38.07111111111111],[36.79259259259259,37.95444444444444],[36.46378600823045,37.81444444444444],[36.386419753086415,37.81444444444444],[36.212345679012344,37.75222222222222],[36.2634578889823,37.8014353288775],[36.20267489711934,37.7612309499614],[36.260699588477365,37.806666666666665],[36.23168724279835,37.81444444444444],[36.17366255144033,37.75222222222222],[35.91255144032922,37.68222222222222],[35.92222222222222,37.64333333333333],[36.01893004115226,37.65888888888889],[36.01893004115226,37.61222222222222],[36.0606274714408,37.65888888888889],[36.25498258969475,37.655709037791596],[36.2683162504032,37.62942981468755],[36.212345679012344,37.48777777777778],[35.94156378600823,37.47222222222222],[35.94156378600823,37.51888888888889],[35.90288065843621,37.45666666666666],[35.69012345679012,37.44111111111111],[35.45802469135802,37.30111111111111],[35.22592592592592,37.22333333333333],[35.05185185185185,37.114444444444445],[34.99382716049382,37.14555555555555],[34.95514403292181,37.08333333333333],[34.78106995884774,37.03666666666666],[34.61666666666667,36.92],[34.50061728395062,36.733333333333334],[34.41358024691358,36.663333333333334],[34.239506172839505,36.60111111111111],[34.08477366255144,36.60111111111111],[33.93971193415638,36.468888888888884],[33.901028806584364,36.39111111111111],[33.7559670781893,36.29],[33.58189300411522,36.196666666666665],[33.37692758372141,36.14071102596223],[33.13703703703703,36.13444444444444],[33.09553335063071,36.09004622722324],[32.97263374485597,36.23555555555555],[32.65349794238683,36.47666666666667],[32.481922030380474,36.525342493464386],[32.41172839506173,36.593333333333334],[32.40205761316872,36.663333333333334],[32.41172839506173,36.56222222222222],[32.52777777777778,36.4985954248685],[32.48909465020576,36.42222222222222],[32.50843621399177,36.37555555555555],[32.60514403292181,36.266666666666666],[32.75020576131687,36.16555555555556],[32.78888888888889,36.16555555555556],[32.87592592592593,36.08],[32.78888888888889,36.025555555555556],[32.67519767980958,36.04111111111111],[32.58578135540039,36.087777777777774],[32.5924010597337,36.1017768920851],[32.5761316872428,36.13444444444444],[32.55679012345679,36.10333333333333],[32.4913459552022,36.1097604992547],[32.2981010318447,36.2344511416909],[32.1638836625093,36.4158589438987],[32.0216178246263,36.5415216875056],[31.937860082304525,36.60111111111111],[31.77051650942863,36.61666666666667],[31.512345679012345,36.88111111111111],[31.299588477366253,36.958888888888886],[31.14485596707819,36.974444444444444],[31.09650205761317,36.93555555555555],[31.12551440329218,36.88111111111111],[31.24400153174429,36.82084945886385],[30.932098765432098,36.86555555555555],[30.903086419753087,36.96666666666667],[30.79670781893004,36.989999999999995],[30.72901234567901,36.93555555555555],[30.72901234567901,36.860301103202914],[30.641975308641975,36.88111111111111],[30.545267489711932,36.74111111111111],[30.574279835390946,37.059999999999995],[30.506584362139918,37.129999999999995],[30.409876543209876,37.129999999999995],[30.361522633744855,37.09111111111111],[30.342181069958848,36.84222222222222],[30.30349794238683,36.733333333333334],[30.235802469135802,36.678888888888885],[30.100411522633745,36.647777777777776],[29.936008230452675,36.56222222222222],[29.7619341563786,36.28222222222222],[29.7619341563786,36.22],[29.67731720772292,36.15194636895352],[29.6313138601318,36.1706910160239],[29.6451076407145,36.1966346536108],[29.5841956089299,36.1874865943996],[29.630280348348,36.2055698835828],[29.41054314897788,36.227777777777774],[29.413786008230453,36.297777777777775],[29.38477366255144,36.336666666666666],[29.162345679012347,36.36],[29.162345679012347,36.39111111111111],[29.26872427983539,36.46111111111111],[29.297736625514403,36.45333333333333],[29.307407407407407,36.367777777777775],[29.336419753086417,36.406666666666666],[29.31707818930041,36.437777777777775],[29.3890246029539,36.4711109052911]],[[29.3890246029539,36.4711109052911],[29.4600853905752,36.4738092737763],[29.460219589384543,36.473847244756506],[29.3890246029539,36.4711109052911]],[[36.2909588942707,37.8427271604691],[36.29032750693436,37.84799156503523],[36.28925927606142,37.840175241070824],[36.2909588942707,37.8427271604691]],[[36.26070785065886,38.04357524778952],[36.26369188494636,38.05170589719885],[36.2628155912386,38.0512063777487],[36.26070785065886,38.04357524778952]],[[36.086625514403295,37.9],[35.84485596707819,37.95444444444444],[35.806172839506175,37.92333333333333],[35.72880658436214,37.92333333333333],[35.66111111111111,37.82222222222222],[35.72880658436214,37.76777777777777],[35.84485596707819,37.76777777777777],[35.8835390946502,37.79888888888889],[36.057613168724274,37.81444444444444],[36.086625514403295,37.9]],[[35.9709442859169,37.5639940279173],[35.9596447399548,37.5444138976085],[35.972378799569796,37.56436662884021],[35.9709442859169,37.5639940279173]],[[35.96090534979424,37.58111111111111],[35.94156378600823,37.55],[35.97057613168724,37.57333333333333],[35.96090534979424,37.58111111111111]],[[35.6941961491458,37.9979883338987],[35.6887301205129,37.9818635467712],[35.694711424230924,37.99856135533183],[35.6941961491458,37.9979883338987]],[[35.574074074074076,37.93888888888889],[35.574074074074076,37.89222222222222],[35.60308641975308,37.91555555555556],[35.574074074074076,37.93888888888889]],[[35.5868797719958,37.8894876499004],[35.587240449274404,37.88883365076158],[35.58905510736093,37.893813878786034],[35.5868797719958,37.8894876499004]],[[35.546539223041016,37.73155460855971],[35.544785866657556,37.72006551213938],[35.5476660014665,37.7306260072467],[35.546539223041016,37.73155460855971]],[[35.523503089409445,37.74622753896668],[35.50637860082304,37.69777777777777],[35.51604938271605,37.69],[35.54506172839506,37.71333333333333],[35.535390946502055,37.75222222222222],[35.487037037037034,37.775555555555556],[35.523503089409445,37.74622753896668]],[[35.54117745221441,37.706834658169065],[35.5249252395558,37.6867140479518],[35.5402816143098,37.7035499189342],[35.54117745221441,37.706834658169065]],[[35.45802469135802,37.75222222222222],[35.35164609053498,37.72888888888889],[35.38065843621399,37.705555555555556],[35.43868312757201,37.736666666666665],[35.47830366437749,37.714940297962535],[35.45802469135802,37.75222222222222]],[[35.42901234567901,37.62],[35.303292181069956,37.65888888888889],[35.10987654320988,37.65888888888889],[34.98415637860082,37.55777777777777],[35.07119341563786,37.50333333333333],[35.26460905349794,37.50333333333333],[35.38065843621399,37.534444444444446],[35.42901234567901,37.57333333333333],[35.42901234567901,37.62]],[[35.3223909725755,37.7395553419843],[35.317419217646425,37.741182650489264],[35.32255502340169,37.73785064011333],[35.3223909725755,37.7395553419843]],[[35.1582304526749,37.76],[35.217793119270475,37.758622763518936],[35.1679012345679,37.78333333333333],[35.1582304526749,37.76]],[[35.103538233928,37.7120936247489],[35.07351578410248,37.68728168298659],[35.0785572675348,37.6878411324248],[35.103538233928,37.7120936247489]],[[35.090534979423865,37.72111111111111],[35.07119341563786,37.69],[35.10020576131687,37.71333333333333],[35.090534979423865,37.72111111111111]],[[35.0431503530722,37.6841314104716],[35.04255075970374,37.6838455186638],[35.04742327361288,37.68438621768736],[35.0431503530722,37.6841314104716]],[[34.964814814814815,37.666666666666664],[34.97809129226383,37.65311063291366],[35.019434948567536,37.67282368056135],[34.99909446018692,37.66312514268461],[35.04218106995884,37.69777777777777],[34.964814814814815,37.666666666666664]],[[34.90679012345679,37.184444444444445],[34.964814814814815,37.13777777777778],[34.9261316872428,37.184444444444445],[34.916460905349794,37.22333333333333],[34.90679012345679,37.184444444444445]],[[34.9284992754592,37.2047041425222],[34.9261405167075,37.1974053417866],[34.93097564329658,37.205498922706326],[34.9284992754592,37.2047041425222]],[[34.8942357170867,37.688726140255],[34.88898799429823,37.68290593877135],[34.9013247288756,37.6933208708012],[34.8942357170867,37.688726140255]],[[34.8653545559015,37.6566943077906],[34.8385738430708,37.5968315382066],[34.87124455205829,37.663226848809316],[34.8653545559015,37.6566943077906]],[[34.7877692566603,37.3034252007648],[34.79410151624782,37.30067066776297],[34.762104762000185,37.330064295967496],[34.7877692566603,37.3034252007648]],[[34.7752567319637,37.4213150781198],[34.7777921275324,37.3945321347748],[34.7764793477321,37.4599085807064],[34.775166567454,37.4218379599659],[34.76172839506172,37.47222222222222],[34.73271604938272,37.43333333333333],[34.76172839506172,37.394444444444446],[34.7752567319637,37.4213150781198]],[[34.75205761316872,37.37111111111111],[34.73271604938272,37.339999999999996],[34.75949917075489,37.33276883366294],[34.77139917695473,37.339999999999996],[34.75205761316872,37.37111111111111]],[[34.55864197530864,37.15333333333333],[34.53930041152263,37.16888888888889],[34.577983539094646,37.215555555555554],[34.53930041152263,37.339999999999996],[34.58765432098765,37.394444444444446],[34.636008230452674,37.41777777777777],[34.62633744855967,37.45666666666666],[34.54897119341564,37.45666666666666],[34.519958847736625,37.40222222222222],[34.4619341563786,37.38666666666666],[34.48127572016461,37.355555555555554],[34.42325102880658,37.30888888888889],[34.42325102880658,37.199999999999996],[34.36522633744856,37.13777777777778],[34.37489711934156,37.02111111111111],[34.471604938271604,37.02111111111111],[34.519958847736625,37.059999999999995],[34.55864197530864,37.15333333333333]],[[34.6102946750706,37.3977196941792],[34.611679638110914,37.39919121736907],[34.5857680264139,37.3912653130784],[34.6102946750706,37.3977196941792]],[[34.39423868312757,37.37888888888889],[34.405838861608,37.3620864699045],[34.4253081466811,37.34135152407119],[34.39423868312757,37.37888888888889]],[[34.34051983713729,37.23542588984844],[34.297530864197526,37.22333333333333],[34.39670621956217,37.25843588132363],[34.34051983713729,37.23542588984844]],[[34.35155395776454,37.526917754758244],[34.3544112138343,37.5276732072657],[34.36440987132051,37.54046687848684],[34.35155395776454,37.526917754758244]],[[34.11459414519719,37.18977735658803],[34.06543209876543,37.20777777777778],[34.03641975308642,37.184444444444445],[34.08477366255144,37.17666666666666],[34.11459414519719,37.18977735658803]],[[33.794650205761315,36.647777777777776],[33.87201646090535,36.647777777777776],[34.05576131687243,36.79555555555555],[34.03641975308642,36.93555555555555],[33.83333333333333,36.92777777777778],[33.74629629629629,36.84222222222222],[33.726954732510286,36.76444444444444],[33.678600823045265,36.709999999999994],[33.5238683127572,36.709999999999994],[33.37880658436214,36.65555555555555],[33.37880658436214,36.593333333333334],[33.40781893004115,36.55444444444444],[33.48518518518519,36.538888888888884],[33.717283950617286,36.60111111111111],[33.794650205761315,36.647777777777776]],[[33.99717570031625,37.142339391671946],[34.017078189300406,37.16888888888889],[33.97839506172839,37.16888888888889],[33.99717570031625,37.142339391671946]],[[33.901360158173,37.0791288094164],[33.9843956851779,37.1174963926754],[33.98456222612405,37.11782013067675],[33.901360158173,37.0791288094164]],[[33.901360158173,37.0791288094164],[33.97839506172839,37.12222222222222],[33.88168724279835,37.09111111111111],[33.901360158173,37.0791288094164]],[[33.8611347760666,37.0334915792275],[33.86304426776967,37.03565797039233],[33.8269399017325,37.0142410176945],[33.8611347760666,37.0334915792275]],[[33.86234567901234,37.044444444444444],[33.82366255144033,37.044444444444444],[33.80432098765432,37.028888888888886],[33.81399176954732,37.02111111111111],[33.86234567901234,37.044444444444444]],[[33.446502057613166,36.974444444444444],[33.562551440329216,36.989999999999995],[33.436831275720166,36.98222222222222],[33.446502057613166,36.974444444444444]],[[33.0392822918185,36.544742998232],[33.039281271785015,36.54474119304107],[33.0691881687803,36.5670226179119],[33.0392822918185,36.544742998232]],[[33.0691881687803,36.5670226179119],[33.117695473251025,36.57],[33.175720164609054,36.52333333333333],[33.2230119283508,36.5324502733403],[33.185390946502054,36.608888888888885],[33.13703703703703,36.63222222222222],[33.20473251028807,36.54666666666667],[33.176288948088924,36.538888888888884],[33.117695473251025,36.60111111111111],[33.01131687242798,36.54666666666667],[33.0691881687803,36.5670226179119]],[[33.2230119283508,36.5324502733403],[33.2082890319237,36.52547787005389],[33.208630908322,36.5253941828233],[33.2230119283508,36.5324502733403]],[[33.116552437046344,36.849683855138274],[33.1175306297944,36.848277120786],[33.14828963911378,36.8455602275637],[33.116552437046344,36.849683855138274]],[[33.09835390946502,36.61666666666667],[33.07901234567901,36.678888888888885],[33.05,36.67111111111111],[33.09835390946502,36.61666666666667]],[[33.0586771002266,36.7016767326347],[32.96296296296296,36.709999999999994],[33.00715056796504,36.69444444444444],[32.9778580025513,36.6884509818668],[33.0586771002266,36.7016767326347]],[[33.01131687242798,36.437777777777775],[33.05,36.45333333333333],[33.040329218107,36.49222222222222],[33.01131687242798,36.437777777777775]],[[32.979148642700075,36.43697085724801],[32.84691358024691,36.49222222222222],[32.8179012345679,36.48444444444444],[32.943621399176955,36.43],[32.979148642700075,36.43697085724801]],[[32.5858024691358,36.748888888888885],[32.40205761316872,36.75666666666666],[32.392386831275715,36.748888888888885],[32.5858024691358,36.748888888888885]],[[32.4440392044344,36.7452184992393],[32.44306994961971,36.74487849523208],[32.5767565651428,36.7477509716019],[32.4440392044344,36.7452184992393]],[[32.392386831275715,36.68666666666667],[32.431069958847736,36.70222222222222],[32.42311098981154,36.73787711003194],[32.411676189367334,36.734653922638806],[32.392386831275715,36.68666666666667]],[[32.39325224398918,36.76977991367455],[32.39498894900502,36.76812617228452],[32.3947703126384,36.768564725987],[32.39325224398918,36.76977991367455]],[[32.27633744855967,36.85777777777778],[32.359540151072196,36.79676586075631],[32.28600823045267,36.86555555555555],[32.27633744855967,36.85777777777778]],[[32.3537037037037,36.42222222222222],[32.19897119341564,36.62444444444444],[32.102263374485595,36.65555555555555],[32.08292181069959,36.54666666666667],[32.266666666666666,36.336666666666666],[32.3537037037037,36.36],[32.334362139917694,36.406666666666666],[32.3537037037037,36.42222222222222]],[[31.1067792975936,37.3897620923416],[31.099150497383278,37.38220571702638],[31.107459315245865,37.389749528494754],[31.1067792975936,37.3897620923416]],[[31.027365444140273,37.34302048066194],[30.997596932657096,37.33718820405661],[31.0037796148672,37.3344502891494],[31.027365444140273,37.34302048066194]],[[30.84506172839506,37.43333333333333],[30.835390946502056,37.47222222222222],[30.825720164609052,37.41777777777777],[30.8463963198923,37.4053401470282],[30.89341563786008,37.37888888888889],[30.92624174186083,37.38098765359818],[30.84506172839506,37.43333333333333]],[[30.884035413129986,37.28833147236687],[30.907206131513,37.307226640833],[30.8840953664384,37.2888824720983],[30.884035413129986,37.28833147236687]],[[30.907206131513,37.307226640833],[30.90838873867977,37.33061598804169],[30.9067728037558,37.3297596359162],[30.907206131513,37.307226640833]],[[30.8594679578858,37.2565274021032],[30.8815676272352,37.2732104846443],[30.883744855967077,37.29333333333333],[30.903086419753087,37.30888888888889],[30.89341563786008,37.34777777777778],[30.883744855967077,37.30888888888889],[30.806378600823045,37.24666666666666],[30.81604938271605,37.23888888888889],[30.8594679578858,37.2565274021032]],[[30.74835390946502,37.55777777777777],[30.800723749660165,37.49986462677352],[30.751630797396857,37.5885360935188],[30.74835390946502,37.55777777777777]],[[30.7671453548434,37.2311313354048],[30.79213698464738,37.2380060234713],[30.7851457175819,37.2384080772081],[30.7671453548434,37.2311313354048]],[[30.787037037037038,37.24666666666666],[30.738683127572017,37.23888888888889],[30.750166955756487,37.23452701470245],[30.787037037037038,37.24666666666666]],[[30.74968635971758,37.59088900880067],[30.738683127572017,37.62777777777778],[30.738683127572017,37.58111111111111],[30.74968635971758,37.59088900880067]],[[30.66131687242798,37.65888888888889],[30.719341563786006,37.67444444444444],[30.66131687242798,37.67444444444444],[30.66131687242798,37.65888888888889]],[[30.610984206984117,37.662133887419145],[30.588385667343,37.6856853769743],[30.6089271675118,37.6621701632792],[30.610984206984117,37.662133887419145]],[[30.48188614367307,37.244249487507126],[30.4679012345679,37.269999999999996],[30.41954732510288,37.26222222222222],[30.44855967078189,37.23888888888889],[30.48188614367307,37.244249487507126]],[[30.3555625936372,37.30581369062],[30.3687756255481,37.2934942937214],[30.370047008181857,37.2930867992897],[30.3555625936372,37.30581369062]],[[30.231394014745497,37.3458960690407],[30.2807525763309,37.3140478993166],[30.2353686822903,37.3459634363456],[30.231394014745497,37.3458960690407]],[[30.197119341563784,37.36333333333333],[30.129423868312756,37.324444444444445],[30.11008230452675,37.29333333333333],[30.197119341563784,37.34777777777778],[30.245473251028805,37.355555555555554],[30.197119341563784,37.36333333333333]],[[30.203052878276303,37.340401585688646],[30.223080655051902,37.345755164517016],[30.2127724824587,37.3455804495759],[30.203052878276303,37.340401585688646]],[[30.013374485596707,37.29333333333333],[29.9940329218107,37.24666666666666],[29.897325102880657,37.184444444444445],[29.984362139917696,37.20777777777778],[30.052057613168724,37.29333333333333],[30.013374485596707,37.29333333333333]],[[29.8694145004875,37.1529701854498],[29.884454279591267,37.16275999118725],[29.868779141455537,37.152352629820655],[29.8694145004875,37.1529701854498]],[[29.82962962962963,37.129999999999995],[29.8329031262992,37.1159481631722],[29.8628930924367,37.0916710782963],[29.82962962962963,37.129999999999995]],[[29.810893327557096,37.00207404406319],[29.8578717140187,37.0263080590165],[29.848971193415636,37.05222222222222],[29.800617283950615,37.013333333333335],[29.843558799561155,37.02111111111111],[29.810893327557096,37.00207404406319]],[[29.781275720164608,36.82693296149585],[29.819958847736626,36.873333333333335],[29.79094650205761,36.89666666666666],[29.723251028806583,36.76444444444444],[29.732921810699587,36.678888888888885],[29.7619341563786,36.79555555555555],[29.81000163016408,36.860734274746754],[29.781275720164608,36.82693296149585]],[[29.7874151315971,36.9319087068279],[29.785089910087496,36.93323796068764],[29.788634990308267,36.92898643328813],[29.7874151315971,36.9319087068279]],[[29.732921810699587,36.958888888888886],[29.77829160242035,36.985256295435036],[29.751157871831943,36.97355533805491],[29.781275720164608,36.99777777777778],[29.732921810699587,36.958888888888886]],[[29.7594789029379,36.7759387571781],[29.759476052742258,36.77595160896838],[29.75944968312786,36.775757756718676],[29.7594789029379,36.7759387571781]],[[29.703909465020576,36.56222222222222],[29.723251028806583,36.593333333333334],[29.703909465020576,36.62444444444444],[29.742592592592594,36.65555555555555],[29.64588477366255,36.65555555555555],[29.568518518518516,36.468888888888884],[29.59753086419753,36.38333333333333],[29.684567901234566,36.42222222222222],[29.723251028806583,36.54666666666667],[29.703909465020576,36.56222222222222]],[[29.724190142744515,36.635418329087294],[29.7275071149304,36.6360915014644],[29.735934769200046,36.64688497580096],[29.724190142744515,36.635418329087294]],[[29.69940199596561,36.98753064968352],[29.707910441861767,36.98253263794511],[29.7017010359949,36.987312140344],[29.69940199596561,36.98753064968352]],[[29.5254653512232,36.9139099192792],[29.538355185664404,36.94007191368623],[29.529835390946502,36.93555555555555],[29.59753086419753,36.989999999999995],[29.703909465020576,36.99777777777778],[29.578189300411523,37.00555555555555],[29.510493827160495,36.95111111111111],[29.491152263374484,36.888888888888886],[29.394444444444446,36.84222222222222],[29.423456790123456,36.83444444444444],[29.510493827160495,36.888888888888886],[29.5254653512232,36.9139099192792]],[[29.54340140756699,36.9445260454235],[29.580976188024856,36.9677437532465],[29.5585315275581,36.9578808976163],[29.54340140756699,36.9445260454235]],[[29.519059527255198,36.491400104894026],[29.568518518518516,36.53111111111111],[29.558847736625513,36.55444444444444],[29.491152263374484,36.5],[29.519059527255198,36.491400104894026]],[[29.499486169245884,36.872157790067],[29.5014865113257,36.8737497577681],[29.501604464445258,36.87440341473822],[29.499486169245884,36.872157790067]],[[29.4675995432005,36.8467808911488],[29.4541151097529,36.8490087535559],[29.444675963246144,36.84325418644769],[29.4675995432005,36.8467808911488]],[[29.4330242442841,37.0952053731043],[29.433237103662876,37.094168720265735],[29.443944838712,37.1237156274759],[29.4330242442841,37.0952053731043]],[[29.443944838712,37.1237156274759],[29.4605341394052,37.1425557377688],[29.460618717851876,37.14359704156549],[29.443944838712,37.1237156274759]],[[29.38124191470292,36.88158660959161],[29.38339533516439,36.8805244494992],[29.3825303549552,36.8817231622282],[29.38124191470292,36.88158660959161]],[[29.346090534979425,37.00555555555555],[29.375102880658435,37.013333333333335],[29.36543209876543,37.06777777777778],[29.336419753086417,37.044444444444444],[29.346090534979425,37.00555555555555]],[[29.3802552639592,36.9739951098514],[29.379741188942603,36.97536299650915],[29.379587965111284,36.972646753291265],[29.3802552639592,36.9739951098514]],[[29.357080261789,36.9465685784891],[29.372169022653,36.9576558990973],[29.37454563625578,36.96245812909099],[29.357080261789,36.9465685784891]],[[29.357080261789,36.9465685784891],[29.36543209876543,36.989999999999995],[29.259053497942386,36.873333333333335],[29.34583175303464,36.8794928741127],[29.357080261789,36.9465685784891]],[[29.3392323633268,36.4380698641924],[29.339770830479665,36.438604912342186],[29.32532390239596,36.440462005290954],[29.3392323633268,36.4380698641924]],[[29.3161375794863,36.3610226288178],[29.316062280284303,36.36118189466111],[29.316032445584487,36.36056682214881],[29.3161375794863,36.3610226288178]],[[29.094650205761315,36.89666666666666],[29.113991769547326,36.86555555555555],[29.143004115226336,36.873333333333335],[29.094650205761315,36.89666666666666]],[[29.136410186896157,36.8619519363477],[29.1408658535126,36.860851604049],[29.14186424898711,36.86101282642601],[29.136410186896157,36.8619519363477]],[[29.0760233158411,36.9686098173938],[29.075990071587846,36.96844204985142],[29.1058063267276,37.0117600045689],[29.0760233158411,36.9686098173938]],[[29.1058063267276,37.0117600045689],[29.10432098765432,37.044444444444444],[29.094650205761315,37.05222222222222],[29.08497942386831,37.013333333333335],[29.1058063267276,37.0117600045689]],[[29.087891336339965,36.90665899638941],[29.0875143989969,36.9054674910205],[29.088370881781167,36.904466789481546],[29.087891336339965,36.90665899638941]],[[29.075308641975308,36.989999999999995],[29.0559670781893,36.958888888888886],[29.08497942386831,36.98222222222222],[29.075308641975308,36.989999999999995]],[[29.07383991730837,36.95759126922314],[29.0735023133988,36.9558875468452],[29.0736511319593,36.95568453664999],[29.07383991730837,36.95759126922314]],[[28.95925925925926,37.09888888888889],[29.0549758741817,37.0452365769964],[29.05576119564877,37.045275647705836],[28.95925925925926,37.129999999999995],[28.95925925925926,37.09888888888889]],[[28.904595464761258,37.144620674478766],[28.9437001845386,37.1381780203322],[28.9051599290898,37.1448761817422],[28.904595464761258,37.144620674478766]],[[28.79710883513915,37.18432788995531],[28.7975220776725,37.1839921096934],[28.799964574097967,37.184045206274845],[28.79710883513915,37.18432788995531]],[[28.21402307862297,37.49261594228601],[28.2206244039689,37.4948163842701],[28.220913442312323,37.49533940602645],[28.21402307862297,37.49261594228601]],[[28.204938271604938,37.50333333333333],[28.13724279835391,37.495555555555555],[28.1977766335278,37.4872004600902],[28.204938271604938,37.50333333333333]],[[28.133048192102937,37.45078926824502],[28.1350318063679,37.4502459217535],[28.1416957405009,37.4526691697952],[28.133048192102937,37.45078926824502]],[[27.786420589782225,37.47306805019343],[27.7940461301135,37.4687664633641],[27.79443050251758,37.4688137010477],[27.786420589782225,37.47306805019343]],[[27.460077045943713,37.38263028974124],[27.4639166419602,37.3843855336607],[27.463906588288452,37.38667777337438],[27.460077045943713,37.38263028974124]]],[[[36.937654320987654,36.99777777777778],[36.94241844233271,37.00160934771061],[36.937654320987654,36.99143255415785],[36.937654320987654,36.99777777777778]]],[[[36.25102880658436,37.69],[36.425102880658436,37.69],[36.69588477366255,37.75222222222222],[36.8119341563786,37.736666666666665],[36.84094650205761,37.635555555555555],[36.75390946502058,37.565555555555555],[36.386419753086415,37.48777777777778],[36.25102880658436,37.48777777777778],[36.24135802469136,37.495555555555555],[36.28004115226337,37.651111111111106],[36.25102880658436,37.69]],[[36.2498431204696,37.4954377297293],[36.2471740823698,37.501574079077535],[36.24974450292167,37.494738915620104],[36.2498431204696,37.4954377297293]]],[[[36.25102880658436,37.65888888888889],[36.254257463565295,37.65629222433826],[36.24503247120758,37.65888888888889],[36.25102880658436,37.65888888888889]]],[[[35.95123456790123,36.31333333333333],[36.02860082304527,36.468888888888884],[36.02860082304527,36.52379147792421],[36.18333333333333,36.59605333092066],[36.18333333333333,36.39111111111111],[36.12530864197531,36.32888888888888],[36.12530864197531,36.266666666666666],[35.980246913580245,35.96333333333333],[35.9369662677815,35.967030911822064],[35.9790930734555,36.0188434275879],[35.91255144032922,36.14222222222222],[35.95123456790123,36.31333333333333]]],[[[36.047942386831274,37.64512710577724],[36.057613168724274,37.65888888888889],[36.0604193618603,37.65888888888889],[36.047942386831274,37.64512710577724]]],[[[35.931893004115224,37.48],[35.94017393366213,37.4866599816356],[35.93636004703673,37.47640735696951],[35.931893004115224,37.48]]],[[[33.20473251028807,36.56222222222222],[33.2080733400504,36.5601582467292],[33.208666279499475,36.55905846740964],[33.20473251028807,36.56222222222222]]],[[[32.943621399176955,36.44555555555555],[32.93885711466193,36.4493872567187],[32.95066422722767,36.44555555555555],[32.943621399176955,36.44555555555555]]],[[[32.582884793078755,36.108764554622674],[32.5841032939873,36.0883261969878],[32.569372490208515,36.09789721316533],[32.582884793078755,36.108764554622674]]],[[[32.42311098981154,36.73787711003194],[32.41523233010699,36.72474510981382],[32.4121810583655,36.7335058166939],[32.42311098981154,36.73787711003194]]],[[[30.8463963198923,37.4053401470282],[30.854732510288066,37.41],[30.868997384512973,37.39852739902763],[30.8463963198923,37.4053401470282]]],[[[30.8594679578858,37.2565274021032],[30.856642284300023,37.25598039035193],[30.862428542350873,37.2606340191673],[30.8594679578858,37.2565274021032]]],[[[30.835390946502056,37.254444444444445],[30.848708118772695,37.254444444444445],[30.83116931026705,37.25104917104693],[30.835390946502056,37.254444444444445]]],[[[29.965020576131685,37.20777777777778],[29.973435284682985,37.20692525157341],[29.956329718555196,37.20078810934392],[29.965020576131685,37.20777777777778]]],[[[29.66522633744856,37.99333333333333],[29.732921810699587,38.00111111111111],[29.781275720164608,37.93111111111111],[29.732921810699587,37.86111111111111],[29.14888888888889,37.98555555555556],[29.614710070211608,38.05210143860166],[29.684567901234566,38.00888888888889],[29.66522633744856,37.99333333333333]]],[[[29.5254653512232,36.9139099192792],[29.510493827160495,36.901923653621864],[29.527288453774077,36.91795161223154],[29.5254653512232,36.9139099192792]]],[[[29.53617179101373,36.513971496694154],[29.529835390946502,36.50561366803175],[29.543269369189346,36.52333333333333],[29.53617179101373,36.513971496694154]]],[[[29.336419753086417,36.90627331343678],[29.346090534979425,36.92777777777778],[29.348396653861432,36.92963248615522],[29.336419753086417,36.90627331343678]]],[[[28.47909350661321,37.889870500944745],[28.804526748971192,37.92333333333333],[28.944770092484042,37.95639572749772],[28.765843621399178,37.81444444444444],[28.72716049382716,37.876666666666665],[28.736831275720164,37.82222222222222],[28.669135802469135,37.78333333333333],[28.553086419753086,37.79888888888889],[28.46604938271605,37.86888888888889],[28.47909350661321,37.889870500944745]],[[28.7295931268751,37.9060762667319],[28.730203151030825,37.90545079890964],[28.7293661814606,37.90935665689783],[28.7295931268751,37.9060762667319]]],[[[28.4118426364774,36.8547071751073],[28.4114764961247,36.8546198858451],[28.41106373699537,36.855333609158805],[28.4118426364774,36.8547071751073]]]]}},{"type":"Feature","id":"forest-west","properties":{"id":"forest-west","name":"Batı Anadolu Ormanları","source":"MEB","source_url":"https://ogmmateryal.eba.gov.tr/kitap/mebi-konu-ozetleri/tyt-cografya/files/basic-html/page90.html","geometry_note":"MEB orman haritasının Batı Anadolu kesimi"},"geometry":{"type":"MultiPolygon","coordinates":[[[[27.615020576131688,38.568888888888885],[27.54732510288066,38.467777777777776],[27.469958847736624,38.51444444444444],[27.46028806584362,38.50666666666667],[27.537654320987656,38.44444444444444],[27.450617283950617,38.39],[27.34423868312757,38.44444444444444],[27.36358024691358,38.46],[27.34423868312757,38.553333333333335],[27.49897119341564,38.74],[27.518312757201645,38.88],[27.489300411522635,38.903333333333336],[27.373251028806585,38.91888888888889],[27.353909465020575,38.934444444444445],[27.334567901234568,38.903333333333336],[27.257201646090536,38.903333333333336],[27.160493827160494,38.85666666666667],[27.141152263374487,38.87222222222222],[27.06378600823045,38.794444444444444],[26.98641975308642,38.763333333333335],[26.947736625514402,38.763333333333335],[26.8928335210526,38.8246490226993],[26.943052110053,38.834873311779],[26.9743857298774,38.8067010152498],[26.9731625457016,38.8463104116979],[27.065878037245,38.8795325795696],[27.0383931832446,38.8954244420303],[27.0425204577026,38.9407599487971],[26.987339648644053,38.91888888888889],[26.91872427983539,38.94222222222222],[27.044444444444444,38.98111111111111],[27.24753086419753,39.11333333333333],[27.228189300411522,39.284444444444446],[27.208847736625515,39.346666666666664],[26.9222195211458,39.5838615894672],[26.773662551440328,39.63444444444444],[26.67695473251029,39.63444444444444],[26.691857460000282,39.66892204909088],[27.542594601108707,39.59158230899011],[27.556995884773663,39.51777777777778],[27.50864197530864,39.416666666666664],[27.43127572016461,39.43222222222222],[27.373251028806585,39.385555555555555],[27.31522633744856,39.416666666666664],[27.24753086419753,39.37777777777778],[27.353909465020575,39.385555555555555],[27.421604938271606,39.3],[27.421604938271606,39.16],[27.54732510288066,39.074444444444445],[27.721399176954733,39.02777777777778],[27.953497942386832,39.04333333333334],[28.08888888888889,39.089999999999996],[28.21460905349794,39.20666666666666],[28.33065843621399,39.51777777777778],[28.33065843621399,39.595555555555556],[28.369379705987807,39.642344926496946],[28.69814814814815,39.72453703703703],[28.746502057613167,39.68111111111111],[28.717489711934157,39.729372427983535],[30.0,40.05],[30.8,40.05],[30.79670781893004,39.836666666666666],[30.409876543209876,39.77444444444444],[30.061728395061728,39.79],[30.04238683127572,39.836666666666666],[29.984362139917696,39.79],[29.887654320987654,39.79],[29.848971193415636,39.82111111111111],[29.48148148148148,39.79],[29.321976417322194,39.74717168517019],[29.3911620647139,39.8048302806074],[29.31707818930041,39.75111111111111],[29.38477366255144,39.82111111111111],[29.133333333333333,39.66555555555556],[29.046296296296298,39.58],[29.026954732510287,39.44],[29.08497942386831,39.346666666666664],[29.08497942386831,39.22222222222222],[29.00761316872428,39.16],[28.968930041152262,39.08222222222222],[28.291975308641973,38.61555555555555],[28.195267489711934,38.38222222222222],[28.05020576131687,38.37444444444444],[28.001851851851853,38.553333333333335],[28.02119341563786,38.6],[27.963168724279836,38.708888888888886],[27.798765432098765,38.81],[27.69238683127572,38.78666666666667],[27.634362139917695,38.67777777777778],[27.615020576131688,38.568888888888885]],[[30.4679012345679,40.03888888888889],[30.429218106995883,40.007777777777775],[30.48384822516347,40.02377140529553],[30.459880235431942,40.01688240211335],[30.4679012345679,40.03888888888889]],[[30.361522633744855,39.96888888888889],[30.3743105491434,39.9568590453663],[30.37119341563786,40.02333333333333],[30.361522633744855,39.96888888888889]],[[30.30783920212895,39.9367834498771],[30.284156378600823,39.922222222222224],[30.295369161777543,39.89716251907163],[30.30783920212895,39.9367834498771]],[[30.28960241235264,39.86088971374833],[30.26446966970976,39.84321634922115],[30.2886518766505,39.8592262762942],[30.28960241235264,39.86088971374833]],[[30.284156378600823,39.87555555555556],[30.25514403292181,39.852222222222224],[30.235802469135802,39.867777777777775],[30.2261316872428,39.84444444444444],[30.25514403292181,39.836666666666666],[30.284156378600823,39.87555555555556]],[[30.164483186397092,39.85584796384502],[30.1401787328319,39.8546121440176],[30.202905501183494,39.851297651720664],[30.20679012345679,39.86],[30.129423868312756,39.86],[30.164483186397092,39.85584796384502]],[[29.684567901234566,39.87555555555556],[29.703909465020576,39.84444444444444],[29.703909465020576,39.87555555555556],[29.7335890810924,39.8801006644088],[29.7619341563786,39.922222222222224],[29.752263374485597,39.94555555555556],[29.684567901234566,39.87555555555556]],[[29.70323749334145,39.838565963900336],[29.7032928332939,39.8352445690685],[29.706487547064015,39.83175745781668],[29.70323749334145,39.838565963900336]],[[29.558847736625513,39.88333333333333],[29.570553229088038,39.86423419518543],[29.6085595976606,39.8755015693302],[29.558847736625513,39.88333333333333]],[[29.5269500670904,39.8705451792048],[29.47663150885274,39.8680444994114],[29.529835390946502,39.87555555555556],[29.442798353909463,39.88333333333333],[29.454803210814628,39.864962890219665],[29.5269500670904,39.8705451792048]],[[28.87222222222222,39.40888888888889],[28.92057613168724,39.40111111111111],[28.9503139123847,39.4124699664478],[28.93024691358025,39.486666666666665],[28.949560036084698,39.536972171564265],[28.93024691358025,39.53333333333333],[28.982643216167588,39.567780089908005],[28.98827160493827,39.6035279187484],[28.9976500727709,39.5871977815592],[28.994815680806106,39.608252497189575],[28.95925925925926,39.63444444444444],[28.93024691358025,39.626666666666665],[28.968930041152262,39.595555555555556],[28.910905349794238,39.53333333333333],[28.93024691358025,39.44],[28.87222222222222,39.40888888888889]],[[28.9866854527711,39.5764690448985],[28.985224035827397,39.57052665217037],[28.995337238194004,39.581348151557485],[28.9866854527711,39.5764690448985]],[[28.95354211534945,39.54014733225461],[28.9544813818758,39.5408962681632],[28.953625140306617,39.54812010603627],[28.95354211534945,39.54014733225461]],[[28.9114069919364,39.0629069749038],[28.84320987654321,39.12111111111111],[28.79485596707819,39.11333333333333],[28.9114069919364,39.0629069749038]],[[28.87222222222222,39.37777777777778],[28.823868312757202,39.35444444444445],[28.8141975308642,39.346666666666664],[28.87222222222222,39.37777777777778]],[[28.8331744768721,39.3347426988299],[28.8691318949781,39.3663884817735],[28.870006588931073,39.36835494684669],[28.8331744768721,39.3347426988299]],[[28.7552631579098,39.2727777978924],[28.8101954154581,39.300620956419],[28.81045608927897,39.30100803249703],[28.7552631579098,39.2727777978924]],[[28.76881965780109,39.64959849569376],[28.7583838516567,39.6840638122259],[28.7685699466768,39.6497821554734],[28.76881965780109,39.64959849569376]],[[28.757242935236576,39.10520430469327],[28.72716049382716,39.13666666666666],[28.69814814814815,39.12888888888889],[28.72716049382716,39.105555555555554],[28.757242935236576,39.10520430469327]],[[28.726273111466245,39.72303217855098],[28.726839796413444,39.72933389804463],[28.7262228420186,39.7232848097655],[28.726273111466245,39.72303217855098]],[[28.659465020576132,39.12888888888889],[28.6683018446018,39.1910214909199],[28.64979423868313,39.23],[28.64979423868313,39.12111111111111],[28.659465020576132,39.12888888888889]],[[28.66596675619723,39.291987572327855],[28.630452674897118,39.32333333333333],[28.601440329218107,39.26888888888889],[28.61816721938491,39.258678981138154],[28.620781893004114,39.284444444444446],[28.66596675619723,39.291987572327855]],[[28.6635355523811,39.118198852968],[28.664419955647173,39.1181911625038],[28.66325963992879,39.119220474792655],[28.6635355523811,39.118198852968]],[[28.6084075031372,39.1684120687943],[28.6242168844311,39.1844671913616],[28.606235096578498,39.16799647796751],[28.6084075031372,39.1684120687943]],[[28.61111111111111,39.19888888888889],[28.591769547325104,39.16777777777778],[28.620781893004114,39.19111111111111],[28.61111111111111,39.19888888888889]],[[27.440946502057614,39.004444444444445],[27.520430215293217,39.02777777777778],[27.469424871308796,38.988913897163556],[27.537654320987656,39.035555555555554],[27.440946502057614,39.004444444444445]],[[27.38292181069959,38.568888888888885],[27.4644649711824,38.535568515035955],[27.450617283950617,38.56111111111111],[27.38292181069959,38.568888888888885]],[[27.3716755993993,38.9256176657577],[27.37201767081894,38.9256654977789],[27.37147890430931,38.925701160817034],[27.3716755993993,38.9256176657577]]],[[[30.63230452674897,40.171129534798325],[30.63230452674897,40.217777777777776],[30.653796270269773,40.15080859721293],[30.63230452674897,40.171129534798325]]],[[[30.574279835390946,40.15555555555556],[30.61296296296296,40.197037037037035],[30.61296296296296,40.17111111111111],[30.574279835390946,40.15555555555556]]],[[[30.5599179760487,40.3733904320726],[30.574279835390946,40.388888888888886],[30.574279835390946,40.35777777777778],[30.5599179760487,40.3733904320726]]],[[[30.400205761316872,40.84],[30.4172447579855,40.85],[30.400205761316872,40.80888888888889],[30.400205761316872,40.84]]],[[[30.37119341563786,37.55],[30.2947063224841,37.53515151515151],[30.313168724279834,37.55],[30.37119341563786,37.55]]],[[[30.21093474426808,37.51888888888889],[30.184224965706438,37.5137037037037],[30.197119341563784,37.51888888888889],[30.21093474426808,37.51888888888889]]],[[[30.177777777777777,40.10111111111111],[30.18422496570644,40.095925925925926],[30.119753086419795,40.10111111111111],[30.177777777777777,40.10111111111111]]],[[[30.023045267489714,40.66111111111111],[30.061728395061728,40.67666666666667],[30.100411522633745,40.66111111111111],[30.023045267489714,40.66111111111111]]],[[[30.023045267489714,40.66111111111111],[29.889227260601714,40.6843390240235],[30.003703703703703,40.67666666666667],[30.023045267489714,40.66111111111111]]],[[[30.081069958847735,40.11666666666667],[30.098262459990853,40.10283950617284],[29.92633744855967,40.11666666666667],[30.081069958847735,40.11666666666667]]],[[[29.984362139917696,40.56777777777778],[30.081069958847735,40.59888888888889],[30.013302286791014,40.56005806627352],[29.984362139917696,40.56777777777778]]],[[[29.989452025124542,40.481812865497076],[30.04238683127572,40.458888888888886],[30.003703703703703,40.458888888888886],[29.989452025124542,40.481812865497076]]],[[[29.994090384544027,40.50031209088301],[29.916666666666664,40.513333333333335],[29.92633744855967,40.52111111111111],[29.94567901234568,40.52111111111111],[29.994090384544027,40.50031209088301]]],[[[29.965020576131685,40.474444444444444],[29.91979320619119,40.510818797290206],[29.979526748971193,40.486111111111114],[29.965020576131685,40.474444444444444]]],[[[29.771604938271604,40.583333333333336],[29.786672708558655,40.59217423517684],[29.816239316239315,40.57136752136752],[29.771604938271604,40.583333333333336]]],[[[29.774183813443074,40.60096296296297],[29.784821941179832,40.59347666349715],[29.771641631789006,40.59891839984544],[29.774183813443074,40.60096296296297]]],[[[29.732921810699587,37.86111111111111],[29.781275720164608,37.93111111111111],[29.7619341563786,37.88444444444444],[29.732921810699587,37.86111111111111]]],[[[29.732921810699587,37.86111111111111],[29.655555555555555,37.86111111111111],[29.568356179254124,37.89617639221956],[29.732921810699587,37.86111111111111]]],[[[29.742592592592594,39.906666666666666],[29.7528551414984,39.9108381199266],[29.742592592592594,39.89516005684467],[29.742592592592594,39.906666666666666]]],[[[29.696624693770023,38.00111111111111],[29.732921810699587,38.00111111111111],[29.694040062204593,37.996643846390405],[29.696624693770023,38.00111111111111]]],[[[29.692239241366018,37.99643694357066],[29.6877914951989,37.995925925925924],[29.694238683127573,38.00111111111111],[29.692239241366018,37.99643694357066]]],[[[28.717489711934157,38.288888888888884],[28.785185185185185,38.327777777777776],[28.833539094650206,38.32],[28.79485596707819,38.38222222222222],[28.89156378600823,38.52222222222222],[28.910905349794238,38.67777777777778],[29.026954732510287,38.724444444444444],[28.949588477366255,38.74],[29.03662551440329,38.82555555555555],[29.065637860082305,38.81777777777778],[29.0627124147087,38.7665170200533],[29.091844221482702,38.81549642967744],[29.075308641975308,38.84111111111111],[29.17201646090535,38.82555555555555],[29.23971193415638,38.75555555555555],[29.259053497942386,38.63111111111111],[29.355761316872428,38.46],[29.375102880658435,38.33555555555555],[29.297736625514403,38.32],[29.375102880658435,38.30444444444444],[29.43312757201646,38.16444444444444],[29.558847736625513,38.06333333333333],[29.614710070211608,38.05210143860166],[29.017283950617283,37.98555555555556],[28.804526748971192,37.92333333333333],[28.47909350661321,37.889870500944745],[28.504732510288065,37.93111111111111],[28.485390946502058,37.946666666666665],[28.61111111111111,38.07888888888889],[28.64979423868313,38.06333333333333],[28.64012345679012,38.086666666666666],[28.669135802469135,38.11],[28.69814814814815,38.117777777777775],[28.669135802469135,38.12555555555556],[28.630452674897118,38.09444444444444],[28.601440329218107,38.117777777777775],[28.67880658436214,38.18],[28.717489711934157,38.288888888888884]],[[28.804526748971192,37.92333333333333],[28.833539094650206,37.96222222222222],[28.823868312757202,37.98555555555556],[28.79485596707819,37.946666666666665],[28.804526748971192,37.92333333333333]],[[29.2842242562118,38.2913039203704],[29.283278905068975,38.290069216236155],[29.28738107902523,38.29244805121286],[29.2842242562118,38.2913039203704]],[[29.17201646090535,38.20333333333333],[29.191358024691358,38.156666666666666],[29.219392940866452,38.19476945267794],[29.2066971872258,38.1623001163782],[29.2226994357106,38.2020336677504],[29.20102880658436,38.22666666666667],[29.230041152263375,38.25],[29.259053497942386,38.257777777777775],[29.10432098765432,38.242222222222225],[29.20102880658436,38.21111111111111],[29.191358024691358,38.187777777777775],[29.17201646090535,38.20333333333333]],[[29.254660406179365,38.25269116982119],[29.25057511397604,38.24735545175353],[29.2510671803743,38.2475434667797],[29.254660406179365,38.25269116982119]],[[29.24839906113062,38.24652399763649],[29.218551984526272,38.23966297931834],[29.2261713851445,38.2380309627592],[29.24839906113062,38.24652399763649]],[[29.2041426428408,38.22569708468],[29.204541304997043,38.22519914291282],[29.205279858210115,38.22622455635949],[29.2041426428408,38.22569708468]],[[29.08497942386831,38.257777777777775],[28.98827160493827,38.242222222222225],[29.028098351758402,38.22746949647444],[29.08497942386831,38.257777777777775]],[[29.0821044291704,38.2449536137265],[29.031036760877736,38.22771301092356],[29.0469974600379,38.2290357201535],[29.0821044291704,38.2449536137265]],[[28.918919366049767,38.24255672048538],[28.901234567901234,38.26555555555555],[28.862551440329216,38.26555555555555],[28.77551440329218,38.21111111111111],[28.81062362757148,38.20333333333333],[28.79412198369781,38.19567257063387],[28.918919366049767,38.24255672048538]],[[28.763698818727953,38.17298336195447],[28.757843542296676,38.173304537400114],[28.7634375730129,38.1727875535068],[28.763698818727953,38.17298336195447]],[[28.7286411356769,37.9198368556889],[28.728722025838596,37.918667626112104],[28.7590615585691,37.9479638475131],[28.7286411356769,37.9198368556889]],[[28.707818930041153,38.14111111111111],[28.731685570708503,38.16030598381804],[28.724876997551977,38.14346733171925],[28.75617283950617,38.18],[28.717489711934157,38.18],[28.707818930041153,38.14111111111111]],[[28.707818930041153,38.07888888888889],[28.72716049382716,37.98555555555556],[28.743520143892443,37.99172979950181],[28.707818930041153,38.07888888888889]],[[28.6733125832074,38.1070080151787],[28.67235201253945,38.1061438724258],[28.7012279206815,38.107593242312],[28.6733125832074,38.1070080151787]],[[28.664691132926997,38.09925203841629],[28.65921632825719,38.09432682787553],[28.6605546297252,38.0947182436919],[28.664691132926997,38.09925203841629]],[[28.6536069781062,38.0639335952443],[28.653726842494347,38.06392915349939],[28.65275622956806,38.06431397800389],[28.6536069781062,38.0639335952443]]],[[[29.614710070211608,38.05210143860166],[29.636213991769548,38.047777777777775],[29.684567901234566,38.00888888888889],[29.614710070211608,38.05210143860166]]],[[[29.03662551440329,40.31888888888889],[29.075308641975308,40.33444444444444],[29.00761316872428,40.28],[29.03662551440329,40.31888888888889]]],[[[29.075308641975308,40.33444444444444],[29.558847736625513,40.33444444444444],[29.57611699000588,40.32055555555556],[29.075308641975308,40.33444444444444]]],[[[29.366582775500028,40.6912967843378],[29.3879858890512,40.7021709737137],[29.4335245614452,40.6892609343919],[29.366582775500028,40.6912967843378]]],[[[29.366582775500028,40.6912967843378],[29.551376868048518,40.645233866103545],[29.442798353909463,40.66111111111111],[29.366582775500028,40.6912967843378]]],[[[29.133333333333333,39.93],[29.10432098765432,39.94555555555556],[29.113991769547326,39.94555555555556],[29.133333333333333,39.93]]],[[[29.03662551440329,40.25666666666667],[29.11675485008818,40.25888888888889],[29.113991769547326,40.25666666666667],[29.03662551440329,40.25666666666667]]],[[[28.860456011921414,39.09168525944287],[28.816834188369683,39.105555555555554],[28.84320987654321,39.105555555555554],[28.860456011921414,39.09168525944287]]],[[[28.688477366255153,39.8988888888889],[28.717489711934157,39.937777777777775],[28.804526748971192,39.992222222222225],[28.688477366255153,39.8988888888889]]],[[[28.765843621399178,37.81444444444444],[28.7380744968474,37.8509473640231],[28.72716049382716,37.876666666666665],[28.765843621399178,37.81444444444444]]],[[[28.630452674897118,39.727777777777774],[28.688477366255142,39.77444444444444],[28.736831275720164,39.782222222222224],[28.630452674897118,39.727777777777774]]],[[[28.599506172839508,37.79266666666667],[28.669135802469135,37.78333333333333],[28.61111111111111,37.78333333333333],[28.599506172839508,37.79266666666667]]],[[[28.669135802469135,37.78333333333333],[28.736831275720164,37.82222222222222],[28.707818930041153,37.79888888888889],[28.669135802469135,37.78333333333333]]],[[[28.659465020576132,39.175555555555555],[28.6644366060421,39.1801257553252],[28.659465020576132,39.151933942695266],[28.659465020576132,39.175555555555555]]],[[[28.51440329218107,39.75888888888889],[28.388683127572016,39.70444444444445],[28.437037037037037,39.74333333333333],[28.51440329218107,39.75888888888889]]],[[[27.49897119341564,39.39333333333333],[27.43127572016461,39.30777777777778],[27.38292181069959,39.36773393118107],[27.450617283950617,39.416666666666664],[27.49897119341564,39.39333333333333]]],[[[27.4737010933856,37.3451324147114],[27.47525457001832,37.32796310940843],[27.433429365823873,37.30284319208813],[27.4737010933856,37.3451324147114]]],[[[27.450617283950617,37.48777777777778],[27.460546931228066,37.46423625058206],[27.440946502057614,37.48],[27.450617283950617,37.48777777777778]]],[[[27.392592592592596,39.74333333333334],[27.4119341563786,39.75888888888889],[27.450617283950617,39.75888888888889],[27.392592592592596,39.74333333333334]]],[[[27.421604938271606,39.81333333333333],[27.440946502057614,39.782222222222224],[27.394526748971195,39.82785185185185],[27.421604938271606,39.81333333333333]]],[[[27.277752057613164,37.47319444444444],[27.29588477366255,37.48777777777778],[27.33332005840967,37.48025089605735],[27.277752057613164,37.47319444444444]]],[[[27.262611226624408,37.3502196708927],[27.248653725446,37.3370819893684],[27.214785556478752,37.35243928371524],[27.262611226624408,37.3502196708927]]],[[[27.166941015089158,39.95074074074074],[27.054115226337455,39.97666666666667],[27.10246913580247,39.97666666666667],[27.166941015089158,39.95074074074074]]],[[[27.005761316872427,39.77444444444444],[26.96224279835391,39.77055555555555],[26.967078189300413,39.77444444444444],[27.005761316872427,39.77444444444444]]],[[[26.667283950617282,39.65777777777778],[26.691368239728103,39.68683265421573],[26.670621889914763,39.63953766678723],[26.667283950617282,39.65777777777778]]],[[[26.348148148148148,39.60333333333333],[26.299794238683127,39.626666666666665],[26.430211998123628,39.692708000170576],[26.665762762762764,39.67129429429429],[26.63827160493827,39.63444444444444],[26.348148148148148,39.60333333333333]]]]}},{"type":"Feature","id":"forest-interior","properties":{"id":"forest-interior","name":"İç Bölge Ormanları","source":"MEB","source_url":"https://ogmmateryal.eba.gov.tr/kitap/mebi-konu-ozetleri/tyt-cografya/files/basic-html/page90.html","geometry_note":"MEB orman haritasında içe bakan yamaçlar ve iç dağ parçaları"},"geometry":{"type":"MultiPolygon","coordinates":[[[[40.44814814814815,38.43666666666667],[40.77695473251028,38.40555555555555],[40.90267489711934,38.44444444444444],[40.92201646090535,38.49111111111111],[40.89300411522633,38.51444444444444],[40.699588477366255,38.498888888888885],[40.54485596707819,38.56111111111111],[40.39401070815191,38.557984768526524],[40.43233374762554,38.57305550103468],[40.370781893004114,38.56111111111111],[40.380452674897114,38.53777777777778],[40.33209876543209,38.498888888888885],[40.27407407407407,38.53],[40.254732510288065,38.483333333333334],[40.15802469135802,38.467777777777776],[40.148353909465015,38.58444444444444],[40.225047656225776,38.56834802044446],[40.24811517073266,38.52885254245406],[40.22572016460905,38.568888888888885],[40.18703703703704,38.6],[40.19670781893004,38.60777777777778],[40.46748971193416,38.68555555555555],[40.63189300411523,38.61555555555555],[40.60288065843621,38.59222222222222],[40.699588477366255,38.59222222222222],[40.85432098765432,38.53],[40.989711934156375,38.54555555555555],[41.0477366255144,38.51444444444444],[41.29917695473251,38.51444444444444],[41.34753086419753,38.49111111111111],[41.21213991769547,38.413333333333334],[41.20246913580247,38.358888888888885],[41.23148148148148,38.397777777777776],[41.318518518518516,38.467777777777776],[41.33786008230452,38.45222222222222],[41.440856093595016,38.498888888888885],[41.550617283950615,38.498888888888885],[41.68600823045267,38.43666666666667],[41.91810699588477,38.39],[42.07283950617284,38.40555555555555],[42.2082304526749,38.31222222222222],[42.285596707818925,38.31222222222222],[42.38230452674897,38.43666666666667],[42.440329218106996,38.43666666666667],[42.52736625514403,38.33555555555555],[42.63374485596708,38.26555555555555],[42.78847736625514,38.26555555555555],[42.82716049382716,38.218888888888884],[42.90452674897119,38.20333333333333],[42.92386831275719,38.17222222222222],[43.13662551440329,38.09444444444444],[43.19570021619024,38.046933301305145],[42.672427983539094,38.124455113549764],[42.672427983539094,38.17222222222222],[42.64341563786008,38.12875323883554],[42.5,38.15],[41.218161633671585,38.10727205445572],[41.221116696737,38.117383826689],[41.21912954901859,38.12716290663892],[41.21067482932192,38.107022494310726],[41.20246913580247,38.17222222222222],[41.19338189454343,38.106446063151445],[41.12204271123491,38.1040680903745],[40.97037037037037,38.156666666666666],[40.68024691358025,38.358888888888885],[40.52551440329218,38.39],[40.29341563786008,38.37444444444444],[40.18703703703704,38.44444444444444],[40.19670781893004,38.467777777777776],[40.33209876543209,38.483333333333334],[40.44814814814815,38.43666666666667]],[[42.73025835620692,38.18837835289503],[42.72316184104779,38.18647216904477],[42.7300677938678,38.18783282152],[42.73025835620692,38.18837835289503]],[[42.703502133428,38.1811914056947],[42.6881550791807,38.1525615217923],[42.7050735920496,38.18161351274001],[42.703502133428,38.1811914056947]],[[42.285596707818925,38.25],[42.15020576131687,38.29666666666667],[41.92777777777778,38.32],[41.93744855967078,38.28111111111111],[42.09218106995885,38.25],[42.09218106995885,38.218888888888884],[42.16954732510288,38.218888888888884],[42.26625514403292,38.156666666666666],[42.440329218106996,38.156666666666666],[42.48868312757202,38.19555555555556],[42.42098765432098,38.25],[42.285596707818925,38.25]],[[42.01481481481481,38.187777777777775],[42.08251028806584,38.19555555555556],[42.005144032921805,38.19555555555556],[42.01481481481481,38.187777777777775]],[[42.0294045497304,38.1830318739915],[42.0640254947638,38.1807481709623],[42.0822951218356,38.1858636658606],[42.0294045497304,38.1830318739915]],[[41.96467103124823,38.156121276229946],[41.9687493865736,38.1546226035521],[41.96971025904515,38.15507265074481],[41.96467103124823,38.156121276229946]],[[41.9322101322717,38.1897002878873],[41.9535855958094,38.160194839686],[41.95513149801392,38.159626767212735],[41.9322101322717,38.1897002878873]],[[41.8502708524594,38.1957292653523],[41.87397858438951,38.19499350824418],[41.84074074074074,38.218888888888884],[41.8502708524594,38.1957292653523]],[[41.6429865663914,38.2445901998371],[41.64261882796715,38.24387048320748],[41.6611656484146,38.26105606942],[41.6429865663914,38.2445901998371]],[[41.6611656484146,38.26105606942],[41.7149414657881,38.2379277086938],[41.6452981127253,38.2981949721065],[41.61831275720164,38.22666666666667],[41.6611656484146,38.26105606942]],[[41.62798353909465,38.43666666666667],[41.63533440824982,38.392295804976854],[41.6431368605625,38.4200801487281],[41.63765432098765,38.402438589196606],[41.62798353909465,38.43666666666667]],[[41.5119341563786,38.343333333333334],[41.41522633744856,38.31222222222222],[41.36687242798354,38.242222222222225],[41.36687242798354,38.14888888888889],[41.39588477366255,38.12555555555556],[41.434567901234566,38.12555555555556],[41.54094650205761,38.242222222222225],[41.5119341563786,38.343333333333334]],[[41.31478543439909,38.45044552256969],[41.3152111251189,38.4504840845204],[41.3153558267814,38.45059304332289],[41.31478543439909,38.45044552256969]],[[41.26434584186471,38.416696600893694],[41.2654615513315,38.4171076805844],[41.26666164023471,38.41944278962565],[41.26434584186471,38.416696600893694]],[[41.23929070402502,38.37130982212563],[41.2192639920359,38.3603789159183],[41.21464813080895,38.351911222383414],[41.2184589933826,38.3588215049423],[41.23929070402502,38.37130982212563]],[[41.17345679012345,38.288888888888884],[41.19279835390947,38.32],[41.154115226337446,38.32],[41.17345679012345,38.288888888888884]],[[41.16702937909368,38.188126971355814],[41.165558184976966,38.19496312014404],[41.164342228686,38.1895432527751],[41.16702937909368,38.188126971355814]],[[40.63310439140163,38.59134366330902],[40.61844687233426,38.58621949015252],[40.6230097201964,38.5858177009049],[40.63310439140163,38.59134366330902]],[[40.428806584362135,38.57666666666667],[40.44814814814815,38.654444444444444],[40.419135802469135,38.64666666666667],[40.428806584362135,38.57666666666667]],[[40.4443502089521,38.6349422050358],[40.466441994194376,38.63188886960695],[40.4644757045261,38.6330211357411],[40.4443502089521,38.6349422050358]],[[40.4408739880118,38.5991737114254],[40.440666084291905,38.60013851464261],[40.437595592792604,38.589147551480686],[40.4408739880118,38.5991737114254]],[[40.29006174361251,38.47566015287692],[40.2946875334374,38.4774695715462],[40.2951793100769,38.478011134569876],[40.29006174361251,38.47566015287692]],[[40.2064413834134,38.4659375738714],[40.2534448933311,38.4613371475054],[40.257518559990466,38.462930598307295],[40.2064413834134,38.4659375738714]]],[[[43.19570021619024,38.046933301305145],[43.26234567901234,37.99333333333333],[43.32037037037037,37.9],[43.19570021619024,38.046933301305145]]],[[[41.60529791385262,38.12017659712842],[41.58930041152263,38.09444444444444],[41.48292181069959,38.05555555555556],[41.60529791385262,38.12017659712842]]],[[[41.19338189454343,38.106446063151445],[41.19279835390947,38.102222222222224],[41.163786008230446,38.07888888888889],[41.19338189454343,38.106446063151445]]],[[[43.19465020576131,37.75222222222222],[43.11728395061728,37.705555555555556],[43.05281207133058,37.69518518518518],[43.19465020576131,37.75222222222222]]],[[[42.5701224666226,41.5087077338536],[42.576571935466,41.5655024120674],[42.60576870738837,41.58583329963706],[42.5701224666226,41.5087077338536]]],[[[42.60576870738837,41.58583329963706],[42.720781893004116,41.49333333333333],[42.73045267489712,41.47],[42.60576870738837,41.58583329963706]]],[[[42.73045267489712,41.47],[42.76913580246914,41.47],[42.846502057613165,41.43888888888889],[42.73045267489712,41.47]]],[[[42.846502057613165,41.43888888888889],[42.952880658436214,41.35333333333333],[43.010905349794236,41.275555555555556],[42.846502057613165,41.43888888888889]]],[[[42.85617283950617,37.71333333333333],[42.836831275720165,37.69777777777777],[42.85617283950617,37.74444444444444],[42.85617283950617,37.71333333333333]]],[[[42.80781893004115,37.62777777777778],[42.78847736625514,37.61222222222222],[42.6917695473251,37.62777777777778],[42.80781893004115,37.62777777777778]]],[[[42.54670781893004,40.980000000000004],[42.73045267489712,41.14333333333333],[42.60473251028806,41.01111111111111],[42.54670781893004,40.980000000000004]]],[[[42.54670781893004,40.980000000000004],[42.566049382716045,40.964444444444446],[42.55637860082304,40.94111111111111],[42.54670781893004,40.980000000000004]]],[[[42.56798353909464,37.784888888888894],[42.614403292181066,37.705555555555556],[42.58539094650206,37.72888888888889],[42.56798353909464,37.784888888888894]]],[[[42.58539094650206,41.291111111111114],[42.53703703703704,41.39222222222222],[42.57875539524678,41.343114455170316],[42.58539094650206,41.291111111111114]]],[[[42.52736625514403,37.854305555555555],[42.56024691358026,37.79811111111109],[42.52736625514403,37.837777777777774],[42.52736625514403,37.854305555555555]]],[[[42.54670781893004,40.35777777777778],[42.53703703703703,40.349999999999994],[42.54670781893004,40.36814814814815],[42.54670781893004,40.35777777777778]]],[[[42.52736625514403,40.49777777777778],[42.52736625514403,40.57555555555555],[42.54670781893004,40.48222222222222],[42.52736625514403,40.49777777777778]]],[[[42.49351851851851,38.02055555555555],[42.53703703703704,37.98555555555556],[42.49835390946502,38.00111111111111],[42.49351851851851,38.02055555555555]]],[[[42.52253086419753,40.58722222222222],[42.52736625514403,40.62222222222222],[42.52736625514403,40.59111111111111],[42.52253086419753,40.58722222222222]]],[[[42.4441975308642,40.272222222222226],[42.50802469135802,40.29555555555556],[42.459670781893,40.272222222222226],[42.4441975308642,40.272222222222226]]],[[[42.504305159860714,37.89371794871795],[42.48868312757202,37.9],[42.48868312757202,37.92041666666666],[42.504305159860714,37.89371794871795]]],[[[42.47901234567901,40.910000000000004],[42.44925609370053,40.90521367521368],[42.49006466784245,40.918888888888894],[42.47901234567901,40.910000000000004]]],[[[42.40774048744774,41.462251302155806],[42.38641407918035,41.46708215663539],[42.3999697258394,41.4666785827495],[42.40774048744774,41.462251302155806]]],[[[42.32427983539094,37.93888888888889],[42.285596707818925,37.93888888888889],[42.335332157554376,37.94777777777778],[42.32427983539094,37.93888888888889]]],[[[42.16954732510288,40.39666666666667],[42.30493827160494,40.412222222222226],[42.33072702331962,40.39148148148148],[42.16954732510288,40.39666666666667]]],[[[42.28106649894774,40.36947950791693],[42.3123398186385,40.368027539035],[42.24691358024691,40.36555555555555],[42.28106649894774,40.36947950791693]]],[[[42.280761316872415,40.66111111111111],[42.21682670324646,40.64901234567902],[42.24691358024691,40.66111111111111],[42.280761316872415,40.66111111111111]]],[[[42.27109839316143,41.49320344679294],[42.27631744252957,41.49301845402231],[42.280482994903565,41.49107764835578],[42.27109839316143,41.49320344679294]]],[[[42.12622147422296,40.96413453649811],[42.11731104731249,40.9659329355718],[42.111522633744855,40.98777777777778],[42.12622147422296,40.96413453649811]]],[[[42.11635802469135,40.455000000000005],[42.1050754458162,40.458888888888886],[42.111522633744855,40.458888888888886],[42.11635802469135,40.455000000000005]]],[[[41.866529492455406,38.06333333333333],[41.91810699588477,38.07888888888889],[41.89876543209876,38.06333333333333],[41.866529492455406,38.06333333333333]]],[[[41.91810699588477,38.07888888888889],[42.03415637860082,38.06333333333333],[41.93744855967078,38.06333333333333],[41.91810699588477,38.07888888888889]]],[[[42.01481481481481,40.49],[41.88425925925926,40.47833333333333],[41.89876543209876,40.49],[42.01481481481481,40.49]]],[[[41.82139917695473,40.39666666666667],[41.91810699588477,40.412222222222226],[41.89876543209876,40.39666666666667],[41.82139917695473,40.39666666666667]]],[[[41.7851303939513,41.461465533827],[41.8221113164571,41.4322076363945],[41.76329022124988,41.46524026877033],[41.7851303939513,41.461465533827]]],[[[41.705349794238685,40.67666666666667],[41.68476038762778,40.68770609318996],[41.79238683127572,40.66888888888889],[41.705349794238685,40.67666666666667]]],[[[41.76337448559671,40.66111111111111],[41.782716049382714,40.64555555555555],[41.72469135802468,40.66111111111111],[41.76337448559671,40.66111111111111]]],[[[41.715020576131685,40.17111111111111],[41.7537037037037,40.22711111111111],[41.7537037037037,40.217777777777776],[41.715020576131685,40.17111111111111]]],[[[41.64732510288066,40.69222222222222],[41.686008230452686,40.67148148148148],[41.60864197530864,40.69222222222222],[41.64732510288066,40.69222222222222]]],[[[41.64732510288066,40.11666666666667],[41.61040029928918,40.11666666666667],[41.6707581513137,40.148076923076914],[41.64732510288066,40.11666666666667]]],[[[41.5119341563786,38.047777777777775],[41.57464931303737,38.07888888888889],[41.6175739231103,38.0814543556769],[41.5119341563786,38.047777777777775]]],[[[41.550617283950615,41.345555555555556],[41.60864197530864,41.33],[41.56995884773662,41.33],[41.550617283950615,41.345555555555556]]],[[[41.48738524849636,40.34820512820514],[41.502263374485594,40.42],[41.54094650205761,40.46666666666667],[41.48738524849636,40.34820512820514]]],[[[41.48204264870931,38.02090909090909],[41.4987004548408,38.02157894736842],[41.49259259259259,38.016666666666666],[41.48204264870931,38.02090909090909]]],[[[41.47463256907701,40.32],[41.444238683127566,40.25277777777777],[41.444238683127566,40.29555555555556],[41.47463256907701,40.32]]],[[[41.386213991769544,40.15555555555556],[41.43779149519891,40.238518518518546],[41.386213991769544,40.12444444444444],[41.386213991769544,40.15555555555556]]],[[[41.42176256913019,38.49533852896413],[41.402829481076175,38.488918651210675],[41.43223306088411,38.498888888888885],[41.42176256913019,38.49533852896413]]],[[[41.30884773662551,40.66888888888889],[41.32956883443272,40.68333042896744],[41.31082630689361,40.656197629525714],[41.30884773662551,40.66888888888889]]],[[[41.30884773662551,40.656672832294824],[41.310073701831634,40.65510811360194],[41.30884773662551,40.653333333333336],[41.30884773662551,40.656672832294824]]],[[[41.30304526748971,38.038444444444444],[41.221810699588474,38.047777777777775],[41.197664007753325,38.06719788312605],[41.2007354711286,38.06875930683766],[41.30304526748971,38.038444444444444]]],[[[41.1531660478466,40.811007405737],[41.19602195339805,40.79821075244148],[41.2674753525306,40.7676060377711],[41.1531660478466,40.811007405737]]],[[[41.24115226337448,40.80111111111111],[41.20246913580247,40.80111111111111],[41.187962962962956,40.81277777777778],[41.24115226337448,40.80111111111111]]],[[[41.19279835390947,38.07111111111111],[41.20684919709683,38.08241157648308],[41.20197660973752,38.07046678920404],[41.19279835390947,38.07111111111111]]],[[[41.19279835390947,38.07111111111111],[41.20058957649686,38.06880253608689],[41.19756662757477,38.067276201652625],[41.19279835390947,38.07111111111111]]],[[[40.894246620594885,41.18051012747419],[40.8023874534698,41.1610024946942],[40.8778023584107,41.1823609708642],[40.894246620594885,41.18051012747419]]],[[[40.68024691358025,40.73888888888889],[40.72860082304526,40.79333333333334],[40.863991769547326,40.88666666666667],[40.68024691358025,40.73888888888889]]],[[[40.68024691358025,40.73888888888889],[40.52551440329218,40.614444444444445],[40.535185185185185,40.63777777777778],[40.68024691358025,40.73888888888889]]],[[[40.863991769547326,40.88666666666667],[40.863991769547326,40.93333333333334],[40.88720164609053,40.952000000000005],[40.863991769547326,40.88666666666667]]],[[[40.86076817558299,40.635185185185186],[40.85432098765432,40.63],[40.8487948265726,40.63444444444445],[40.86076817558299,40.635185185185186]]],[[[40.77695473251028,40.63],[40.81886145404664,40.632592592592594],[40.815637860082305,40.63],[40.77695473251028,40.63]]],[[[40.5738683127572,40.87111111111111],[40.49650205761317,40.77777777777778],[40.58480050098407,40.91507246376811],[40.5738683127572,40.87111111111111]]],[[[40.4993992558689,41.0408905014883],[40.5460843868496,41.028526733751],[40.41861846442385,41.025172184813684],[40.4993992558689,41.0408905014883]]],[[[40.509396433470506,40.08814814814815],[40.50617283950617,40.10111111111111],[40.51584362139917,40.093333333333334],[40.509396433470506,40.08814814814815]]],[[[40.47716049382716,40.01728395061728],[40.47716049382716,40.0],[40.428806584362135,39.96111111111111],[40.47716049382716,40.01728395061728]]],[[[40.316901822457375,40.43925925925926],[40.43847736625514,40.513333333333335],[40.33209876543209,40.443333333333335],[40.316901822457375,40.43925925925926]]],[[[40.39012345679012,40.55222222222222],[40.428806584362135,40.56777777777778],[40.39012345679012,40.53666666666667],[40.39012345679012,40.55222222222222]]],[[[40.38818930041152,39.95955555555555],[40.370781893004114,39.94555555555556],[40.22572016460905,39.95333333333333],[40.38818930041152,39.95955555555555]]],[[[40.27407407407407,40.50555555555555],[40.35418322795381,40.52111111111111],[40.37868856217225,40.51050477664456],[40.27407407407407,40.50555555555555]]],[[[40.2676319221128,39.97601855568822],[40.29341563786008,40.007777777777775],[40.34407517925857,40.017394350671964],[40.2676319221128,39.97601855568822]]],[[[40.333057937315985,40.032217786979714],[40.3390465808656,40.0185571891127],[40.323561478648166,40.016467175026264],[40.333057937315985,40.032217786979714]]],[[[40.11252967253686,40.05139179385756],[40.138683127572016,40.08555555555556],[40.312757201646086,40.17888888888889],[40.11252967253686,40.05139179385756]]],[[[40.11252967253686,40.05139179385756],[39.906901368372,40.01574677101683],[39.94526748971193,40.03888888888889],[40.11252967253686,40.05139179385756]]],[[[40.28374485596707,39.33111111111111],[40.16044238683128,39.32527777777778],[40.17736625514403,39.33888888888889],[40.28374485596707,39.33111111111111]]],[[[40.24506172839506,39.19111111111111],[40.21604938271605,39.18333333333333],[40.17736625514403,39.19888888888889],[40.24506172839506,39.19111111111111]]],[[[40.20450403454708,39.177063185454095],[40.138683127572016,39.16777777777778],[40.138683127572016,39.169886621065736],[40.20450403454708,39.177063185454095]]],[[[40.109670781893,39.175555555555555],[40.099999999999994,39.23],[40.11934156378601,39.16777777777778],[40.109670781893,39.175555555555555]]],[[[39.75185185185185,40.35],[39.77119341563786,40.36555555555555],[39.82921810699588,40.35],[39.75185185185185,40.35]]],[[[39.82921810699588,40.35],[39.88724279835391,40.38111111111111],[40.04197530864197,40.39666666666667],[39.82921810699588,40.35]]],[[[40.04197530864197,40.39666666666667],[40.08065843621399,40.42777777777778],[40.10828924162257,40.42777777777778],[40.04197530864197,40.39666666666667]]],[[[40.03810699588477,39.21133333333333],[40.022633744855966,39.19888888888889],[39.996844993141295,39.19888888888889],[40.03810699588477,39.21133333333333]]],[[[40.022633744855966,40.59888888888889],[40.01296296296296,40.57555555555555],[39.96460905349794,40.55222222222222],[40.022633744855966,40.59888888888889]]],[[[39.97986178348348,40.539955132999815],[39.98195137874997,40.5407425167129],[40.022633744855966,40.52111111111111],[39.97986178348348,40.539955132999815]]],[[[39.925925925925924,39.074444444444445],[39.92376414250834,39.07618307025689],[39.98395061728395,39.074444444444445],[39.925925925925924,39.074444444444445]]],[[[39.73251028806584,39.12111111111111],[39.90658436213992,39.12111111111111],[39.9529734277122,39.0990740214439],[39.73251028806584,39.12111111111111]]],[[[39.9529734277122,39.0990740214439],[39.94075843348987,39.105555555555554],[39.96460905349794,39.13666666666666],[39.9529734277122,39.0990740214439]]],[[[39.90658436213992,39.82111111111111],[39.893689986282574,39.82111111111111],[39.925925925925924,39.836666666666666],[39.90658436213992,39.82111111111111]]],[[[39.47139917695473,39.09777777777778],[39.587448559670776,39.09125514403292],[39.61646090534979,39.05888888888889],[39.66277715842933,39.08372228415706],[39.89059592104526,39.077141211204726],[39.42304526748971,38.934444444444445],[39.3940329218107,38.95777777777778],[39.3940329218107,39.019999999999996],[39.47139917695473,39.06666666666666],[39.47139917695473,39.09777777777778]]],[[[39.84705258697646,40.96520662933531],[39.750282326067335,41.001742957283184],[39.7888534076003,40.9988305020833],[39.84705258697646,40.96520662933531]]],[[[39.77119341563786,39.992222222222225],[39.809876543209874,40.007777777777775],[39.82992483368838,40.00240312969205],[39.77119341563786,39.992222222222225]]],[[[39.77119341563786,39.992222222222225],[39.79053497942387,39.94555555555556],[39.76152263374485,39.98444444444444],[39.77119341563786,39.992222222222225]]],[[[39.82921810699588,39.19888888888889],[39.77119341563786,39.19888888888889],[39.75185185185185,39.214444444444446],[39.82921810699588,39.19888888888889]]],[[[39.811455446376094,39.266825396825396],[39.577777777777776,39.29222222222222],[39.73251028806584,39.29222222222222],[39.811455446376094,39.266825396825396]]],[[[39.6985613567595,39.8912143312005],[39.70438366483307,39.895598186782735],[39.70482590541816,39.895773769220966],[39.6985613567595,39.8912143312005]]],[[[39.53909465020576,40.56777777777778],[39.69382716049383,40.50555555555555],[39.65514403292181,40.50555555555555],[39.53909465020576,40.56777777777778]]],[[[39.61646090534979,40.614444444444445],[39.601954732510286,40.626111111111115],[39.63303938859494,40.62777777777778],[39.61646090534979,40.614444444444445]]],[[[39.45528120713305,41.034444444444446],[39.50041152263374,41.034444444444446],[39.55843621399177,41.00333333333334],[39.45528120713305,41.034444444444446]]],[[[39.55843621399177,41.00333333333334],[39.6100701953221,41.01374912635598],[39.62783580972399,41.007463254850066],[39.55843621399177,41.00333333333334]]],[[[39.6261316872428,39.86],[39.55843621399177,39.867777777777775],[39.47139917695473,39.906666666666666],[39.6261316872428,39.86]]],[[[39.53754024942796,39.867605376572406],[39.53714676903652,39.867777777777775],[39.53909465020576,39.867777777777775],[39.53754024942796,39.867605376572406]]],[[[39.519753086419755,40.35],[39.34567901234568,40.39666666666667],[39.461728395061726,40.38111111111111],[39.519753086419755,40.35]]],[[[39.519753086419755,39.79],[39.3843621399177,39.74333333333333],[39.34567901234568,39.74333333333333],[39.519753086419755,39.79]]],[[[39.46130326442468,39.865911541124326],[39.50041152263374,39.88333333333333],[39.51018084009495,39.87547630780071],[39.46130326442468,39.865911541124326]]],[[[39.25864197530864,37.635555555555555],[39.30699588477366,37.65888888888889],[39.21995884773662,37.58888888888889],[39.25864197530864,37.635555555555555]]],[[[39.30699588477366,37.65888888888889],[39.34567901234568,37.65888888888889],[39.45205761316872,37.60444444444444],[39.30699588477366,37.65888888888889]]],[[[39.35534979423868,40.52577777777776],[39.35534979423868,40.513333333333335],[39.33600823045268,40.49777777777778],[39.35534979423868,40.52577777777776]]],[[[39.32633744855967,40.272222222222226],[39.30699588477366,40.28777777777778],[39.34352994970278,40.272222222222226],[39.32633744855967,40.272222222222226]]],[[[39.20061728395061,37.44888888888889],[39.20061728395061,37.511111111111106],[39.21028806584361,37.51888888888888],[39.20061728395061,37.44888888888889]]],[[[39.20061728395061,37.44888888888889],[39.30699588477366,37.394444444444446],[39.26831275720164,37.394444444444446],[39.20061728395061,37.44888888888889]]],[[[39.19578189300411,39.86972222222222],[39.22962962962963,39.88333333333333],[39.28378600823044,39.88333333333333],[39.19578189300411,39.86972222222222]]],[[[39.25864197530864,39.72],[39.25864197530864,39.75111111111111],[39.27798353909465,39.766666666666666],[39.25864197530864,39.72]]],[[[39.248971193415635,41.034444444444446],[39.18723888368289,41.05],[39.22962962962963,41.05],[39.248971193415635,41.034444444444446]]],[[[39.016872427983536,40.05444444444444],[39.24712913972172,40.084074074074074],[39.22962962962963,40.07],[39.016872427983536,40.05444444444444]]],[[[39.016872427983536,40.05444444444444],[38.968518518518515,40.077777777777776],[38.968518518518515,40.10305555555556],[39.016872427983536,40.05444444444444]]],[[[39.207064471879285,39.44518518518518],[39.21995884773662,39.51777777777778],[39.21995884773662,39.455555555555556],[39.207064471879285,39.44518518518518]]],[[[39.20683421516755,40.285],[39.132921810699585,40.272222222222226],[39.12002743484225,40.28259259259259],[39.20683421516755,40.285]]],[[[37.93779917286985,39.06616600511371],[37.93374485596708,39.089999999999996],[37.89506172839506,39.074444444444445],[37.80802469135802,39.11333333333333],[37.91440329218106,39.16777777777778],[38.165843621399176,39.16777777777778],[38.26255144032922,39.214444444444446],[38.34214153639267,39.21578584636073],[38.74609053497942,39.16777777777778],[38.61069958847737,39.12111111111111],[38.37860082304527,39.13666666666666],[38.243209876543204,39.105555555555554],[38.20452674897119,39.074444444444445],[38.08847736625514,39.05888888888889],[38.05946502057613,39.004444444444445],[38.26255144032922,38.98111111111111],[38.30123456790123,39.01222222222222],[38.572016460905346,38.99666666666667],[38.59135802469136,39.01222222222222],[38.688065843621395,39.02777777777778],[38.76543209876543,38.99666666666667],[38.76543209876543,38.965555555555554],[38.794444444444444,39.004444444444445],[38.75576131687242,39.035555555555554],[38.83312757201646,39.11333333333333],[38.77510288065844,39.172489711934155],[39.0886874790198,39.14113125209802],[39.18127572016461,39.08222222222222],[39.18127572016461,38.95777777777778],[39.132921810699585,38.91888888888889],[38.772323460816764,38.95],[38.78254846754004,38.96866124625777],[38.572016460905346,38.903333333333336],[38.54300411522634,38.92666666666666],[38.62037037037037,38.97333333333333],[38.59135802469136,38.98111111111111],[38.523662551440324,38.92666666666666],[38.54300411522634,38.89555555555555],[38.513991769547324,38.87222222222222],[38.30123456790123,38.84111111111111],[37.759670781893,38.88777777777778],[37.63395061728395,38.97333333333333],[37.662962962962965,38.99666666666667],[37.70202542537983,38.97380764493209],[37.73065843621399,39.019999999999996],[37.70164609053498,38.99666666666667],[37.672633744855965,39.019999999999996],[37.720987654320986,39.05888888888889],[37.74032921810699,39.04333333333334],[37.79835390946502,39.105555555555554],[37.85637860082304,39.05888888888889],[37.93779917286985,39.06616600511371]],[[38.64621773586293,39.01829609726016],[38.6239061707192,39.0084292301531],[38.6455116757967,39.0167097545123],[38.64621773586293,39.01829609726016]],[[38.606478895494455,38.959028757838894],[38.6104860100257,38.9624580439719],[38.6115546482635,38.96611869815572],[38.606478895494455,38.959028757838894]],[[38.4753086419753,39.16777777777778],[38.51886570170605,39.1490536490322],[38.523662551440324,39.16],[38.4753086419753,39.16777777777778]],[[38.30123456790123,39.15222222222222],[38.33024691358025,39.175555555555555],[38.291563786008226,39.175555555555555],[38.30123456790123,39.15222222222222]],[[38.3143381698196,39.1475104497802],[38.31252243977341,39.153962219527315],[38.30338072332559,39.1457006005832],[38.3143381698196,39.1475104497802]],[[38.220445929171824,39.12401498327194],[38.2189228496113,39.1236167315994],[38.218749688832986,39.12345276423515],[38.220445929171824,39.12401498327194]],[[37.9820987654321,39.08222222222222],[38.14339071388389,39.08333520042849],[38.12430662954519,39.089999999999996],[38.2141975308642,39.12888888888889],[38.14650205761316,39.105555555555554],[38.069135802469134,39.12111111111111],[37.9820987654321,39.08222222222222]],[[38.21220155036627,39.11725227809956],[38.193626517305646,39.09966342661975],[38.1952886366011,39.0997708640151],[38.21220155036627,39.11725227809956]],[[38.1702567078679,39.0981528302007],[38.14842795524241,39.08330574295197],[38.14855602292,39.0833049940201],[38.1702567078679,39.0981528302007]],[[37.75075025892227,39.05407994615196],[37.7506149718509,39.0449480830548],[37.752274992508426,39.04222090632398],[37.75075025892227,39.05407994615196]],[[37.7437621248806,38.9576694546552],[37.74784264704498,38.96868585401791],[37.74256574739746,38.95813205394305],[37.7437621248806,38.9576694546552]],[[37.73784192076166,39.0075148387992],[37.7358623145941,39.0080188489408],[37.73566219451486,39.00678106954729],[37.73784192076166,39.0075148387992]],[[37.734786525139135,39.001364893854586],[37.7332924960531,38.9921240499422],[37.73472243272592,38.98995637521824],[37.734786525139135,39.001364893854586]]],[[[39.0886874790198,39.14113125209802],[38.9395061728395,39.23],[39.03621399176954,39.18333333333333],[39.0886874790198,39.14113125209802]]],[[[38.34214153639267,39.21578584636073],[38.4753086419753,39.276666666666664],[38.58685610898254,39.276666666666664],[38.34214153639267,39.21578584636073]]],[[[39.14942377946879,41.0166051294924],[39.14259259259259,40.99450496324269],[39.14259259259259,41.01111111111111],[39.14942377946879,41.0166051294924]]],[[[39.142702345290004,40.97437876251566],[39.14259259259259,40.98815342564315],[39.14626008605797,40.996729716684094],[39.142702345290004,40.97437876251566]]],[[[39.12325102880658,40.87111111111111],[39.10390946502058,40.84],[39.12325102880658,41.02666666666667],[39.12325102880658,40.87111111111111]]],[[[39.0426611796982,40.163333333333334],[39.09423868312757,40.163333333333334],[39.11358024691358,40.147777777777776],[39.0426611796982,40.163333333333334]]],[[[39.08263374485598,39.852222222222224],[39.073055065647644,39.85074074074074],[39.07489711934156,39.852222222222224],[39.08263374485598,39.852222222222224]]],[[[39.016872427983536,39.60333333333333],[39.03621399176954,39.587777777777774],[38.97818930041152,39.60333333333333],[39.016872427983536,39.60333333333333]]],[[[39.016872427983536,39.37],[39.00986911551279,39.37422433847969],[39.02600028405905,39.37367056340058],[39.016872427983536,39.37]]],[[[39.00975807014545,39.374291320100205],[38.78203492751378,39.51440528444356],[39.009758694187695,39.374292278089385],[39.00975807014545,39.374291320100205]]],[[[38.88148148148148,39.82111111111111],[38.90082304526749,39.836666666666666],[38.982057613168735,39.836666666666666],[38.88148148148148,39.82111111111111]]],[[[38.968518518518515,40.77777777777778],[38.93397581477745,40.76110908584486],[38.92775228925575,40.76054687660711],[38.968518518518515,40.77777777777778]]],[[[38.958847736625515,40.03888888888889],[38.95497942386831,40.05755555555555],[38.968518518518515,40.04666666666667],[38.958847736625515,40.03888888888889]]],[[[38.958847736625515,40.03888888888889],[38.61069958847737,40.03888888888889],[38.59438014403292,40.052013888888894],[38.958847736625515,40.03888888888889]]],[[[38.943374485596706,40.11355555555556],[38.94917695473251,40.10888888888889],[38.94917695473251,40.08555555555556],[38.943374485596706,40.11355555555556]]],[[[38.89115226337449,40.76222222222222],[38.9395061728395,40.785555555555554],[38.920164609053494,40.77],[38.89115226337449,40.76222222222222]]],[[[38.90082304526749,40.50555555555555],[38.892533803644916,40.51222222222222],[38.9395061728395,40.50555555555555],[38.90082304526749,40.50555555555555]]],[[[38.78477366255144,39.214444444444446],[38.74609053497942,39.214444444444446],[38.910493827160494,39.22222222222222],[38.78477366255144,39.214444444444446]]],[[[38.873405804116736,40.6857273157459],[38.87651267273377,40.694210553174],[38.8982577569309,40.6954929882184],[38.873405804116736,40.6857273157459]]],[[[38.7074074074074,39.75888888888889],[38.89115226337449,39.73555555555556],[38.726748971193416,39.74333333333333],[38.7074074074074,39.75888888888889]]],[[[38.89115226337449,39.73555555555556],[38.88148148148148,39.71222222222222],[38.87181069958847,39.72],[38.89115226337449,39.73555555555556]]],[[[38.76543209876543,40.10111111111111],[38.87354917034562,40.06064157704522],[38.794444444444444,40.077777777777776],[38.76543209876543,40.10111111111111]]],[[[38.7566404788627,39.674040404040404],[38.76543209876543,39.68111111111111],[38.86213991769547,39.66555555555556],[38.7566404788627,39.674040404040404]]],[[[38.8157107890926,41.0100364271553],[38.84708367184001,41.00665086003085],[38.7110758731179,40.9497597852219],[38.8157107890926,41.0100364271553]]],[[[38.74609053497942,40.272222222222226],[38.82621987066432,40.27444444444445],[38.82345679012346,40.272222222222226],[38.74609053497942,40.272222222222226]]],[[[38.76543209876543,40.05444444444444],[38.78477366255144,40.07],[38.80154171854034,40.05651420177914],[38.76543209876543,40.05444444444444]]],[[[38.688065843621395,39.57222222222222],[38.7386303100616,39.541111111111114],[38.726748971193416,39.541111111111114],[38.688065843621395,39.57222222222222]]],[[[38.61843621399177,40.169555555555554],[38.630041152263374,40.17888888888889],[38.717078189300445,40.17888888888889],[38.61843621399177,40.169555555555554]]],[[[38.64938271604938,39.29222222222222],[38.59337432670767,39.27828828828829],[38.61069958847737,39.29222222222222],[38.64938271604938,39.29222222222222]]],[[[38.4062845828285,40.9145506509747],[38.5327778765169,40.918166472691],[38.3609508932639,40.9089742600739],[38.4062845828285,40.9145506509747]]],[[[38.526886145404795,40.05444444444444],[38.397942386831275,40.05444444444444],[38.391898148148144,40.05930555555556],[38.526886145404795,40.05444444444444]]],[[[38.1237967436035,39.73048309178744],[38.49465020576132,39.71222222222222],[38.12716049382716,39.727777777777774],[38.1237967436035,39.73048309178744]]],[[[38.13199588477366,37.736666666666665],[38.26255144032922,37.78333333333333],[38.14650205761316,37.736666666666665],[38.13199588477366,37.736666666666665]]],[[[38.26255144032922,37.78333333333333],[38.36893004115226,37.9],[38.33024691358025,37.837777777777774],[38.26255144032922,37.78333333333333]]],[[[38.34673918506044,39.588680880077284],[38.34502940921147,39.59188890074171],[38.349588477366254,39.595555555555556],[38.34673918506044,39.588680880077284]]],[[[38.33024691358025,39.58],[38.344519778646415,39.59147902764896],[38.345604083856834,39.585942146534954],[38.33024691358025,39.58]]],[[[38.32526045395559,39.5684548311213],[38.33024691358025,39.56444444444445],[38.32057613168724,39.556666666666665],[38.32526045395559,39.5684548311213]]],[[[38.05624142661179,40.132222222222225],[38.069135802469134,40.132222222222225],[38.08847736625514,40.11666666666667],[38.05624142661179,40.132222222222225]]],[[[38.08847736625514,40.11666666666667],[38.26255144032922,40.11666666666667],[38.27705761316872,40.105],[38.08847736625514,40.11666666666667]]],[[[38.20452674897119,39.65],[38.13771043771044,39.68111111111111],[38.165843621399176,39.68111111111111],[38.20452674897119,39.65]]],[[[38.152949245541826,39.836666666666666],[38.18518518518518,39.836666666666666],[38.20452674897119,39.82111111111111],[38.152949245541826,39.836666666666666]]],[[[38.164288126660765,37.987834104759926],[38.10781893004115,37.95444444444444],[38.16123172525767,37.99740196910794],[38.164288126660765,37.987834104759926]]],[[[38.15133744855967,38.06333333333333],[38.109577254021694,38.04919191919192],[38.12716049382716,38.06333333333333],[38.15133744855967,38.06333333333333]]],[[[38.11340304626211,40.93004661072901],[38.11438381919595,40.92946191922182],[38.111154728454316,40.928238389172954],[38.11340304626211,40.93004661072901]]],[[[38.08817515432098,40.07024305555556],[38.09492455418388,40.07],[38.08847736625514,40.07],[38.08817515432098,40.07024305555556]]],[[[38.08847736625514,37.72111111111111],[38.069135802469134,37.705555555555556],[38.04495884773663,37.705555555555556],[38.08847736625514,37.72111111111111]]],[[[38.0660441543075,40.497313397477],[38.0449392025551,40.50946024418619],[38.04758960536962,40.54998133677605],[38.0660441543075,40.497313397477]]],[[[38.059465020576134,38.032222222222224],[37.957384545038856,37.99765432098765],[38.011111111111106,38.032222222222224],[38.059465020576134,38.032222222222224]]],[[[38.00724279835391,40.28777777777778],[38.04979423868313,40.303333333333335],[38.03045267489712,40.28777777777778],[38.00724279835391,40.28777777777778]]],[[[38.04012345679012,40.54069488253],[38.03045267489712,40.59888888888889],[38.04515434501327,40.556931392562156],[38.04012345679012,40.54069488253]]],[[[38.02806486142392,37.90814384642438],[38.0026279568651,37.90095515585226],[38.00853875480372,37.90570894653481],[38.02806486142392,37.90814384642438]]],[[[37.79937188650633,40.080643274853806],[38.01470311581423,40.07288888888889],[38.011111111111106,40.07],[37.79937188650633,40.080643274853806]]],[[[38.00388806316942,40.95666666666667],[37.85637860082304,40.910000000000004],[37.953086419753085,40.95666666666667],[38.00388806316942,40.95666666666667]]],[[[37.56625514403292,37.534444444444446],[37.95536189784554,37.6735294117647],[37.87572016460905,37.62777777777778],[37.56625514403292,37.534444444444446]]],[[[37.56625514403292,37.534444444444446],[37.556584362139915,37.511111111111106],[37.46954732510288,37.45666666666666],[37.56625514403292,37.534444444444446]]],[[[37.92407407407407,40.388888888888886],[37.9176268861454,40.425185185185185],[37.92407407407407,40.42],[37.92407407407407,40.388888888888886]]],[[[37.92291417789491,40.36555555555555],[37.920075287220975,40.36409994600537],[37.91440329218106,40.36555555555555],[37.92291417789491,40.36555555555555]]],[[[37.76934156378601,39.766666666666666],[37.76934156378601,39.779111111111106],[37.788683127572014,39.75111111111111],[37.76934156378601,39.766666666666666]]],[[[37.77901234567901,40.38111111111111],[37.786611079354365,40.380988734244],[37.75435310345866,40.37683433994477],[37.77901234567901,40.38111111111111]]],[[[37.662962962962965,37.79888888888889],[37.672633744855965,37.82222222222222],[37.77901234567901,37.89222222222222],[37.662962962962965,37.79888888888889]]],[[[37.662962962962965,37.79888888888889],[37.624279835390944,37.76777777777777],[37.64362139917695,37.79888888888889],[37.662962962962965,37.79888888888889]]],[[[37.759670781893,39.074444444444445],[37.76399112151046,39.074444444444445],[37.75720448216871,39.072460909772566],[37.759670781893,39.074444444444445]]],[[[37.37283950617284,41.065555555555555],[37.45020576131687,41.034444444444446],[37.56625514403292,40.94111111111111],[37.37283950617284,41.065555555555555]]],[[[37.56625514403292,40.94111111111111],[37.64362139917695,40.94111111111111],[37.662962962962965,40.925555555555555],[37.56625514403292,40.94111111111111]]],[[[37.662962962962965,40.925555555555555],[37.74032921810699,40.925555555555555],[37.759670781893,40.910000000000004],[37.662962962962965,40.925555555555555]]],[[[37.624279835390944,39.836666666666666],[37.74032921810699,39.82111111111111],[37.64362139917695,39.82111111111111],[37.624279835390944,39.836666666666666]]],[[[37.662962962962965,40.08555555555556],[37.64362139917695,40.07],[37.5420781893004,40.07],[37.662962962962965,40.08555555555556]]],[[[37.662962962962965,40.08555555555556],[37.699988242210466,40.08422222222222],[37.68230452674897,40.07],[37.662962962962965,40.08555555555556]]],[[[37.392181069958845,39.72],[37.662962962962965,39.68111111111111],[37.46954732510288,39.696666666666665],[37.392181069958845,39.72]]],[[[37.64362139917695,40.39666666666667],[37.58566038526929,40.39666666666667],[37.585332886337866,40.41229294883204],[37.64362139917695,40.39666666666667]]],[[[37.48888888888889,39.91444444444444],[37.58559670781893,39.89888888888889],[37.60493827160494,39.88333333333333],[37.48888888888889,39.91444444444444]]],[[[37.585255382474195,40.41231372646358],[37.585228222751944,40.396963022741815],[37.57390265401881,40.415357223879276],[37.585255382474195,40.41231372646358]]],[[[37.49826694212711,37.573097904755656],[37.515988651209796,37.59042709422796],[37.54729998890136,37.591285434228496],[37.49826694212711,37.573097904755656]]],[[[37.499924714230566,37.589986732343355],[37.48888888888889,37.58111111111111],[37.45987654320987,37.58888888888889],[37.499924714230566,37.589986732343355]]],[[[37.46502333592706,37.667668452788526],[37.47921810699588,37.71333333333333],[37.46761316872428,37.638666666666666],[37.46502333592706,37.667668452788526]]],[[[37.440534979423866,40.24888888888889],[37.44886223020256,40.25558612462154],[37.44692419779602,40.23634671667796],[37.440534979423866,40.24888888888889]]],[[[37.4473843044838,40.237285903479],[37.4688946311539,40.193218286458],[37.446966867866834,40.23626295441703],[37.4473843044838,40.237285903479]]],[[[37.44334048377996,40.164166554727025],[37.45987654320987,40.1991150550556],[37.46785760574306,40.192015336968375],[37.44334048377996,40.164166554727025]]],[[[37.4427205605026,40.1628563641732],[37.41236934026643,40.1689685302506],[37.41792359869325,40.17374087878145],[37.4427205605026,40.1628563641732]]],[[[37.42602880658436,40.21388888888889],[37.440534979423866,40.202222222222225],[37.43086419753086,40.17888888888889],[37.42602880658436,40.21388888888889]]],[[[37.41152263374485,40.55222222222222],[37.43086419753086,40.56777777777778],[37.424138423069685,40.55680548265772],[37.41152263374485,40.55222222222222]]],[[[37.395367365781155,40.17239240879285],[37.41152263374485,40.17888888888889],[37.40828373957665,40.16979129354471],[37.395367365781155,40.17239240879285]]],[[[37.39540466392318,40.181481481481484],[37.392181069958845,40.17888888888889],[37.38358481938729,40.18234567901235],[37.39540466392318,40.181481481481484]]],[[[37.30030864197532,40.03888888888889],[37.378528201404016,40.048954248366016],[37.35349794238683,40.03888888888889],[37.30030864197532,40.03888888888889]]],[[[37.3599451303155,37.62777777777778],[37.25679012345679,37.565555555555555],[37.334156378600824,37.62777777777778],[37.3599451303155,37.62777777777778]]],[[[37.25679012345679,37.34777777777778],[37.218106995884774,37.34777777777778],[37.30192043895748,37.38407407407407],[37.25679012345679,37.34777777777778]]],[[[36.86028806584362,39.08222222222222],[36.97633744855967,39.23777777777778],[37.0440329218107,39.276666666666664],[37.17942386831275,39.276666666666664],[37.24711934156379,39.22222222222222],[37.227777777777774,39.09777777777778],[37.09238683127572,38.97333333333333],[37.07304526748971,38.91111111111111],[36.773251028806584,38.73222222222222],[36.715226337448556,38.73222222222222],[36.69588477366255,38.763333333333335],[36.705555555555556,38.724444444444444],[36.52181069958848,38.623333333333335],[36.46378600823045,38.56111111111111],[36.28971193415638,38.59222222222222],[36.20267489711934,38.66222222222222],[36.20267489711934,38.708888888888886],[36.40576131687243,38.778888888888886],[36.48312757201646,38.778888888888886],[36.715226337448556,38.87222222222222],[36.869958847736626,39.05888888888889],[36.90937000723948,39.058303365335995],[36.9636989267669,39.0053125412073],[36.90864197530864,39.074444444444445],[36.86028806584362,39.08222222222222]],[[36.9031654401584,38.9148930247671],[36.88080252163451,38.91205441574482],[36.90864197530864,38.934444444444445],[36.95699588477366,38.94222222222222],[36.97633744855967,38.98888888888889],[36.84094650205761,38.91111111111111],[36.84094650205761,38.88],[36.85061728395062,38.87222222222222],[36.86028806584362,38.89555555555555],[36.9031654401584,38.9148930247671]],[[36.92918464713177,38.9343569023241],[36.9444728820828,38.9344997832867],[36.946288591552054,38.93706061870546],[36.92918464713177,38.9343569023241]],[[36.9075436480477,38.9259337237536],[36.921931552904006,38.93321036505776],[36.9192505961438,38.9327865711929],[36.9075436480477,38.9259337237536]],[[36.867663882428,38.8689218392085],[36.864549987927475,38.87560755464548],[36.86704500958805,38.86767982535539],[36.867663882428,38.8689218392085]],[[36.86184198847076,38.884212003636776],[36.867150403773394,38.89559324691263],[36.8613821057365,38.8856732437855],[36.86184198847076,38.884212003636776]],[[36.86028806584362,38.84888888888889],[36.831275720164605,38.85666666666667],[36.74423868312757,38.80222222222222],[36.773251028806584,38.794444444444444],[36.86028806584362,38.84888888888889]],[[36.772961336029,38.7879249874622],[36.8538630094933,38.8412249130173],[36.77090531160257,38.78726487330313],[36.772961336029,38.7879249874622]],[[36.71226761933334,38.74639165014623],[36.7264190797028,38.7729819731668],[36.7123326715,38.7472837943025],[36.71226761933334,38.74639165014623]]],[[[37.2243812228442,40.2193923566139],[37.21213591963368,40.22555555555556],[37.227777777777774,40.233333333333334],[37.2243812228442,40.2193923566139]]],[[[37.14074074074074,37.269999999999996],[37.18909465020576,37.29333333333333],[37.102057613168725,37.23888888888889],[37.14074074074074,37.269999999999996]]],[[[37.12139917695473,39.75888888888889],[37.09238683127572,39.782222222222224],[37.09238683127572,39.80088888888889],[37.12139917695473,39.75888888888889]]],[[[37.06015089163237,37.06518518518518],[37.11387745770461,37.13432098765431],[37.09238683127572,37.09111111111111],[37.06015089163237,37.06518518518518]]],[[[37.0439339995078,37.1910445002359],[37.05001777092294,37.185053247432734],[37.02469135802469,37.20777777777778],[37.0439339995078,37.1910445002359]]],[[[37.01062476618032,41.058484848484845],[36.947325102880654,41.05],[36.96666666666667,41.065555555555555],[37.01062476618032,41.058484848484845]]],[[[36.95699588477366,38.95777777777778],[36.960431942624425,38.960541245581155],[36.95699588477366,38.954584527532944],[36.95699588477366,38.95777777777778]]],[[[36.911275779026,40.72121508268406],[36.947325102880654,40.67666666666667],[36.879629629629626,40.73111111111111],[36.911275779026,40.72121508268406]]],[[[36.947325102880654,40.67666666666667],[36.9541938470063,40.69323933866344],[36.96004839246249,40.68392221728958],[36.947325102880654,40.67666666666667]]],[[[36.96004839246249,40.68392221728958],[36.95466244553479,40.694369957240674],[36.95699588477366,40.7],[36.96004839246249,40.68392221728958]]],[[[36.88930041152263,38.26555555555555],[36.937654320987654,38.242222222222225],[36.95699588477366,38.21111111111111],[36.88930041152263,38.26555555555555]]],[[[36.95699588477366,38.21111111111111],[36.95699588477366,38.13333333333333],[36.944907407407406,38.12361111111111],[36.95699588477366,38.21111111111111]]],[[[36.951428308768755,40.991071193138815],[36.920158065510265,40.94638562288387],[36.91831275720165,40.96442904722038],[36.951428308768755,40.991071193138815]]],[[[36.9378480857634,39.03580819959718],[36.937654320987654,39.035555555555554],[36.937654320987654,39.036185597651794],[36.9378480857634,39.03580819959718]]],[[[36.937654320987654,38.07111111111111],[36.869958847736626,38.00111111111111],[36.79259259259259,37.95444444444444],[36.937654320987654,38.07111111111111]]],[[[36.918554480842346,40.94409408025832],[36.916982785452255,40.94251451547765],[36.91738414692188,40.94912792562758],[36.918554480842346,40.94409408025832]]],[[[36.9169385012504,40.9417848251307],[36.86508028489181,40.93718750099337],[36.869958847736626,40.94111111111111],[36.9169385012504,40.9417848251307]]],[[[36.773251028806584,38.218888888888884],[36.8119341563786,38.25],[36.850617283950626,38.25],[36.773251028806584,38.218888888888884]]],[[[36.773251028806584,38.218888888888884],[36.623069474703456,38.191437908496724],[36.63786008230453,38.20333333333333],[36.773251028806584,38.218888888888884]]],[[[36.8119341563786,37.736666666666665],[36.84094650205761,37.68222222222222],[36.84094650205761,37.635555555555555],[36.8119341563786,37.736666666666665]]],[[[36.79259259259259,36.92777777777778],[36.787540333584445,36.92100560080941],[36.7803872183655,36.9114173825372],[36.78292181069959,36.92],[36.79259259259259,36.92777777777778]]],[[[36.72489711934156,36.93866666666667],[36.75390946502058,36.89666666666666],[36.72489711934156,36.92],[36.72489711934156,36.93866666666667]]],[[[36.705555555555556,37.044444444444444],[36.71200274348423,37.04962962962963],[36.711244250786734,37.03986928104575],[36.705555555555556,37.044444444444444]]],[[[36.705555555555556,37.013333333333335],[36.709423868312754,37.016444444444446],[36.705555555555556,36.96666666666667],[36.705555555555556,37.013333333333335]]],[[[36.577167589045,37.86272030651341],[36.692521023438886,37.911835748792264],[36.63786008230453,37.876666666666665],[36.577167589045,37.86272030651341]]],[[[36.68943758573388,40.92037037037037],[36.67654320987654,40.910000000000004],[36.66203703703704,40.92166666666667],[36.68943758573388,40.92037037037037]]],[[[36.67009602194786,40.03888888888889],[36.63786008230453,40.03888888888889],[36.61851851851851,40.07],[36.67009602194786,40.03888888888889]]],[[[36.63786008230453,40.910000000000004],[36.61465020576131,40.90688888888889],[36.61851851851851,40.910000000000004],[36.63786008230453,40.910000000000004]]],[[[36.63141289437584,37.53962962962963],[36.61851851851851,37.534444444444446],[36.60691358024692,37.534444444444446],[36.63141289437584,37.53962962962963]]],[[[36.5798353909465,40.925555555555555],[36.50246913580247,40.894444444444446],[36.42361506805951,40.89564102564103],[36.5798353909465,40.925555555555555]]],[[[36.5798353909465,40.925555555555555],[36.61636945587562,40.92382716049383],[36.599176954732506,40.910000000000004],[36.5798353909465,40.925555555555555]]],[[[36.522948438634714,38.17313725490196],[36.541152263374485,38.187777777777775],[36.60304526748972,38.187777777777775],[36.522948438634714,38.17313725490196]]],[[[36.599176954732506,40.03888888888889],[36.46378600823045,40.05444444444444],[36.45411522633744,40.062222222222225],[36.599176954732506,40.03888888888889]]],[[[36.53040695016003,37.7141975308642],[36.425102880658436,37.69],[36.44444444444444,37.705555555555556],[36.53040695016003,37.7141975308642]]],[[[36.517942386831265,38.17222222222222],[36.406428267347806,38.151839080459766],[36.44444444444444,38.17222222222222],[36.517942386831265,38.17222222222222]]],[[[36.499427101420785,40.7675534276675],[36.50556562273986,40.76417391999296],[36.49151205326312,40.76118770808537],[36.499427101420785,40.7675534276675]]],[[[36.3332304526749,40.08166666666667],[36.405761316872436,40.07],[36.3477366255144,40.07],[36.3332304526749,40.08166666666667]]],[[[36.33882515151186,41.29888888888889],[36.389725297444,41.253713888049],[36.300942002002294,41.29888888888889],[36.33882515151186,41.29888888888889]]],[[[36.35660517656297,40.959474325400535],[36.33806584362139,40.964444444444446],[36.32839506172839,40.98777777777778],[36.35660517656297,40.959474325400535]]],[[[36.34288548341102,38.13720955427052],[36.31729877130689,38.09704746004134],[36.29938271604938,38.07111111111111],[36.31872427983539,38.117777777777775],[36.34288548341102,38.13720955427052]]],[[[36.096296296296295,38.11],[36.30905349794239,38.14111111111111],[36.065349794238664,38.09755555555555],[36.096296296296295,38.11]]],[[[36.30905349794239,38.14111111111111],[36.29938271604938,38.102222222222224],[36.22201646090535,38.02444444444444],[36.30905349794239,38.14111111111111]]],[[[36.22201646090535,38.02444444444444],[36.23179148739335,38.01675050593669],[36.20613069057049,37.95944288195725],[36.22201646090535,38.02444444444444]]],[[[36.260699588477365,40.093333333333334],[36.30905349794237,40.08555555555556],[36.27037037037037,40.08555555555556],[36.260699588477365,40.093333333333334]]],[[[36.27408571233838,40.52894175874496],[36.28004115226337,40.54149375313974],[36.2853965495996,40.52895324349502],[36.27408571233838,40.52894175874496]]],[[[36.28004115226337,37.651111111111106],[36.24135802469136,37.68222222222222],[36.25102880658436,37.69],[36.28004115226337,37.651111111111106]]],[[[36.25815135568055,37.60370418769008],[36.2683162504032,37.62942981468755],[36.260699588477365,37.60359186056804],[36.25815135568055,37.60370418769008]]],[[[36.2634578889823,37.8014353288775],[36.212345679012344,37.75222222222222],[36.21511857333041,37.76946171087273],[36.2634578889823,37.8014353288775]]],[[[36.20267489711934,37.7612309499614],[36.23168724279835,37.79888888888889],[36.260699588477365,37.806666666666665],[36.2179320311504,37.7800904627221],[36.20267489711934,37.7612309499614]]],[[[36.19300411522634,37.67444444444444],[36.25498258969475,37.655709037791596],[36.0606274714408,37.65888888888889],[36.19300411522634,37.67444444444444]]],[[[36.24751072264492,37.576774547594376],[36.24135802469136,37.53797959596074],[36.232913673385596,37.53983188810255],[36.24751072264492,37.576774547594376]]],[[[36.21539702741353,37.771192900544946],[36.2165341308158,37.7782624383453],[36.237900466562024,37.78881401772998],[36.21539702741353,37.771192900544946]]],[[[36.19300411522634,40.10111111111111],[36.188168724279834,40.105000000000004],[36.21234567901236,40.10111111111111],[36.19300411522634,40.10111111111111]]],[[[36.17366255144033,37.75222222222222],[36.134979423868316,37.736666666666665],[36.115637860082295,37.736666666666665],[36.17366255144033,37.75222222222222]]],[[[36.06728395061728,40.46666666666667],[36.134979423868316,40.49],[36.1156378600823,40.474444444444444],[36.06728395061728,40.46666666666667]]],[[[36.10325461014551,40.837818483147764],[36.096296296296295,40.86333333333334],[36.11396936769702,40.84048641477156],[36.10325461014551,40.837818483147764]]],[[[36.063767302656196,36.13797979797981],[36.06728395061728,36.145333333333326],[36.06728395061728,36.14222222222222],[36.063767302656196,36.13797979797981]]],[[[35.99958847736625,40.147777777777776],[35.88561663979186,40.18851664737883],[36.03350245916128,40.14232267772734],[35.99958847736625,40.147777777777776]]],[[[35.97057613168724,36.37555555555555],[36.02860082304527,36.468888888888884],[35.97057613168724,36.35222222222222],[35.97057613168724,36.37555555555555]]],[[[35.99818822097579,40.846174279098996],[36.00498126311854,40.84467314271099],[36.0196850490223,40.8401151883728],[35.99818822097579,40.846174279098996]]],[[[35.980246913580245,35.96333333333333],[36.00925925925926,36.024],[36.00925925925926,35.986666666666665],[35.980246913580245,35.96333333333333]]],[[[35.99205576074197,40.50211645482544],[35.981982296284826,40.50280588995722],[35.980246913580245,40.52111111111111],[35.99205576074197,40.50211645482544]]],[[[35.95299289188178,41.30525252525252],[35.97057613168724,41.291111111111114],[35.95676072898295,41.28],[35.95299289188178,41.30525252525252]]],[[[35.96090534979426,38.07888888888889],[35.92609053497941,38.07266666666666],[35.94156378600823,38.07888888888889],[35.96090534979426,38.07888888888889]]],[[[35.92222222222222,40.87888888888889],[35.932609113778675,40.8646583903079],[35.854526748971196,40.88666666666667],[35.92222222222222,40.87888888888889]]],[[[35.91255144032922,36.14222222222222],[35.931893004115224,36.25111111111111],[35.938340192043896,36.25629629629629],[35.91255144032922,36.14222222222222]]],[[[35.864197530864196,37.93888888888889],[35.84485596707819,37.95444444444444],[35.91393298059963,37.93888888888889],[35.864197530864196,37.93888888888889]]],[[[35.66111111111111,37.82222222222222],[35.70946502057613,37.79888888888889],[35.72880658436214,37.76777777777777],[35.66111111111111,37.82222222222222]]],[[[35.72880658436214,37.76777777777777],[35.74814814814815,37.78333333333333],[35.84485596707819,37.76777777777777],[35.72880658436214,37.76777777777777]]],[[[35.73615147212972,40.23520394605548],[35.816839627788944,40.21],[35.767489711934154,40.21],[35.73615147212972,40.23520394605548]]],[[[35.51478441249073,40.30435069236562],[35.72557101124749,40.23850888422316],[35.70946502057613,40.22555555555556],[35.51478441249073,40.30435069236562]]],[[[35.6320987654321,40.36555555555555],[35.651440329218104,40.35],[35.43868312757201,40.38111111111111],[35.6320987654321,40.36555555555555]]],[[[35.651440329218104,40.35],[35.67078189300411,40.36555555555555],[35.68183421516754,40.36555555555555],[35.651440329218104,40.35]]],[[[35.66111111111111,40.90222222222222],[35.623545332027724,40.93498352128315],[35.6228397602324,40.9371364199548],[35.66111111111111,40.90222222222222]]],[[[35.574074074074076,37.90777777777778],[35.574074074074076,37.92333333333333],[35.583744855967076,37.91555555555556],[35.574074074074076,37.90777777777778]]],[[[35.523503089409445,37.74622753896668],[35.525720164609055,37.71333333333333],[35.50637860082304,37.69777777777777],[35.523503089409445,37.74622753896668]]],[[[35.477366255144034,40.614444444444445],[35.34197530864198,40.66111111111111],[35.48123456790124,40.614444444444445],[35.477366255144034,40.614444444444445]]],[[[35.38065843621399,41.656666666666666],[35.4522112016812,41.656666666666666],[35.458152993993444,41.65251163931339],[35.38065843621399,41.656666666666666]]],[[[35.42514403292181,41.02355555555556],[35.419341563786006,41.01888888888889],[35.361316872427984,41.01888888888889],[35.42514403292181,41.02355555555556]]],[[[35.361316872427984,37.92333333333333],[35.38818015546411,37.927654320987656],[35.33109567901234,37.90875],[35.361316872427984,37.92333333333333]]],[[[35.34197530864198,37.534444444444446],[35.38065843621399,37.534444444444446],[35.26460905349794,37.50333333333333],[35.34197530864198,37.534444444444446]]],[[[35.34681069958848,41.25611111111112],[35.34197530864198,41.25222222222222],[35.335931069958846,41.25125],[35.34681069958848,41.25611111111112]]],[[[35.27427983539094,40.388888888888886],[35.303292181069956,40.42777777777778],[35.28395061728395,40.38111111111111],[35.27427983539094,40.388888888888886]]],[[[35.20658436213992,37.65888888888889],[35.26460905349794,37.65888888888889],[35.245267489711935,37.64333333333333],[35.20658436213992,37.65888888888889]]],[[[35.20404062543497,40.709823591553246],[35.20684538332657,40.71076293228222],[35.245267489711935,40.69222222222222],[35.20404062543497,40.709823591553246]]],[[[35.18724279835391,37.86111111111111],[35.15277562809096,37.808112559032075],[35.1582304526749,37.837777777777774],[35.18724279835391,37.86111111111111]]],[[[35.10020576131687,41.68],[35.10020576131687,41.64888888888889],[35.080864197530865,41.63333333333333],[35.10020576131687,41.68]]],[[[35.07458315259121,41.07838489713586],[35.09160899874272,41.06363571308215],[34.95514403292181,41.08111111111111],[35.07458315259121,41.07838489713586]]],[[[34.93869055002019,41.11189040016316],[35.07119341563786,41.096666666666664],[34.974485596707815,41.096666666666664],[34.93869055002019,41.11189040016316]]],[[[34.82208244760541,41.96651977704858],[34.85511341277037,41.986005713890115],[34.89711934156378,41.983333333333334],[34.82208244760541,41.96651977704858]]],[[[34.89711934156378,41.983333333333334],[34.974485596707815,41.952222222222225],[35.06152263374486,41.882222222222225],[34.89711934156378,41.983333333333334]]],[[[35.05334932713428,41.01888888888889],[35.04332540939137,41.01211354996512],[35.022839506172836,41.02666666666667],[35.05334932713428,41.01888888888889]]],[[[34.92290809327844,40.85814814814817],[35.01040564373901,40.80999999999999],[34.95514403292181,40.83222222222222],[34.92290809327844,40.85814814814817]]],[[[34.99382716049382,37.802],[34.83909465020576,37.75222222222222],[34.974485596707815,37.79888888888889],[34.99382716049382,37.802]]],[[[34.95514403292181,37.08333333333333],[34.99382716049382,37.14555555555555],[34.98415637860082,37.10666666666666],[34.95514403292181,37.08333333333333]]],[[[34.964814814814815,37.666666666666664],[34.99020987653066,37.65888888888889],[34.97809129226383,37.65311063291366],[34.964814814814815,37.666666666666664]]],[[[34.916460905349794,41.33],[34.93136075219821,41.314778498201264],[34.930391277964205,41.3144763617676],[34.916460905349794,41.33]]],[[[34.83597504314349,40.90598566308245],[34.8852168407724,40.87888888888889],[34.858436213991766,40.87888888888889],[34.83597504314349,40.90598566308245]]],[[[34.877777777777766,37.06259259259259],[34.858436213991766,37.05222222222222],[34.78106995884774,37.03666666666666],[34.877777777777766,37.06259259259259]]],[[[34.81975308641975,41.221111111111114],[34.858436213991766,41.26777777777778],[34.848765432098766,41.22888888888889],[34.81975308641975,41.221111111111114]]],[[[34.80041152263375,40.925555555555555],[34.78106995884774,40.925555555555555],[34.71641387419162,40.971777777777795],[34.80041152263375,40.925555555555555]]],[[[34.798109258987374,41.23048419906301],[34.747090567193716,41.24044967129859],[34.6940329218107,41.275555555555556],[34.798109258987374,41.23048419906301]]],[[[34.75498261912307,37.339999999999996],[34.75949917075489,37.33276883366294],[34.73271604938272,37.339999999999996],[34.75498261912307,37.339999999999996]]],[[[34.75949917075489,37.33276883366294],[34.75574967737628,37.339999999999996],[34.77139917695473,37.339999999999996],[34.75949917075489,37.33276883366294]]],[[[34.71444006255483,41.250976159350266],[34.72304526748971,41.25222222222222],[34.73138877393184,41.24551191278579],[34.71444006255483,41.250976159350266]]],[[[34.60162322816643,41.31012345679012],[34.529629629629625,41.31444444444445],[34.508353909465015,41.33155555555556],[34.60162322816643,41.31012345679012]]],[[[34.54491537299427,41.29804711538044],[34.568312757201646,41.29888888888889],[34.57511072803871,41.29342158468376],[34.54491537299427,41.29804711538044]]],[[[34.54897119341563,37.30888888888889],[34.55864197530864,37.27777777777778],[34.53930041152263,37.29333333333333],[34.54897119341563,37.30888888888889]]],[[[34.55864197530864,37.15333333333333],[34.54897119341564,37.129999999999995],[34.53930041152263,37.13777777777778],[34.55864197530864,37.15333333333333]]],[[[34.42325102880658,37.30888888888889],[34.48127572016461,37.355555555555554],[34.4522633744856,37.31666666666666],[34.42325102880658,37.30888888888889]]],[[[34.44259259259259,41.35333333333333],[34.44259259259259,41.36888888888889],[34.445816186556925,41.37148148148148],[34.44259259259259,41.35333333333333]]],[[[34.27818930041152,41.15888888888889],[34.239506172839505,41.14333333333333],[34.051248285322366,41.17029629629629],[34.27818930041152,41.15888888888889]]],[[[34.27818930041152,41.15888888888889],[34.43292181069959,41.12777777777778],[34.355555555555554,41.12777777777778],[34.27818930041152,41.15888888888889]]],[[[34.412741776382624,37.35473480992282],[34.405838861608,37.3620864699045],[34.39423868312757,37.37888888888889],[34.412741776382624,37.35473480992282]]],[[[34.333331930652115,37.23600491538822],[34.39670621956217,37.25843588132363],[34.34051983713729,37.23542588984844],[34.333331930652115,37.23600491538822]]],[[[34.39581567150489,37.45666666666666],[34.37489711934156,37.45666666666666],[34.31673424909026,37.505254281201815],[34.39581567150489,37.45666666666666]]],[[[34.36764403292181,37.10861111111111],[34.36522633744856,37.13777777777778],[34.38456790123457,37.12222222222222],[34.36764403292181,37.10861111111111]]],[[[34.2804227455418,41.2045429813108],[34.33773097546428,41.284553375538884],[34.3688434916563,41.2914226411465],[34.2804227455418,41.2045429813108]]],[[[34.3688434916563,41.2914226411465],[34.34827001869359,41.2930294571148],[34.353256469679216,41.29703983684366],[34.3688434916563,41.2914226411465]]],[[[34.23328924162258,37.45722222222223],[34.239506172839505,37.47222222222222],[34.27818930041152,37.48777777777778],[34.23328924162258,37.45722222222223]]],[[[34.27818930041152,37.48777777777778],[34.31687242798354,37.48777777777778],[34.34320540467202,37.46659934120704],[34.27818930041152,37.48777777777778]]],[[[34.30720164609053,41.24444444444445],[34.31022177995046,41.24619922284442],[34.30720164609053,41.241977360356934],[34.30720164609053,41.24444444444445]]],[[[34.27818930041152,41.812222222222225],[34.239506172839505,41.90555555555556],[34.26851851851852,41.86666666666667],[34.27818930041152,41.812222222222225]]],[[[33.953680841335164,41.89345679012346],[34.181481481481484,41.90555555555556],[34.184382716049384,41.903222222222226],[33.953680841335164,41.89345679012346]]],[[[34.1115337402589,37.1900313187861],[34.10530450748229,37.19317870790892],[34.11459414519719,37.18977735658803],[34.1115337402589,37.1900313187861]]],[[[34.050925925925924,36.830555555555556],[34.03641975308642,36.84222222222222],[34.03641975308642,36.93555555555555],[34.050925925925924,36.830555555555556]]],[[[34.0043875502084,37.15868237489573],[33.99717570031625,37.142339391671946],[33.99242222781299,37.14905920071389],[34.0043875502084,37.15868237489573]]],[[[33.96872427983532,41.17444444444445],[33.7559670781893,41.17444444444445],[33.74178326474623,41.18585185185185],[33.96872427983532,41.17444444444445]]],[[[33.813991769547314,41.90555555555556],[33.85267489711934,41.90555555555556],[33.87201646090535,41.89],[33.813991769547314,41.90555555555556]]],[[[33.77530864197531,37.14555555555555],[33.67711301044634,37.109658119658114],[33.73662551440329,37.14555555555555],[33.77530864197531,37.14555555555555]]],[[[33.40781893004115,36.55444444444444],[33.46584362139917,36.55444444444444],[33.48518518518519,36.538888888888884],[33.40781893004115,36.55444444444444]]],[[[33.48518518518519,36.538888888888884],[33.504526748971195,36.55444444444444],[33.57222222222222,36.56222222222222],[33.48518518518519,36.538888888888884]]],[[[33.57222222222222,36.56222222222222],[33.678600823045265,36.60111111111111],[33.717283950617286,36.60111111111111],[33.57222222222222,36.56222222222222]]],[[[33.233744855967075,41.15888888888889],[33.65925925925926,41.19],[33.63991769547325,41.17444444444445],[33.233744855967075,41.15888888888889]]],[[[33.233744855967075,41.15888888888889],[33.21440329218107,41.14333333333333],[33.14670781893004,41.135555555555555],[33.233744855967075,41.15888888888889]]],[[[33.620576131687244,37.09888888888889],[33.647654320987655,37.09888888888889],[33.578917378917374,37.07376068376068],[33.620576131687244,37.09888888888889]]],[[[33.49163237311385,37.041851851851845],[33.504526748971195,37.05222222222222],[33.52,37.05222222222222],[33.49163237311385,37.041851851851845]]],[[[33.17961690169745,41.965756890407796],[33.181728964155,41.967320645263],[33.192052963754875,41.970197592743716],[33.17961690169745,41.965756890407796]]],[[[33.192052963754875,41.970197592743716],[33.272427983539096,41.967777777777776],[33.388477366255145,41.92111111111111],[33.192052963754875,41.970197592743716]]],[[[33.388477366255145,41.92111111111111],[33.40781893004115,41.93666666666667],[33.446502057613166,41.92111111111111],[33.388477366255145,41.92111111111111]]],[[[33.349794238683124,36.989999999999995],[33.42716049382716,37.02111111111111],[33.43489711934157,37.02111111111111],[33.349794238683124,36.989999999999995]]],[[[33.349794238683124,36.989999999999995],[33.35946502057613,36.96666666666667],[33.340123456790124,36.98222222222222],[33.349794238683124,36.989999999999995]]],[[[33.2917695473251,40.38111111111111],[33.272427983539096,40.35],[33.224074074074075,40.342222222222226],[33.2917695473251,40.38111111111111]]],[[[33.27697318926959,36.13809995032982],[33.272427983539096,36.13444444444444],[33.13703703703703,36.13444444444444],[33.27697318926959,36.13809995032982]]],[[[33.175720164609054,36.52333333333333],[33.21798676121222,36.541770912918196],[33.2230119283508,36.5324502733403],[33.175720164609054,36.52333333333333]]],[[[32.9594336755717,41.8871332745018],[33.0390086021537,41.9302061955626],[33.12675631894429,41.94688129198879],[32.9594336755717,41.8871332745018]]],[[[33.059670781893004,36.57],[33.07952478189019,36.57],[33.04569302274022,36.55875831285158],[33.059670781893004,36.57]]],[[[32.90010288065847,40.272222222222226],[33.059670781893004,40.28777777777778],[33.040329218107,40.272222222222226],[32.90010288065847,40.272222222222226]]],[[[33.03065843621399,41.12],[33.001646090534976,41.096666666666664],[32.92779648335204,41.088181818181816],[33.03065843621399,41.12]]],[[[33.01360028011421,36.18705244611145],[32.97263374485597,36.22],[32.97263374485597,36.23555555555555],[33.01360028011421,36.18705244611145]]],[[[32.8179012345679,36.48444444444444],[32.9180845055191,36.45612848410779],[32.943621399176955,36.43],[32.8179012345679,36.48444444444444]]],[[[32.83136291178784,41.56333333333333],[32.9156438269582,41.5612157930361],[32.81160012771224,41.545035782474145],[32.83136291178784,41.56333333333333]]],[[[32.9156438269582,41.5612157930361],[32.901808034592364,41.56333333333333],[32.905998085905196,41.56587916880386],[32.9156438269582,41.5612157930361]]],[[[32.87908874010898,41.57888888888889],[32.86625514403292,41.57888888888889],[32.84691358024691,41.59444444444445],[32.87908874010898,41.57888888888889]]],[[[32.87592592592593,36.08],[32.78888888888889,36.16555555555556],[32.87592592592593,36.09555555555555],[32.87592592592593,36.08]]],[[[32.82757201646092,40.458888888888886],[32.84691358024691,40.458888888888886],[32.85465020576131,40.452666666666666],[32.82757201646092,40.458888888888886]]],[[[32.6999375852215,36.8176577510516],[32.7969944235282,36.86555555555555],[32.84008247826116,36.86555555555555],[32.6999375852215,36.8176577510516]]],[[[32.81081944000932,41.54491437641717],[32.80425663658005,41.54389378382414],[32.82985236252284,41.56333333333333],[32.81081944000932,41.54491437641717]]],[[[32.81756775933021,40.26417624521073],[32.8082304526749,40.25666666666667],[32.74053497942387,40.25666666666667],[32.81756775933021,40.26417624521073]]],[[[32.797178130511455,41.04777777777778],[32.76954732510288,41.034444444444446],[32.75407407407407,41.034444444444446],[32.797178130511455,41.04777777777778]]],[[[32.7650855849064,41.5156009121625],[32.7469186641449,41.51402300128155],[32.75184665244468,41.51798636208435],[32.7650855849064,41.5156009121625]]],[[[32.50843621399177,36.37555555555555],[32.56646090534979,36.32888888888888],[32.60514403292181,36.266666666666666],[32.50843621399177,36.37555555555555]]],[[[32.60514403292181,36.266666666666666],[32.63415637860082,36.25888888888889],[32.75020576131687,36.16555555555556],[32.60514403292181,36.266666666666666]]],[[[32.65414378869327,41.50020342467251],[32.65349794238683,41.501111111111115],[32.655589564772825,41.501111111111115],[32.65414378869327,41.50020342467251]]],[[[32.65349794238683,36.47666666666667],[32.55679012345679,36.49222222222222],[32.533967819088,36.51057718190606],[32.65349794238683,36.47666666666667]]],[[[32.31788094824086,40.19093896713615],[32.42139917695473,40.22555555555556],[32.3440329218107,40.19444444444444],[32.31788094824086,40.19093896713615]]],[[[32.42139917695473,40.22555555555556],[32.61948346814248,40.24486590038315],[32.614814814814814,40.24111111111111],[32.42139917695473,40.22555555555556]]],[[[32.557927862503035,40.98869281045752],[32.55679012345679,40.98777777777778],[32.55601646090535,40.988400000000006],[32.557927862503035,40.98869281045752]]],[[[32.4913459552022,36.1097604992547],[32.55679012345679,36.10333333333333],[32.528334940093515,36.09600365631161],[32.4913459552022,36.1097604992547]]],[[[32.48909465020576,36.42222222222222],[32.52777777777778,36.4985954248685],[32.50843621399177,36.437777777777775],[32.48909465020576,36.42222222222222]]],[[[32.50350655640818,36.5140723712535],[32.481922030380474,36.525342493464386],[32.52281733960849,36.50398945878296],[32.50350655640818,36.5140723712535]]],[[[32.513198497210816,41.79143490098663],[32.4143103691554,41.7393436513108],[32.4344618002688,41.7648112841591],[32.513198497210816,41.79143490098663]]],[[[32.440740740740736,41.33],[32.28243899811002,41.34842612965242],[32.4425347895862,41.33144287332677],[32.440740740740736,41.33]]],[[[32.411676189367334,36.734653922638806],[32.42311098981154,36.73787711003194],[32.412010569287,36.7339832037],[32.411676189367334,36.734653922638806]]],[[[32.411676189367334,36.734653922638806],[32.415187805960116,36.72467089781224],[32.392386831275715,36.68666666666667],[32.411676189367334,36.734653922638806]]],[[[32.42311098981154,36.73787711003194],[32.431069958847736,36.70222222222222],[32.41636125481356,36.72150377987606],[32.42311098981154,36.73787711003194]]],[[[32.3537037037037,36.42222222222222],[32.31502057613169,36.45333333333333],[32.29743733632623,36.49575757575756],[32.3537037037037,36.42222222222222]]],[[[32.2970812141177,41.01201590882346],[32.29567901234568,41.01111111111111],[32.29567901234568,41.01349191067014],[32.2970812141177,41.01201590882346]]],[[[32.19897119341564,36.62444444444444],[32.29181069958847,36.503111111111124],[32.25699588477366,36.53111111111111],[32.19897119341564,36.62444444444444]]],[[[32.290557570730236,41.37901290239571],[32.28114407564838,41.34946757793007],[32.25699588477366,41.35333333333333],[32.290557570730236,41.37901290239571]]],[[[32.18930041152263,41.26777777777778],[32.20864197530864,41.28333333333333],[32.27633744855967,41.291111111111114],[32.18930041152263,41.26777777777778]]],[[[32.07325102880658,36.958888888888886],[32.266666666666666,36.88111111111111],[32.038712522045856,36.958888888888886],[32.07325102880658,36.958888888888886]]],[[[32.1638836625093,36.4158589438987],[32.23137613700086,36.32463631359603],[32.2178454749817,36.3357318112114],[32.1638836625093,36.4158589438987]]],[[[32.21041824137062,36.40095238095238],[32.08292181069959,36.54666666666667],[32.19897119341564,36.437777777777775],[32.21041824137062,36.40095238095238]]],[[[32.18930041152263,40.94111111111111],[32.16995884773662,40.95666666666667],[32.20090534979423,40.95044444444445],[32.18930041152263,40.94111111111111]]],[[[32.14094650205761,41.21333333333333],[32.151123637333285,41.1936440626216],[32.14094650205761,41.18222222222222],[32.14094650205761,41.21333333333333]]],[[[32.1119341563786,41.01888888888889],[32.13079972792824,41.01228901540306],[32.10134731388161,41.0103743644977],[32.1119341563786,41.01888888888889]]],[[[32.0533689198902,41.581867282505],[32.1234601725935,41.562912896127],[32.12443676972619,41.56258536045995],[32.0533689198902,41.581867282505]]],[[[32.12093589046769,40.12508036338225],[31.99588477366255,40.07],[31.956222326405168,40.07],[32.12093589046769,40.12508036338225]]],[[[32.102263374485595,40.48222222222222],[32.1119341563786,40.443333333333335],[32.07325102880658,40.49],[32.102263374485595,40.48222222222222]]],[[[31.77051650942863,36.61666666666667],[31.71543209876543,36.65555555555555],[31.702803708891427,36.68602490474091],[31.77051650942863,36.61666666666667]]],[[[31.77051650942863,36.61666666666667],[31.937860082304525,36.60111111111111],[31.80246913580247,36.60111111111111],[31.77051650942863,36.61666666666667]]],[[[31.937860082304525,36.60111111111111],[32.0216178246263,36.5415216875056],[31.99588477366255,36.538888888888884],[31.937860082304525,36.60111111111111]]],[[[31.89917695473251,40.87888888888889],[31.992016460905344,40.897555555555556],[31.937860082304525,40.87888888888889],[31.89917695473251,40.87888888888889]]],[[[31.89917695473251,40.87888888888889],[31.68641975308642,40.70777777777778],[31.551028806584362,40.63],[31.89917695473251,40.87888888888889]]],[[[31.92128159905938,40.44555555555556],[31.937860082304525,40.458888888888886],[31.99142133586576,40.46606837606837],[31.92128159905938,40.44555555555556]]],[[[31.8563492063492,37.02111111111111],[31.89917695473251,37.02111111111111],[31.97412551440329,36.98092592592592],[31.8563492063492,37.02111111111111]]],[[[31.939493927115777,41.52948514345452],[31.803728144437255,41.46703330979645],[31.8458565963072,41.4996351647755],[31.939493927115777,41.52948514345452]]],[[[31.676748971193415,40.05],[31.896413874191644,40.05],[31.725102880658437,40.007777777777775],[31.705761316872426,40.03888888888889],[31.68641975308642,40.007777777777775],[31.638065843621398,40.03111111111111],[31.676748971193415,40.05]],[[31.650283977027712,40.03676402589924],[31.640554908092543,40.03132097982395],[31.6494780871636,40.0353029110328],[31.650283977027712,40.03676402589924]]],[[[31.754115226337447,40.35777777777778],[31.860493827160493,40.33444444444444],[31.78312757201646,40.33444444444444],[31.754115226337447,40.35777777777778]]],[[[31.81455761316873,37.035370370370366],[31.628395061728394,37.09888888888889],[31.725102880658437,37.08333333333333],[31.81455761316873,37.035370370370366]]],[[[31.747191661738082,41.44102670530832],[31.7572780245664,41.4549068953662],[31.775192010681142,41.4539067778867],[31.747191661738082,41.44102670530832]]],[[[31.696090534979422,40.980000000000004],[31.667078189300412,40.97222222222222],[31.725102880658437,41.00333333333334],[31.696090534979422,40.980000000000004]]],[[[31.6045900744446,40.2734509154145],[31.6577200704284,40.2998733457107],[31.716749027187966,40.313157994571576],[31.6045900744446,40.2734509154145]]],[[[30.93279778595491,40.03139220659795],[31.407917386331523,40.054379493735404],[31.415637860082303,40.02333333333333],[31.473662551440327,40.03888888888889],[31.5027285807947,40.0194645989871],[31.473662551440327,40.05444444444444],[31.428056070189374,40.0555933209568],[31.667078189300412,40.07],[31.52201646090535,40.04666666666667],[31.676748971193415,40.0],[30.89341563786008,39.852222222222224],[30.854732510288066,39.867777777777775],[30.79670781893004,39.836666666666666],[30.8,40.05],[30.93279778595491,40.03139220659795]],[[31.4159530800214,40.0230815300802],[31.4362645678467,40.0207322490083],[31.436541552426217,40.02095907102389],[31.4159530800214,40.0230815300802]],[[31.3926950535356,40.03493867170394],[31.387743611414,40.0340479590571],[31.388239350961967,40.03357860057656],[31.3926950535356,40.03493867170394]]],[[[31.026043503821278,40.05],[31.028806584362137,40.05444444444444],[31.043850022862365,40.05444444444444],[31.026043503821278,40.05]]],[[[31.193508399066648,40.05],[31.1738683127572,40.062222222222225],[31.20980184356877,40.05444444444444],[31.193508399066648,40.05]]],[[[31.1738683127572,40.062222222222225],[31.26090534979424,40.08555555555556],[31.24156378600823,40.07],[31.1738683127572,40.062222222222225]]],[[[31.26090534979424,40.08555555555556],[31.29343416614125,40.07],[31.280246913580246,40.07],[31.26090534979424,40.08555555555556]]],[[[31.613176400713037,36.77783017832689],[31.653730949367397,36.736290144267635],[31.61872427983539,36.76444444444444],[31.613176400713037,36.77783017832689]]],[[[31.512345679012345,36.88111111111111],[31.45432098765432,36.89666666666666],[31.441426611796974,36.907037037037036],[31.512345679012345,36.88111111111111]]],[[[31.512345679012345,36.88111111111111],[31.574056512847672,36.81790068899072],[31.57037037037037,36.818888888888885],[31.512345679012345,36.88111111111111]]],[[[31.551028806584362,37.129999999999995],[31.461354283576508,37.17666666666666],[31.493004115226334,37.17666666666666],[31.551028806584362,37.129999999999995]]],[[[31.396296296296295,40.31888888888889],[31.45432098765432,40.31888888888889],[31.512345679012345,40.28777777777778],[31.396296296296295,40.31888888888889]]],[[[31.446584362139923,40.611333333333334],[31.37695473251029,40.583333333333336],[31.202880658436214,40.56777777777778],[31.446584362139923,40.611333333333334]]],[[[31.441426611796974,37.18703703703704],[31.22222222222222,37.30111111111111],[31.396296296296295,37.22333333333333],[31.441426611796974,37.18703703703704]]],[[[31.42115443129,41.2716077184725],[31.3938127226575,41.2917606687535],[31.3985508113318,41.3145513398221],[31.42115443129,41.2716077184725]]],[[[31.42115443129,41.2716077184725],[31.4092110213078,41.2112899552017],[31.4034096887481,41.2554408555906],[31.42115443129,41.2716077184725]]],[[[31.384691358024686,36.92777777777778],[31.357613168724278,36.92777777777778],[31.299588477366253,36.958888888888886],[31.384691358024686,36.92777777777778]]],[[[31.26090534979424,40.272222222222226],[31.234669879316527,40.28777777777778],[31.24156378600823,40.28777777777778],[31.26090534979424,40.272222222222226]]],[[[31.0789509604151,36.8420178793313],[31.06621421199144,36.846332327135286],[31.24400153174429,36.82084945886385],[31.0789509604151,36.8420178793313]]],[[[31.24400153174429,36.82084945886385],[31.12551440329218,36.88111111111111],[31.24156378600823,36.83444444444444],[31.24400153174429,36.82084945886385]]],[[[31.163639608291383,40.35044871219686],[31.197382836575727,40.309886040152925],[31.1101555887782,40.3616048877423],[31.163639608291383,40.35044871219686]]],[[[31.1738683127572,40.373333333333335],[31.162263374485597,40.43866666666667],[31.1738683127572,40.42],[31.1738683127572,40.373333333333335]]],[[[31.154526748971193,40.48222222222222],[31.1738683127572,40.51644444444444],[31.1738683127572,40.49777777777778],[31.154526748971193,40.48222222222222]]],[[[31.154526748971193,40.48222222222222],[31.1738683127572,40.46666666666667],[31.159362139917693,40.455],[31.154526748971193,40.48222222222222]]],[[[31.14485596707819,40.05444444444444],[31.117635544367374,40.065390529321775],[31.12551440329218,40.07],[31.14485596707819,40.05444444444444]]],[[[31.106172839506172,40.08555555555556],[31.086831275720165,40.07],[31.04512602880658,40.07],[31.106172839506172,40.08555555555556]]],[[[31.106172839506172,37.394444444444446],[31.084795208964266,37.369550517559695],[31.073191077193083,37.367918686669235],[31.106172839506172,37.394444444444446]]],[[[30.978694350916573,37.55919191919192],[30.98045267489712,37.55777777777777],[30.999794238683126,37.48],[30.978694350916573,37.55919191919192]]],[[[30.918283362727806,40.05],[30.966637272192813,40.05],[30.932098765432098,40.03888888888889],[30.918283362727806,40.05]]],[[[30.96119858161256,41.073403681949394],[30.961198104536322,41.07314877179027],[30.961068574531215,41.07295164107794],[30.96119858161256,41.073403681949394]]],[[[30.95907420693622,41.066017129078176],[30.96111111111111,41.02666666666667],[30.940662091000238,41.00199731687334],[30.95907420693622,41.066017129078176]]],[[[30.96111111111111,37.651111111111106],[30.96111111111111,37.62518518518519],[30.952319491208378,37.658181818181816],[30.96111111111111,37.651111111111106]]],[[[30.835390946502056,37.78333333333333],[30.89341563786008,37.75222222222222],[30.9417695473251,37.69777777777777],[30.835390946502056,37.78333333333333]]],[[[30.86440329218107,40.59111111111111],[30.912757201646087,40.64555555555555],[30.935074390629943,40.6365811965812],[30.86440329218107,40.59111111111111]]],[[[30.86440329218107,40.59111111111111],[30.86923868312757,40.556111111111115],[30.86440329218107,40.56],[30.86440329218107,40.59111111111111]]],[[[30.89341563786008,40.21],[30.874074074074073,40.19444444444444],[30.84506172839506,40.18666666666667],[30.89341563786008,40.21]]],[[[30.825720164609052,40.12444444444444],[30.81604938271605,40.163333333333334],[30.86440329218107,40.077777777777776],[30.825720164609052,40.12444444444444]]],[[[30.750166955756487,37.23452701470245],[30.74656366813673,37.23888888888889],[30.76341467128108,37.23888888888889],[30.750166955756487,37.23452701470245]]],[[[30.738683127572017,37.23888888888889],[30.746042197247377,37.23888888888889],[30.748742678913036,37.23506799426937],[30.738683127572017,37.23888888888889]]],[[[30.641975308641975,41.065555555555555],[30.64949702789209,41.059506172839505],[30.635205761316872,41.06011111111111],[30.641975308641975,41.065555555555555]]],[[[30.555956248646307,36.85859649122807],[30.55493827160494,36.84740740740743],[30.55493827160494,36.85777777777778],[30.555956248646307,36.85859649122807]]],[[[30.551375351960147,36.80824561403509],[30.545267489711932,36.74111111111111],[30.53559670781893,36.79555555555555],[30.551375351960147,36.80824561403509]]],[[[30.522702331961593,39.79259259259259],[30.53882030178326,39.79518518518518],[30.525925925925925,39.79],[30.522702331961593,39.79259259259259]]],[[[30.506584362139918,41.065555555555555],[30.477572016460904,40.99555555555555],[30.477572016460904,41.01111111111111],[30.506584362139918,41.065555555555555]]],[[[30.4172447579855,40.85],[30.400205761316872,40.84],[30.438888888888897,40.902222222222235],[30.4172447579855,40.85]]],[[[30.358943758573385,37.05792592592592],[30.361522633744855,37.09111111111111],[30.361522633744855,37.059999999999995],[30.358943758573385,37.05792592592592]]],[[[30.100411522633745,36.647777777777776],[30.235802469135802,36.678888888888885],[30.15843621399177,36.647777777777776],[30.100411522633745,36.647777777777776]]],[[[29.984362139917696,39.79],[30.04238683127572,39.836666666666666],[30.023045267489714,39.80555555555556],[29.984362139917696,39.79]]],[[[29.979526748971193,40.486111111111114],[29.91979320619119,40.510818797290206],[29.921104157120485,40.511411631248095],[29.979526748971193,40.486111111111114]]],[[[29.973435284682985,37.20692525157341],[29.965020576131685,37.20777777777778],[29.97581146284853,37.20777777777778],[29.973435284682985,37.20692525157341]]],[[[29.7619341563786,36.28222222222222],[29.936008230452675,36.56222222222222],[29.839300411522633,36.37555555555555],[29.7619341563786,36.28222222222222]]],[[[29.884454279591267,37.16275999118725],[29.868779141455537,37.152352629820655],[29.8694145004875,37.1529701854498],[29.884454279591267,37.16275999118725]]],[[[29.48148148148148,39.79],[29.848971193415636,39.82111111111111],[29.674897119341562,39.79],[29.48148148148148,39.79]]],[[[29.48148148148148,39.79],[29.423456790123456,39.75888888888889],[29.321976417322194,39.74717168517019],[29.48148148148148,39.79]]],[[[29.842494347752016,37.10930696404144],[29.8329031262992,37.1159481631722],[29.82962962962963,37.129999999999995],[29.842494347752016,37.10930696404144]]],[[[29.819958847736626,36.873333333333335],[29.781275720164608,36.82693296149585],[29.781275720164608,36.84222222222222],[29.819958847736626,36.873333333333335]]],[[[29.75449509338398,36.82547008547008],[29.79094650205761,36.89666666666666],[29.781275720164608,36.85777777777778],[29.75449509338398,36.82547008547008]]],[[[29.7619341563786,40.59111111111111],[29.786672708558655,40.59217423517684],[29.771604938271604,40.583333333333336],[29.7619341563786,40.59111111111111]]],[[[29.7619341563786,39.922222222222224],[29.7335890810924,39.8801006644088],[29.743411678044374,39.89577183072501],[29.7619341563786,39.922222222222224]]],[[[29.723251028806583,36.76444444444444],[29.742592592592594,36.80222222222223],[29.742592592592594,36.78],[29.723251028806583,36.76444444444444]]],[[[29.73263986176065,39.87995530184151],[29.703909465020576,39.87555555555556],[29.736995808521925,39.88660986775215],[29.73263986176065,39.87995530184151]]],[[[29.64500561167228,36.40454545454545],[29.64588477366255,36.406666666666666],[29.684567901234566,36.42222222222222],[29.64500561167228,36.40454545454545]]],[[[29.684567901234566,36.42222222222222],[29.703909465020576,36.53111111111111],[29.723251028806583,36.54666666666667],[29.684567901234566,36.42222222222222]]],[[[29.61687242798354,36.58555555555556],[29.64588477366255,36.65555555555555],[29.626543209876544,36.593333333333334],[29.61687242798354,36.58555555555556]]],[[[29.64588477366255,36.65555555555555],[29.72325102880658,36.65555555555555],[29.71358024691358,36.647777777777776],[29.64588477366255,36.65555555555555]]],[[[29.675453470455587,36.15270577232604],[29.655555555555555,36.15],[29.6313138601318,36.1706910160239],[29.675453470455587,36.15270577232604]]],[[[28.804526748971192,37.92333333333333],[29.017283950617283,37.98555555555556],[28.944770092484042,37.95639572749772],[28.804526748971192,37.92333333333333]]],[[[29.017283950617283,37.98555555555556],[29.614710070211608,38.05210143860166],[29.14888888888889,37.98555555555556],[29.017283950617283,37.98555555555556]]],[[[29.587860082304527,36.48444444444444],[29.568518518518516,36.468888888888884],[29.600754458161866,36.54666666666666],[29.587860082304527,36.48444444444444]]],[[[29.570553229088038,39.86423419518543],[29.568381435837274,39.867777777777775],[29.58250620982175,39.867777777777775],[29.570553229088038,39.86423419518543]]],[[[29.568518518518516,36.98222222222222],[29.510493827160495,36.95111111111111],[29.578189300411523,37.00555555555555],[29.568518518518516,36.98222222222222]]],[[[29.543280512650657,36.52333333333333],[29.568518518518516,36.53111111111111],[29.523308470914717,36.49481161458659],[29.543280512650657,36.52333333333333]]],[[[29.53617179101373,36.513971496694154],[29.529835390946502,36.50561366803175],[29.543269369189346,36.52333333333333],[29.53617179101373,36.513971496694154]]],[[[29.529835390946502,36.93555555555555],[29.5365460377907,36.9384750392092],[29.529835390946502,36.92359799675056],[29.529835390946502,36.93555555555555]]],[[[29.510493827160495,36.90120411492573],[29.5254653512232,36.9139099192792],[29.510493827160495,36.888888888888886],[29.510493827160495,36.90120411492573]]],[[[29.40687113327666,37.18814889080227],[29.47593186259192,37.21887002282215],[29.473137297113848,37.204556075236574],[29.40687113327666,37.18814889080227]]],[[[29.4564496888968,39.8670415241449],[29.452963716681026,39.867777777777775],[29.471264549000495,39.867777777777775],[29.4564496888968,39.8670415241449]]],[[[29.412137053752392,36.26218362938156],[29.394444444444446,36.266666666666666],[29.413786008230453,36.297777777777775],[29.412137053752392,36.26218362938156]]],[[[29.394444444444446,38.27333333333333],[29.394444444444446,38.25777777777777],[29.375102880658435,38.30444444444444],[29.394444444444446,38.27333333333333]]],[[[29.38477366255144,39.82111111111111],[29.191358024691358,39.68111111111111],[29.133333333333333,39.66555555555556],[29.38477366255144,39.82111111111111]]],[[[29.370153531599314,37.0411971154832],[29.375102880658435,37.013333333333335],[29.355761316872428,37.028888888888886],[29.370153531599314,37.0411971154832]]],[[[29.368333938463998,37.051441037687546],[29.36966239656812,37.04396210121199],[29.355761316872428,37.03554363580704],[29.368333938463998,37.051441037687546]]],[[[29.259053497942386,36.873333333333335],[29.293001674543135,36.88111111111111],[29.286845155613083,36.87530599167461],[29.259053497942386,36.873333333333335]]],[[[29.259053497942386,36.873333333333335],[29.36543209876543,36.989999999999995],[29.336419753086417,36.93555555555555],[29.259053497942386,36.873333333333335]]],[[[29.355761316872428,36.93870361067472],[29.355761316872428,36.94371349812772],[29.357080261789,36.9465685784891],[29.355761316872428,36.93870361067472]]],[[[29.357080261789,36.9465685784891],[29.355761316872428,36.94399617159594],[29.35835490720494,36.95319701993173],[29.357080261789,36.9465685784891]]],[[[29.336419753086417,36.901845397170774],[29.35501536554221,36.934255446744956],[29.34583175303464,36.8794928741127],[29.336419753086417,36.901845397170774]]],[[[29.28734335465118,36.87534135395849],[29.34417745150556,36.879543780723715],[29.34445012119156,36.87939480556234],[29.28734335465118,36.87534135395849]]],[[[29.297736625514403,36.468888888888884],[29.341945914168132,36.47333333333333],[29.326748971193414,36.46111111111111],[29.297736625514403,36.468888888888884]]],[[[29.259053497942386,38.63111111111111],[29.245238095238093,38.72],[29.259053497942386,38.708888888888886],[29.259053497942386,38.63111111111111]]],[[[29.259053497942386,38.63111111111111],[29.31707818930041,38.553333333333335],[29.32813051146384,38.5088888888889],[29.259053497942386,38.63111111111111]]],[[[29.301604938271606,36.41911111111111],[29.31707818930041,36.406666666666666],[29.30418381344307,36.39629629629629],[29.301604938271606,36.41911111111111]]],[[[29.297736625514403,36.569135802469134],[29.31707818930041,36.54666666666667],[29.297736625514403,36.56222222222222],[29.297736625514403,36.569135802469134]]],[[[29.264569205244573,37.15291561572819],[29.17201646090535,37.129999999999995],[29.191358024691358,37.14555555555555],[29.264569205244573,37.15291561572819]]],[[[29.15847736625514,38.24766666666667],[29.214844209288657,38.25333333333333],[29.191358024691358,38.23444444444444],[29.15847736625514,38.24766666666667]]],[[[29.091844221482702,38.81549642967744],[29.065637860082305,38.833333333333336],[29.075308641975308,38.84111111111111],[29.091844221482702,38.81549642967744]]],[[[29.028098351758402,38.22746949647444],[29.0141484552717,38.23444444444444],[29.08497942386831,38.257777777777775],[29.028098351758402,38.22746949647444]]],[[[29.04348158519812,36.69387794733093],[29.065060366063626,36.68119992500394],[29.0554468430947,36.6819507637716],[29.04348158519812,36.69387794733093]]],[[[29.026659272470646,37.06144370074823],[29.0549758741817,37.0452365769964],[28.95925925925926,37.09888888888889],[29.026659272470646,37.06144370074823]]],[[[29.026954732510287,39.44],[29.046296296296298,39.58],[29.046296296296298,39.471111111111114],[29.026954732510287,39.44]]],[[[28.9985786541692,36.7115167224452],[28.9386282085789,36.7554816800962],[29.010955757183595,36.71298760771175],[28.9985786541692,36.7115167224452]]],[[[28.982643216167588,39.567780089908005],[28.967182524177023,39.563038994621806],[28.984030114775802,39.57658875897572],[28.982643216167588,39.567780089908005]]],[[[28.968930041152262,39.08222222222222],[28.64979423868313,38.84111111111111],[28.57629629629631,38.811555555555564],[28.968930041152262,39.08222222222222]]],[[[28.93991769547325,38.70111111111111],[28.968930041152262,38.70111111111111],[28.910905349794238,38.67777777777778],[28.93991769547325,38.70111111111111]]],[[[28.932418290541353,39.41063523035974],[28.947524321443947,39.422784336064375],[28.949637846291342,39.414969686198916],[28.932418290541353,39.41063523035974]]],[[[28.949560036084698,39.536972171564265],[28.93024691358025,39.486666666666665],[28.93024691358025,39.5215726118602],[28.949560036084698,39.536972171564265]]],[[[28.908625288224066,38.25594402613198],[28.9166534027248,38.2432388049559],[28.89473443546725,38.244772233914794],[28.908625288224066,38.25594402613198]]],[[[28.902693430579458,36.71289707716346],[28.87222222222222,36.70222222222222],[28.914320134480867,36.73598592497756],[28.902693430579458,36.71289707716346]]],[[[28.8801805096543,36.6483869481398],[28.90332413996743,36.64945832722676],[28.880026910623634,36.645853750435634],[28.8801805096543,36.6483869481398]]],[[[28.89156378600823,38.52222222222222],[28.852880658436213,38.466222222222214],[28.852880658436213,38.49111111111111],[28.89156378600823,38.52222222222222]]],[[[28.862551440329216,38.26555555555555],[28.84320987654321,38.23444444444444],[28.81281599059377,38.23444444444444],[28.862551440329216,38.26555555555555]]],[[[28.8170765392076,36.6592688709102],[28.7862545458907,36.6866437494512],[28.8505192299965,36.6365276357852],[28.8170765392076,36.6592688709102]]],[[[28.833539094650206,38.32],[28.79485596707819,38.35111111111111],[28.79485596707819,38.38222222222222],[28.833539094650206,38.32]]],[[[28.72716049382716,37.876666666666665],[28.7380744968474,37.8509473640231],[28.731709731716435,37.85837292281405],[28.72716049382716,37.876666666666665]]],[[[28.7380744968474,37.8509473640231],[28.765843621399178,37.81444444444444],[28.731806263502143,37.85798474180344],[28.7380744968474,37.8509473640231]]],[[[28.736831275720164,38.00772761510295],[28.743520143892443,37.99172979950181],[28.72716049382716,37.98555555555556],[28.736831275720164,38.00772761510295]]],[[[28.72839777917046,39.711227128903566],[28.717489711934157,39.72],[28.717489711934157,39.729372427983535],[28.72839777917046,39.711227128903566]]],[[[28.64012345679012,38.16444444444444],[28.67880658436214,38.18],[28.601440329218107,38.117777777777775],[28.64012345679012,38.16444444444444]]],[[[28.6644366060421,39.1801257553252],[28.659465020576132,39.175555555555555],[28.659465020576132,39.180936041275466],[28.6644366060421,39.1801257553252]]],[[[28.659465020576132,39.18155113133256],[28.64979423868313,39.23],[28.663749310792845,39.20060949388417],[28.659465020576132,39.18155113133256]]],[[[28.66362876984177,36.71481726510657],[28.64012345679012,36.733333333333334],[28.64012345679012,36.78],[28.66362876984177,36.71481726510657]]],[[[28.56275720164605,38.80222222222219],[28.49506172839506,38.74777777777778],[28.457453132144497,38.729629629629635],[28.56275720164605,38.80222222222219]]],[[[28.504732510288065,37.09111111111111],[28.480555555555554,37.032777777777774],[28.46604938271605,37.044444444444444],[28.504732510288065,37.09111111111111]]],[[[28.427366255144033,41.24444444444445],[28.473786008230455,41.33777777777778],[28.46604938271605,41.306666666666665],[28.427366255144033,41.24444444444445]]],[[[28.46374812311501,36.81296191138599],[28.451209229468,36.8425466678338],[28.457743986749847,36.8494747263678],[28.46374812311501,36.81296191138599]]],[[[28.204938271604938,41.15888888888889],[28.02312757201646,41.196222222222225],[28.379012345679012,41.15888888888889],[28.204938271604938,41.15888888888889]]],[[[28.311316872427984,39.46592592592593],[28.311316872427984,39.50222222222222],[28.33065843621399,39.51777777777778],[28.311316872427984,39.46592592592593]]],[[[28.295843621399175,37.13466666666667],[28.311316872427984,37.12222222222222],[28.302720621856423,37.115308641975304],[28.295843621399175,37.13466666666667]]],[[[28.2761533134951,36.7952184355895],[28.302888942321108,36.80507952687263],[28.3076466297535,36.7950224226633],[28.2761533134951,36.7952184355895]]],[[[28.2761533134951,36.7952184355895],[28.270121810635,36.8132844494964],[28.304420765238508,36.81840342970588],[28.2761533134951,36.7952184355895]]],[[[28.191771590764517,36.94176494533396],[28.224279835390945,36.94333333333333],[28.30164609053498,36.88111111111111],[28.191771590764517,36.94176494533396]]],[[[28.264344503233392,39.34],[28.272633744855966,39.39333333333333],[28.301646090534977,39.43999999999999],[28.264344503233392,39.34]]],[[[28.291975308641973,38.61555555555555],[28.272633744855966,38.553333333333335],[28.262962962962963,38.54555555555556],[28.291975308641973,38.61555555555555]]],[[[28.272633744855966,37.199999999999996],[28.291975308641973,37.184444444444445],[28.291975308641973,37.14555555555556],[28.272633744855966,37.199999999999996]]],[[[28.243621399176956,38.498888888888885],[28.25329218106996,38.52222222222222],[28.25329218106996,38.50666666666667],[28.243621399176956,38.498888888888885]]],[[[28.233950617283952,38.47555555555556],[28.233950617283952,38.46],[28.22427983539095,38.452222222222225],[28.233950617283952,38.47555555555556]]],[[[28.21460905349794,39.20666666666666],[28.21460905349794,39.23777777777778],[28.231187536743093,39.251111111111115],[28.21460905349794,39.20666666666666]]],[[[28.1634476310374,36.6819201132307],[28.215013061040352,36.70254714743718],[28.204938271604938,36.69444444444444],[28.1634476310374,36.6819201132307]]],[[[28.159002057613172,38.38027777777778],[28.195267489711934,38.38222222222222],[28.16625514403292,38.37444444444444],[28.159002057613172,38.38027777777778]]],[[[28.195267489711934,38.38222222222222],[28.21460905349794,38.428888888888885],[28.21460905349794,38.397777777777776],[28.195267489711934,38.38222222222222]]],[[[28.166129811139445,41.5756286129644],[28.172148946924697,41.57414876656317],[28.18527736296619,41.561425864602626],[28.166129811139445,41.5756286129644]]],[[[28.17013806490438,36.92786148318049],[28.1589757537424,36.9458824299236],[28.1752321482376,36.9508951858107],[28.17013806490438,36.92786148318049]]],[[[28.165405492134,36.906462407677],[28.1016318920764,36.9400668219021],[28.1577422495553,36.9270314970413],[28.165405492134,36.906462407677]]],[[[28.093939389509366,36.64791622405322],[28.091689669808684,36.650586765595875],[28.127572016460906,36.63222222222222],[28.093939389509366,36.64791622405322]]],[[[28.0952576570021,36.7653762705956],[28.1125480599945,36.7742459065936],[28.124149875880818,36.757959530542564],[28.0952576570021,36.7653762705956]]],[[[28.059876543209874,41.50888888888889],[28.108230452674896,41.57888888888889],[28.098559670781892,41.54],[28.059876543209874,41.50888888888889]]],[[[28.108230452674896,41.57888888888889],[28.12372301434061,41.55358264432898],[28.117885661054046,41.54082098208823],[28.108230452674896,41.57888888888889]]],[[[28.07576565644909,41.50620991943766],[28.117831372077944,41.54070229515215],[28.117540395907742,41.54006616103075],[28.07576565644909,41.50620991943766]]],[[[28.06954732510288,41.501111111111115],[28.075387588117124,41.505899916986564],[28.1112254180407,41.5279307520623],[28.06954732510288,41.501111111111115]]],[[[28.08906874457255,36.71951544915543],[28.04510826278794,36.715202648688106],[28.0937416080675,36.7275692993391],[28.08906874457255,36.71951544915543]]],[[[28.001851851851853,41.26],[28.08888888888889,41.361111111111114],[28.059876543209874,41.306666666666665],[28.001851851851853,41.26]]],[[[28.079218106995885,41.32222222222222],[28.082578668576332,41.32492497174862],[28.079218106995885,41.31441557935843],[28.079218106995885,41.32222222222222]]],[[[28.078987926803027,36.777011171926965],[28.0787756469289,36.7757217870045],[28.073284321880156,36.7735825884757],[28.078987926803027,36.777011171926965]]],[[[28.07588239678901,41.303983903989646],[28.05849877367671,41.266781267331005],[28.04246878686675,41.261555274922145],[28.07588239678901,41.303983903989646]]],[[[28.071815782100824,36.65823976897519],[28.06223078190021,36.665663790239165],[28.075245264252825,36.659002993274946],[28.071815782100824,36.65823976897519]]],[[[28.020240167363305,36.905211099439725],[28.033526123606396,36.90834967282717],[28.0568608788576,36.8766267251272],[28.020240167363305,36.905211099439725]]],[[[28.05020576131687,38.37444444444444],[28.02119341563786,38.413333333333334],[28.02119341563786,38.48177777777778],[28.05020576131687,38.37444444444444]]],[[[28.044453236034602,41.91691779481147],[28.02119341563786,41.98159775146712],[28.040534979423867,41.95893625619457],[28.044453236034602,41.91691779481147]]],[[[28.02119341563786,36.85717250228438],[28.043580950562983,36.86381702994996],[28.02119341563786,36.84222222222222],[28.02119341563786,36.85717250228438]]],[[[28.040534979423867,41.74910276350074],[28.02065855497741,41.77338869302073],[28.040534979423867,41.75375974544311],[28.040534979423867,41.74910276350074]]],[[[28.02119341563786,36.78],[28.02119341563786,36.793304617737434],[28.038741525677626,36.79667023921157],[28.02119341563786,36.78]]],[[[28.02119341563786,36.68666666666667],[28.037163867057895,36.67849300816427],[28.035995490013743,36.67476201961542],[28.02119341563786,36.68666666666667]]],[[[28.03441204156388,37.02296575255732],[28.0261186567594,37.022230749311],[28.020697032367853,37.02453692747593],[28.03441204156388,37.02296575255732]]],[[[27.963168724279836,38.67777777777778],[27.963168724279836,38.708888888888886],[28.02119341563786,38.6],[27.963168724279836,38.67777777777778]]],[[[28.002595758151315,41.19837606837607],[27.992181069958846,41.19],[27.97864197530864,41.20088888888889],[28.002595758151315,41.19837606837607]]],[[[27.721399176954733,39.02777777777778],[27.74074074074074,39.04333333333334],[27.953497942386832,39.04333333333334],[27.721399176954733,39.02777777777778]]],[[[27.721399176954733,39.02777777777778],[27.6633744855967,39.04333333333334],[27.702057613168723,39.04333333333334],[27.721399176954733,39.02777777777778]]],[[[27.953497942386832,39.04333333333334],[27.97283950617284,39.05888888888889],[27.99862825788751,39.05888888888889],[27.953497942386832,39.04333333333334]]],[[[27.982510288065843,41.82],[27.99366295948786,41.80726825121007],[27.995085859577156,41.80463458836774],[27.982510288065843,41.82]]],[[[27.9767062694222,41.9895096522727],[27.986091292518058,41.98464715107148],[27.971866124534994,41.985882923092205],[27.9767062694222,41.9895096522727]]],[[[27.97167082938938,37.030153310182904],[27.94319738736271,37.02111111111111],[27.914814814814815,37.03666666666666],[27.97167082938938,37.030153310182904]]],[[[27.858036337767537,41.99622911695727],[27.89774827671097,41.99232170558575],[27.85693811921503,41.99586697484759],[27.858036337767537,41.99622911695727]]],[[[27.828713431300795,41.961840609869704],[27.8177411010981,41.9808717734104],[27.8287864750617,41.9983125708661],[27.828713431300795,41.961840609869704]]],[[[27.77167766189366,41.96044679667617],[27.6955231212222,41.9780198617562],[27.7397880449414,41.9789878025429],[27.77167766189366,41.96044679667617]]],[[[27.634362139917695,38.67777777777778],[27.69238683127572,38.78666666666667],[27.673045267489712,38.724444444444444],[27.634362139917695,38.67777777777778]]],[[[27.631744389107162,36.98011688220864],[27.617242303215086,36.98504151108943],[27.639569407340556,36.98641019474528],[27.631744389107162,36.98011688220864]]],[[[27.58794238683127,38.52844444444443],[27.57633744855967,38.49111111111111],[27.54732510288066,38.467777777777776],[27.58794238683127,38.52844444444443]]],[[[27.566666666666666,41.39222222222222],[27.556995884773663,41.4],[27.586008230452673,41.40777777777778],[27.566666666666666,41.39222222222222]]],[[[27.564530681601724,37.12715416187932],[27.4722859346593,37.0814672098888],[27.5400426266936,37.1282004633262],[27.564530681601724,37.12715416187932]]],[[[27.556995884773663,39.51777777777778],[27.542594601108707,39.59158230899011],[27.556995884773663,39.58],[27.556995884773663,39.51777777777778]]],[[[27.555819629526898,36.98127621268333],[27.4821586605334,36.9930987033747],[27.43753477851209,37.02987316823666],[27.555819629526898,36.98127621268333]]],[[[27.421604938271606,39.16],[27.52798353909465,39.105555555555554],[27.54732510288066,39.074444444444445],[27.421604938271606,39.16]]],[[[27.537654320987656,38.44444444444444],[27.46028806584362,38.50666666666667],[27.522897365762912,38.47924275137717],[27.537654320987656,38.44444444444444]]],[[[27.429341563786007,38.656],[27.421604938271606,38.66222222222222],[27.49897119341564,38.74],[27.429341563786007,38.656]]],[[[27.49897119341564,38.74],[27.49897119341564,38.864444444444445],[27.518312757201645,38.88],[27.49897119341564,38.74]]],[[[27.515274852911265,37.228667860426505],[27.5000273079966,37.2366734290492],[27.516133262966033,37.24657491321571],[27.515274852911265,37.228667860426505]]],[[[27.457186643540627,37.092065496683134],[27.446179207036494,37.099791685152795],[27.451639223896215,37.098448132251846],[27.457186643540627,37.092065496683134]]],[[[27.450617283950617,38.39],[27.392592592592592,38.40555555555555],[27.34423868312757,38.44444444444444],[27.450617283950617,38.39]]],[[[27.400164257841194,39.380197395347665],[27.38292181069959,39.37777777777778],[27.450617283950617,39.416666666666664],[27.400164257841194,39.380197395347665]]],[[[27.44538396061434,37.10034987358614],[27.413185136424907,37.12295042950084],[27.421604938271606,37.123149881517065],[27.44538396061434,37.10034987358614]]],[[[27.4236352608091,37.035583740962],[27.40771681699655,37.0264916276025],[27.405564568882564,37.02998364405288],[27.4236352608091,37.035583740962]]],[[[27.298326170386865,39.381491631886014],[27.3039608128336,39.385555555555555],[27.353909465020575,39.385555555555555],[27.298326170386865,39.381491631886014]]],[[[27.353909465020575,39.385555555555555],[27.402263374485596,39.33111111111111],[27.421604938271606,39.3],[27.353909465020575,39.385555555555555]]],[[[27.34423868312757,38.553333333333335],[27.402263374485596,38.63111111111111],[27.4119341563786,38.635],[27.34423868312757,38.553333333333335]]],[[[27.379945900544246,37.02204443364741],[27.392137382471088,37.01759314566229],[27.378615124837733,37.00986965832103],[27.379945900544246,37.02204443364741]]],[[[27.3671178065815,37.1552853762008],[27.3871041413833,37.1453439350645],[27.385021195616755,37.142718875555516],[27.3671178065815,37.1552853762008]]],[[[27.36358024691358,38.46],[27.34423868312757,38.50666666666667],[27.352527924750145,38.513333333333335],[27.36358024691358,38.46]]],[[[27.343016512485,37.1312826003225],[27.3251819932884,37.1567165234228],[27.3430856199404,37.1501160148272],[27.343016512485,37.1312826003225]]],[[[27.254564160119717,41.75070707070707],[27.334567901234568,41.656666666666666],[27.26687242798354,41.711111111111116],[27.254564160119717,41.75070707070707]]],[[[27.324457644346968,37.00484865535148],[27.31522633744856,36.989999999999995],[27.276543209876543,36.989999999999995],[27.324457644346968,37.00484865535148]]],[[[27.292886150343392,39.381093889608174],[27.29945884428,39.385555555555555],[27.294360891892023,39.38120171403862],[27.292886150343392,39.381093889608174]]],[[[27.2916683164217,37.1061687700277],[27.2263833902047,37.0578443444916],[27.2388012009756,37.0825115486719],[27.2916683164217,37.1061687700277]]],[[[27.26687242798354,42.097300515841724],[27.24753086419753,42.059086497992396],[27.24753086419753,42.06888888888889],[27.26687242798354,42.097300515841724]]],[[[27.21567163010062,37.34689326152993],[27.214785556478752,37.35243928371524],[27.248653725446,37.3370819893684],[27.21567163010062,37.34689326152993]]],[[[27.24753086419753,39.11333333333333],[27.1798353909465,39.069259259259255],[27.189506172839508,39.08222222222222],[27.24753086419753,39.11333333333333]]],[[[27.228189300411522,39.284444444444446],[27.208847736625515,39.3],[27.208847736625515,39.346666666666664],[27.228189300411522,39.284444444444446]]],[[[27.228189300411522,39.284444444444446],[27.239794238683125,39.181777777777775],[27.228189300411522,39.19111111111111],[27.228189300411522,39.284444444444446]]],[[[27.189506172839508,41.85111111111111],[27.200056116722784,41.868080808080805],[27.20401234567901,41.839444444444446],[27.189506172839508,41.85111111111111]]],[[[27.189506172839508,41.897777777777776],[27.189506172839508,41.94444444444444],[27.19675925925926,41.89194444444445],[27.189506172839508,41.897777777777776]]],[[[26.773662551440328,39.63444444444444],[26.9222195211458,39.5838615894672],[26.87037037037037,39.587777777777774],[26.773662551440328,39.63444444444444]]],[[[26.687960593757634,39.66927630965839],[26.670621889914763,39.63953766678723],[26.691368239728103,39.68683265421573],[26.687960593757634,39.66927630965839]]]]}},{"type":"Feature","id":"maquis","properties":{"id":"maquis","name":"Maki","source":"MEB","source_url":"https://ogmmateryal.eba.gov.tr/kitap/mebi-konu-ozetleri/tyt-cografya/files/basic-html/page91.html","geometry_note":"MEB maki alanı; ayrı garig hedefleri çıkarıldı"},"geometry":{"type":"MultiPolygon","coordinates":[[[[36.0936387682687,37.1498690044065],[36.25102880658436,37.17666666666666],[36.48312757201646,37.30111111111111],[36.599176954732506,37.285555555555554],[36.62818930041152,37.215555555555554],[36.62818930041152,37.16888888888889],[36.5701646090535,37.09111111111111],[36.5798353909465,37.08333333333333],[36.62818930041152,37.12222222222222],[36.60884773662551,37.013333333333335],[36.53148148148148,36.888888888888886],[36.47345679012346,36.904444444444444],[36.46378600823045,36.974444444444444],[36.44444444444444,36.92777777777778],[36.39609053497942,36.93555555555555],[36.51213991769547,36.873333333333335],[36.35740740740741,36.68666666666667],[36.33806584362139,36.593333333333334],[36.260699588477365,36.5],[36.260699588477365,36.40165942861638],[36.18333333333333,36.404635053814225],[36.18333333333333,36.59605333092066],[36.2152295829897,36.6609947699531],[36.1975954875094,36.7964524219492],[36.038271604938274,36.92777777777778],[35.99958847736625,36.92777777777778],[35.78683127572016,36.77222222222222],[35.651440329218104,36.77222222222222],[35.5618848257962,36.710356646644],[35.5892486276263,36.6822790060287],[35.6092361003276,36.7105945928672],[35.716268453920215,36.71547169745545],[35.55473251028806,36.57],[35.4293448967921,36.5913776693669],[35.333964417320615,36.54800164248812],[35.03251028806584,36.709999999999994],[34.9097687309366,36.7263414649926],[34.78106995884774,36.818888888888885],[34.66502057613168,36.818888888888885],[34.50061728395062,36.733333333333334],[34.519958847736625,36.79555555555555],[34.66502057613168,36.958888888888886],[34.78106995884774,37.03666666666666],[34.916460905349794,37.08333333333333],[34.974485596707815,37.09888888888889],[34.99382716049382,37.06777777777778],[35.0125979862829,37.098429869819014],[35.0123859199669,37.0654181811711],[35.013227699883515,37.098936320331845],[35.07119341563786,37.129999999999995],[35.43868312757201,37.129999999999995],[35.55473251028806,37.114444444444445],[35.59341563786008,37.08333333333333],[35.825514403292175,37.08333333333333],[35.980246913580245,37.14555555555555],[36.07695473251029,37.129999999999995],[36.0936387682687,37.1498690044065]],[[36.0874253581913,37.1352314560941],[36.08744319003139,37.13510146195118],[36.0936387682687,37.1498690044065],[36.0874253581913,37.1352314560941]],[[36.59533205466699,37.08843551020796],[36.5963609851535,37.0889626783026],[36.60045627432517,37.095392480017274],[36.59533205466699,37.08843551020796]],[[36.541152263374485,37.06777777777778],[36.567613721594,37.0527624192114],[36.5701646090535,37.059999999999995],[36.541152263374485,37.06777777777778]],[[36.498160145231004,37.007355821470256],[36.50072434520135,37.00997235197352],[36.4984073440146,37.0089317137042],[36.498160145231004,37.007355821470256]],[[36.494393805935296,36.983345408634904],[36.4952132034258,36.9840883992975],[36.497728666813565,37.00460514657908],[36.494393805935296,36.983345408634904]],[[36.471523329123,36.9263276923548],[36.4676193796201,36.9590676326116],[36.470818259406286,36.923797931763076],[36.471523329123,36.9263276923548]],[[36.27037037037037,36.989999999999995],[36.32839506172839,36.92777777777778],[36.35740740740741,36.93555555555555],[36.27037037037037,36.989999999999995]],[[36.21029827017286,37.00561225362412],[36.216834380441824,37.004400682102585],[36.2147315011282,37.0061528915444],[36.21029827017286,37.00561225362412]],[[36.16399176954732,37.013333333333335],[36.134979423868316,37.02111111111111],[36.134979423868316,36.989999999999995],[36.16399176954732,37.013333333333335]],[[36.146607824137966,36.99784512607475],[36.1491563889931,36.9976210764375],[36.159842971291816,36.99945916840729],[36.146607824137966,36.99784512607475]],[[36.038271604938274,37.02111111111111],[35.95123456790123,36.95111111111111],[36.02860082304527,36.99777777777778],[36.105967078189295,37.013333333333335],[36.038271604938274,37.02111111111111]],[[36.073706992622405,37.004253989801924],[36.101409324063795,37.001818620226],[36.075260993846,37.0046721629716],[36.073706992622405,37.004253989801924]],[[36.090964829729,37.0986328930204],[36.09058197600715,37.10246143011208],[36.08781655522776,37.08554680351278],[36.090964829729,37.0986328930204]],[[36.057613168724274,37.05222222222222],[36.0834769313941,37.0675087620732],[36.086625514403295,37.10666666666666],[36.047942386831274,37.07555555555555],[36.057613168724274,37.05222222222222]],[[35.970065778854014,36.94205613832674],[36.0563242457359,36.9995763883606],[36.05472831033598,37.00279595633994],[35.970065778854014,36.94205613832674]],[[35.9566382023291,36.9123264235068],[35.96527963367794,36.93862239282102],[35.9638773182785,36.9376163234221],[35.9566382023291,36.9123264235068]],[[35.129218106995886,36.78777777777778],[35.14855967078189,36.818888888888885],[35.11954732510288,36.79555555555555],[35.129218106995886,36.78777777777778]],[[35.14993365795839,36.7965047972063],[35.147409165245755,36.794114345033606],[35.149850480533,36.7956049884808],[35.14993365795839,36.7965047972063]],[[35.142968417087516,36.79140286725879],[35.13160776270573,36.7895192693421],[35.1375652925723,36.7881037718101],[35.142968417087516,36.79140286725879]],[[35.07119341563786,36.818888888888885],[35.05185185185185,36.78777777777778],[34.90679012345679,36.748888888888885],[35.0272469979509,36.7570013619104],[35.10020576131687,36.79555555555555],[35.07119341563786,36.818888888888885]],[[35.09969214802112,36.78422765643764],[35.095911788180196,36.78360087230343],[35.0965105142569,36.7831634559138],[35.09969214802112,36.78422765643764]],[[35.00789835323009,36.752892585875564],[35.00794211282266,36.751576618084954],[35.0083744550372,36.7513017596491],[35.00789835323009,36.752892585875564]]],[[[36.61065378573619,37.1154732521168],[36.60884773662551,37.11079777930698],[36.61524967163928,37.12737101250989],[36.61065378573619,37.1154732521168]]],[[[36.40052665344705,36.226374442476505],[36.41543209876543,36.25111111111111],[36.40576131687243,36.227777777777774],[36.40052665344705,36.226374442476505]]],[[[36.3661747788593,36.1693650126672],[36.389194662307574,36.207568180482994],[36.39400281625806,36.202765385557896],[36.3661747788593,36.1693650126672]]],[[[36.3661747788593,36.1693650126672],[36.38877141765813,36.043002449851755],[36.373710432484934,36.02530941719847],[36.3661747788593,36.1693650126672]]],[[[36.00925925925926,36.011034461855296],[36.37421118569649,36.01573675029301],[36.3286406694654,35.994641975773355],[36.2895841345826,36.0103511747421],[36.2923255854006,35.9548076910815],[36.212345679012344,35.96333333333333],[36.18333333333333,35.94],[36.1518302245553,35.8086889040767],[36.07695473251029,35.885555555555555],[36.0006634859171,35.885555555555555],[36.0045040830712,35.9404189852265],[35.9180650029345,35.9281393642945],[35.932889510308236,35.96333333333333],[36.00925925925926,35.986666666666665],[36.00925925925926,36.011034461855296]]],[[[36.00925925925926,36.011034461855296],[36.00925925925926,36.04888888888888],[36.12530864197531,36.266666666666666],[36.00925925925926,36.011034461855296]]],[[[35.87508722112103,36.398259990147416],[35.88162444028137,36.40748718079297],[35.895700214487114,36.41569786607754],[35.87508722112103,36.398259990147416]]],[[[35.895700214487114,36.41569786607754],[35.9054956648793,36.4411810703361],[36.02860082304527,36.51555555555555],[35.99320096292517,36.41194783729146],[35.895700214487114,36.41569786607754]]],[[[35.96013344033455,36.32049029882226],[35.97057613168724,36.34937250018745],[35.97057613168724,36.32888888888888],[35.96013344033455,36.32049029882226]]],[[[35.936342440331885,36.25468959385557],[35.95123456790123,36.295877963087925],[35.95123456790123,36.266666666666666],[35.936342440331885,36.25468959385557]]],[[[35.91255144032922,36.18888888888888],[35.931893004115224,36.24238342598841],[35.931893004115224,36.20444444444444],[35.91255144032922,36.18888888888888]]],[[[35.7811310272092,36.3187763157871],[35.87858309371352,36.179872759402485],[35.7906403315422,36.2816766787659],[35.7811310272092,36.3187763157871]]],[[[35.83739403942789,36.366372868558464],[35.81141095506503,36.34439208229639],[35.818893741635,36.35994054672],[35.83739403942789,36.366372868558464]]],[[[33.59156378600823,36.20444444444444],[33.901028806584364,36.39111111111111],[33.93971193415638,36.468888888888884],[34.08477366255144,36.60111111111111],[34.34503269234295,36.62512973537808],[34.27818930041152,36.60111111111111],[34.1673396541719,36.4674398915889],[34.075102880658434,36.42222222222222],[34.074331538190314,36.32826853260602],[33.959053497942385,36.235967407627875],[33.9345888973972,36.2893094854773],[33.85267489711934,36.32111111111111],[33.82366255144033,36.297777777777775],[33.83879658391357,36.27883829278344],[33.68827160493827,36.17333333333333],[33.682420293605,36.13751627395844],[33.6591472385838,36.1890890632723],[33.59156378600823,36.20444444444444]]],[[[33.48518518518519,36.16555555555556],[33.54320987654321,36.196666666666665],[33.59156378600823,36.18888888888888],[33.5526186523653,36.12645594689049],[33.48518518518519,36.16555555555556]]],[[[33.001646090534976,36.10333333333333],[32.97803707613164,36.10016872076437],[32.973643741771845,36.10063547593838],[33.001646090534976,36.10333333333333]]],[[[32.97263374485597,36.23555555555555],[32.85939200849595,36.32111111111111],[32.86625514403292,36.32111111111111],[32.97263374485597,36.23555555555555]]],[[[32.880738945220784,36.09168465918649],[32.93833532288067,36.09723372275635],[32.88559670781893,36.087777777777774],[32.880738945220784,36.09168465918649]]],[[[32.62448559670782,36.266666666666666],[32.77255831096688,36.16555555555556],[32.75020576131687,36.16555555555556],[32.62448559670782,36.266666666666666]]],[[[32.65349794238683,36.47666666666667],[32.57060552616108,36.48777777777777],[32.5761316872428,36.49222222222222],[32.65349794238683,36.47666666666667]]],[[[30.79670781893004,36.989999999999995],[30.874074074074073,36.989999999999995],[30.922427983539094,36.93555555555555],[30.912757201646087,36.86555555555555],[30.72901234567901,36.860301103202914],[30.72901234567901,36.93555555555555],[30.79670781893004,36.989999999999995]]],[[[30.30349794238683,36.733333333333334],[30.342181069958848,36.84222222222222],[30.361522633744855,37.09111111111111],[30.409876543209876,37.129999999999995],[30.506584362139918,37.129999999999995],[30.574279835390946,37.059999999999995],[30.574279835390946,36.873333333333335],[30.53559670781893,36.79555555555555],[30.5737447958007,36.7004836453476],[30.180656231125422,36.65671306126343],[30.30349794238683,36.733333333333334]]],[[[30.481240683603662,36.42517276728597],[30.4824050209565,36.4359830308069],[30.485699528535285,36.42875881703949],[30.481240683603662,36.42517276728597]]],[[[30.4824050209565,36.4359830308069],[30.516199911376024,36.48416361263489],[30.508986650354363,36.44748760863015],[30.4824050209565,36.4359830308069]]],[[[30.47203159949947,36.29620564752753],[30.405542374528398,36.22429199956161],[30.4084231248788,36.2745348983269],[30.349060415027296,36.283908529080314],[30.47203159949947,36.29620564752753]]],[[[30.11653499120648,36.26926147045915],[30.15843621399177,36.32111111111111],[30.148765432098763,36.28222222222222],[30.11653499120648,36.26926147045915]]],[[[29.7619341563786,36.22519590321544],[30.0528304274391,36.2749368488689],[29.974224214230446,36.21962429711867],[29.9243884861401,36.2337673464665],[29.82962962962963,36.196666666666665],[29.77814271131363,36.139702483188884],[29.7594859402622,36.1416709843961],[29.7793918247092,36.1596376060329],[29.703909465020576,36.17333333333333],[29.7619341563786,36.22519590321544]]],[[[30.0528304274391,36.2749368488689],[30.108969235098407,36.259899411087424],[30.107133696576465,36.24873967748301],[30.0528304274391,36.2749368488689]]],[[[26.1376591242344,39.8410800865636],[26.2005371768667,40.0084093254968],[26.331745046757,40.025817173704],[26.3653892930726,40.099403962541],[26.4095119581896,40.1182280817217],[26.4074880237179,40.1963267384646],[26.5215389064297,40.2168668157028],[26.7543982418542,40.4033366312015],[26.9907131232748,40.3853214581888],[27.0926174525783,40.44263562638],[27.2026362693107,40.4338091173056],[27.2794067980683,40.4736428714097],[27.32405372491381,40.41932169554534],[27.305555555555557,40.388888888888886],[27.4398341225391,40.3216266803026],[27.7588540932699,40.3058931149175],[27.8739662723616,40.3718828363946],[27.793190370116115,40.39218289341253],[27.6884387150748,40.4785149892566],[27.7195316881459,40.5219594238266],[27.992894254803048,40.48942641729552],[28.02119341563786,40.45241701535594],[27.8971028894208,40.3904382910534],[27.9589217311109,40.352156124302],[28.1803239698125,40.3976212646822],[28.191523509524576,40.33980425584937],[28.1839455281182,40.3981829963914],[28.2561486778689,40.4014176337793],[28.5095181548685,40.394669140226],[28.6552577673001,40.3613399478194],[28.7795398682218,40.3944100314681],[28.9271058621599,40.3564634355235],[29.0541024923864,40.3631592222738],[29.0843719441645,40.4130165871948],[29.1532426803221,40.4302692438267],[29.0834298253243,40.4773297292048],[28.965128338844337,40.458888888888886],[28.883645738413,40.480218629746],[28.7840307174281,40.5402642653263],[28.9953247398833,40.6450786127028],[29.212014167502623,40.660053853937605],[29.59753086419753,40.56777777777778],[29.732921810699587,40.49],[29.7619341563786,40.43555555555555],[29.742592592592594,40.373333333333335],[29.636213991769548,40.31888888888889],[29.03662551440329,40.31888888888889],[29.00761316872428,40.29555555555556],[29.03662551440329,40.25666666666667],[29.31707818930041,40.26444444444444],[29.2880658436214,40.19444444444444],[29.17201646090535,40.19444444444444],[29.12366255144033,40.15555555555556],[29.143004115226336,40.093333333333334],[29.259053497942386,40.01555555555556],[29.259053497942386,39.96888888888889],[29.210699588477365,39.93],[29.133333333333333,39.93],[29.017283950617283,39.992222222222225],[28.804526748971192,39.992222222222225],[28.51440329218107,39.75888888888889],[28.41769547325103,39.727777777777774],[28.243621399176956,39.77444444444444],[28.011522633744857,39.93],[27.837448559670783,39.96111111111111],[27.52798353909465,39.96111111111111],[27.43127572016461,39.97666666666667],[27.43127572016461,40.02333333333333],[27.4119341563786,39.992222222222225],[27.29588477366255,39.992222222222225],[27.083127572016462,40.132222222222225],[27.005761316872427,40.147777777777776],[26.851028806584363,40.147777777777776],[26.618930041152264,40.07],[26.338477366255145,39.86],[26.16215167532133,39.6715224584972],[26.1634536016254,39.8178682099381],[26.1376591242344,39.8410800865636]],[[29.48148148148148,40.583333333333336],[29.452469135802467,40.56],[29.500823045267488,40.52111111111111],[29.573004639531508,40.53959364604649],[29.500823045267488,40.55222222222222],[29.48148148148148,40.583333333333336]],[[29.3718478666898,40.5652861007234],[29.370512552318893,40.56489610449613],[29.375450747955657,40.562951386140455],[29.3718478666898,40.5652861007234]],[[29.17201646090535,40.52111111111111],[29.2448054196387,40.5281816733821],[29.17201646090535,40.55222222222222],[29.17201646090535,40.52111111111111]],[[29.0412811277803,40.5653727718235],[29.035215176828242,40.5625190854891],[29.048195341295536,40.565040412513994],[29.0412811277803,40.5653727718235]],[[28.290909290198,39.8935233395719],[28.379012345679012,39.852222222222224],[28.44670781893004,39.86],[28.28230452674897,39.91444444444444],[28.262962962962963,39.97666666666667],[28.25329218106996,39.922222222222224],[28.290909290198,39.8935233395719]],[[28.195267489711934,40.03111111111111],[28.18559670781893,40.07],[28.175925925925924,40.03111111111111],[28.195267489711934,40.03111111111111]],[[28.2007019512345,40.0320534552379],[28.199704409596624,40.03316319256538],[28.193507980050672,40.027676400410506],[28.2007019512345,40.0320534552379]],[[28.08888888888889,40.28777777777778],[28.097146227816634,40.247789446057745],[28.1615301193492,40.260778849827],[28.08888888888889,40.28777777777778]],[[27.402263374485596,40.17111111111111],[27.440946502057614,40.202222222222225],[27.36358024691358,40.14],[27.43127572016461,40.03888888888889],[27.46028806584362,40.062222222222225],[27.402263374485596,40.12444444444444],[27.402263374485596,40.17111111111111]],[[27.450609404744814,40.04355778097086],[27.4510627898143,40.0469274310741],[27.44963138555997,40.04928617845797],[27.450609404744814,40.04355778097086]],[[27.448597817075093,39.986761845360185],[27.445708937082063,39.98978994845107],[27.4464279311126,39.9874103170287],[27.448597817075093,39.986761845360185]],[[27.444094082555466,39.99513458054931],[27.44678898934021,40.01516367620453],[27.4427452890409,39.9995986390717],[27.444094082555466,39.99513458054931]]],[[[29.542480422468877,40.53666666666667],[29.537768624075706,40.53621485043465],[29.539506172839506,40.53666666666667],[29.542480422468877,40.53666666666667]]],[[[28.621874781858118,36.703101183896294],[28.64012345679012,36.78],[28.64012345679012,36.717777777777776],[28.621874781858118,36.703101183896294]]],[[[28.615358488597195,36.76378141978014],[28.6134299728254,36.7647742416161],[28.615151315675917,36.76571063033413],[28.615358488597195,36.76378141978014]]],[[[28.290909290198,39.8935233395719],[28.30164609053498,39.89888888888889],[28.326384140345958,39.87899318074304],[28.290909290198,39.8935233395719]]],[[[28.108230452674896,36.60111111111111],[27.98112331070394,36.56110673830137],[27.9611075523328,36.603514751876],[28.0632050316852,36.607115628274],[28.098559670781892,36.64],[28.108230452674896,36.60111111111111]]],[[[28.01934878663738,36.66962755842562],[27.9758519623057,36.692997101858],[28.02106765347071,36.7],[28.01934878663738,36.66962755842562]]],[[[28.0167196039591,36.839210892102],[28.011522633744857,36.83444444444444],[28.0031883650622,36.8355946924797],[28.0167196039591,36.839210892102]]],[[[27.8219598327445,36.8130248010268],[28.011663254328536,36.79360518171351],[27.795787763365592,36.80041350255885],[27.8219598327445,36.8130248010268]]],[[[27.963168724279836,40.980000000000004],[27.86406800690965,40.97222222222222],[27.85679012345679,40.98777777777778],[27.963168724279836,40.980000000000004]]],[[[27.876131687242797,37.64333333333333],[27.895473251028807,37.65888888888889],[27.9406035665295,37.65888888888889],[27.876131687242797,37.64333333333333]]],[[[27.876131687242797,37.64333333333333],[27.84389574759945,37.648518518518514],[27.85679012345679,37.65888888888889],[27.876131687242797,37.64333333333333]]],[[[27.798765432098765,36.77222222222222],[27.780967460476017,36.75790810887456],[27.7245400850981,36.7604534845788],[27.798765432098765,36.77222222222222]]],[[[27.798765432098765,36.77222222222222],[27.861603519837935,36.75221797845055],[27.8395799884781,36.7456446761457],[27.798765432098765,36.77222222222222]]],[[[27.827777777777776,37.651111111111106],[27.779423868312758,37.65888888888889],[27.818106995884772,37.65888888888889],[27.827777777777776,37.651111111111106]]],[[[27.68106655566684,36.706020157715315],[27.67941940822766,36.70204597644717],[27.67762563802024,36.70171177517959],[27.68106655566684,36.706020157715315]]],[[[27.67625851767435,36.7],[27.66337448559671,36.663333333333334],[27.575945440491,36.6848337605281],[27.47694218924461,36.65339416733101],[27.4059837336361,36.6636450359962],[27.372075288574898,36.7],[27.67625851767435,36.7]]],[[[27.643977461849,36.805201323704],[27.626933549144823,36.784883909070594],[27.6245238408849,36.797584255466],[27.643977461849,36.805201323704]]],[[[27.634362139917695,37.93111111111111],[27.50864197530864,37.95444444444444],[27.605349794238684,37.95444444444444],[27.634362139917695,37.93111111111111]]],[[[26.290123456790123,40.08555555555556],[26.1708324945506,40.0456143439578],[26.2783177331675,40.218128070477],[26.221058609951,40.3201126347167],[26.5932649662668,40.4981271725242],[26.7013004392959,40.5097746444933],[26.746599627906,40.5575445401334],[26.7960730884623,40.5567072289915],[26.8382104839005,40.5884991544959],[26.831687242798353,40.614444444444445],[26.967078189300413,40.69222222222222],[27.00495330011269,40.67043177459388],[27.01543209876543,40.73111111111111],[27.07345679012346,40.79333333333334],[27.373251028806585,41.01888888888889],[27.54732510288066,41.034444444444446],[27.615020576131688,41.01111111111111],[27.479629629629628,40.94888888888889],[27.456489475375662,40.85250051896643],[27.324897119341564,40.76222222222222],[27.237860082304525,40.66111111111111],[27.142040868512254,40.61515910985312],[27.044444444444444,40.614444444444445],[26.98984899827932,40.55498021090928],[26.909053497942388,40.55222222222222],[26.696296296296296,40.458888888888886],[26.582207441757973,40.32046565410417],[26.35781893004115,40.217777777777776],[26.367489711934155,40.147777777777776],[26.290123456790123,40.08555555555556]]],[[[27.39466448921062,37.78333333333333],[27.48273602582691,37.79360944677616],[27.469958847736624,37.78333333333333],[27.39466448921062,37.78333333333333]]],[[[27.424480463477803,36.72330953055514],[27.4239820526652,36.7448242982773],[27.44900903724497,36.74711360663607],[27.424480463477803,36.72330953055514]]],[[[27.401416217149364,37.484229554285804],[27.448088794918494,37.485744227024284],[27.43127572016461,37.47222222222222],[27.401416217149364,37.484229554285804]]],[[[27.4119341563786,37.86111111111111],[27.392592592592592,37.845555555555556],[27.366803840877914,37.85592592592592],[27.4119341563786,37.86111111111111]]],[[[27.382219742858826,37.483606567991224],[27.353909465020575,37.47222222222222],[27.32982743653718,37.481906271974054],[27.382219742858826,37.483606567991224]]],[[[27.334567901234568,37.907777777777774],[27.35083913903958,37.870460382612116],[27.324897119341564,37.9],[27.334567901234568,37.907777777777774]]],[[[27.328795309847802,37.596666666666664],[27.310917670689488,37.59320139850724],[27.31522633744856,37.596666666666664],[27.328795309847802,37.596666666666664]]],[[[27.305555555555557,36.98222222222222],[27.2904674501426,36.9674182942971],[27.265042349489782,36.9651948163036],[27.305555555555557,36.98222222222222]]],[[[27.26134543932659,37.76777777777777],[27.301745972755946,37.77249167832523],[27.29588477366255,37.76777777777777],[27.26134543932659,37.76777777777777]]],[[[27.180341264067,37.4770549729663],[27.298061621767417,37.48087537083366],[27.276543209876543,37.47222222222222],[27.180341264067,37.4770549729663]]],[[[27.112139917695472,38.297777777777775],[27.06378600823045,38.358888888888885],[27.112139917695472,38.32],[27.112139917695472,38.297777777777775]]],[[[26.82201646090535,39.33111111111111],[26.860699588477367,39.42444444444445],[26.860699588477367,39.39333333333333],[26.82201646090535,39.33111111111111]]],[[[26.82201646090535,38.75555555555555],[26.78634748896008,38.74316899217112],[26.80508588659318,38.752232406986806],[26.82201646090535,38.75555555555555]]],[[[26.7268585079561,38.7225105881383],[26.7391428575699,38.739289049102],[26.76603929539155,38.73611667994733],[26.7268585079561,38.7225105881383]]],[[[26.7268585079561,38.7225105881383],[26.737555423416833,38.68784794336262],[26.7287877943668,38.6966419666236],[26.7268585079561,38.7225105881383]]],[[[26.7459293524541,38.6362079594887],[26.744954770671868,38.66387084955323],[26.753148493541108,38.63731963427538],[26.7459293524541,38.6362079594887]]],[[[26.613441807840147,39.284092811222926],[26.734979423868314,39.26111111111111],[26.610144418453633,39.276666666666664],[26.613441807840147,39.284092811222926]]],[[[26.6747803152459,38.3891042031221],[26.6874262702112,38.4169303443846],[26.716731108549702,38.4284350881354],[26.6747803152459,38.3891042031221]]],[[[26.6747803152459,38.3891042031221],[26.7019425142253,38.323711735469],[26.6759070970014,38.3484854775746],[26.6747803152459,38.3891042031221]]],[[[26.6314123498653,39.2983594551856],[26.6506956269339,39.3230811484274],[26.6536330913808,39.3033445545435],[26.6314123498653,39.2983594551856]]],[[[26.6506956269339,39.3230811484274],[26.621895226186222,39.29293981625556],[26.625631787199,39.3115462109418],[26.6506956269339,39.3230811484274]]],[[[26.5856301670338,38.4247633077222],[26.5888699203066,38.4702101294384],[26.6035509563869,38.4511424228539],[26.5856301670338,38.4247633077222]]],[[[26.5856301670338,38.4247633077222],[26.620118874318397,38.40459943015811],[26.64385496339288,38.34869770648208],[26.5856301670338,38.4247633077222]]],[[[26.6355186368144,38.2017298490558],[26.63498676333126,38.199008309649734],[26.63460235529245,38.19880046767653],[26.6355186368144,38.2017298490558]]],[[[26.618046964903737,38.145872354242364],[26.626857556499697,38.17404009782702],[26.62455613978584,38.14563593086322],[26.618046964903737,38.145872354242364]]],[[[26.21275720164609,39.525555555555556],[26.56090534979424,39.57222222222222],[26.58991769547325,39.54888888888889],[26.42551440329218,39.525555555555556],[26.3698520728742,39.482496010725],[26.125720164609053,39.471111111111114],[26.21275720164609,39.525555555555556]]],[[[26.0367684461311,40.7301288665613],[26.251440329218106,40.67666666666667],[26.570576131687243,40.62222222222222],[26.54011451948345,40.59888888888889],[26.30946502057613,40.614444444444445],[26.14594350994785,40.59182028861527],[26.0738318404635,40.6197048449246],[26.0367684461311,40.7301288665613]]],[[[26.5703516275356,38.558344727145],[26.54137101703824,38.61176544639837],[26.5613682121822,38.6009843267706],[26.5703516275356,38.558344727145]]],[[[26.463578931515695,38.20141486665171],[26.5159324540382,38.1864986285015],[26.5031947143254,38.1763255044654],[26.463578931515695,38.20141486665171]]],[[[26.4175983741286,38.6800773563607],[26.4759988809658,38.6740089109503],[26.49832769987867,38.65702814679233],[26.4175983741286,38.6800773563607]]],[[[26.3941087675634,38.2212078712084],[26.423510847673462,38.21283081446222],[26.427148937897233,38.20201875018289],[26.3941087675634,38.2212078712084]]],[[[26.3718459129412,38.5307805941015],[26.380956363913377,38.53820753194393],[26.4112552087835,38.4940481597292],[26.3718459129412,38.5307805941015]]],[[[26.36768941988842,38.2498147485163],[26.3931206022133,38.2579978350935],[26.377160493827162,38.241029267207765],[26.36768941988842,38.2498147485163]]],[[[26.2986562934955,38.3239719816941],[26.28171423243826,38.302270568036406],[26.2824448314599,38.3241685091472],[26.2986562934955,38.3239719816941]]]]}},{"type":"Feature","id":"garig-veg","properties":{"id":"garig-veg","name":"Garig (Frigana)","source":"MEB","source_url":"https://ogmmateryal.eba.gov.tr/kitap/mebi-konu-ozetleri/tyt-cografya/files/basic-html/page91.html","geometry_note":"MEB maki alanında Ege yarımadaları ve sığ topraklı Akdeniz kıyıları"},"geometry":{"type":"MultiPolygon","coordinates":[[[[36.41543209876543,36.25111111111111],[36.3661747788593,36.1693650126672],[36.37421118569649,36.01573675029301],[36.00925925925926,36.011034461855296],[36.12530864197531,36.266666666666666],[36.12530864197531,36.32888888888888],[36.18333333333333,36.404635053814225],[36.260699588477365,36.40165942861638],[36.41543209876543,36.25111111111111]]],[[[35.99320096292517,36.41194783729146],[35.91255144032922,36.18888888888888],[35.91255144032922,36.13145588823007],[35.7811310272092,36.3187763157871],[35.895700214487114,36.41569786607754],[35.99320096292517,36.41194783729146]]],[[[32.880738945220784,36.09168465918649],[32.62448559670782,36.266666666666666],[32.64382716049383,36.31333333333333],[32.63415637860082,36.336666666666666],[32.59547325102881,36.29],[32.50843621399177,36.37555555555555],[32.48909465020576,36.406666666666666],[32.50843621399177,36.468888888888884],[32.53744855967078,36.49222222222222],[32.65349794238683,36.47666666666667],[32.97263374485597,36.23555555555555],[33.08868312757202,36.11111111111111],[33.08868312757202,36.08048037831441],[33.001646090534976,36.10333333333333],[32.880738945220784,36.09168465918649]],[[32.6602537360899,36.38775953944],[32.6568717989871,36.398948378522626],[32.65967100627724,36.38515816665768],[32.6602537360899,36.38775953944]],[[32.6435420644196,36.4430486236059],[32.6377479839895,36.44591203051582],[32.64474184468158,36.439079256974345],[32.6435420644196,36.4430486236059]],[[32.614814814814814,36.44555555555555],[32.64382716049383,36.45333333333333],[32.59547325102881,36.47666666666667],[32.614814814814814,36.44555555555555]]],[[[32.64237919792495,36.31216880173539],[32.62999796129708,36.29040079621248],[32.62448559670782,36.280709261640474],[32.62448559670782,36.297777777777775],[32.64237919792495,36.31216880173539]]],[[[29.7619341563786,36.28222222222222],[29.936008230452675,36.56222222222222],[30.100411522633745,36.647777777777776],[30.5737447958007,36.7004836453476],[30.55493827160494,36.62444444444444],[30.5914974331305,36.5915135215501],[30.4824050209565,36.4359830308069],[30.477572016460904,36.39111111111111],[30.527166779228953,36.33766462953591],[30.47203159949947,36.29620564752753],[30.349060415027296,36.283908529080314],[30.293827160493827,36.32111111111111],[30.15843621399177,36.32111111111111],[30.108969235098407,36.259899411087424],[30.0528304274391,36.2749368488689],[29.7619341563786,36.22519590321544],[29.7619341563786,36.28222222222222]]],[[[28.64012345679012,36.78],[28.621874781858118,36.703101183896294],[28.61111111111111,36.80333333333333],[28.64012345679012,36.78]]],[[[28.51440329218107,36.818888888888885],[28.5415976988371,36.7951971236525],[28.5010908645663,36.7924109955387],[28.51440329218107,36.818888888888885]]],[[[27.750411522633744,37.495555555555555],[27.180341264067,37.4770549729663],[27.168290208173005,37.565555555555555],[27.489300411522635,37.62777777777778],[27.779423868312758,37.65888888888889],[27.876131687242797,37.64333333333333],[28.06954732510288,37.69],[28.117901234567903,37.651111111111106],[28.117901234567903,37.60444444444444],[28.06954732510288,37.565555555555555],[27.914814814814815,37.50333333333333],[27.779423868312758,37.48777777777778],[27.769753086419755,37.511111111111106],[27.74074074074074,37.534444444444446],[27.644032921810698,37.534444444444446],[27.74074074074074,37.51888888888889],[27.750411522633744,37.495555555555555]],[[27.586008230452673,37.534444444444446],[27.605349794238684,37.565555555555555],[27.57633744855967,37.54222222222222],[27.586008230452673,37.534444444444446]],[[27.6075425430861,37.5429351753439],[27.5908502556105,37.5342374440914],[27.60909584812884,37.54224517413184],[27.6075425430861,37.5429351753439]],[[27.5138688447617,37.5461156886549],[27.513596816113722,37.54580003279097],[27.5299661383619,37.5479980334595],[27.5138688447617,37.5461156886549]],[[27.471598939365165,37.5269799961343],[27.47980423136974,37.5374804746344],[27.4771955749094,37.5374179578108],[27.471598939365165,37.5269799961343]]],[[[27.4039484583135,36.703383976886],[27.4646164310762,36.7622600066555],[27.6102569586967,36.7650043656414],[27.643977461849,36.805201323704],[28.02119341563786,36.793304617737434],[27.99412991510485,36.75823403574153],[27.8949934522591,36.7415884323949],[27.798765432098765,36.77222222222222],[27.7245400850981,36.7604534845788],[27.67625851767435,36.7],[27.372075288574898,36.7],[27.3631445146582,36.7095751357422],[27.4039484583135,36.703383976886]]],[[[28.011522633744857,36.83444444444444],[28.0167196039591,36.839210892102],[28.0124252573299,36.8559369629402],[28.02119341563786,36.84222222222222],[28.011522633744857,36.83444444444444]]],[[[28.02106765347071,36.7],[28.01120584712129,36.7001901629268],[28.02119341563786,36.70222222222222],[28.02106765347071,36.7]]],[[[27.769986629205118,37.495367727528176],[27.769753086419755,37.495555555555555],[27.769753086419755,37.50252970411307],[27.769986629205118,37.495367727528176]]],[[[27.35083913903958,37.870460382612116],[27.334567901234568,37.907777777777774],[27.450617283950617,37.92333333333333],[27.50864197530864,37.95444444444444],[27.634362139917695,37.93111111111111],[27.634362139917695,37.9],[27.52798353909465,37.79888888888889],[27.26134543932659,37.76777777777777],[27.2693877277498,37.8126002345211],[27.2371830761848,37.8381004630318],[27.263856124292644,37.907777777777774],[27.35083913903958,37.870460382612116]],[[27.34423868312757,37.85333333333333],[27.3923926975294,37.8253301659093],[27.440946502057614,37.85333333333333],[27.4119341563786,37.86111111111111],[27.34423868312757,37.85333333333333]]],[[[27.467060505445488,37.93655788168453],[27.469958847736624,37.93888888888889],[27.47333796210823,37.93888888888889],[27.467060505445488,37.93655788168453]]],[[[27.305555555555557,36.98222222222222],[27.265042349489782,36.9651948163036],[27.258603654354435,37.00442798295182],[27.305555555555557,36.98222222222222]]],[[[26.777062444922,38.1631054426454],[26.7583358112589,38.2203174300268],[26.6355186368144,38.2017298490558],[26.60925925925926,38.117777777777775],[26.583404738914766,38.11],[26.5703489545055,38.1430256709688],[26.553212431800578,38.11936848533938],[26.521648142107,38.1423038438497],[26.5159324540382,38.1864986285015],[26.3941087675634,38.2212078712084],[26.3931206022133,38.2579978350935],[26.319921991112867,38.23444444444444],[26.290123456790123,38.26555555555555],[26.233572045809,38.2662934366817],[26.233009539031,38.2919060446401],[26.2727394620432,38.2907746110706],[26.2986562934955,38.3239719816941],[26.2828473411291,38.3740697698605],[26.3023713117195,38.3560273671109],[26.3157881066609,38.375703965688],[26.3129742116031,38.3374956273557],[26.3757992198638,38.3086783772263],[26.384595873177663,38.345131167718584],[26.4089037389013,38.3324784387902],[26.4779397286196,38.3743144468788],[26.4515879793696,38.4270504246751],[26.4927139036867,38.4008979736626],[26.5164366146491,38.4287488965382],[26.44485596707819,38.483333333333334],[26.392694919066997,38.4569380885735],[26.4112552087835,38.4940481597292],[26.361436848948,38.5666564556736],[26.3640399109889,38.6610694935842],[26.4175983741286,38.6800773563607],[26.5202046215845,38.6507820181591],[26.5703516275356,38.558344727145],[26.6237467072035,38.5248863347322],[26.6406910354968,38.4705234966754],[26.5888699203066,38.4702101294384],[26.5856301670338,38.4247633077222],[26.6664995186097,38.3191145766973],[26.7019425142253,38.323711735469],[26.6747803152459,38.3891042031221],[26.7246469187717,38.435856540678],[26.7629358122624,38.3699538954117],[26.803801748228,38.355348206066],[26.935359060798017,38.384399166705705],[27.06378600823045,38.358888888888885],[27.13148148148148,38.27333333333333],[27.092798353909465,38.19555555555556],[26.967078189300413,38.11],[26.84807599671967,38.107625186959886],[26.8247680198712,38.1582273345942],[26.777062444922,38.1631054426454]]],[[[26.860699588477367,38.724444444444444],[26.880041152263374,38.66222222222222],[26.831687242798353,38.623333333333335],[26.7599784122194,38.6151877359855],[26.7268585079561,38.7225105881383],[26.82201646090535,38.75555555555555],[26.860699588477367,38.724444444444444]]],[[[26.613441807840147,39.284092811222926],[26.6506956269339,39.3230811484274],[26.6314123498653,39.2983594551856],[26.6698431295283,39.2789202328989],[26.6611888294641,39.3014158710037],[26.7022753008085,39.3361347333955],[26.6845875343581,39.3451576173296],[26.8080083012432,39.3958353395509],[26.7971993164865,39.4314781296174],[26.860699588477367,39.42444444444445],[26.82201646090535,39.33111111111111],[26.734979423868314,39.26111111111111],[26.613441807840147,39.284092811222926]]]]}},{"type":"Feature","id":"pseudomaquis-veg","properties":{"id":"pseudomaquis-veg","name":"Psödomaki","source":"MEB","source_url":"https://ogmmateryal.eba.gov.tr/kitap/mebi-konu-ozetleri/tyt-cografya/files/basic-html/page91.html","geometry_note":"MEB orman alanının Karadeniz kıyı kuşağı"},"geometry":{"type":"MultiPolygon","coordinates":[[[[30.43336467638301,40.893336467638306],[30.506584362139918,41.065555555555555],[30.874074074074073,41.05],[30.88921604826867,41.077733568843975],[30.96119858161256,41.073403681949394],[30.932098765432098,40.97222222222222],[30.96111111111111,41.01111111111111],[31.019135802469137,41.05777777777778],[30.979436728850402,41.07415041334537],[31.2780506343556,41.1111034187406],[31.280246913580246,41.096666666666664],[31.33827160493827,41.08111111111111],[31.33827160493827,41.11222222222222],[31.281187320406865,41.11222222222222],[31.4092110213078,41.2112899552017],[31.42115443129,41.2716077184725],[31.3985508113318,41.3145513398221],[31.6135335250525,41.3795443821879],[32.0533689198902,41.581867282505],[32.12443676972619,41.56258536045995],[32.0908519922063,41.5865017926817],[32.1533691386619,41.6093184555183],[32.2256373563063,41.6850383019522],[32.3816650984746,41.7508795448477],[32.4143103691554,41.7393436513108],[32.5799641768853,41.8266050246212],[32.71342689364686,41.8418018221781],[32.76954732510288,41.78111111111111],[32.84691358024691,41.73444444444445],[32.85658436213991,41.742222222222225],[32.76954732510288,41.79666666666667],[32.72755644328365,41.845993612281084],[32.9594336755717,41.8871332745018],[33.192052963754875,41.970197592743716],[33.388477366255145,41.92111111111111],[33.7559670781893,41.92111111111111],[33.87201646090535,41.89],[34.239506172839505,41.90555555555556],[34.27818930041152,41.812222222222225],[34.30720164609053,41.85111111111111],[34.26851851851852,41.897777777777776],[34.37042423999731,41.9486248852177],[34.4917039060765,41.976142343412],[34.529629629629625,41.952222222222225],[34.7201758959639,41.9436855224383],[34.89711934156378,41.983333333333334],[35.06152263374486,41.882222222222225],[35.10020576131687,41.82],[35.11954732510288,41.72666666666667],[35.080864197530865,41.63333333333333],[35.10987654320988,41.61],[35.18724279835391,41.57888888888889],[35.26460905349794,41.61],[35.303292181069956,41.59444444444445],[35.38065843621399,41.656666666666666],[35.67078189300411,41.641111111111115],[35.74814814814815,41.61],[35.89320987654321,41.50888888888889],[35.931893004115224,41.446666666666665],[35.96090534979424,41.25222222222222],[36.057613168724274,41.29888888888889],[36.27037037037037,41.31444444444445],[36.389725297444,41.253713888049],[36.50246913580247,41.25222222222222],[36.61851851851851,41.205555555555556],[36.715226337448556,41.12777777777778],[36.869958847736626,41.11222222222222],[36.947325102880654,41.08111111111111],[36.947325102880654,41.05],[37.17942386831275,41.08111111111111],[37.37283950617284,41.065555555555555],[37.56625514403292,40.94111111111111],[37.759670781893,40.910000000000004],[37.85637860082304,40.910000000000004],[38.047677990216386,40.9705202181362],[38.2852324336012,40.9440884589298],[38.3609508932639,40.9089742600739],[38.5327778765169,40.918166472691],[38.624968068856,40.9727489854347],[38.7110758731179,40.9497597852219],[38.9333542619339,41.0427372215554],[39.0134312801221,41.0315531930408],[39.136305149949116,41.06283448696764],[39.248971193415635,41.034444444444446],[39.4037037037037,41.05],[39.55843621399177,41.00333333333334],[39.7205225564559,41.0129789784736],[39.8766332302609,40.9540382386149],[40.040599123585,40.95777347081888],[40.1202249502993,40.9128519655787],[40.2285944248991,40.9270653960107],[40.32591240067771,40.982802361017875],[40.39979423868313,40.93333333333334],[40.39979423868313,40.90222222222222],[40.43847736625514,40.87111111111111],[40.419135802469135,40.84],[40.44814814814815,40.83222222222222],[40.47716049382716,40.855555555555554],[40.419135802469135,40.90222222222222],[40.39979423868313,40.964444444444446],[40.33142569007798,40.987236453344046],[40.3813701912114,41.0241919137503],[40.5460843868496,41.028526733751],[40.7108049789723,41.0836371163465],[40.8023874534698,41.1610024946942],[41.0558594081279,41.2148309580501],[41.257536136208,41.3360489253072],[41.4093078056346,41.3864260823677],[41.5489804784879,41.5198163569214],[41.6344220679762,41.4868969445599],[41.7085917474073,41.4959577277295],[41.8221113164571,41.4322076363945],[41.9560472783354,41.5236028540544],[42.0396542210942,41.4940541822768],[42.1786236947264,41.5141508002142],[42.5191992015297,41.4370036926446],[42.5127214101585,41.4719147246558],[42.5701224666226,41.5087077338536],[42.60576870738837,41.58583329963706],[42.73045267489712,41.47],[42.846502057613165,41.43888888888889],[43.010905349794236,41.275555555555556],[43.010905349794236,41.24444444444445],[42.92386831275719,41.19],[42.73045267489712,41.14333333333333],[42.54670781893004,40.980000000000004],[42.55637860082304,40.94111111111111],[42.32427983539094,40.86333333333334],[41.995473251028805,40.81666666666667],[41.85041152263374,40.73111111111111],[41.89876543209876,40.67666666666667],[42.03415637860082,40.614444444444445],[42.36296296296296,40.67666666666667],[42.49835390946502,40.66111111111111],[42.52736625514403,40.62222222222222],[42.50802469135802,40.48222222222222],[42.54670781893004,40.48222222222222],[42.52736625514403,40.57555555555555],[42.53703703703704,40.583333333333336],[42.566049382716045,40.544444444444444],[42.566049382716045,40.404444444444444],[42.50802469135802,40.29555555555556],[42.40164609053498,40.25666666666667],[42.26625514403292,40.25666666666667],[41.995473251028805,40.35],[41.91810699588477,40.412222222222226],[41.82139917695473,40.39666666666667],[41.81172839506173,40.31111111111111],[41.64732510288066,40.11666666666667],[41.411083757317144,40.091108375731714],[41.386213991769544,40.15555555555556],[41.54094650205761,40.46666666666667],[41.5216049382716,40.49777777777778],[41.54094650205761,40.56],[41.46358024691358,40.61852274628043],[41.54468077583443,40.6627709732389],[41.46358024691358,40.62222222222222],[41.5119341563786,40.66111111111111],[41.60864197530864,40.69222222222222],[41.782716049382714,40.64555555555555],[41.79238683127572,40.66888888888889],[41.56995884773662,40.70777777777778],[41.45390946502057,40.63],[41.39588477366255,40.63],[41.30884773662551,40.653333333333336],[41.35720164609053,40.723333333333336],[41.2798353909465,40.66111111111111],[40.77695473251028,40.63],[40.77695473251028,40.66111111111111],[40.71893004115226,40.614444444444445],[40.486831275720164,40.53666666666667],[40.45781893004115,40.59111111111111],[40.52551440329218,40.614444444444445],[40.863991769547326,40.88666666666667],[40.90267489711934,40.995555555555555],[40.85432098765432,41.05],[40.71893004115226,41.05],[40.64156378600823,41.00333333333334],[40.49650205761317,40.77777777777778],[40.46748971193416,40.754444444444445],[40.428806584362135,40.81666666666667],[40.45781893004115,40.74666666666667],[40.15802469135802,40.56777777777778],[40.1033308168627,40.5976528172517],[40.11873511046955,40.58284559002776],[40.022633744855966,40.52111111111111],[39.974279835390945,40.544444444444444],[40.03230452674897,40.57555555555555],[40.022633744855966,40.59888888888889],[39.96460905349794,40.55222222222222],[39.89691358024691,40.57555555555555],[39.974279835390945,40.528888888888886],[39.94526748971193,40.50555555555555],[39.73251028806584,40.49],[39.53909465020576,40.56777777777778],[39.3843621399177,40.56777777777778],[39.33600823045268,40.49777777777778],[39.34567901234568,40.39666666666667],[39.519753086419755,40.35],[39.82921810699588,40.35],[40.04197530864197,40.39666666666667],[40.27407407407407,40.50555555555555],[40.43847736625514,40.513333333333335],[40.11934156378601,40.31888888888889],[39.90658436213992,40.22555555555556],[39.82921810699588,40.21],[39.82921810699588,40.24111111111111],[39.79053497942387,40.19444444444444],[39.52081358991715,40.12395932050414],[39.0,40.15],[38.80740740740738,40.17888888888889],[38.90082304526749,40.19444444444444],[39.11358024691358,40.147777777777776],[39.4037037037037,40.147777777777776],[39.47139917695473,40.18666666666667],[39.45205761316872,40.202222222222225],[39.47139917695473,40.217777777777776],[39.3843621399177,40.272222222222226],[39.30699588477366,40.28777777777778],[38.74609053497942,40.272222222222226],[38.630041152263374,40.28777777777778],[38.59135802469136,40.31888888888889],[38.18518518518518,40.31888888888889],[38.14650205761316,40.35],[38.14650205761316,40.303333333333335],[38.038473925430445,40.294228911185435],[37.75,40.3375],[37.77901234567901,40.39666666666667],[37.74032921810699,40.39666666666667],[37.709665763324296,40.34355013550136],[37.56625514403292,40.42777777777778],[37.56625514403292,40.38111111111111],[37.68588979223125,40.34711653116531],[37.0,40.45],[36.00754094679834,40.49962295266008],[35.980246913580245,40.52111111111111],[35.99282534119667,40.50035873294017],[35.67246376811594,40.5163768115942],[35.51604938271605,40.614444444444445],[35.34197530864198,40.66111111111111],[35.303292181069956,40.70777777777778],[35.245267489711935,40.69222222222222],[35.196913580246914,40.715555555555554],[35.20658436213992,40.73888888888889],[35.1679012345679,40.723333333333336],[34.858436213991766,40.87888888888889],[34.60699588477366,41.05],[34.43292181069959,41.12777777777778],[34.27818930041152,41.15888888888889],[33.65925925925926,41.19],[33.233744855967075,41.15888888888889],[33.059670781893004,41.11222222222222],[32.96296296296296,41.17444444444445],[33.03065843621399,41.12],[32.65349794238683,41.00333333333334],[32.24732510288066,40.94111111111111],[32.16995884773662,40.95666666666667],[31.878379084967325,40.86216209150327],[31.0,40.95],[30.897220199894527,40.93972201998945],[30.959981701716018,40.9822059159726],[30.896438104480573,40.93964381044806],[30.869306088827937,40.9369306088828],[30.874074074074073,40.95666666666667],[30.43336467638301,40.893336467638306]],[[42.53703703703704,41.39222222222222],[42.58539094650206,41.291111111111114],[42.609058424075215,41.289067232834725],[42.62407407407407,41.306666666666665],[42.53703703703704,41.39222222222222]],[[42.53011547226824,40.56439050491838],[42.54022203156075,40.57582418814439],[42.5304484579194,40.5673093323323],[42.53011547226824,40.56439050491838]],[[42.515119089248,40.4149830324304],[42.516579198906214,40.416663856359214],[42.51036806445243,40.41514828538316],[42.515119089248,40.4149830324304]],[[42.44971579485817,40.400062390735705],[42.45341780398911,40.40125192514828],[42.4505273798762,40.4005466364564],[42.44971579485817,40.400062390735705]],[[42.16954732510288,40.39666666666667],[42.41131687242798,40.388888888888886],[42.37263374485596,40.404444444444444],[42.41131687242798,40.43555555555555],[42.37263374485596,40.46666666666667],[42.37263374485596,40.528888888888886],[42.285596707818925,40.56777777777778],[41.89876543209876,40.56777777777778],[41.79238683127572,40.513333333333335],[41.84074074074074,40.474444444444444],[42.01481481481481,40.49],[42.2179012345679,40.42],[42.15020576131687,40.39666666666667],[42.13086419753086,40.35],[42.16954732510288,40.39666666666667]],[[42.34606987237182,40.37908657275696],[42.405878733747,40.3739062779695],[42.3486540516759,40.3799338446378],[42.34606987237182,40.37908657275696]],[[42.32427983539094,40.925555555555555],[42.37263374485596,40.94888888888889],[42.381880172701244,40.97957179901897],[42.37263374485596,40.961502737670834],[42.36296296296296,40.98777777777778],[42.32427983539094,40.925555555555555]],[[42.34176649099884,40.91920622418202],[42.3494206316472,40.92714490535042],[42.3415846826035,40.9210754417892],[42.34176649099884,40.91920622418202]],[[42.24691358024691,40.36555555555555],[42.3123398186385,40.368027539035],[42.28429065226062,40.369849942552875],[42.31460905349794,40.373333333333335],[42.202733488565336,40.39302968310811],[42.24691358024691,40.36555555555555]],[[42.24691358024691,40.925555555555555],[42.27592592592592,40.93333333333334],[42.17921810699588,40.964444444444446],[42.24691358024691,40.925555555555555]],[[42.17503606247528,40.39302872009721],[42.190026587105315,40.39369496567732],[42.1771288344186,40.3943702404539],[42.17503606247528,40.39302872009721]],[[42.17194629253657,40.391048098518496],[42.1655201857717,40.3869287996781],[42.1458747808668,40.3570142062749],[42.17194629253657,40.391048098518496]],[[42.13959538412,40.9600092512061],[42.111522633744855,40.98777777777778],[42.11731104731249,40.9659329355718],[42.13959538412,40.9600092512061]],[[41.879423868312756,40.910000000000004],[41.84074074074074,40.86333333333334],[41.889094650205756,40.90222222222222],[41.879423868312756,40.910000000000004]],[[41.8823280649545,40.8961445188914],[41.8572009569803,40.8649259907952],[41.857762261453864,40.86141045281246],[41.8823280649545,40.8961445188914]],[[41.8815666372243,40.8219053372096],[41.88095208384997,40.82250861437597],[41.8806386480012,40.8037024608426],[41.8815666372243,40.8219053372096]],[[41.831069958847735,40.73111111111111],[41.82139917695473,40.73888888888889],[41.80205761316872,40.70777777777778],[41.831069958847735,40.73111111111111]],[[41.823632084411834,40.72135281966714],[41.8208903831953,40.7059066148703],[41.820957995955695,40.70573371201601],[41.823632084411834,40.72135281966714]],[[41.7946687232918,40.6529160192736],[41.79551872337322,40.653610801955814],[41.79434368116725,40.6530428649781],[41.7946687232918,40.6529160192736]],[[41.60864197530864,41.33],[41.550617283950615,41.345555555555556],[41.45390946502057,41.29888888888889],[41.424897119341566,41.19777777777778],[41.5119341563786,41.14333333333333],[41.58930041152263,41.14333333333333],[41.676337448559664,41.26],[41.60864197530864,41.33]],[[41.38650037148442,41.05892828681577],[41.383895801826256,41.05683659300359],[41.3861268934453,41.0580168633335],[41.38650037148442,41.05892828681577]],[[41.34994072703582,41.19719706287122],[41.3658356157246,41.1634289520896],[41.3502325754585,41.196905897936],[41.34994072703582,41.19719706287122]],[[41.34773623754905,41.02780679000042],[41.2313074834225,40.9537696136371],[41.3473024270168,41.0273235579988],[41.34773623754905,41.02780679000042]],[[41.33786008230452,41.05],[41.29917695473251,41.00333333333334],[41.34753086419753,41.04222222222222],[41.33786008230452,41.05]],[[41.25082304526749,40.995555555555555],[41.221810699588474,40.95666666666667],[41.270164609053495,40.995555555555555],[41.25082304526749,40.995555555555555]],[[41.13477366255144,40.824444444444445],[41.185584084220665,40.80268147058531],[41.1531660478466,40.811007405737],[41.2674753525306,40.7676060377711],[41.24115226337448,40.80111111111111],[41.13477366255144,40.824444444444445]],[[41.2264534453998,40.9301708105604],[41.215888638319,40.9187493978816],[41.215810152657575,40.91853534606744],[41.2264534453998,40.9301708105604]],[[40.8059670781893,40.684444444444445],[40.825308641975305,40.73111111111111],[40.8059670781893,40.73111111111111],[40.8059670781893,40.684444444444445]],[[40.43717413911317,40.824570017169634],[40.44650170331314,40.82983633155043],[40.437200787201,40.8249039956686],[40.43717413911317,40.824570017169634]],[[39.95493827160494,40.63777777777778],[39.98395061728395,40.63],[40.0400599249829,40.649890338626825],[39.96460905349794,40.66111111111111],[39.95493827160494,40.63777777777778]],[[40.011529289649175,40.55188781632313],[40.0188123639448,40.5546321631225],[40.039275727808,40.5701462490137],[40.011529289649175,40.55188781632313]],[[40.039275727808,40.5701462490137],[40.0361348394539,40.5870880103355],[40.03363502337208,40.5885904573961],[40.039275727808,40.5701462490137]],[[39.742181069958846,40.715555555555554],[39.809876543209874,40.723333333333336],[39.858230452674896,40.715555555555554],[39.79053497942387,40.73888888888889],[39.742181069958846,40.715555555555554]],[[39.8514886692802,40.7141512258835],[39.84839679342398,40.71603897166582],[39.85130580838258,40.70975342136854],[39.8514886692802,40.7141512258835]],[[39.80020576131687,40.31111111111111],[39.832339257826945,40.25020004177231],[39.83888888888889,40.29555555555556],[39.81954732510288,40.32666666666667],[39.80020576131687,40.31111111111111]],[[39.8324597139406,40.2212905044318],[39.83241850325954,40.231181091857074],[39.831860743000085,40.21939376303727],[39.8324597139406,40.2212905044318]],[[39.7186512948326,40.6408321019761],[39.729097484567504,40.654301653528066],[39.700369999727265,40.628532554529194],[39.7186512948326,40.6408321019761]],[[39.71316872427983,40.67666666666667],[39.67448559670782,40.63],[39.529423868312755,40.62222222222222],[39.61646090534979,40.59888888888889],[39.72283950617284,40.653333333333336],[39.71316872427983,40.67666666666667]],[[39.689317399324175,40.62109643021272],[39.64741205653903,40.610649941569484],[39.6841332476468,40.6176085635621],[39.689317399324175,40.62109643021272]],[[39.4413965032933,40.6330909228161],[39.44675554458644,40.63101836541251],[39.43965535526049,40.6351009740243],[39.4413965032933,40.6330909228161]],[[39.297325102880656,40.715555555555554],[39.26831275720164,40.73888888888889],[39.287654320987656,40.70777777777778],[39.297325102880656,40.715555555555554]],[[39.14259259259259,40.97368925822917],[39.15226337448559,41.034444444444446],[39.12325102880658,41.02666666666667],[39.10390946502058,40.84],[39.132921810699585,40.80111111111111],[39.18967461704891,40.79705289790356],[39.12969685110483,40.83481591313034],[39.14259259259259,40.97368925822917]],[[39.153627444683096,41.01711912726297],[39.148791428190975,41.011124065670025],[39.1535769061228,41.015232352801],[39.153627444683096,41.01711912726297]],[[39.145933236879124,40.864579247154914],[39.1455756349981,40.8610973331842],[39.1464385229531,40.8620902453071],[39.145933236879124,40.864579247154914]],[[39.145443394494656,40.96302298778533],[39.142937321320304,40.956530877306285],[39.1458674520218,40.9612661781145],[39.145443394494656,40.96302298778533]],[[39.1094587128198,40.7995230221283],[39.0568614005836,40.8003790229799],[39.056631106056884,40.80008802273944],[39.1094587128198,40.7995230221283]],[[39.10390946502058,40.80888888888889],[39.05555555555556,40.81666666666667],[39.05555555555556,40.80111111111111],[39.10390946502058,40.80888888888889]],[[39.0801437535924,40.3588468517212],[39.07841055183654,40.36320461599676],[39.07903855522647,40.357866588880974],[39.0801437535924,40.3588468517212]],[[38.99753086419753,40.754444444444445],[39.04588477366255,40.77777777777778],[39.007201646090536,40.77777777777778],[38.99753086419753,40.754444444444445]],[[38.77510288065844,40.528888888888886],[38.804115226337444,40.50555555555555],[38.884021393225204,40.5035128180255],[38.90082304526749,40.474444444444444],[38.920164609053494,40.49],[38.9768751475521,40.4673502714897],[38.9395061728395,40.50555555555555],[38.77510288065844,40.528888888888886]],[[38.89115226337449,40.76222222222222],[38.920164609053494,40.754444444444445],[38.968518518518515,40.77777777777778],[38.9395061728395,40.785555555555554],[38.89115226337449,40.76222222222222]],[[38.91428975049716,40.48257882198732],[38.91529469803,40.4818173941654],[38.92303587853339,40.482578821803536],[38.91428975049716,40.48257882198732]],[[38.842798353909465,40.69222222222222],[38.82345679012346,40.64555555555555],[38.87163904466561,40.684306390059675],[38.8982577569309,40.6954929882184],[38.842798353909465,40.69222222222222]],[[38.85006481428228,40.66576426475161],[38.8322039207072,40.644001453374],[38.83290623484057,40.64321134999526],[38.85006481428228,40.66576426475161]],[[38.79311569997479,40.56135774787398],[38.7899446943349,40.5540578286911],[38.79102019521737,40.550118222183414],[38.79311569997479,40.56135774787398]],[[38.1302896004254,40.4853209139942],[38.128625548870815,40.48621542390697],[38.1240078227306,40.4619070177246],[38.1302896004254,40.4853209139942]],[[38.08847736625514,40.95666666666667],[38.08847736625514,40.925555555555555],[38.001440329218106,40.88666666666667],[38.11438381919595,40.92946191922182],[38.08847736625514,40.95666666666667]],[[38.02078189300411,40.513333333333335],[38.0660441543075,40.497313397477],[38.03045267489712,40.59888888888889],[38.02078189300411,40.513333333333335]],[[38.049022262754015,40.57471003639309],[38.0492467866312,40.5812400798507],[38.04344498705853,40.58641093839039],[38.049022262754015,40.57471003639309]],[[38.011111111111106,40.614444444444445],[38.011111111111106,40.64555555555555],[37.9820987654321,40.63777777777778],[38.011111111111106,40.614444444444445]],[[38.013564668180315,40.84124276582227],[38.0214827135747,40.8499060390059],[38.0137732607949,40.8428628346212],[38.013564668180315,40.84124276582227]],[[38.011111111111106,40.754444444444445],[38.011111111111106,40.785555555555554],[37.9820987654321,40.76222222222222],[38.011111111111106,40.754444444444445]],[[37.97012443708046,40.49],[38.001440329218106,40.49777777777778],[37.953086419753085,40.50555555555555],[37.953086419753085,40.49],[37.9963735376837,40.482560739135],[37.97012443708046,40.49]],[[37.92407407407407,40.715555555555554],[37.97242798353909,40.67666666666667],[37.9824595543764,40.683819664032],[37.943415637860085,40.715555555555554],[37.943415637860085,40.73111111111111],[37.92407407407407,40.715555555555554]],[[37.943415637860085,40.38394988991401],[37.91440329218106,40.443333333333335],[37.92407407407407,40.388888888888886],[37.84670781893004,40.342222222222226],[37.87572016460905,40.33444444444444],[37.943415637860085,40.373333333333335],[37.952736677899594,40.40067996106333],[37.943415637860085,40.38394988991401]],[[37.9315570204003,40.434114914336],[37.95256692113954,40.40997412683965],[37.9524962766372,40.4138419063364],[37.9315570204003,40.434114914336]],[[37.9483209187412,40.71661017453104],[37.949063625154835,40.724779946479195],[37.9462917469863,40.7210344337901],[37.9483209187412,40.71661017453104]],[[37.79835390946502,40.33444444444444],[37.82736625514403,40.342222222222226],[37.79835390946502,40.36555555555555],[37.79835390946502,40.33444444444444]],[[37.6240941857175,40.5223045542737],[37.623160230379774,40.52249896946459],[37.624056931446134,40.521745740724356],[37.6240941857175,40.5223045542737]],[[37.41152263374485,40.55222222222222],[37.424138423069685,40.55680548265772],[37.46145130934732,40.551576880576114],[37.43086419753086,40.583333333333336],[37.41152263374485,40.55222222222222]],[[37.218106995884774,40.67666666666667],[37.227777777777774,40.62222222222222],[37.28627063461944,40.60437049770417],[37.218106995884774,40.67666666666667]],[[37.1341155836238,40.7231310592931],[37.13199907113078,40.72437297987579],[37.1464887814613,40.6987653788275],[37.1341155836238,40.7231310592931]],[[36.9848601075902,41.0187150858093],[36.9648851166573,41.0523164279597],[36.98476128462326,41.01327979851681],[36.9848601075902,41.0187150858093]],[[36.9846610221884,41.0077653401375],[36.984680336247116,41.008827618079124],[36.9553953371172,40.9871930896976],[36.9846610221884,41.0077653401375]],[[36.97633744855967,41.02666666666667],[36.88930041152263,40.95666666666667],[36.821604938271605,40.93333333333334],[36.9169385012504,40.9417848251307],[36.97633744855967,41.02666666666667]],[[36.879629629629626,40.73111111111111],[36.947325102880654,40.67666666666667],[36.96004839246249,40.68392221728958],[36.95699588477366,40.7],[36.92798353909465,40.73888888888889],[36.879629629629626,40.73111111111111]],[[36.8535792900426,40.9198355621633],[36.85357038647716,40.9203972949632],[36.8319784278313,40.9229711705504],[36.8535792900426,40.9198355621633]],[[36.8404901016086,40.7440703160242],[36.841714147670494,40.74513115585551],[36.8213592348535,40.7418812113581],[36.8404901016086,40.7440703160242]],[[36.78292181069959,40.80888888888889],[36.821604938271605,40.80888888888889],[36.773251028806584,40.84777777777778],[36.76358024691358,40.84],[36.78292181069959,40.80888888888889]],[[36.52181069958848,40.894444444444446],[36.63786008230453,40.910000000000004],[36.6851721499624,40.8892451065852],[36.69588477366255,40.910000000000004],[36.74423868312757,40.91777777777778],[36.5798353909465,40.925555555555555],[36.376748971193415,40.88666666666667],[36.40576131687243,40.84777777777778],[36.4475115579051,40.8727039853407],[36.52181069958848,40.894444444444446]],[[36.6851721499624,40.8892451065852],[36.69862503448551,40.86424749939675],[36.6987873914133,40.8648978359691],[36.6851721499624,40.8892451065852]],[[36.704999848817685,40.90324573685758],[36.73545092295735,40.91246756671361],[36.7346530499911,40.9123551002801],[36.704999848817685,40.90324573685758]],[[36.63229415048722,40.90808370818055],[36.638184303130444,40.90940516327276],[36.6378746200316,40.9095212681149],[36.63229415048722,40.90808370818055]],[[36.6152078448214,40.8944890691144],[36.6249114228258,40.9061818765501],[36.61490040457388,40.894707971805914],[36.6152078448214,40.8944890691144]],[[36.49960299598365,40.875872528145344],[36.5036211014344,40.8761549877537],[36.55224706797318,40.89424626417595],[36.49960299598365,40.875872528145344]],[[36.39609053497942,40.824444444444445],[36.47345679012346,40.77777777777778],[36.46378600823045,40.754444444444445],[36.5071054341361,40.7633261906848],[36.39609053497942,40.824444444444445]],[[36.47224594345151,40.87473254526028],[36.4734455774799,40.8740337475865],[36.486323470369015,40.87493902113557],[36.47224594345151,40.87473254526028]],[[36.31872427983539,40.964444444444446],[36.39559170953492,40.920358799434204],[36.32839506172839,40.98777777777778],[36.31872427983539,40.964444444444446]],[[36.3444387217584,40.59623653225108],[36.376748971193415,40.62222222222222],[36.28971193415638,40.614444444444445],[36.260699588477365,40.544444444444444],[36.22201646090535,40.528888888888886],[36.2853965495996,40.52895324349502],[36.28004115226337,40.57555555555555],[36.3664951455225,40.5990406350627],[36.3444387217584,40.59623653225108]],[[36.3664951455225,40.5990406350627],[36.3801056620131,40.6189329289701],[36.380821904991556,40.62156757963245],[36.3664951455225,40.5990406350627]],[[36.296720397753,40.9903068018589],[36.3052575793257,40.9778912446427],[36.30717403894041,40.97714861579559],[36.296720397753,40.9903068018589]],[[36.2510437693551,40.5182555944676],[36.2725518149195,40.5136641534939],[36.27273398692684,40.51388099286701],[36.2510437693551,40.5182555944676]],[[36.18818343179064,40.953960157748924],[36.1904777339869,40.9594051967205],[36.18976325276641,40.95993747490042],[36.18818343179064,40.953960157748924]],[[36.1426047697207,40.8618934623848],[36.1618324350332,40.8914216636838],[36.170911066222956,40.91296786658483],[36.1426047697207,40.8618934623848]],[[36.134979423868316,40.86333333333334],[36.16399176954732,40.90222222222222],[36.154320987654316,40.925555555555555],[36.12530864197531,40.88666666666667],[36.134979423868316,40.86333333333334]],[[36.057613168724274,40.84777777777778],[36.096296296296295,40.83222222222222],[36.11396936769702,40.84048641477156],[36.096296296296295,40.86333333333334],[36.057613168724274,40.84777777777778]],[[36.05774155746596,40.83089168348542],[36.0632415975142,40.8282450478167],[36.065358086244416,40.828719141286356],[36.05774155746596,40.83089168348542]],[[35.854526748971196,40.88666666666667],[36.0196850490223,40.8401151883728],[35.99854205230163,40.84777777777778],[36.02860082304527,40.855555555555554],[35.92222222222222,40.894444444444446],[35.854526748971196,40.88666666666667]],[[35.8221109722335,40.8644440710134],[35.78683127572016,40.894444444444446],[35.757818930041154,40.88666666666667],[35.78683127572016,40.86333333333334],[35.8221109722335,40.8644440710134]],[[35.64960834798081,40.893143467759515],[35.6946590162655,40.8650326732673],[35.697127970104596,40.865263732646866],[35.64960834798081,40.893143467759515]],[[35.66111111111111,40.90222222222222],[35.6228397602324,40.9371364199548],[35.62090769260185,40.93728381948419],[35.6320987654321,40.894444444444446],[35.66111111111111,40.90222222222222]],[[35.55473251028806,40.95666666666667],[35.535390946502055,40.925555555555555],[35.55473251028806,40.94111111111111],[35.62242798353909,40.94888888888889],[35.55473251028806,40.95666666666667]],[[35.571934062440995,40.940654932036786],[35.597468941708286,40.93907198714288],[35.5726908678074,40.9409623332025],[35.571934062440995,40.940654932036786]],[[35.449129698660094,41.01353152885968],[35.46802274347273,41.01133731392307],[35.4678019894716,41.0121046970201],[35.449129698660094,41.01353152885968]],[[35.361316872427984,41.01888888888889],[35.34197530864198,41.05],[35.31296296296296,41.04222222222222],[35.361316872427984,41.00333333333334],[35.46769547325103,41.02666666666667],[35.361316872427984,41.01888888888889]],[[35.43868312757201,41.40777777777778],[35.44835390946502,41.33777777777778],[35.4506851951565,41.3890204351206],[35.44835390946502,41.37004774725943],[35.43868312757201,41.40777777777778]],[[35.4331902508164,41.4293257090313],[35.4300851236549,41.4548012095467],[35.42949742018945,41.455010431977946],[35.4331902508164,41.4293257090313]],[[35.344755004109366,41.546878029447576],[35.35164609053498,41.49333333333333],[35.419341563786006,41.42333333333333],[35.42901234567901,41.46222222222222],[35.370987654320984,41.49333333333333],[35.344755004109366,41.546878029447576]],[[35.361316872427984,41.361111111111114],[35.33230452674897,41.33777777777778],[35.38872250666965,41.29243503639285],[35.35164609053498,41.33777777777778],[35.394886852661514,41.34262335813933],[35.361316872427984,41.361111111111114]],[[35.39032921810699,41.275555555555556],[35.303292181069956,41.236666666666665],[35.3554516574462,41.2410580671334],[35.34775243564913,41.24131295179157],[35.39032921810699,41.275555555555556]],[[35.38775897183685,41.26849320345529],[35.387280219108554,41.26311660348792],[35.3890071219364,41.2643134200206],[35.38775897183685,41.26849320345529]],[[35.3648364799667,41.2516218014528],[35.3575596239838,41.24251897689731],[35.37934865640115,41.25761969583041],[35.3648364799667,41.2516218014528]],[[35.3146090055909,41.5892541722129],[35.3564684748856,41.6180406665428],[35.35969147440557,41.63696545874188],[35.3539180746853,41.61649220932],[35.3146090055909,41.5892541722129]],[[35.3181293715299,41.22958878035857],[35.31677542071454,41.22976468431655],[35.3178839372037,41.2293732200482],[35.3181293715299,41.22958878035857]],[[35.22592592592592,41.25222222222222],[35.22592592592592,41.28333333333333],[35.1775720164609,41.275555555555556],[35.22592592592592,41.25222222222222]],[[35.11954732510288,41.08888888888889],[35.2093737182686,41.030582974156],[35.181567643187485,41.05292343827194],[35.21625514403292,41.04222222222222],[35.11954732510288,41.08888888888889]],[[35.09160899874272,41.06363571308215],[35.07119341563786,41.096666666666664],[34.9358024691358,41.11222222222222],[34.9358024691358,41.14333333333333],[34.90679012345679,41.12],[34.95514403292181,41.08111111111111],[35.09160899874272,41.06363571308215]],[[35.022839506172836,41.02666666666667],[35.04332540939137,41.01211354996512],[35.10020576131687,41.04222222222222],[35.05185185185185,41.034444444444446],[35.022839506172836,41.02666666666667]],[[35.05185185185185,40.894444444444446],[35.080864197530865,40.93333333333334],[35.04218106995884,40.94888888888889],[35.05185185185185,40.894444444444446]],[[35.062394301686,41.3477005737665],[35.06136022530996,41.347594514649586],[35.06340668151648,41.347316429610416],[35.062394301686,41.3477005737665]],[[35.06152263374486,41.35333333333333],[35.013168724279836,41.376666666666665],[35.013168724279836,41.345555555555556],[35.06152263374486,41.35333333333333]],[[35.03950080165331,41.345352522449495],[35.0410138946233,41.3439136378121],[35.05853421232991,41.34730466716055],[35.03950080165331,41.345352522449495]],[[35.0127796403658,40.8528248700907],[35.0117386713727,40.8690904156158],[35.0119121582663,40.850353806432175],[35.0127796403658,40.8528248700907]],[[34.95514403292181,41.221111111111114],[34.98415637860082,41.26],[34.974485596707815,41.28333333333333],[34.9454732510288,41.24444444444445],[34.95514403292181,41.221111111111114]],[[34.9712720926939,41.231008501394264],[34.96781850057248,41.23020766837774],[34.9704431361161,41.2287607538739],[34.9712720926939,41.231008501394264]],[[34.96078037224633,41.178229142071174],[34.96236764129789,41.17423451543917],[34.9628208855564,41.1767887797509],[34.96078037224633,41.178229142071174]],[[34.9358024691358,41.29888888888889],[34.93136075219821,41.314778498201264],[34.916460905349794,41.33],[34.9358024691358,41.29888888888889]],[[34.636008230452674,41.291111111111114],[34.7037037037037,41.25222222222222],[34.79668702116661,41.22410656122723],[34.81975308641975,41.205555555555556],[34.84474125336418,41.208967193689745],[34.87777777777778,41.25222222222222],[34.927546620467,41.2239255972753],[34.916460905349794,41.26777777777778],[34.858436213991766,41.26777777777778],[34.81975308641975,41.221111111111114],[34.6940329218107,41.275555555555556],[34.684362139917695,41.31444444444445],[34.636008230452674,41.291111111111114]],[[34.873053753143026,41.22664844888447],[34.8747564405426,41.2294599648881],[34.874704889612694,41.23850591669399],[34.873053753143026,41.22664844888447]],[[34.86550189955198,41.214913965115024],[34.866040674228,41.215068294119],[34.867271466467734,41.21710060614527],[34.86550189955198,41.214913965115024]],[[34.594790066155724,41.28501413825268],[34.5983214156879,41.2832965558909],[34.6237118807654,41.2915448703243],[34.594790066155724,41.28501413825268]],[[34.61666666666667,41.306666666666665],[34.48127572016461,41.33777777777778],[34.529629629629625,41.29888888888889],[34.58765432098765,41.28333333333333],[34.61666666666667,41.306666666666665]],[[34.6042939457974,41.6784682256425],[34.59653207623863,41.68734176947542],[34.60421496898175,41.67080748339262],[34.6042939457974,41.6784682256425]],[[34.53930041152263,41.602222222222224],[34.53930041152263,41.571111111111115],[34.56793240463103,41.570000194513284],[34.59732510288066,41.61777777777778],[34.53930041152263,41.602222222222224]],[[34.45024119833055,41.35101114252711],[34.4666039054189,41.3950645832805],[34.4500982940527,41.3517373536442],[34.45024119833055,41.35101114252711]],[[34.42325102880658,41.36888888888889],[34.4557943495195,41.3227911326788],[34.46623428227749,41.32515291381353],[34.44259259259259,41.35333333333333],[34.4522633744856,41.40777777777778],[34.42325102880658,41.36888888888889]],[[34.42511908609944,41.49415428788217],[34.4456662311906,41.516105734688],[34.4246521427029,41.4947095719303],[34.42511908609944,41.49415428788217]],[[34.44259259259259,41.52444444444445],[34.43292181069959,41.532222222222224],[34.41358024691358,41.501111111111115],[34.44259259259259,41.52444444444445]],[[34.3688434916563,41.2914226411465],[34.32654320987654,41.306666666666665],[34.27818930041152,41.221111111111114],[34.191152263374484,41.19777777777778],[34.2804227455418,41.2045429813108],[34.3688434916563,41.2914226411465]],[[34.25884773662551,41.75],[34.229835390946505,41.77333333333333],[34.25884773662551,41.73444444444445],[34.27818930041152,41.75],[34.32654320987654,41.742222222222225],[34.297530864197526,41.76555555555556],[34.25884773662551,41.75]],[[34.295639791628616,41.74244102970198],[34.266085871771764,41.73926887372839],[34.2699120354486,41.7380909263459],[34.295639791628616,41.74244102970198]],[[33.155283624850085,41.430251667226614],[33.15623028707719,41.42883167372998],[33.1563659937095,41.4298241947101],[33.155283624850085,41.430251667226614]],[[33.1518474689834,41.3967769477655],[33.14093640244132,41.3814089726145],[33.1419663652098,41.3815261183007],[33.1518474689834,41.3967769477655]],[[33.02098765432099,41.59444444444445],[33.05,41.571111111111115],[33.05,41.49333333333333],[33.109068322175204,41.450921787628445],[33.069341563786004,41.50888888888889],[33.069341563786004,41.571111111111115],[33.02098765432099,41.59444444444445]],[[33.05,41.32222222222222],[33.08868312757202,41.32222222222222],[33.108024691358025,41.35333333333333],[33.069341563786004,41.33777777777778],[33.05,41.32222222222222]],[[33.1042700665138,41.3378884685914],[33.095424312595505,41.32571541235323],[33.0970049885851,41.3264592598806],[33.1042700665138,41.3378884685914]],[[33.07394875397107,41.316819274390596],[33.0759185412186,41.3165362257877],[33.086805080938696,41.3216593033227],[33.07394875397107,41.316819274390596]],[[32.97708056402585,41.28392360456018],[32.943621399176955,41.29888888888889],[32.91460905349794,41.275555555555556],[32.895267489711934,41.21333333333333],[32.92427983539095,41.17444444444445],[32.943621399176955,41.26777777777778],[32.97708056402585,41.28392360456018]],[[32.9378045303411,41.1831511605953],[32.9355452684991,41.18680584917],[32.93424399297964,41.188712530891706],[32.9378045303411,41.1831511605953]],[[32.93395061728395,41.742222222222225],[32.904938271604934,41.76555555555556],[32.88559670781893,41.73444444444445],[32.93395061728395,41.742222222222225]],[[32.932483187667536,41.73749399335655],[32.932996439907214,41.732565022846096],[32.9338951214238,41.7363750579751],[32.932483187667536,41.73749399335655]],[[32.9156438269582,41.5612157930361],[32.84691358024691,41.59444444444445],[32.779218106995884,41.54],[32.9156438269582,41.5612157930361]],[[32.761680330123696,41.806472080040884],[32.768595743555984,41.79946762663728],[32.7683937703035,41.8009125123984],[32.761680330123696,41.806472080040884]],[[32.7650855849064,41.5156009121625],[32.672839506172835,41.532222222222224],[32.62448559670782,41.49333333333333],[32.73086419753086,41.501111111111115],[32.7650855849064,41.5156009121625]],[[32.7473895365656,41.8314091428408],[32.747530097117284,41.83098861377339],[32.74858650323353,41.83344994404722],[32.7473895365656,41.8314091428408]],[[32.64382716049383,41.431111111111115],[32.663168724279835,41.46222222222222],[32.64150991673059,41.48549424197149],[32.64382716049383,41.431111111111115]],[[32.60514403292181,41.36888888888889],[32.614814814814814,41.40777777777778],[32.59547325102881,41.376666666666665],[32.50843621399177,41.35333333333333],[32.60514403292181,41.36888888888889]],[[32.28243899811002,41.34842612965242],[32.290557570730236,41.37901290239571],[32.25699588477366,41.35333333333333],[32.266666666666666,41.33],[32.440740740740736,41.31444444444445],[32.61126776336535,41.35851165076696],[32.45962247559241,41.329630180133655],[32.28243899811002,41.34842612965242]],[[32.25699588477366,41.04222222222222],[32.32086532375334,40.98698000425937],[32.27633744855967,41.04222222222222],[32.25699588477366,41.04222222222222]],[[32.1903148752345,41.2644454379937],[32.18913744660573,41.26315949059623],[32.2821375093592,41.2848504673255],[32.1903148752345,41.2644454379937]],[[32.218312757201645,41.46222222222222],[32.24732510288066,41.43888888888889],[32.2795760134326,41.438030501698],[32.23765432098765,41.49333333333333],[32.218312757201645,41.46222222222222]],[[32.16028806584362,41.275555555555556],[32.18930041152263,41.26777777777778],[32.27633744855967,41.291111111111114],[32.20864197530864,41.29888888888889],[32.16028806584362,41.275555555555556]],[[32.241970643836694,41.03166099423668],[32.240132560439,41.0317178003268],[32.218245614399414,41.02187111228028],[32.241970643836694,41.03166099423668]],[[32.23765432098765,41.04222222222222],[32.092592592592595,41.01888888888889],[32.03456790123457,41.05],[31.94753086419753,41.04222222222222],[32.03456790123457,41.034444444444446],[32.053909465020574,41.01888888888889],[32.07325102880658,41.01888888888889],[32.092592592592595,41.00333333333334],[32.13079972792824,41.01228901540306],[32.1119341563786,41.01888888888889],[32.18930041152263,41.01888888888889],[32.23765432098765,41.04222222222222]],[[32.20864197530864,41.516666666666666],[32.23765432098765,41.54],[32.17962962962963,41.55555555555556],[32.20864197530864,41.516666666666666]],[[32.2163510887506,41.5125744984983],[32.21725430936596,41.51108054592001],[32.222210632283954,41.5181792792063],[32.2163510887506,41.5125744984983]],[[32.1955540039422,41.0125076597137],[32.197327666484,41.01323954276407],[32.16783085799018,41.01493951459333],[32.1955540039422,41.0125076597137]],[[32.150617283950616,41.236666666666665],[32.1216049382716,41.22888888888889],[32.1216049382716,41.18222222222222],[32.1518026790102,41.1359488991331],[32.150617283950616,41.236666666666665]],[[32.1566079690112,41.5439492726091],[32.155425496985764,41.54549211711201],[32.158072638489,41.5094909824502],[32.1566079690112,41.5439492726091]],[[32.158072638489,41.5094909824502],[32.150617283950616,41.56333333333333],[32.14094650205761,41.52444444444445],[32.158072638489,41.5094909824502]],[[32.14083513314699,41.014000400992046],[32.15176984351557,41.01586514938402],[32.1398537871956,41.0165519002935],[32.14083513314699,41.014000400992046]],[[32.1119341563786,41.12777777777778],[32.08292181069959,41.07333333333333],[32.129997374216906,41.04560689203055],[32.102263374485595,41.07333333333333],[32.102263374485595,41.10444444444445],[32.1119341563786,41.12777777777778]],[[32.1097977303385,41.1019405157447],[32.10583190975933,41.09356822809511],[32.12244270631132,41.10888180051995],[32.1097977303385,41.1019405157447]],[[31.792798353909465,41.01111111111111],[31.918518518518518,41.00333333333334],[31.9980355150151,41.0319978167979],[31.792798353909465,41.01111111111111]],[[31.9980355150151,41.0319978167979],[32.0631802901997,41.0139629115515],[32.07747515041668,41.01245022782764],[31.9980355150151,41.0319978167979]],[[31.810881493569763,41.00971697828518],[31.8251026845317,41.0064624130017],[31.846821627076793,41.005612862680714],[31.810881493569763,41.00971697828518]],[[31.760663810770048,41.021136729012674],[31.705761316872426,41.05],[31.696090534979422,41.04222222222222],[31.725102880658437,41.01888888888889],[31.760663810770048,41.021136729012674]],[[31.725102880658437,41.00333333333334],[31.667078189300412,40.97222222222222],[31.599382716049384,40.93333333333334],[31.609053497942387,40.925555555555555],[31.754115226337447,40.995555555555555],[31.725102880658437,41.00333333333334]],[[31.609053497942387,41.034444444444446],[31.676748971193415,41.04222222222222],[31.599382716049384,41.04222222222222],[31.609053497942387,41.034444444444446]],[[31.434979423868313,41.065555555555555],[31.473662551440327,41.01888888888889],[31.541358024691355,41.04222222222222],[31.473662551440327,41.034444444444446],[31.434979423868313,41.065555555555555]],[[31.538231641787323,41.0324941274931],[31.520363348879,41.0317449909652],[31.519218053538268,41.03139162850194],[31.538231641787323,41.0324941274931]],[[31.510930148653298,41.028834528703094],[31.48372472704433,41.02044073327597],[31.4946593953406,41.0198621796946],[31.510930148653298,41.028834528703094]],[[31.0052253182457,41.0347787689362],[31.006606872800425,41.037999385912954],[31.00497163379007,41.03469542994654],[31.0052253182457,41.0347787689362]],[[30.98113170077513,41.02090219963002],[30.98499651282086,41.0273709837615],[30.9835948516715,41.0268872111363],[30.98113170077513,41.02090219963002]],[[30.9639263406751,40.990862623155],[30.962312302501,40.99214067037461],[30.96377853946954,40.99036963419717],[30.9639263406751,40.990862623155]],[[30.961674556336,40.9833518264034],[30.96283688570821,40.987228760584664],[30.960807738366892,40.98276506854441],[30.961674556336,40.9833518264034]]],[[[40.428806584362135,40.17888888888889],[40.49650205761317,40.14],[40.49995298542549,40.075002350728724],[40.151495597230614,40.092425220138466],[40.312757201646086,40.17888888888889],[40.428806584362135,40.17888888888889]]],[[[40.45781893004115,40.544444444444444],[40.39012345679012,40.53666666666667],[40.428806584362135,40.56777777777778],[40.45781893004115,40.544444444444444]]],[[[40.44728290296511,40.786251433596384],[40.43847736625514,40.79333333333334],[40.43847736625514,40.80104157185872],[40.44728290296511,40.786251433596384]]],[[[40.434821973546846,40.516273202362555],[40.402118004772554,40.51520223457121],[40.428806584362135,40.52111111111111],[40.434821973546846,40.516273202362555]]],[[[40.3304113339654,40.51975398537833],[40.33209876543209,40.52111111111111],[40.349976563414195,40.52111111111111],[40.3304113339654,40.51975398537833]]],[[[39.81954732510288,40.31111111111111],[39.81954732510288,40.316345664125194],[39.82074608765531,40.310146999951925],[39.81954732510288,40.31111111111111]]],[[[38.87253869173191,40.50555555555555],[38.88148148148148,40.50555555555555],[38.883976501772956,40.50354892221475],[38.87253869173191,40.50555555555555]]],[[[38.04167582373561,40.51208483396015],[38.04012345679012,40.513333333333335],[38.04012345679012,40.51800660140924],[38.04167582373561,40.51208483396015]]],[[[37.91440329218106,40.36555555555555],[37.920075287220975,40.36409994600537],[37.899433771402016,40.353516238843895],[37.91440329218106,40.36555555555555]]],[[[36.937654320987654,40.715555555555554],[36.9405226405319,40.7217985612749],[36.94717752839373,40.70789646534386],[36.937654320987654,40.715555555555554]]],[[[36.438203279172534,40.87386939852127],[36.44444444444444,40.87888888888889],[36.45206376069453,40.87888888888889],[36.438203279172534,40.87386939852127]]],[[[35.07393133684109,41.078909123420004],[34.9857635265014,41.0806125638434],[35.07119341563786,41.08111111111111],[35.07393133684109,41.078909123420004]]],[[[34.90679012345679,41.24444444444445],[34.910783740626236,41.24765633229562],[34.914612071934,41.23815360077554],[34.90679012345679,41.24444444444445]]],[[[34.71444006255483,41.250976159350266],[34.71057509055453,41.25222222222222],[34.73138877393184,41.24551191278579],[34.71444006255483,41.250976159350266]]],[[[34.568312757201646,41.29888888888889],[34.54110102571961,41.29863142314502],[34.539420295429885,41.29888888888889],[34.568312757201646,41.29888888888889]]],[[[34.33756065657441,41.28441639566575],[34.32654320987654,41.26901504358044],[34.33621399176955,41.28333333333333],[34.33756065657441,41.28441639566575]]],[[[34.31022177995046,41.24619922284442],[34.30720164609053,41.241977360356934],[34.311357431988746,41.24778675735833],[34.31022177995046,41.24619922284442]]],[[[32.922799721913826,41.20674594469247],[32.91460905349794,41.22888888888889],[32.92563325369767,41.23775516053888],[32.922799721913826,41.20674594469247]]],[[[32.90814426913625,41.74742155943226],[32.89106966064421,41.73884609586564],[32.904938271604934,41.75],[32.90814426913625,41.74742155943226]]],[[[32.65414378869327,41.50020342467251],[32.64605522763626,41.49512526818406],[32.655589564772825,41.501111111111115],[32.65414378869327,41.50020342467251]]],[[[32.2970812141177,41.01201590882346],[32.305264468250876,41.003401957212894],[32.29567901234568,41.01349191067014],[32.2970812141177,41.01201590882346]]],[[[31.32629005901549,41.090747333151135],[31.2971181885591,41.0921703510199],[31.292977238931034,41.096666666666664],[31.32629005901549,41.090747333151135]]],[[[29.34581703249715,40.78458170324972],[29.346090534979425,40.80111111111111],[29.378954802259884,40.78789548022599],[29.34581703249715,40.78458170324972]]],[[[28.379012345679012,41.15888888888889],[27.93415637860082,41.205555555555556],[27.6,41.36834151663939],[27.6244578211382,41.4203539804235],[27.6,41.39344093410941],[27.6,41.938174561891245],[27.6955231212222,41.9780198617562],[27.8286842946823,41.947292213126],[27.8287864750617,41.9983125708661],[28.02119341563786,41.98159775146712],[28.053252166917012,41.892450087908195],[27.982510288065843,41.882222222222225],[27.982510288065843,41.82],[28.097673992958295,41.67928768889932],[28.079218106995885,41.64888888888889],[28.115676575953053,41.6159885842535],[28.098559670781892,41.602222222222224],[28.140763093427463,41.59444444444445],[28.2736649214385,41.4958641540167],[28.504732510288065,41.4],[28.427366255144033,41.24444444444445],[28.427366255144033,41.18222222222222],[28.379012345679012,41.15888888888889]],[[28.130450919469126,41.594181787739295],[28.12269065509314,41.595671178056044],[28.1296662104369,41.5923474026294],[28.130450919469126,41.594181787739295]],[[28.12584606581071,41.56787298570616],[28.1210216870966,41.5632519632343],[28.1236558040611,41.558173819431005],[28.12584606581071,41.56787298570616]],[[28.108230452674896,41.57888888888889],[28.059876543209874,41.50888888888889],[28.06954732510288,41.501111111111115],[28.1112254180407,41.5279307520623],[28.07576565644909,41.50620991943766],[28.117540395907742,41.54006616103075],[28.1241830332419,41.5528312288388],[28.108230452674896,41.57888888888889]],[[28.123346372387665,41.41593289356948],[28.089837546354,41.3716587896108],[28.1237927436171,41.4141223002991],[28.123346372387665,41.41593289356948]],[[28.08888888888889,41.376666666666665],[28.117901234567903,41.41555555555556],[28.108230452674896,41.43888888888889],[28.079218106995885,41.4],[28.08888888888889,41.376666666666665]],[[28.098559670781892,41.33777777777778],[28.08888888888889,41.361111111111114],[28.001851851851853,41.26],[28.030864197530864,41.25222222222222],[28.0575996248795,41.2651877826218],[28.098559670781892,41.33777777777778]],[[28.0034003979249,41.5511453722165],[27.953497942386832,41.57888888888889],[27.953497942386832,41.54777777777778],[28.0034003979249,41.5511453722165]]],[[[28.080511260618295,41.31845962334137],[28.079218106995885,41.31441557935843],[28.082578668576332,41.32492497174862],[28.080511260618295,41.31845962334137]]]]}},{"type":"Feature","id":"hydromorphic-soil","properties":{"id":"hydromorphic-soil","name":"Hidromorfik Toprak","source":"MEB","source_url":"https://ogmmateryal.eba.gov.tr/kitap/mebi-konu-ozetleri/tyt-cografya/files/basic-html/page86.html","geometry_note":"Köyceğiz, Işıklı, Sultan Sazlığı ve Abant kenarları"},"geometry":{"type":"MultiPolygon","coordinates":[[[[35.11631937199833,38.265547819725235],[35.18119283635618,38.329421472737586],[35.1801211567698,38.38113957234279],[35.22777088229184,38.44231841686643],[35.29793872729989,38.46435297640204],[35.40652910906348,38.40903247254386],[35.36499444680956,38.2848991021631],[35.26584962048128,38.19361816640294],[35.209137783652615,38.18075399821438],[35.15027884034759,38.20523305146716],[35.11631937199833,38.265547819725235]]],[[[31.21819471061268,40.61372564967031],[31.289540975258166,40.6666309994412],[31.34409134646408,40.6040231247039],[31.275942047242143,40.543739793961656],[31.231131500377117,40.56462794015809],[31.21819471061268,40.61372564967031]],[[31.24832969627152,40.63274546643437],[31.3032920098384,40.6310329910161],[31.2495669115097,40.6332572786319],[31.24832969627152,40.63274546643437]]],[[[30.056792194120927,38.156503830420476],[29.98683382595831,38.137992853438114],[29.873099305977387,38.16275478872488],[29.79317024763132,38.213898802327364],[29.77258623997425,38.26789763412812],[29.831058291501297,38.30094363773226],[29.954396832145424,38.282146068260026],[30.053161423529797,38.2189498076043],[30.065971346542238,38.19759813225116],[30.0256964415206,38.182278842442],[30.06613137712212,38.19707211160406],[30.056792194120927,38.156503830420476]]],[[[28.532554698889868,36.89796920619362],[28.651864518789733,37.011849257916325],[28.752979384706663,36.99671017259432],[28.78556023796744,36.9563314466033],[28.770053148731506,36.89724527931592],[28.64397467961258,36.79924409787467],[28.55461947519243,36.83958607825542],[28.532554698889868,36.89796920619362]]]]}},{"type":"Feature","id":"colluvial-soil","properties":{"id":"colluvial-soil","name":"Kolüvyal Toprak","source":"MEB","source_url":"https://ogmmateryal.eba.gov.tr/kitap/mebi-konu-ozetleri/tyt-cografya/files/basic-html/page86.html","geometry_note":"Aydın Dağları, Bozdağlar ve Toros etekleri"},"geometry":{"type":"MultiPolygon","coordinates":[[[[37.79846658260364,37.829989311440194],[38.492335123828106,37.73221176221101],[39.1989150630278,37.92999464946881],[40.030550753199726,37.82567237803196],[40.0868287439114,37.78753346748664],[40.1091505664385,37.70635617919518],[40.06753346748664,37.6331712560886],[40.003599067739565,37.61005889435063],[39.20863296679901,37.708064835111024],[38.53021932406871,37.514232365759504],[38.499798536938506,37.51000018448818],[37.80155222749803,37.60866147331382],[37.130835518562606,37.493681466067756],[36.52590269949802,37.24309326420325],[36.458117521422025,37.248285409167785],[36.39846153846154,37.30769230769231],[36.39298582143571,37.375455168163064],[36.442329070678426,37.44366997337027],[37.05769230769231,37.70153846153846],[37.79846658260364,37.829989311440194]],[[39.80512271534979,37.85232010757779],[39.8165206492697,37.8200139968289],[39.8124044538475,37.8440244913258],[39.80512271534979,37.85232010757779]],[[39.7103633942386,37.8372495441178],[39.748526872152766,37.857424485290565],[39.7446629926312,37.8567145661015],[39.7103633942386,37.8372495441178]],[[39.5689633028078,37.861345011915],[39.594945247831,37.841451245279],[39.597417803762724,37.84028018711648],[39.5689633028078,37.861345011915]],[[38.954994121076815,37.82683004512769],[38.9759752378384,37.8265424081646],[38.97587271273927,37.82791468030546],[38.954994121076815,37.82683004512769]],[[38.96053346901577,37.75587802752959],[38.9618833142331,37.7561044100569],[38.96147862289684,37.758288816511],[38.96053346901577,37.75587802752959]],[[38.95603087996939,37.787694152738304],[38.953322710352,37.8023120668397],[38.95215196300425,37.80267589204751],[38.95603087996939,37.787694152738304]],[[38.94493650685461,37.80491819038641],[38.941313252162,37.8060441646575],[38.9403792360535,37.805769774976724],[38.94493650685461,37.80491819038641]],[[38.91273365486843,37.81357458933939],[38.92853003580259,37.825455245605774],[38.9247097483914,37.8252567830762],[38.91273365486843,37.81357458933939]],[[38.924095653060974,37.80098608109968],[38.90291363026407,37.79476335279699],[38.9032682852225,37.7944375694054],[38.924095653060974,37.80098608109968]],[[38.91201737657029,37.74774139417184],[38.91659056308036,37.74850836323372],[38.9121195808578,37.7479564206814],[38.91201737657029,37.74774139417184]],[[38.831280514101984,37.69686275897793],[38.914634008413,37.7140462767461],[38.9145437058873,37.71429765952343],[38.831280514101984,37.69686275897793]],[[38.90149186653052,37.79606937432618],[38.900539787033686,37.801679965589706],[38.8980393180867,37.7992408594976],[38.90149186653052,37.79606937432618]],[[38.8541276231243,37.6570312162856],[38.8112222489703,37.6715216302504],[38.85410774680659,37.65693299885258],[38.8541276231243,37.6570312162856]],[[38.75548196848713,37.63012141557853],[38.8521432712993,37.6472256806076],[38.85244744190819,37.648728718385534],[38.75548196848713,37.63012141557853]],[[38.812894770464354,37.69396274598364],[38.81865353414342,37.697362242190984],[38.8169287585196,37.6974304688353],[38.812894770464354,37.69396274598364]],[[38.81021594454168,37.67681380989065],[38.80895091630884,37.690572504616696],[38.8077895687636,37.6895741795433],[38.81021594454168,37.67681380989065]],[[38.7408314329907,37.6275289961236],[38.6831525557486,37.6254789059256],[38.67966269019647,37.624192530231916],[38.7408314329907,37.6275289961236]],[[38.60479638334175,37.58423263631806],[38.67779320391345,37.623503431560856],[38.6607414612658,37.6172181042469],[38.60479638334175,37.58423263631806]],[[38.5264184092473,37.5152608595877],[38.5979001056751,37.5801665601905],[38.52564114633339,37.51483730262652],[38.5264184092473,37.5152608595877]],[[37.5897787884132,37.579240809369],[37.58647719304621,37.581794387064114],[37.58959929925166,37.57781741876542],[37.5897787884132,37.579240809369]],[[37.5775959484427,37.5886634747637],[37.565431474948156,37.58988385900938],[37.57894948670202,37.587616597504585],[37.5775959484427,37.5886634747637]],[[37.4896510709154,37.5659158282281],[37.5481858108841,37.5916140067827],[37.48063098781623,37.56655630761021],[37.4896510709154,37.5659158282281]],[[37.475419447747726,37.56692635785546],[37.4550061192842,37.5766709920588],[37.473565915257,37.5670579696523],[37.475419447747726,37.56692635785546]],[[37.4752791263067,37.6210241445563],[37.47300588365919,37.627892238772944],[37.47220038119723,37.61556185451026],[37.4752791263067,37.6210241445563]],[[37.4403486401787,37.6469126796946],[37.4719478807677,37.6730867500924],[37.47174536973568,37.673322869356994],[37.4403486401787,37.6469126796946]],[[37.4708057395401,37.6345394821355],[37.46820890861011,37.635354950448495],[37.471599895055235,37.632140118870595],[37.4708057395401,37.6345394821355]],[[37.45133224444226,37.59352759366975],[37.4528170147615,37.6071280925704],[37.4501520187827,37.5989427465016],[37.45133224444226,37.59352759366975]],[[37.4528170147615,37.6071280925704],[37.469378063504,37.6105545163597],[37.46972224591912,37.6111651626176],[37.4528170147615,37.6071280925704]],[[37.46316006242664,37.71481760012673],[37.4648094982503,37.7345720212887],[37.4612878964668,37.7202000770381],[37.46316006242664,37.71481760012673]],[[37.460787186370595,37.68639891762704],[37.46138041464026,37.69350369910203],[37.4594795056822,37.6877442293558],[37.460787186370595,37.68639891762704]],[[37.45684046706749,37.63892491865053],[37.44131840457335,37.643799225240954],[37.4421570304879,37.6411067943753],[37.45684046706749,37.63892491865053]],[[36.6257812188289,37.3429230913051],[36.64318977905269,37.332230174543454],[36.6477285966023,37.3478862776228],[36.6257812188289,37.3429230913051]],[[36.6257812188289,37.3429230913051],[36.58809759297122,37.35694921814904],[36.5898125376133,37.3543907994346],[36.6257812188289,37.3429230913051]],[[36.6404420363028,37.3227521677151],[36.64053697490766,37.32307964696881],[36.639282133583684,37.32201415371805],[36.6404420363028,37.3227521677151]],[[36.63146788118608,37.315379025411126],[36.6291690186569,37.2965785734726],[36.63068207764274,37.295448194772646],[36.63146788118608,37.315379025411126]],[[36.57185230885796,37.39375946964998],[36.547339862123614,37.42662546422751],[36.555652038323,37.4055190565683],[36.57185230885796,37.39375946964998]],[[36.57141352435409,37.38183913723792],[36.57160885397653,37.38714560090934],[36.5706562616156,37.3829688501828],[36.57141352435409,37.38183913723792]],[[36.4774014957978,37.4063641318949],[36.47621896062445,37.40575956251319],[36.48515672605317,37.4086108429031],[36.4774014957978,37.4063641318949]],[[36.4725285953174,37.4038728686353],[36.4754254698685,37.3862114586186],[36.475161382042884,37.40521887700668],[36.4725285953174,37.4038728686353]],[[36.4687770387887,37.3748601638815],[36.46891810553657,37.375101016228975],[36.417492791195926,37.364300475803056],[36.4687770387887,37.3748601638815]],[[36.41229356019549,37.36022112400785],[36.402337553668445,37.35240957397368],[36.404499350343,37.3527220112944],[36.41229356019549,37.36022112400785]]],[[[34.749291922904625,37.357045379531975],[35.59034355253953,37.559575330355166],[35.67065331966342,37.534309598626365],[35.709575330355165,37.459656447460475],[35.69432422182838,37.393405466902976],[35.643044466525545,37.348771674411104],[34.80686161147707,37.140214216366886],[34.01503785226085,37.090725231415874],[33.32304819976039,36.942441734451485],[32.60783717549867,36.89027954301862],[32.52795764077404,36.91687420089312],[32.492856388271285,36.97509525214491],[32.506627709493735,37.058151658322124],[32.57509525214491,37.107143611728716],[33.2844816281388,37.159171800098335],[33.99313838852293,37.30978578363312],[34.749291922904625,37.357045379531975]],[[34.9284992754592,37.2047041425222],[34.9261405167075,37.1974053417866],[34.93097564329658,37.205498922706326],[34.9284992754592,37.2047041425222]],[[34.7877692566603,37.3034252007648],[34.79410151624782,37.30067066776297],[34.762104762000185,37.330064295967496],[34.7877692566603,37.3034252007648]],[[34.75949917075489,37.33276883366294],[34.75263002074044,37.34601648110033],[34.7566563694134,37.3357195894281],[34.75949917075489,37.33276883366294]],[[34.4472025705815,37.2950814820858],[34.447113657022584,37.29792671762614],[34.444117801103694,37.2928428405118],[34.4472025705815,37.2950814820858]],[[34.30300631090544,37.22006298728121],[34.315078758523,37.2238996740071],[34.39670621956217,37.25843588132363],[34.30300631090544,37.22006298728121]],[[34.11459414519719,37.18977735658803],[34.1115337402589,37.1900313187861],[34.0617770428607,37.1821962537318],[34.11459414519719,37.18977735658803]],[[34.00877836452038,37.16489374486012],[34.0068508179049,37.1642644576126],[33.99717570031625,37.142339391671946],[34.00877836452038,37.16489374486012]],[[33.9843956851779,37.1174963926754],[33.98456222612405,37.11782013067675],[33.901360158173,37.0791288094164],[33.9843956851779,37.1174963926754]],[[32.8013024146995,37.0117347970751],[32.79997643040443,37.02558595869142],[32.79615744378317,36.9880508215212],[32.8013024146995,37.0117347970751]],[[32.7887983346157,37.0843850880223],[32.798024951693954,37.04597100179483],[32.7954460737439,37.0729098240777],[32.7887983346157,37.0843850880223]]],[[[29.2998062859276,36.8875273314224],[29.34583175303464,36.8794928741127],[29.34812850817357,36.92719098688073],[29.774699859442077,37.007173115243575],[30.484842631018527,37.208950696030634],[31.1975780402672,37.111462774148286],[31.99689089921307,37.259956052549626],[32.07555220414052,37.22994913664017],[32.10995605254963,37.15310910078693],[32.09078379873748,37.08788476928488],[32.03693521943545,37.04638634469697],[31.22027173885552,36.891884059437224],[30.50766487617189,36.98778823778899],[29.82027173885552,36.79188405943722],[29.111904350115143,36.6590651740484],[28.9386282085789,36.7554816800962],[28.896386344696968,36.71306478056455],[28.900616937584285,36.79714877416088],[28.963064780564554,36.85361365530303],[29.107532064155002,36.882079153627245],[29.124043890903007,36.86500580820747],[29.10776996717364,36.88212376044324],[29.34704020311019,36.92698692968135],[29.2998062859276,36.8875273314224]],[[29.274922466461934,36.86406382133239],[29.2760619579992,36.8643106548145],[29.2998062859276,36.8875273314224],[29.274922466461934,36.86406382133239]],[[31.9048161212353,37.1849189501328],[31.931735699880164,37.175170913419535],[31.9314862175269,37.175897018799],[31.9048161212353,37.1849189501328]],[[29.810893327557096,37.00207404406319],[29.8578717140187,37.0263080590165],[29.859025588304043,37.030124980381935],[29.810893327557096,37.00207404406319]],[[29.8119241796254,36.8731952329785],[29.80760509405519,36.88354196359762],[29.810454404715703,36.86366892214577],[29.8119241796254,36.8731952329785]],[[29.7767546120293,36.8099429818773],[29.778396195337,36.823544671248],[29.775798650671426,36.80929528342097],[29.7767546120293,36.8099429818773]],[[29.778396195337,36.823544671248],[29.8095765046308,36.8579788337971],[29.81000163016408,36.860734274746754],[29.778396195337,36.823544671248]],[[29.7874151315971,36.9319087068279],[29.785089910087496,36.93323796068764],[29.788634990308267,36.92898643328813],[29.7874151315971,36.9319087068279]],[[29.73834969637255,36.964652081000864],[29.7642634449021,36.9820731253634],[29.73788195694474,36.96492683942082],[29.73834969637255,36.964652081000864]],[[29.770913608320484,36.80598549023347],[29.7547104940528,36.7972793397538],[29.755450712275724,36.79550881791187],[29.770913608320484,36.80598549023347]],[[29.69940199596561,36.98753064968352],[29.707910441861767,36.98253263794511],[29.7017010359949,36.987312140344],[29.69940199596561,36.98753064968352]],[[29.54340140756699,36.9445260454235],[29.580976188024856,36.9677437532465],[29.5585315275581,36.9578808976163],[29.54340140756699,36.9445260454235]],[[29.505935252513833,36.897335413426234],[29.5254653512232,36.9139099192792],[29.5060594923576,36.8983735063731],[29.505935252513833,36.897335413426234]],[[29.5254653512232,36.9139099192792],[29.538355185664404,36.94007191368623],[29.5365460377907,36.9384750392092],[29.5254653512232,36.9139099192792]],[[29.499486169245884,36.872157790067],[29.5014865113257,36.8737497577681],[29.501604464445258,36.87440341473822],[29.499486169245884,36.872157790067]],[[29.4675995432005,36.8467808911488],[29.4541151097529,36.8490087535559],[29.444675963246144,36.84325418644769],[29.4675995432005,36.8467808911488]],[[29.421970987227397,36.84210170631345],[29.4233940519846,36.8399800461675],[29.432609856635736,36.84139786230496],[29.421970987227397,36.84210170631345]],[[29.38124191470292,36.88158660959161],[29.38339533516439,36.8805244494992],[29.3825303549552,36.8817231622282],[29.38124191470292,36.88158660959161]],[[29.136410186896157,36.8619519363477],[29.1408658535126,36.860851604049],[29.14186424898711,36.86101282642601],[29.136410186896157,36.8619519363477]]],[[[29.221572774865198,38.557863874326],[29.305901250590523,38.479747691059366],[29.30316116554774,38.411819194314006],[29.261017021584774,38.35847446762284],[29.19556644926871,38.34008938346132],[28.184595894341882,38.54090239183258],[26.97382911297532,38.64315860038196],[26.916027508609396,38.67894635343872],[26.891537721861067,38.73382334826324],[26.9383964695419,38.7672235166111],[26.91409301269939,38.81829021950129],[26.943052110053,38.834873311779],[26.9743857298774,38.8067010152498],[26.9731625457016,38.8463104116979],[27.00913500278391,38.859620033406934],[28.20913500278391,38.75962003340693],[29.221572774865198,38.557863874326]],[[28.8380319188927,38.6321998337783],[28.8236400975605,38.6200660771713],[28.82357053186725,38.61870954639759],[28.8380319188927,38.6321998337783]],[[28.8210970464313,38.4559334117391],[28.8243984567714,38.4688608015409],[28.814635603737518,38.440351629710904],[28.8210970464313,38.4559334117391]],[[28.8208399994795,38.5798146726409],[28.82086580779595,38.58035747978132],[28.8002476146109,38.5534470859332],[28.8208399994795,38.5798146726409]],[[28.8196149568328,38.5323880177847],[28.819190687645015,38.53284934663594],[28.8108646515064,38.4995452054869],[28.8196149568328,38.5323880177847]],[[28.8088229142649,38.426334317378],[28.809080183503507,38.426954722663396],[28.807279994919103,38.425244211350325],[28.8088229142649,38.426334317378]],[[27.2388342976592,38.6595863985129],[27.237960277664403,38.6602851063397],[27.238647172830145,38.651238550842386],[27.2388342976592,38.6595863985129]],[[27.2226213829989,38.6975908650839],[27.22175749158644,38.70134546898124],[27.2088491222424,38.6835571049915],[27.2226213829989,38.6975908650839]],[[27.2203550610598,38.707440646043],[27.20829823433948,38.71569757270611],[27.22088142180832,38.705153001914],[27.2203550610598,38.707440646043]],[[27.1835709216474,38.7326316808434],[27.178560373857586,38.732654985728814],[27.186270588212814,38.73078285698928],[27.1835709216474,38.7326316808434]],[[27.12231203613911,38.81866209365387],[27.15236782108658,38.834226696422185],[27.1364140027575,38.8308679975473],[27.12231203613911,38.81866209365387]],[[27.1286562102375,38.7675853304911],[27.10052130290625,38.780061822012506],[27.1001528600789,38.7782196080584],[27.1286562102375,38.7675853304911]],[[27.104062550417105,38.79776805781129],[27.10972177196934,38.80776463809978],[27.1052956668941,38.803933639585],[27.104062550417105,38.79776805781129]]],[[[27.4740042431448,37.9391362989436],[27.27543686417187,37.92842801928942],[27.2419058647788,37.9843410972268],[27.1454561710117,37.9837565784216],[26.9748161987437,38.0758443931687],[26.890160342493573,38.052819037259695],[26.89216484014946,38.07171585365598],[26.9255237816097,38.1309524112938],[27.00457935991834,38.15990463804015],[28.204579359918338,38.109904638040156],[29.036935219435446,37.95361365530303],[29.09078379873748,37.91211523071512],[29.109956052549627,37.84689089921307],[29.075552204140518,37.77005086335983],[28.99689089921307,37.740043947450374],[28.187510078435892,37.890424968695086],[27.432472971860868,37.92188484813571],[27.4740042431448,37.9391362989436]],[[27.4740042431448,37.9391362989436],[27.484353864469966,37.975398304364575],[27.4828317910203,37.9729752334299],[27.4740042431448,37.9391362989436]],[[28.825397985321,37.9727155990063],[28.81690918965289,37.93121418015703],[28.8203351268395,37.9302222068094],[28.825397985321,37.9727155990063]],[[28.7425748152168,37.8235127292835],[28.776225835624917,37.800337970291835],[28.7760675700237,37.8007515029513],[28.7425748152168,37.8235127292835]],[[28.7286411356769,37.9198368556889],[28.728722025838596,37.918667626112104],[28.7590615585691,37.9479638475131],[28.7286411356769,37.9198368556889]],[[28.7292469484297,37.8612461697774],[28.738271613206702,37.84974571230099],[28.7380744968474,37.8509473640231],[28.7292469484297,37.8612461697774]],[[28.7295931268751,37.9060762667319],[28.730203151030825,37.90545079890964],[28.7293661814606,37.90935665689783],[28.7295931268751,37.9060762667319]],[[28.301588113818454,38.06629008569464],[28.2793016347869,38.0353738810652],[28.3012839608398,38.0643663181249],[28.301588113818454,38.06629008569464]],[[28.1399648479122,38.0419512698814],[28.137950112013954,38.03920779949186],[28.14439750855954,38.041043190108944],[28.1399648479122,38.0419512698814]],[[28.131961120165624,38.03105257586508],[28.128280172134335,38.02604022067844],[28.1304449440973,38.0255943422225],[28.131961120165624,38.03105257586508]],[[28.095654019488,38.0301812057142],[28.09043790643217,38.02727451652458],[28.09727168877041,38.029937029198855],[28.095654019488,38.0301812057142]],[[28.0382749571648,38.0242961738521],[28.03795052107314,38.02281025639374],[28.0462370597785,38.0307870176735],[28.0382749571648,38.0242961738521]],[[28.0462370597785,38.0307870176735],[28.0814607064517,38.0237769060441],[28.082520877702553,38.02418995978983],[28.0462370597785,38.0307870176735]],[[28.03365043658615,38.004182779024006],[28.017939235708198,37.988609396053576],[28.0331688270222,38.0016214918846],[28.03365043658615,38.004182779024006]],[[28.003051848909386,37.975889678255136],[27.978476197635747,37.99010955188069],[28.0016665967151,37.9747061248734],[28.003051848909386,37.975889678255136]],[[27.9630677105029,37.9990251544562],[27.9345079969038,37.99867897539],[27.96451143949989,37.998189789254354],[27.9630677105029,37.9990251544562]],[[27.8700322784401,37.9878609020164],[27.881921917615568,38.01129803260526],[27.86796690649927,37.98695290568705],[27.8700322784401,37.9878609020164]],[[27.8550600647416,37.985264564927],[27.8141244744849,37.9632822390792],[27.866017300057887,37.98609580316838],[27.8550600647416,37.985264564927]],[[27.62495038967684,37.99502079977989],[27.608592872024264,37.994169312124214],[27.6115235938969,37.9927073990554],[27.62495038967684,37.99502079977989]],[[27.5338676655748,37.9977966011147],[27.510326562589878,37.99724138640108],[27.5312102166434,37.9962557273719],[27.5338676655748,37.9977966011147]],[[27.4978905493649,37.9969480841915],[27.490723540123714,37.98553853507635],[27.501308063598906,37.99702868594529],[27.4978905493649,37.9969480841915]]],[[[28.896963620499616,36.711775451160314],[28.9086479799561,36.707139889622],[28.900061793931286,36.704855767212806],[28.896963620499616,36.711775451160314]]]]}},{"type":"Feature","id":"regosol-soil","properties":{"id":"regosol-soil","name":"Regosol","source":"MEB","source_url":"https://ogmmateryal.eba.gov.tr/kitap/mebi-konu-ozetleri/tyt-cografya/files/basic-html/page86.html","geometry_note":"İç ve Doğu Anadolu volkanik alanları ile Kula"},"geometry":{"type":"MultiPolygon","coordinates":[[[[43.065339103765844,38.598140691308856],[42.96822143065056,38.47635898113619],[42.865597671684306,38.41964083439207],[42.75,38.4],[42.598140691308856,38.434660896234156],[42.47635898113619,38.53177856934944],[42.41964083439207,38.634402328315694],[42.4,38.75],[42.434660896234156,38.901859308691144],[42.53177856934944,39.02364101886381],[42.634402328315694,39.08035916560793],[42.75,39.1],[42.901859308691144,39.065339103765844],[42.96822143065056,39.02364101886381],[43.02364101886381,38.96822143065056],[43.08035916560793,38.865597671684306],[43.1,38.75],[43.065339103765844,38.598140691308856]],[[42.9588080412564,39.0243214174269],[42.958506816795506,39.02068846770747],[42.96486951261398,39.02421429282721],[42.9588080412564,39.0243214174269]],[[42.9416817507885,38.9471368675501],[42.9547783266416,38.9857291424131],[42.954855324243645,38.98904004311365],[42.9416817507885,38.9471368675501]],[[42.9416817507885,38.9471368675501],[42.92581688092737,38.94318608284897],[42.9294376159571,38.941789745588],[42.9416817507885,38.9471368675501]],[[42.8971998917298,38.9544988481399],[42.896264224351725,38.95458307136057],[42.89958602173851,38.95330201946738],[42.8971998917298,38.9544988481399]],[[42.8089336236991,38.9805370094687],[42.80581748315829,38.979916993876785],[42.8123807875966,38.97834628854376],[42.8089336236991,38.9805370094687]],[[42.708093298582995,38.96690247991227],[42.71362805386602,38.95645877021214],[42.71657224478966,38.95779252420299],[42.708093298582995,38.96690247991227]],[[42.69735493488615,39.00097420101659],[42.6989809386077,38.9840968882282],[42.702699746587854,38.97707974853741],[42.69735493488615,39.00097420101659]],[[42.69741772790367,39.018676388123644],[42.6959920338612,39.0151206058451],[42.6964268264628,39.01060762064221],[42.69741772790367,39.018676388123644]],[[42.69097485749961,38.94619659909522],[42.66380726346236,38.936121387701355],[42.6694434733338,38.9364426224325],[42.69097485749961,38.94619659909522]],[[42.6037281138456,38.9303980494456],[42.60047038996084,38.925905820104425],[42.60654088050707,38.93063558872934],[42.6037281138456,38.9303980494456]],[[42.5984584852009,38.9049023500834],[42.59713753156263,38.92130998423373],[42.59643487298202,38.90051785615699],[42.5984584852009,38.9049023500834]],[[42.59468781585839,38.896732565044296],[42.581322974376036,38.88704451342452],[42.5924139127648,38.8918057741255],[42.59468781585839,38.896732565044296]],[[42.57779917244099,38.885531770401045],[42.573496755623275,38.88740238648851],[42.5770699954013,38.8852187399016],[42.57779917244099,38.885531770401045]],[[42.57128560467144,38.88875364543811],[42.56488446188482,38.90037812089768],[42.5687005866447,38.8903333787171],[42.57128560467144,38.88875364543811]]],[[[42.565339103765844,39.19814069130886],[42.46822143065056,39.07635898113619],[42.365597671684306,39.01964083439207],[42.25,39.0],[42.098140691308856,39.03466089623416],[41.97635898113619,39.13177856934944],[41.91964083439207,39.234402328315696],[41.9,39.35],[41.934660896234156,39.501859308691145],[42.03177856934944,39.623641018863815],[42.134402328315694,39.68035916560793],[42.25,39.7],[42.401859308691144,39.665339103765845],[42.52364101886381,39.56822143065056],[42.58035916560793,39.46559767168431],[42.6,39.35],[42.565339103765844,39.19814069130886]],[[42.5667219318492,39.3587615515567],[42.5226355964942,39.3658186860416],[42.51764877124388,39.378774149286066],[42.5230507220284,39.3644072597195],[42.5667219318492,39.3587615515567]],[[42.428051542811005,39.5111690012274],[42.4304937377881,39.5118840524788],[42.4773038835854,39.5711397926372],[42.428051542811005,39.5111690012274]],[[42.4044869258803,39.497651476706],[42.3443103579336,39.5013634360601],[42.33356420664073,39.49910291880865],[42.4044869258803,39.497651476706]],[[42.32444744068014,39.497185152515435],[42.3222527552861,39.4967234873053],[42.312251109989866,39.48966180691937],[42.32444744068014,39.497185152515435]],[[42.246543041462346,39.449129574681976],[42.2288827069165,39.4406157978018],[42.22504163348752,39.4358663624008],[42.246543041462346,39.449129574681976]],[[42.2081813959245,39.3588099298889],[42.20595934476248,39.3606542323841],[42.20973641991356,39.35304869364865],[42.2081813959245,39.3588099298889]],[[42.200205379096126,39.405156669390315],[42.1866234803608,39.3883628350992],[42.186775431687174,39.38605823778301],[42.200205379096126,39.405156669390315]],[[42.18743676726383,39.37602797196411],[42.1874800855276,39.3753709776699],[42.19060999522388,39.37339419271339],[42.18743676726383,39.37602797196411]],[[42.1883366924474,39.3004893420876],[42.190103098114676,39.30210118723424],[42.1877584316512,39.30036180152434],[42.1883366924474,39.3004893420876]],[[42.1168100954525,39.2847135147637],[42.12113820595794,39.28566811804194],[42.115775050016154,39.284730075506324],[42.1168100954525,39.2847135147637]],[[41.9743279731548,39.2004092143473],[41.97705450329592,39.201979439342566],[41.95056810283428,39.19532645723082],[41.9743279731548,39.2004092143473]]],[[[35.78035916560793,38.634402328315694],[35.723641018863816,38.53177856934944],[35.60185930869115,38.434660896234156],[35.45,38.4],[35.3344023283157,38.41964083439207],[35.231778569349444,38.47635898113619],[35.13466089623416,38.598140691308856],[35.1,38.75],[35.11964083439207,38.865597671684306],[35.17635898113619,38.96822143065056],[35.29814069130886,39.065339103765844],[35.45,39.1],[35.56559767168431,39.08035916560793],[35.66822143065056,39.02364101886381],[35.76533910376585,38.901859308691144],[35.800000000000004,38.75],[35.78035916560793,38.634402328315694]],[[35.3551112426009,38.95488058720824],[35.2480062519091,38.9822386365934],[35.3549554200145,38.9544497835782],[35.3551112426009,38.95488058720824]]],[[[35.075905312758024,38.52364977636064],[35.04972465211937,38.52194254942156],[35.07556615263871,38.52283097140077],[34.99748737341529,38.40251262658471],[34.901859308691144,38.334660896234155],[34.75,38.3],[34.64461576407652,38.3166983942386],[34.70454450501816,38.3377827268116],[34.634402328315694,38.31964083439207],[34.53177856934944,38.376358981136185],[34.434660896234156,38.498140691308855],[34.4,38.65],[34.41964083439207,38.765597671684304],[34.47635898113619,38.86822143065056],[34.598140691308856,38.96533910376584],[34.75,39.0],[34.865597671684306,38.98035916560793],[34.96822143065056,38.92364101886381],[35.006512497859774,38.887388254500614],[34.9832940134992,38.8569880776044],[35.006565319209344,38.88732914738316],[35.065339103765844,38.80185930869114],[35.1,38.65],[35.075905312758024,38.52364977636064]],[[35.0245271909386,38.6438473581323],[35.027014511571934,38.639843378593014],[35.0248329860244,38.6664761699142],[35.0245271909386,38.6438473581323]],[[35.0248329860244,38.6664761699142],[35.0559221192672,38.7180535516582],[35.055990611112485,38.719523012575095],[35.0248329860244,38.6664761699142]],[[35.00076485513443,38.78264673697885],[35.0030196268293,38.7791105700989],[35.009278793534286,38.77482363146648],[35.00076485513443,38.78264673697885]],[[34.98207385626684,38.81693820811873],[34.9819291036627,38.8121869164412],[34.98764720404024,38.803219198238395],[34.98207385626684,38.81693820811873]],[[34.9039039027308,38.3562219100586],[34.909305361380795,38.351353552980335],[34.8946536114561,38.3754869789864],[34.9039039027308,38.3562219100586]],[[34.90483445752245,38.42068437525534],[34.9005401601391,38.4183746934513],[34.90003828191222,38.41471815185965],[34.90483445752245,38.42068437525534]],[[34.44638943946,38.5482780547953],[34.44340758076662,38.550484021906364],[34.44443075817704,38.528997284548986],[34.44638943946,38.5482780547953]],[[34.4438118150057,38.5229045622741],[34.44395688513884,38.52433259649845],[34.437916953058725,38.51750251815919],[34.4438118150057,38.5229045622741]]],[[[30.865339103765848,38.39814069130885],[30.768221430650556,38.276358981136184],[30.66559767168431,38.21964083439207],[30.55,38.199999999999996],[30.398140691308857,38.23466089623415],[30.27635898113619,38.33177856934944],[30.219640834392074,38.43440232831569],[30.2,38.55],[30.234660896234153,38.70185930869114],[30.331778569349442,38.82364101886381],[30.43440232831569,38.88035916560793],[30.55,38.9],[30.701859308691144,38.86533910376584],[30.82364101886381,38.768221430650556],[30.880359165607928,38.6655976716843],[30.900000000000002,38.55],[30.865339103765848,38.39814069130885]],[[30.7742138212651,38.2969192287839],[30.779751465090644,38.30036580794826],[30.7442518777339,38.289290727345],[30.7742138212651,38.2969192287839]]],[[[28.9562485441339,38.7066649316791],[28.997799273462633,38.589187566636156],[28.980359165607926,38.43440232831569],[28.92364101886381,38.33177856934944],[28.801859308691142,38.23466089623415],[28.65,38.199999999999996],[28.53440232831569,38.21964083439207],[28.498140691308855,38.23466089623415],[28.46378877321963,38.253646530270096],[28.431778569349444,38.276358981136184],[28.33466089623415,38.39814069130885],[28.299999999999997,38.55],[28.31964083439207,38.6655976716843],[28.37635898113619,38.768221430650556],[28.498140691308855,38.86533910376584],[28.65,38.9],[28.765597671684308,38.88035916560793],[28.89748737341529,38.79748737341529],[28.9562485441339,38.7066649316791]],[[28.946799721590754,38.69772792047185],[28.9508233544654,38.6989209113134],[28.9562485441339,38.7066649316791],[28.946799721590754,38.69772792047185]],[[28.863785411722883,38.66659170585359],[28.8499760854257,38.6615133560945],[28.849289177533493,38.65982753818735],[28.863785411722883,38.66659170585359]],[[28.8380319188927,38.6321998337783],[28.8236400975605,38.6200660771713],[28.82357053186725,38.61870954639759],[28.8380319188927,38.6321998337783]],[[28.800655962145,38.3217973369867],[28.8259367908141,38.30951967201063],[28.800294985722335,38.323042705609325],[28.800655962145,38.3217973369867]],[[28.8210970464313,38.4559334117391],[28.8243984567714,38.4688608015409],[28.814635603737518,38.440351629710904],[28.8210970464313,38.4559334117391]],[[28.8208399994795,38.5798146726409],[28.82086580779595,38.58035747978132],[28.8002476146109,38.5534470859332],[28.8208399994795,38.5798146726409]],[[28.8196149568328,38.5323880177847],[28.819190687645015,38.53284934663594],[28.8108646515064,38.4995452054869],[28.8196149568328,38.5323880177847]],[[28.8088229142649,38.426334317378],[28.809080183503507,38.426954722663396],[28.807279994919103,38.425244211350325],[28.8088229142649,38.426334317378]],[[28.7923723394862,38.3453064898789],[28.788832258562138,38.34818460467013],[28.792761030996353,38.34407782956058],[28.7923723394862,38.3453064898789]],[[28.782143828188495,38.40136021501104],[28.7788968696995,38.398275005341],[28.778707584723545,38.3948941653271],[28.782143828188495,38.40136021501104]],[[28.7773821133603,38.371219773846654],[28.7767967964252,38.3607653629511],[28.77790351768914,38.35960849896469],[28.7773821133603,38.371219773846654]],[[28.4657277351277,38.2589705043041],[28.463299972382146,38.25926292392457],[28.4990252269218,38.2360457921539],[28.4657277351277,38.2589705043041]]]]}},{"type":"Feature","id":"loess-soil","properties":{"id":"loess-soil","name":"Lös","source":"MEB","source_url":"https://ogmmateryal.eba.gov.tr/kitap/mebi-konu-ozetleri/tyt-cografya/files/basic-html/page86.html","geometry_note":"Rüzgâr birikimi; Konya kapalı havzası örnek alanı"},"geometry":{"type":"Polygon","coordinates":[[[33.026981860748755,37.94625705147041],[32.95642761562957,37.74462460327264],[32.849275104892186,37.62472088841535],[32.70853394973848,37.54693600145198],[32.49625705147041,37.52301813925124],[32.29462460327264,37.593572384370425],[32.174720888415344,37.70072489510781],[32.09693600145198,37.841466050261516],[32.07301813925124,38.05374294852959],[32.14357238437042,38.25537539672736],[32.25072489510781,38.37527911158465],[32.39146605026151,38.45306399854802],[32.603742948529586,38.47698186074876],[32.80537539672736,38.406427615629575],[32.92527911158465,38.29927510489219],[33.003063998548015,38.158533949738484],[33.026981860748755,37.94625705147041]]]}},{"type":"Feature","id":"moraine-soil","properties":{"id":"moraine-soil","name":"Moren","source":"MEB","source_url":"https://ogmmateryal.eba.gov.tr/kitap/mebi-konu-ozetleri/tyt-cografya/files/basic-html/page86.html","geometry_note":"Türkiye'nin yüksek buzul dağlarındaki moren alanları"},"geometry":{"type":"MultiPolygon","coordinates":[[[[44.39845671053179,37.66297198223705],[44.46230774873593,37.6012234421813],[44.42561918611289,37.508279083536266],[43.871223442181304,37.26769225126407],[43.77827908353627,37.304380813887114],[43.76702801776295,37.36845671053179],[43.804380813887114,37.421720916463734],[44.39845671053179,37.66297198223705]]],[[[42.52116068812367,39.90499207494278],[42.59625543465964,39.85755141388643],[42.57927774209607,39.75908079701775],[42.21755141388643,39.50374456534036],[42.11908079701775,39.520722257903934],[42.09500792505722,39.58116068812367],[42.120722257903935,39.640919202982246],[42.52116068812367,39.90499207494278]]],[[[41.1880131556175,40.99602631123499],[41.234997550835814,40.92064525337075],[41.18916300554368,40.8445595665655],[40.56393385562575,40.636149849926184],[40.5119868443825,40.64397368876501],[40.490353918453785,40.6594413923857],[40.481614807308894,40.669517672195106],[40.474559566565496,40.680836994456314],[40.46896313115122,40.7456520152656],[40.5034921182191,40.711779167756745],[40.47062898019108,40.74976169633784],[40.51083699445631,40.7954404334345],[41.12312063988857,41.0006380803343],[41.1880131556175,40.99602631123499]],[[41.215888638319,40.9187493978816],[41.215810152657575,40.91853534606744],[41.2264534453998,40.9301708105604],[41.215888638319,40.9187493978816]],[[40.50540256571316,40.70168108987454],[40.50499753017657,40.695848578200234],[40.5062950884554,40.6969634704734],[40.50540256571316,40.70168108987454]],[[40.4860220810483,40.6781181392049],[40.4864027940638,40.6653642284079],[40.48666089002693,40.67869916650471],[40.4860220810483,40.6781181392049]]],[[[37.76908398884886,40.80282995454313],[37.832465979530674,40.74060005388456],[37.7950752046157,40.64793595953006],[37.370600053884566,40.46753402046932],[37.27793595953006,40.5049247953843],[37.26717004545687,40.56908398884886],[37.3049247953843,40.62206404046994],[37.76908398884886,40.80282995454313]],[[37.424138423069685,40.55680548265772],[37.426884460953,40.5569495056203],[37.4423925461018,40.5656185199999],[37.424138423069685,40.55680548265772]],[[37.4423925461018,40.5656185199999],[37.4607342657073,40.551816746677],[37.46145130934732,40.551576880576114],[37.4423925461018,40.5656185199999]]],[[[35.5776732375594,38.70496814801174],[35.65465084618348,38.660647892492605],[35.64172682314392,38.56156371585599],[35.36064789249261,38.34534915381652],[35.26156371585599,38.35827317685608],[35.23503185198826,38.4176732375594],[35.25827317685608,38.47843628414401],[35.5776732375594,38.70496814801174]]],[[[35.28692234877116,37.664717655110906],[35.36271040134975,37.599595650245995],[35.33500958865733,37.515200731827036],[34.85229315266276,37.221373336004255],[34.75520073182704,37.24499041134267],[34.73528234488909,37.30692234877115],[34.7415678454728,37.332762740059735],[34.76499041134267,37.36479926817296],[35.28692234877116,37.664717655110906]],[[34.7877692566603,37.3034252007648],[34.79410151624782,37.30067066776297],[34.762104762000185,37.330064295967496],[34.7877692566603,37.3034252007648]],[[34.75949917075489,37.33276883366294],[34.75263002074044,37.34601648110033],[34.7566563694134,37.3357195894281],[34.75949917075489,37.33276883366294]]],[[[32.718035834992335,37.35306448492665],[32.784572399182565,37.278515239075055],[32.74598219933996,37.19851127820516],[32.221640440375104,36.96780090426062],[32.12851127820516,37.00401780066004],[32.11693551507336,37.06803583499233],[32.15401780066004,37.12148872179484],[32.718035834992335,37.35306448492665]]],[[[32.4851732502656,40.97738115058432],[32.53491543148538,40.903790711760635],[32.49192834808569,40.82606074366884],[32.06702774190661,40.66672301635168],[31.976060743668835,40.70807165191431],[31.968069231197003,40.772635130292315],[32.00807165191431,40.82393925633116],[32.42015450746499,40.97958798009337],[32.4851732502656,40.97738115058432]],[[32.512796283527,40.8857120405931],[32.51030797948637,40.88571899120681],[32.514243976493624,40.88298253610062],[32.512796283527,40.8857120405931]],[[32.4823315334096,40.8857971381963],[32.438975732368895,40.86681371236112],[32.4391859621151,40.8668403341464],[32.4823315334096,40.8857971381963]],[[32.37102043245801,40.86079758377073],[32.3427704729797,40.8738086055947],[32.3698852653309,40.8607567401784],[32.37102043245801,40.86079758377073]],[[32.3401968660088,40.8849302663628],[32.3652282607182,40.9485351336612],[32.36518947004024,40.94900385451444],[32.3401968660088,40.8849302663628]]],[[[29.313933855625752,40.21385015007382],[29.381036868848774,40.1556520152656],[29.349438285919657,40.060856266478254],[29.105652015265598,39.938963131151226],[29.010856266478253,39.97056171408035],[28.996149849926187,40.033933855625754],[29.030561714080342,40.08914373352175],[29.313933855625752,40.21385015007382]]]]}}]}