{"type":"FeatureCollection","features":[{"type":"Feature","properties":{"id":"harsit","name":"Harşit Çayı","source":"OpenStreetMap","source_url":"https://www.openstreetmap.org/relation/15551155","classification_source":"https://ogmmateryal.eba.gov.tr/kitap/mebi-konu-ozetleri/tyt-cografya/files/basic-html/page83.html","classification_note":"MEB · Karadeniz Havzası"},"geometry":{"type":"MultiLineString","coordinates":[[[39.6762067,40.3829348],[39.676137,40.3829434],[39.6760699,40.3829603],[39.6760221,40.3829786],[39.6759775,40.3830011],[39.6758097,40.3831013],[39.6757013,40.3831725],[39.6755985,40.3832484],[39.6754366,40.3833608],[39.6752693,40.3834686],[39.675205,40.3835106],[39.6751342,40.383546],[39.6750581,40.3835743],[39.6749997,40.3835901],[39.6749396,40.3836018],[39.6748783,40.383609],[39.6746754,40.3836385],[39.6744748,40.3836758],[39.6743751,40.3836966],[39.6742769,40.3837209],[39.6741484,40.3837588],[39.6740233,40.3838028],[39.6739022,40.3838527],[39.6738421,40.3838786],[39.6737853,40.3839083],[39.6737138,40.383955],[39.6736503,40.384008],[39.6735956,40.3840664],[39.673575,40.3840988],[39.6735506,40.3841295],[39.6735038,40.3841755],[39.6734486,40.3842158],[39.6733864,40.3842495],[39.6732832,40.3842984],[39.6731754,40.3843412],[39.6730636,40.3843776],[39.6729485,40.3844074],[39.6728541,40.3844389],[39.6727633,40.3844759],[39.6726765,40.3845183],[39.6725944,40.3845657],[39.6724217,40.38467],[39.6722532,40.3847782],[39.6720888,40.38489],[39.6718269,40.3850636],[39.6717344,40.3851167],[39.6716457,40.3851735],[39.6715611,40.3852338],[39.6714556,40.3853189],[39.6713582,40.3854095],[39.6712694,40.385505],[39.6711896,40.3856051],[39.6711074,40.3856925],[39.6710169,40.385775],[39.6709188,40.3858522],[39.6708134,40.3859238],[39.6707015,40.3859892],[39.6705699,40.3860749],[39.670445,40.3861663],[39.6703273,40.386263],[39.6702113,40.3863662],[39.6701008,40.3864728],[39.6699961,40.3865827],[39.6697389,40.3868471],[39.6696459,40.386931],[39.6695586,40.3870183],[39.669477,40.3871088],[39.6693859,40.3872231],[39.669304,40.3873414],[39.6692316,40.3874632],[39.6691804,40.3875662],[39.6691368,40.3876713],[39.6691011,40.387778],[39.6690734,40.3878861],[39.6690597,40.3879765],[39.6690545,40.3880673],[39.6690577,40.3881583],[39.6690693,40.3882488],[39.6690933,40.388366],[39.6691271,40.3884819],[39.6691706,40.3885958],[39.6692236,40.3887074],[39.6692732,40.3887472],[39.6693158,40.3887914],[39.6693509,40.3888393],[39.6693778,40.3888902],[39.6693947,40.3889379],[39.6694044,40.3889868],[39.6694068,40.3890361],[39.6694019,40.3890853],[39.6693946,40.3892243],[39.6693969,40.3893633],[39.6694072,40.3894325],[39.6694086,40.3895021],[39.6693992,40.3895817],[39.669378,40.3896599],[39.6693454,40.3897359],[39.6693018,40.3898085],[39.6692477,40.389877],[39.6691761,40.3899527],[39.6690958,40.3900233],[39.6690077,40.3900882],[39.6689123,40.3901468],[39.6688105,40.3901987],[39.6685841,40.3903267],[39.6683519,40.3904486],[39.6681144,40.3905643],[39.6678717,40.3906737],[39.6676517,40.3907656],[39.6674279,40.3908523],[39.6672008,40.3909337],[39.6670865,40.3909731],[39.6669705,40.3910098],[39.6667685,40.3910661],[39.6665629,40.3911141],[39.6663541,40.3911536],[39.6661429,40.3911846],[39.6660361,40.3911945],[39.6659298,40.3912069],[39.6657312,40.3912372],[39.6655353,40.3912765],[39.6653429,40.3913245],[39.6651545,40.3913811],[39.6649708,40.3914462],[39.6647926,40.3915195],[39.6641641,40.3916817],[39.6635319,40.3918351],[39.6629366,40.3919707],[39.6627391,40.3920186],[39.6625396,40.3920612],[39.6623383,40.3920986],[39.6620655,40.3921406],[39.6617903,40.3921729],[39.6615136,40.3921956],[39.660952,40.3922447],[39.6603911,40.3922978],[39.6601568,40.3923041],[39.6599231,40.392318],[39.6596904,40.3923395],[39.6594591,40.3923685],[39.6592297,40.392405],[39.658979,40.392454],[39.6587316,40.3925119],[39.6586087,40.392543],[39.658488,40.3925787],[39.6583446,40.3926283],[39.6582054,40.3926846],[39.6581363,40.3927135],[39.658071,40.3927472],[39.6580059,40.3927881],[39.6579464,40.3928336],[39.6578931,40.3928833],[39.6578464,40.3929367],[39.6578068,40.3929934],[39.6577628,40.3930717],[39.657729,40.3931529],[39.6577057,40.3932362],[39.6576931,40.3933208],[39.6576914,40.393406],[39.657685,40.3935006],[39.657674,40.393595],[39.6576667,40.393634],[39.6576519,40.3936717],[39.6576297,40.3937073],[39.6575958,40.3937447],[39.6575539,40.393777],[39.6575052,40.3938033],[39.6574514,40.3938227],[39.6572709,40.393846],[39.6570922,40.3938761],[39.6569158,40.393913],[39.6567419,40.3939566],[39.656548,40.394014],[39.6563587,40.3940798],[39.6562639,40.3941128],[39.6561746,40.3941537],[39.6561025,40.3941952],[39.656036,40.394242],[39.655976,40.3942935],[39.6559228,40.3943493],[39.6558771,40.3944087],[39.6558394,40.3944713],[39.6557284,40.3946431],[39.6556088,40.3948116],[39.6554808,40.3949764],[39.6553445,40.3951373],[39.6552151,40.3953029],[39.6550936,40.395472],[39.6549802,40.3956442],[39.6548751,40.3958195],[39.6547559,40.3960098],[39.6546989,40.396106],[39.6546324,40.3961985],[39.6545664,40.3962762],[39.6544936,40.3963503],[39.6544144,40.3964205],[39.6543291,40.3964864],[39.6542381,40.3965478],[39.6541251,40.3966153],[39.6540066,40.3966771],[39.6538832,40.396733],[39.6537553,40.3967827],[39.6536476,40.3968196],[39.653545,40.396864],[39.6534482,40.3969155],[39.6533601,40.3969721],[39.6532791,40.3970345],[39.6532059,40.3971023],[39.6531411,40.3971749],[39.65307,40.3973134],[39.6529917,40.3974497],[39.6529064,40.3975834],[39.652799,40.3977349],[39.6526825,40.3978825],[39.6525573,40.3980258],[39.6524918,40.3980959],[39.6524236,40.3981646],[39.6523106,40.3982693],[39.6521913,40.3983698],[39.6520657,40.3984658],[39.6519343,40.3985571],[39.6517973,40.3986436],[39.6516597,40.3987198],[39.6515162,40.3987895],[39.6513675,40.3988523],[39.6512139,40.3989081],[39.6505764,40.3991373],[39.6499372,40.3993636],[39.6493894,40.3995628],[39.649248,40.3996054],[39.6491098,40.3996535],[39.648975,40.3997071],[39.6488442,40.399766],[39.6487104,40.3998338],[39.6485817,40.3999071],[39.6484585,40.3999857],[39.6483412,40.4000693],[39.648123,40.4002209],[39.6480149,40.4002976],[39.6479014,40.4003696],[39.6477608,40.400448],[39.6476137,40.4005192],[39.6474607,40.4005827],[39.6473025,40.4006383],[39.6471398,40.4006858],[39.6470561,40.4007042],[39.6469733,40.400725],[39.64684,40.4007644],[39.6467102,40.4008101],[39.6465846,40.4008621],[39.6464635,40.40092],[39.6463475,40.4009837],[39.646237,40.4010528],[39.6457067,40.4013778],[39.6451689,40.4016958],[39.6448421,40.4018218],[39.6445671,40.4019805],[39.6443972,40.4020825],[39.6443161,40.402137],[39.6442294,40.4021864],[39.6441367,40.4022309],[39.6440395,40.4022695],[39.6439385,40.402302],[39.6438344,40.4023282],[39.6437278,40.4023478],[39.6433437,40.4024234],[39.6429621,40.4025061],[39.6428301,40.4025235],[39.6426965,40.4025316],[39.6425658,40.4025306],[39.6424357,40.4025206],[39.6423073,40.4025019],[39.6421815,40.4024744],[39.6420664,40.4024412],[39.6419551,40.402401],[39.6418485,40.4023542],[39.6417472,40.4023009],[39.6416982,40.4022724],[39.6416518,40.4022416],[39.6415854,40.4021894],[39.6415264,40.4021323],[39.6414752,40.402071],[39.6414325,40.402006],[39.6413987,40.401938],[39.6413742,40.4018678],[39.6413406,40.4017967],[39.6412991,40.401728],[39.6412499,40.4016624],[39.6411934,40.4016002],[39.6411301,40.401542],[39.6409332,40.4013659],[39.6407316,40.401193],[39.6406681,40.4011328],[39.6405992,40.4010761],[39.6405253,40.4010232],[39.6404215,40.4009602],[39.6403105,40.4009046],[39.6401933,40.400857],[39.6400709,40.4008178],[39.6399443,40.4007874],[39.6398787,40.4007791],[39.6398145,40.4007658],[39.6397427,40.4007443],[39.6396748,40.4007164],[39.6396117,40.4006827],[39.6395543,40.4006435],[39.6395034,40.4005994],[39.6393726,40.4005061],[39.6392365,40.4004174],[39.6390954,40.4003334],[39.6389495,40.4002542],[39.638907,40.4002325],[39.6388604,40.4002166],[39.6388109,40.4002068],[39.6387599,40.4002036],[39.638709,40.4002069],[39.6386595,40.4002167],[39.6386129,40.4002327],[39.6385727,40.4002531],[39.6385374,40.4002781],[39.6385077,40.400307],[39.6378364,40.4011131],[39.6377432,40.4012106],[39.6376424,40.4013036],[39.6375343,40.4013917],[39.6374193,40.4014746],[39.6373224,40.4015371],[39.6372193,40.4015937],[39.6371109,40.401644],[39.6369976,40.4016877],[39.6368802,40.4017246],[39.6367595,40.4017544],[39.6366755,40.4017707],[39.6365905,40.4017835],[39.6364237,40.4018193],[39.6362596,40.4018617],[39.6360987,40.4019106],[39.6359414,40.4019658],[39.6357851,40.4020286],[39.635624,40.4020837],[39.6354586,40.4021309],[39.6352896,40.4021701],[39.6352036,40.4021867],[39.6351158,40.4021964],[39.6350271,40.402199],[39.6349385,40.4021947],[39.6348511,40.4021834],[39.6347556,40.4021626],[39.634664,40.4021335],[39.6345775,40.4020966],[39.6344486,40.402027],[39.6343136,40.4019646],[39.6341732,40.4019096],[39.634028,40.4018623],[39.6338788,40.4018229],[39.6337812,40.4018018],[39.6336826,40.4017842],[39.633484,40.4017531],[39.6332837,40.4017295],[39.6330822,40.4017136],[39.6328935,40.4017057],[39.6327046,40.4017074],[39.6325162,40.4017187],[39.6323539,40.4017362],[39.6321905,40.4017452],[39.6320266,40.4017455],[39.6318631,40.4017371],[39.6317269,40.4017234],[39.6315921,40.4017038],[39.6313197,40.4016776],[39.6310464,40.4016584],[39.6308148,40.4016479],[39.6305828,40.4016424],[39.6301197,40.4016217],[39.6298897,40.4016097],[39.6296593,40.4016033],[39.6294288,40.4016025],[39.6291983,40.4016074],[39.6290298,40.4016145],[39.628862,40.401628],[39.6286953,40.4016479],[39.6285301,40.401674],[39.6283668,40.4017064],[39.6281969,40.4017474],[39.62803,40.4017951],[39.6278666,40.4018494],[39.6276239,40.401904],[39.6273837,40.4019647],[39.6271462,40.4020312],[39.6269117,40.4021037],[39.6267406,40.402161],[39.6265714,40.4022214],[39.6262345,40.4023447],[39.6260557,40.4024131],[39.6258736,40.4024763],[39.6256886,40.4025342],[39.6255009,40.4025868],[39.6253112,40.4026338],[39.625119,40.4026744],[39.6249246,40.4027085],[39.6247284,40.4027359],[39.6245497,40.4027549],[39.6243702,40.4027685],[39.6240109,40.4027931],[39.6237888,40.4028043],[39.6235674,40.402822],[39.6233471,40.4028462],[39.6231964,40.4028666],[39.623048,40.4028952],[39.6228983,40.4029332],[39.6227528,40.4029796],[39.6226121,40.4030341],[39.622357,40.4031432],[39.6221076,40.4032599],[39.6218644,40.4033839],[39.6216278,40.4035151],[39.6214638,40.4036126],[39.6212952,40.4037054],[39.6211222,40.4037935],[39.6209452,40.4038766],[39.6208313,40.4039265],[39.6207128,40.4039697],[39.6205903,40.4040059],[39.6204646,40.4040348],[39.6203363,40.4040564],[39.6202178,40.4040695],[39.620101,40.4040892],[39.6199863,40.4041155],[39.6198746,40.4041482],[39.6197663,40.4041871],[39.6196828,40.4042225],[39.6195952,40.4042516],[39.6195043,40.4042741],[39.6194109,40.4042898],[39.6193161,40.4042986],[39.6192205,40.4043004],[39.6191576,40.4042978],[39.6190951,40.4042921],[39.6189709,40.4042761],[39.6188489,40.4042527],[39.6187296,40.4042218],[39.6186212,40.4041864],[39.6185166,40.4041449],[39.6183086,40.4040604],[39.618106,40.4039685],[39.6179913,40.403912],[39.6178786,40.4038531],[39.6176446,40.4037455],[39.6174046,40.4036458],[39.6172407,40.4035836],[39.6170737,40.4035264],[39.6169038,40.4034743],[39.6167314,40.4034273],[39.6166087,40.4033974],[39.6164836,40.4033739],[39.6163567,40.4033571],[39.6162285,40.4033469],[39.6160997,40.4033435],[39.6159496,40.4033481],[39.6158004,40.4033612],[39.6156528,40.4033827],[39.6155078,40.4034126],[39.6153662,40.4034508],[39.6152589,40.4034859],[39.6151545,40.4035258],[39.6149383,40.4035929],[39.6147181,40.403652],[39.6144944,40.403703],[39.6142689,40.4037455],[39.6140465,40.4037967],[39.6138278,40.4038565],[39.6136133,40.4039246],[39.6134824,40.4039711],[39.6133534,40.4040208],[39.6130972,40.4041226],[39.6128449,40.40423],[39.6126239,40.4043301],[39.6124064,40.4044344],[39.6121924,40.404543],[39.6117593,40.4047391],[39.6116824,40.4047669],[39.6116011,40.4047863],[39.6115171,40.404797],[39.611432,40.4047988],[39.6113749,40.4047949],[39.6113185,40.404787],[39.6112072,40.4047661],[39.6110994,40.4047365],[39.6110183,40.4047074],[39.6109405,40.4046733],[39.6108668,40.4046344],[39.6107426,40.4045885],[39.6106146,40.4045494],[39.6104831,40.4045173],[39.6103491,40.4044924],[39.6101965,40.4044732],[39.6100426,40.4044615],[39.6098881,40.4044574],[39.6097335,40.4044608],[39.6096305,40.4044673],[39.6095279,40.4044771],[39.6093235,40.4045003],[39.6091206,40.4045304],[39.6089196,40.4045673],[39.608721,40.4046109],[39.6085651,40.4046503],[39.608411,40.4046938],[39.6082591,40.4047415],[39.607801,40.4048795],[39.6073138,40.4050357],[39.60683,40.4051981],[39.6066427,40.4052629],[39.6064605,40.4053358],[39.6062841,40.4054164],[39.6061139,40.4055045],[39.60597,40.4055878],[39.6058318,40.4056765],[39.6055466,40.4058456],[39.6052961,40.4059901],[39.6050511,40.4061399],[39.6048117,40.4062949],[39.6046656,40.4063939],[39.6045249,40.4064973],[39.6043898,40.4066049],[39.6042605,40.4067166],[39.6041606,40.4068095],[39.6040675,40.4069064],[39.6039813,40.4070069],[39.6039024,40.4071108],[39.6038357,40.4072102],[39.6037757,40.407312],[39.6036379,40.4075088],[39.6034893,40.4077011],[39.6033651,40.4078487],[39.6032346,40.4079931],[39.6030977,40.4081341],[39.6030014,40.4082425],[39.602915,40.4083557],[39.6028389,40.4084731],[39.6027804,40.4085802],[39.6027308,40.4086899],[39.6026903,40.4088017],[39.6026592,40.4089153],[39.6026419,40.4090022],[39.60263,40.4090896],[39.6026236,40.4091774],[39.6025962,40.4094401],[39.6025849,40.4095796],[39.6025628,40.4097183],[39.6025298,40.4098558],[39.6024862,40.4099916],[39.6024378,40.410112],[39.602381,40.4102303],[39.6022679,40.4104669],[39.6021469,40.4107012],[39.6020729,40.4108365],[39.6020072,40.4109741],[39.60195,40.411114],[39.6019015,40.4112557],[39.601859,40.4114096],[39.6018043,40.4115611],[39.6017374,40.4117098],[39.6016587,40.4118551],[39.6016107,40.4119331],[39.6015593,40.4120097],[39.6014528,40.4121616],[39.6013395,40.4123105],[39.6012223,40.4124533],[39.601114,40.4126001],[39.601015,40.4127506],[39.6009303,40.4128957],[39.6008543,40.4130435],[39.600787,40.4131938],[39.6007335,40.4132956],[39.6006903,40.4134003],[39.6006576,40.4135071],[39.6006358,40.4136155],[39.6006248,40.4137249],[39.6006247,40.4138345],[39.6006353,40.4139414],[39.6006518,40.4140478],[39.6006744,40.4141536],[39.6007117,40.4142872],[39.6007434,40.4144217],[39.6007611,40.4145095],[39.6007688,40.4145982],[39.6007665,40.4146871],[39.6007542,40.4147755],[39.6007363,40.4148486],[39.600707,40.4149195],[39.6006667,40.4149872],[39.6006154,40.4150513],[39.6005543,40.4151103],[39.6004843,40.4151631],[39.6003915,40.4151805],[39.600297,40.4151909],[39.6002015,40.4151941],[39.6000973,40.4151896],[39.5999944,40.4151766],[39.5998938,40.4151553],[39.5996586,40.4150999],[39.5994264,40.4150372],[39.5991978,40.4149674],[39.598737,40.4148201],[39.598617,40.4147921],[39.5985004,40.4147568],[39.598388,40.4147144],[39.5982805,40.4146652],[39.5981904,40.4146164],[39.598105,40.4145629],[39.598025,40.4145049],[39.5979506,40.4144426],[39.5978285,40.414352],[39.5976981,40.4142684],[39.59756,40.4141922],[39.597415,40.4141239],[39.5972639,40.4140638],[39.5970556,40.4139884],[39.5968431,40.4139199],[39.5967731,40.4138953],[39.5967009,40.4138748],[39.5966269,40.4138585],[39.5965235,40.4138433],[39.5964185,40.4138362],[39.5963132,40.4138374],[39.5962086,40.4138469],[39.5961058,40.4138645],[39.596006,40.4138902],[39.5958929,40.4139283],[39.5957854,40.4139747],[39.5956844,40.4140289],[39.5955908,40.4140905],[39.5955057,40.4141587],[39.595434,40.4142254],[39.5953686,40.4142956],[39.5953097,40.4143692],[39.5952576,40.4144457],[39.5951781,40.414579],[39.59511,40.4147161],[39.5950842,40.4147866],[39.5950538,40.4148561],[39.5949983,40.4149604],[39.5949323,40.4150611],[39.5948565,40.4151576],[39.594771,40.4152494],[39.5946766,40.415336],[39.5945737,40.4154167],[39.5944403,40.415515],[39.5943026,40.4156096],[39.5941606,40.4157006],[39.5940498,40.4157508],[39.5939342,40.4157943],[39.5938144,40.4158307],[39.5936912,40.4158599],[39.5935565,40.4158827],[39.5934198,40.4158969],[39.593282,40.4159022],[39.5931441,40.4158987],[39.5928622,40.4158971],[39.5925804,40.4159033],[39.59244,40.4159126],[39.5922992,40.415917],[39.5921164,40.4159153],[39.5919341,40.4159052],[39.5917529,40.4158868],[39.5915735,40.41586],[39.5913966,40.4158251],[39.5911788,40.4157842],[39.5909489,40.4157411],[39.5904994,40.4156628],[39.5903762,40.4156417],[39.5902513,40.4156275],[39.5901254,40.4156202],[39.5899992,40.4156199],[39.5898684,40.4156269],[39.5897388,40.4156414],[39.5896109,40.4156633],[39.5894855,40.4156924],[39.5890848,40.4157788],[39.5886809,40.4158558],[39.5882237,40.4159359],[39.5877645,40.4160091],[39.5873035,40.4160753],[39.5870162,40.4161129],[39.5867282,40.4161478],[39.5866404,40.4161768],[39.58655,40.4162006],[39.5864575,40.4162193],[39.5863634,40.4162325],[39.5862576,40.4162409],[39.5861511,40.4162425],[39.5860449,40.4162373],[39.5859396,40.4162254],[39.58572,40.4162046],[39.5854995,40.4161893],[39.5852785,40.4161794],[39.5850258,40.4161561],[39.5847721,40.4161403],[39.5845178,40.4161321],[39.5842633,40.4161315],[39.5840289,40.4161376],[39.583795,40.4161502],[39.5835619,40.4161692],[39.5831653,40.4161949],[39.5830334,40.4162066],[39.5829008,40.4162124],[39.5827679,40.4162121],[39.5826023,40.4162034],[39.582438,40.4161853],[39.5822759,40.416158],[39.5821169,40.4161216],[39.5819619,40.4160763],[39.5817562,40.4160094],[39.5815544,40.4159359],[39.5813569,40.4158559],[39.581164,40.4157696],[39.581069,40.4157246],[39.5809762,40.4156771],[39.5808368,40.4155985],[39.5807032,40.4155141],[39.580576,40.4154243],[39.5804555,40.4153292],[39.580342,40.4152293],[39.5802359,40.4151247],[39.5800223,40.414904],[39.5799631,40.4148242],[39.5798947,40.4147488],[39.5798175,40.4146785],[39.5797293,40.4146117],[39.5796333,40.4145515],[39.5795302,40.4144985],[39.5794211,40.414453],[39.5793069,40.4144156],[39.5791885,40.4143864],[39.5790446,40.4143571],[39.5788987,40.4143339],[39.5788253,40.414324],[39.5787513,40.414317],[39.5786477,40.4143124],[39.5785439,40.4143138],[39.5784406,40.4143211],[39.5783891,40.4143263],[39.5783383,40.4143344],[39.5782563,40.414354],[39.5781781,40.4143811],[39.5781048,40.4144153],[39.5780376,40.4144561],[39.5779775,40.4145028],[39.5779477,40.4145504],[39.5779085,40.4145939],[39.5778608,40.4146321],[39.5778058,40.4146642],[39.5777535,40.4146863],[39.5776978,40.4147028],[39.5776396,40.4147134],[39.57758,40.4147179],[39.5775202,40.4147163],[39.5773016,40.4147045],[39.5770842,40.4146841],[39.5769755,40.4146731],[39.5768684,40.414655],[39.5767543,40.4146273],[39.5766441,40.4145917],[39.5765387,40.4145483],[39.5764392,40.4144977],[39.5763463,40.4144401],[39.5762609,40.4143762],[39.5761614,40.4142926],[39.5757228,40.4139473],[39.575603,40.4138557],[39.5754911,40.4137585],[39.5753932,40.4136617],[39.5753031,40.4135606],[39.5752212,40.4134556],[39.5751478,40.413347],[39.5751044,40.4132741],[39.5750504,40.4132055],[39.5749866,40.413142],[39.5749137,40.4130844],[39.5748326,40.4130335],[39.5747499,40.4129923],[39.5746624,40.4129573],[39.5745709,40.4129289],[39.5744763,40.4129072],[39.5743793,40.4128926],[39.5742942,40.4128856],[39.5742086,40.4128876],[39.5741241,40.4128984],[39.5740424,40.4129179],[39.5739649,40.4129457],[39.5739028,40.4129758],[39.5738454,40.413011],[39.5737935,40.4130508],[39.5737477,40.4130948],[39.5737094,40.413141],[39.573678,40.4131902],[39.5736136,40.4132877],[39.5735708,40.4133588],[39.5735203,40.4134268],[39.5734625,40.4134914],[39.5733978,40.4135521],[39.5733266,40.4136084],[39.5732522,40.4136582],[39.5731727,40.4137033],[39.5730887,40.4137433],[39.5730007,40.413778],[39.5726801,40.4139535],[39.5725897,40.4140046],[39.5724946,40.4140507],[39.5723954,40.4140913],[39.5722925,40.4141264],[39.5721866,40.4141557],[39.5720524,40.4141837],[39.5719154,40.4142024],[39.5716464,40.4142562],[39.5713799,40.414317],[39.5710802,40.4143946],[39.5710198,40.4144045],[39.570958,40.4144062],[39.5708969,40.4143996],[39.5708381,40.4143849],[39.5707914,40.4143664],[39.5707488,40.4143427],[39.5707114,40.4143145],[39.5706799,40.4142823],[39.5703151,40.4138626],[39.5700308,40.4135451],[39.5699813,40.4134913],[39.569925,40.4134417],[39.5698624,40.4133967],[39.5697941,40.4133567],[39.5697512,40.4133355],[39.5697129,40.4133099],[39.5696798,40.4132803],[39.5696526,40.4132474],[39.5696284,40.4132039],[39.5696146,40.4131578],[39.5696117,40.4131106],[39.5695816,40.4129734],[39.5695443,40.4128372],[39.5694997,40.4127023],[39.5694481,40.4125689],[39.5693847,40.4124274],[39.5693133,40.4122881],[39.5692958,40.4122347],[39.569269,40.4121836],[39.5692332,40.4121357],[39.5691892,40.412092],[39.5691608,40.4120693],[39.5691302,40.4120484],[39.5690637,40.4120115],[39.568991,40.4119821],[39.5689137,40.4119608],[39.5688508,40.4119501],[39.5687867,40.4119446],[39.5687222,40.4119447],[39.5686582,40.4119501],[39.5685087,40.4119458],[39.5683598,40.4119359],[39.5682116,40.4119205],[39.5680632,40.4118994],[39.5679164,40.4118727],[39.5677715,40.4118406],[39.5676289,40.411803],[39.5674332,40.4117658],[39.5672349,40.4117375],[39.5670348,40.4117183],[39.5669189,40.4117113],[39.5668029,40.4117074],[39.5665707,40.4117004],[39.5664348,40.4116982],[39.5662989,40.4117025],[39.5661637,40.4117133],[39.5660296,40.4117305],[39.5659018,40.4117533],[39.5657761,40.411782],[39.565524,40.4118373],[39.5654019,40.4118656],[39.5652821,40.4118992],[39.5651651,40.4119382],[39.5650513,40.4119823],[39.5649302,40.4120365],[39.5648144,40.4120972],[39.5647046,40.412164],[39.5646013,40.4122365],[39.5645086,40.4123114],[39.5644228,40.412391],[39.5642412,40.4125434],[39.564164,40.4126068],[39.5640817,40.4126665],[39.5639947,40.4127222],[39.5639033,40.4127736],[39.5637968,40.4128257],[39.5636864,40.4128728],[39.5635724,40.4129147],[39.5634554,40.4129513],[39.5633318,40.4129834],[39.5632058,40.4130093],[39.5630778,40.4130289],[39.5629484,40.4130422],[39.5628438,40.4130482],[39.5627388,40.4130501],[39.562529,40.4130495],[39.5623194,40.4130406],[39.5621727,40.4130294],[39.5620266,40.413014],[39.5617347,40.4129814],[39.5615695,40.4129603],[39.5614059,40.4129326],[39.5612445,40.4128982],[39.5611548,40.412876],[39.5610683,40.4128471],[39.560986,40.412812],[39.5609086,40.4127708],[39.5608369,40.4127241],[39.5607782,40.412678],[39.5607251,40.4126282],[39.5606779,40.412575],[39.560637,40.4125189],[39.5605601,40.4124374],[39.5604768,40.4123597],[39.5603874,40.412286],[39.5602924,40.4122166],[39.5601754,40.4121418],[39.5600517,40.4120734],[39.5599221,40.4120118],[39.559787,40.4119573],[39.5596473,40.4119103],[39.5594614,40.4118199],[39.5592716,40.4117342],[39.5590783,40.4116533],[39.5588815,40.4115774],[39.558743,40.4115276],[39.5586005,40.4114848],[39.5584547,40.4114493],[39.558306,40.4114212],[39.5581553,40.4114005],[39.5580031,40.4113875],[39.5578668,40.4113823],[39.5577304,40.4113844],[39.5575946,40.411394],[39.5574599,40.4114109],[39.5573304,40.4114344],[39.5572033,40.4114645],[39.5570791,40.4115009],[39.5569584,40.4115437],[39.5568405,40.411593],[39.5567273,40.4116483],[39.5564921,40.4117474],[39.556253,40.4118408],[39.5560521,40.4119139],[39.5558477,40.4119809],[39.5556401,40.412042],[39.5554124,40.4121011],[39.5551876,40.4121665],[39.5549661,40.412238],[39.5547482,40.4123157],[39.5546283,40.4123616],[39.554512,40.4124128],[39.5543999,40.412469],[39.5542923,40.4125301],[39.5541634,40.4126138],[39.5540429,40.4127045],[39.5539315,40.4128017],[39.5538623,40.4128547],[39.553799,40.4129117],[39.5537419,40.4129725],[39.5536914,40.4130366],[39.5536542,40.413093],[39.5536221,40.4131513],[39.5535953,40.413211],[39.5535104,40.4133888],[39.553454,40.4135243],[39.5534042,40.4136613],[39.5532864,40.413931],[39.5532306,40.4140496],[39.5531675,40.4141661],[39.5530973,40.4142802],[39.5530315,40.4143763],[39.5529605,40.4144702],[39.5529201,40.4145229],[39.5528722,40.4145718],[39.5528173,40.4146162],[39.5527562,40.4146557],[39.5526896,40.4146897],[39.5526469,40.4147075],[39.5526027,40.414723],[39.5525119,40.4147496],[39.5524181,40.4147692],[39.5523222,40.4147816],[39.5522324,40.4147866],[39.5521425,40.4147854],[39.5519628,40.4147826],[39.551826,40.4147761],[39.5516897,40.4147658],[39.551416,40.4147559],[39.551142,40.414753],[39.5509498,40.4147552],[39.5507577,40.4147511],[39.5505659,40.4147408],[39.5503749,40.4147244],[39.5501993,40.4147038],[39.5500248,40.4146779],[39.5498519,40.4146468],[39.549568,40.4146008],[39.5492822,40.4145623],[39.5489949,40.4145314],[39.5487057,40.4145081],[39.5484155,40.4144926],[39.5483246,40.4144894],[39.5482339,40.4144956],[39.5481451,40.414511],[39.5480598,40.4145353],[39.5479797,40.4145682],[39.5479103,40.4146063],[39.5478478,40.4146508],[39.5477933,40.4147009],[39.5476751,40.4147854],[39.5475639,40.4148752],[39.5474601,40.4149701],[39.5473641,40.4150695],[39.5472935,40.4151519],[39.5472282,40.4152367],[39.5470992,40.415407],[39.5470163,40.4155236],[39.5469416,40.4156433],[39.5468753,40.4157659],[39.5468188,40.4158882],[39.5467553,40.4160084],[39.5466848,40.4161263],[39.5466329,40.4162054],[39.5465861,40.4162863],[39.5465447,40.4163688],[39.5465256,40.4164118],[39.5465162,40.4164566],[39.5465167,40.4165019],[39.5465273,40.4165465],[39.5465427,40.4165808],[39.546564,40.4166133],[39.5465932,40.4166821],[39.5466148,40.4167526],[39.5466285,40.4168242],[39.546634,40.416886],[39.5466337,40.4169479],[39.5466275,40.4170096],[39.5466178,40.4171949],[39.5465978,40.4173925],[39.5465695,40.4175895],[39.5465578,40.4176576],[39.5465372,40.4177245],[39.546508,40.4177895],[39.5464703,40.4178519],[39.5464247,40.4179111],[39.5463825,40.4179561],[39.5463356,40.4179983],[39.5462376,40.4180796],[39.5461706,40.4181282],[39.5460975,40.4181714],[39.546019,40.4182088],[39.5459363,40.4182398],[39.5458502,40.4182649],[39.5457615,40.4182841],[39.5456709,40.418297],[39.5455791,40.4183037],[39.5454733,40.4183036],[39.545368,40.4182951],[39.5451573,40.4182818],[39.5450476,40.418273],[39.544939,40.418258],[39.5448322,40.4182368],[39.5447277,40.4182097],[39.5446263,40.4181766],[39.5445128,40.4181311],[39.5444047,40.4180787],[39.5443024,40.4180199],[39.5442322,40.4179733],[39.5441657,40.4179236],[39.5440341,40.4178234],[39.5439076,40.4177194],[39.5438096,40.4176329],[39.5436029,40.4174524],[39.5434969,40.4173565],[39.5433973,40.4172567],[39.5433046,40.4171532],[39.5432188,40.4170463],[39.5431518,40.4169533],[39.5430779,40.4168634],[39.5429973,40.4167769],[39.5429103,40.4166941],[39.5428509,40.4166426],[39.5427889,40.4165929],[39.5426623,40.4164955],[39.5425308,40.416402],[39.5424481,40.416347],[39.5423597,40.4162972],[39.5422663,40.4162532],[39.5421684,40.4162153],[39.5420668,40.4161835],[39.5420176,40.4161708],[39.541966,40.4161658],[39.5419142,40.4161687],[39.5418642,40.4161794],[39.5418189,40.4161972],[39.5417791,40.4162213],[39.5417462,40.4162509],[39.5416679,40.4163555],[39.5415947,40.4164623],[39.5415275,40.4165697],[39.5414656,40.4166789],[39.541327,40.416892],[39.5411789,40.4171015],[39.5410777,40.4172355],[39.540969,40.4173662],[39.5408529,40.4174931],[39.5407297,40.4176161],[39.5406142,40.417722],[39.5404934,40.4178245],[39.5403676,40.4179234],[39.5401566,40.4180974],[39.5399505,40.4182747],[39.5397493,40.4184553],[39.5395737,40.4186196],[39.539389,40.418778],[39.5391954,40.4189301],[39.539005,40.4190678],[39.5388082,40.4192003],[39.5386054,40.4193273],[39.5384935,40.4193935],[39.5383749,40.4194526],[39.5382505,40.4195042],[39.5381209,40.419548],[39.5379871,40.4195836],[39.5379103,40.4195999],[39.5378326,40.4196136],[39.5376758,40.4196359],[39.5375174,40.4196504],[39.5373581,40.4196571],[39.5371888,40.4196555],[39.5370197,40.4196483],[39.5368512,40.4196356],[39.5367554,40.4196259],[39.5366588,40.4196239],[39.5365624,40.4196295],[39.5364673,40.4196429],[39.5363746,40.4196637],[39.5362853,40.4196918],[39.5362162,40.4197196],[39.5361506,40.4197517],[39.5360108,40.4198045],[39.5358666,40.4198498],[39.5357187,40.4198875],[39.5355678,40.4199174],[39.5354301,40.4199375],[39.5352952,40.4199667],[39.5351642,40.4200047],[39.535038,40.4200512],[39.5349312,40.4200992],[39.5348288,40.4201526],[39.5347315,40.4202112],[39.5346397,40.4202748],[39.5345461,40.4203495],[39.5344601,40.4204294],[39.534287,40.4205882],[39.534227,40.4206458],[39.5341762,40.4207083],[39.5341352,40.4207748],[39.5341046,40.4208445],[39.5340896,40.4208945],[39.5340824,40.4209456],[39.5340829,40.4209969],[39.5340913,40.4210478],[39.5341073,40.4210977],[39.5341274,40.4211397],[39.5341529,40.42118],[39.5341836,40.4212181],[39.5342519,40.4213414],[39.5343119,40.4214671],[39.5343634,40.4215949],[39.5343995,40.4217015],[39.5344297,40.4218092],[39.5345053,40.4220216],[39.5345901,40.422232],[39.5346209,40.4223026],[39.5346428,40.4223752],[39.5346557,40.422449],[39.5346594,40.4225234],[39.5346539,40.4225977],[39.5346392,40.4226713],[39.5346156,40.4227435],[39.5345967,40.4227868],[39.5345746,40.4228293],[39.5345241,40.4229121],[39.5344646,40.4229913],[39.5343964,40.4230664],[39.53432,40.4231367],[39.534236,40.4232019],[39.5341489,40.4232591],[39.5340561,40.4233109],[39.5339583,40.4233569],[39.533856,40.423397],[39.5337499,40.4234308],[39.5336406,40.4234582],[39.533532,40.4234784],[39.5334218,40.4234922],[39.5332013,40.4235191],[39.5329794,40.4235388],[39.5328318,40.4235479],[39.5326837,40.4235504],[39.5325357,40.4235463],[39.5323882,40.4235357],[39.5322418,40.4235185],[39.532097,40.4234949],[39.5320059,40.4234766],[39.5319158,40.4234556],[39.5317377,40.423409],[39.5315632,40.423355],[39.5314123,40.4233015],[39.5312648,40.4232427],[39.531121,40.4231788],[39.5309812,40.42311],[39.5309161,40.4230756],[39.5308576,40.423035],[39.5308064,40.422989],[39.5307636,40.4229383],[39.5307298,40.4228837],[39.5307056,40.4228263],[39.5306915,40.422767],[39.5306877,40.4227238],[39.5306892,40.4226805],[39.5306968,40.4225942],[39.5307143,40.4225087],[39.5307297,40.4224574],[39.5307486,40.4224069],[39.5307704,40.4223031],[39.5307796,40.4221982],[39.530776,40.4220931],[39.5307642,40.4220108],[39.5307421,40.4219297],[39.5307099,40.4218505],[39.5306679,40.4217741],[39.5306164,40.4217011],[39.5305702,40.4216472],[39.5305189,40.421596],[39.530413,40.4214957],[39.5302992,40.4214006],[39.5301779,40.4213111],[39.5300385,40.4212207],[39.5298926,40.4211366],[39.5297407,40.4210589],[39.529682,40.4210314],[39.5296187,40.4210107],[39.5295521,40.4209974],[39.5294837,40.4209916],[39.5294149,40.4209935],[39.5293471,40.4210031],[39.529282,40.4210201],[39.5292462,40.4210331],[39.529212,40.4210484],[39.5291472,40.4210831],[39.5290884,40.4211235],[39.5290366,40.4211692],[39.5289888,40.4212241],[39.5289317,40.4212737],[39.5288663,40.4213169],[39.5287938,40.4213529],[39.5287235,40.4213788],[39.5286495,40.4213979],[39.5285092,40.4214496],[39.5283734,40.4215078],[39.5282426,40.4215724],[39.5281454,40.4216266],[39.5280526,40.4216851],[39.5279647,40.4217478],[39.5278819,40.4218144],[39.5277828,40.4219062],[39.5276923,40.4220029],[39.5276107,40.4221042],[39.5275386,40.4222095],[39.5274926,40.4222875],[39.5274519,40.4223671],[39.5273709,40.4225264],[39.5272958,40.4226873],[39.5272473,40.4227997],[39.5271885,40.4229092],[39.5271197,40.4230153],[39.5270414,40.4231175],[39.5269538,40.4232152],[39.5268637,40.4233024],[39.5267837,40.4233952],[39.5267145,40.423493],[39.5266567,40.4235948],[39.5266105,40.4237001],[39.5265816,40.4237888],[39.526563,40.4238791],[39.5265549,40.4239702],[39.5265573,40.4240616],[39.5265703,40.4241524],[39.5265915,40.4242351],[39.5266214,40.4243162],[39.5266637,40.4244816],[39.526697,40.424648],[39.5267213,40.4248154],[39.5267366,40.4249834],[39.5267425,40.4251348],[39.5267412,40.4252861],[39.5267406,40.4255888],[39.5267394,40.4256858],[39.5267283,40.4257823],[39.5267074,40.4258779],[39.5266769,40.425972],[39.5266369,40.426064],[39.5265877,40.4261534],[39.526535,40.4262323],[39.5264751,40.4263081],[39.5264083,40.4263806],[39.5262243,40.4266057],[39.5261281,40.4267203],[39.5260258,40.4268319],[39.5259174,40.42694],[39.5258032,40.4270447],[39.5257015,40.4271308],[39.5255922,40.4272113],[39.5254758,40.4272857],[39.5253528,40.4273538],[39.5252238,40.4274152],[39.5251093,40.4274622],[39.5249902,40.4275021],[39.5248674,40.4275348],[39.5247416,40.42756],[39.5246136,40.4275776],[39.5245313,40.4275847],[39.5244486,40.4275887],[39.524283,40.4275924],[39.5241175,40.4275887],[39.5239525,40.4275776],[39.5237829,40.4275582],[39.5236146,40.4275332],[39.523448,40.4275025],[39.5232832,40.4274663],[39.5230941,40.4274171],[39.5229085,40.4273606],[39.5225309,40.4272611],[39.5222348,40.4271879],[39.5219357,40.4271225],[39.5216337,40.4270651],[39.5215339,40.4270479],[39.5214322,40.4270392],[39.5213299,40.4270391],[39.5212282,40.4270475],[39.5211283,40.4270644],[39.5210315,40.4270896],[39.5209691,40.4271109],[39.5209089,40.4271356],[39.5207902,40.4271874],[39.5206761,40.4272447],[39.5205722,40.4273043],[39.5204727,40.4273682],[39.5203781,40.4274362],[39.5202886,40.4275081],[39.5202095,40.4275789],[39.5201355,40.4276526],[39.5199767,40.4277935],[39.5198124,40.4279307],[39.5196428,40.428064],[39.5194264,40.428223],[39.5192063,40.4283789],[39.5191038,40.4284496],[39.5189961,40.4285156],[39.5188835,40.4285767],[39.5187664,40.4286326],[39.5186482,40.4286821],[39.5185337,40.4287362],[39.518423,40.4287948],[39.5183165,40.4288577],[39.5182136,40.4289255],[39.5181179,40.4289991],[39.5180301,40.4290782],[39.5179492,40.4291641],[39.5178775,40.4292546],[39.5177344,40.4294355],[39.5176557,40.4295427],[39.5175668,40.4296451],[39.5174682,40.4297423],[39.5173995,40.4298022],[39.5173252,40.4298582],[39.5172458,40.4299099],[39.5171618,40.4299572],[39.5170713,40.4300007],[39.5169768,40.4300389],[39.5167936,40.4301231],[39.5167226,40.4301566],[39.5166575,40.4301964],[39.5165992,40.430242],[39.5165439,40.430298],[39.5164958,40.4303576],[39.5164552,40.4304205],[39.5164225,40.4304859],[39.516398,40.4305534],[39.5163816,40.4306237],[39.5163741,40.4306948],[39.5163756,40.4307662],[39.5163859,40.4308372],[39.5164567,40.4310193],[39.5165336,40.4312001],[39.5166166,40.4313792],[39.5167202,40.4315845],[39.5168318,40.4317874],[39.5169513,40.4319877],[39.5170785,40.4321851],[39.5172134,40.4323796],[39.5175822,40.4330289],[39.5176225,40.4331434],[39.5176516,40.4332599],[39.5176694,40.4333778],[39.5176758,40.4334963],[39.5176707,40.4336148],[39.5176599,40.4337006],[39.5176382,40.4337852],[39.517606,40.4338678],[39.5175635,40.4339477],[39.5175111,40.4340241],[39.5174653,40.4340791],[39.5174144,40.4341313],[39.5173088,40.4342335],[39.5171947,40.4343303],[39.5170726,40.4344212],[39.5169368,40.4345097],[39.5167933,40.4345909],[39.5165093,40.434756],[39.5164152,40.4348091],[39.5163156,40.4348561],[39.5162113,40.4348967],[39.516103,40.4349306],[39.5160371,40.4349474],[39.5159702,40.4349618],[39.515835,40.434986],[39.515698,40.4350031],[39.5155723,40.4350123],[39.515448,40.4350295],[39.515326,40.4350543],[39.5152071,40.4350868],[39.5150986,40.435124],[39.5149942,40.4351676],[39.514785,40.4352537],[39.5145795,40.435345],[39.5144263,40.4354176],[39.5142756,40.4354931],[39.513976,40.4356461],[39.5138631,40.4357057],[39.5137456,40.4357599],[39.5136239,40.4358085],[39.5134985,40.4358513],[39.5133645,40.4358896],[39.5132275,40.4359213],[39.5130882,40.4359462],[39.5129239,40.4359841],[39.5127636,40.436031],[39.5126134,40.4360846],[39.5124683,40.4361459],[39.5123291,40.4362147],[39.5122555,40.4362555],[39.5121839,40.4362983],[39.5120326,40.4363754],[39.5118756,40.4364456],[39.5117135,40.4365087],[39.5116105,40.4365442],[39.5115036,40.4365724],[39.5113938,40.436593],[39.511282,40.4366058],[39.511169,40.4366108],[39.5110655,40.4366083],[39.5109625,40.4365993],[39.510861,40.4365836],[39.5107615,40.4365616],[39.5106648,40.4365332],[39.5102036,40.4364566],[39.5097448,40.4363719],[39.5095715,40.4363376],[39.5093959,40.4363111],[39.5092185,40.4362925],[39.50904,40.4362818],[39.508861,40.436279],[39.5087501,40.4362813],[39.5086394,40.4362866],[39.5084185,40.4363026],[39.5081989,40.436327],[39.5079812,40.4363596],[39.5078407,40.4363853],[39.5077012,40.4364145],[39.5074235,40.4364758],[39.5071484,40.4365434],[39.5069398,40.4365994],[39.5067349,40.4366627],[39.5065341,40.4367333],[39.5063379,40.436811],[39.5061466,40.4368955],[39.5060189,40.4369573],[39.5058938,40.4370221],[39.5056465,40.4371548],[39.505405,40.4372936],[39.5052201,40.4374065],[39.505039,40.4375229],[39.5048618,40.4376427],[39.5047551,40.4377102],[39.5046542,40.4377827],[39.5045597,40.43786],[39.5044719,40.4379417],[39.5043911,40.4380275],[39.5043307,40.4381003],[39.5042755,40.4381753],[39.5042254,40.4382524],[39.5040679,40.4384807],[39.5039633,40.4386413],[39.5038661,40.4388045],[39.5037761,40.4389702],[39.5036937,40.4391381],[39.5036342,40.4392716],[39.5035827,40.4394072],[39.5035395,40.4395443],[39.5035025,40.4396923],[39.5034727,40.4398413],[39.5034502,40.439991],[39.5034351,40.4401398],[39.5034273,40.4402889],[39.5034266,40.4404381],[39.5034356,40.4409427],[39.5034396,40.44109],[39.503436,40.4412374],[39.5034248,40.4413846],[39.5034083,40.4415167],[39.5033858,40.4416482],[39.5033571,40.4417791],[39.5033127,40.4420051],[39.5032572,40.4422297],[39.5032207,40.4423568],[39.503178,40.4424827],[39.5031291,40.4426074],[39.5030794,40.4427196],[39.5030373,40.4428337],[39.5030031,40.4429493],[39.5029775,40.4430624],[39.5029593,40.4431763],[39.5029487,40.4432907],[39.5029312,40.4433965],[39.502924,40.443503],[39.5029273,40.4436096],[39.5029335,40.4436676],[39.5029468,40.4437248],[39.5029672,40.4437809],[39.5029943,40.4438352],[39.5030259,40.4438843],[39.5030631,40.4439311],[39.5031056,40.4439752],[39.5032096,40.4441184],[39.5032606,40.444194],[39.5033043,40.4442723],[39.5033403,40.4443527],[39.5033684,40.4444349],[39.5033886,40.4445185],[39.5033987,40.444584],[39.5034039,40.4446497],[39.5034126,40.4447813],[39.5034148,40.444913],[39.5034125,40.4450018],[39.5034006,40.4450901],[39.5033792,40.4451774],[39.5033484,40.4452631],[39.5033043,40.4453541],[39.5032514,40.4454423],[39.50319,40.4455273],[39.5031204,40.4456085],[39.503063,40.4456668],[39.5030015,40.4457226],[39.5028751,40.4458319],[39.5027415,40.4459362],[39.5026476,40.4460035],[39.5025507,40.4460684],[39.5023647,40.4462045],[39.5021836,40.4463444],[39.5020352,40.446465],[39.5018825,40.4465826],[39.5017257,40.446697],[39.5015238,40.4468356],[39.5013253,40.4469772],[39.5012466,40.4470348],[39.501162,40.4470873],[39.5010719,40.4471343],[39.501014,40.4471604],[39.5009544,40.4471842],[39.5008326,40.4472276],[39.500707,40.4472643],[39.5005783,40.4472941],[39.5004284,40.4473195],[39.5002763,40.4473362],[39.500123,40.4473441],[39.5000278,40.4473445],[39.4999327,40.4473416],[39.4997428,40.4473308],[39.4995839,40.4473152],[39.4994262,40.4472938],[39.4992701,40.4472665],[39.4990341,40.4472318],[39.4988007,40.4471879],[39.498599,40.447142],[39.4983957,40.4471001],[39.4982795,40.4470782],[39.4981615,40.4470631],[39.4980423,40.4470547],[39.4979713,40.447053],[39.4979005,40.4470587],[39.4978315,40.4470716],[39.4977654,40.4470915],[39.4977126,40.4471135],[39.4976635,40.4471401],[39.4975669,40.4471946],[39.4975008,40.4472373],[39.4974405,40.4472847],[39.4973863,40.4473363],[39.4973389,40.4473915],[39.49731,40.4474321],[39.4972848,40.447474],[39.4972229,40.4475533],[39.4971763,40.4476055],[39.4971264,40.4476558],[39.4970338,40.4477605],[39.4969222,40.4478959],[39.4968021,40.4480271],[39.4966738,40.4481537],[39.4965376,40.4482753],[39.4963936,40.448392],[39.4962424,40.4485031],[39.4960843,40.4486086],[39.4959064,40.4487427],[39.495737,40.4488831],[39.4956296,40.4489794],[39.4955268,40.4490784],[39.4954285,40.4491801],[39.4953142,40.4493084],[39.4952072,40.4494403],[39.4950609,40.4496198],[39.4949242,40.4498036],[39.4948287,40.4499437],[39.4947271,40.4500812],[39.4946709,40.450153],[39.4946077,40.4502214],[39.4945379,40.4502858],[39.4944617,40.4503461],[39.4943798,40.4504017],[39.4942976,40.4504496],[39.4942111,40.4504929],[39.4940445,40.4505864],[39.4937774,40.4507436],[39.4935161,40.4509063],[39.4933924,40.4509866],[39.4932747,40.451072],[39.4931634,40.4511622],[39.4930588,40.4512569],[39.4929979,40.4513173],[39.4929397,40.4513792],[39.492827,40.4515049],[39.4927208,40.451634],[39.4926056,40.4517881],[39.4924847,40.4519397],[39.492358,40.4520886],[39.4922021,40.45226],[39.4920523,40.4524345],[39.4919871,40.4525139],[39.4919141,40.4525891],[39.4918337,40.45266],[39.4917465,40.4527259],[39.4916503,40.4527881],[39.4915501,40.4528465],[39.4914461,40.4529009],[39.4912995,40.4529681],[39.4911557,40.4530387],[39.4910309,40.4531039],[39.4909084,40.4531718],[39.4906656,40.4533096],[39.4904025,40.4534676],[39.4901318,40.4536178],[39.4900299,40.4536714],[39.4899337,40.4537308],[39.4898439,40.4537957],[39.489761,40.4538658],[39.4896864,40.4539395],[39.4896195,40.4540174],[39.4894867,40.4541735],[39.4893501,40.4543512],[39.4892105,40.4545276],[39.4890435,40.4547321],[39.4888725,40.4549347],[39.4887727,40.4550547],[39.4886817,40.4551787],[39.4885996,40.4553062],[39.4885388,40.4554139],[39.4884845,40.4555235],[39.488375,40.4557424],[39.4882749,40.4559546],[39.4881832,40.456169],[39.4881113,40.4563544],[39.4880337,40.4565384],[39.4879869,40.4566425],[39.4879307,40.4567439],[39.4878653,40.456842],[39.487795,40.4569318],[39.4877185,40.4570186],[39.487636,40.4571022],[39.487559,40.4571727],[39.4874771,40.4572399],[39.4873906,40.4573037],[39.4872717,40.4573812],[39.4871458,40.457452],[39.4870137,40.457516],[39.486886,40.4575689],[39.486754,40.4576153],[39.4866182,40.457655],[39.4864793,40.4576879],[39.4860452,40.4578295],[39.485615,40.4579777],[39.4853031,40.4580902],[39.4849934,40.4582063],[39.4843959,40.4584318],[39.4841681,40.4585181],[39.4839352,40.4585961],[39.4838214,40.4586307],[39.4837043,40.4586579],[39.4835845,40.4586777],[39.4835014,40.4586869],[39.4834177,40.4586924],[39.4832506,40.4587048],[39.4830161,40.4587179],[39.4827812,40.4587257],[39.4826978,40.4587271],[39.4826148,40.4587213],[39.4825331,40.4587083],[39.4824465,40.4586861],[39.4823641,40.4586558],[39.482175,40.4585668],[39.481988,40.4584752],[39.4817407,40.4583485],[39.4814964,40.4582185],[39.4812946,40.4581075],[39.4810867,40.4580032],[39.4809981,40.4579616],[39.4809052,40.4579258],[39.4808087,40.4578961],[39.4807092,40.4578726],[39.4806469,40.4578614],[39.4805839,40.4578526],[39.4804568,40.4578403],[39.4803289,40.4578359],[39.4802009,40.4578394],[39.4801164,40.4578461],[39.4800325,40.4578563],[39.4798659,40.4578818],[39.479702,40.457916],[39.4795977,40.4579426],[39.479495,40.4579727],[39.4792904,40.4580345],[39.4790885,40.4581012],[39.4788902,40.4581725],[39.478695,40.4582485],[39.4785031,40.4583292],[39.478375,40.4583799],[39.4782439,40.4584261],[39.4781101,40.4584675],[39.4779876,40.4585008],[39.477863,40.4585292],[39.4777367,40.4585527],[39.4775872,40.4585739],[39.4774395,40.4586013],[39.4772941,40.4586349],[39.4771435,40.4586769],[39.4769964,40.4587255],[39.4768533,40.4587806],[39.4767147,40.458842],[39.4764131,40.4589502],[39.4761139,40.4590624],[39.4758864,40.459151],[39.4756646,40.4592476],[39.4754879,40.4593324],[39.4753133,40.4594196],[39.4752211,40.4594669],[39.4751334,40.4595189],[39.4750504,40.4595752],[39.4749877,40.4596232],[39.4749284,40.4596738],[39.4748151,40.4597782],[39.4747235,40.459874],[39.4746274,40.459967],[39.4745267,40.4600573],[39.4743721,40.4601837],[39.4742122,40.4603063],[39.474113,40.4603785],[39.4740064,40.4604443],[39.473893,40.4605032],[39.4738196,40.4605362],[39.4737441,40.4605663],[39.4735993,40.4606348],[39.4735006,40.460686],[39.4733969,40.4607311],[39.4732887,40.4607697],[39.4731769,40.4608017],[39.4730877,40.4608218],[39.4729971,40.4608377],[39.4728155,40.4608681],[39.4726324,40.460893],[39.4724445,40.4609125],[39.4722558,40.4609261],[39.4720665,40.4609338],[39.4717849,40.460954],[39.4715045,40.4609818],[39.4713513,40.4610002],[39.4711992,40.4610235],[39.4710486,40.4610517],[39.4709117,40.4610818],[39.4707441,40.4611277],[39.4701501,40.4613042],[39.469395,40.4615522],[39.468657,40.4618012],[39.4684665,40.461858],[39.4682738,40.4619103],[39.4681339,40.4619452],[39.4679929,40.4619776],[39.4677159,40.4620537],[39.4673525,40.4621572],[39.4669089,40.4623011],[39.4668154,40.4623475],[39.4666535,40.4624571],[39.4664891,40.4626046],[39.4664575,40.46266],[39.4664023,40.4627567],[39.4663801,40.4628618],[39.4663534,40.4629664],[39.4663039,40.4631235],[39.4662441,40.4632786],[39.4662042,40.4633884],[39.466157,40.4634965],[39.4661026,40.4636026],[39.4660637,40.4636698],[39.4660184,40.4637347],[39.4659671,40.4637969],[39.4659103,40.4638559],[39.4658498,40.4639127],[39.4658034,40.4639519],[39.4657735,40.4639771],[39.4656909,40.4640367],[39.4656257,40.4640776],[39.4655576,40.4641156],[39.4654099,40.4641796],[39.4650096,40.4643464],[39.4649269,40.4643801],[39.4648486,40.4644195],[39.4647754,40.4644642],[39.4647078,40.4645137],[39.4646827,40.4645361],[39.4646381,40.464576],[39.464574,40.4646417],[39.4645342,40.464689],[39.464516,40.4647106],[39.4644643,40.4647825],[39.464419,40.4648569],[39.4643806,40.4649335],[39.4642358,40.4651529],[39.4641008,40.4653429],[39.4639588,40.4655299],[39.4638915,40.4656235],[39.4638304,40.4657195],[39.4637758,40.4658177],[39.4637503,40.4658687],[39.463734,40.4659218],[39.4637272,40.4659762],[39.46373,40.4660307],[39.4637422,40.4660845],[39.4637619,40.4661328],[39.4637906,40.4661784],[39.4638277,40.4662204],[39.4638771,40.4662626],[39.4639226,40.4662943],[39.463974,40.4663223],[39.4640641,40.4663712],[39.4641526,40.4664344],[39.4642086,40.4664789],[39.4642585,40.4665274],[39.4643017,40.4665794],[39.4643378,40.4666345],[39.4643665,40.4666921],[39.4643852,40.4667439],[39.4643979,40.4667968],[39.4644193,40.4668878],[39.4644443,40.467002],[39.4644553,40.4670869],[39.4644608,40.4671944],[39.4644496,40.4672804],[39.4644318,40.4673508],[39.4644097,40.4674381],[39.4643904,40.4675144],[39.4643823,40.4675463],[39.4643598,40.4675879],[39.4643078,40.4676614],[39.4642458,40.4677303],[39.4642168,40.4677629],[39.4641231,40.4678684],[39.464025,40.4679696],[39.4637967,40.4681726],[39.4637154,40.4682638],[39.4636277,40.4683441],[39.4635308,40.4684181],[39.4634257,40.4684852],[39.4633656,40.4685185],[39.4633001,40.4685454],[39.4632304,40.4685654],[39.4631579,40.468578],[39.4630837,40.4685831],[39.4630388,40.4685826],[39.462994,40.4685792],[39.4629047,40.4685709],[39.4627881,40.4685534],[39.4626701,40.4685423],[39.4625513,40.4685377],[39.4624823,40.4685381],[39.4624139,40.4685446],[39.4623469,40.4685573],[39.4622824,40.468576],[39.4622218,40.4686001],[39.4621669,40.4686313],[39.4621193,40.4686686],[39.4620799,40.4687112],[39.4620501,40.4687577],[39.4620302,40.4688073],[39.4620209,40.4688586],[39.462037,40.4691188],[39.4620429,40.4693187],[39.462043,40.4695187],[39.4620432,40.4696156],[39.4620356,40.4697123],[39.4620203,40.4698085],[39.4619974,40.4699039],[39.4619585,40.4700205],[39.4619095,40.470135],[39.4618506,40.4702467],[39.4617977,40.4703319],[39.461739,40.470415],[39.4616374,40.4705869],[39.461543,40.4707677],[39.4614597,40.4709516],[39.4614067,40.4710605],[39.4613472,40.4711673],[39.4612813,40.471272],[39.4611967,40.4713907],[39.4611213,40.4715129],[39.4610553,40.4716382],[39.4610122,40.4717339],[39.4609745,40.4718308],[39.4609024,40.4720254],[39.4608419,40.4722126],[39.4607938,40.4724019],[39.4607735,40.4725029],[39.4607638,40.4726048],[39.460765,40.4727069],[39.460773,40.4727843],[39.4607912,40.4728608],[39.4608193,40.4729354],[39.4608461,40.4729888],[39.4608802,40.4730397],[39.4609213,40.4730876],[39.4609688,40.4731318],[39.4610306,40.4731775],[39.4610991,40.4732173],[39.4611733,40.4732507],[39.4612323,40.4732712],[39.4612934,40.4732876],[39.4613562,40.4732998],[39.4615421,40.4733418],[39.4617306,40.4733767],[39.4619156,40.4734036],[39.4621022,40.4734235],[39.4624715,40.4734797],[39.4625586,40.4734944],[39.4626435,40.473515],[39.4627256,40.4735415],[39.4628041,40.4735736],[39.4628657,40.473604],[39.4629217,40.4736401],[39.4629711,40.4736814],[39.4630133,40.4737271],[39.4630518,40.4737838],[39.4630822,40.4738433],[39.4631044,40.4739049],[39.4631179,40.4739679],[39.4631227,40.4740222],[39.4631166,40.4740766],[39.4630999,40.4741296],[39.463073,40.4741801],[39.4630454,40.4742169],[39.4630123,40.474251],[39.4629442,40.474318],[39.4628692,40.4743805],[39.4628032,40.474428],[39.4627332,40.4744721],[39.4626595,40.4745126],[39.4624574,40.4746514],[39.4623507,40.4747298],[39.4622393,40.4748043],[39.4621235,40.4748748],[39.4620022,40.4749419],[39.4618856,40.4750137],[39.4617742,40.4750901],[39.4616778,40.475163],[39.4615877,40.4752402],[39.4615039,40.4753216],[39.4614183,40.4754172],[39.4613406,40.4755166],[39.4612712,40.4756195],[39.4612044,40.475737],[39.4611265,40.4758504],[39.4610379,40.4759592],[39.460977,40.4760249],[39.460925,40.4760948],[39.4608823,40.4761684],[39.4608557,40.476228],[39.4608216,40.4762854],[39.4607803,40.47634],[39.4607321,40.4763913],[39.4606965,40.4764233],[39.4606582,40.4764536],[39.4605901,40.4765196],[39.4605281,40.476589],[39.4604726,40.4766616],[39.4604352,40.4767181],[39.4604018,40.476776],[39.4603416,40.4768938],[39.4602922,40.4770146],[39.4602556,40.4771316],[39.4602314,40.4772506],[39.4602198,40.4773706],[39.4602187,40.4774194],[39.460225,40.477468],[39.4602386,40.4775157],[39.4602594,40.4775619],[39.4602881,40.4776074],[39.4603237,40.47765],[39.4603657,40.4776891],[39.4604136,40.4777241],[39.4605698,40.4777985],[39.4607314,40.4778659],[39.4608417,40.4779066],[39.460954,40.4779441],[39.461171,40.4780309],[39.4613819,40.478126],[39.4615253,40.4781972],[39.4616653,40.4782722],[39.4618016,40.4783509],[39.4620353,40.4784722],[39.4622663,40.4785963],[39.4624925,40.4787219],[39.4627237,40.4788421],[39.4629804,40.4789665],[39.4632353,40.4790931],[39.4635813,40.4792695],[39.4636267,40.4793039],[39.4636659,40.4793424],[39.4636983,40.4793844],[39.4637235,40.4794292],[39.4637409,40.4794761],[39.4637498,40.4795204],[39.4637519,40.4795652],[39.4637539,40.4796546],[39.4637469,40.4797439],[39.4637337,40.4798204],[39.463714,40.479896],[39.4636872,40.4800489],[39.4636763,40.4801253],[39.4636579,40.4802008],[39.4636322,40.4802751],[39.4635994,40.4803478],[39.4635532,40.4804286],[39.4634993,40.4805065],[39.4634379,40.4805812],[39.4633694,40.4806523],[39.4633012,40.4807134],[39.4632406,40.4807791],[39.4631881,40.4808486],[39.4631441,40.4809216],[39.4631112,40.4809918],[39.4630704,40.4810596],[39.463022,40.4811244],[39.4629664,40.4811858],[39.4629143,40.4812344],[39.4628576,40.48128],[39.4627525,40.4813765],[39.4626874,40.4814393],[39.4626302,40.4815065],[39.4625815,40.4815774],[39.4625417,40.4816514],[39.4625111,40.4817279],[39.4624944,40.4817867],[39.4624831,40.4818462],[39.4624773,40.4819061],[39.4624501,40.4820849],[39.4624349,40.4822113],[39.4624159,40.4823374],[39.4624047,40.4824016],[39.4624033,40.4824663],[39.4624115,40.4825307],[39.4624293,40.482594],[39.4624531,40.4826489],[39.4624708,40.4827051],[39.4624823,40.4827623],[39.4624877,40.4828401],[39.4624817,40.482918],[39.4624642,40.4829948],[39.4624607,40.4830523],[39.4624659,40.4831097],[39.4624799,40.4831663],[39.4625024,40.4832213],[39.4625394,40.483283],[39.4625871,40.4833404],[39.4626821,40.4834549],[39.4627852,40.4835625],[39.4628973,40.4836647],[39.46312,40.48387],[39.4633206,40.4840459],[39.4635156,40.4842255],[39.4636832,40.4843874],[39.4638462,40.4845519],[39.4639648,40.4846764],[39.4640744,40.4848055],[39.4641747,40.484939],[39.4642627,40.485072],[39.4643551,40.4852032],[39.4644137,40.4852825],[39.464481,40.4853576],[39.4645565,40.4854281],[39.4646397,40.4854934],[39.4647299,40.485553],[39.4647953,40.4855903],[39.4648544,40.4856332],[39.4649063,40.4856811],[39.4649504,40.4857333],[39.4649861,40.4857892],[39.4650094,40.4858389],[39.4650259,40.4858901],[39.4650356,40.4859423],[39.4650894,40.4860947],[39.46512,40.486176],[39.4651428,40.4862587],[39.4651578,40.4863425],[39.4651647,40.4864256],[39.465164,40.4865088],[39.4651812,40.4866745],[39.4652106,40.4868446],[39.4652449,40.4870142],[39.4652622,40.4870914],[39.4652692,40.4871695],[39.4652657,40.4872478],[39.4652566,40.4873048],[39.4652419,40.4873611],[39.4652078,40.487473],[39.4651638,40.4875828],[39.4651137,40.4876833],[39.4650542,40.4877808],[39.4649856,40.4878748],[39.4649083,40.4879648],[39.4648601,40.4880145],[39.4648093,40.4880627],[39.4647035,40.4881564],[39.4645913,40.4882457],[39.4645498,40.4882764],[39.4645027,40.488302],[39.464451,40.4883218],[39.464395,40.4883357],[39.4643368,40.4883429],[39.4642779,40.4883432],[39.4642197,40.4883366],[39.464026,40.4882901],[39.4638307,40.4882478],[39.4635686,40.4881984],[39.463438,40.4881774],[39.4633055,40.4881652],[39.4631721,40.488162],[39.4630388,40.4881678],[39.4629179,40.4881809],[39.4627994,40.4882034],[39.4626846,40.4882352],[39.4625748,40.4882759],[39.4624896,40.4883154],[39.4624105,40.4883617],[39.4623383,40.4884141],[39.4622739,40.4884721],[39.4622181,40.488535],[39.4621788,40.4885902],[39.4621461,40.4886478],[39.4620856,40.4887645],[39.462037,40.4888843],[39.462011,40.4889666],[39.4619934,40.4890503],[39.4619841,40.4891347],[39.4619834,40.4892193],[39.4619892,40.48929],[39.4620051,40.4893597],[39.4620307,40.4894277],[39.4620658,40.4894932],[39.4621091,40.4895542],[39.4621605,40.4896114],[39.4622474,40.4897331],[39.4623263,40.4898578],[39.4623971,40.4899853],[39.4624199,40.4900305],[39.4624506,40.490073],[39.4624886,40.4901118],[39.4625332,40.4901464],[39.4625835,40.4901761],[39.4626385,40.4902001],[39.4626972,40.4902183],[39.4628142,40.4902551],[39.4628887,40.4902752],[39.4629588,40.4903032],[39.4630229,40.4903385],[39.4630798,40.4903802],[39.4631283,40.4904277],[39.4631676,40.49048],[39.4631911,40.4905233],[39.463205,40.4905691],[39.4632088,40.4906159],[39.4632024,40.4906626],[39.4631877,40.4907043],[39.4631629,40.4907432],[39.463129,40.4907779],[39.4630871,40.4908071],[39.4630388,40.4908298],[39.4629991,40.4908422],[39.4629576,40.4908501],[39.462879,40.4908758],[39.4628038,40.4909067],[39.4627324,40.4909425],[39.462674,40.4909774],[39.4626208,40.4910168],[39.4625735,40.4910603],[39.4625341,40.4911052],[39.4624882,40.4911463],[39.4624362,40.491183],[39.462379,40.4912148],[39.4623215,40.4912398],[39.4622608,40.4912597],[39.4622004,40.4912795],[39.4620189,40.4913388],[39.4617762,40.4914349],[39.4615395,40.4915392],[39.4612562,40.4916856],[39.4609688,40.4918273],[39.4608476,40.4918851],[39.4607326,40.4919497],[39.4606244,40.4920209],[39.4605236,40.4920981],[39.4604297,40.4921821],[39.4603445,40.4922713],[39.4602688,40.4923653],[39.4602156,40.4924348],[39.4601723,40.4925082],[39.4601393,40.4925846],[39.4601162,40.4926679],[39.4600826,40.4927491],[39.4600387,40.4928275],[39.4599851,40.4929023],[39.4599355,40.492959],[39.4598774,40.4930109],[39.4598116,40.4930571],[39.459739,40.4930971],[39.4596543,40.4931325],[39.4595642,40.4931593],[39.4593862,40.4932162],[39.4592053,40.4932674],[39.458985,40.4933214],[39.4587667,40.4933801],[39.4586417,40.4934161],[39.4585133,40.4934447],[39.4583824,40.4934655],[39.4582497,40.4934785],[39.4581665,40.4934826],[39.458083,40.4934837],[39.4579168,40.4934949],[39.4577515,40.4935122],[39.457629,40.4935289],[39.4575087,40.4935533],[39.4573914,40.4935851],[39.4573272,40.4936061],[39.4572687,40.4936353],[39.4572176,40.4936716],[39.4571755,40.4937141],[39.4571498,40.4937505],[39.4571308,40.4937893],[39.4570792,40.4938618],[39.4570209,40.4939314],[39.4569562,40.4939976],[39.4568666,40.4940756],[39.4567682,40.4941471],[39.456572,40.4942903],[39.4563589,40.494433],[39.4561408,40.4945713],[39.4559629,40.4946788],[39.4557821,40.4947834],[39.4556855,40.4948376],[39.4555826,40.4948847],[39.4554743,40.4949242],[39.4553617,40.4949558],[39.4552706,40.4949749],[39.4551775,40.494987],[39.4550832,40.4949918],[39.4549888,40.4949895],[39.4549219,40.4949834],[39.4548558,40.4949736],[39.4547214,40.494967],[39.4545868,40.4949695],[39.4544531,40.4949813],[39.4543625,40.4949946],[39.4542732,40.4950121],[39.4540948,40.4950473],[39.453918,40.4950869],[39.4538505,40.4951032],[39.4537866,40.4951262],[39.4537273,40.4951556],[39.4536738,40.4951908],[39.4536269,40.4952312],[39.4535971,40.4952639],[39.4535717,40.4952988],[39.4535113,40.4953638],[39.4534459,40.495426],[39.4533623,40.4954957],[39.4532724,40.4955607],[39.4530939,40.4956916],[39.4528827,40.495837],[39.4526674,40.4959787],[39.4524193,40.4961342],[39.452242,40.4962449],[39.45206,40.496351],[39.4518735,40.4964524],[39.4517425,40.4965195],[39.4516096,40.4965842],[39.4513437,40.4967135],[39.4512035,40.4967803],[39.4510588,40.4968412],[39.4509099,40.4968961],[39.4507762,40.496939],[39.45064,40.4969772],[39.4505015,40.4970103],[39.4502792,40.4970739],[39.4500615,40.4971462],[39.4498491,40.497227],[39.4496604,40.4973079],[39.4494769,40.4973955],[39.4492992,40.4974896],[39.4492295,40.4975292],[39.4491538,40.4975618],[39.4490734,40.497587],[39.4489894,40.4976043],[39.448897,40.4976138],[39.4488038,40.4976165],[39.4487107,40.4976123],[39.4486186,40.4976013],[39.4485546,40.4975894],[39.4484918,40.4975743],[39.4483631,40.4975535],[39.4482328,40.497539],[39.4481016,40.4975309],[39.4480188,40.4975291],[39.4479359,40.4975298],[39.4477705,40.497523],[39.4476057,40.4975104],[39.4474418,40.4974921],[39.4473044,40.4974723],[39.4471684,40.4974477],[39.4470341,40.4974182],[39.446953,40.4973979],[39.4468692,40.4973852],[39.4467841,40.4973802],[39.4466988,40.497383],[39.4466196,40.4973928],[39.4465418,40.4974079],[39.4464661,40.4974281],[39.446393,40.4974534],[39.4463329,40.4974789],[39.4462755,40.4975078],[39.4461617,40.4975666],[39.4461053,40.4975981],[39.4460445,40.4976244],[39.4459801,40.4976451],[39.4459129,40.4976599],[39.4458709,40.497666],[39.4458284,40.4976697],[39.445743,40.4976725],[39.4456578,40.4976682],[39.4455736,40.4976568],[39.4454925,40.4976388],[39.4454144,40.4976142],[39.4453403,40.4975834],[39.4452579,40.4975594],[39.445172,40.4975445],[39.4450841,40.4975391],[39.4449968,40.4975431],[39.444911,40.4975564],[39.4448286,40.4975788],[39.4446869,40.4976544],[39.4445418,40.4977262],[39.4443934,40.497794],[39.4441873,40.4978796],[39.4439871,40.497973],[39.4438011,40.4980695],[39.4436216,40.4981729],[39.4435669,40.4982066],[39.4435079,40.4982359],[39.4434453,40.4982606],[39.4433739,40.4982817],[39.4432999,40.4982967],[39.4431529,40.4983289],[39.4430212,40.4983541],[39.4428929,40.4983881],[39.442769,40.4984306],[39.4426507,40.4984814],[39.4425439,40.4985369],[39.4424338,40.4985886],[39.4423208,40.4986364],[39.4422166,40.4986759],[39.442108,40.4987079],[39.441996,40.498732],[39.4418816,40.498748],[39.4418001,40.4987544],[39.4417182,40.4987567],[39.4415556,40.4987712],[39.4413941,40.4987914],[39.4412589,40.4988128],[39.4411224,40.4988284],[39.4409849,40.4988379],[39.4408469,40.4988414],[39.4406746,40.4988372],[39.4405022,40.4988411],[39.4403306,40.4988531],[39.4402199,40.4988651],[39.4401104,40.4988825],[39.4400027,40.4989051],[39.4398963,40.4989331],[39.4397925,40.4989662],[39.4395789,40.4990198],[39.4393421,40.4990697],[39.4391023,40.4991103],[39.43886,40.4991417],[39.438642,40.4991786],[39.4384256,40.4992206],[39.4382109,40.4992676],[39.4380924,40.499296],[39.4379774,40.4993319],[39.437867,40.4993752],[39.437806,40.4994032],[39.4377523,40.4994386],[39.4377074,40.4994805],[39.4376725,40.4995277],[39.4376578,40.4995557],[39.4376468,40.4995846],[39.4376269,40.4996429],[39.4376099,40.4997207],[39.4376032,40.4997994],[39.4375882,40.4999566],[39.437582,40.5001141],[39.4375849,40.5002794],[39.4375974,40.5004445],[39.4376076,40.5004988],[39.4376074,40.5005537],[39.4375968,40.500608],[39.4375759,40.5006605],[39.4375453,40.5007102],[39.4375055,40.500756],[39.4374729,40.5007851],[39.4374365,40.5008116],[39.4373592,40.5008605],[39.4372747,40.500902],[39.4371843,40.5009355],[39.4370941,40.5009595],[39.4370012,40.5009768],[39.4369066,40.5009873],[39.4368111,40.5009909],[39.4367156,40.5009875],[39.4366157,40.5009764],[39.4365177,40.5009577],[39.4363213,40.5009227],[39.436181,40.5008944],[39.4360384,40.5008738],[39.4358942,40.500861],[39.435739,40.5008561],[39.4355837,40.5008544],[39.4354375,40.5008559],[39.4352913,40.5008507],[39.4351459,40.5008388],[39.4350017,40.5008203],[39.4348394,40.500791],[39.4346801,40.5007534],[39.4343559,40.5006938],[39.4341932,40.5006668],[39.4340286,40.5006474],[39.4338627,40.5006358],[39.4337292,40.500632],[39.4335956,40.5006332],[39.4333417,40.500628],[39.4332459,40.5006238],[39.4331501,40.5006235],[39.4330011,40.500631],[39.4328536,40.500648],[39.4327804,40.5006594],[39.4327084,40.5006744],[39.4326128,40.5007005],[39.4325205,40.5007328],[39.4324324,40.5007713],[39.4323491,40.5008155],[39.4322712,40.5008651],[39.4321904,40.5009246],[39.4321156,40.5009885],[39.4320474,40.5010565],[39.431986,40.5011282],[39.4319319,40.5012032],[39.4318681,40.5013053],[39.4318134,40.5014105],[39.431768,40.5015182],[39.4317322,40.501628],[39.4317061,40.5017393],[39.4316898,40.5018517],[39.4316637,40.5019719],[39.4316288,40.5020908],[39.4315852,40.5022081],[39.4315331,40.5023233],[39.4314726,40.5024361],[39.4313579,40.5026327],[39.4312335,40.5028259],[39.4310996,40.5030154],[39.4310251,40.5031069],[39.4309562,40.5032009],[39.430876,40.5033251],[39.4308055,40.5034528],[39.4307449,40.5035834],[39.4306945,40.5037164],[39.4306545,40.5038515],[39.4306067,40.503975],[39.4305489,40.5040961],[39.4304813,40.5042143],[39.4304042,40.504329],[39.4303179,40.5044398],[39.4302082,40.5045664],[39.4300901,40.5046886],[39.4299638,40.5048059],[39.4298297,40.5049181],[39.4296884,40.5050267],[39.4295412,40.5051306],[39.4293883,40.5052297],[39.42923,40.5053238],[39.4291504,40.5053704],[39.4290666,40.5054126],[39.4289625,40.5054566],[39.4288539,40.5054937],[39.4287415,40.5055237],[39.4286262,40.5055464],[39.4285087,40.5055615],[39.4283956,40.5055706],[39.4282819,40.5055743],[39.4282249,40.505576],[39.4281681,40.5055727],[39.4280969,40.5055614],[39.4280287,40.5055422],[39.4279649,40.5055156],[39.4279092,40.5054819],[39.4278619,40.5054414],[39.4278242,40.5053955],[39.4277973,40.5053453],[39.4277583,40.505259],[39.4277275,40.5051708],[39.4277049,40.5050811],[39.4276909,40.5049904],[39.4276853,40.5048992],[39.4276671,40.5047146],[39.4276397,40.5045306],[39.4276219,40.5044924],[39.427595,40.5044575],[39.4275599,40.5044271],[39.4275146,40.5044007],[39.4274631,40.5043818],[39.4274077,40.5043713],[39.4269906,40.5043542],[39.4268179,40.504353],[39.4266453,40.5043589],[39.4264734,40.5043717],[39.4263027,40.5043916],[39.4261336,40.5044184],[39.4259872,40.5044476],[39.4258434,40.5044836],[39.4257028,40.5045264],[39.425566,40.5045758],[39.4254336,40.5046315],[39.4253526,40.5046698],[39.4252738,40.5047105],[39.4251213,40.5047975],[39.4249767,40.5048919],[39.4248408,40.5049935],[39.4247176,40.5050987],[39.4246023,40.5052089],[39.4244953,40.5053239],[39.4243969,40.5054432],[39.4243046,40.5055709],[39.4242192,40.5057012],[39.4241408,40.5058342],[39.4240697,40.5059694],[39.4239912,40.5061408],[39.4239243,40.5063149],[39.423869,40.5064915],[39.4238256,40.5066699],[39.4237824,40.5067959],[39.4237489,40.5069235],[39.4237253,40.5070524],[39.4237115,40.5071822],[39.4237076,40.5073123],[39.4237145,40.5074517],[39.4237327,40.5075906],[39.4237703,40.507868],[39.4238202,40.5081444],[39.4238691,40.5083646],[39.4239258,40.5085837],[39.4240361,40.5090223],[39.4241998,40.5096392],[39.4242026,40.5097156],[39.4241967,40.5097919],[39.4241821,40.5098675],[39.4241589,40.5099418],[39.4241273,40.5100144],[39.4240881,40.5100838],[39.4240413,40.5101503],[39.4239491,40.5102839],[39.4238511,40.5104151],[39.4237523,40.5105375],[39.423647,40.5106568],[39.4235355,40.5107728],[39.4234179,40.5108852],[39.423328,40.5109651],[39.4232306,40.5110397],[39.4231262,40.5111087],[39.4230154,40.5111715],[39.4228987,40.511228],[39.4227768,40.5112777],[39.4226824,40.5113104],[39.4225857,40.5113391],[39.4223901,40.5113918],[39.4221907,40.5114356],[39.4219883,40.5114704],[39.4218731,40.511486],[39.4217573,40.5114986],[39.4215277,40.5115327],[39.4212997,40.5115726],[39.4210736,40.5116183],[39.4209284,40.5116509],[39.4207841,40.5116859],[39.4204983,40.511762],[39.4203403,40.5118083],[39.4201791,40.5118477],[39.4200152,40.5118803],[39.4198492,40.5119058],[39.4197377,40.5119188],[39.4196281,40.5119393],[39.4195213,40.5119671],[39.4194182,40.5120018],[39.4193195,40.5120434],[39.4192427,40.5120822],[39.4191697,40.5121251],[39.4190261,40.5122129],[39.418889,40.5123065],[39.4187843,40.5123854],[39.418687,40.5124696],[39.4185974,40.5125586],[39.4185162,40.5126521],[39.4184407,40.5127538],[39.4183742,40.512859],[39.418317,40.5129673],[39.4182694,40.5130783],[39.4182321,40.5131894],[39.4182044,40.513302],[39.4181864,40.5134158],[39.4180964,40.5137523],[39.4180565,40.5138935],[39.418027,40.5140362],[39.4180081,40.5141799],[39.4179998,40.5143242],[39.4180018,40.5144601],[39.4180131,40.5145957],[39.4180338,40.5147307],[39.4180638,40.5148646],[39.4181031,40.5149971],[39.4181305,40.5150745],[39.4181611,40.5151512],[39.4182264,40.5153035],[39.418299,40.5154539],[39.4183787,40.5156022],[39.4184369,40.5157017],[39.4184982,40.5158],[39.4186248,40.5159953],[39.4187142,40.5161257],[39.4187938,40.5162596],[39.4188635,40.5163968],[39.418923,40.5165367],[39.4189721,40.5166789],[39.4190082,40.5168121],[39.4190352,40.5169465],[39.4190324,40.5169825],[39.4190196,40.5170171],[39.4189974,40.517049],[39.4189668,40.5170765],[39.4189292,40.5170984],[39.4188807,40.5171152],[39.4188283,40.5171227],[39.418775,40.5171205],[39.418724,40.5171086],[39.4185255,40.5170678],[39.4184368,40.5170509],[39.418346,40.5170419],[39.4182545,40.517041],[39.4181635,40.5170482],[39.4180742,40.5170633],[39.4179878,40.5170862],[39.4179087,40.5171151],[39.4178344,40.5171506],[39.4177657,40.5171921],[39.4177034,40.5172391],[39.4176504,40.517289],[39.4176047,40.5173429],[39.4175668,40.5174003],[39.4175372,40.5174603],[39.4174491,40.5176137],[39.4173516,40.5177637],[39.4172448,40.51791],[39.4171291,40.5180523],[39.4170047,40.5181903],[39.4168897,40.5183066],[39.4167685,40.5184191],[39.4166413,40.5185278],[39.4165858,40.5185787],[39.4165226,40.5186241],[39.4164526,40.5186634],[39.4163769,40.518696],[39.4162966,40.5187215],[39.416208,40.5187401],[39.4161172,40.518751],[39.4160254,40.5187539],[39.4159337,40.5187488],[39.4158433,40.5187358],[39.4157697,40.5187189],[39.4156986,40.5186968],[39.4155559,40.5186536],[39.4154155,40.5186063],[39.4152915,40.5185603],[39.4151697,40.5185111],[39.414922,40.5184187],[39.4147641,40.5183615],[39.4146015,40.5183127],[39.4144348,40.5182726],[39.4142649,40.5182413],[39.4141433,40.5182246],[39.4140209,40.5182124],[39.4138978,40.5182047],[39.4135326,40.5181587],[39.4131773,40.5181046],[39.4128205,40.5180568],[39.4126357,40.5180345],[39.4124526,40.5180052],[39.4122716,40.517969],[39.4120932,40.517926],[39.4119179,40.5178763],[39.4117232,40.5178119],[39.4115245,40.5177548],[39.4113225,40.517705],[39.4112437,40.5176878],[39.4111629,40.5176776],[39.4110811,40.5176745],[39.4109994,40.5176786],[39.4109188,40.5176897],[39.4108427,40.5177072],[39.4107696,40.517731],[39.4106241,40.5177793],[39.4104829,40.5178345],[39.4104109,40.5178661],[39.4103454,40.517905],[39.4102877,40.5179505],[39.4102389,40.5180016],[39.4102,40.5180575],[39.4101718,40.5181169],[39.4101611,40.5181504],[39.4101538,40.5181844],[39.4101263,40.5182501],[39.4100897,40.5183131],[39.4100444,40.5183728],[39.4099841,40.5184347],[39.4099159,40.5184916],[39.4098406,40.5185431],[39.4097589,40.5185886],[39.4096716,40.5186277],[39.4095721,40.5186622],[39.4094682,40.5186882],[39.4092687,40.5187557],[39.4090733,40.5188298],[39.4088824,40.5189106],[39.4086966,40.5189978],[39.4085241,40.5190868],[39.4083453,40.5191683],[39.4081608,40.5192419],[39.407971,40.5193075],[39.4077766,40.5193648],[39.4075953,40.5194098],[39.4074113,40.5194475],[39.407047,40.519533],[39.4067189,40.5196125],[39.4063929,40.5196972],[39.4060694,40.5197868],[39.4059464,40.5198224],[39.4058269,40.5198642],[39.4057113,40.5199119],[39.4056002,40.5199654],[39.405494,40.5200244],[39.405433,40.5200623],[39.4053785,40.5201056],[39.4053314,40.5201536],[39.4052924,40.5202056],[39.405262,40.5202609],[39.4052482,40.5202952],[39.4052377,40.5203302],[39.4052029,40.520397],[39.405158,40.5204601],[39.4051038,40.5205188],[39.4050692,40.5205498],[39.405032,40.5205789],[39.4049526,40.5206331],[39.4048664,40.5206809],[39.4047979,40.5207122],[39.4047264,40.5207395],[39.4046525,40.5207625],[39.4044337,40.5208363],[39.4042106,40.5209022],[39.4040357,40.5209475],[39.4038587,40.5209879],[39.4035038,40.5210663],[39.4032262,40.5211221],[39.4029463,40.5211707],[39.4026643,40.5212121],[39.4025478,40.521227],[39.4024337,40.5212501],[39.4023229,40.5212812],[39.4022164,40.5213201],[39.4021398,40.5213542],[39.402068,40.5213939],[39.4020016,40.5214388],[39.4019414,40.5214883],[39.4018892,40.5215409],[39.4018437,40.5215969],[39.4018056,40.5216561],[39.4017752,40.5217177],[39.4016366,40.5219549],[39.4014913,40.5221898],[39.4013393,40.5224222],[39.4011766,40.5226577],[39.4010035,40.522889],[39.4008203,40.5231157],[39.4006272,40.5233376],[39.4005278,40.5234457],[39.4004205,40.5235493],[39.4003056,40.5236481],[39.4001835,40.5237418],[39.4000545,40.52383],[39.3999322,40.523905],[39.3998049,40.523975],[39.399673,40.52404],[39.3996396,40.5240493],[39.3996041,40.5240517],[39.399569,40.5240469],[39.3995368,40.5240354],[39.399509,40.5240173],[39.3994886,40.5239941],[39.3994772,40.5239676],[39.3993209,40.5233855],[39.3992953,40.523338],[39.3992608,40.5232938],[39.3992181,40.5232539],[39.3991683,40.5232192],[39.3991124,40.5231903],[39.3990591,40.5231703],[39.3990028,40.5231556],[39.3988891,40.5231296],[39.3988083,40.5231168],[39.3987261,40.5231112],[39.3986436,40.523113],[39.3985619,40.523122],[39.3984983,40.5231343],[39.3984366,40.523151],[39.3983131,40.5231842],[39.398222,40.5232118],[39.3981322,40.5232416],[39.3979549,40.523305],[39.3977813,40.5233743],[39.3976745,40.5234207],[39.3975694,40.5234694],[39.3973629,40.5235711],[39.3973116,40.5235978],[39.3972554,40.523618],[39.3971957,40.5236312],[39.397134,40.523637],[39.3970719,40.5236353],[39.3970109,40.5236261],[39.396966,40.5236142],[39.3969233,40.5235982],[39.3968834,40.5235784],[39.3967587,40.5235267],[39.3965826,40.5234446],[39.3964134,40.5233544],[39.3963571,40.5233259],[39.3962963,40.5233035],[39.396232,40.5232877],[39.3961654,40.5232786],[39.3960978,40.5232766],[39.3960305,40.5232815],[39.3959819,40.5232896],[39.3959347,40.5233014],[39.3958415,40.5233277],[39.3957519,40.5233602],[39.3956664,40.5233988],[39.3955879,40.5234418],[39.3955146,40.5234898],[39.3953562,40.523574],[39.3951917,40.5236511],[39.3950805,40.5236978],[39.3949652,40.5237383],[39.3948463,40.5237724],[39.3947684,40.5237909],[39.3946883,40.5238027],[39.394607,40.5238077],[39.3945255,40.523806],[39.3944447,40.5237974],[39.394379,40.5237852],[39.3943151,40.5237685],[39.3941881,40.5237337],[39.3940641,40.5236932],[39.3939404,40.5236457],[39.3938208,40.5235926],[39.3937057,40.5235339],[39.3935957,40.5234698],[39.3933749,40.5233173],[39.3932567,40.5232428],[39.3931339,40.5231729],[39.3930068,40.5231076],[39.3928756,40.5230471],[39.3927923,40.5230121],[39.3927049,40.5229836],[39.3926141,40.522962],[39.3925209,40.5229474],[39.3924263,40.52294],[39.3923564,40.5229393],[39.3922865,40.5229424],[39.3921471,40.5229506],[39.3920085,40.5229644],[39.3918711,40.5229839],[39.3917406,40.5230079],[39.3916129,40.5230397],[39.391489,40.5230791],[39.3913697,40.5231258],[39.3912555,40.5231796],[39.3911542,40.523236],[39.3910586,40.523298],[39.3909694,40.5233651],[39.3906908,40.5235572],[39.39042,40.5237556],[39.3902204,40.5239098],[39.3900254,40.5240675],[39.3898353,40.5242286],[39.3897886,40.5242563],[39.3897361,40.5242771],[39.3896795,40.5242905],[39.3896207,40.5242959],[39.3895697,40.524294],[39.3895197,40.5242861],[39.3894719,40.5242724],[39.3890467,40.524143],[39.388906,40.5241122],[39.3887628,40.5240889],[39.3886178,40.5240734],[39.3884717,40.5240655],[39.3883252,40.5240655],[39.3881836,40.5240729],[39.3880429,40.5240875],[39.3877617,40.5241161],[39.3874817,40.5241511],[39.3873157,40.524175],[39.3871482,40.5241913],[39.3869797,40.5241999],[39.3868108,40.5242008],[39.3866421,40.5241939],[39.3865417,40.5241861],[39.3864416,40.5241756],[39.3862424,40.5241504],[39.3860449,40.5241185],[39.3858495,40.5240798],[39.3856703,40.5240379],[39.3854935,40.5239903],[39.3851414,40.5238922],[39.3849604,40.5238379],[39.3847807,40.5237813],[39.3844213,40.5236679],[39.3842902,40.5236258],[39.3841636,40.5235765],[39.384042,40.5235203],[39.3839263,40.5234574],[39.3838169,40.5233882],[39.3837145,40.5233131],[39.3836158,40.5232291],[39.3835106,40.5231497],[39.3833991,40.5230754],[39.3832819,40.5230065],[39.3831593,40.5229431],[39.38306,40.5228976],[39.3829554,40.5228596],[39.3828465,40.5228295],[39.3827342,40.5228075],[39.3826197,40.5227939],[39.382504,40.5227888],[39.3823881,40.5227922],[39.3822826,40.5228028],[39.3821788,40.5228206],[39.3820774,40.5228452],[39.3819793,40.5228766],[39.3818852,40.5229145],[39.3816269,40.5230452],[39.381372,40.5231798],[39.3811208,40.5233182],[39.3809024,40.5234434],[39.380687,40.5235716],[39.3802585,40.52383],[39.3801653,40.5238873],[39.380066,40.5239381],[39.3799611,40.523982],[39.3798515,40.5240188],[39.3797381,40.5240482],[39.3796732,40.5240612],[39.3796075,40.5240719],[39.379475,40.5240883],[39.3793413,40.5240974],[39.379207,40.5240991],[39.3791003,40.5240952],[39.3789941,40.5240866],[39.3788887,40.5240733],[39.3785714,40.524041],[39.3784019,40.5240211],[39.378234,40.5239946],[39.3780681,40.5239617],[39.3779046,40.5239224],[39.3777439,40.5238769],[39.3775568,40.5238147],[39.3773751,40.523744],[39.3770076,40.5236088],[39.3768106,40.5235351],[39.3766091,40.5234687],[39.3764038,40.5234096],[39.3761949,40.523358],[39.3760166,40.5233204],[39.3758362,40.523289],[39.3756541,40.5232638],[39.3754707,40.5232448],[39.3753333,40.5232348],[39.3751954,40.5232284],[39.3749194,40.5232212],[39.3746433,40.5232234],[39.3743975,40.5232333],[39.3741525,40.52325],[39.3739083,40.5232734],[39.3736885,40.5233004],[39.3734699,40.5233329],[39.3730326,40.5233967],[39.3728274,40.5234282],[39.3726246,40.5234675],[39.3724246,40.5235145],[39.3722279,40.523569],[39.3720904,40.5236124],[39.3719494,40.5236488],[39.3718055,40.523678],[39.3716594,40.5237001],[39.3715118,40.5237148],[39.3713723,40.5237219],[39.3712337,40.5237354],[39.3710964,40.5237552],[39.370961,40.5237814],[39.3708278,40.5238137],[39.370715,40.5238465],[39.3706046,40.5238838],[39.3703783,40.523948],[39.3701492,40.5240064],[39.3699814,40.5240449],[39.3698105,40.5240745],[39.3696373,40.524095],[39.3694626,40.5241063],[39.3693256,40.5241086],[39.3691887,40.5241053],[39.3690523,40.5240963],[39.3686418,40.524091],[39.3683332,40.5240899],[39.3680247,40.5240831],[39.3677165,40.5240706],[39.3675618,40.5240621],[39.3674078,40.5240479],[39.367255,40.5240279],[39.3671036,40.5240023],[39.3669146,40.5239618],[39.3667293,40.5239124],[39.3665484,40.5238545],[39.3664037,40.5238194],[39.3662563,40.5237919],[39.3661066,40.5237723],[39.3659556,40.5237607],[39.3658638,40.5237575],[39.3657722,40.5237619],[39.3656817,40.5237739],[39.3655935,40.5237933],[39.3655048,40.5238213],[39.3654209,40.5238567],[39.3653428,40.5238993],[39.3652716,40.5239482],[39.3650414,40.5240688],[39.3648165,40.524195],[39.3645973,40.5243268],[39.3643838,40.5244641],[39.3642725,40.5245394],[39.3641544,40.5246085],[39.3640301,40.524671],[39.3639003,40.5247266],[39.3637656,40.524775],[39.3636453,40.524811],[39.3635218,40.5248401],[39.3633958,40.5248621],[39.363268,40.5248769],[39.3631581,40.5248838],[39.3630478,40.5248851],[39.3629377,40.5248808],[39.3628281,40.5248708],[39.362688,40.5248496],[39.3625508,40.5248193],[39.3622754,40.5247622],[39.362002,40.5246996],[39.3617326,40.5246319],[39.3614657,40.5245588],[39.3612014,40.5244804],[39.3609754,40.5244204],[39.3607537,40.5243517],[39.3605369,40.5242744],[39.3603256,40.5241888],[39.3601941,40.52413],[39.3600689,40.5240638],[39.3599507,40.5239905],[39.3598402,40.5239105],[39.3597794,40.523861],[39.3597217,40.5238094],[39.3596129,40.5237022],[39.3595143,40.5235894],[39.3594321,40.5234801],[39.3593595,40.5233669],[39.3592085,40.5231429],[39.3590961,40.5229714],[39.3589733,40.522804],[39.3588403,40.5226412],[39.3586975,40.5224833],[39.3586131,40.5223969],[39.3585258,40.5223122],[39.3583488,40.5221443],[39.3581665,40.5219797],[39.358099,40.5219207],[39.3580246,40.5218668],[39.357944,40.5218182],[39.3578578,40.5217756],[39.3577668,40.5217391],[39.3576593,40.5217059],[39.3575482,40.5216806],[39.3574343,40.5216634],[39.3573189,40.5216545],[39.3572412,40.5216533],[39.3571636,40.5216558],[39.3570087,40.5216643],[39.3568549,40.52168],[39.3566932,40.5217045],[39.356534,40.521737],[39.3562151,40.5218003],[39.3560702,40.5218313],[39.3559235,40.5218568],[39.3557753,40.5218768],[39.3556712,40.5218874],[39.3555666,40.5218953],[39.3553574,40.5219089],[39.3551476,40.5219175],[39.3549789,40.5219209],[39.3548107,40.5219311],[39.3546434,40.5219481],[39.354536,40.5219627],[39.3544308,40.5219848],[39.3543289,40.5220144],[39.3542365,40.5220488],[39.3541472,40.5220878],[39.3540842,40.522119],[39.3540232,40.5221524],[39.3538935,40.5222102],[39.3537587,40.5222609],[39.3536196,40.5223041],[39.3534767,40.5223397],[39.3533309,40.5223676],[39.3531829,40.5223875],[39.3530763,40.5223968],[39.3529692,40.522402],[39.3527548,40.522409],[39.3525403,40.5224086],[39.3523259,40.5224008],[39.3522057,40.5223931],[39.3520865,40.5223788],[39.351969,40.5223581],[39.3518537,40.5223311],[39.3517412,40.5222978],[39.3516243,40.5222553],[39.3515121,40.5222061],[39.3512776,40.5221225],[39.3510384,40.5220471],[39.3507949,40.5219801],[39.3505476,40.5219216],[39.3503849,40.5218882],[39.3502193,40.5218639],[39.3500519,40.521849],[39.3498834,40.5218434],[39.3497149,40.5218472],[39.3495472,40.5218604],[39.3494494,40.5218726],[39.3493536,40.5218915],[39.3492605,40.5219172],[39.3491709,40.5219493],[39.3490856,40.5219876],[39.3490054,40.5220317],[39.348925,40.5220857],[39.3488505,40.5221444],[39.3487823,40.5222074],[39.3487211,40.5222743],[39.3486787,40.5223284],[39.3486456,40.5223861],[39.3486222,40.5224465],[39.348609,40.5225086],[39.3486062,40.5225715],[39.3486138,40.5226342],[39.3486324,40.5226978],[39.3486618,40.5227591],[39.3487015,40.5228169],[39.3487787,40.5230022],[39.3488213,40.5231181],[39.3488597,40.5232349],[39.3489349,40.5234687],[39.349004,40.5237036],[39.3490317,40.5238041],[39.3490496,40.5239059],[39.3490577,40.5240084],[39.3490578,40.5240672],[39.3490483,40.5241255],[39.3490294,40.5241824],[39.3490013,40.5242372],[39.3489645,40.5242889],[39.3489195,40.5243366],[39.3488723,40.524376],[39.3488195,40.5244111],[39.3487618,40.5244414],[39.3487,40.5244666],[39.3484837,40.5245997],[39.3483244,40.5247009],[39.3481708,40.5248072],[39.3480233,40.5249183],[39.3478821,40.5250341],[39.3477474,40.5251542],[39.3476022,40.5252963],[39.3474661,40.5254435],[39.3473395,40.5255956],[39.3472226,40.5257521],[39.3471158,40.5259126],[39.3470735,40.5259765],[39.347042,40.5260438],[39.3470215,40.5261136],[39.3470126,40.5261847],[39.3470152,40.5262562],[39.3470291,40.5263261],[39.3470542,40.5263941],[39.3471023,40.5265304],[39.3471426,40.5266271],[39.3471707,40.5267263],[39.3471865,40.526827],[39.3471897,40.5269285],[39.3471804,40.5270297],[39.3471587,40.5271298],[39.3471375,40.527195],[39.347111,40.5272591],[39.3470537,40.5273862],[39.346987,40.5275105],[39.346911,40.5276318],[39.3468261,40.5277496],[39.3467475,40.527846],[39.3466593,40.5279375],[39.3465618,40.5280235],[39.3464558,40.5281034],[39.3463419,40.5281767],[39.3462618,40.5282218],[39.3461764,40.5282609],[39.3460866,40.5282938],[39.345993,40.5283202],[39.3458967,40.5283398],[39.3457895,40.5283532],[39.345681,40.5283581],[39.3455724,40.5283547],[39.3454649,40.5283428],[39.3453616,40.5283232],[39.3452615,40.5282958],[39.3451656,40.5282609],[39.344864,40.5281838],[39.34455,40.5281092],[39.3442339,40.5280398],[39.3439159,40.5279759],[39.3437681,40.5279481],[39.3436179,40.527929],[39.3434663,40.5279187],[39.3433141,40.5279174],[39.3431622,40.5279249],[39.3430718,40.5279336],[39.342983,40.5279493],[39.3428968,40.5279718],[39.3428141,40.5280007],[39.3427357,40.528036],[39.3426623,40.5280771],[39.3425949,40.5281237],[39.3425505,40.5281601],[39.3425098,40.528199],[39.3424345,40.5282801],[39.3423696,40.5283663],[39.342325,40.5284393],[39.342288,40.5285148],[39.3422587,40.5285921],[39.3421562,40.5288203],[39.3420622,40.5290505],[39.3419766,40.5292827],[39.3419059,40.5294965],[39.3418424,40.5297116],[39.3417862,40.5299279],[39.3417482,40.5300905],[39.3416983,40.5302512],[39.3416367,40.5304095],[39.3415636,40.530565],[39.3415333,40.5306223],[39.3414932,40.5306761],[39.3414439,40.5307253],[39.3413865,40.5307691],[39.3413218,40.5308066],[39.3412511,40.5308371],[39.3411855,40.5308577],[39.3411172,40.5308723],[39.3409867,40.5309144],[39.3408604,40.5309633],[39.3407388,40.5310186],[39.3406519,40.5310637],[39.3405682,40.5311121],[39.3403916,40.531199],[39.3402096,40.5312791],[39.3400225,40.5313522],[39.3398309,40.5314181],[39.339672,40.5314663],[39.3395175,40.531522],[39.3393678,40.5315848],[39.3392235,40.5316546],[39.3390852,40.5317311],[39.3389462,40.5318189],[39.338815,40.5319134],[39.338538,40.5320899],[39.3383397,40.5322101],[39.3381367,40.5323256],[39.3379292,40.5324364],[39.3377173,40.5325424],[39.3375142,40.5326376],[39.3373076,40.5327284],[39.3370977,40.5328146],[39.3370353,40.5328383],[39.3369696,40.5328562],[39.3369016,40.5328681],[39.3368322,40.5328737],[39.3367648,40.5328731],[39.3366979,40.5328666],[39.3365639,40.5328564],[39.3364611,40.5328463],[39.3363575,40.5328435],[39.3362539,40.5328478],[39.3361513,40.5328593],[39.3360505,40.5328778],[39.3359524,40.5329033],[39.3358974,40.532921],[39.3358436,40.5329409],[39.3357394,40.5329852],[39.3356403,40.533036],[39.3355471,40.5330929],[39.3354605,40.5331555],[39.3353811,40.5332233],[39.3353098,40.5332955],[39.3352474,40.5333722],[39.3351945,40.533453],[39.3351516,40.5335372],[39.3351189,40.5336239],[39.3350968,40.5337126],[39.3350875,40.5337771],[39.3350838,40.5338419],[39.3350857,40.5339068],[39.3350651,40.5341005],[39.3350351,40.5342935],[39.335021,40.5343677],[39.3349963,40.5344402],[39.3349612,40.5345103],[39.3349162,40.534577],[39.3348619,40.5346395],[39.3347989,40.5346971],[39.334728,40.5347491],[39.3346613,40.5347889],[39.33459,40.5348237],[39.3345147,40.5348532],[39.334436,40.5348772],[39.3341379,40.5349968],[39.3339222,40.5350767],[39.33371,40.5351618],[39.3335015,40.5352521],[39.333297,40.5353474],[39.3331587,40.5354159],[39.3330155,40.5354783],[39.3328679,40.5355343],[39.3327163,40.5355839],[39.3325486,40.53563],[39.3323775,40.5356682],[39.3320413,40.5357582],[39.3317078,40.535854],[39.3315511,40.5359013],[39.331399,40.5359565],[39.3312522,40.5360193],[39.3311113,40.5360896],[39.3309769,40.5361669],[39.3308902,40.536223],[39.3308098,40.5362842],[39.3307364,40.5363503],[39.3306703,40.5364208],[39.3306121,40.5364951],[39.330568,40.5365628],[39.3305304,40.5366328],[39.3304995,40.5367046],[39.3303774,40.536911],[39.3303456,40.5369618],[39.3303037,40.5370083],[39.3302529,40.5370493],[39.3301942,40.5370838],[39.3301293,40.5371109],[39.3300596,40.5371301],[39.3300044,40.537139],[39.3299481,40.5371429],[39.3298357,40.537149],[39.329723,40.5371484],[39.3296298,40.5371428],[39.3295374,40.5371326],[39.3293533,40.5371086],[39.3291713,40.5370765],[39.3289922,40.5370364],[39.3288164,40.5369884],[39.328663,40.5369392],[39.3285146,40.5368818],[39.3283719,40.5368165],[39.3282357,40.5367438],[39.3281552,40.5366954],[39.3280776,40.5366443],[39.3279129,40.5365511],[39.3277422,40.5364645],[39.3275875,40.5363941],[39.3274289,40.5363289],[39.3272667,40.5362691],[39.3271011,40.5362148],[39.3269921,40.5361826],[39.326882,40.5361529],[39.3266604,40.5360961],[39.3264366,40.5360446],[39.3263826,40.5360331],[39.3263267,40.5360302],[39.3262712,40.5360363],[39.3262186,40.536051],[39.3261711,40.5360736],[39.3261308,40.5361032],[39.3261001,40.5361377],[39.3260792,40.5361761],[39.3260689,40.536217],[39.3260698,40.5362586],[39.3260316,40.5363759],[39.3259838,40.5364912],[39.3259268,40.5366039],[39.3258607,40.5367138],[39.3257858,40.5368204],[39.3257023,40.5369232],[39.3256283,40.5370039],[39.325549,40.5370817],[39.3254646,40.5371563],[39.3252169,40.5373833],[39.3249594,40.537604],[39.3247696,40.5377577],[39.3245751,40.5379079],[39.324376,40.5380545],[39.3243335,40.5381142],[39.3243024,40.5381778],[39.3242834,40.5382441],[39.324278,40.5382854],[39.3242772,40.5383269],[39.3242818,40.5384097],[39.3242974,40.5384918],[39.3243237,40.5385723],[39.3243443,40.5386191],[39.3243686,40.5386648],[39.3244209,40.5387551],[39.3244804,40.5388428],[39.324547,40.5389275],[39.3246206,40.5390092],[39.3247014,40.5390868],[39.3247891,40.5391601],[39.3248833,40.5392285],[39.3249835,40.5392918],[39.3250806,40.5393453],[39.325182,40.539394],[39.3253846,40.5394916],[39.325591,40.5395843],[39.3257332,40.5396445],[39.325877,40.5397024],[39.3261571,40.5398282],[39.326431,40.5399617],[39.3266984,40.5401027],[39.326959,40.5402509],[39.3272082,40.5404036],[39.3274502,40.540563],[39.3276845,40.5407289],[39.327741,40.5407825],[39.3277869,40.5408417],[39.3278213,40.5409053],[39.3278434,40.540972],[39.3278529,40.5410403],[39.3278494,40.541109],[39.327839,40.5411578],[39.3278221,40.5412056],[39.3277877,40.5413008],[39.3277462,40.5413944],[39.3276979,40.5414861],[39.3276574,40.5415533],[39.3276131,40.5416191],[39.3275173,40.5417477],[39.3274109,40.5418713],[39.3272942,40.5419895],[39.3272204,40.5420569],[39.3271433,40.5421221],[39.3269832,40.5422482],[39.3268143,40.5423675],[39.3266371,40.5424798],[39.3265376,40.5425376],[39.326436,40.5425931],[39.3262416,40.5427131],[39.3260544,40.5428395],[39.3259673,40.5429023],[39.325889,40.5429715],[39.3258204,40.5430464],[39.3257836,40.5430945],[39.3257509,40.5431442],[39.325672,40.5432377],[39.3255843,40.5433267],[39.3255154,40.543388],[39.3254422,40.5434464],[39.3252944,40.5435621],[39.3251411,40.5436737],[39.3249949,40.5437728],[39.3248555,40.5438775],[39.3247233,40.5439874],[39.3245986,40.5441022],[39.324513,40.5441884],[39.3244355,40.544279],[39.3243665,40.5443734],[39.3243064,40.5444712],[39.3242553,40.544572],[39.3242181,40.5446627],[39.3241883,40.5447549],[39.3241143,40.5449362],[39.3240333,40.5451158],[39.3239455,40.5452935],[39.323824,40.5455166],[39.3236948,40.5457371],[39.3235579,40.5459549],[39.3234487,40.5461189],[39.3233351,40.5462812],[39.3231221,40.5466112],[39.3230158,40.5467831],[39.322904,40.546953],[39.3227868,40.5471207],[39.3227429,40.547181],[39.3227066,40.5472441],[39.3226782,40.5473095],[39.3226579,40.5473766],[39.322646,40.5474448],[39.3226424,40.5475119],[39.3226468,40.547579],[39.3226592,40.5476454],[39.3226795,40.5477108],[39.3226896,40.5478034],[39.3226905,40.5478964],[39.3226825,40.5479891],[39.3226653,40.5480812],[39.3226393,40.548172],[39.3226044,40.5482611],[39.3225731,40.5483255],[39.3225371,40.5483886],[39.3224588,40.5485124],[39.3223697,40.548632],[39.3223256,40.548685],[39.3222717,40.5487326],[39.3222093,40.5487737],[39.3221397,40.5488074],[39.3220643,40.5488331],[39.3219848,40.5488501],[39.3219121,40.5488577],[39.3218387,40.548858],[39.3216923,40.5488577],[39.3215463,40.5488491],[39.3214267,40.5488358],[39.3213086,40.5488161],[39.3211927,40.5487901],[39.3210795,40.5487579],[39.3209696,40.5487196],[39.3208915,40.5486879],[39.3208182,40.5486502],[39.3207504,40.548607],[39.3206889,40.5485586],[39.3206344,40.5485056],[39.3205874,40.5484486],[39.3205582,40.5484049],[39.3205334,40.5483596],[39.3204709,40.548274],[39.3204003,40.548192],[39.3203218,40.5481143],[39.3202701,40.548069],[39.3202158,40.5480255],[39.3201013,40.547943],[39.3199791,40.5478671],[39.3198498,40.5477984],[39.3197583,40.547756],[39.3196631,40.5477187],[39.3195647,40.5476866],[39.3194635,40.5476598],[39.3193971,40.5476455],[39.3193291,40.547637],[39.3192602,40.5476342],[39.3191913,40.5476374],[39.3191216,40.5476467],[39.3190538,40.5476621],[39.3189888,40.5476833],[39.3188488,40.547744],[39.318704,40.5477981],[39.3185552,40.5478451],[39.3184027,40.547885],[39.3183143,40.5479046],[39.318225,40.5479217],[39.3180505,40.5479662],[39.3178797,40.5480185],[39.3177202,40.5480757],[39.3175653,40.5481396],[39.3174153,40.5482101],[39.316957,40.5484099],[39.3166226,40.5485626],[39.3162918,40.5487196],[39.3162066,40.5487499],[39.3161172,40.5487721],[39.3160249,40.5487859],[39.3159458,40.5487909],[39.3158664,40.5487897],[39.3157876,40.5487823],[39.3154935,40.5488194],[39.3151988,40.5488531],[39.3147435,40.5488984],[39.3142869,40.5489347],[39.313977,40.5489541],[39.3136666,40.5489677],[39.3133559,40.5489755],[39.313045,40.5489775],[39.3126949,40.5489727],[39.3123447,40.5489764],[39.3119949,40.5489887],[39.3117914,40.5489997],[39.3115883,40.5490137],[39.3111822,40.5490437],[39.3109823,40.5490603],[39.310784,40.5490858],[39.310588,40.54912],[39.310395,40.5491629],[39.3102423,40.5492036],[39.310087,40.5492383],[39.3099296,40.5492669],[39.3097639,40.54929],[39.309597,40.549308],[39.3094294,40.5493209],[39.3092869,40.5493277],[39.3091442,40.5493309],[39.3088598,40.5493489],[39.3085764,40.5493749],[39.3084355,40.5493909],[39.308296,40.5494134],[39.3081587,40.5494425],[39.308024,40.5494779],[39.3078925,40.5495196],[39.3077831,40.54956],[39.3076767,40.5496047],[39.3075735,40.5496536],[39.3072568,40.5497907],[39.3070748,40.5498712],[39.3068883,40.5499453],[39.3066974,40.5500129],[39.3065027,40.5500738],[39.3063046,40.5501279],[39.3060805,40.55018],[39.3058532,40.5502235],[39.3056232,40.5502581],[39.3053913,40.5502839],[39.3052634,40.5502942],[39.3051351,40.5503018],[39.3048785,40.5503154],[39.3046215,40.5503246],[39.3045628,40.5503261],[39.3045047,40.5503202],[39.3044486,40.5503071],[39.3043961,40.5502871],[39.3043487,40.5502607],[39.3043077,40.5502288],[39.3042814,40.5502013],[39.3042599,40.5501714],[39.3042195,40.5501107],[39.304187,40.5500474],[39.304162,40.5499802],[39.3041458,40.5499114],[39.3041386,40.5498417],[39.3040965,40.5496352],[39.3040787,40.5495371],[39.3040489,40.5494407],[39.3040073,40.5493469],[39.3039898,40.5493144],[39.3039629,40.5492859],[39.303928,40.5492628],[39.3038871,40.5492465],[39.3038423,40.5492378],[39.303798,40.5492371],[39.3037546,40.5492438],[39.3037143,40.5492577],[39.3036003,40.5493489],[39.3034816,40.5494365],[39.3033922,40.5494981],[39.3032987,40.5495561],[39.3032013,40.5496103],[39.3030986,40.5496613],[39.3029902,40.549705],[39.3028771,40.5497411],[39.3027601,40.5497693],[39.3026562,40.549787],[39.3025508,40.5497986],[39.302343,40.5498335],[39.3021804,40.5498649],[39.3020191,40.5498997],[39.3016984,40.5499744],[39.3013814,40.5500576],[39.3011549,40.5501229],[39.300925,40.550181],[39.3006921,40.5502319],[39.3005509,40.5502589],[39.3004082,40.5502807],[39.3002643,40.5502971],[39.3000811,40.5503102],[39.2998972,40.5503148],[39.2997133,40.5503107],[39.2995301,40.550298],[39.2993483,40.5502767],[39.2989206,40.5502693],[39.2984932,40.550256],[39.2980662,40.550237],[39.2977188,40.5502172],[39.297371,40.5502033],[39.2970228,40.5501952],[39.2968444,40.5501933],[39.296666,40.5501971],[39.296488,40.5502066],[39.2963107,40.5502217],[39.2961736,40.5502373],[39.296038,40.550259],[39.2959043,40.5502866],[39.2957575,40.5503245],[39.2956143,40.5503695],[39.2954752,40.5504216],[39.2953706,40.5504872],[39.2952742,40.5505596],[39.2951867,40.5506382],[39.2951087,40.5507224],[39.2950407,40.550812],[39.2949835,40.5509057],[39.2949376,40.5510031],[39.2949034,40.5511031],[39.2948811,40.551205],[39.2948639,40.5513172],[39.2948544,40.5514298],[39.2948525,40.5515427],[39.2948526,40.5515991],[39.2948583,40.5516554],[39.2948761,40.5517345],[39.2949052,40.5518116],[39.2949451,40.5518858],[39.2949953,40.5519563],[39.2950554,40.5520223],[39.2952167,40.552191],[39.2953042,40.5522713],[39.2953853,40.5523555],[39.2954593,40.5524426],[39.2955264,40.5525328],[39.2955864,40.5526258],[39.2956391,40.5527214],[39.2956634,40.5527698],[39.2956844,40.5528191],[39.2957115,40.5529021],[39.2957291,40.5529866],[39.2957371,40.5530719],[39.2957381,40.5531147],[39.2957354,40.5531574],[39.2957237,40.5532237],[39.295703,40.5532886],[39.2956737,40.5533516],[39.2956359,40.553412],[39.2955902,40.5534691],[39.2955369,40.5535222],[39.2954175,40.553632],[39.2952905,40.5537367],[39.2951563,40.5538361],[39.2950152,40.5539298],[39.2948904,40.5540036],[39.2947607,40.5540724],[39.2946265,40.5541359],[39.2944881,40.5541941],[39.294346,40.5542467],[39.2942258,40.5542952],[39.294102,40.5543383],[39.2939752,40.5543758],[39.2938457,40.5544077],[39.2937312,40.5544307],[39.2936152,40.5544493],[39.2933862,40.5544959],[39.2931591,40.5545473],[39.2930428,40.5545757],[39.2929307,40.5546125],[39.2928238,40.5546573],[39.2927665,40.5546859],[39.2927114,40.5547167],[39.2925936,40.5547698],[39.2924711,40.5548163],[39.2923516,40.5548539],[39.292229,40.5548853],[39.2921039,40.5549102],[39.2917335,40.5549967],[39.2915444,40.5550376],[39.2913579,40.5550852],[39.2911745,40.5551391],[39.2909946,40.5551994],[39.290824,40.5552637],[39.2906575,40.5553339],[39.2904955,40.5554097],[39.2903381,40.5554911],[39.2901859,40.555578],[39.2900456,40.5556657],[39.2899105,40.5557579],[39.2897809,40.5558546],[39.2897202,40.5559123],[39.2896668,40.555974],[39.2896212,40.5560392],[39.2895837,40.5561073],[39.2895538,40.5561804],[39.2895332,40.5562553],[39.2895221,40.5563314],[39.2895207,40.5564079],[39.2895251,40.556518],[39.2895372,40.5566278],[39.2895446,40.5566827],[39.2895569,40.556737],[39.289583,40.5568142],[39.2896187,40.5568891],[39.2896638,40.5569611],[39.2897178,40.5570294],[39.2897871,40.5570999],[39.2898658,40.5571645],[39.289953,40.5572224],[39.2900477,40.5572729],[39.2901583,40.557324],[39.2902733,40.557369],[39.2903922,40.5574077],[39.2905144,40.55744],[39.2906457,40.557465],[39.2907793,40.5574807],[39.2909143,40.557487],[39.2910495,40.5574839],[39.2912031,40.5574729],[39.2913553,40.557454],[39.2915055,40.5574274],[39.291653,40.5573932],[39.2918861,40.5573344],[39.2921168,40.5572706],[39.2922291,40.5572326],[39.292345,40.5572016],[39.2924523,40.5571797],[39.2925613,40.5571637],[39.2926716,40.5571536],[39.2927825,40.5571496],[39.2928936,40.5571517],[39.2930779,40.5571622],[39.2932609,40.5571816],[39.293442,40.5572097],[39.2936204,40.5572465],[39.2938628,40.5572925],[39.2941065,40.5573342],[39.2943513,40.5573718],[39.2945847,40.5574141],[39.294816,40.5574626],[39.295045,40.5575171],[39.2952713,40.5575776],[39.295455,40.5576342],[39.2956352,40.5576968],[39.2957246,40.5577294],[39.2958118,40.5577651],[39.2959304,40.5578204],[39.2960441,40.5578814],[39.2961522,40.557948],[39.2962544,40.5580198],[39.2964172,40.5581439],[39.2965716,40.5582741],[39.2966464,40.5583408],[39.296717,40.55841],[39.2968121,40.558515],[39.2968976,40.5586245],[39.2969732,40.5587381],[39.2970324,40.5588441],[39.2970827,40.5589528],[39.2971238,40.5590636],[39.2971556,40.5591762],[39.2972011,40.5593597],[39.2972391,40.5595442],[39.2972696,40.5597295],[39.2972687,40.5598975],[39.2972777,40.5600654],[39.2972964,40.5602328],[39.297324,40.5603949],[39.2973607,40.560556],[39.2974065,40.5607156],[39.2974614,40.5608737],[39.2975064,40.5610294],[39.2975431,40.5611864],[39.2975713,40.5613444],[39.2975944,40.5615138],[39.29761,40.5616837],[39.2976183,40.5618538],[39.2976359,40.5621372],[39.2976446,40.5622788],[39.2976585,40.5624203],[39.2976836,40.5625984],[39.2977172,40.5627758],[39.2977591,40.5629521],[39.297789,40.5631221],[39.2978088,40.5632929],[39.2978185,40.5634643],[39.2978181,40.5636358],[39.2978267,40.5639594],[39.2978314,40.5641213],[39.2978476,40.5642827],[39.2978752,40.5644439],[39.2979143,40.5646037],[39.2979646,40.5647617],[39.2979925,40.5648402],[39.298026,40.5649174],[39.2980781,40.5650167],[39.2981393,40.5651129],[39.2982092,40.5652056],[39.2982875,40.5652944],[39.2983885,40.565394],[39.2984987,40.5654879],[39.2985599,40.5655302],[39.2986174,40.5655756],[39.2986865,40.5656391],[39.2987483,40.5657069],[39.2988021,40.5657785],[39.2988476,40.5658534],[39.2988845,40.5659309],[39.2989124,40.5660106],[39.2989322,40.5660994],[39.2989405,40.5661894],[39.2989373,40.5662794],[39.2989225,40.5663689],[39.2988963,40.5664568],[39.2988622,40.5666034],[39.2988393,40.5667513],[39.2988277,40.5668254],[39.2988279,40.5669],[39.29884,40.5669738],[39.2988638,40.5670459],[39.2988988,40.5671154],[39.2989446,40.5671811],[39.2989894,40.567224],[39.2990409,40.5672622],[39.2990982,40.5672953],[39.2991605,40.5673227],[39.2992353,40.5673463],[39.2993137,40.5673616],[39.2993941,40.5673685],[39.299475,40.5673667],[39.2995548,40.5673564],[39.2996413,40.5673398],[39.2997258,40.5673178],[39.2998075,40.5672907],[39.2998861,40.5672586],[39.2999839,40.5672258],[39.3000851,40.5671994],[39.3001888,40.5671797],[39.3002944,40.5671668],[39.3003476,40.5671623],[39.3004011,40.5671608],[39.3004923,40.5671652],[39.300582,40.5671785],[39.3006687,40.5672004],[39.3007511,40.5672305],[39.3008277,40.5672683],[39.3008974,40.5673132],[39.300959,40.5673645],[39.3010694,40.5674651],[39.3011721,40.5675702],[39.3012667,40.5676797],[39.3013529,40.5677931],[39.3014304,40.56791],[39.301499,40.5680301],[39.3015584,40.568153],[39.3016266,40.5683125],[39.3016857,40.568474],[39.3017357,40.5686373],[39.3017765,40.5688021],[39.3017902,40.5688853],[39.3018079,40.568968],[39.3018464,40.569106],[39.3018958,40.569242],[39.301956,40.5693755],[39.3020266,40.569506],[39.3021075,40.569633],[39.3021983,40.569756],[39.3022987,40.5698747],[39.3024656,40.5700812],[39.3026254,40.5702909],[39.3027778,40.5705038],[39.3029229,40.5707196],[39.3030605,40.5709382],[39.3031963,40.571136],[39.3033408,40.5713302],[39.3034938,40.5715206],[39.3036551,40.571707],[39.3038245,40.5718892],[39.3040019,40.572067],[39.304187,40.5722401],[39.3046284,40.5726435],[39.3050781,40.5730415],[39.3051825,40.5731108],[39.3052809,40.573185],[39.3053729,40.5732639],[39.3054581,40.573347],[39.3055361,40.573434],[39.3056154,40.5735368],[39.3056848,40.5736436],[39.3057438,40.5737539],[39.3057923,40.5738672],[39.3058299,40.5739828],[39.3058564,40.5741002],[39.3058718,40.5742187],[39.3058759,40.5743378],[39.3058687,40.5744567],[39.3058511,40.574581],[39.3058232,40.5747042],[39.3057852,40.5748258],[39.3057371,40.5749454],[39.3056792,40.5750624],[39.3056117,40.5751764],[39.3055349,40.5752869],[39.3054491,40.5753936],[39.3053546,40.5754959],[39.3053058,40.5755463],[39.3052518,40.5755935],[39.3051764,40.5756485],[39.305094,40.5756974],[39.3050054,40.5757396],[39.3049116,40.5757747],[39.3048136,40.5758023],[39.3047124,40.5758223],[39.3046091,40.5758343],[39.3045047,40.5758382],[39.3044003,40.575834],[39.304297,40.5758217],[39.3041915,40.5758182],[39.3040861,40.5758236],[39.3039822,40.5758379],[39.303881,40.5758608],[39.3037838,40.5758922],[39.3036918,40.5759316],[39.3036061,40.5759785],[39.3035278,40.5760323],[39.303458,40.5760925],[39.3033973,40.5761582],[39.3033467,40.5762285],[39.3033066,40.5763028],[39.3032777,40.5763799],[39.3031159,40.576824],[39.3029612,40.5772695],[39.302905,40.577417],[39.3028558,40.5775661],[39.3028137,40.5777163],[39.3027727,40.5778977],[39.302742,40.5780802],[39.3027216,40.5782635],[39.3027116,40.5784473],[39.3027121,40.5786313],[39.302723,40.5788151],[39.3027443,40.5789984],[39.3027759,40.5791808],[39.3028179,40.579362],[39.30287,40.5795417],[39.3029431,40.5797571],[39.3030269,40.5799702],[39.3031215,40.5801808],[39.3032266,40.5803884],[39.303282,40.5804914],[39.3033421,40.5805928],[39.3034452,40.5807482],[39.3035592,40.5808991],[39.3036838,40.5810451],[39.3038185,40.5811858],[39.3039631,40.5813208],[39.3041171,40.5814496],[39.3042799,40.581572],[39.3044513,40.5816875],[39.3046306,40.5817958],[39.3048173,40.5818966],[39.3051403,40.5820622],[39.3054697,40.5822205],[39.3058051,40.5823712],[39.3061464,40.5825142],[39.3064931,40.5826494],[39.3066129,40.5826877],[39.3067303,40.5827302],[39.3068451,40.5827766],[39.3069989,40.582847],[39.3071466,40.5829246],[39.3072877,40.5830091],[39.3074217,40.5831],[39.3075479,40.583197],[39.3076659,40.5832999],[39.3077753,40.5834081],[39.3078757,40.5835212],[39.3079666,40.5836389],[39.3080476,40.5837606],[39.3081186,40.583886],[39.3081791,40.5840144],[39.3082291,40.5841455],[39.3083281,40.5844272],[39.3084166,40.584711],[39.3084945,40.5849966],[39.3085617,40.5852837],[39.3086181,40.5855721],[39.3086638,40.5858617],[39.3086986,40.5861521],[39.3087226,40.5864432],[39.3087346,40.586726],[39.3087356,40.587009],[39.3087254,40.5872919],[39.3087042,40.5875744],[39.3086719,40.5878563],[39.3086286,40.5881374],[39.3085743,40.5884174],[39.3085091,40.588696],[39.3084329,40.588973],[39.3081252,40.5900637],[39.3080093,40.590425],[39.3079027,40.590788],[39.3078053,40.5911524],[39.3077072,40.5915628],[39.3076208,40.5919746],[39.3075462,40.5923878],[39.3075325,40.5925265],[39.3075116,40.5926647],[39.3074834,40.5928022],[39.3074383,40.5929724],[39.3073821,40.5931407],[39.3073151,40.5933067],[39.3072373,40.59347],[39.3071489,40.5936302],[39.3070503,40.5937869],[39.3069415,40.5939396],[39.3068229,40.5940881],[39.3067607,40.594161],[39.3066949,40.594232],[39.3065795,40.5943436],[39.306455,40.5944495],[39.3063219,40.5945492],[39.3061807,40.5946423],[39.3060321,40.5947283],[39.3058765,40.594807],[39.3057147,40.5948781],[39.3055472,40.5949412],[39.3053748,40.5949961],[39.3051982,40.5950426],[39.3049859,40.5951067],[39.304778,40.5951789],[39.3045752,40.5952588],[39.3043779,40.5953463],[39.3041866,40.5954412],[39.3040017,40.5955432],[39.3038238,40.5956521],[39.3037362,40.5957079],[39.3036532,40.5957676],[39.3035563,40.5958478],[39.3034677,40.5959333],[39.303388,40.5960238],[39.3033176,40.5961186],[39.3032571,40.5962173],[39.3032066,40.5963191],[39.3031666,40.5964237],[39.3031373,40.5965302],[39.3031188,40.5966381],[39.3031112,40.5967468],[39.3031147,40.5968556],[39.3031291,40.5969639],[39.3031543,40.5970711],[39.3032453,40.5974813],[39.3033273,40.5978926],[39.3034003,40.598305],[39.3034642,40.5987181],[39.3034947,40.5988551],[39.303513,40.5989933],[39.3035191,40.5991321],[39.3035135,40.5992645],[39.3034968,40.5993965],[39.303469,40.5995273],[39.3034302,40.5996565],[39.3033806,40.5997836],[39.3033205,40.599908],[39.30325,40.6000293],[39.3031694,40.6001469],[39.3030791,40.6002603],[39.3029795,40.6003691],[39.3028709,40.6004729],[39.3027538,40.6005711],[39.3026286,40.6006635],[39.3023277,40.6008781],[39.3020198,40.6010869],[39.3017053,40.6012898],[39.3013842,40.6014868],[39.3010569,40.6016777],[39.3005738,40.6019496],[39.3000836,40.6022141],[39.2995865,40.6024711],[39.2994245,40.6025609],[39.2992564,40.602644],[39.2990828,40.6027204],[39.2988922,40.6027939],[39.2986966,40.6028593],[39.2984964,40.6029162],[39.2982923,40.6029645],[39.298085,40.603004],[39.2978751,40.6030346],[39.2976632,40.6030562],[39.2974501,40.6030688],[39.2972364,40.6030722],[39.2971297,40.6030674],[39.2970228,40.6030666],[39.2968581,40.6030731],[39.2966944,40.6030889],[39.2965328,40.6031142],[39.2963742,40.6031485],[39.2962194,40.6031919],[39.2960694,40.603244],[39.295925,40.6033045],[39.295787,40.6033731],[39.2956561,40.6034495],[39.2955333,40.6035331],[39.2954191,40.6036234],[39.2953142,40.6037201],[39.2952191,40.6038225],[39.2951754,40.6038756],[39.2951345,40.60393],[39.2950679,40.6040318],[39.2950111,40.604137],[39.2949647,40.6042451],[39.2949287,40.6043554],[39.2949035,40.6044675],[39.2948891,40.6045806],[39.2948856,40.6046943],[39.2948931,40.6048078],[39.2949115,40.6049206],[39.2949407,40.6050321],[39.2949805,40.6051417],[39.2950307,40.6052488],[39.2950911,40.6053528],[39.2951277,40.6054024],[39.2951614,40.6054532],[39.2952152,40.6055492],[39.2952586,40.6056482],[39.2952912,40.6057496],[39.2953127,40.6058527],[39.295323,40.6059567],[39.2953221,40.6060611],[39.29531,40.606165],[39.2952867,40.6062679],[39.2952524,40.6063689],[39.2952074,40.6064675],[39.2951519,40.606563],[39.2951205,40.6066094],[39.2950863,40.6066547],[39.2950141,40.6067364],[39.2949326,40.6068128],[39.2948423,40.6068834],[39.294744,40.6069476],[39.2946386,40.6070047],[39.2945268,40.6070544],[39.2944095,40.6070963],[39.2942878,40.60713],[39.2941626,40.6071553],[39.2940348,40.6071719],[39.2938179,40.6071992],[39.2935993,40.6072171],[39.2933797,40.6072256],[39.2931598,40.6072247],[39.2929403,40.6072143],[39.2927219,40.6071946],[39.2925054,40.6071654],[39.2922914,40.6071271],[39.2920835,40.6070803],[39.2918794,40.6070249],[39.2916796,40.6069608],[39.2914849,40.6068885],[39.2912958,40.6068079],[39.2911129,40.6067196],[39.2909367,40.6066236],[39.2908512,40.6065729],[39.2907679,40.6065203],[39.2906178,40.6064165],[39.290476,40.6063062],[39.290343,40.6061897],[39.2902191,40.6060676],[39.2901049,40.6059402],[39.2900007,40.6058079],[39.2899069,40.6056712],[39.2898679,40.6056],[39.2898238,40.6055306],[39.289748,40.6054303],[39.2896614,40.6053352],[39.2895644,40.6052461],[39.2894579,40.6051635],[39.2893425,40.605088],[39.2892192,40.6050202],[39.2890887,40.6049606],[39.2890212,40.6049338],[39.288952,40.6049095],[39.2888231,40.6048717],[39.2886904,40.6048424],[39.2885549,40.6048216],[39.2884175,40.6048096],[39.2882794,40.6048065],[39.2881413,40.6048123],[39.2880044,40.6048269],[39.2878697,40.6048502],[39.287738,40.6048821],[39.2876103,40.6049223],[39.2874876,40.6049706],[39.2872734,40.6050623],[39.287065,40.6051613],[39.2868627,40.6052674],[39.286667,40.6053804],[39.2864782,40.6055],[39.2862968,40.605626],[39.2861231,40.6057581],[39.2859576,40.6058961],[39.2858811,40.6059692],[39.2858005,40.6060397],[39.2856712,40.6061411],[39.2855336,40.6062359],[39.2853881,40.6063237],[39.2852355,40.6064041],[39.2850762,40.6064768],[39.2849111,40.6065415],[39.2847408,40.6065979],[39.284566,40.6066457],[39.2843874,40.6066848],[39.2842059,40.6067151],[39.2840222,40.6067363],[39.2838371,40.6067483],[39.2836148,40.6067708],[39.2833944,40.6068018],[39.2831764,40.6068413],[39.2829612,40.6068892],[39.2827496,40.6069453],[39.282542,40.6070096],[39.282339,40.6070818],[39.2821411,40.6071618],[39.2819488,40.6072493],[39.2817434,40.6073517],[39.2815439,40.6074607],[39.2813508,40.6075762],[39.2811644,40.6076978],[39.2809851,40.6078254],[39.2808131,40.6079588],[39.2806489,40.6080976],[39.2804927,40.6082416],[39.2803447,40.6083906],[39.2802054,40.6085443],[39.2800669,40.6087123],[39.2799385,40.6088848],[39.2798205,40.6090615],[39.279713,40.6092421],[39.2796164,40.6094262],[39.2795307,40.6096133],[39.2794563,40.6098032],[39.2793931,40.6099955],[39.2793414,40.6101897],[39.2793012,40.6103855],[39.2792727,40.6105824],[39.2792559,40.6107801],[39.2792268,40.6109911],[39.2791863,40.611201],[39.2791345,40.6114094],[39.2790714,40.611616],[39.2789972,40.6118205],[39.278912,40.6120226],[39.278869,40.6121235],[39.278816,40.6122217],[39.2787482,40.6123235],[39.2786698,40.6124208],[39.2785812,40.6125128],[39.278483,40.6125991],[39.2783758,40.612679],[39.2782604,40.612752],[39.2781375,40.6128177],[39.278008,40.6128755],[39.2778728,40.612925],[39.2777326,40.6129661],[39.2775885,40.6129983],[39.2774414,40.6130215],[39.2772924,40.6130355],[39.2771423,40.6130403],[39.2768833,40.6130562],[39.2766257,40.6130819],[39.2763701,40.6131173],[39.2761171,40.6131624],[39.2758674,40.6132169],[39.2756216,40.6132808],[39.2753802,40.6133539],[39.275144,40.6134361],[39.2749135,40.6135271],[39.2746892,40.6136267],[39.2744717,40.6137346],[39.2742616,40.6138506],[39.2737761,40.6141122],[39.273285,40.6143678],[39.2727886,40.6146174],[39.2722869,40.6148607],[39.2717801,40.6150979],[39.2715232,40.6152122],[39.2712682,40.6153288],[39.2708397,40.6155325],[39.270417,40.6157431],[39.2700003,40.6159605],[39.2695898,40.6161845],[39.2691856,40.6164152],[39.2687881,40.6166523],[39.2683972,40.6168958],[39.2680133,40.6171456],[39.2678274,40.6172757],[39.2676365,40.6174015],[39.2674036,40.6175453],[39.2671641,40.6176828],[39.2669184,40.6178139],[39.2666668,40.6179383],[39.2664096,40.6180559],[39.2661471,40.6181666],[39.2658797,40.6182703],[39.2656076,40.6183667],[39.2653312,40.6184559],[39.265192,40.6184987],[39.2650509,40.6185376],[39.2648393,40.6185878],[39.2646244,40.6186292],[39.2644068,40.6186617],[39.2641873,40.6186852],[39.2639664,40.6186996],[39.2637448,40.618705],[39.2635231,40.6187012],[39.2633021,40.6186882],[39.2630773,40.6186665],[39.2628542,40.618636],[39.2626334,40.618597],[39.2624156,40.6185496],[39.2622012,40.6184938],[39.2619908,40.6184299],[39.2617849,40.6183579],[39.2615841,40.6182781],[39.261389,40.6181906],[39.2611999,40.6180958],[39.2610174,40.6179938],[39.2608419,40.6178849],[39.260674,40.6177693],[39.260514,40.6176475],[39.2603624,40.6175196],[39.2601797,40.617378],[39.2599889,40.6172428],[39.2597903,40.6171142],[39.2595842,40.6169925],[39.2593712,40.616878],[39.2591516,40.6167709],[39.2589259,40.6166713],[39.2586945,40.6165796],[39.2584579,40.6164958],[39.2582166,40.6164202],[39.2579362,40.6163415],[39.2576518,40.6162716],[39.2573639,40.6162104],[39.2570731,40.6161581],[39.2567796,40.6161147],[39.2564841,40.6160804],[39.2561871,40.6160551],[39.2558889,40.616039],[39.2555901,40.616032],[39.2552912,40.6160342],[39.2549926,40.6160455],[39.2546916,40.6160651],[39.2543917,40.6160929],[39.2540933,40.6161289],[39.2537968,40.6161729],[39.2535026,40.616225],[39.253211,40.6162851],[39.2529224,40.616353],[39.2526373,40.6164288],[39.2523559,40.6165123],[39.2520786,40.6166033],[39.2518058,40.6167019],[39.2515378,40.6168079],[39.2512751,40.616921],[39.2509133,40.6170857],[39.2505577,40.6172582],[39.2502088,40.6174381],[39.2498666,40.6176255],[39.2495316,40.6178202],[39.249204,40.6180219],[39.248884,40.6182306],[39.2485719,40.6184461],[39.2482679,40.6186682],[39.2479723,40.6188967],[39.2476854,40.6191315],[39.2474073,40.6193723],[39.247088,40.6196356],[39.2467598,40.6198926],[39.2464229,40.6201431],[39.2460777,40.6203869],[39.2457244,40.6206239],[39.2453631,40.6208539],[39.2449941,40.6210767],[39.2446177,40.6212922],[39.2442341,40.6215004],[39.2438436,40.6217009],[39.2434463,40.6218937],[39.2430427,40.6220788],[39.2426329,40.6222558],[39.2422173,40.6224248],[39.241796,40.6225856],[39.2413694,40.6227381],[39.2411518,40.622807],[39.2409378,40.6228822],[39.2407035,40.6229735],[39.2404745,40.6230724],[39.2402514,40.6231787],[39.2400345,40.6232921],[39.2398242,40.6234126],[39.2396209,40.6235397],[39.239425,40.6236734],[39.2392368,40.6238134],[39.2390568,40.6239593],[39.2388852,40.624111],[39.2387223,40.6242682],[39.2385685,40.6244305],[39.238424,40.6245977],[39.2382891,40.6247695],[39.2381641,40.6249454],[39.2380491,40.6251254],[39.2379445,40.6253088],[39.2373469,40.6263709],[39.2367612,40.6274368],[39.2361874,40.6285064],[39.2356256,40.6295796],[39.2350758,40.6306564],[39.234538,40.6317367],[39.2344213,40.6320116],[39.2342948,40.632284],[39.2341584,40.6325536],[39.2340124,40.6328203],[39.2338487,40.6330971],[39.2336746,40.6333701],[39.2334903,40.6336392],[39.2332959,40.6339042],[39.2330914,40.6341648],[39.2328772,40.6344208],[39.2326534,40.6346721],[39.2324202,40.6349184],[39.2321777,40.6351595],[39.2319262,40.6353952],[39.2316659,40.6356253],[39.2297834,40.6367554],[39.2284527,40.6375161],[39.2281521,40.6376592],[39.2278464,40.637796],[39.2275359,40.6379263],[39.2272206,40.63805],[39.226901,40.6381671],[39.2265773,40.6382774],[39.226253,40.6383798],[39.2259252,40.6384754],[39.225594,40.6385641],[39.2252598,40.6386459],[39.2249227,40.6387208],[39.2245831,40.6387886],[39.2244116,40.6388174],[39.2242411,40.6388493],[39.2239675,40.6389074],[39.2236972,40.6389734],[39.2234303,40.6390473],[39.2231675,40.639129],[39.2229089,40.6392183],[39.2226551,40.6393151],[39.2225337,40.6393712],[39.2224064,40.6394192],[39.2222841,40.6394561],[39.2221583,40.6394854],[39.2220299,40.6395071],[39.2218995,40.639521],[39.2217039,40.6395335],[39.2215076,40.6395363],[39.2213114,40.6395294],[39.2211163,40.6395128],[39.220866,40.6394836],[39.2206176,40.6394456],[39.2203719,40.639399],[39.2202493,40.6393746],[39.2201292,40.6393439],[39.2199879,40.6392985],[39.219852,40.6392445],[39.2197224,40.6391822],[39.2195999,40.6391121],[39.2194855,40.6390345],[39.219425,40.6389666],[39.2193575,40.6389025],[39.2192836,40.6388427],[39.2192036,40.6387875],[39.2191181,40.6387374],[39.2190143,40.6386866],[39.2189049,40.6386432],[39.2187908,40.6386074],[39.2186729,40.6385797],[39.2185521,40.6385603],[39.2183779,40.6385241],[39.2182074,40.6384789],[39.2180414,40.6384249],[39.2178807,40.6383624],[39.217726,40.6382916],[39.2176273,40.6382367],[39.2175235,40.6381875],[39.2174151,40.6381444],[39.2173028,40.6381076],[39.2171872,40.6380772],[39.2170688,40.6380535],[39.2169294,40.6380345],[39.2167884,40.6380247],[39.2166467,40.6380243],[39.2165056,40.6380331],[39.2163363,40.6380371],[39.2161669,40.6380339],[39.215998,40.6380235],[39.2158302,40.638006],[39.2156639,40.6379813],[39.2154998,40.6379497],[39.2152557,40.6379101],[39.2150095,40.6378791],[39.2147617,40.6378567],[39.2145127,40.6378429],[39.2143879,40.637844],[39.2142633,40.6378377],[39.2141344,40.6378232],[39.2140076,40.6378007],[39.2138837,40.6377703],[39.2137634,40.6377323],[39.2136478,40.6376869],[39.2135374,40.6376344],[39.2134331,40.6375752],[39.2133732,40.6375508],[39.2133096,40.6375328],[39.2132433,40.6375215],[39.2131756,40.6375172],[39.2130978,40.6375207],[39.2130216,40.6375334],[39.212949,40.6375548],[39.2128687,40.6375854],[39.2127843,40.6376086],[39.2126968,40.637624],[39.2126187,40.637631],[39.21254,40.6376318],[39.2124616,40.6376264],[39.2123844,40.6376148],[39.2121245,40.6375386],[39.2118605,40.6374708],[39.2115929,40.6374117],[39.2113222,40.6373614],[39.2110916,40.6373259],[39.2108593,40.6372967],[39.2106259,40.6372739],[39.2103915,40.6372576],[39.2102698,40.6372287],[39.2101452,40.6372083],[39.2100186,40.6371966],[39.2098911,40.6371936],[39.2097639,40.6371994],[39.2096378,40.6372139],[39.2095161,40.6372365],[39.2093976,40.6372673],[39.2092832,40.637306],[39.2092298,40.6373309],[39.2091738,40.6373523],[39.2090958,40.6373749],[39.209015,40.6373906],[39.2089324,40.6373991],[39.208849,40.6374005],[39.2087659,40.6373946],[39.2086843,40.6373815],[39.2086051,40.6373614],[39.2082295,40.6372604],[39.2081085,40.6372186],[39.2079846,40.637182],[39.2078581,40.6371508],[39.2076934,40.6371188],[39.2075261,40.6370959],[39.2073571,40.6370822],[39.2071872,40.6370778],[39.2070173,40.6370826],[39.2066034,40.6370973],[39.2064663,40.6371118],[39.2063282,40.6371181],[39.2061898,40.6371162],[39.2060449,40.6371053],[39.2059016,40.6370855],[39.2057609,40.6370568],[39.2056917,40.6370397],[39.2056239,40.6370195],[39.205521,40.6369817],[39.2054233,40.6369367],[39.2053316,40.6368849],[39.2052466,40.6368269],[39.2051692,40.636763],[39.2049916,40.636626],[39.2048058,40.6364954],[39.2047688,40.6364721],[39.204727,40.6364541],[39.2046816,40.6364421],[39.2046341,40.6364364],[39.2045908,40.6364368],[39.2045482,40.6364425],[39.2045073,40.6364533],[39.2044692,40.6364689],[39.2043595,40.6365186],[39.204254,40.6365732],[39.2041532,40.6366328],[39.2041081,40.6366672],[39.2040575,40.6366969],[39.2039963,40.6367236],[39.2039307,40.6367436],[39.2038621,40.6367562],[39.2037919,40.6367614],[39.2037213,40.6367589],[39.203652,40.6367489],[39.2035852,40.6367315],[39.2035224,40.6367071],[39.2033096,40.6366314],[39.2032415,40.6366014],[39.2031684,40.636579],[39.2030919,40.6365646],[39.2030194,40.6365587],[39.2029466,40.6365601],[39.2028746,40.6365688],[39.2028048,40.6365844],[39.2027382,40.6366069],[39.2026761,40.6366358],[39.2025705,40.6366924],[39.2024713,40.6367553],[39.2023792,40.6368241],[39.2022948,40.6368984],[39.2022188,40.6369778],[39.2021115,40.6370802],[39.2019978,40.6371786],[39.2018779,40.6372727],[39.2017521,40.6373622],[39.2016207,40.6374469],[39.2014964,40.6375167],[39.2013666,40.6375803],[39.2012317,40.6376375],[39.2010923,40.6376881],[39.2008211,40.6377804],[39.2005533,40.6378781],[39.200289,40.6379812],[39.1999816,40.6381097],[39.1996798,40.6382454],[39.1995772,40.6382883],[39.1994784,40.638336],[39.1993837,40.6383883],[39.199275,40.6384577],[39.1991737,40.6385333],[39.1990803,40.6386146],[39.1989955,40.6387011],[39.1989197,40.6387923],[39.1986937,40.6390594],[39.1986262,40.6391522],[39.1985494,40.6392408],[39.1984637,40.6393245],[39.1983637,40.6394076],[39.1982549,40.6394842],[39.1981383,40.6395537],[39.1980777,40.6395861],[39.1980144,40.6396156],[39.197922,40.6396516],[39.1978257,40.6396812],[39.1977264,40.6397041],[39.1976247,40.6397203],[39.1975215,40.6397295],[39.1974176,40.6397316],[39.1972873,40.6397266],[39.1971581,40.6397129],[39.1970309,40.6396908],[39.1969067,40.6396604],[39.1967737,40.6396374],[39.1966384,40.6396237],[39.1965021,40.6396194],[39.1963659,40.6396245],[39.1962987,40.639634],[39.1962308,40.639639],[39.1961331,40.6396384],[39.1960363,40.6396288],[39.1959418,40.6396102],[39.1958511,40.6395829],[39.1958097,40.6395631],[39.1957654,40.6395474],[39.1957071,40.6395339],[39.1956467,40.6395275],[39.1955857,40.6395282],[39.1955256,40.6395362],[39.1954679,40.6395512],[39.195414,40.6395729],[39.1949483,40.6397261],[39.1944873,40.6398873],[39.1940594,40.6400458],[39.193636,40.6402112],[39.1932174,40.6403835],[39.1928037,40.6405625],[39.1926005,40.6406567],[39.1923952,40.6407482],[39.1920534,40.6408928],[39.1917064,40.6410299],[39.1913545,40.6411595],[39.1911777,40.6412232],[39.1909978,40.6412815],[39.1907666,40.641347],[39.1905313,40.6414035],[39.1902925,40.6414509],[39.1900508,40.6414889],[39.1899283,40.6415007],[39.1898069,40.6415176],[39.1896573,40.6415455],[39.1895106,40.6415811],[39.1893673,40.6416241],[39.1892282,40.6416744],[39.189094,40.6417317],[39.1889651,40.6417958],[39.1888422,40.6418663],[39.1887259,40.6419429],[39.1884698,40.6421044],[39.1882074,40.64226],[39.1879389,40.6424095],[39.1876647,40.6425529],[39.1873848,40.6426899],[39.1870326,40.6428711],[39.1866866,40.6430592],[39.1863471,40.6432539],[39.1862402,40.6433248],[39.1861292,40.6433919],[39.1860142,40.6434551],[39.1858607,40.6435305],[39.1857016,40.6435988],[39.1855374,40.6436599],[39.1853687,40.6437135],[39.1852819,40.6437352],[39.1851962,40.6437594],[39.1850571,40.6438046],[39.1849219,40.6438563],[39.1847911,40.6439142],[39.1846653,40.643978],[39.1845449,40.6440476],[39.1844304,40.6441227],[39.1842209,40.6442667],[39.1840174,40.6444157],[39.1839231,40.6444957],[39.1838202,40.6445694],[39.1837115,40.6446351],[39.183596,40.6446937],[39.1834745,40.6447448],[39.1833479,40.6447882],[39.1832169,40.6448234],[39.1830826,40.6448502],[39.1828129,40.6449079],[39.1825451,40.6449704],[39.1824134,40.6450066],[39.1822793,40.6450375],[39.1821126,40.6450677],[39.1819437,40.6450895],[39.1817732,40.6451029],[39.181602,40.6451077],[39.181377,40.6451088],[39.181152,40.6451041],[39.1809274,40.6450936],[39.1807035,40.6450771],[39.1803878,40.6450589],[39.1800717,40.6450464],[39.1799136,40.6450414],[39.1797553,40.6450395],[39.1794797,40.6450437],[39.1792046,40.6450573],[39.1789306,40.6450803],[39.1787937,40.6450928],[39.1786583,40.6451128],[39.1785147,40.6451427],[39.1783747,40.6451811],[39.1782391,40.6452277],[39.1781087,40.6452823],[39.1779845,40.6453445],[39.1779247,40.6453782],[39.177867,40.645414],[39.1777707,40.6454818],[39.1776819,40.6455552],[39.1776012,40.6456339],[39.1775291,40.6457172],[39.177466,40.6458047],[39.1773824,40.6459289],[39.1773041,40.6460551],[39.1772712,40.6461203],[39.1772313,40.6461832],[39.1771792,40.6462501],[39.1771192,40.646313],[39.1770519,40.6463716],[39.1769779,40.6464252],[39.1768977,40.6464736],[39.1768121,40.6465161],[39.1767217,40.6465526],[39.1762591,40.6467329],[39.175791,40.6469047],[39.1756726,40.646938],[39.1755507,40.6469628],[39.1754262,40.646979],[39.1752975,40.6469864],[39.1751684,40.6469846],[39.1750401,40.6469735],[39.1749138,40.6469532],[39.1747905,40.646924],[39.1746151,40.6468745],[39.1744441,40.6468168],[39.1742782,40.646751],[39.1741181,40.6466774],[39.1740425,40.6466355],[39.1739644,40.6465964],[39.1738401,40.646542],[39.1737109,40.6464947],[39.1735775,40.6464547],[39.1734406,40.6464222],[39.1733009,40.6463975],[39.1731592,40.6463805],[39.1730162,40.6463715],[39.1728612,40.6463688],[39.1727062,40.6463736],[39.172552,40.6463858],[39.172399,40.6464052],[39.172248,40.646432],[39.1720995,40.6464659],[39.1719541,40.6465068],[39.1718137,40.6465554],[39.1716784,40.6466117],[39.1715488,40.6466752],[39.1714257,40.6467458],[39.1713096,40.646823],[39.1712013,40.6469063],[39.1711012,40.6469955],[39.17101,40.6470899],[39.1707344,40.6473834],[39.1704671,40.6476813],[39.1703863,40.6477846],[39.1702999,40.6478854],[39.170208,40.6479833],[39.1700842,40.6481028],[39.1699523,40.6482172],[39.1698126,40.6483261],[39.1696655,40.6484293],[39.1695114,40.6485264],[39.1693508,40.6486172],[39.1691841,40.6487015],[39.1690117,40.648779],[39.1686426,40.64894],[39.1682697,40.6490961],[39.168181,40.6491412],[39.1680885,40.6491816],[39.1679924,40.6492169],[39.1678932,40.649247],[39.1677728,40.6492758],[39.1676497,40.6492968],[39.1675247,40.64931],[39.1673986,40.6493154],[39.1672725,40.6493127],[39.167147,40.6493022],[39.1670231,40.6492838],[39.1669017,40.6492577],[39.1667835,40.6492241],[39.1666694,40.6491831],[39.1665602,40.6491351],[39.1663827,40.6490641],[39.1662009,40.6489998],[39.1660152,40.6489422],[39.165826,40.6488916],[39.1656338,40.648848],[39.165439,40.6488115],[39.1651494,40.6487652],[39.1648576,40.6487279],[39.164564,40.6486996],[39.1642691,40.6486803],[39.1639735,40.6486702],[39.1636775,40.6486692],[39.1633818,40.6486772],[39.1630685,40.6486928],[39.162756,40.6487157],[39.1624446,40.6487458],[39.1622902,40.6487676],[39.1621345,40.6487831],[39.1619606,40.6487926],[39.1617863,40.6487941],[39.1616121,40.6487876],[39.1614388,40.6487731],[39.1612669,40.6487506],[39.1610972,40.6487203],[39.1609302,40.6486822],[39.1608491,40.6486579],[39.1607666,40.6486365],[39.1606179,40.6486059],[39.1604663,40.6485845],[39.160313,40.6485727],[39.1601589,40.6485704],[39.160005,40.6485777],[39.1598525,40.6485945],[39.1597023,40.6486207],[39.1595554,40.6486562],[39.1594129,40.6487007],[39.1592756,40.6487538],[39.1591445,40.6488154],[39.1590205,40.6488848],[39.1588757,40.6489551],[39.1587247,40.6490174],[39.1585683,40.6490715],[39.1584073,40.649117],[39.1582424,40.6491539],[39.1580745,40.6491818],[39.1579045,40.6492007],[39.1577331,40.6492104],[39.1575612,40.6492109],[39.1573897,40.6492023],[39.1571262,40.6491957],[39.1568625,40.6491974],[39.1565992,40.6492073],[39.1563366,40.6492254],[39.1560752,40.6492516],[39.1558154,40.649286],[39.1555577,40.6493284],[39.1553005,40.6493625],[39.1550416,40.6493885],[39.1547815,40.6494064],[39.1545207,40.6494162],[39.1542596,40.649418],[39.1538294,40.6494161],[39.1533994,40.6494084],[39.1529696,40.6493947],[39.1525403,40.6493752],[39.1520978,40.6493637],[39.151655,40.6493609],[39.1512123,40.6493668],[39.1509914,40.6493788],[39.15077,40.6493814],[39.1505574,40.6493748],[39.1503456,40.6493595],[39.1501352,40.6493356],[39.1499268,40.6493029],[39.1497211,40.6492618],[39.1495186,40.6492122],[39.14932,40.6491543],[39.1491258,40.6490883],[39.1489549,40.6490072],[39.1487786,40.6489331],[39.1485973,40.6488663],[39.1484116,40.648807],[39.1482219,40.6487552],[39.1480288,40.6487113],[39.147833,40.6486752],[39.147628,40.6486463],[39.1474212,40.648626],[39.1472133,40.6486145],[39.1470048,40.6486117],[39.1467965,40.6486176],[39.1465889,40.6486323],[39.1463826,40.6486556],[39.1461784,40.6486876],[39.1459769,40.6487281],[39.1457877,40.648775],[39.1456022,40.6488297],[39.145421,40.6488921],[39.1452446,40.648962],[39.1450736,40.6490392],[39.1449085,40.6491235],[39.1447498,40.6492146],[39.1445979,40.6493121],[39.1445275,40.6493655],[39.1444534,40.6494159],[39.1443383,40.6494844],[39.1442165,40.6495459],[39.1440887,40.6495998],[39.1439556,40.649646],[39.1438182,40.649684],[39.1436773,40.6497138],[39.1435338,40.6497351],[39.1433885,40.6497477],[39.1432423,40.6497516],[39.1430961,40.6497468],[39.142951,40.6497333],[39.1428076,40.6497111],[39.1427378,40.6496946],[39.142667,40.6496805],[39.1425305,40.6496606],[39.1423922,40.6496497],[39.1422532,40.649648],[39.1421145,40.6496556],[39.1419772,40.6496722],[39.1418423,40.6496979],[39.1417109,40.6497323],[39.141584,40.6497753],[39.1414624,40.6498266],[39.1413472,40.6498856],[39.1412392,40.6499521],[39.1411393,40.6500254],[39.1410481,40.650105],[39.1409665,40.6501904],[39.1408949,40.6502808],[39.140834,40.6503757],[39.1407841,40.6504741],[39.1405942,40.6508389],[39.1403967,40.6512013],[39.1401918,40.6515614],[39.1401153,40.6516786],[39.1400445,40.6517979],[39.1399795,40.651919],[39.1398998,40.6520879],[39.1398313,40.6522597],[39.1397742,40.6524338],[39.1397286,40.6526099],[39.1396947,40.6527874],[39.1396725,40.6529661],[39.1396692,40.6530219],[39.139662,40.6531453],[39.1396634,40.6533248],[39.1396765,40.6535039],[39.1397015,40.6536824],[39.1397381,40.6538596],[39.1397864,40.6540353],[39.1398407,40.6542726],[39.139883,40.6545113],[39.1399133,40.6547511],[39.1399314,40.6549916],[39.1399374,40.6552324],[39.1399313,40.6554733],[39.139913,40.6557137],[39.1398825,40.6559535],[39.13984,40.6561922],[39.1397887,40.656539],[39.1397496,40.6568866],[39.1397228,40.6572349],[39.1397082,40.6575837],[39.1397059,40.6579326],[39.1397159,40.6582814],[39.1397381,40.6586299],[39.1397549,40.6590604],[39.13976,40.6594911],[39.1397534,40.6599218],[39.1397351,40.6603522],[39.1397051,40.6607823],[39.1396634,40.6612119],[39.13961,40.6616406],[39.139545,40.6620685],[39.1394651,40.6625224],[39.1393743,40.662975],[39.1392725,40.6634264],[39.1391599,40.6638762],[39.1390363,40.6643244],[39.1389019,40.6647707],[39.1387567,40.6652152],[39.1386811,40.6654368],[39.1386008,40.6656575],[39.1384619,40.6660106],[39.1383111,40.6663609],[39.1381486,40.6667081],[39.1379744,40.6670521],[39.1377886,40.6673925],[39.1375914,40.6677293],[39.1373829,40.6680621],[39.1371633,40.6683907],[39.1369326,40.668715],[39.1366911,40.6690347],[39.1357891,40.6702211],[39.1348804,40.6714046],[39.1339652,40.672585],[39.1337604,40.672811],[39.1335656,40.673042],[39.133381,40.6732777],[39.1332068,40.673518],[39.1330433,40.6737625],[39.1328966,40.6740007],[39.13276,40.6742423],[39.1326336,40.6744871],[39.1325175,40.6747347],[39.1324118,40.6749851],[39.1323167,40.6752379],[39.1322323,40.6754928],[39.1321586,40.6757497],[39.1320957,40.6760082],[39.1320437,40.6762681],[39.1320026,40.6765291],[39.1319369,40.6769981],[39.1318815,40.6774679],[39.1318364,40.6779383],[39.1318017,40.6784093],[39.1318128,40.6785273],[39.1318124,40.6786456],[39.1318006,40.6787636],[39.1317773,40.6788806],[39.1317435,40.6789936],[39.131699,40.6791045],[39.1316441,40.6792126],[39.1315791,40.6793174],[39.1315042,40.6794185],[39.1314199,40.6795151],[39.1313267,40.6796069],[39.1312249,40.6796933],[39.1311152,40.679774],[39.130998,40.6798484],[39.1308741,40.6799162],[39.1307441,40.6799771],[39.1306086,40.6800306],[39.1304684,40.6800766],[39.1302452,40.6801422],[39.1300182,40.6801997],[39.1297878,40.680249],[39.1295547,40.6802901],[39.1293192,40.6803227],[39.129082,40.6803469],[39.1288435,40.6803626],[39.1286044,40.6803697],[39.128365,40.6803682],[39.1281261,40.6803582],[39.127888,40.6803397],[39.127616,40.6803961],[39.127347,40.6804602],[39.1270813,40.6805318],[39.1268193,40.6806109],[39.1265614,40.6806973],[39.1263079,40.6807909],[39.1260391,40.6809002],[39.1257763,40.6810175],[39.12552,40.6811428],[39.1252705,40.6812758],[39.1250283,40.6814164],[39.1247937,40.6815642],[39.1245699,40.6818063],[39.1243561,40.6820536],[39.1239725,40.6825439],[39.1238905,40.6826663],[39.1238017,40.682786],[39.123678,40.6829352],[39.1235437,40.6830792],[39.1233993,40.6832174],[39.1232452,40.6833494],[39.1230544,40.683504],[39.1228577,40.6836542],[39.1227857,40.6836992],[39.1227181,40.6837478],[39.1226551,40.6837999],[39.1225845,40.6838682],[39.1225218,40.6839409],[39.1224674,40.6840173],[39.1224219,40.6840969],[39.1223855,40.6841792],[39.1223213,40.6843042],[39.1222477,40.6844261],[39.1221648,40.6845446],[39.1221218,40.6846033],[39.1220731,40.6846593],[39.1220095,40.6847206],[39.1219391,40.6847774],[39.1218623,40.6848292],[39.1217798,40.6848757],[39.1216922,40.6849165],[39.1215887,40.6849559],[39.121481,40.684988],[39.1213699,40.6850126],[39.1212563,40.6850294],[39.1211236,40.6850425],[39.12099,40.6850485],[39.1208562,40.6850476],[39.1207228,40.6850397],[39.1205904,40.6850248],[39.1204597,40.685003],[39.1202653,40.6849653],[39.1200732,40.6849217],[39.1198835,40.6848722],[39.1197921,40.6848406],[39.1196966,40.6848169],[39.119605,40.6848022],[39.1195119,40.6847948],[39.1194182,40.6847948],[39.1193251,40.6848021],[39.1192334,40.6848167],[39.1191443,40.6848385],[39.1190586,40.6848672],[39.1189773,40.6849025],[39.1189013,40.684944],[39.1184698,40.6851814],[39.1183199,40.6852542],[39.1181766,40.6853341],[39.1180404,40.685421],[39.1179241,40.6855049],[39.1178146,40.6855938],[39.1177121,40.6856874],[39.117617,40.6857854],[39.1175296,40.6858875],[39.1174502,40.6859932],[39.1173792,40.6861023],[39.117282,40.6862324],[39.1171741,40.6863576],[39.1170562,40.6864775],[39.1169286,40.6865915],[39.1167795,40.6867151],[39.1166241,40.6868342],[39.1164627,40.6869487],[39.1163778,40.6870023],[39.1162956,40.6870582],[39.1161624,40.6871586],[39.116038,40.6872651],[39.1159227,40.6873774],[39.1158171,40.6874951],[39.1157712,40.6875571],[39.1157216,40.6876176],[39.1156347,40.6877106],[39.115539,40.6877986],[39.1154351,40.6878811],[39.1153236,40.6879576],[39.115205,40.6880277],[39.1150799,40.6880911],[39.1149491,40.6881474],[39.1147248,40.6882478],[39.1145035,40.6883518],[39.1143971,40.6884089],[39.1142853,40.6884596],[39.1141576,40.6885074],[39.1140251,40.688547],[39.1138888,40.6885781],[39.1137495,40.6886005],[39.1136082,40.688614],[39.113466,40.6886186],[39.1133237,40.6886141],[39.1131202,40.688595],[39.1129156,40.6885846],[39.1127106,40.6885827],[39.1125058,40.6885895],[39.1123018,40.688605],[39.1121006,40.6886288],[39.1119016,40.688661],[39.1117051,40.6887015],[39.1115119,40.6887502],[39.1113226,40.6888069],[39.1111377,40.6888714],[39.1109504,40.6889461],[39.1107686,40.6890284],[39.110593,40.6891179],[39.110424,40.6892145],[39.1102621,40.6893178],[39.1101863,40.6893739],[39.1101077,40.6894277],[39.1099781,40.6895074],[39.1098421,40.6895806],[39.1097002,40.6896472],[39.1095531,40.6897068],[39.1094012,40.6897592],[39.1092452,40.6898042],[39.109166,40.689824],[39.1090858,40.6898415],[39.1089421,40.6898666],[39.1087964,40.689884],[39.1086495,40.6898938],[39.1085021,40.6898959],[39.1083548,40.6898902],[39.1082084,40.6898768],[39.1080636,40.6898558],[39.1079211,40.6898272],[39.1077814,40.6897912],[39.1076454,40.689748],[39.1074767,40.6896861],[39.1073131,40.6896166],[39.1071554,40.6895397],[39.1070041,40.6894558],[39.1068597,40.6893651],[39.1067949,40.6893136],[39.1067228,40.689268],[39.1066416,40.6892277],[39.1065547,40.6891949],[39.1064634,40.6891701],[39.1063688,40.6891535],[39.1062724,40.6891455],[39.1061754,40.6891461],[39.1060791,40.6891553],[39.1059849,40.689173],[39.1058941,40.689199],[39.105808,40.6892328],[39.1057277,40.6892741],[39.1055206,40.6893727],[39.1053072,40.6894634],[39.1050882,40.6895458],[39.104977,40.6895843],[39.104864,40.6896199],[39.1046729,40.689672],[39.104478,40.6897155],[39.1042801,40.6897502],[39.1040799,40.689776],[39.1038779,40.6897927],[39.103675,40.6898003],[39.1035735,40.6897979],[39.1034719,40.6897988],[39.1033063,40.6898075],[39.1031419,40.689825],[39.1029795,40.6898512],[39.10282,40.689886],[39.1026641,40.6899293],[39.1025126,40.6899808],[39.1023663,40.6900403],[39.1022259,40.6901075],[39.102092,40.690182],[39.1019654,40.6902634],[39.1018468,40.6903514],[39.1017365,40.6904456],[39.101531,40.6906121],[39.101318,40.6907733],[39.101098,40.690929],[39.1008712,40.6910789],[39.1006378,40.6912229],[39.1003981,40.6913608],[39.1001004,40.6915228],[39.0997966,40.6916782],[39.099487,40.6918269],[39.0991719,40.6919687],[39.0988514,40.6921035],[39.0985259,40.6922312],[39.09801,40.6923852],[39.0974975,40.6925459],[39.0969887,40.6927131],[39.0964838,40.6928869],[39.0959829,40.6930672],[39.0955141,40.6932665],[39.0954604,40.6932855],[39.0949975,40.6934456],[39.0945133,40.6936434],[39.0940336,40.6938473],[39.0937936,40.6939492],[39.0935585,40.6940574],[39.0933167,40.694178],[39.0930809,40.6943053],[39.0928516,40.6944391],[39.0926289,40.6945792],[39.0925225,40.6946536],[39.0924132,40.6947255],[39.0922529,40.6948235],[39.0920873,40.6949163],[39.0919167,40.6950036],[39.0918272,40.6950424],[39.0917413,40.6950854],[39.0916299,40.6951511],[39.0915266,40.695224],[39.0914323,40.6953035],[39.0913476,40.6953891],[39.0912732,40.69548],[39.0910434,40.6957561],[39.0909282,40.695894],[39.0908092,40.6960301],[39.0906085,40.6962468],[39.0903983,40.6964584],[39.0902921,40.6965636],[39.0901789,40.6966645],[39.0900457,40.6967709],[39.0899048,40.6968714],[39.0898318,40.6969195],[39.0897565,40.6969655],[39.0896369,40.6970318],[39.0895127,40.697093],[39.0893841,40.6971486],[39.0892515,40.6971987],[39.0891154,40.6972431],[39.0889131,40.6973159],[39.0887154,40.6973956],[39.0886201,40.6974402],[39.0885226,40.697482],[39.0883488,40.697548],[39.0881696,40.6976052],[39.0879859,40.6976534],[39.0878915,40.6976712],[39.0877984,40.6976925],[39.0876579,40.6977323],[39.0875218,40.6977801],[39.0873911,40.6978358],[39.0872663,40.697899],[39.0871484,40.6979693],[39.087038,40.6980463],[39.0868921,40.6981577],[39.086754,40.6982747],[39.0866242,40.698397],[39.0865029,40.6985242],[39.0863301,40.6986914],[39.0862419,40.698774],[39.0861475,40.6988526],[39.086032,40.6989377],[39.0859093,40.6990168],[39.08578,40.6990895],[39.0856446,40.6991556],[39.085298,40.6993197],[39.084947,40.6994783],[39.0847704,40.6995562],[39.0845919,40.6996315],[39.0843156,40.6997414],[39.0840353,40.6998451],[39.0839364,40.6998704],[39.0838413,40.699903],[39.083751,40.6999426],[39.0836762,40.6999829],[39.0836064,40.700028],[39.0835421,40.7000776],[39.0834837,40.7001313],[39.0834318,40.7001886],[39.0833866,40.7002512],[39.0833501,40.7003169],[39.0833225,40.7003851],[39.0833043,40.700455],[39.0832955,40.700526],[39.0832964,40.7005974],[39.0832896,40.7007526],[39.0832713,40.7009073],[39.0832414,40.701061],[39.0831602,40.7014389],[39.083141,40.7015659],[39.0831103,40.7016916],[39.0830684,40.7018154],[39.0830304,40.7019048],[39.0829866,40.7019927],[39.0829639,40.7020364],[39.0829369,40.7020787],[39.0828855,40.7021425],[39.0828242,40.702201],[39.0827541,40.7022535],[39.082676,40.7022992],[39.0825913,40.7023373],[39.0825011,40.7023675],[39.0823015,40.7024269],[39.0820979,40.7024777],[39.0818909,40.70252],[39.0816939,40.7025529],[39.0814953,40.7025791],[39.0812952,40.7025987],[39.0810943,40.7026115],[39.0808809,40.7026325],[39.0806692,40.702661],[39.0804594,40.7026971],[39.0803565,40.702721],[39.0802521,40.7027406],[39.0801027,40.7027606],[39.0799517,40.7027718],[39.0798,40.7027739],[39.0797241,40.7027728],[39.0796486,40.702767],[39.0795428,40.7027509],[39.0794402,40.7027257],[39.079342,40.7026917],[39.0792497,40.7026494],[39.079206,40.7026254],[39.0791644,40.7025993],[39.0791106,40.7025597],[39.0790617,40.7025165],[39.0790415,40.7024925],[39.0790182,40.7024701],[39.0789726,40.7024363],[39.0789202,40.7024087],[39.0788625,40.7023879],[39.0788011,40.7023746],[39.0787377,40.7023691],[39.0785157,40.7022774],[39.0782909,40.7021897],[39.0780634,40.7021062],[39.0779216,40.7020566],[39.0777754,40.7020149],[39.0776258,40.7019812],[39.0774733,40.7019557],[39.0773405,40.7019404],[39.0772068,40.7019313],[39.0770726,40.7019285],[39.076671,40.7019095],[39.076269,40.7018988],[39.0761044,40.7018967],[39.0759398,40.701901],[39.0757758,40.7019116],[39.0756127,40.7019285],[39.0754509,40.7019516],[39.0753776,40.7019642],[39.0753073,40.7019842],[39.0752411,40.7020112],[39.0751803,40.7020446],[39.0751259,40.7020839],[39.0750791,40.7021285],[39.0750405,40.7021773],[39.0750174,40.7022165],[39.0749996,40.7022572],[39.0749874,40.7022991],[39.0749241,40.702418],[39.0748508,40.7025335],[39.0747679,40.7026453],[39.0746757,40.7027528],[39.0746012,40.7028299],[39.0745218,40.7029042],[39.0743733,40.7030588],[39.0742305,40.7032164],[39.0741532,40.7033057],[39.0740679,40.7033908],[39.0739752,40.7034712],[39.0738754,40.7035466],[39.073769,40.7036167],[39.0736565,40.703681],[39.0735213,40.7037471],[39.0733796,40.703805],[39.0732324,40.7038543],[39.0728062,40.7040247],[39.0724385,40.7041686],[39.0720686,40.7043093],[39.0716595,40.7044603],[39.0712479,40.7046072],[39.0710156,40.7046925],[39.0707797,40.704772],[39.0705406,40.7048456],[39.0702984,40.7049132],[39.0700961,40.7049646],[39.069892,40.7050118],[39.0698305,40.7050325],[39.0697734,40.7050596],[39.0697221,40.7050926],[39.0696774,40.7051308],[39.069655,40.705155],[39.0696353,40.7051806],[39.0695857,40.7052262],[39.0695293,40.7052671],[39.0694669,40.7053026],[39.0694259,40.7053216],[39.0693833,40.7053382],[39.0692959,40.7053681],[39.0692054,40.7053921],[39.0691326,40.7054066],[39.0690579,40.7054136],[39.0689827,40.705413],[39.0689082,40.7054046],[39.0688359,40.7053887],[39.0687671,40.7053656],[39.068703,40.7053357],[39.0686448,40.7052996],[39.0686027,40.7052661],[39.0685657,40.7052294],[39.0684792,40.7051644],[39.068386,40.7051049],[39.0682867,40.7050515],[39.0681953,40.7050099],[39.0681002,40.7049734],[39.0680019,40.7049422],[39.0679008,40.7049164],[39.0675183,40.704776],[39.067397,40.7047301],[39.0672716,40.7046909],[39.0671429,40.7046587],[39.0670114,40.7046336],[39.066878,40.7046157],[39.0667431,40.7046052],[39.0666611,40.7046024],[39.0665794,40.7046085],[39.0664997,40.7046235],[39.0664237,40.7046469],[39.0663528,40.7046784],[39.0662913,40.7047154],[39.0662371,40.7047584],[39.0661911,40.7048067],[39.0661544,40.7048593],[39.066107,40.7049656],[39.0660507,40.7050692],[39.0659854,40.7051699],[39.0659116,40.705267],[39.0658257,40.7053645],[39.0657493,40.7054664],[39.065683,40.7055723],[39.065627,40.7056816],[39.0655817,40.7057937],[39.0655597,40.7058621],[39.0655417,40.7059312],[39.065491,40.7060666],[39.0654296,40.7061995],[39.0653577,40.7063294],[39.0653127,40.7064012],[39.0652645,40.7064718],[39.0651802,40.7066173],[39.0651049,40.7067657],[39.0650389,40.7069165],[39.0649822,40.7070695],[39.0649449,40.7071894],[39.0648967,40.707307],[39.0648379,40.7074218],[39.0647689,40.7075333],[39.0646899,40.7076409],[39.064639,40.7077021],[39.0645848,40.7077616],[39.0644725,40.7078786],[39.0643531,40.7079915],[39.064227,40.7081001],[39.0640944,40.7082041],[39.0640365,40.7082466],[39.0639718,40.7082831],[39.0639015,40.7083129],[39.0638266,40.7083354],[39.0637484,40.7083505],[39.0636733,40.7083575],[39.0635975,40.7083575],[39.0635224,40.7083504],[39.0634489,40.7083365],[39.0633783,40.7083159],[39.0631652,40.7082567],[39.0629567,40.7081889],[39.0627533,40.7081126],[39.0626156,40.7080548],[39.0624728,40.7080048],[39.0623256,40.7079627],[39.0621748,40.7079287],[39.0620211,40.7079032],[39.0619164,40.7078907],[39.0618105,40.7078864],[39.0617047,40.7078901],[39.0615998,40.707902],[39.0614971,40.7079218],[39.0613976,40.7079494],[39.0613022,40.7079845],[39.0612102,40.7080277],[39.061124,40.7080775],[39.0610447,40.7081333],[39.0609728,40.7081947],[39.0609092,40.7082611],[39.0608543,40.7083319],[39.0608087,40.7084064],[39.0607768,40.7084741],[39.0607551,40.7085442],[39.060744,40.7086157],[39.0607435,40.7086876],[39.0607537,40.7087592],[39.0607673,40.7088088],[39.0607879,40.7088571],[39.0608152,40.7089034],[39.060849,40.7089472],[39.0608954,40.708994],[39.0609491,40.709036],[39.0610393,40.7091306],[39.061119,40.7092306],[39.0611877,40.7093351],[39.0612449,40.7094435],[39.0612902,40.7095551],[39.0613196,40.709654],[39.0613584,40.7097511],[39.0614064,40.7098457],[39.0614634,40.7099374],[39.0615289,40.7100258],[39.0615825,40.7100885],[39.0616405,40.710149],[39.0617414,40.7102773],[39.0618313,40.7104103],[39.0619098,40.7105473],[39.0619623,40.7106555],[39.0620039,40.7107663],[39.0620344,40.7108791],[39.0620535,40.7109934],[39.0620613,40.7111085],[39.062061,40.7111611],[39.0620489,40.711213],[39.0620252,40.7112625],[39.0619908,40.7113082],[39.0619465,40.7113487],[39.0618937,40.711383],[39.0618351,40.7114094],[39.0617715,40.711428],[39.0617047,40.7114382],[39.0616366,40.7114398],[39.0615691,40.7114328],[39.0613703,40.7114133],[39.0611706,40.7114001],[39.0609703,40.711393],[39.0607698,40.7113921],[39.060567,40.7113975],[39.0603649,40.711411],[39.0601639,40.7114326],[39.0599648,40.7114623],[39.059768,40.7114999],[39.0596055,40.7115374],[39.0594453,40.7115803],[39.0591256,40.7116676],[39.0590468,40.7116903],[39.0589718,40.7117197],[39.0589017,40.7117553],[39.0588373,40.7117967],[39.0587853,40.7118381],[39.0587391,40.7118834],[39.0586992,40.7119319],[39.0586493,40.711964],[39.0585942,40.7119908],[39.058535,40.7120119],[39.0584726,40.7120269],[39.0584081,40.7120356],[39.0583585,40.7120378],[39.0583088,40.7120362],[39.0582101,40.7120284],[39.0581131,40.7120122],[39.0580136,40.7119861],[39.0579175,40.7119535],[39.0578256,40.7119146],[39.0577386,40.7118696],[39.0576571,40.7118191],[39.0575909,40.7117705],[39.0575299,40.7117182],[39.0574743,40.7116624],[39.0572829,40.7115119],[39.0570831,40.7113677],[39.0569762,40.7112954],[39.0568632,40.7112287],[39.0567446,40.7111677],[39.0566208,40.7111129],[39.0564926,40.7110645],[39.0563604,40.7110226],[39.0562248,40.7109875],[39.0561237,40.7109662],[39.0560199,40.7109542],[39.055915,40.7109518],[39.0558104,40.710959],[39.0557077,40.7109756],[39.0556085,40.7110015],[39.055514,40.7110363],[39.0554259,40.7110794],[39.0553448,40.7111297],[39.0552718,40.7111867],[39.0552077,40.7112496],[39.0551534,40.7113176],[39.0551096,40.7113898],[39.0550768,40.7114653],[39.0550587,40.7115283],[39.0550483,40.7115924],[39.0550321,40.7117207],[39.0550286,40.7118496],[39.0550344,40.7119497],[39.0550309,40.7120498],[39.055018,40.7121495],[39.0549957,40.7122483],[39.0549642,40.7123456],[39.0549267,40.7124345],[39.0548815,40.7125213],[39.0547904,40.7126945],[39.0546909,40.7128651],[39.0545833,40.7130328],[39.0544525,40.7132179],[39.0543117,40.7133987],[39.0541612,40.713575],[39.0540013,40.7137464],[39.0538912,40.7138834],[39.0537906,40.7140245],[39.0536999,40.7141694],[39.0536192,40.7143176],[39.0535489,40.7144689],[39.053489,40.7146227],[39.0534475,40.7147514],[39.0534134,40.7148814],[39.0533311,40.7151389],[39.0532422,40.7153952],[39.053222,40.7154506],[39.0531913,40.7155032],[39.0531508,40.7155518],[39.0531013,40.7155954],[39.0530438,40.7156329],[39.0529797,40.7156636],[39.0529103,40.7156869],[39.0528372,40.7157022],[39.0527672,40.7157089],[39.0526966,40.7157084],[39.0526268,40.7157005],[39.052559,40.7156854],[39.0524947,40.7156635],[39.0524349,40.7156351],[39.0518054,40.7153362],[39.0511715,40.7150428],[39.0505332,40.7147548],[39.0497877,40.7144278],[39.0490365,40.7141083],[39.0489696,40.7140816],[39.0488988,40.7140615],[39.0488252,40.7140482],[39.04875,40.7140421],[39.0486744,40.7140432],[39.0485931,40.7140526],[39.0485143,40.7140703],[39.0484394,40.714096],[39.0483699,40.7141292],[39.0483069,40.7141693],[39.0481721,40.7142478],[39.0480447,40.7143332],[39.0479254,40.7144251],[39.0478148,40.714523],[39.0477419,40.7145959],[39.0476766,40.7146727],[39.0476193,40.7147531],[39.0475702,40.7148366],[39.0475298,40.7149228],[39.0474983,40.715011],[39.0474817,40.715073],[39.0474548,40.715133],[39.0474181,40.7151899],[39.0473721,40.7152428],[39.0473176,40.7152908],[39.0472555,40.7153332],[39.0471923,40.7153667],[39.0471244,40.7153944],[39.046988,40.7154486],[39.0468471,40.7154955],[39.0467022,40.7155351],[39.0465541,40.715567],[39.0464651,40.7155823],[39.0463752,40.7155948],[39.0461949,40.7156165],[39.0460135,40.7156322],[39.0458314,40.7156418],[39.0456489,40.7156453],[39.0454843,40.7156432],[39.0453199,40.7156503],[39.0451567,40.7156666],[39.0450734,40.7156786],[39.0449907,40.7156929],[39.0448234,40.715714],[39.0446551,40.7157296],[39.0445748,40.7157352],[39.0444942,40.7157323],[39.044415,40.7157208],[39.0443386,40.7157012],[39.0442929,40.7156848],[39.0442492,40.7156655],[39.0441549,40.7156378],[39.044057,40.7156187],[39.0439569,40.7156082],[39.0438558,40.7156066],[39.0437694,40.7156124],[39.0436841,40.7156246],[39.0435141,40.7156498],[39.0433462,40.7156823],[39.043181,40.715722],[39.043019,40.7157686],[39.0428607,40.7158221],[39.0427336,40.7158712],[39.0426097,40.7159247],[39.0423531,40.7160192],[39.0420915,40.7161053],[39.0418254,40.716183],[39.0416689,40.7162242],[39.0415111,40.7162624],[39.0412007,40.7163502],[39.0408947,40.7164463],[39.0407276,40.7165028],[39.040562,40.7165618],[39.0402268,40.7166729],[39.0401589,40.7166948],[39.0400876,40.7167095],[39.0400144,40.7167167],[39.0399406,40.7167162],[39.0398676,40.7167081],[39.0397967,40.7166926],[39.0397292,40.7166699],[39.0396696,40.7166421],[39.0396152,40.7166087],[39.039567,40.7165703],[39.0394662,40.7163612],[39.0393537,40.7161555],[39.0392824,40.7160366],[39.0392035,40.7159204],[39.0391172,40.7158073],[39.0390237,40.7156976],[39.0389232,40.7155914],[39.0388507,40.715521],[39.038775,40.7154525],[39.0386188,40.7153188],[39.0384549,40.7151905],[39.0382835,40.7150679],[39.0381838,40.7150013],[39.0380924,40.7149282],[39.0380101,40.7148491],[39.0379376,40.7147646],[39.0378756,40.7146755],[39.0378244,40.7145826],[39.0377846,40.7144865],[39.0377576,40.714393],[39.0377413,40.7142982],[39.0377051,40.7141091],[39.037676,40.7139192],[39.0376668,40.7138468],[39.0376479,40.7137756],[39.0376194,40.7137061],[39.0375817,40.7136392],[39.0375352,40.7135756],[39.0374964,40.7135322],[39.0374535,40.713491],[39.0373638,40.7134112],[39.0372666,40.7133366],[39.0371624,40.7132676],[39.03704,40.7131986],[39.0369108,40.713137],[39.0367756,40.7130834],[39.0366353,40.7130379],[39.0365762,40.7130216],[39.0365143,40.7130129],[39.0364514,40.713012],[39.0363891,40.7130189],[39.0363292,40.7130334],[39.0362732,40.7130552],[39.0362303,40.7130787],[39.036192,40.7131065],[39.0361592,40.7131381],[39.0360425,40.7132188],[39.0359146,40.7133032],[39.0357814,40.7133827],[39.0356434,40.7134573],[39.0355007,40.7135269],[39.0354472,40.7135511],[39.0353897,40.7135694],[39.0353293,40.7135814],[39.0352674,40.7135868],[39.0352063,40.7135857],[39.035146,40.7135782],[39.0350877,40.7135645],[39.0349079,40.7135187],[39.0347311,40.7134665],[39.0345579,40.7134079],[39.0344432,40.7133649],[39.034324,40.7133295],[39.0342012,40.7133022],[39.0340883,40.7132846],[39.0339736,40.7132763],[39.0338583,40.7132775],[39.0337439,40.713288],[39.0336662,40.7133006],[39.0335899,40.7133176],[39.0335156,40.7133389],[39.0332906,40.7133978],[39.0331264,40.7134465],[39.0329644,40.7134994],[39.032805,40.7135565],[39.032321,40.713718],[39.03216,40.7137723],[39.0320021,40.7138317],[39.0318476,40.7138959],[39.0316971,40.7139646],[39.031541,40.7140256],[39.0313799,40.7140787],[39.0312146,40.7141236],[39.0310634,40.7141567],[39.0309098,40.714183],[39.0306071,40.714248],[39.0303066,40.7143187],[39.0301863,40.7143488],[39.0300691,40.7143852],[39.0299556,40.7144279],[39.0298464,40.7144767],[39.029742,40.7145312],[39.0296817,40.7145667],[39.0296235,40.7146041],[39.0295107,40.7146822],[39.0294041,40.714765],[39.0292858,40.7148692],[39.0291771,40.7149794],[39.0289454,40.7151909],[39.0288208,40.7153016],[39.0286904,40.7154085],[39.0285544,40.7155112],[39.028413,40.7156097],[39.0282954,40.7156858],[39.0281849,40.7157676],[39.0280817,40.7158549],[39.0279865,40.7159472],[39.0279077,40.7160345],[39.027836,40.7161252],[39.0277717,40.7162191],[39.027715,40.7163157],[39.027666,40.7164148],[39.0275519,40.7165806],[39.0274477,40.7167501],[39.0273535,40.716923],[39.0273036,40.7170246],[39.0272461,40.7171238],[39.027181,40.7172203],[39.0271087,40.7173138],[39.0270568,40.7173741],[39.0270019,40.7174328],[39.0269047,40.7175565],[39.0268177,40.7176845],[39.0267462,40.7178069],[39.0266839,40.7179321],[39.026631,40.7180598],[39.0265878,40.7181895],[39.0265304,40.7183362],[39.0264821,40.7184847],[39.0264429,40.7186347],[39.026413,40.7187864],[39.0263924,40.718939],[39.0263812,40.7190921],[39.0263577,40.7192205],[39.0263456,40.7193498],[39.026345,40.7194794],[39.0263557,40.7196077],[39.0263777,40.7197353],[39.0264108,40.7198614],[39.026455,40.7199856],[39.026609,40.7203363],[39.0267554,40.7206889],[39.0269054,40.7210727],[39.0269806,40.7212645],[39.0270464,40.7214584],[39.0270839,40.7215846],[39.0271014,40.7216258],[39.0271127,40.7216683],[39.0271175,40.7217115],[39.0271141,40.7217673],[39.0271,40.7218221],[39.0270755,40.7218749],[39.0270411,40.7219243],[39.0269975,40.7219694],[39.0269457,40.7220092],[39.0268868,40.7220428],[39.026761,40.7221083],[39.0266303,40.7221681],[39.0264952,40.722222],[39.0263561,40.7222697],[39.0262136,40.7223111],[39.0261033,40.7223433],[39.0259901,40.722369],[39.0258746,40.7223882],[39.0257576,40.7224006],[39.025632,40.7224063],[39.0255062,40.7224044],[39.025381,40.7223947],[39.0252572,40.7223774],[39.0251358,40.7223525],[39.0250173,40.7223203],[39.0248228,40.7222616],[39.0246318,40.7221968],[39.0244445,40.722126],[39.0242613,40.7220492],[39.0240826,40.7219666],[39.0239911,40.7219362],[39.0238962,40.7219124],[39.0237987,40.7218956],[39.0236996,40.7218859],[39.0235998,40.7218832],[39.0235018,40.7218876],[39.0234047,40.7218989],[39.0233095,40.7219169],[39.0232169,40.7219416],[39.0231277,40.7219727],[39.0229001,40.7220587],[39.022678,40.7221526],[39.0224618,40.7222541],[39.0223559,40.7223075],[39.022252,40.722363],[39.0220984,40.7224507],[39.0219494,40.7225429],[39.0218744,40.7225886],[39.0218054,40.7226394],[39.0217379,40.7227001],[39.0216791,40.7227657],[39.0216295,40.7228356],[39.0215896,40.7229089],[39.02156,40.722985],[39.0215343,40.7230737],[39.0215177,40.7231635],[39.0215101,40.7232541],[39.0215117,40.7233449],[39.0215224,40.7234353],[39.0215435,40.7235252],[39.0215749,40.7236134],[39.0216162,40.7236992],[39.0216673,40.723782],[39.0217276,40.7238611],[39.0218251,40.7239743],[39.0219322,40.7240825],[39.0220482,40.7241852],[39.022113,40.7242317],[39.0221728,40.7242819],[39.0222419,40.7243516],[39.0223012,40.7244263],[39.0223503,40.7245052],[39.0223885,40.7245874],[39.0224036,40.7246295],[39.0224156,40.7246722],[39.0224301,40.7247574],[39.0224323,40.7248434],[39.0224223,40.724929],[39.0224001,40.7250132],[39.0223661,40.7250952],[39.0223205,40.7251739],[39.022264,40.7252485],[39.0221887,40.7253598],[39.0221219,40.7254743],[39.0220638,40.7255914],[39.0220146,40.7257109],[39.0219615,40.7258608],[39.0219172,40.7260123],[39.0219011,40.726089],[39.0218818,40.7261652],[39.0218374,40.7263049],[39.0217819,40.7264422],[39.0217658,40.7264887],[39.0217436,40.7265337],[39.0217155,40.7265768],[39.0216721,40.7266276],[39.0216206,40.7266737],[39.0215616,40.7267145],[39.0214962,40.7267492],[39.0214256,40.7267773],[39.0213507,40.7267984],[39.021247,40.726821],[39.0211412,40.7268368],[39.0210339,40.7268456],[39.020926,40.7268473],[39.0208183,40.7268421],[39.0204708,40.7268289],[39.0201229,40.7268214],[39.0197749,40.7268197],[39.0189817,40.7268187],[39.0187836,40.7268287],[39.0185851,40.7268326],[39.0183866,40.7268302],[39.0181884,40.7268217],[39.0179613,40.7268044],[39.0177355,40.7267789],[39.0175115,40.7267454],[39.0174391,40.7267272],[39.0173651,40.7267133],[39.0172899,40.7267039],[39.0171859,40.7266982],[39.0170817,40.726701],[39.0169785,40.7267122],[39.0168774,40.7267317],[39.0167797,40.7267593],[39.0166864,40.7267946],[39.0165987,40.7268373],[39.0165174,40.7268868],[39.0163553,40.7269916],[39.0161987,40.7271012],[39.0160479,40.7272154],[39.0159774,40.727276],[39.0159032,40.727334],[39.0157943,40.7274097],[39.0156789,40.7274798],[39.0155577,40.727544],[39.0154311,40.7276018],[39.0153645,40.7276262],[39.0152997,40.7276531],[39.0151901,40.7277062],[39.015087,40.7277664],[39.0149913,40.7278332],[39.0149037,40.7279061],[39.0148248,40.7279844],[39.0147552,40.7280678],[39.0146695,40.7281832],[39.0145929,40.7283022],[39.0145257,40.7284244],[39.0144945,40.7284863],[39.0144682,40.7285495],[39.0144418,40.7286326],[39.0144241,40.7287171],[39.0144152,40.7288024],[39.0144151,40.7288879],[39.0144239,40.7289731],[39.0144414,40.7290576],[39.0144574,40.7291788],[39.014463,40.7293006],[39.014458,40.7294223],[39.0144426,40.7295436],[39.0144167,40.7296638],[39.0143805,40.7297825],[39.0143341,40.7298991],[39.0142012,40.7302135],[39.0141773,40.7302943],[39.0141453,40.7303735],[39.0141054,40.7304506],[39.0140578,40.7305251],[39.0139959,40.7306049],[39.0139251,40.7306803],[39.0138461,40.7307508],[39.0137594,40.7308159],[39.0136656,40.7308752],[39.0135654,40.7309281],[39.0134597,40.7309743],[39.0132802,40.7310484],[39.0130977,40.7311182],[39.013006,40.7311524],[39.0129125,40.7311837],[39.0127635,40.7312262],[39.012611,40.7312611],[39.0124558,40.7312881],[39.0122985,40.7313072],[39.0121399,40.7313183],[39.0119807,40.7313212],[39.0118216,40.7313161],[39.011593,40.7313339],[39.0113974,40.731357],[39.0112039,40.731389],[39.0110453,40.7314221],[39.0108891,40.7314611],[39.0107355,40.731506],[39.0105851,40.7315565],[39.0104382,40.7316125],[39.0102934,40.7316768],[39.0101543,40.731748],[39.0100215,40.7318257],[39.0098956,40.7319098],[39.009777,40.7319997],[39.0096332,40.7321016],[39.0094846,40.7321993],[39.0093313,40.7322927],[39.0092511,40.732336],[39.0091735,40.7323818],[39.0090558,40.7324601],[39.0089458,40.7325445],[39.0088439,40.7326346],[39.0087507,40.7327299],[39.0086666,40.73283],[39.0085104,40.7330265],[39.0083628,40.7332268],[39.008224,40.7334306],[39.0081281,40.7335934],[39.0080225,40.7337527],[39.0079075,40.7339082],[39.0077915,40.7340501],[39.0076678,40.7341882],[39.0075364,40.7343222],[39.0073976,40.7344518],[39.0073266,40.7345157],[39.0072517,40.7345769],[39.007137,40.7346604],[39.007015,40.7347378],[39.0068863,40.7348086],[39.0068206,40.7348428],[39.0067515,40.7348726],[39.0066577,40.7349045],[39.00656,40.7349285],[39.0064594,40.7349443],[39.0064086,40.7349499],[39.0063572,40.7349519],[39.0062762,40.7349475],[39.0061969,40.734934],[39.0061212,40.7349118],[39.0060506,40.7348814],[39.0059868,40.7348433],[39.0059311,40.7347985],[39.0058848,40.7347479],[39.0058489,40.7346927],[39.0058084,40.7346258],[39.005761,40.7345616],[39.0057068,40.7345004],[39.0056464,40.7344428],[39.0055714,40.7343825],[39.0054894,40.7343277],[39.0054013,40.7342786],[39.0053077,40.7342358],[39.0052094,40.7341996],[39.0051071,40.7341703],[39.0050018,40.7341481],[39.0048943,40.7341332],[39.0047854,40.7341257],[39.0046708,40.7340956],[39.0045533,40.7340725],[39.0044338,40.7340566],[39.004313,40.7340479],[39.0041917,40.7340466],[39.0040706,40.7340525],[39.003941,40.7340672],[39.0038136,40.7340902],[39.0036892,40.7341214],[39.0035689,40.7341607],[39.0034534,40.7342076],[39.0033437,40.7342619],[39.0031921,40.7343463],[39.0030482,40.7344382],[39.0029125,40.7345369],[39.0027856,40.7346422],[39.0026681,40.7347536],[39.0025605,40.7348706],[39.0022885,40.7351717],[39.00215,40.7353209],[39.0020214,40.7354752],[39.0019037,40.7356332],[39.0017963,40.7357953],[39.0016996,40.7359613],[39.0016137,40.7361307],[39.0015404,40.7362979],[39.0014772,40.7364676],[39.0014243,40.7366392],[39.0014049,40.7367261],[39.0013817,40.7368125],[39.0013349,40.7369543],[39.0012777,40.7370939],[39.0012105,40.7372309],[39.0011333,40.7373649],[39.0010464,40.7374954],[39.0009272,40.7376595],[39.0007993,40.7378198],[39.0006629,40.737976],[39.000615,40.738019],[39.0005599,40.7380566],[39.0004986,40.7380882],[39.0004322,40.7381132],[39.0003621,40.7381312],[39.0002894,40.7381418],[39.0002155,40.7381449],[39.0001418,40.7381403],[39.0000695,40.7381283],[39,40.738109],[38.9999346,40.7380827],[38.9998148,40.7380419],[38.9996909,40.7380086],[38.9995638,40.7379832],[38.9994997,40.7379722],[38.9994344,40.7379659],[38.9993517,40.7379648],[38.9992695,40.7379713],[38.9991889,40.7379853],[38.9991112,40.7380066],[38.9990374,40.738035],[38.9989507,40.7380647],[38.998861,40.7380889],[38.998769,40.7381075],[38.9986753,40.7381203],[38.9985662,40.7381278],[38.9984566,40.7381275],[38.9983475,40.7381194],[38.9982399,40.7381035],[38.9981347,40.7380801],[38.998033,40.7380492],[38.9978675,40.737993],[38.9977061,40.7379304],[38.997549,40.7378618],[38.9973968,40.7377871],[38.9973246,40.7377455],[38.9972498,40.7377067],[38.9971209,40.7376492],[38.9969861,40.7375999],[38.9968464,40.7375594],[38.9967028,40.7375278],[38.9965561,40.7375054],[38.9964075,40.7374923],[38.9962546,40.7374697],[38.9961046,40.7374381],[38.9959582,40.7373977],[38.9958166,40.7373487],[38.9956804,40.7372913],[38.9956174,40.7372565],[38.9955506,40.7372261],[38.9954695,40.7371968],[38.9953848,40.7371739],[38.9952976,40.7371576],[38.9952085,40.7371482],[38.9951187,40.7371458],[38.9950081,40.7371512],[38.994899,40.7371659],[38.9947926,40.7371896],[38.9946904,40.737222],[38.9945935,40.7372628],[38.9945032,40.7373115],[38.9943477,40.7374009],[38.9941972,40.737495],[38.9940518,40.7375936],[38.993983,40.7376461],[38.9939117,40.7376966],[38.9937842,40.7377784],[38.9936502,40.7378541],[38.9935102,40.7379233],[38.9933648,40.7379858],[38.9932146,40.7380413],[38.9930601,40.7380896],[38.9929019,40.7381305],[38.992669,40.7381847],[38.9924338,40.7382325],[38.9921963,40.7382738],[38.9919571,40.7383086],[38.9917164,40.7383368],[38.9914412,40.7383758],[38.991168,40.7384219],[38.9910334,40.7384511],[38.9908969,40.738475],[38.9907223,40.7384973],[38.9905461,40.7385109],[38.9903691,40.7385156],[38.9901921,40.7385114],[38.9900158,40.7384983],[38.9896298,40.738465],[38.9892449,40.7384254],[38.9890526,40.7384042],[38.9888611,40.7383794],[38.9885972,40.7383395],[38.9883351,40.7382929],[38.9880752,40.7382398],[38.9878178,40.7381803],[38.9875567,40.7381136],[38.9872983,40.7380412],[38.9870429,40.7379631],[38.986918,40.7379191],[38.9867905,40.7378795],[38.9866307,40.7378371],[38.9864681,40.7378017],[38.986303,40.7377735],[38.98622,40.7377606],[38.986136,40.7377525],[38.9860378,40.737749],[38.9859395,40.7377519],[38.9858419,40.7377612],[38.9857458,40.7377769],[38.9856477,40.7378022],[38.9855543,40.7378363],[38.9854669,40.7378785],[38.9853869,40.7379284],[38.9853153,40.7379852],[38.9851842,40.7380961],[38.9850594,40.7382111],[38.9849412,40.73833],[38.9848837,40.7383904],[38.9848298,40.7384526],[38.98475,40.7385571],[38.9846802,40.7386655],[38.9846206,40.7387775],[38.9845716,40.7388923],[38.9845334,40.7390095],[38.9844778,40.7391591],[38.9844152,40.7393072],[38.9843457,40.7394535],[38.9843045,40.7395248],[38.9842692,40.7395978],[38.9842304,40.7397003],[38.9842031,40.739805],[38.9841875,40.739911],[38.9841836,40.7400176],[38.9841914,40.7401242],[38.9842037,40.7403715],[38.9842075,40.7404952],[38.9842075,40.740619],[38.984201,40.7407923],[38.984187,40.7409654],[38.9841655,40.741138],[38.9841364,40.74131],[38.9840924,40.7414996],[38.984036,40.7416874],[38.9839675,40.7418729],[38.9838718,40.7421501],[38.9837837,40.7424287],[38.9837423,40.7426102],[38.983692,40.7427904],[38.9836329,40.7429691],[38.9835651,40.743146],[38.9834806,40.7433381],[38.9834428,40.7433773],[38.9833968,40.7434112],[38.9833438,40.7434387],[38.9832903,40.7434576],[38.9832335,40.7434701],[38.9831749,40.7434756],[38.9831159,40.7434742],[38.9830099,40.7434661],[38.9829052,40.743451],[38.9828028,40.7434289],[38.9827033,40.7434],[38.9826076,40.7433646],[38.9825164,40.7433228],[38.9824177,40.7432881],[38.9823146,40.7432617],[38.9822084,40.743244],[38.9821002,40.7432352],[38.9819914,40.7432354],[38.9818833,40.7432445],[38.9817771,40.7432626],[38.9816742,40.7432893],[38.9815283,40.743332],[38.9813852,40.7433796],[38.9812451,40.7434322],[38.9811082,40.7434895],[38.9809337,40.7435704],[38.9807648,40.7436578],[38.9806018,40.7437515],[38.9804453,40.7438513],[38.9802955,40.7439569],[38.980072,40.744108],[38.9798543,40.744264],[38.9796427,40.7444247],[38.9794372,40.7445899],[38.9792201,40.7447753],[38.9791766,40.7448282],[38.9791269,40.7448778],[38.9790715,40.7449238],[38.9790107,40.7449658],[38.978932,40.7450102],[38.9788473,40.7450478],[38.9787577,40.7450783],[38.9786643,40.7451011],[38.9785682,40.7451162],[38.9784388,40.7451287],[38.9783085,40.7451325],[38.9781783,40.7451276],[38.9781134,40.745123],[38.9780492,40.7451142],[38.977963,40.7450952],[38.9778805,40.7450687],[38.9778026,40.745035],[38.9777306,40.7449945],[38.9776654,40.7449479],[38.9776079,40.7448957],[38.9775555,40.7448359],[38.9775123,40.744772],[38.9774788,40.7447048],[38.9774554,40.7446352],[38.9774426,40.7445641],[38.9774403,40.7444923],[38.9774313,40.7443609],[38.9774161,40.7442297],[38.9774084,40.7441641],[38.9773947,40.7440991],[38.9773685,40.7440171],[38.9773327,40.7439371],[38.9772877,40.7438599],[38.9772337,40.743786],[38.9771713,40.743716],[38.977101,40.7436505],[38.9770232,40.7435901],[38.9769771,40.7435481],[38.9769253,40.7435102],[38.9768685,40.7434766],[38.9768073,40.7434478],[38.9767352,40.7434219],[38.9766595,40.7434027],[38.9765814,40.7433903],[38.9765019,40.7433851],[38.9764222,40.743387],[38.9763433,40.743396],[38.9762227,40.7434227],[38.9761001,40.7434431],[38.9759758,40.743457],[38.9758463,40.7434644],[38.9757164,40.7434649],[38.9755868,40.7434583],[38.9754581,40.7434448],[38.9752905,40.7434082],[38.9751198,40.7433807],[38.974947,40.7433623],[38.974773,40.7433532],[38.9745985,40.7433533],[38.9744261,40.7433626],[38.974255,40.743381],[38.974086,40.7434084],[38.97392,40.7434446],[38.9738381,40.7434657],[38.9737576,40.7434895],[38.9736217,40.7435369],[38.973491,40.743592],[38.9733662,40.7436545],[38.9732479,40.7437239],[38.973137,40.7438],[38.973034,40.7438822],[38.9729395,40.7439701],[38.9726045,40.7442773],[38.9724869,40.7443759],[38.9723737,40.7444775],[38.972265,40.7445817],[38.9721164,40.7447367],[38.9719777,40.7448968],[38.9718492,40.7450617],[38.9718149,40.74512],[38.9717755,40.7451766],[38.9717312,40.745231],[38.9716633,40.7453015],[38.9715873,40.745367],[38.9715037,40.745427],[38.9714133,40.7454811],[38.9713168,40.7455287],[38.9711625,40.7455954],[38.9710023,40.7456537],[38.9708371,40.7457031],[38.9706676,40.7457435],[38.9704947,40.7457746],[38.9700099,40.7458761],[38.9698885,40.7459015],[38.9697652,40.7459209],[38.9696337,40.7459348],[38.9695013,40.7459419],[38.9693686,40.7459422],[38.9692361,40.7459357],[38.9691046,40.7459224],[38.9689745,40.7459023],[38.9687981,40.7458987],[38.9686224,40.7458866],[38.968448,40.7458661],[38.9682757,40.7458371],[38.9681062,40.7458],[38.9679983,40.7457716],[38.9678919,40.7457398],[38.9676755,40.7456843],[38.9674571,40.7456334],[38.9673196,40.7456039],[38.9671795,40.7455826],[38.9670377,40.7455698],[38.9668949,40.7455654],[38.9667522,40.7455694],[38.9666102,40.745582],[38.9664701,40.7456029],[38.9663503,40.7456277],[38.966233,40.7456587],[38.9659995,40.7457225],[38.9657699,40.745794],[38.9655447,40.7458731],[38.9654021,40.7459281],[38.9652646,40.7459899],[38.9651325,40.7460582],[38.9650065,40.7461329],[38.9648872,40.7462136],[38.9647749,40.7462999],[38.9646891,40.7463741],[38.9646085,40.7464516],[38.9644335,40.7465976],[38.9642502,40.7467377],[38.964059,40.7468715],[38.9638603,40.7469989],[38.9637501,40.7470648],[38.9636458,40.7471361],[38.963548,40.7472125],[38.963457,40.7472935],[38.9633732,40.7473789],[38.963297,40.7474683],[38.963247,40.747535],[38.963206,40.7476052],[38.9631743,40.7476781],[38.9631524,40.747753],[38.9631405,40.7478292],[38.9631386,40.7479059],[38.9631468,40.7479824],[38.9631657,40.7480602],[38.9631951,40.7481361],[38.9632551,40.7482874],[38.9633267,40.7484358],[38.9634097,40.7485808],[38.9634515,40.7486462],[38.9635038,40.7487071],[38.9635656,40.7487626],[38.9636361,40.7488119],[38.9637141,40.7488541],[38.9637792,40.7488817],[38.9638475,40.7489044],[38.9639184,40.748922],[38.96412,40.7489941],[38.9643189,40.7490705],[38.9644279,40.7491147],[38.9645318,40.7491652],[38.9646302,40.7492218],[38.9647224,40.7492841],[38.9648077,40.7493518],[38.9648857,40.7494243],[38.964956,40.7495013],[38.9650007,40.7495583],[38.9650412,40.749617],[38.9651189,40.7497357],[38.9651891,40.7498571],[38.9652515,40.7499809],[38.965306,40.7501068],[38.9653601,40.7502584],[38.9654047,40.7504117],[38.9654397,40.7505665],[38.9654649,40.7507224],[38.9654803,40.750879],[38.9654848,40.7509705],[38.9654769,40.7510619],[38.9654566,40.7511522],[38.9654243,40.7512405],[38.9653802,40.7513258],[38.9653248,40.7514073],[38.9652705,40.7514714],[38.9652092,40.7515318],[38.9651414,40.7515881],[38.9649653,40.751773],[38.9648931,40.7518525],[38.9648124,40.7519272],[38.9647238,40.7519965],[38.9646279,40.7520601],[38.9645255,40.7521174],[38.9644243,40.752165],[38.964329,40.7522192],[38.9642404,40.7522795],[38.9641592,40.7523454],[38.9640859,40.7524166],[38.9640212,40.7524923],[38.9639762,40.7525553],[38.9639395,40.7526213],[38.9639113,40.7526897],[38.963892,40.7527599],[38.9638816,40.7528311],[38.9638804,40.7529027],[38.9638853,40.752955],[38.963895,40.7530069],[38.963921,40.7531097],[38.9639582,40.7532105],[38.9640022,40.7533012],[38.9640553,40.753389],[38.9641577,40.7535658],[38.9642653,40.7537409],[38.9643928,40.7539361],[38.9645091,40.7541354],[38.964614,40.7543382],[38.9646475,40.754409],[38.9646715,40.7544821],[38.9646857,40.7545565],[38.9646901,40.7546317],[38.9646845,40.7547068],[38.964669,40.7547812],[38.9646504,40.7548374],[38.9646261,40.7548925],[38.9645723,40.755001],[38.964508,40.7551062],[38.9644388,40.7552008],[38.9643608,40.7552914],[38.9642742,40.7553774],[38.9641796,40.7554584],[38.9640775,40.7555339],[38.9639569,40.7556105],[38.9638285,40.7556795],[38.9635759,40.7558214],[38.9633198,40.7559596],[38.9630209,40.756114],[38.9627177,40.7562633],[38.9626449,40.7563091],[38.9625792,40.7563607],[38.9625214,40.7564175],[38.9624722,40.7564787],[38.962446,40.7565192],[38.9624235,40.756561],[38.9623845,40.7566462],[38.9623556,40.7567337],[38.9623387,40.7568108],[38.9623297,40.7568887],[38.9623285,40.7569669],[38.9623115,40.7572006],[38.9623046,40.7574346],[38.9623046,40.7575202],[38.9623146,40.7576054],[38.9623346,40.7576895],[38.9623644,40.757772],[38.9624037,40.7578522],[38.9624523,40.7579294],[38.9625097,40.7580031],[38.9625755,40.7580726],[38.9626211,40.758114],[38.9626697,40.7581535],[38.9627546,40.7582401],[38.9628297,40.7583317],[38.9628944,40.7584278],[38.9629483,40.7585277],[38.9629916,40.7586322],[38.9630241,40.758739],[38.9630456,40.7588473],[38.9630561,40.7589566],[38.9630554,40.7590661],[38.9630436,40.7591753],[38.9630207,40.7592835],[38.962985,40.7593951],[38.9629383,40.7595045],[38.9628809,40.7596108],[38.9628132,40.7597136],[38.9627354,40.7598122],[38.9626481,40.7599062],[38.9625517,40.7599949],[38.9624467,40.7600778],[38.9623441,40.7601481],[38.9622353,40.7602129],[38.962121,40.7602719],[38.9617909,40.7604618],[38.9616654,40.7605323],[38.9615453,40.7606081],[38.9614309,40.7606888],[38.9613227,40.7607742],[38.961221,40.7608641],[38.9611204,40.7609642],[38.9610269,40.7610681],[38.9609408,40.7611757],[38.9608624,40.7612866],[38.9607918,40.7614004],[38.9607436,40.7614888],[38.9607037,40.7615795],[38.9606723,40.7616721],[38.9606497,40.7617661],[38.9606376,40.7618445],[38.9606316,40.7619233],[38.9606052,40.7620798],[38.9605705,40.7622354],[38.9605276,40.7623898],[38.9604743,40.7625491],[38.9604099,40.762706],[38.9603345,40.7628601],[38.9602583,40.7629946],[38.9601737,40.7631263],[38.96001,40.7633914],[38.9598353,40.7636678],[38.9596573,40.7639429],[38.9595985,40.7640354],[38.9595292,40.7641237],[38.95945,40.764207],[38.9593615,40.7642848],[38.9592643,40.7643563],[38.9591808,40.7644088],[38.9591053,40.7644677],[38.9590385,40.7645324],[38.9589813,40.7646023],[38.9589344,40.7646763],[38.9589019,40.7647445],[38.9588781,40.7648148],[38.9588125,40.7649509],[38.9587378,40.7650843],[38.9586541,40.7652146],[38.9585632,40.7653396],[38.9584641,40.7654609],[38.9582813,40.7657103],[38.9582086,40.7658132],[38.9581269,40.7659121],[38.9580365,40.7660066],[38.957938,40.7660963],[38.9578651,40.7661554],[38.9577866,40.7662102],[38.957703,40.7662604],[38.9576147,40.7663058],[38.9575222,40.7663462],[38.9574152,40.7663848],[38.9573044,40.7664166],[38.9571905,40.7664413],[38.9568557,40.76653],[38.9565501,40.7666046],[38.9562425,40.7666744],[38.955933,40.7667393],[38.9557673,40.7667718],[38.9556046,40.7668124],[38.9554457,40.7668607],[38.9552912,40.7669167],[38.9551418,40.76698],[38.95502,40.767039],[38.9549037,40.767104],[38.9547935,40.7671749],[38.9546898,40.7672512],[38.9546132,40.7673147],[38.9545412,40.7673812],[38.9544003,40.7675161],[38.9542674,40.7676554],[38.9541891,40.7677439],[38.954114,40.7678339],[38.9539709,40.7680172],[38.9538382,40.7682049],[38.9537629,40.7683207],[38.9536797,40.7684334],[38.9535888,40.7685426],[38.9534905,40.768648],[38.9533849,40.7687493],[38.9532568,40.768859],[38.9531359,40.7689733],[38.9530225,40.7690919],[38.9529169,40.7692145],[38.9528524,40.7692964],[38.9527913,40.7693797],[38.9526733,40.769548],[38.9525628,40.7697193],[38.952498,40.7698273],[38.9524415,40.7699379],[38.9523936,40.7700508],[38.9523544,40.7701656],[38.9523241,40.770282],[38.9523095,40.7703564],[38.9522985,40.7704312],[38.952261,40.770579],[38.9522118,40.7707248],[38.9521511,40.770868],[38.9520996,40.7709707],[38.9520587,40.7710761],[38.9520287,40.7711836],[38.9520099,40.7712925],[38.9520022,40.7714023],[38.9520033,40.7714741],[38.9520092,40.7715459],[38.952024,40.7716892],[38.9520465,40.7718319],[38.9520689,40.7719405],[38.952101,40.7720478],[38.9521424,40.7721532],[38.9521931,40.7722562],[38.9522529,40.7723565],[38.9523214,40.7724534],[38.9523864,40.7725331],[38.9524438,40.772616],[38.9524934,40.7727017],[38.9525349,40.7727899],[38.9525682,40.77288],[38.952597,40.7729907],[38.9526167,40.7731024],[38.9526272,40.7732149],[38.9526284,40.7733277],[38.9526203,40.7734403],[38.952603,40.7735523],[38.9525794,40.7736534],[38.9525455,40.7737527],[38.9525017,40.7738498],[38.9524482,40.773944],[38.9523853,40.7740349],[38.9523134,40.7741219],[38.9522329,40.7742044],[38.9521807,40.7742515],[38.9521256,40.7742968],[38.952027,40.7743947],[38.9519374,40.7744974],[38.9518574,40.7746045],[38.9518185,40.7746637],[38.9517824,40.7747239],[38.9516996,40.7748403],[38.9516091,40.7749533],[38.9515112,40.7750628],[38.9514061,40.7751683],[38.9512941,40.7752697],[38.9511613,40.7753777],[38.9510232,40.7754818],[38.9508801,40.775582],[38.9507322,40.775678],[38.9506529,40.7757266],[38.9505671,40.7757685],[38.950476,40.7758032],[38.9503804,40.7758304],[38.9502816,40.7758496],[38.9501949,40.7758597],[38.9501074,40.7758637],[38.9499324,40.7758698],[38.9497572,40.7758679],[38.9496392,40.7758621],[38.9495216,40.7758526],[38.9492872,40.7758292],[38.9490544,40.7757977],[38.9488238,40.7757582],[38.948653,40.7757235],[38.9484796,40.7756973],[38.9483042,40.7756797],[38.9481278,40.7756709],[38.9479912,40.77567],[38.9478547,40.7756748],[38.9477187,40.7756851],[38.9476528,40.7756922],[38.9475863,40.7756902],[38.9475213,40.7756792],[38.9474599,40.7756597],[38.9474088,40.7756349],[38.9473637,40.7756042],[38.9473258,40.7755683],[38.9472227,40.7755022],[38.9471125,40.7754432],[38.9469959,40.7753916],[38.9468862,40.7753519],[38.9467727,40.7753189],[38.9466562,40.7752928],[38.9465372,40.7752738],[38.9464505,40.7752645],[38.9463633,40.775259],[38.9461906,40.7752376],[38.9460196,40.7752095],[38.9458506,40.7751748],[38.9456843,40.7751336],[38.9454971,40.7750785],[38.9453141,40.7750159],[38.9451358,40.7749458],[38.9449628,40.7748686],[38.9448428,40.7748092],[38.944726,40.7747464],[38.9444931,40.7746201],[38.9442641,40.7744898],[38.9440902,40.7743865],[38.9439101,40.7742897],[38.9437241,40.7741995],[38.9435326,40.7741162],[38.943336,40.7740398],[38.9432098,40.7739954],[38.9430789,40.7739595],[38.9429445,40.7739322],[38.9428074,40.7739138],[38.9426688,40.7739045],[38.9425296,40.7739043],[38.9423909,40.7739132],[38.9422537,40.7739312],[38.9421411,40.773953],[38.9420308,40.7739809],[38.9419235,40.7740148],[38.9418197,40.7740545],[38.94172,40.7740998],[38.9416058,40.7741644],[38.9414979,40.774235],[38.941397,40.7743113],[38.9413036,40.7743928],[38.941218,40.7744792],[38.9411409,40.77457],[38.9410725,40.7746648],[38.9410132,40.7747629],[38.9409687,40.774852],[38.9409137,40.7749377],[38.9408487,40.7750191],[38.9407741,40.7750958],[38.9406905,40.775167],[38.9405988,40.7752321],[38.9405047,40.775288],[38.9404161,40.7753488],[38.9403336,40.7754144],[38.9402576,40.7754843],[38.9401884,40.7755582],[38.9401412,40.7756161],[38.9400862,40.7756701],[38.9400241,40.7757194],[38.9399556,40.7757635],[38.9398813,40.775802],[38.9398022,40.7758344],[38.9397141,40.7758617],[38.9396225,40.7758815],[38.9394458,40.7759347],[38.9392725,40.7759938],[38.9391237,40.7760504],[38.938981,40.7761154],[38.9388453,40.7761885],[38.9387172,40.7762691],[38.9386412,40.7763233],[38.9385581,40.7763713],[38.9384689,40.7764125],[38.9383745,40.7764464],[38.938276,40.7764728],[38.9381744,40.7764912],[38.9380708,40.7765016],[38.9379764,40.776504],[38.9378821,40.7764996],[38.9377887,40.7764885],[38.9376971,40.7764709],[38.9376082,40.7764468],[38.9374874,40.7764357],[38.9373658,40.7764332],[38.9372444,40.7764392],[38.9371243,40.7764537],[38.9370065,40.7764766],[38.936892,40.7765077],[38.9367969,40.7765408],[38.9367057,40.7765795],[38.9365241,40.7766581],[38.9363478,40.7767432],[38.9361772,40.7768347],[38.9360366,40.7769175],[38.9359006,40.7770046],[38.9357695,40.7770959],[38.9356434,40.7771912],[38.9355718,40.7772545],[38.9355068,40.7773219],[38.9354488,40.7773928],[38.9353981,40.7774668],[38.9353551,40.7775436],[38.9353217,40.7776182],[38.9352955,40.7776945],[38.9352766,40.777772],[38.9352652,40.7778503],[38.9352579,40.7780151],[38.9352609,40.7781799],[38.9352741,40.7783445],[38.9352974,40.7785084],[38.9353121,40.7785861],[38.9353166,40.7786646],[38.9353109,40.778743],[38.9352949,40.7788207],[38.9352689,40.7788967],[38.9352331,40.7789704],[38.9351935,40.7790331],[38.9351468,40.779093],[38.9350529,40.7792122],[38.9349514,40.7793279],[38.9348861,40.7793965],[38.9348304,40.7794698],[38.9347849,40.7795471],[38.9347503,40.7796275],[38.9347266,40.7797108],[38.9347144,40.7797955],[38.9346886,40.7799646],[38.9346751,40.7800997],[38.9346512,40.7802339],[38.9346167,40.7803668],[38.9345719,40.7804979],[38.9345169,40.7806267],[38.9344479,40.7807599],[38.9343844,40.7808947],[38.9343265,40.7810309],[38.9342877,40.7811311],[38.9342393,40.7812289],[38.9341814,40.7813238],[38.9341145,40.7814151],[38.9340389,40.7815025],[38.933955,40.7815854],[38.9338972,40.7816358],[38.9338364,40.7816841],[38.9337244,40.7817871],[38.9336193,40.7818942],[38.9335213,40.7820051],[38.9334306,40.7821195],[38.9333587,40.7822205],[38.9332926,40.7823236],[38.933162,40.7825306],[38.933039,40.7827402],[38.9329237,40.7829522],[38.9328319,40.7831339],[38.932732,40.7833131],[38.932624,40.7834895],[38.9325082,40.7836631],[38.9323845,40.7838336],[38.9323126,40.7839269],[38.9322502,40.7840241],[38.9321979,40.7841246],[38.9321559,40.7842279],[38.9321244,40.7843332],[38.9321072,40.7844167],[38.9320967,40.7845007],[38.9320593,40.7846671],[38.9320122,40.7848321],[38.9319554,40.7849953],[38.9318967,40.7851393],[38.9318299,40.7852812],[38.9317551,40.7854208],[38.9316724,40.7855578],[38.9315809,40.7856938],[38.9314816,40.7858266],[38.9313748,40.785956],[38.9312607,40.7860818],[38.9311963,40.7861648],[38.9311419,40.7862518],[38.931098,40.7863422],[38.9310649,40.7864352],[38.9310448,40.7865196],[38.9310336,40.7866051],[38.9309925,40.7867737],[38.9309415,40.7869409],[38.9308863,40.7870925],[38.9308238,40.7872425],[38.9307541,40.7873907],[38.9306773,40.7875369],[38.9306001,40.78767],[38.9305336,40.7878064],[38.930478,40.7879456],[38.9304335,40.788087],[38.9304002,40.7882302],[38.9303783,40.7883746],[38.9303712,40.7884522],[38.9303675,40.78853],[38.9303468,40.7886848],[38.9303161,40.7888387],[38.9302756,40.7889913],[38.9302254,40.7891422],[38.9301974,40.789215],[38.9301807,40.7892898],[38.9301754,40.7893655],[38.9301817,40.7894412],[38.9301995,40.7895159],[38.9302285,40.7895884],[38.9302683,40.789658],[38.9303142,40.7897188],[38.9303684,40.7897755],[38.9304628,40.7898957],[38.9305513,40.7900185],[38.9306376,40.7901498],[38.9307172,40.7902836],[38.9307899,40.7904196],[38.9308557,40.7905576],[38.9309222,40.7906723],[38.9309984,40.7907835],[38.9310841,40.7908906],[38.9311789,40.7909932],[38.9312668,40.7910771],[38.9313466,40.7911656],[38.9314177,40.7912582],[38.9314798,40.7913544],[38.9315326,40.7914537],[38.9315759,40.7915557],[38.9316036,40.7916397],[38.9316249,40.7917247],[38.9316678,40.7918947],[38.9317046,40.7920654],[38.9317282,40.7921944],[38.9317402,40.7923242],[38.9317403,40.7924544],[38.9317287,40.7925843],[38.9317189,40.7926468],[38.9316998,40.7927081],[38.9316715,40.7927674],[38.9316345,40.7928238],[38.9315893,40.7928767],[38.9315429,40.7929198],[38.9314911,40.7929593],[38.9314343,40.7929946],[38.931373,40.7930253],[38.9311534,40.7931711],[38.931036,40.793247],[38.9309244,40.7933279],[38.9308192,40.7934134],[38.9307206,40.7935034],[38.930629,40.7935975],[38.9305318,40.7937116],[38.9304406,40.7938284],[38.9303555,40.7939478],[38.9303179,40.7940044],[38.9302711,40.7940569],[38.9302159,40.7941045],[38.9301532,40.7941465],[38.930084,40.7941821],[38.9300095,40.7942108],[38.9299644,40.794224],[38.9299182,40.7942347],[38.9298241,40.7942511],[38.9297282,40.7942598],[38.9296316,40.7942607],[38.9295355,40.7942538],[38.9294408,40.7942392],[38.9293581,40.7942197],[38.9292734,40.7942061],[38.9291873,40.7941988],[38.9291007,40.7941976],[38.9290144,40.7942027],[38.9289436,40.7942115],[38.9288739,40.7942246],[38.9288059,40.7942418],[38.9285957,40.7942753],[38.928384,40.7943032],[38.9281396,40.7943282],[38.927894,40.7943448],[38.9276476,40.7943531],[38.927401,40.7943529],[38.9272468,40.7943485],[38.9270927,40.7943534],[38.9269395,40.7943676],[38.9267884,40.794391],[38.9266401,40.7944234],[38.9264958,40.7944646],[38.9264231,40.7944893],[38.9263518,40.7945161],[38.9262134,40.7945758],[38.9260814,40.7946433],[38.9260132,40.7946827],[38.9259526,40.7947288],[38.9259008,40.7947806],[38.9258587,40.7948372],[38.9258396,40.7948708],[38.925824,40.7949053],[38.9257984,40.7949757],[38.9257822,40.7950477],[38.9257756,40.7951205],[38.9257775,40.7951813],[38.9257861,40.7952418],[38.9257887,40.7953634],[38.9257836,40.795485],[38.9257741,40.7955808],[38.9257597,40.7956763],[38.9257275,40.7958669],[38.9256871,40.7960566],[38.9256602,40.796165],[38.9256253,40.7962722],[38.9255825,40.7963777],[38.9255319,40.7964813],[38.9254738,40.7965825],[38.9254187,40.7966663],[38.9253583,40.7967481],[38.9252324,40.7969094],[38.9251025,40.7970592],[38.9249777,40.7972115],[38.9248583,40.7973663],[38.9247072,40.7975764],[38.9245659,40.7977903],[38.9244345,40.7980079],[38.9242989,40.798211],[38.9241572,40.7984117],[38.9240094,40.7986099],[38.92387,40.7987875],[38.9237358,40.7989674],[38.923607,40.7991495],[38.9234638,40.7993641],[38.923315,40.7995765],[38.9231604,40.7997866],[38.9230627,40.7999144],[38.9229564,40.8000383],[38.9228418,40.8001579],[38.9227192,40.8002728],[38.9226395,40.8003416],[38.9225568,40.8004083],[38.9224035,40.8005496],[38.9222594,40.8006965],[38.9221251,40.8008485],[38.9220578,40.8009312],[38.9219983,40.8010173],[38.9219469,40.8011063],[38.9219038,40.8011978],[38.9218693,40.8012914],[38.9218435,40.8013865],[38.9218306,40.8014541],[38.9218222,40.801522],[38.9218132,40.8016582],[38.9218166,40.8017946],[38.9218285,40.8019046],[38.9218294,40.8020149],[38.9218193,40.802125],[38.9217983,40.8022342],[38.9217665,40.8023418],[38.9217241,40.8024474],[38.9216708,40.8025513],[38.921609,40.8026524],[38.921539,40.8027505],[38.921461,40.802845],[38.9213754,40.8029357],[38.9212973,40.8030091],[38.9212125,40.8030781],[38.9211213,40.8031423],[38.9210243,40.8032014],[38.920922,40.8032551],[38.9208148,40.8033032],[38.9207377,40.8033331],[38.9206587,40.8033601],[38.9204978,40.8034087],[38.9203329,40.8034489],[38.9201647,40.8034804],[38.9199941,40.8035032],[38.9198523,40.8035152],[38.9197125,40.8035363],[38.9195755,40.8035663],[38.9194424,40.8036051],[38.9193141,40.8036524],[38.9191939,40.8037067],[38.9190801,40.8037684],[38.9188493,40.8038882],[38.9186221,40.8040117],[38.9184279,40.804122],[38.9182264,40.8042246],[38.9180183,40.8043192],[38.9178041,40.8044056],[38.9177016,40.8044433],[38.917603,40.8044865],[38.9175089,40.8045351],[38.9174198,40.8045888],[38.917336,40.8046472],[38.9172417,40.8047247],[38.9171529,40.8048059],[38.9170698,40.8048904],[38.9169927,40.8049782],[38.9169008,40.8050979],[38.9168201,40.8052222],[38.9166518,40.805468],[38.9164759,40.8057338],[38.916311,40.8060037],[38.9161572,40.8062773],[38.9160148,40.8065544],[38.9158951,40.8068095],[38.915785,40.8070672],[38.9156846,40.8073271],[38.9156423,40.8074587],[38.9155939,40.807589],[38.9155184,40.8077646],[38.9154318,40.8079372],[38.9153345,40.8081065],[38.9152266,40.8082721],[38.9151084,40.8084336],[38.9149369,40.8086551],[38.9147571,40.8088729],[38.9145693,40.8090867],[38.9144683,40.8091899],[38.9143735,40.8092964],[38.9142707,40.8094251],[38.914177,40.8095578],[38.9140926,40.809694],[38.9140178,40.8098334],[38.9139529,40.8099756],[38.913898,40.8101202],[38.9138532,40.8102668],[38.9137288,40.8106469],[38.9135934,40.8110249],[38.9134469,40.8114005],[38.9132894,40.8117735],[38.913121,40.8121438],[38.9129419,40.8125112],[38.912752,40.8128755],[38.9125515,40.8132365],[38.9124432,40.8134144],[38.9123404,40.8135941],[38.9122136,40.813833],[38.9120963,40.8140747],[38.9119888,40.814319],[38.9118911,40.8145657],[38.9118033,40.8148145],[38.9117255,40.8150651],[38.9116577,40.8153175],[38.9116001,40.8155712],[38.9115069,40.8158484],[38.9114255,40.8161277],[38.9113559,40.8164088],[38.9112983,40.8166914],[38.9112527,40.8169753],[38.9112192,40.8172601],[38.9111988,40.8175277],[38.911189,40.8177956],[38.9111899,40.8180636],[38.9112014,40.8183314],[38.9112236,40.8185989],[38.9112563,40.8188657],[38.9112997,40.8191317],[38.9113942,40.8197635],[38.9114767,40.8203962],[38.9115049,40.8205728],[38.911521,40.8207502],[38.911525,40.820928],[38.9115183,40.8210883],[38.9115017,40.8212481],[38.911466,40.8215674],[38.9114272,40.8218304],[38.9113788,40.8220925],[38.9113208,40.8223534],[38.9112533,40.822613],[38.9111763,40.8228712],[38.9110898,40.8231275],[38.9109939,40.823382],[38.9109408,40.8235126],[38.9108784,40.8236409],[38.9108071,40.8237665],[38.9107269,40.823889],[38.9106382,40.824008],[38.9105411,40.8241233],[38.910436,40.8242345],[38.9103339,40.8243316],[38.9102237,40.8244236],[38.910106,40.8245101],[38.9099812,40.8245907],[38.9098498,40.824665],[38.9097124,40.8247329],[38.9095695,40.8247939],[38.9094218,40.824848],[38.9092698,40.8248947],[38.9091142,40.824934],[38.9089555,40.8249656],[38.9087945,40.8249895],[38.9086927,40.8250005],[38.9085905,40.8250084],[38.9083878,40.8250344],[38.908187,40.8250675],[38.9079884,40.8251077],[38.9077925,40.8251549],[38.9075997,40.8252089],[38.9074105,40.8252696],[38.9072425,40.8253303],[38.9070789,40.8253976],[38.9069202,40.8254713],[38.9067669,40.8255511],[38.9066192,40.825637],[38.9065618,40.825673],[38.9065115,40.8257147],[38.9064694,40.8257614],[38.9064362,40.825812],[38.9064127,40.8258656],[38.9063993,40.8259211],[38.9063961,40.8259744],[38.9064022,40.8260275],[38.9064175,40.8260795],[38.9064417,40.8261296],[38.9064744,40.8261768],[38.9065608,40.8264473],[38.9066565,40.8267159],[38.9067614,40.8269826],[38.9068241,40.8271309],[38.906878,40.8272811],[38.9069229,40.8274331],[38.9069587,40.8275864],[38.9069853,40.8277408],[38.9070028,40.8278959],[38.907011,40.8280504],[38.9070101,40.8282049],[38.9070273,40.8285137],[38.9070544,40.8288221],[38.9070913,40.8291299],[38.9071132,40.8292817],[38.9071253,40.8294342],[38.9071275,40.829587],[38.9071198,40.8297396],[38.9071022,40.8298918],[38.9070748,40.8300432],[38.9070377,40.8301933],[38.9069953,40.8303292],[38.9069646,40.8304668],[38.9069457,40.8306056],[38.9069388,40.8307451],[38.9069438,40.8308846],[38.9069607,40.8310235],[38.9069894,40.8311614],[38.9070174,40.8312599],[38.9070515,40.8313573],[38.9071254,40.8315508],[38.9072109,40.8317415],[38.9073077,40.8319292],[38.9074159,40.8321132],[38.907498,40.8322396],[38.9075886,40.8323627],[38.9076874,40.8324821],[38.9077941,40.8325976],[38.9079084,40.8327088],[38.9080301,40.8328154],[38.9081349,40.8328991],[38.9082327,40.8329875],[38.9083231,40.8330803],[38.9084057,40.8331772],[38.9084802,40.8332777],[38.9085464,40.8333816],[38.9086017,40.8334837],[38.908648,40.8335883],[38.9086852,40.833695],[38.9087132,40.8338033],[38.9087318,40.8339128],[38.9087409,40.8340229],[38.908741,40.8341198],[38.9087307,40.8342164],[38.9087099,40.8343121],[38.9086788,40.8344061],[38.9086377,40.8344979],[38.9085867,40.8345868],[38.9085263,40.8346723],[38.9084568,40.8347537],[38.9083788,40.8348306],[38.9083237,40.8348778],[38.9082654,40.8349227],[38.9081441,40.8350088],[38.9080153,40.8350884],[38.9078796,40.8351613],[38.9077377,40.8352269],[38.9075902,40.8352851],[38.9074319,40.8353374],[38.9072699,40.8353828],[38.9071047,40.8354212],[38.906937,40.8354524],[38.9067671,40.8354764],[38.9065958,40.835493],[38.9064234,40.8355023],[38.9062503,40.8355041],[38.9060774,40.835497],[38.9059056,40.835481],[38.9057355,40.8354562],[38.9055682,40.8354226],[38.9054042,40.8353805],[38.9053138,40.8353531],[38.9052248,40.8353232],[38.9050418,40.8352727],[38.9048558,40.8352291],[38.904667,40.8351927],[38.9044762,40.8351634],[38.9043381,40.8351468],[38.9041987,40.8351392],[38.904059,40.8351405],[38.9039199,40.8351508],[38.9037825,40.83517],[38.9036477,40.8351979],[38.9035165,40.8352343],[38.9033899,40.8352791],[38.9033086,40.8353132],[38.90323,40.8353508],[38.9030758,40.8354294],[38.9029278,40.8355145],[38.9027865,40.8356059],[38.9026523,40.8357032],[38.9025759,40.8357638],[38.9025024,40.8358264],[38.9023606,40.8359549],[38.9022271,40.8360885],[38.9021024,40.8362268],[38.9020515,40.8362876],[38.9020099,40.8363523],[38.9019781,40.8364201],[38.9019565,40.8364902],[38.9019453,40.8365617],[38.9019447,40.8366337],[38.9019547,40.8367052],[38.9019752,40.8367755],[38.9020058,40.8368437],[38.9020449,40.8369067],[38.9020926,40.8369661],[38.9021722,40.8370914],[38.9022446,40.8372191],[38.9023017,40.8373325],[38.902353,40.8374476],[38.9024729,40.8376728],[38.902604,40.8378943],[38.9027461,40.838112],[38.9028073,40.8381996],[38.9028599,40.8382903],[38.9029038,40.8383836],[38.9029386,40.8384791],[38.9029643,40.8385763],[38.9029806,40.8386746],[38.9029875,40.8387735],[38.9029856,40.8388634],[38.902976,40.8389531],[38.9029551,40.8391321],[38.902925,40.8393105],[38.9028856,40.8394878],[38.9028514,40.8396152],[38.9028071,40.8397409],[38.9027527,40.8398643],[38.9026885,40.8399849],[38.9026147,40.8401024],[38.9025316,40.8402163],[38.9024792,40.8402805],[38.9024239,40.8403432],[38.9023246,40.840474],[38.9022337,40.8406082],[38.9021515,40.8407456],[38.9020783,40.8408859],[38.902034,40.8409819],[38.9019783,40.8410745],[38.9019118,40.8411629],[38.9018349,40.8412464],[38.9017484,40.8413242],[38.9017005,40.8413617],[38.9016504,40.8413974],[38.9015451,40.8414646],[38.9014331,40.8415253],[38.9013152,40.8415791],[38.901192,40.8416257],[38.9010644,40.8416649],[38.900933,40.8416963],[38.9007989,40.8417199],[38.9006958,40.8417323],[38.9005919,40.8417401],[38.9004876,40.8417432],[38.9001772,40.8417723],[38.8998678,40.8418071],[38.8995597,40.8418477],[38.8991884,40.8419044],[38.8988198,40.8419703],[38.8984541,40.842045],[38.8980919,40.8421287],[38.8977334,40.8422213],[38.897379,40.8423225],[38.8970504,40.8424255],[38.8967178,40.8425209],[38.8963815,40.8426087],[38.8960419,40.8426888],[38.8956993,40.8427612],[38.895354,40.8428257],[38.8950862,40.8428701],[38.8948208,40.8429222],[38.8945582,40.8429818],[38.8942988,40.843049],[38.894043,40.8431235],[38.8937911,40.8432054],[38.8935435,40.8432945],[38.8934056,40.8433479],[38.8932693,40.8434036],[38.8929905,40.843506],[38.8927075,40.8436015],[38.8924205,40.8436899],[38.89213,40.8437713],[38.8919366,40.843821],[38.8917402,40.8438632],[38.8915412,40.8438978],[38.8913402,40.8439247],[38.8911375,40.8439438],[38.8909798,40.8439532],[38.8908216,40.8439543],[38.8906637,40.843947],[38.8905069,40.8439314],[38.8903519,40.8439075],[38.8901994,40.8438755],[38.8900503,40.8438355],[38.8899053,40.8437877],[38.889765,40.8437324],[38.8896301,40.8436698],[38.8895188,40.8436103],[38.8894124,40.8435458],[38.8891896,40.843427],[38.8889619,40.8433137],[38.8887296,40.8432059],[38.8884929,40.8431037],[38.8882646,40.8430122],[38.8880328,40.8429259],[38.8877976,40.8428449],[38.8871062,40.8425802],[38.8869928,40.8425361],[38.8868749,40.8424994],[38.8867533,40.8424704],[38.886629,40.8424493],[38.8865027,40.8424362],[38.8863758,40.8424312],[38.8862488,40.8424338],[38.8861225,40.8424442],[38.8859977,40.8424621],[38.8858752,40.8424875],[38.8857557,40.8425202],[38.8856401,40.84256],[38.885529,40.8426066],[38.8854616,40.8426394],[38.8853965,40.8426748],[38.8852708,40.8427501],[38.8851527,40.8428321],[38.8850428,40.8429204],[38.8849416,40.8430145],[38.884876,40.8430839],[38.8848151,40.8431558],[38.8846974,40.8433015],[38.8845888,40.8434512],[38.8844895,40.8436045],[38.8843998,40.8437612],[38.8843465,40.843865],[38.8842857,40.8439664],[38.8842176,40.8440652],[38.8841423,40.8441609],[38.8840645,40.8442487],[38.8839807,40.8443333],[38.8838911,40.8444145],[38.8836461,40.8446715],[38.8834074,40.8449319],[38.8832819,40.8450731],[38.8831641,40.8452181],[38.8830543,40.8453666],[38.8829526,40.8455184],[38.8828593,40.8456732],[38.8827744,40.8458308],[38.8827212,40.8459402],[38.8826721,40.8460506],[38.8825776,40.8462725],[38.882491,40.8464962],[38.8824123,40.8467215],[38.88234,40.8469539],[38.882276,40.8471877],[38.8822205,40.8474228],[38.8821736,40.8476589],[38.8821352,40.8477421],[38.8820863,40.847822],[38.8820274,40.847898],[38.881959,40.8479693],[38.8818973,40.848023],[38.8818281,40.8480711],[38.881752,40.8481129],[38.8816703,40.848148],[38.8815838,40.8481759],[38.8814937,40.8481962],[38.8814011,40.8482088],[38.8813125,40.8482132],[38.8812237,40.8482105],[38.8811358,40.8482007],[38.8810497,40.8481838],[38.8809666,40.8481601],[38.8807998,40.8480996],[38.8806386,40.8480309],[38.8804839,40.8479542],[38.8803363,40.8478699],[38.8802314,40.8478024],[38.880131,40.8477311],[38.8800354,40.847656],[38.8797266,40.8474487],[38.8794102,40.847248],[38.8790864,40.8470543],[38.8788608,40.8469258],[38.878639,40.8467935],[38.8784212,40.8466576],[38.8783062,40.8465833],[38.8781852,40.8465148],[38.8780586,40.8464522],[38.877927,40.8463959],[38.8777909,40.8463462],[38.8777199,40.8463233],[38.8776455,40.8463076],[38.8775691,40.8462994],[38.877492,40.8462987],[38.8774154,40.8463056],[38.8773362,40.846321],[38.8772607,40.8463445],[38.8771901,40.8463756],[38.8770643,40.8464207],[38.8769435,40.8464731],[38.8768285,40.8465325],[38.8767201,40.8465986],[38.8766187,40.8466708],[38.8765413,40.8467344],[38.8764695,40.8468016],[38.8764035,40.8468722],[38.8763436,40.8469459],[38.8760716,40.8472227],[38.8756641,40.8476464],[38.8752615,40.8480728],[38.8750974,40.848249],[38.8749266,40.8484215],[38.8747492,40.8485902],[38.8746619,40.8486697],[38.8745674,40.8487443],[38.8744661,40.8488137],[38.8743586,40.8488774],[38.8742453,40.8489352],[38.874127,40.8489868],[38.874002,40.8490326],[38.8738814,40.8490847],[38.8737657,40.8491429],[38.8736555,40.8492068],[38.8735513,40.8492762],[38.8734535,40.8493508],[38.8733625,40.8494302],[38.8732944,40.8494976],[38.873219,40.8495604],[38.8731368,40.8496181],[38.8730484,40.8496703],[38.8729544,40.8497167],[38.8728556,40.8497568],[38.8727442,40.8497929],[38.8726289,40.8498211],[38.8723994,40.8498795],[38.8721673,40.8499319],[38.8719331,40.8499783],[38.8716969,40.8500185],[38.8715177,40.8500449],[38.8713407,40.8500785],[38.8711663,40.8501195],[38.8709952,40.8501676],[38.8708279,40.8502227],[38.8706647,40.8502847],[38.8705063,40.8503533],[38.8703531,40.8504284],[38.8702305,40.8504953],[38.8701153,40.8505694],[38.8700084,40.8506503],[38.8699105,40.8507373],[38.869822,40.8508301],[38.8697779,40.8508831],[38.8697368,40.8509374],[38.8696622,40.8510492],[38.8695985,40.8511647],[38.869546,40.8512835],[38.8695051,40.8514048],[38.869476,40.851528],[38.8694598,40.8516417],[38.8694341,40.8517545],[38.8693989,40.8518657],[38.8693543,40.851975],[38.8693006,40.852082],[38.869238,40.8521861],[38.8691668,40.852287],[38.8690871,40.8523842],[38.8690306,40.8524457],[38.8689707,40.8525053],[38.8688464,40.8526219],[38.8687146,40.8527336],[38.8685756,40.8528402],[38.8684297,40.8529414],[38.8682773,40.853037],[38.8681188,40.8531267],[38.8680101,40.8531831],[38.867899,40.8532366],[38.8676741,40.8533405],[38.8674444,40.8534382],[38.8672101,40.8535295],[38.8669717,40.8536144],[38.8667294,40.8536928],[38.8665455,40.8537471],[38.8663581,40.8537944],[38.8661677,40.8538344],[38.865975,40.853867],[38.8657803,40.8538922],[38.8655841,40.8539098],[38.8653711,40.8539204],[38.8651576,40.8539235],[38.8649442,40.853919],[38.8647312,40.853907],[38.8645193,40.8538875],[38.8643731,40.8538696],[38.8642277,40.8538481],[38.8639345,40.8538167],[38.86364,40.8537933],[38.8633445,40.853778],[38.863209,40.8537736],[38.8630735,40.8537785],[38.8629391,40.8537924],[38.8628069,40.8538154],[38.8626779,40.8538472],[38.8625532,40.8538875],[38.8624661,40.8539219],[38.8623853,40.8539642],[38.8623119,40.8540136],[38.8622471,40.8540695],[38.8621919,40.854131],[38.8621471,40.8541971],[38.8621134,40.8542669],[38.8620929,40.8543319],[38.8620821,40.8543981],[38.8620587,40.8545303],[38.8620432,40.8546632],[38.8620356,40.8547964],[38.8620352,40.8549009],[38.8620239,40.855005],[38.8620017,40.8551081],[38.8619689,40.8552096],[38.8619255,40.8553087],[38.861872,40.855405],[38.8618175,40.8554858],[38.8617558,40.8555635],[38.8616872,40.8556378],[38.861612,40.8557084],[38.8613436,40.8560076],[38.8612626,40.8560951],[38.861192,40.8561876],[38.8611321,40.8562844],[38.8610835,40.8563847],[38.8610465,40.8564878],[38.8610213,40.856593],[38.8610083,40.8566993],[38.8610065,40.8567792],[38.861014,40.8568589],[38.8610309,40.8569378],[38.861057,40.8570153],[38.8610921,40.8570906],[38.8611359,40.8571634],[38.861188,40.8572329],[38.8612357,40.857286],[38.8612882,40.8573364],[38.8613975,40.8574345],[38.8615154,40.8575268],[38.8616413,40.8576128],[38.8617747,40.8576921],[38.8619149,40.8577644],[38.86204,40.8578205],[38.8621697,40.8578704],[38.8623033,40.857914],[38.8624402,40.8579511],[38.8625801,40.8579815],[38.8627163,40.8580042],[38.8628542,40.8580206],[38.8629931,40.8580306],[38.8631326,40.8580342],[38.8632203,40.8580567],[38.8633037,40.8580871],[38.8633816,40.8581249],[38.8634528,40.8581698],[38.8635161,40.8582208],[38.8635644,40.85827],[38.8636043,40.8583233],[38.8636351,40.8583799],[38.8636564,40.858439],[38.8636679,40.8584996],[38.8636693,40.8585608],[38.8636607,40.8586217],[38.8636422,40.8586813],[38.8636248,40.8587194],[38.8636033,40.8587562],[38.8635556,40.8588282],[38.8634995,40.8588966],[38.8634354,40.8589608],[38.8633638,40.8590204],[38.8632855,40.8590749],[38.8631973,40.8591256],[38.8631033,40.8591698],[38.8630041,40.8592072],[38.8629007,40.8592373],[38.8627941,40.8592599],[38.8626851,40.8592747],[38.8625747,40.8592818],[38.8618503,40.8592475],[38.8611263,40.8592088],[38.860971,40.8591999],[38.8608152,40.8591986],[38.8606597,40.859205],[38.860505,40.859219],[38.8603519,40.8592406],[38.8602009,40.8592696],[38.8601059,40.859292],[38.8600144,40.8593219],[38.8599277,40.8593588],[38.8598465,40.8594024],[38.8597718,40.8594522],[38.8596982,40.8595134],[38.8596344,40.8595807],[38.8595813,40.859653],[38.8594481,40.8598315],[38.859326,40.8600144],[38.8592152,40.8602014],[38.8591161,40.8603922],[38.8590288,40.8605862],[38.8589667,40.860746],[38.8589127,40.8609074],[38.8588668,40.8610702],[38.858829,40.8612343],[38.8588438,40.8612659],[38.8588663,40.8612948],[38.8588956,40.86132],[38.8589306,40.8613406],[38.8589701,40.8613558],[38.8590127,40.8613651],[38.8590561,40.8613682],[38.8590996,40.8613651],[38.8591415,40.861356],[38.8592714,40.8613353],[38.8594003,40.8613114],[38.8595683,40.8612751],[38.8597388,40.8612461],[38.8599112,40.8612246],[38.860085,40.8612106],[38.8602595,40.8612041],[38.8604343,40.8612053],[38.8606086,40.861214],[38.8607654,40.8612284],[38.860921,40.8612489],[38.861075,40.8612755],[38.8615394,40.8613449],[38.8617356,40.8613766],[38.8619293,40.8614159],[38.8621202,40.8614627],[38.8623076,40.8615169],[38.8624911,40.8615783],[38.8626701,40.8616468],[38.8628443,40.8617222],[38.8630119,40.8618036],[38.8631739,40.8618915],[38.8633297,40.8619855],[38.8638085,40.8622557],[38.8639221,40.8623213],[38.8640284,40.8623936],[38.8641268,40.862472],[38.8642166,40.8625561],[38.8642974,40.8626453],[38.8643684,40.8627391],[38.8644294,40.8628368],[38.8644785,40.8629345],[38.8645172,40.8630348],[38.8645455,40.863137],[38.8645632,40.8632407],[38.8645701,40.863345],[38.8645662,40.8634494],[38.8645563,40.8635273],[38.8645403,40.8636047],[38.8645025,40.8637585],[38.864453,40.8639105],[38.8643919,40.86406],[38.8643636,40.8641204],[38.8643248,40.8641774],[38.8642761,40.8642299],[38.8642186,40.8642769],[38.8641532,40.8643176],[38.8641132,40.8643375],[38.8640714,40.8643551],[38.8639843,40.8643849],[38.8638931,40.8644067],[38.8637991,40.8644201],[38.8637393,40.8644241],[38.8636792,40.8644247],[38.8635593,40.8644211],[38.8634403,40.8644092],[38.8633232,40.8643892],[38.863209,40.8643612],[38.8631252,40.8643349],[38.8630439,40.8643043],[38.8628745,40.8642551],[38.8627014,40.864214],[38.8625252,40.864181],[38.8623467,40.8641564],[38.862244,40.864146],[38.8621405,40.8641434],[38.8620371,40.8641484],[38.8619349,40.8641612],[38.8618348,40.8641815],[38.8617378,40.8642091],[38.8616783,40.8642303],[38.8616207,40.8642544],[38.8615092,40.8643073],[38.8614043,40.8643674],[38.8613068,40.8644342],[38.8612175,40.8645073],[38.861138,40.864585],[38.8610684,40.864668],[38.8610094,40.8647556],[38.8609615,40.864847],[38.8609251,40.8649414],[38.8609092,40.8649982],[38.8608974,40.8650556],[38.8608589,40.865168],[38.8608098,40.8652781],[38.8607502,40.8653854],[38.8606804,40.8654892],[38.8605443,40.865698],[38.8604664,40.8658119],[38.8603991,40.8659297],[38.8603428,40.8660508],[38.8602977,40.8661744],[38.860264,40.8663002],[38.860242,40.8664274],[38.8602317,40.8665555],[38.8602331,40.8666838],[38.8602385,40.8667506],[38.8602472,40.8668173],[38.8602728,40.8669498],[38.8603098,40.8670807],[38.8603582,40.8672095],[38.8604177,40.8673357],[38.8604879,40.8674586],[38.8605709,40.8675806],[38.860663,40.8676989],[38.860764,40.8678129],[38.8608736,40.8679223],[38.8609913,40.8680267],[38.8611168,40.8681258],[38.8612497,40.8682192],[38.8613725,40.8682966],[38.8615012,40.8683685],[38.8616352,40.8684344],[38.8617742,40.8684943],[38.8619176,40.8685478],[38.8620194,40.8685812],[38.862123,40.8686114],[38.8623238,40.8686831],[38.8625192,40.8687627],[38.8627088,40.86885],[38.8628503,40.8689223],[38.8629878,40.8689988],[38.8632624,40.8691523],[38.8635322,40.8693105],[38.8636266,40.8693675],[38.8637135,40.869431],[38.8637923,40.8695004],[38.8638621,40.869575],[38.8639223,40.8696542],[38.8639726,40.8697373],[38.8640124,40.8698236],[38.8640393,40.8699049],[38.864057,40.8699876],[38.8640652,40.8700712],[38.8641059,40.87032],[38.8641343,40.8705698],[38.8641506,40.8708203],[38.8641545,40.871071],[38.8641489,40.8712708],[38.8641331,40.8714704],[38.8641072,40.8716693],[38.8640713,40.8718673],[38.8640253,40.8720642],[38.8639694,40.8722595],[38.8639032,40.8724544],[38.8638271,40.8726471],[38.8637412,40.8728375],[38.8636457,40.8730252],[38.8635407,40.87321],[38.8634263,40.8733916],[38.8633027,40.8735698],[38.8631701,40.8737442],[38.862855,40.8743308],[38.8625465,40.8749195],[38.8623159,40.8753697],[38.8620892,40.875821],[38.8620548,40.8759091],[38.862032,40.8759993],[38.862021,40.8760908],[38.862022,40.8761827],[38.8620349,40.8762741],[38.8620596,40.876364],[38.8620959,40.8764517],[38.8621301,40.8765148],[38.8621747,40.876574],[38.862229,40.8766285],[38.862292,40.8766772],[38.8623628,40.8767194],[38.8624172,40.8767451],[38.862477,40.8767625],[38.8625401,40.8767709],[38.8626042,40.8767701],[38.8626573,40.8767623],[38.8627081,40.8767481],[38.8627552,40.8767278],[38.8627973,40.8767022],[38.8631916,40.8765166],[38.8634057,40.8764184],[38.8636255,40.8763277],[38.8638504,40.8762446],[38.8640802,40.8761693],[38.8643142,40.8761019],[38.864552,40.8760426],[38.8647931,40.8759915],[38.865037,40.8759487],[38.8652968,40.8759127],[38.8655586,40.8758857],[38.8658218,40.8758678],[38.8660858,40.8758591],[38.86635,40.8758596],[38.8666139,40.8758692],[38.866877,40.8758879],[38.8670565,40.875906],[38.8672338,40.8759338],[38.8674081,40.875971],[38.8675784,40.8760175],[38.8677439,40.8760731],[38.8679038,40.8761375],[38.8680571,40.8762104],[38.8681261,40.876247],[38.8681887,40.8762897],[38.8682442,40.8763376],[38.8682917,40.8763903],[38.8683306,40.8764468],[38.8683602,40.8765065],[38.8683799,40.8765668],[38.8683901,40.8766285],[38.8683908,40.8766906],[38.8683819,40.8767524],[38.8683636,40.876813],[38.8682898,40.877098],[38.8682317,40.877323],[38.8681618,40.877546],[38.8680804,40.8777668],[38.8679874,40.8779849],[38.867932,40.8781024],[38.8678871,40.8782224],[38.8678529,40.8783445],[38.8678296,40.8784679],[38.8678171,40.8785923],[38.8678157,40.878717],[38.8678258,40.8788458],[38.8678245,40.8789748],[38.8678117,40.8791034],[38.8677875,40.879231],[38.867752,40.8793572],[38.8677054,40.8794813],[38.8676479,40.8796027],[38.8675797,40.8797209],[38.867521,40.8798083],[38.8674564,40.8798932],[38.8673243,40.8800618],[38.8671835,40.8802263],[38.8670343,40.8803865],[38.866877,40.8805422],[38.8668022,40.880612],[38.8667195,40.8806765],[38.8666296,40.8807352],[38.8665331,40.8807877],[38.8664309,40.8808335],[38.8663238,40.8808723],[38.8662125,40.8809037],[38.866098,40.8809276],[38.8659811,40.8809438],[38.8658849,40.8809511],[38.8657883,40.8809531],[38.8655963,40.8809698],[38.8654056,40.8809936],[38.8652168,40.8810247],[38.8650303,40.8810628],[38.8648465,40.881108],[38.8646669,40.8811598],[38.8644911,40.8812185],[38.8643195,40.8812839],[38.8641526,40.881356],[38.8639909,40.8814345],[38.8639033,40.8814809],[38.8638209,40.8815324],[38.8637443,40.8815887],[38.8636738,40.8816495],[38.86361,40.8817144],[38.8635532,40.8817831],[38.8635038,40.881855],[38.8634622,40.8819297],[38.8634287,40.8820067],[38.8634035,40.8820855],[38.8633402,40.8822799],[38.8632888,40.8824764],[38.8632496,40.8826744],[38.8632225,40.8828736],[38.8632076,40.8830736],[38.863205,40.8832738],[38.8632112,40.8834257],[38.8632272,40.8835772],[38.8632529,40.883728],[38.8632884,40.8838776],[38.8633334,40.8840257],[38.8633879,40.884172],[38.8634518,40.8843161],[38.8635201,40.8844491],[38.8635986,40.8845788],[38.863687,40.8847049],[38.863785,40.8848268],[38.8638923,40.8849442],[38.8640084,40.8850566],[38.8641331,40.8851638],[38.8642094,40.8852236],[38.8642885,40.8852814],[38.864436,40.8854047],[38.8645753,40.8855334],[38.864706,40.8856672],[38.8648278,40.8858057],[38.8649404,40.8859485],[38.8650177,40.8860569],[38.8650841,40.8861694],[38.8651394,40.8862852],[38.8651832,40.8864038],[38.8652152,40.8865246],[38.8652354,40.8866468],[38.8652435,40.8867698],[38.8652417,40.8868614],[38.8652333,40.8869527],[38.8652182,40.8870436],[38.8652022,40.8873178],[38.8651954,40.8875923],[38.8651979,40.8878668],[38.8652071,40.888097],[38.8652066,40.8883273],[38.8651964,40.8885575],[38.8651765,40.8887873],[38.8651469,40.8890165],[38.8651161,40.8892005],[38.8650727,40.8893831],[38.8650169,40.8895637],[38.8649489,40.8897419],[38.8648688,40.8899172],[38.8647768,40.8900891],[38.8647075,40.8902041],[38.8646267,40.8903147],[38.8645351,40.8904204],[38.864433,40.8905205],[38.8643211,40.8906143],[38.8642001,40.8907015],[38.8641262,40.8907486],[38.8640497,40.8907932],[38.8638924,40.8908781],[38.8637287,40.8909558],[38.8635593,40.8910261],[38.8633847,40.8910888],[38.8632115,40.8911418],[38.8630346,40.8911874],[38.862681,40.8912784],[38.862324,40.8913618],[38.861964,40.8914374],[38.8616014,40.8915053],[38.8612363,40.8915653],[38.8608987,40.8916134],[38.8605632,40.8916696],[38.8602303,40.8917338],[38.8599002,40.8918058],[38.8595733,40.8918856],[38.8593426,40.8919472],[38.8591157,40.8920162],[38.858893,40.8920927],[38.858675,40.8921765],[38.8584619,40.8922673],[38.8582543,40.8923651],[38.8580525,40.8924696],[38.8578475,40.8925862],[38.8576497,40.8927098],[38.8574597,40.8928401],[38.8572777,40.8929769],[38.8571041,40.8931197],[38.8569394,40.8932684],[38.8558128,40.8940734],[38.8556642,40.8941529],[38.8555101,40.8942261],[38.8553508,40.8942928],[38.8551869,40.8943528],[38.8550189,40.8944059],[38.8548459,40.8944522],[38.8546697,40.8944913],[38.854323,40.8945823],[38.8539789,40.8946789],[38.8536376,40.894781],[38.8535229,40.8948167],[38.8534126,40.8948596],[38.8533075,40.8949094],[38.8532083,40.8949657],[38.8531157,40.8950281],[38.8530303,40.8950961],[38.8529529,40.8951694],[38.8528839,40.8952473],[38.8528218,40.8953324],[38.8527697,40.8954212],[38.8527281,40.8955132],[38.8526972,40.8956075],[38.8526773,40.8957035],[38.8526241,40.8958312],[38.8525823,40.8959614],[38.852552,40.8960934],[38.8525336,40.8962266],[38.852527,40.8963604],[38.8525322,40.8964943],[38.8525493,40.8966276],[38.8525781,40.8967598],[38.8526172,40.8968863],[38.8526468,40.8970143],[38.8526669,40.8971434],[38.8526773,40.8972731],[38.852678,40.8974031],[38.8526691,40.8975328],[38.8526505,40.897662],[38.8526321,40.8977507],[38.8526042,40.8978379],[38.8525672,40.8979231],[38.8525211,40.8980058],[38.8524663,40.8980855],[38.8524031,40.8981615],[38.8523321,40.8982333],[38.8522536,40.8983007],[38.8521959,40.8983438],[38.8521352,40.8983844],[38.8520103,40.8984627],[38.8518795,40.8985351],[38.8517431,40.8986015],[38.8516018,40.8986615],[38.8514439,40.8987191],[38.8512814,40.8987689],[38.8511149,40.8988105],[38.8509453,40.8988439],[38.8502929,40.8990346],[38.8501356,40.8990819],[38.8499752,40.8991227],[38.849812,40.8991566],[38.8496466,40.8991837],[38.8494795,40.8992039],[38.8493112,40.899217],[38.8492156,40.8992213],[38.8491214,40.8992348],[38.8490303,40.8992571],[38.8489437,40.899288],[38.8488743,40.8993208],[38.84881,40.899359],[38.8487515,40.8994023],[38.8486996,40.8994502],[38.8485054,40.8996765],[38.848306,40.8999002],[38.8481015,40.9001212],[38.8479993,40.9002287],[38.8479047,40.9003401],[38.8478181,40.9004551],[38.8477396,40.9005734],[38.8476695,40.9006947],[38.847608,40.9008186],[38.8475655,40.9009183],[38.8475329,40.90102],[38.8475103,40.9011232],[38.8474979,40.9012275],[38.8474958,40.9013321],[38.8475039,40.9014366],[38.8475221,40.9015404],[38.847545,40.9016255],[38.8475747,40.9017094],[38.8476348,40.9018769],[38.8476583,40.9019368],[38.8476726,40.9019984],[38.8476776,40.9020608],[38.8476733,40.9021232],[38.8476597,40.9021848],[38.8476369,40.9022449],[38.8476053,40.9023026],[38.8475588,40.9023648],[38.8475021,40.902422],[38.8474361,40.9024731],[38.8467232,40.9030615],[38.8465205,40.9032193],[38.8463098,40.903371],[38.8461552,40.9034751],[38.845997,40.9035759],[38.8456911,40.9037868],[38.8453925,40.9040035],[38.845297,40.9040752],[38.8452085,40.9041518],[38.8451276,40.9042331],[38.8450546,40.9043185],[38.8449899,40.9044077],[38.8449338,40.9045002],[38.8449073,40.9045512],[38.8448903,40.9046044],[38.8448831,40.904659],[38.8448859,40.9047137],[38.8448986,40.9047677],[38.844921,40.9048198],[38.8449526,40.9048691],[38.8449917,40.9049136],[38.8450384,40.9049537],[38.8451159,40.9050427],[38.8451849,40.9051356],[38.8452449,40.905232],[38.8452822,40.9053029],[38.8453147,40.9053751],[38.8453749,40.9055206],[38.8454255,40.9056682],[38.8454664,40.9058176],[38.8454974,40.9059683],[38.8455185,40.9061199],[38.8455295,40.9062686],[38.8455522,40.9064165],[38.8455866,40.9065631],[38.8456325,40.9067079],[38.8456898,40.9068504],[38.8457583,40.90699],[38.8458377,40.9071263],[38.8459278,40.9072587],[38.8460281,40.9073869],[38.8461429,40.9075149],[38.846268,40.9076373],[38.8464029,40.9077536],[38.8467678,40.9081259],[38.8471225,40.9085038],[38.8474123,40.9088252],[38.8476949,40.9091502],[38.8479701,40.9094788],[38.8480246,40.9095545],[38.8480689,40.909634],[38.8481026,40.9097163],[38.8481253,40.9098008],[38.8481367,40.9098866],[38.8481368,40.9099728],[38.8481256,40.9100586],[38.8481127,40.9101122],[38.8480954,40.9101652],[38.848054,40.9102696],[38.8480016,40.9103712],[38.8479386,40.9104693],[38.8478654,40.9105632],[38.8477825,40.9106524],[38.8476925,40.9107345],[38.8475942,40.9108111],[38.8474883,40.9108816],[38.8473755,40.9109456],[38.8472563,40.9110027],[38.847064,40.9110912],[38.8468659,40.9111719],[38.8466623,40.9112445],[38.8464539,40.911309],[38.8462414,40.911365],[38.8460517,40.9114071],[38.8458597,40.9114426],[38.8456656,40.9114712],[38.8454701,40.911493],[38.8452734,40.911508],[38.845076,40.911516],[38.8449568,40.9115068],[38.8448371,40.911506],[38.8447178,40.9115135],[38.8445999,40.9115292],[38.8444926,40.911551],[38.8443882,40.9115797],[38.8442874,40.9116151],[38.844191,40.9116568],[38.8440996,40.9117045],[38.8439591,40.9117847],[38.8438242,40.9118702],[38.8436953,40.9119608],[38.8436311,40.9120064],[38.8435726,40.9120562],[38.8435102,40.912121],[38.8434573,40.9121904],[38.8434144,40.9122637],[38.8433821,40.91234],[38.8433584,40.9124235],[38.8433459,40.9125083],[38.8433448,40.9125937],[38.8433552,40.9126788],[38.8433768,40.9127626],[38.8434208,40.9128938],[38.8434765,40.9130223],[38.8435438,40.9131477],[38.8436222,40.9132693],[38.8438512,40.9136388],[38.843955,40.9138272],[38.8440688,40.9140122],[38.8442025,40.9142075],[38.8443474,40.9143981],[38.8445033,40.9145838],[38.8447802,40.9149098],[38.8448809,40.9150143],[38.8449742,40.9151226],[38.8450599,40.9152344],[38.8451482,40.9153663],[38.8452258,40.915502],[38.8452926,40.9156409],[38.8453482,40.9157826],[38.8453925,40.9159266],[38.8454685,40.9161429],[38.8455552,40.9163568],[38.8456526,40.9165681],[38.8457289,40.916708],[38.8457971,40.9168502],[38.8458571,40.9169946],[38.8459088,40.9171407],[38.8459533,40.9172931],[38.8459887,40.9174468],[38.8460151,40.9176015],[38.8460322,40.917757],[38.8460387,40.9178349],[38.8460402,40.9179129],[38.8460327,40.9180346],[38.8460131,40.9181555],[38.8459816,40.9182749],[38.8459632,40.9183343],[38.8459383,40.9183923],[38.845898,40.9184626],[38.8458482,40.9185293],[38.8457893,40.9185916],[38.845722,40.9186489],[38.8456471,40.9187006],[38.8455655,40.9187459],[38.845414,40.9188193],[38.8452689,40.9188998],[38.8451309,40.9189871],[38.8450106,40.9190732],[38.8448972,40.9191644],[38.844791,40.9192605],[38.8447402,40.9193099],[38.8446924,40.9193611],[38.8446199,40.9194498],[38.8445567,40.9195426],[38.844503,40.9196387],[38.8444593,40.9197377],[38.8444258,40.9198389],[38.8444027,40.9199417],[38.844357,40.9201141],[38.8443028,40.920285],[38.8442403,40.9204543],[38.8442009,40.9205371],[38.8441694,40.9206217],[38.8441433,40.9207191],[38.8441275,40.9208178],[38.8441221,40.9209171],[38.8441271,40.9210165],[38.8441426,40.9211152],[38.8441679,40.9212458],[38.8441989,40.9213756],[38.8442268,40.9214128],[38.8442616,40.9214465],[38.8443027,40.9214758],[38.8443491,40.9215003],[38.8444024,40.9215201],[38.8444592,40.9215334],[38.844518,40.9215398],[38.8445775,40.9215392],[38.8446361,40.9215317],[38.8447428,40.9215137],[38.8448478,40.9214904],[38.8449505,40.9214619],[38.8450505,40.9214283],[38.8451776,40.9213921],[38.8453075,40.9213621],[38.8454396,40.9213383],[38.8455735,40.9213209],[38.845735,40.9213058],[38.8458973,40.9212969],[38.84606,40.9212942],[38.8462227,40.9212979],[38.8463849,40.9213077],[38.8465189,40.9213226],[38.8466515,40.9213435],[38.8467822,40.9213703],[38.8469106,40.921403],[38.8470216,40.9214237],[38.8471343,40.9214381],[38.8472481,40.9214461],[38.8473624,40.9214475],[38.8474765,40.9214425],[38.8476344,40.9214284],[38.8477905,40.921406],[38.8479442,40.9213756],[38.8480188,40.9213547],[38.8480948,40.9213371],[38.848209,40.9213175],[38.8483251,40.9213053],[38.8484421,40.9213009],[38.8485592,40.921304],[38.8486755,40.9213148],[38.8487952,40.9213337],[38.8489123,40.9213603],[38.849026,40.9213942],[38.8490816,40.9214135],[38.8491355,40.9214354],[38.8492255,40.9214803],[38.8493081,40.9215327],[38.8493823,40.9215918],[38.8494471,40.921657],[38.8495016,40.9217273],[38.849602,40.9218428],[38.849712,40.9219532],[38.8498312,40.922058],[38.8499589,40.9221569],[38.8500832,40.9222617],[38.8502015,40.9223704],[38.8503134,40.9224828],[38.8504189,40.9225987],[38.8506608,40.9228747],[38.8507336,40.9229704],[38.8508112,40.9230639],[38.8508937,40.9231551],[38.8509963,40.9232588],[38.8511051,40.9233589],[38.8512198,40.9234551],[38.8512824,40.9234994],[38.8513403,40.9235472],[38.8514012,40.9236066],[38.8514549,40.9236698],[38.8515011,40.9237363],[38.8515394,40.9238056],[38.8515694,40.9238772],[38.851591,40.9239505],[38.8516239,40.9240199],[38.8516677,40.9240858],[38.8517219,40.9241471],[38.8517856,40.924203],[38.8518232,40.9242265],[38.8518579,40.9242525],[38.8519051,40.9242965],[38.8519441,40.9243449],[38.8519742,40.9243968],[38.8519948,40.9244513],[38.8520057,40.9245074],[38.8520066,40.9245641],[38.8519974,40.9246203],[38.8519876,40.9247217],[38.8519863,40.9248234],[38.8519936,40.9249249],[38.8520094,40.9250259],[38.8520336,40.9251259],[38.8520782,40.9252793],[38.8521313,40.9254311],[38.8521929,40.925581],[38.8522629,40.9257288],[38.8522839,40.9257846],[38.8522938,40.9258421],[38.8522924,40.9259001],[38.8522803,40.9259557],[38.8522578,40.9260094],[38.8522254,40.9260602],[38.8521704,40.9261173],[38.8521227,40.926178],[38.8520827,40.9262418],[38.8520507,40.9263081],[38.8520269,40.9263763],[38.8520104,40.9264541],[38.8520047,40.9265328],[38.8520097,40.9266115],[38.8520157,40.9266507],[38.8520256,40.9266894],[38.8520482,40.9267482],[38.8520797,40.9268045],[38.8521194,40.9268578],[38.852167,40.9269073],[38.8522218,40.9269524],[38.8522831,40.9269924],[38.8524711,40.9271197],[38.8525656,40.927183],[38.8526545,40.9272508],[38.8527435,40.9273283],[38.8528252,40.9274103],[38.8528992,40.9274963],[38.8529651,40.927586],[38.8530227,40.9276789],[38.8530454,40.9277273],[38.8530716,40.9277746],[38.8531275,40.9278566],[38.8531939,40.9279339],[38.8532703,40.9280058],[38.8533559,40.9280715],[38.8534888,40.9281576],[38.8536155,40.9282488],[38.8537359,40.9283448],[38.8538495,40.9284454],[38.8539646,40.9285592],[38.8540711,40.9286778],[38.8541687,40.9288006],[38.854257,40.9289274],[38.8543357,40.9290577],[38.8543668,40.9291254],[38.8544047,40.9291911],[38.8544639,40.9292732],[38.8545337,40.9293504],[38.8546134,40.9294219],[38.8547022,40.9294871],[38.8547991,40.9295452],[38.8549032,40.9295956],[38.8549595,40.9296151],[38.8550135,40.929638],[38.8550811,40.9296731],[38.8551435,40.9297134],[38.8551998,40.9297584],[38.8552496,40.9298077],[38.8552923,40.9298606],[38.8553274,40.9299166],[38.855414,40.9300461],[38.8554562,40.9301113],[38.8555071,40.930173],[38.8555683,40.9302322],[38.8556375,40.9302861],[38.8557139,40.9303341],[38.8557968,40.9303756],[38.8559186,40.9304427],[38.8560357,40.9305145],[38.8561476,40.9305908],[38.8562541,40.9306715],[38.8563653,40.9307676],[38.8564674,40.9308694],[38.8565598,40.9309763],[38.8566422,40.9310878],[38.8566809,40.9311446],[38.8567141,40.9312034],[38.8567488,40.9312827],[38.8567734,40.9313641],[38.8567878,40.9314469],[38.8567917,40.9315304],[38.8567851,40.9316137],[38.856774,40.9318644],[38.8567758,40.9321153],[38.8567843,40.9324097],[38.8567999,40.9327039],[38.8567965,40.9327725],[38.8568028,40.932841],[38.8568187,40.9329086],[38.8568421,40.9329703],[38.8568735,40.9330299],[38.8569126,40.9330869],[38.8569733,40.9331648],[38.8570404,40.9332395],[38.8571137,40.9333109],[38.8571928,40.9333787],[38.8572814,40.9334438],[38.8573764,40.9335036],[38.8574771,40.9335576],[38.8575312,40.9335803],[38.8575831,40.9336056],[38.8576648,40.9336538],[38.8577388,40.9337084],[38.8578044,40.933769],[38.8578607,40.9338346],[38.8579081,40.9339043],[38.8579459,40.9339773],[38.8579739,40.9340528],[38.8579917,40.93413],[38.8579991,40.9342082],[38.8579962,40.9342865],[38.8579821,40.9343659],[38.8579571,40.9344438],[38.8579214,40.9345192],[38.8578755,40.9345914],[38.8578036,40.9346951],[38.8577262,40.9347965],[38.8576805,40.9348439],[38.8576435,40.9348954],[38.8576138,40.9349546],[38.8575955,40.9350163],[38.857589,40.9350793],[38.8575943,40.9351425],[38.8576113,40.9352044],[38.8576433,40.9353621],[38.8576867,40.9355183],[38.8577414,40.9356725],[38.8577947,40.9357977],[38.8578555,40.935921],[38.8579236,40.9360421],[38.857964,40.9361005],[38.8579988,40.9361608],[38.8580363,40.9362436],[38.8580632,40.9363286],[38.8580795,40.9364152],[38.858085,40.9365026],[38.8580795,40.9365899],[38.8580633,40.9366765],[38.8580364,40.9367616],[38.8579726,40.9369374],[38.8578985,40.9371108],[38.8578143,40.9372816],[38.8577201,40.9374494],[38.8576162,40.9376139],[38.8575026,40.9377747],[38.8573525,40.9380041],[38.8572133,40.9382375],[38.8570854,40.9384745],[38.8569689,40.9387148],[38.856815,40.9390519],[38.8567375,40.9392204],[38.8566712,40.9393916],[38.856622,40.9395449],[38.8565819,40.9396997],[38.8565509,40.9398557],[38.856529,40.9400126],[38.8564897,40.9402253],[38.8564394,40.9404368],[38.8563783,40.9406466],[38.8563463,40.9407513],[38.8563064,40.9408544],[38.8562483,40.9409751],[38.8561794,40.9410925],[38.8561411,40.9411498],[38.8560998,40.941206],[38.8560231,40.9412982],[38.8559381,40.9413862],[38.8558454,40.9414697],[38.8557454,40.9415482],[38.8556904,40.9415834],[38.8556385,40.9416213],[38.8555682,40.9416818],[38.8555059,40.9417471],[38.8554523,40.9418166],[38.8554079,40.9418897],[38.855373,40.9419657],[38.855277,40.9421638],[38.8551746,40.94236],[38.8550659,40.9425543],[38.8549449,40.9427842],[38.8548312,40.9430163],[38.854805,40.9430676],[38.8547866,40.9431208],[38.8547762,40.9431753],[38.854774,40.9432312],[38.8547802,40.943287],[38.8547949,40.9433419],[38.8548177,40.9433951],[38.8549061,40.9435895],[38.8549495,40.943687],[38.8550015,40.9437821],[38.8550524,40.9438608],[38.8551092,40.9439372],[38.8551369,40.9439759],[38.8551718,40.944011],[38.8552147,40.9440428],[38.8552634,40.9440693],[38.855317,40.9440898],[38.8553741,40.9441039],[38.8554333,40.9441113],[38.8555419,40.9441199],[38.8556494,40.9441344],[38.8557552,40.9441549],[38.8558698,40.9441843],[38.8559809,40.9442206],[38.8560878,40.9442635],[38.8561897,40.9443129],[38.8563657,40.9443928],[38.8565455,40.9444678],[38.8567288,40.9445378],[38.8569219,40.9446046],[38.8571182,40.9446658],[38.8572192,40.9446908],[38.8573176,40.9447211],[38.8574412,40.9447684],[38.8575586,40.9448239],[38.8576688,40.9448874],[38.8577709,40.9449582],[38.8579295,40.9450579],[38.8580955,40.9451506],[38.8581841,40.9451907],[38.8582684,40.9452357],[38.8583669,40.9452983],[38.8584572,40.9453675],[38.8585386,40.9454428],[38.8586104,40.9455234],[38.8586692,40.9456038],[38.8587187,40.9456877],[38.8587587,40.9457744],[38.8587888,40.9458634],[38.8588089,40.9459539],[38.8588411,40.9460526],[38.8588836,40.946149],[38.8589363,40.9462425],[38.8589986,40.9463326],[38.8590703,40.9464185],[38.8591509,40.9464999],[38.8593067,40.9466648],[38.859456,40.946833],[38.8595988,40.9470044],[38.8597755,40.947206],[38.859959,40.9474041],[38.8601492,40.9475986],[38.8603458,40.9477894],[38.8605957,40.9480416],[38.8608385,40.9482978],[38.8609516,40.9484301],[38.861074,40.9485577],[38.8611883,40.9486651],[38.861309,40.9487683],[38.8613764,40.9488149],[38.8614361,40.9488672],[38.861489,40.9489267],[38.8615318,40.9489907],[38.861564,40.9490582],[38.8615849,40.9491281],[38.8615943,40.9491994],[38.8616029,40.9493237],[38.8616016,40.9494481],[38.8615927,40.94951],[38.8615903,40.9495722],[38.8615957,40.9496442],[38.8616099,40.9497156],[38.8616326,40.9497856],[38.8616637,40.9498538],[38.861703,40.9499196],[38.8617761,40.9500263],[38.8618587,40.9501291],[38.8619502,40.9502273],[38.8620503,40.9503207],[38.8622518,40.9505155],[38.8624473,40.9507137],[38.8626864,40.9509496],[38.8627726,40.9510243],[38.8628539,40.951102],[38.8629301,40.9511827],[38.8630226,40.9512933],[38.8631055,40.9514081],[38.8631785,40.9515267],[38.8632133,40.9515867],[38.8632412,40.9516486],[38.8632651,40.9517237],[38.8632788,40.9518002],[38.8632823,40.9518773],[38.8632756,40.9519544],[38.8632587,40.9520305],[38.8632311,40.9521084],[38.8631937,40.952184],[38.8631469,40.9522565],[38.863091,40.9523252],[38.8629901,40.952462],[38.8629408,40.952531],[38.8628992,40.9526028],[38.8628632,40.9526829],[38.8628366,40.9527652],[38.8628197,40.9528489],[38.8628126,40.9529334],[38.8628155,40.953018],[38.8628282,40.9531021],[38.8628306,40.9531803],[38.8628242,40.9532584],[38.862809,40.9533357],[38.8627849,40.9534118],[38.8627524,40.953486],[38.8627115,40.9535579],[38.8624379,40.9538547],[38.8623501,40.9539897],[38.8622715,40.9541279],[38.8622025,40.954269],[38.8621432,40.9544126],[38.8620937,40.9545583],[38.8620543,40.9547057],[38.8620232,40.9548649],[38.8620038,40.9550252],[38.8619962,40.955186],[38.8620002,40.9553469],[38.862015,40.9554954],[38.8620404,40.955643],[38.8620762,40.9557894],[38.8621225,40.9559342],[38.862179,40.9560768],[38.8622456,40.9562169],[38.8623222,40.9563541],[38.8624084,40.956488],[38.8625173,40.9566723],[38.862617,40.9568596],[38.8627072,40.9570496],[38.8627879,40.957242],[38.862859,40.9574365],[38.8629202,40.957633],[38.8629441,40.9577323],[38.8629717,40.957831],[38.8630217,40.9579827],[38.8630804,40.9581325],[38.8631479,40.9582802],[38.8632239,40.9584256],[38.8633082,40.9585683],[38.8634008,40.9587081],[38.8636173,40.9590213],[38.8638435,40.9593306],[38.8640794,40.9596358],[38.8643636,40.9600143],[38.8646408,40.9603958],[38.8647788,40.9605868],[38.8649109,40.9607802],[38.8650695,40.9610282],[38.8652184,40.9612796],[38.8653575,40.9615342],[38.8654866,40.9617918],[38.8656056,40.9620522],[38.8657012,40.9622854],[38.8657874,40.9625208],[38.8658642,40.962758],[38.8659315,40.9629968],[38.8659576,40.9631173],[38.8659891,40.9632371],[38.8660425,40.9634036],[38.8661064,40.9635681],[38.8661807,40.96373],[38.8662652,40.9638891],[38.8663596,40.9640449],[38.8664639,40.9641971],[38.866565,40.964363],[38.8666556,40.9645323],[38.8667355,40.9647046],[38.8667737,40.9647913],[38.8668045,40.9648797],[38.8668322,40.9649897],[38.8668485,40.965101],[38.8668534,40.9652129],[38.8668468,40.9653247],[38.8668288,40.9654359],[38.8667994,40.9655456],[38.8667589,40.9656533],[38.8666854,40.9658351],[38.8666058,40.9660154],[38.866558,40.9661034],[38.8665202,40.9661941],[38.8664916,40.9662918],[38.8664746,40.9663911],[38.8664694,40.9664911],[38.8664761,40.966591],[38.8664944,40.9666902],[38.8665244,40.9667876],[38.8665658,40.9668827],[38.8667121,40.9672039],[38.8668673,40.9675227],[38.8670313,40.967839],[38.8671201,40.967995],[38.8672042,40.9681526],[38.8673096,40.9683662],[38.8674064,40.9685821],[38.8674945,40.9688001],[38.8675738,40.9690201],[38.8676442,40.9692418],[38.8676781,40.9693529],[38.8677058,40.9694649],[38.8677335,40.9696207],[38.8677493,40.9697773],[38.8677529,40.9699345],[38.8677444,40.9700915],[38.8677238,40.9702478],[38.8676912,40.970403],[38.8676468,40.9705565],[38.8675864,40.9707216],[38.867514,40.9708839],[38.8674296,40.9710429],[38.8673336,40.9711981],[38.8672263,40.971349],[38.8671079,40.9714951],[38.8669789,40.9716359],[38.8667269,40.9719019],[38.8664676,40.9721639],[38.8663703,40.9722447],[38.8662813,40.9723308],[38.866201,40.9724217],[38.8661314,40.9725149],[38.866071,40.9726116],[38.8660201,40.9727115],[38.865979,40.9728139],[38.8659481,40.9729183],[38.8659273,40.9730241],[38.8659168,40.9731308],[38.8659167,40.9732378],[38.8659235,40.9736249],[38.8659414,40.9740117],[38.865951,40.9742052],[38.8659704,40.9743982],[38.8660007,40.9745968],[38.8660416,40.9747943],[38.8660928,40.9749904],[38.8661543,40.9751849],[38.866226,40.9753773],[38.8663078,40.9755675],[38.8663567,40.9756604],[38.8663995,40.975755],[38.8664465,40.9758824],[38.8664823,40.9760119],[38.8665067,40.9761429],[38.8665198,40.9762748],[38.8665213,40.9764071],[38.8665113,40.9765391],[38.8664899,40.9766704],[38.8664571,40.9768004],[38.8664131,40.9769284],[38.8663581,40.977054],[38.8662922,40.9771765],[38.8661262,40.977499],[38.8659691,40.977824],[38.8658209,40.9781513],[38.8656819,40.978481],[38.8656115,40.9786456],[38.8655519,40.9788127],[38.8655015,40.9789895],[38.8654633,40.9791681],[38.8654374,40.9793479],[38.8654238,40.9795285],[38.8654227,40.9797093],[38.8654323,40.9797995],[38.8654339,40.97989],[38.865425,40.9800001],[38.8654043,40.9801092],[38.8653718,40.9802168],[38.8653279,40.980322],[38.8652727,40.9804241],[38.8652066,40.9805225],[38.8651302,40.9806165],[38.8650439,40.9807054],[38.8649482,40.9807888],[38.8648438,40.980866],[38.864647,40.9810204],[38.8644582,40.9811804],[38.8642778,40.9813458],[38.864106,40.9815164],[38.8639431,40.9816919],[38.8637892,40.9818719],[38.8636448,40.9820564],[38.8635099,40.9822449],[38.8633847,40.9824373],[38.863253,40.9826584],[38.8631319,40.9828831],[38.8630216,40.9831108],[38.8629223,40.9833415],[38.8628341,40.9835746],[38.8627571,40.9838101],[38.862662,40.9840652],[38.8625556,40.9843178],[38.8624379,40.9845675],[38.8623093,40.9848141],[38.8621697,40.9850573],[38.8617356,40.9858272],[38.8616023,40.9860873],[38.8614608,40.9863451],[38.8613114,40.9866002],[38.8611305,40.9868888],[38.8609394,40.9871737],[38.860738,40.9874545],[38.8605267,40.9877311],[38.8603055,40.9880033],[38.8597825,40.9886491],[38.8596059,40.9888698],[38.8594404,40.9890953],[38.8592863,40.9893254],[38.8591692,40.989516],[38.85906,40.9897092],[38.8589586,40.9899049],[38.8588652,40.9901028],[38.8588108,40.9902045],[38.8587466,40.9903029],[38.8586729,40.9903974],[38.8585902,40.9904876],[38.8584989,40.9905729],[38.8583995,40.9906529],[38.8582925,40.9907272],[38.8581786,40.9907952],[38.8580732,40.9908496],[38.857962,40.9908968],[38.8578458,40.9909365],[38.8577254,40.9909684],[38.8576018,40.9909923],[38.8574758,40.9910078],[38.8573486,40.9910151],[38.857221,40.9910139],[38.8571307,40.9910079],[38.857041,40.9909977],[38.8568601,40.9909889],[38.8566788,40.9909873],[38.8564976,40.9909932],[38.8563172,40.9910063],[38.8561379,40.9910267],[38.8559604,40.9910544],[38.8557712,40.9910922],[38.8555848,40.9911369],[38.8554014,40.9911884],[38.8552215,40.9912466],[38.8550456,40.9913113],[38.8548741,40.9913823],[38.8547857,40.9914222],[38.8547038,40.9914693],[38.8546294,40.991523],[38.8545634,40.9915826],[38.8545066,40.9916474],[38.8544598,40.9917166],[38.8544235,40.9917893],[38.8544037,40.9918446],[38.85439,40.991901],[38.8543826,40.991958],[38.8543334,40.9921254],[38.8542759,40.9922914],[38.8542014,40.9924763],[38.8541164,40.9926586],[38.8540211,40.992838],[38.8539676,40.9929299],[38.8539222,40.9930242],[38.853885,40.9931206],[38.8538563,40.9932186],[38.8538361,40.9933178],[38.8538269,40.9933892],[38.8538221,40.9934608],[38.8538007,40.9936032],[38.8537717,40.993745],[38.8537354,40.993885],[38.853688,40.9940232],[38.8536297,40.9941589],[38.8535606,40.9942918],[38.853481,40.9944212],[38.8533912,40.9945468],[38.8532916,40.9946681],[38.8531791,40.994788],[38.853075,40.9949121],[38.8529797,40.9950401],[38.8528934,40.9951718],[38.8528163,40.9953067],[38.8527487,40.9954444],[38.8526907,40.9955846],[38.8526425,40.9957269],[38.8526092,40.9958497],[38.8525832,40.9959735],[38.8525645,40.9960981],[38.8524991,40.9964706],[38.8524464,40.9968443],[38.8524064,40.9972189],[38.8523797,40.9975844],[38.8523448,40.9979494],[38.8523018,40.998314],[38.8522579,40.9986305],[38.8522061,40.9989462],[38.8521466,40.9992611],[38.8520792,40.9995752],[38.8520388,40.9997476],[38.8520092,40.9999212],[38.8519904,41.0000957],[38.8519824,41.0002706],[38.8519853,41.0004456],[38.8519939,41.0005688],[38.8520078,41.0006917],[38.8520189,41.0009383],[38.8520186,41.0011849],[38.8520068,41.0014315],[38.8519888,41.0016318],[38.8519632,41.0018317],[38.8519301,41.0020309],[38.8518459,41.0026298],[38.8518235,41.0027803],[38.8517906,41.0029298],[38.8517474,41.0030777],[38.8516938,41.0032236],[38.8516301,41.0033673],[38.8515564,41.0035082],[38.851473,41.0036459],[38.8513996,41.0037535],[38.8513202,41.0038585],[38.8511761,41.0040746],[38.8510411,41.0042939],[38.8509151,41.0045163],[38.8508206,41.0046971],[38.8507321,41.0048797],[38.8505389,41.00524],[38.8503358,41.0055972],[38.8502578,41.005729],[38.8501695,41.005857],[38.850071,41.0059807],[38.8499628,41.0060997],[38.8498453,41.0062136],[38.8497189,41.0063218],[38.8496278,41.0063923],[38.849533,41.0064598],[38.8493398,41.0065919],[38.8491397,41.0067181],[38.848933,41.006838],[38.8487195,41.0069518],[38.8485113,41.0070711],[38.8483088,41.0071958],[38.8481122,41.0073258],[38.847941,41.0074468],[38.8477778,41.0075738],[38.8476228,41.0077066],[38.8474765,41.007845],[38.8474009,41.0079222],[38.847328,41.0080009],[38.8471709,41.0081518],[38.8470054,41.0082976],[38.8468318,41.008438],[38.8466504,41.0085726],[38.8464768,41.0086914],[38.8462952,41.0088032],[38.8461061,41.0089077],[38.8459101,41.0090047],[38.8457662,41.0090692],[38.8456274,41.0091398],[38.8454942,41.0092163],[38.845367,41.0092984],[38.8452462,41.0093858],[38.8451322,41.0094783],[38.8450263,41.0095748],[38.8449278,41.0096756],[38.844837,41.0097805],[38.8447542,41.0098891]]]}},{"type":"Feature","properties":{"id":"filyos","name":"Filyos (Yenice) Çayı","source":"OpenStreetMap","source_url":"https://www.openstreetmap.org/relation/1224897","classification_source":"https://ogmmateryal.eba.gov.tr/kitap/mebi-konu-ozetleri/tyt-cografya/files/basic-html/page83.html","classification_note":"MEB · Karadeniz Havzası"},"geometry":{"type":"MultiLineString","coordinates":[[[32.0582422,41.5708148],[32.0581819,41.5719113],[32.0581743,41.5719823],[32.0581579,41.5720525],[32.0581331,41.5721213],[32.0580998,41.5721882],[32.0580585,41.5722524],[32.0580063,41.5723171],[32.0579459,41.5723777],[32.0578778,41.5724337],[32.0578029,41.5724844],[32.0577216,41.5725293],[32.0576349,41.5725682],[32.0575435,41.5726005],[32.0574516,41.5726243],[32.0573568,41.5726406],[32.0572603,41.5726493],[32.057163,41.5726501],[32.0570662,41.5726432],[32.0569709,41.5726286],[32.0567851,41.5725609],[32.0565947,41.5725008],[32.0564002,41.5724485],[32.0562022,41.5724041],[32.0560013,41.5723678],[32.0558294,41.5723434],[32.0556562,41.572325],[32.0554821,41.5723125],[32.0553074,41.572306]],[[32.0668039,41.5648114],[32.0669393,41.5650974],[32.06695,41.5651644],[32.0669514,41.5652319],[32.0669424,41.5653045],[32.0669227,41.565376],[32.0668925,41.5654454],[32.0668522,41.5655118],[32.0667995,41.5655793],[32.0667378,41.5656423],[32.0666675,41.5657002],[32.0665896,41.5657522],[32.0665048,41.5657978],[32.0661556,41.5659771],[32.0658118,41.5661621],[32.0654735,41.5663527],[32.0651436,41.5665471],[32.0648195,41.5667468],[32.0645012,41.5669517],[32.0641453,41.5671725],[32.0640303,41.5672495],[32.0639097,41.5673215],[32.0637837,41.5673882],[32.0636458,41.5674524],[32.0635029,41.5675103],[32.0633557,41.5675617],[32.0632046,41.5676063],[32.0631267,41.5676238],[32.0630501,41.567644],[32.0629294,41.5676828],[32.0628132,41.5677286],[32.0627022,41.5677812],[32.0625972,41.5678402],[32.0624988,41.5679054],[32.0624077,41.5679762],[32.062209,41.5681248],[32.0620052,41.5682696],[32.0617965,41.5684104],[32.0616911,41.5684799],[32.061583,41.5685471],[32.0614078,41.5686476],[32.0612266,41.568742],[32.0610397,41.5688299],[32.0608475,41.5689112],[32.0606505,41.5689858],[32.0604491,41.5690533],[32.0602436,41.5691138],[32.0600346,41.569167]],[[32.0671865,41.5635942],[32.067199,41.5637045],[32.0672027,41.5638151],[32.0671975,41.5639257],[32.0671835,41.5640358],[32.0671606,41.5641452],[32.0671258,41.5642627],[32.0670809,41.5643783],[32.067026,41.5644914],[32.0669613,41.5646016],[32.0668872,41.5647085],[32.0668039,41.5648114],[32.0667133,41.5649083],[32.0666144,41.5650005],[32.0665077,41.5650877],[32.0663935,41.5651695],[32.0662725,41.5652454],[32.066145,41.5653153],[32.0660117,41.5653788],[32.0658731,41.5654356],[32.065567,41.5655534],[32.0652555,41.565663],[32.064939,41.5657642],[32.0646179,41.565857],[32.064342,41.5659211],[32.0640689,41.5659916],[32.0637988,41.5660683],[32.063532,41.5661513],[32.0632687,41.5662403],[32.0630126,41.5663341],[32.0627604,41.5664337],[32.0625124,41.566539],[32.0622688,41.5666499],[32.0620298,41.5667663]],[[32.071679,41.5587364],[32.0714472,41.5587823],[32.0712189,41.558837],[32.0709947,41.5589006],[32.0707751,41.5589727],[32.0705609,41.5590532],[32.0703524,41.5591419],[32.0701602,41.5592335],[32.0699743,41.5593321],[32.069795,41.5594375],[32.0697077,41.5594923],[32.0696229,41.5595493],[32.069488,41.559648],[32.0693605,41.559752],[32.0692406,41.5598609],[32.0691287,41.5599746],[32.0690252,41.5600926],[32.0689303,41.5602146],[32.0688444,41.5603402],[32.0687676,41.5604691],[32.0687002,41.5606009],[32.0684877,41.5610302],[32.0684103,41.5611715],[32.0683425,41.5613155],[32.0682844,41.5614619],[32.0682352,41.5616138],[32.0681963,41.5617674],[32.068168,41.5619223],[32.0681503,41.5620781],[32.0680975,41.5625695],[32.0680493,41.5630613]],[[32.0715598,41.5589919],[32.0723024,41.5603681],[32.0723322,41.5604475],[32.072352,41.5605287],[32.0723618,41.5606108],[32.0723614,41.5606933],[32.0723498,41.5607806],[32.0723269,41.5608666],[32.0722928,41.5609505],[32.0722478,41.5610315],[32.0721925,41.5611088],[32.0721272,41.5611817],[32.0720528,41.5612495],[32.0719698,41.5613114],[32.0718154,41.5614189],[32.0716547,41.5615212],[32.0714881,41.5616179],[32.0713159,41.561709],[32.0711384,41.5617942],[32.0709559,41.5618734],[32.0706673,41.5619896],[32.0703728,41.5620975],[32.0700731,41.5621968],[32.0697684,41.5622874],[32.0696159,41.5623327],[32.0694593,41.5623691],[32.0693029,41.5623958],[32.0691443,41.5624136],[32.0689843,41.5624224]],[[32.0849222,41.412757],[32.0848079,41.4127529],[32.0846934,41.4127555],[32.0845796,41.4127649],[32.0844672,41.4127809],[32.0843567,41.4128035],[32.084249,41.4128325],[32.0841425,41.4128685],[32.0840402,41.4129107],[32.0839427,41.412959],[32.0838507,41.413013],[32.0837648,41.4130723],[32.0836854,41.4131365],[32.0836131,41.4132053]],[[32.082506,41.4070606],[32.0825361,41.4072964],[32.0825735,41.4075317],[32.0826182,41.4077662],[32.0826756,41.4080226],[32.0827418,41.4082778],[32.0828167,41.4085316],[32.0828919,41.4087593],[32.0829572,41.4089887],[32.0830125,41.4092196],[32.0830622,41.4094784],[32.0830993,41.4097383],[32.0831238,41.4099991],[32.0831532,41.4104153],[32.0831638,41.4106236],[32.0831707,41.4108319],[32.0831743,41.4111492],[32.0831693,41.4114664],[32.083156,41.4117834],[32.0831335,41.4119019],[32.0831196,41.4120212],[32.0831142,41.4121408],[32.0831174,41.4122605],[32.0831291,41.4123799],[32.0831499,41.412501],[32.0831794,41.412621],[32.0832177,41.4127397],[32.0832379,41.4127989],[32.0832646,41.4128566],[32.0833068,41.4129259],[32.0833584,41.4129915],[32.0834189,41.4130527],[32.0834875,41.4131089],[32.0835272,41.4131328],[32.0835637,41.4131593],[32.0836131,41.4132053],[32.0836531,41.4132562],[32.0836828,41.413311],[32.0837014,41.4133684],[32.0837087,41.4134272],[32.0837045,41.4134862],[32.0836693,41.414006],[32.0836471,41.4141789],[32.0836367,41.4143523],[32.0836383,41.414526]],[[32.0883381,41.3141465],[32.0879062,41.3152541],[32.0878518,41.3152974],[32.0878055,41.3153457],[32.087768,41.3153981],[32.0877418,41.3154493],[32.087724,41.3155025],[32.0877148,41.3155568],[32.0877144,41.3156117],[32.0877219,41.3157384],[32.0877412,41.3158645],[32.0877487,41.3159732],[32.0877479,41.316082],[32.0877386,41.3161906],[32.087728,41.3162445],[32.0877211,41.3162986],[32.0877179,41.3163849],[32.0877241,41.316471],[32.0877399,41.3165565],[32.0878053,41.3166586],[32.0878606,41.316764],[32.0879016,41.316862],[32.0879338,41.3169619],[32.0879475,41.3170123],[32.0879571,41.3170631],[32.0879642,41.3171476],[32.0879602,41.3172322],[32.0879453,41.3173162],[32.0879196,41.3173986],[32.0878971,41.317429],[32.0878672,41.3174555],[32.087831,41.3174771],[32.0877911,41.3174927],[32.087748,41.3175024],[32.0877032,41.3175057],[32.0876584,41.3175026],[32.0876151,41.3174932],[32.0875604,41.3174849],[32.0875047,41.3174816],[32.0874488,41.3174832],[32.0873848,41.3174913],[32.0873229,41.317506],[32.0872643,41.3175269],[32.0872101,41.3175537],[32.0871577,41.3175882],[32.0871124,41.3176279],[32.0870751,41.3176721],[32.0870465,41.3177199],[32.0870277,41.3177661],[32.0870164,41.3178137],[32.0870128,41.317862],[32.087017,41.3179102],[32.0870121,41.3179595],[32.086998,41.3180077],[32.086975,41.3180539],[32.0869436,41.3180973],[32.0869043,41.3181369],[32.086851,41.3181548],[32.0868034,41.3181803],[32.0867635,41.3182124],[32.0867368,41.318244],[32.0867175,41.3182786],[32.0867063,41.3183151],[32.0867035,41.3183525],[32.0867092,41.3183897],[32.0867326,41.318496],[32.0867516,41.3185479],[32.0867662,41.3186007],[32.0867802,41.3186891],[32.0867816,41.318778],[32.0867702,41.3188666],[32.0867505,41.3189467],[32.086722,41.3190253],[32.0866849,41.3191019],[32.0866395,41.3191758],[32.0865649,41.3191995],[32.0864955,41.3192307],[32.0864325,41.3192689],[32.0863773,41.3193133],[32.0863357,41.3193571],[32.0863016,41.3194044],[32.0862755,41.3194546],[32.0862579,41.3195067],[32.0862462,41.3195674],[32.0862434,41.3196288],[32.0862496,41.3196899],[32.0862648,41.3197502],[32.0862888,41.3198089],[32.0863324,41.3199538],[32.0863679,41.3201],[32.0863931,41.3202337],[32.0864116,41.320368]],[[32.1334165,41.3050434],[32.1330621,41.3051093],[32.1327111,41.3051846],[32.1323638,41.3052691],[32.1320372,41.305358],[32.1317147,41.3054551],[32.1313968,41.3055602],[32.1310572,41.3056789],[32.1307211,41.3058029],[32.1303886,41.3059323],[32.1300597,41.306067],[32.1294737,41.3063954],[32.1293852,41.3067207]],[[32.13542,41.3043439],[32.1352987,41.3044677],[32.1351707,41.3045876],[32.1350361,41.3047033],[32.1348951,41.3048147],[32.1347282,41.3049354],[32.1346421,41.3049937],[32.1345538,41.30505],[32.1344155,41.3051315],[32.1342723,41.3052081],[32.1341246,41.3052797],[32.1340741,41.3053504],[32.1340127,41.3054162],[32.1339501,41.3054692],[32.1338804,41.3055169],[32.1338044,41.3055588],[32.133723,41.3055945],[32.1335098,41.3056825],[32.1334021,41.3057251],[32.1332925,41.3057647],[32.1331208,41.3058195],[32.1329452,41.3058669],[32.1327664,41.3059068],[32.1325849,41.3059391]],[[32.1536297,41.286798],[32.1531053,41.2871679],[32.1530553,41.2871917],[32.1530019,41.2872108],[32.1529459,41.2872251],[32.152888,41.2872344],[32.1528236,41.2872385],[32.152759,41.2872364],[32.1526953,41.287228],[32.1526336,41.2872134],[32.1525749,41.2871931],[32.1521645,41.2869583],[32.1519094,41.2868168],[32.1516522,41.2866776],[32.151611,41.2866255],[32.1515634,41.2865765],[32.15151,41.286531],[32.151445,41.2864855],[32.1513741,41.2864452],[32.1512981,41.2864106],[32.1510925,41.2863136],[32.1509887,41.2862661],[32.1508898,41.286213],[32.1508037,41.2861597],[32.1507226,41.286102],[32.1506468,41.2860405],[32.1506097,41.2860091],[32.1505766,41.2859752],[32.1505355,41.285921],[32.1505047,41.285863],[32.1504847,41.2858024],[32.150476,41.2857403]],[[32.1791911,41.2329955],[32.1791843,41.2331001],[32.1791688,41.2332041],[32.1791447,41.2333072],[32.179112,41.233409],[32.1790629,41.2335262],[32.1790024,41.2336404],[32.1789686,41.2336963],[32.1789309,41.2337509],[32.1788633,41.2338342],[32.1787865,41.233913],[32.1787011,41.2339865],[32.1786077,41.2340544],[32.178482,41.2341299],[32.1783624,41.2342109],[32.1782495,41.2342971],[32.1781437,41.2343883],[32.1780477,41.2344815],[32.1779591,41.2345788],[32.1778782,41.2346797],[32.1777346,41.2348644],[32.1776631,41.2349569],[32.1775952,41.2350509],[32.17752,41.2351635],[32.17745,41.235278],[32.1773854,41.2353942]],[[32.228127,41.2185369],[32.2280248,41.2185368],[32.2279233,41.2185453],[32.2278237,41.2185624],[32.2277274,41.2185879],[32.2276354,41.2186214],[32.2275491,41.2186625],[32.2274695,41.2187107],[32.2274069,41.2187576],[32.2273507,41.2188089],[32.2273014,41.2188641],[32.2272595,41.2189227],[32.2272255,41.2189841],[32.2271823,41.2190792],[32.2271494,41.2191766],[32.227127,41.2192757],[32.2271152,41.2193758],[32.2271141,41.2194764],[32.2271171,41.2197579],[32.2271292,41.2198514],[32.2271332,41.2199453],[32.2271289,41.2200393],[32.2271169,41.2201303],[32.2270972,41.2202206],[32.2270699,41.2203097],[32.227035,41.2203974],[32.2269509,41.22062],[32.2268725,41.2208439]],[[32.2583711,41.2165604],[32.2578764,41.2158679],[32.2578433,41.2158244],[32.2578018,41.2157851],[32.2577531,41.2157509],[32.257698,41.2157226],[32.2576416,41.2157019],[32.2575819,41.2156874],[32.25752,41.2156794],[32.2574573,41.215678],[32.2573949,41.2156833],[32.2573022,41.2156964],[32.2572113,41.2157157],[32.2571231,41.215741],[32.2570382,41.2157721],[32.2568565,41.2157771],[32.2566757,41.2157909],[32.2564964,41.2158134],[32.2563462,41.2158393],[32.2561981,41.2158713],[32.2560525,41.2159093]],[[32.2754636,41.2116408],[32.2754262,41.2115889],[32.2753801,41.2115412],[32.2753261,41.2114984],[32.2752652,41.2114612],[32.2752099,41.2114351],[32.2751513,41.2114136],[32.2750899,41.211397],[32.2750264,41.2113856],[32.274517,41.2112683],[32.2740059,41.2111555],[32.2735846,41.2110662],[32.2730919,41.2109616],[32.2730185,41.2109513],[32.272944,41.2109494],[32.2728699,41.2109558],[32.2728028,41.2109691],[32.2727388,41.2109894],[32.2726791,41.2110161],[32.2726249,41.2110488],[32.2725773,41.2110868]],[[32.2831133,41.2134406],[32.2828218,41.213425],[32.2825312,41.2134013],[32.282242,41.2133695],[32.2819546,41.2133297],[32.281715,41.2132901],[32.2814772,41.2132449],[32.2812414,41.2131942],[32.2810078,41.213138],[32.280392,41.2129844],[32.2797796,41.2128236],[32.2795731,41.2127748],[32.2793699,41.2127188],[32.2791705,41.2126557],[32.278967,41.2125826],[32.2787684,41.2125022],[32.2785754,41.2124146],[32.2783882,41.21232],[32.2782073,41.2122187],[32.2780332,41.2121109]],[[32.6145125,41.1920125],[32.6138603,41.1920934],[32.6132071,41.1921696],[32.6125529,41.1922411],[32.6117475,41.1923224],[32.611345,41.1923642],[32.6109409,41.1923965],[32.6105668,41.1924178],[32.610192,41.192431],[32.6098168,41.192436],[32.6096292,41.1924358],[32.6094416,41.1924328],[32.6091244,41.1924215],[32.6088079,41.1924022],[32.6084924,41.192375],[32.608335,41.1923589],[32.6081783,41.19234],[32.6079321,41.1923044],[32.6076879,41.192262],[32.6075656,41.1922411],[32.607446,41.1922128],[32.6073262,41.192176],[32.6072109,41.1921318],[32.6071009,41.1920805],[32.606997,41.1920225],[32.6068999,41.1919581],[32.6068103,41.1918878],[32.6066646,41.1917668],[32.6065247,41.1916419],[32.6063908,41.1915133],[32.6062632,41.1913812],[32.6056704,41.1904487],[32.6046216,41.1886664],[32.604104,41.1876701],[32.6035783,41.1866762],[32.6032752,41.186111],[32.603178,41.186011],[32.6030727,41.1859158],[32.6029596,41.1858259],[32.6028391,41.1857414],[32.6027119,41.1856628],[32.6025746,41.1855886],[32.6024312,41.1855211],[32.6022823,41.1854608],[32.6021285,41.1854079],[32.6019705,41.1853626],[32.6018089,41.185325],[32.6016444,41.1852955],[32.6014545,41.1852683],[32.6012631,41.1852481],[32.6010706,41.1852352],[32.6008774,41.1852294],[32.6006842,41.1852309],[32.6004345,41.1852392],[32.6001854,41.1852548],[32.5999373,41.1852777],[32.5996905,41.1853077],[32.5994455,41.185345],[32.5992026,41.1853894],[32.5989622,41.1854408],[32.5979295,41.1856664],[32.5968996,41.185899],[32.596797,41.185932],[32.5966915,41.1859593],[32.5965836,41.1859808],[32.596474,41.1859964],[32.5963631,41.186006],[32.5962329,41.1860095],[32.5961028,41.1860048],[32.5959737,41.1859917],[32.5958465,41.1859706],[32.5957221,41.1859414],[32.5953206,41.1858065],[32.5949152,41.1856782],[32.5945063,41.1855566],[32.5940939,41.1854418],[32.5936782,41.1853338],[32.5932559,41.1852319],[32.5928307,41.185137],[32.5924027,41.1850491],[32.592188,41.1850075],[32.5919723,41.1849685],[32.5916072,41.1849083],[32.5912402,41.1848554],[32.5908714,41.1848098],[32.5905011,41.1847714],[32.5901297,41.1847403],[32.5900336,41.1847503],[32.5899367,41.184754],[32.5898397,41.1847513],[32.5897434,41.1847424],[32.5896413,41.1847258],[32.5895416,41.1847021],[32.5894453,41.1846716],[32.5893531,41.1846344],[32.589266,41.184591],[32.5889865,41.1844617],[32.5887132,41.1843251],[32.5884466,41.1841812],[32.5881869,41.1840303],[32.5879345,41.1838725],[32.5876897,41.1837081],[32.5874528,41.1835373],[32.5872258,41.1833615],[32.5870072,41.1831799],[32.5867972,41.1829925],[32.5865961,41.1827997],[32.5864042,41.1826017],[32.58631,41.1825017],[32.5862217,41.1823987],[32.5861134,41.1822572],[32.5860161,41.1821112],[32.5859302,41.1819612],[32.5858559,41.1818077],[32.5857936,41.1816513],[32.5857433,41.1814924],[32.5857054,41.1813315],[32.5856799,41.1811693],[32.5856538,41.1809468],[32.5856379,41.1807238],[32.5856323,41.1805004],[32.5856306,41.1803887],[32.585637,41.1802771],[32.5856532,41.1801561],[32.5856791,41.1800362],[32.5857145,41.1799176],[32.5857592,41.1798008],[32.5858132,41.1796863],[32.5858763,41.1795744],[32.5859481,41.1794655],[32.5860523,41.1792928],[32.5861467,41.1791168],[32.5862311,41.1789381],[32.5863053,41.1787567],[32.5863692,41.1785732],[32.5864514,41.1781405],[32.5865462,41.1777092],[32.5866319,41.1773627],[32.5867258,41.1770175],[32.5867655,41.1769038],[32.5867995,41.1767891],[32.5868279,41.1766735],[32.5868558,41.1765249],[32.5868743,41.1763755],[32.5868833,41.1762256],[32.5868829,41.1760755],[32.5868731,41.1759256],[32.5868538,41.1757762],[32.5868419,41.1757017],[32.5868252,41.1756277],[32.5867889,41.1755109],[32.586741,41.1753964],[32.5866816,41.1752851],[32.5866112,41.1751774],[32.5865302,41.1750741],[32.586439,41.1749756],[32.5862002,41.1743175],[32.585939,41.1736142],[32.5858593,41.1733783],[32.5857702,41.1731442],[32.5856718,41.1729123],[32.5855502,41.1726542],[32.585417,41.1723995],[32.5852724,41.1721482],[32.5851993,41.1720228],[32.5851166,41.1719008],[32.5850195,41.1717765],[32.5849123,41.171657],[32.5847956,41.1715426],[32.5846697,41.1714339],[32.5845352,41.1713313],[32.5843925,41.1712351],[32.58432,41.1711879],[32.5842422,41.1711457],[32.5841517,41.1711056],[32.5840564,41.1710723],[32.5839573,41.1710462],[32.5838552,41.1710274],[32.5837512,41.1710162],[32.5836463,41.1710126],[32.5835414,41.1710168],[32.5834376,41.1710286],[32.5833085,41.1710494],[32.5831817,41.171077],[32.5830577,41.1711111],[32.5829372,41.1711515],[32.5828767,41.1711716],[32.5828207,41.1711982],[32.5827659,41.1712339],[32.5827195,41.1712757],[32.5826824,41.1713226],[32.5826558,41.1713734],[32.5826402,41.1714266],[32.5826361,41.1714811],[32.5826436,41.1715353],[32.5826417,41.1715864],[32.5826302,41.1716367],[32.5826094,41.1716853],[32.5825797,41.1717313],[32.5825417,41.1717736],[32.5824917,41.1718146],[32.5824338,41.1718494],[32.5823696,41.1718771],[32.5823005,41.171897],[32.5822281,41.1719086],[32.5821542,41.1719118],[32.5820806,41.1719064],[32.5820089,41.1718925],[32.5819409,41.1718705],[32.5817582,41.1718276],[32.5815788,41.1717772],[32.5814034,41.1717196],[32.5812323,41.1716549],[32.5810662,41.1715833],[32.5809056,41.171505],[32.5807383,41.171413],[32.5805786,41.1713138],[32.5804269,41.1712076],[32.5802837,41.1710949],[32.5801496,41.1709761],[32.5800251,41.1708515],[32.5799105,41.1707217],[32.5797519,41.1705322],[32.5796006,41.1703394],[32.5794567,41.1701433],[32.5794061,41.1700791],[32.5793606,41.1700126],[32.5793204,41.1699443],[32.5792779,41.1698571],[32.579244,41.1697678],[32.5792188,41.1696769],[32.5792026,41.1695848],[32.5791953,41.1694921],[32.579197,41.1693992],[32.5792074,41.1689438],[32.5792211,41.1684886],[32.5792442,41.1680702],[32.5792773,41.1676522],[32.5793027,41.1675489],[32.5793184,41.1674446],[32.5793243,41.1673397],[32.5793204,41.1672347],[32.5793078,41.1671369],[32.5792866,41.1670399],[32.579257,41.1669442],[32.579219,41.1668501],[32.5791728,41.1667582],[32.5791163,41.1666664],[32.5790509,41.1665781],[32.578977,41.1664936],[32.578895,41.1664135],[32.5788054,41.1663382],[32.578689,41.1662506],[32.5785658,41.1661685],[32.5784362,41.1660921],[32.5783007,41.1660218],[32.5781598,41.1659578],[32.5780141,41.1659003],[32.5778639,41.1658495],[32.5771343,41.1655995],[32.5764075,41.1653447],[32.5762698,41.1653166],[32.5761302,41.1652947],[32.575989,41.1652791],[32.5758469,41.16527],[32.5756886,41.1652675],[32.5755304,41.1652729],[32.5753731,41.1652863],[32.5752173,41.1653076],[32.5750637,41.1653367],[32.5748529,41.1653831],[32.574645,41.1654366],[32.5744406,41.1654969],[32.5742399,41.1655641],[32.5740433,41.1656379],[32.5738513,41.1657183],[32.5735043,41.1658586],[32.5731538,41.1659939],[32.5727999,41.1661242],[32.5727388,41.1661479],[32.572674,41.1661655],[32.5726068,41.1661767],[32.5725367,41.1661811],[32.5724665,41.1661785],[32.5723974,41.1661689],[32.5723305,41.1661524],[32.5713783,41.1658859],[32.5713371,41.1658047],[32.5712866,41.1657266],[32.5712271,41.1656521],[32.5711592,41.1655819],[32.5710833,41.1655164],[32.5710103,41.165463],[32.570932,41.1654141],[32.5708489,41.1653698],[32.5707614,41.1653306],[32.5706261,41.1652633],[32.570496,41.1651902],[32.5703717,41.1651117],[32.5702536,41.165028],[32.570142,41.1649393],[32.5700372,41.164846],[32.5699289,41.1647372],[32.5698295,41.1646236],[32.5697396,41.1645056],[32.5696594,41.1643838],[32.5695893,41.1642584],[32.5695125,41.164126],[32.5694435,41.1639911],[32.5693823,41.1638541],[32.5693291,41.1637152],[32.5692747,41.1635415],[32.5692328,41.1633658],[32.5692035,41.1631886],[32.569187,41.1630105],[32.5691704,41.1627401],[32.5691642,41.1624694],[32.5691611,41.1623341],[32.5691682,41.1621988],[32.569188,41.1620499],[32.5692202,41.1619023],[32.5692648,41.1617565],[32.5693132,41.1616602],[32.569354,41.1615619],[32.569387,41.161462],[32.5694123,41.1613607],[32.5694301,41.1612546],[32.5694393,41.1611478],[32.5694399,41.1610408],[32.5694317,41.1609339],[32.5694263,41.1608805],[32.569415,41.1608276],[32.5693893,41.1607556],[32.5693526,41.1606863],[32.5693052,41.1606208],[32.569248,41.1605599],[32.5691816,41.1605045],[32.5688987,41.160395],[32.5686197,41.16028],[32.5683447,41.1601597],[32.5680739,41.160034],[32.5677502,41.1598741],[32.5674333,41.1597065],[32.5671236,41.1595316],[32.5668213,41.1593495],[32.5664874,41.1591569],[32.566148,41.1589698],[32.5660773,41.1589424],[32.5660038,41.1589195],[32.5659281,41.1589012],[32.5658404,41.1588862],[32.5657513,41.1588775],[32.5656615,41.158875],[32.5655717,41.1588789],[32.5654829,41.158889],[32.5652107,41.158969],[32.5649415,41.1590546],[32.5646755,41.1591455],[32.5643828,41.1592533],[32.5640946,41.1593676],[32.563811,41.1594884],[32.5635324,41.1596156],[32.563259,41.1597491],[32.5629911,41.1598886],[32.562878,41.1599482],[32.5627594,41.1600013],[32.5626359,41.1600476],[32.5625081,41.1600868],[32.5623769,41.1601188],[32.5622424,41.1601435],[32.5621059,41.1601605],[32.561968,41.1601698],[32.5618297,41.1601713],[32.561594,41.1601682],[32.5613587,41.1601577],[32.5611242,41.1601399],[32.5608909,41.1601148],[32.5607873,41.1600997],[32.5606852,41.1600795],[32.5605851,41.1600542],[32.5604719,41.1600187],[32.5603627,41.1599767],[32.5602581,41.1599286],[32.5601587,41.1598745],[32.5599572,41.159756],[32.5597639,41.15963],[32.5595793,41.1594969],[32.5595191,41.1594472],[32.5594514,41.1594033],[32.5593773,41.1593659],[32.5592977,41.1593353],[32.5592081,41.1593109],[32.5591151,41.1592953],[32.5590202,41.1592887],[32.558925,41.1592913],[32.558831,41.159303],[32.5583784,41.1593573],[32.5579277,41.1594199],[32.5574791,41.1594908],[32.5570935,41.1595587],[32.5567099,41.1596328],[32.5565204,41.1596761],[32.5563285,41.1597129],[32.5561251,41.1597445],[32.5559199,41.1597689],[32.5557135,41.1597859],[32.5555062,41.1597955],[32.5552985,41.1597978],[32.5550979,41.1597915],[32.5548981,41.1597771],[32.5546997,41.1597544],[32.5545032,41.1597235],[32.5543092,41.1596847],[32.5541183,41.1596379],[32.5539311,41.1595833],[32.5537482,41.1595211],[32.5533592,41.159385],[32.552973,41.1592445],[32.5527826,41.1591156],[32.5525857,41.1589924],[32.5523826,41.1588751],[32.5521736,41.1587638],[32.5519591,41.1586586],[32.5517392,41.1585599],[32.551514,41.1584674],[32.5512841,41.1583816],[32.55105,41.1583026],[32.550812,41.1582305],[32.5505704,41.1581655],[32.5504488,41.1581348],[32.5503257,41.1581075],[32.5501469,41.1580746],[32.5499661,41.1580489],[32.5497837,41.1580306],[32.5496002,41.1580198],[32.5494162,41.1580164],[32.5492323,41.1580205],[32.5490489,41.158032],[32.5488666,41.158051],[32.548609,41.1580713],[32.5483507,41.1580842],[32.5480918,41.1580896],[32.5478329,41.1580875],[32.5475743,41.1580779],[32.5473163,41.1580609],[32.5470594,41.1580364],[32.5468039,41.1580045],[32.5463186,41.1579388],[32.5458349,41.1578666],[32.5453531,41.1577878],[32.5448731,41.1577025],[32.5443953,41.1576107],[32.5441868,41.1575311],[32.5439829,41.1574448],[32.5437841,41.1573522],[32.5435907,41.1572533],[32.5433769,41.157133],[32.5431712,41.1570052],[32.5429738,41.1568699],[32.5427854,41.1567277],[32.5426063,41.1565788],[32.5412308,41.1553422],[32.5411631,41.1553052],[32.540136,41.15494],[32.5400757,41.154912],[32.5400101,41.1548918],[32.5399411,41.1548798],[32.5398704,41.1548764],[32.5398052,41.1548809],[32.5397416,41.1548927],[32.5396811,41.1549115],[32.539625,41.1549369],[32.5395401,41.1549835],[32.5394622,41.1550366],[32.5393924,41.1550957],[32.5393313,41.1551601],[32.5392283,41.1552964],[32.5389437,41.1556731],[32.5388707,41.155747],[32.5387882,41.1558151],[32.5386972,41.1558767],[32.5385985,41.1559312],[32.5384931,41.155978],[32.5383809,41.1560171],[32.5382641,41.1560475],[32.5381438,41.1560689],[32.5380212,41.1560811],[32.5378977,41.156084],[32.5376018,41.1560842],[32.5374543,41.1560752],[32.5373062,41.1560749],[32.5371725,41.1560822],[32.5370398,41.1560967],[32.5369088,41.1561182],[32.5367801,41.1561467],[32.5366545,41.156182],[32.5361148,41.1563497],[32.5355722,41.1565122],[32.535374,41.1565786],[32.5351712,41.1566368],[32.5349647,41.1566868],[32.5347964,41.1567209],[32.5346263,41.1567494],[32.5344548,41.1567724],[32.5342821,41.1567898],[32.5341132,41.1567978],[32.533944,41.1567969],[32.5337752,41.1567872],[32.5336078,41.1567686],[32.5334425,41.1567414],[32.5332522,41.1567028],[32.5330647,41.156657],[32.5328806,41.156604],[32.5326008,41.1565184],[32.532324,41.1564273],[32.5322687,41.1564398],[32.5322115,41.1564456],[32.5321537,41.1564446],[32.5320969,41.1564368],[32.5320424,41.1564223],[32.5319904,41.156401],[32.5319437,41.1563737],[32.5319033,41.156341],[32.5318705,41.1563039],[32.531846,41.1562634],[32.5318305,41.1562203],[32.5317893,41.1560819],[32.5317607,41.1559417],[32.5317447,41.1558003],[32.5317399,41.1556717],[32.5317444,41.1555431],[32.5317581,41.1554149],[32.531781,41.1552875],[32.5318131,41.1551611],[32.5319419,41.1547988],[32.5320609,41.1544346],[32.5321699,41.1540686],[32.5322691,41.153701],[32.5323586,41.15333],[32.532438,41.1529578],[32.5324379,41.1528999],[32.5324287,41.1528423],[32.5324108,41.152786],[32.5323844,41.1527316],[32.5323463,41.1526754],[32.532299,41.1526233],[32.5322434,41.1525761],[32.5321803,41.1525346],[32.5321108,41.1524993],[32.5320122,41.1524576],[32.531909,41.1524228],[32.5318019,41.1523952],[32.531692,41.1523751],[32.53158,41.1523627],[32.5314671,41.152358],[32.5311131,41.1523476],[32.5309361,41.1523433],[32.530759,41.1523438],[32.5305184,41.1523523],[32.5302787,41.1523696],[32.5300404,41.1523957],[32.5299214,41.1524099],[32.5298041,41.1524307],[32.5296681,41.1524639],[32.5295366,41.1525061],[32.5294106,41.152557],[32.5292911,41.1526162],[32.5291792,41.1526831],[32.5289699,41.1528247],[32.5287548,41.1529613],[32.5285341,41.1530927],[32.528308,41.1532188],[32.5280768,41.1533395],[32.5278159,41.1534662],[32.5275493,41.1535861],[32.5272773,41.1536989],[32.5270003,41.1538046],[32.5267186,41.1539029],[32.5264326,41.1539938],[32.5255068,41.1538574],[32.5249167,41.1536517],[32.5243777,41.1534845],[32.5238225,41.1535132],[32.5229677,41.1537052],[32.5222226,41.1538685],[32.5212684,41.1545435],[32.520935,41.1547341],[32.5200725,41.1550918],[32.5196019,41.1552445],[32.5193441,41.1553456],[32.5191776,41.1556119],[32.5191627,41.1558332],[32.5191436,41.155986],[32.5190898,41.1560693],[32.5190428,41.1561549],[32.5190029,41.1562426],[32.5189681,41.1563379],[32.5189418,41.1564348],[32.5189238,41.1565327],[32.5189143,41.1566313],[32.5189154,41.1567421],[32.5189289,41.1568524],[32.5189546,41.1569615],[32.5189698,41.1570669],[32.5189758,41.1571729],[32.5189725,41.1572789],[32.5189599,41.1573846],[32.5189396,41.1575374],[32.5189111,41.1576894],[32.5188745,41.1578405],[32.5188299,41.1579904],[32.5187626,41.1581764],[32.5186829,41.1583597],[32.5185911,41.1585397],[32.5184744,41.1587505],[32.5183492,41.1589586],[32.5182972,41.1590241],[32.5182526,41.1590926],[32.5182156,41.1591637],[32.5181856,41.1592398],[32.5181643,41.1593175],[32.5181519,41.1593963],[32.5181486,41.1594757],[32.5181304,41.1597183],[32.5181091,41.1598389],[32.5181003,41.1599603],[32.5181041,41.160083],[32.5181207,41.1602051],[32.5181499,41.1603258],[32.5181606,41.160365],[32.5181815,41.1604019],[32.5182116,41.1604349],[32.5182499,41.1604627],[32.5182947,41.1604843],[32.5183443,41.1604988],[32.5183967,41.1605055],[32.5184471,41.1605046],[32.5184963,41.1604966],[32.5185427,41.1604817],[32.5185845,41.1604606],[32.5186203,41.1604339],[32.5186488,41.1604026],[32.5186946,41.1603647],[32.5187468,41.1603318],[32.5188044,41.1603046],[32.5188679,41.1602831],[32.5189349,41.1602685],[32.5190039,41.160261],[32.5190736,41.1602608],[32.5191426,41.1602679],[32.5192097,41.1602821],[32.5192735,41.1603033],[32.5193328,41.1603309],[32.5195379,41.1604739],[32.5197365,41.1606222],[32.5199282,41.1607754],[32.5201129,41.1609335],[32.5202903,41.1610962],[32.5204721,41.1612754],[32.520645,41.1614595],[32.5208089,41.1616482],[32.5209635,41.1618413],[32.5209488,41.1623078],[32.5209305,41.1623407],[32.520904,41.1623702],[32.5208703,41.1623952],[32.5208308,41.1624148],[32.5207903,41.1624274],[32.5207475,41.1624342],[32.5207037,41.1624351],[32.5206605,41.16243],[32.5204857,41.1623815],[32.5203072,41.1623415],[32.5201257,41.1623101],[32.5199419,41.1622874],[32.5197566,41.1622735],[32.5195787,41.1622684],[32.5194007,41.1622715],[32.5192233,41.1622826],[32.5190471,41.1623018],[32.5189592,41.1623127],[32.5188728,41.162329],[32.5187644,41.1623577],[32.5186606,41.1623947],[32.5185626,41.1624397],[32.5184713,41.1624922],[32.5183878,41.1625516],[32.518313,41.1626173],[32.5182478,41.1626884],[32.5181726,41.1627406],[32.5180914,41.1627873],[32.5180049,41.1628283],[32.5179137,41.162863],[32.5178187,41.1628914],[32.5177271,41.1629118],[32.5176335,41.1629263],[32.5175386,41.1629346],[32.5174431,41.1629368],[32.5173559,41.1629317],[32.5172686,41.1629355],[32.5171827,41.162948],[32.5170998,41.1629691],[32.5170213,41.1629984],[32.5169488,41.1630354],[32.5168835,41.1630795],[32.5168267,41.1631297],[32.516686,41.1632707],[32.51651,41.1632083],[32.5163297,41.1631533],[32.5161457,41.1631058],[32.5159585,41.163066],[32.515781,41.1630359],[32.5156015,41.1630126],[32.5154208,41.1629964],[32.5151962,41.1629822],[32.514971,41.1629746],[32.5147456,41.1629736],[32.5145204,41.1629791],[32.5144082,41.1629876],[32.5142956,41.1629913],[32.5141556,41.1629893],[32.5140161,41.16298],[32.5138778,41.1629633],[32.5137414,41.1629395],[32.5136076,41.1629085],[32.5134764,41.1628973],[32.5133445,41.1628942],[32.5132127,41.1628993],[32.5130819,41.1629126],[32.512965,41.1629315],[32.5128502,41.1629569],[32.5127384,41.1629887],[32.5126833,41.1630064],[32.5126299,41.1630267],[32.5125445,41.1630663],[32.5124651,41.1631125],[32.5123926,41.1631647],[32.512328,41.1632225],[32.5122718,41.1632851],[32.512229,41.1633358],[32.5121942,41.1633898],[32.5121682,41.1634466],[32.5121512,41.1635052],[32.5121434,41.1635639],[32.5121447,41.1636229],[32.512155,41.1636814],[32.5121742,41.1637386],[32.5122021,41.1637938],[32.5124321,41.1641327],[32.51245,41.164172],[32.5124595,41.164213],[32.5124605,41.1642546],[32.5124529,41.1642958],[32.512437,41.1643353],[32.5124132,41.1643726],[32.512382,41.1644066],[32.5123443,41.1644366],[32.5121865,41.1645909],[32.5120217,41.164741],[32.5118695,41.1648708],[32.5117119,41.1649969],[32.5114956,41.1651669],[32.5112768,41.1653352],[32.5110896,41.1654896],[32.511039,41.1655485],[32.5109786,41.1656018],[32.5109093,41.1656486],[32.5108476,41.1656812],[32.5107815,41.1657086],[32.510712,41.1657304],[32.5106397,41.1657466],[32.5104723,41.1657816],[32.5103038,41.1658137],[32.5101132,41.1658565],[32.5099253,41.1659056],[32.5098317,41.1659311],[32.5097405,41.1659611],[32.509634,41.1660031],[32.5095322,41.1660512],[32.5094356,41.1661051],[32.5093891,41.1661339],[32.5093449,41.1661645],[32.5092817,41.166215],[32.5092245,41.1662694],[32.5091737,41.1663272],[32.5091502,41.1663571],[32.5091296,41.1663882],[32.5091036,41.1664384],[32.5090851,41.1664905],[32.5090743,41.1665438],[32.5090713,41.1665976],[32.5091106,41.166829],[32.5091612,41.167059],[32.5092188,41.1672741],[32.5092227,41.1673163],[32.5092196,41.1673586],[32.5092094,41.1674003],[32.5091909,41.1674435],[32.5091649,41.1674845],[32.5091317,41.1675225],[32.5090921,41.1675567],[32.5090072,41.1676353],[32.5089271,41.1677166],[32.508852,41.1678006],[32.5087319,41.1679387],[32.5086147,41.1680782],[32.5085513,41.1681046],[32.5084943,41.1681382],[32.508445,41.1681781],[32.5084114,41.1682149],[32.5083843,41.1682546],[32.5083644,41.1682966],[32.5083518,41.1683402],[32.5083275,41.1683898],[32.5082935,41.1684361],[32.5082735,41.1684579],[32.5082505,41.168478],[32.5082122,41.1685035],[32.5081689,41.1685241],[32.5081219,41.1685393],[32.5080722,41.1685486],[32.5079744,41.1685493],[32.507877,41.168543],[32.5077808,41.1685299],[32.5076866,41.16851],[32.5075954,41.1684835],[32.5075136,41.1684531],[32.5074356,41.1684173],[32.5073621,41.1683765],[32.5072937,41.1683311],[32.5072977,41.1682999],[32.5072931,41.1682687],[32.5072799,41.168239],[32.5072588,41.1682119],[32.5072305,41.1681887],[32.5071964,41.1681705],[32.507158,41.168158],[32.5071169,41.1681519],[32.5070751,41.1681524],[32.5069767,41.1681828],[32.5068752,41.1682068],[32.5067714,41.1682243],[32.506666,41.1682352],[32.5065417,41.1682393],[32.5064175,41.1682343],[32.5063776,41.1682248],[32.5063363,41.16822],[32.5062945,41.16822],[32.5062382,41.1682277],[32.5061852,41.1682441],[32.5061378,41.1682684],[32.5060981,41.1682995],[32.5060679,41.1683361],[32.5060481,41.1684003],[32.5060208,41.1684629],[32.5059862,41.1685235],[32.5059445,41.1685814],[32.5058863,41.1686465],[32.5058192,41.1687065],[32.5057441,41.1687608],[32.5056617,41.1688088],[32.505573,41.16885],[32.5054598,41.1688955],[32.5053427,41.1689349],[32.5052222,41.1689682],[32.505099,41.1689951],[32.5049736,41.1690156],[32.5047785,41.169038],[32.5045844,41.169065],[32.5043915,41.1690963],[32.5041782,41.1691364],[32.5039667,41.169182],[32.5037575,41.1692329],[32.5035506,41.1692891],[32.502805,41.1695758],[32.502485,41.1697226],[32.5021599,41.169863],[32.50183,41.1699968],[32.5015234,41.1701137],[32.5012131,41.170225],[32.5010943,41.1702649],[32.5009714,41.170297],[32.5008453,41.1703211],[32.5007169,41.170337],[32.5005998,41.1703442],[32.5004822,41.1703446],[32.500365,41.1703382],[32.5002488,41.1703249],[32.5000549,41.1702962],[32.4998634,41.1702595],[32.4997685,41.1702388],[32.4996749,41.1702149],[32.4995401,41.170174],[32.4994092,41.1701265],[32.4992828,41.1700726],[32.4991614,41.1700124],[32.4990456,41.1699464],[32.4989359,41.1698747],[32.4987331,41.1697492],[32.4985247,41.169629],[32.498311,41.1695143],[32.4983031,41.1694689],[32.4982856,41.1694251],[32.4982589,41.169384],[32.4982238,41.1693467],[32.4981757,41.1693106],[32.4981197,41.1692817],[32.4980577,41.1692609],[32.4979918,41.1692488],[32.4979052,41.1692387],[32.4978178,41.1692352],[32.4977303,41.169238],[32.4976437,41.1692473],[32.4975586,41.1692629],[32.4972612,41.169296],[32.4969645,41.1693325],[32.4965222,41.1693938],[32.4963771,41.1694223],[32.4962302,41.1694453],[32.496082,41.1694628],[32.495922,41.1694753],[32.4957612,41.1694813],[32.4956003,41.1694808],[32.4954396,41.1694739],[32.4952807,41.169476],[32.4951225,41.169487],[32.4949658,41.1695069],[32.4948115,41.1695356],[32.4946605,41.1695728],[32.4941188,41.1697121],[32.4935809,41.1698595],[32.4934108,41.1698795],[32.4932393,41.1698909],[32.4930672,41.1698938],[32.492899,41.1698884],[32.4927316,41.1698748],[32.4925656,41.1698531],[32.4924019,41.1698234],[32.4922411,41.1697858],[32.4918827,41.1696835],[32.4915272,41.1695755],[32.4911749,41.1694618],[32.490856,41.169353],[32.4905399,41.1692396],[32.4903806,41.1691846],[32.4902268,41.1691216],[32.4900963,41.1690595],[32.489971,41.1689915],[32.4898515,41.1689179],[32.4897381,41.168839],[32.4896313,41.1687551],[32.4893028,41.1684904],[32.4891901,41.1684043],[32.4890827,41.1683144],[32.4889809,41.168221],[32.4888609,41.1680987],[32.4887503,41.1679713],[32.4887028,41.1679041],[32.4886496,41.1678394],[32.4885695,41.1677567],[32.4884802,41.1676796],[32.4883823,41.1676086],[32.4882765,41.1675443],[32.4881638,41.1674871],[32.4880448,41.1674376],[32.4879008,41.1673623],[32.4877502,41.1672947],[32.4875936,41.1672353],[32.4874319,41.1671842],[32.4872659,41.1671418],[32.4870964,41.1671082],[32.4869241,41.1670837],[32.48675,41.1670683],[32.4866915,41.1670707],[32.4866329,41.1670687],[32.4865749,41.1670621],[32.4865108,41.1670492],[32.486449,41.1670307],[32.4863906,41.167007],[32.4863362,41.1669783],[32.4862809,41.1669407],[32.4862324,41.1668981],[32.4861916,41.1668511],[32.4861592,41.1668006],[32.4861411,41.1667198],[32.4861158,41.1666401],[32.4860833,41.1665619],[32.4860439,41.1664856],[32.4859833,41.1663908],[32.4859121,41.1663004],[32.4858306,41.166215],[32.485376,41.1657062],[32.4853007,41.1655964],[32.4852168,41.1654902],[32.4851244,41.1653881],[32.4850241,41.1652903],[32.484916,41.1651973],[32.4848002,41.1651091],[32.4846774,41.1650263],[32.4845483,41.1649493],[32.4844824,41.164912],[32.4844131,41.1648783],[32.484313,41.1648383],[32.4842081,41.1648059],[32.4840995,41.1647814],[32.4839882,41.1647651],[32.4838753,41.1647572],[32.4836562,41.1647355],[32.4834388,41.1647059],[32.48333,41.1646907],[32.4832235,41.1646683],[32.4831167,41.1646376],[32.4830142,41.1645996],[32.4829168,41.1645546],[32.4828254,41.164503],[32.4827407,41.1644452],[32.4825359,41.1642594],[32.4823382,41.1640692],[32.482148,41.1638747],[32.4819489,41.1636578],[32.481759,41.1634363],[32.4815786,41.1632103],[32.4814077,41.1629802],[32.4812452,41.1627457],[32.4810918,41.1625077],[32.4810161,41.1623883],[32.4809477,41.1622664],[32.4808822,41.1621325],[32.4808254,41.1619964],[32.4807776,41.1618584],[32.4807387,41.1617187],[32.480729,41.1616477],[32.480709,41.1615778],[32.4806818,41.1615156],[32.4806465,41.1614557],[32.4806034,41.1613988],[32.480553,41.1613454],[32.4804957,41.1612961],[32.4804115,41.1612366],[32.4803189,41.1611845],[32.4802191,41.1611406],[32.4801656,41.1611241],[32.4801135,41.1611053],[32.4800189,41.1610633],[32.479931,41.1610137],[32.4798511,41.160957],[32.4797801,41.1608939],[32.4797189,41.1608253],[32.4796683,41.1607519],[32.4795721,41.1606837],[32.479471,41.1606197],[32.4793652,41.1605601],[32.4792196,41.1604888],[32.4790673,41.1604258],[32.4789093,41.1603716],[32.4787463,41.1603264],[32.4785793,41.1602905],[32.4782793,41.1602224],[32.4779811,41.16015],[32.4778342,41.1601089],[32.4776848,41.1600734],[32.4774938,41.1600369],[32.4773002,41.1600096],[32.4771047,41.1599915],[32.4769081,41.1599829],[32.4768096,41.1599851],[32.4767111,41.1599835],[32.4765703,41.1599749],[32.4764306,41.1599586],[32.4762928,41.1599348],[32.4761577,41.1599036],[32.4760259,41.1598652],[32.4758981,41.1598197],[32.4758375,41.1597924],[32.475775,41.1597675],[32.4756541,41.1597276],[32.4755286,41.1596969],[32.4753997,41.1596755],[32.4752686,41.1596636],[32.4751367,41.1596615],[32.4749771,41.1596591],[32.4748181,41.1596483],[32.4746606,41.1596291],[32.4745021,41.1596011],[32.4743467,41.1595645],[32.4741952,41.1595196],[32.4740483,41.1594667],[32.4739069,41.159406],[32.473765,41.1593535],[32.4736192,41.1593074],[32.47347,41.1592681],[32.473318,41.1592355],[32.4731636,41.1592099],[32.4730074,41.1591913],[32.4728501,41.1591798],[32.4725602,41.1591366],[32.4722722,41.1590868],[32.4719864,41.1590304],[32.4716674,41.158959],[32.4713518,41.1588795],[32.4710401,41.1587918],[32.4707325,41.1586962],[32.4703739,41.1585782],[32.4700189,41.1584543],[32.4698448,41.1583872],[32.4696676,41.1583246],[32.4694229,41.1582469],[32.4691736,41.1581777],[32.4689204,41.1581172],[32.4686638,41.1580655],[32.4685347,41.158042],[32.4684043,41.1580227],[32.4682154,41.1580026],[32.4680252,41.1579915],[32.4678345,41.1579895],[32.4676439,41.1579965],[32.4674512,41.1580115],[32.4672598,41.1580344],[32.4670704,41.1580652],[32.4668836,41.1581037],[32.4666998,41.1581499],[32.4664856,41.1581964],[32.4662688,41.1582357],[32.4660499,41.1582677],[32.4658294,41.1582923],[32.4656066,41.1583261],[32.4653864,41.1583686],[32.4651695,41.1584196],[32.4649563,41.1584791],[32.4647369,41.1585474],[32.464521,41.158622],[32.4643091,41.1587027],[32.4641014,41.1587894],[32.4638982,41.158882],[32.4636752,41.1589913],[32.4634574,41.1591065],[32.4633545,41.1591701],[32.4632451,41.1592273],[32.4631346,41.1592758],[32.4630194,41.1593177],[32.4629002,41.1593528],[32.4627778,41.1593808],[32.4626529,41.1594016],[32.4625263,41.1594151],[32.4623437,41.1594263],[32.4621606,41.159428],[32.462069,41.1594257],[32.4619777,41.1594201],[32.4618359,41.1594048],[32.461696,41.1593814],[32.4615588,41.1593501],[32.4614931,41.1593284],[32.4614252,41.1593111],[32.4613308,41.1592947],[32.4612346,41.1592867],[32.4611378,41.1592871],[32.4610417,41.1592959],[32.460917,41.1593131],[32.4607942,41.1593365],[32.4606738,41.1593661],[32.4605562,41.1594018],[32.4604985,41.1594214],[32.4604422,41.1594434],[32.4603502,41.1594857],[32.4602637,41.1595342],[32.4601834,41.1595884],[32.4601099,41.1596478],[32.4600439,41.1597119],[32.4599569,41.1598077],[32.459879,41.1599078],[32.4598105,41.1600118],[32.4596507,41.160179],[32.4594982,41.16035],[32.4593532,41.1605247],[32.4592225,41.1606941],[32.4590988,41.1608664],[32.4589823,41.1610416],[32.4588731,41.1612194],[32.4587374,41.161423],[32.4585925,41.161623],[32.4585195,41.1617228],[32.4584386,41.1618191],[32.4583569,41.1619048],[32.4582688,41.1619869],[32.4581748,41.1620651],[32.4580751,41.1621392],[32.4579796,41.1621938],[32.4578788,41.1622427],[32.4577731,41.1622855],[32.4576634,41.1623219],[32.4575462,41.1623528],[32.457426,41.1623764],[32.4573037,41.1623927],[32.4571801,41.1624015],[32.4570559,41.1624027],[32.4567277,41.1624117],[32.4565636,41.1624167],[32.4564001,41.162429],[32.4562348,41.1624489],[32.4560713,41.1624762],[32.4559104,41.1625109],[32.4557524,41.1625527],[32.4556745,41.1625758],[32.4555981,41.1626016],[32.4554652,41.1626542],[32.4553384,41.1627148],[32.4552185,41.1627829],[32.4551064,41.1628581],[32.4550027,41.1629398],[32.4548633,41.1630386],[32.4547163,41.163131],[32.4545623,41.1632167],[32.4544812,41.1632548],[32.4544018,41.1632952],[32.4542648,41.1633729],[32.4541347,41.1634571],[32.4540121,41.1635474],[32.4538976,41.1636435],[32.4538061,41.1637306],[32.4537213,41.1638213],[32.4536436,41.1639156],[32.453573,41.1640131],[32.4534943,41.1641363],[32.4534248,41.1642626],[32.4533647,41.1643916],[32.4533142,41.1645229],[32.4532157,41.1647982],[32.4531653,41.1649356],[32.4531265,41.1650752],[32.4531001,41.1652105],[32.4530846,41.1653469],[32.45308,41.1654836],[32.4530862,41.1656204],[32.4530619,41.1659431],[32.4530312,41.1662655],[32.4529977,41.16656],[32.4529934,41.1666586],[32.4529804,41.1667568],[32.4529588,41.1668541],[32.452922,41.166968],[32.4528734,41.1670793],[32.4528132,41.1671874],[32.4527418,41.1672916],[32.4526598,41.1673912],[32.4525496,41.1675131],[32.4524321,41.1676311],[32.4523073,41.1677448],[32.4521757,41.1678541],[32.4520375,41.1679585],[32.451874,41.168044],[32.4517156,41.1681347],[32.4515624,41.1682304],[32.4514148,41.1683309],[32.4512731,41.1684361],[32.4511118,41.1685675],[32.4509597,41.1687049],[32.450817,41.168848],[32.4506843,41.1689964],[32.450458,41.1692429],[32.4502269,41.1694869],[32.449991,41.1697283],[32.4497674,41.1699695],[32.4495519,41.1702149],[32.4494465,41.1703388],[32.4493445,41.1704642],[32.4491944,41.1706603],[32.4490526,41.17086],[32.4489194,41.1710628],[32.4488605,41.171167],[32.4487947,41.1712688],[32.4487175,41.171374],[32.4486329,41.171476],[32.4485411,41.1715744],[32.4484426,41.171669],[32.4483374,41.1717594],[32.4481822,41.1719028],[32.4480353,41.1720511],[32.4478969,41.1722039],[32.4477674,41.1723611],[32.4476369,41.1725352],[32.4475166,41.1727135],[32.4474067,41.1728955],[32.4473545,41.1729874],[32.4473074,41.1730809],[32.4472453,41.1732264],[32.4471954,41.1733745],[32.4471579,41.1735248],[32.4471331,41.1736765],[32.4470833,41.1740118],[32.4470574,41.1741795],[32.4470405,41.1743477],[32.4470328,41.1745154],[32.447034,41.1746832],[32.4470442,41.1748509],[32.4470633,41.175018],[32.4471047,41.1753398],[32.4471518,41.175661],[32.4472162,41.1760401],[32.4472497,41.1762295],[32.44729,41.1764181],[32.4473461,41.1766397],[32.4474115,41.1768598],[32.4474862,41.1770782],[32.44757,41.1772947],[32.4476629,41.1775092],[32.4477647,41.1777213],[32.447922,41.1780122],[32.4480709,41.1783057],[32.4482113,41.1786015],[32.4483255,41.1788584],[32.4484332,41.1791168],[32.4484854,41.1792464],[32.4485345,41.1793767],[32.4486077,41.1795902],[32.4486726,41.1798053],[32.448729,41.1800217],[32.4487788,41.180237],[32.4488226,41.180453],[32.448846,41.1805609],[32.4488604,41.1806697],[32.4488658,41.1807965],[32.4488591,41.1809232],[32.4488402,41.1810492],[32.4488093,41.1811739],[32.4487665,41.1812965],[32.4487188,41.1814594],[32.4486808,41.1816237],[32.4486525,41.1817891],[32.448645,41.1819355],[32.4486277,41.1820814],[32.4486007,41.1822266],[32.448564,41.1823705],[32.4485189,41.1825099],[32.4484647,41.1826475],[32.4484016,41.1827829],[32.4483297,41.1829158],[32.4482492,41.1830459],[32.4481603,41.1831729],[32.44797,41.1834523],[32.4477854,41.183734],[32.4477,41.1838773],[32.4476065,41.1840177],[32.4475007,41.1841602],[32.4473864,41.184299],[32.4472638,41.1844337],[32.4471332,41.1845641],[32.4469949,41.1846899],[32.4467424,41.1849142],[32.4464853,41.1851356],[32.4462238,41.185354],[32.4460567,41.1855268],[32.4458826,41.1856955],[32.4457016,41.1858602],[32.445514,41.1860206],[32.4453199,41.1861766],[32.4450819,41.1863553],[32.4448354,41.1865274],[32.4445806,41.1866927],[32.444448,41.1867705],[32.4443181,41.1868508],[32.4441288,41.1869754],[32.4439459,41.1871053],[32.4438558,41.1871714],[32.4437696,41.1872403],[32.4436618,41.1873359],[32.4435616,41.187436],[32.4434693,41.1875403],[32.4433852,41.1876485],[32.4433096,41.1877601],[32.4431934,41.1879185],[32.4430692,41.1880734],[32.4429371,41.1882245],[32.4427973,41.1883717],[32.4426537,41.1885366],[32.4425195,41.1887059],[32.4423949,41.1888794],[32.442332,41.1889982],[32.4422618,41.1891147],[32.4421844,41.1892286],[32.4420999,41.1893396],[32.4420074,41.1894489],[32.441908,41.1895547],[32.4418021,41.1896569],[32.4416898,41.1897551],[32.4415715,41.1898492],[32.4415261,41.1899025],[32.4414726,41.1899512],[32.4414119,41.1899949],[32.4413446,41.1900328],[32.4412719,41.1900645],[32.4411947,41.1900894],[32.4411192,41.1901064],[32.4410417,41.1901169],[32.4409631,41.1901209],[32.4408844,41.1901183],[32.4408066,41.1901091],[32.4407306,41.1900935],[32.4403483,41.1900033],[32.4399632,41.1899201],[32.4395756,41.1898438],[32.4391857,41.1897746],[32.4387363,41.1897038],[32.438587,41.1896782],[32.4384363,41.1896577],[32.4382845,41.1896423],[32.4381118,41.1896313],[32.4379387,41.189627],[32.4377655,41.1896295],[32.4375927,41.1896386],[32.4374208,41.1896545],[32.4371221,41.1896883],[32.4368251,41.18973],[32.4365303,41.1897796],[32.4362647,41.1898324],[32.4360018,41.1898924],[32.4357419,41.1899596],[32.4356145,41.1899983],[32.4354856,41.1900339],[32.4352845,41.1900829],[32.4350807,41.1901247],[32.4348744,41.1901592],[32.4346662,41.1901863],[32.4344716,41.1902023],[32.4342783,41.1902256],[32.4340868,41.1902563],[32.4338977,41.1902943],[32.4337254,41.1903358],[32.4335559,41.1903832],[32.4333895,41.1904366],[32.4332266,41.1904959],[32.4331463,41.1905272],[32.4330676,41.1905607],[32.4329366,41.1906233],[32.4328113,41.190692],[32.432692,41.1907666],[32.4325792,41.1908467],[32.4324734,41.1909321],[32.4321203,41.1911884],[32.4317729,41.1914491],[32.4314314,41.1917143],[32.4310252,41.1920417],[32.4306281,41.1923753],[32.4306091,41.1924829],[32.4305784,41.192589],[32.4305362,41.1926928],[32.430483,41.1927937],[32.4304189,41.192891],[32.4303438,41.1929847],[32.4302587,41.1930734],[32.4301642,41.1931565],[32.4300609,41.1932334],[32.4299495,41.1933037],[32.4297854,41.1934031],[32.4297005,41.19345],[32.4296182,41.1934995],[32.4294979,41.1935802],[32.4293848,41.1936665],[32.4292792,41.193758],[32.4291816,41.1938545],[32.4290924,41.1939555],[32.4290121,41.1940606],[32.428867,41.1942389],[32.4287139,41.1944133],[32.428553,41.1945837],[32.4283844,41.1947498],[32.4282208,41.1948901],[32.4280639,41.1950346],[32.4279138,41.1951831],[32.4277707,41.1953355],[32.4276347,41.1954916],[32.4274985,41.1956611],[32.4273707,41.1958343],[32.4272515,41.196011],[32.4271412,41.1961909],[32.4270426,41.1963726],[32.426933,41.1965506],[32.4268126,41.1967247],[32.4266885,41.1968863],[32.426555,41.1970436],[32.4264126,41.1971964],[32.4262615,41.1973443],[32.425904,41.1976988],[32.4254726,41.1981521],[32.4253864,41.1982446],[32.4252925,41.1983326],[32.4251913,41.198416],[32.4251188,41.1984695],[32.4250433,41.1985206],[32.4248889,41.1986199],[32.4247286,41.1987137],[32.4245537,41.1988061],[32.4243729,41.1988919],[32.4241868,41.198971],[32.4240668,41.1990153],[32.4239513,41.1990659],[32.4238409,41.1991225],[32.4237362,41.1991849],[32.4236448,41.1992474],[32.4235466,41.1993037],[32.4234422,41.1993533],[32.4233325,41.1993958],[32.4232466,41.199423],[32.4231586,41.199446],[32.4229819,41.1994903],[32.4228028,41.1995288],[32.4226217,41.1995613],[32.4223989,41.1995927],[32.4221742,41.1996151],[32.4217258,41.1996642],[32.4213811,41.1996986],[32.4210352,41.1997258],[32.4209529,41.1997311],[32.4208723,41.1997446],[32.4207948,41.199766],[32.4207217,41.1997948],[32.4206543,41.1998307],[32.4206021,41.1998665],[32.4205555,41.1999065],[32.4204633,41.1999868],[32.4203779,41.2000712],[32.4202998,41.2001596],[32.4202292,41.2002515],[32.4201566,41.2003628],[32.4200912,41.2004766],[32.4200331,41.2005926],[32.4199824,41.2007106],[32.4199295,41.2008613],[32.4198886,41.201014],[32.4198026,41.2013187],[32.4197243,41.2016246],[32.4196538,41.2019316],[32.4196284,41.2020518],[32.4195907,41.2021702],[32.419541,41.2022861],[32.4194795,41.2023987],[32.4194421,41.2024571],[32.4193973,41.2025125],[32.4193454,41.2025642],[32.4192751,41.2026205],[32.4191965,41.2026702],[32.4189065,41.2027774],[32.4186118,41.202877],[32.4183721,41.2029514],[32.4181297,41.2030207],[32.4178849,41.2030849],[32.4176432,41.2031389],[32.4173984,41.2031844],[32.417151,41.2032212],[32.4169017,41.2032493],[32.4166389,41.2032694],[32.4163752,41.2032798],[32.4161112,41.2032804],[32.4159944,41.2032745],[32.4158789,41.2032602],[32.4157657,41.2032376],[32.415656,41.203207],[32.4155549,41.2031702],[32.4154588,41.2031266],[32.4153684,41.2030765],[32.4152845,41.2030203],[32.4151769,41.2029384],[32.4150777,41.2028507],[32.4149873,41.2027578],[32.4149063,41.2026601],[32.4148025,41.2026055],[32.4147053,41.2025445],[32.4146153,41.2024774],[32.4145447,41.2024158],[32.4144803,41.2023505],[32.4144224,41.2022817],[32.4143712,41.20221],[32.4137208,41.201311],[32.4136788,41.2012662],[32.4136294,41.2012259],[32.4135733,41.2011909],[32.4135059,41.2011596],[32.4134332,41.2011359],[32.4133568,41.2011204],[32.4132782,41.2011132],[32.4131176,41.2011147],[32.4129573,41.2011073],[32.4127981,41.201091],[32.4126682,41.201071],[32.4125402,41.2010451],[32.4124145,41.2010133],[32.4122534,41.2009807],[32.4120896,41.2009565],[32.411924,41.2009408],[32.4118409,41.2009354],[32.4117574,41.2009336],[32.4116271,41.2009381],[32.4114979,41.2009513],[32.4113708,41.2009733],[32.4112469,41.2010038],[32.4111271,41.2010426],[32.4110043,41.2010892],[32.4108855,41.2011415],[32.4107714,41.2011992],[32.4106622,41.2012622],[32.4106092,41.2012952],[32.4105585,41.2013302],[32.4104689,41.2014011],[32.4103885,41.201478],[32.4103177,41.2015601],[32.4102574,41.2016467],[32.4102078,41.2017372],[32.4101695,41.2018307],[32.4101223,41.2019216],[32.4100664,41.2020096],[32.410002,41.2020943],[32.4099295,41.2021753],[32.4098493,41.202252],[32.4097618,41.2023241],[32.4096324,41.2024274],[32.4095003,41.2025289],[32.4094572,41.2025483],[32.4094109,41.2025629],[32.4093622,41.2025723],[32.4092987,41.2025765],[32.4092352,41.202572],[32.4091739,41.2025588],[32.4091168,41.2025375],[32.4090658,41.2025087],[32.4088403,41.2022454],[32.4086192,41.20198],[32.4083611,41.2016601],[32.4081096,41.2013372],[32.408062,41.201292],[32.408008,41.201251],[32.4079482,41.2012148],[32.4078835,41.2011839],[32.4078146,41.2011586],[32.407734,41.2011375],[32.4076506,41.2011241],[32.4075656,41.2011185],[32.4074803,41.201121],[32.4073961,41.2011314],[32.4073374,41.2012129],[32.407269,41.2012899],[32.4071913,41.2013618],[32.4071051,41.201428],[32.4070111,41.201488],[32.4069102,41.2015411],[32.4068031,41.2015869],[32.4066908,41.2016251],[32.4065744,41.2016553],[32.4064547,41.2016773],[32.4062963,41.2016969],[32.4061393,41.2017222],[32.4059842,41.201753],[32.4058311,41.2017893],[32.4056371,41.2018442],[32.4054479,41.2019079],[32.4052642,41.2019801],[32.4050868,41.2020607],[32.4050103,41.2020932],[32.4049293,41.2021187],[32.4048449,41.2021369],[32.4047582,41.2021475],[32.4046637,41.2021502],[32.4045695,41.202144],[32.4044771,41.2021288],[32.4043879,41.202105],[32.4043035,41.2020728],[32.4035659,41.201533],[32.4035666,41.2014152],[32.4035573,41.2012975],[32.4035379,41.2011806],[32.4035087,41.2010649],[32.4034697,41.2009508],[32.4034211,41.2008388],[32.4033549,41.2007155],[32.4032771,41.2005961],[32.4031881,41.2004813],[32.4030882,41.2003716],[32.4029781,41.2002676],[32.4028584,41.2001699],[32.4027295,41.2000789],[32.4025923,41.1999952],[32.401793,41.1997288],[32.4009851,41.1994523],[32.4005845,41.1993088],[32.400181,41.1991698],[32.3997155,41.1990161],[32.3992465,41.1988683],[32.3987743,41.1987266],[32.398299,41.1985909],[32.3978206,41.1984614],[32.3975832,41.1984278],[32.3973482,41.1983852],[32.3971165,41.1983338],[32.3968884,41.1982737],[32.3966646,41.1982051],[32.3964882,41.1981438],[32.3963152,41.1980772],[32.3961459,41.1980055],[32.3959807,41.1979286],[32.3955278,41.1977488],[32.3950795,41.1975627],[32.3946358,41.1973703],[32.394197,41.1971718],[32.3937995,41.1969846],[32.3934063,41.1967923],[32.3930175,41.196595],[32.3926333,41.1963927],[32.3924161,41.1963401],[32.392196,41.196295],[32.3919734,41.1962575],[32.3917454,41.1962273],[32.3915157,41.1962051],[32.3912849,41.1961909],[32.3910534,41.1961848],[32.3905962,41.1961897],[32.3901392,41.1962031],[32.3896828,41.1962252],[32.3892058,41.1962575],[32.38873,41.1962992],[32.3884922,41.1963207],[32.3882559,41.1963503],[32.388034,41.1963859],[32.3878144,41.1964287],[32.3875974,41.1964787],[32.3873836,41.1965357],[32.3871732,41.1965997],[32.3869668,41.1966704],[32.3867646,41.1967479],[32.3864142,41.196851],[32.3860681,41.1969619],[32.3857266,41.1970807],[32.38539,41.1972072],[32.3850587,41.1973413],[32.3847304,41.1974839],[32.3844081,41.197634],[32.384092,41.1977914],[32.3837824,41.197956],[32.3834796,41.1981276],[32.3833333,41.1982182],[32.3831838,41.198306],[32.3829396,41.1984396],[32.3826881,41.1985655],[32.3824299,41.1986834],[32.3821653,41.198793],[32.3818949,41.1988943],[32.3816192,41.198987],[32.3813385,41.1990709],[32.3811441,41.1990763],[32.3809503,41.1990885],[32.3807574,41.1991076],[32.380566,41.1991334],[32.3803458,41.1991719],[32.3801287,41.1992194],[32.3799154,41.1992757],[32.3797065,41.1993407],[32.3795026,41.1994141],[32.3793043,41.1994958],[32.3791122,41.1995855],[32.378488,41.1999179],[32.3778702,41.200257],[32.3772588,41.2006026],[32.3766357,41.2009658],[32.3760198,41.2013358],[32.3754112,41.2017125],[32.3752064,41.2018365],[32.375006,41.2019643],[32.37481,41.202096],[32.3745898,41.2022525],[32.3743759,41.2024139],[32.3741684,41.20258],[32.3739677,41.2027506],[32.3737738,41.2029257],[32.3735869,41.2031051],[32.37308,41.2039627],[32.3729818,41.2040817],[32.3728749,41.2041963],[32.3727597,41.2043062],[32.3726364,41.2044111],[32.3725056,41.2045106],[32.3723675,41.2046044],[32.3722226,41.2046923],[32.3720714,41.204774],[32.3719367,41.204839],[32.3717979,41.2048991],[32.3716173,41.204968],[32.3714317,41.2050289],[32.3712417,41.2050816],[32.3710479,41.2051258],[32.3709499,41.205145],[32.370851,41.2051614],[32.3706834,41.2051825],[32.3705142,41.2051955],[32.3703444,41.2052002],[32.3701744,41.2051968],[32.3700051,41.2051852],[32.3698372,41.2051654],[32.3696144,41.2051338],[32.3693898,41.205111],[32.3691638,41.2050973],[32.3689372,41.2050925],[32.3687106,41.2050968],[32.3684797,41.2051105],[32.3682502,41.2051336],[32.3680921,41.2051561],[32.3680226,41.205166],[32.3677977,41.2052076],[32.3676863,41.2052315],[32.3675761,41.2052583],[32.3673863,41.2053117],[32.3672011,41.2053735],[32.367021,41.2054433],[32.3668467,41.205521],[32.3666787,41.2056063],[32.3665178,41.2056989],[32.3663643,41.2057984],[32.3662189,41.2059046],[32.3660821,41.206017],[32.3659418,41.2061447],[32.3658107,41.2062778],[32.3656891,41.2064159],[32.3655773,41.2065587],[32.3654758,41.2067057],[32.3653847,41.2068565],[32.3650368,41.2074406],[32.3649305,41.2076385],[32.3648166,41.2078339],[32.3646954,41.2080269],[32.3645387,41.208257],[32.3643714,41.2084828],[32.3641938,41.2087042],[32.364006,41.2089208],[32.3638084,41.2091323],[32.363601,41.2093385],[32.3635104,41.2094502],[32.363409,41.2095566],[32.3632973,41.2096569],[32.363176,41.2097508],[32.3630458,41.2098376],[32.3629074,41.2099169],[32.3627615,41.2099882],[32.362621,41.2100466],[32.3624754,41.2100977],[32.3623256,41.210141],[32.3621722,41.2101766],[32.3620158,41.2102041],[32.3618291,41.2102282],[32.3616408,41.2102429],[32.3614515,41.2102484],[32.3613567,41.2102493],[32.3612621,41.2102445],[32.3611572,41.2102323],[32.3610541,41.210213],[32.3609538,41.2101868],[32.3608571,41.2101538],[32.3607647,41.2101144],[32.3606774,41.2100689],[32.3605057,41.2100123],[32.3603389,41.209948],[32.3601776,41.2098762],[32.3600224,41.2097972],[32.3598737,41.2097113],[32.3597323,41.2096187],[32.3595986,41.2095199],[32.3594731,41.2094152],[32.3593575,41.2093061],[32.3592507,41.2091921],[32.3591532,41.2090734],[32.3590654,41.2089506],[32.3589875,41.208824],[32.3589198,41.2086941],[32.3588625,41.2085614],[32.358816,41.2084264],[32.3587334,41.2082148],[32.3586399,41.2080058],[32.3585356,41.2077996],[32.3584208,41.2075967],[32.3583606,41.2074962],[32.3582956,41.2073973],[32.3581947,41.207259],[32.3580845,41.2071247],[32.3579655,41.2069947],[32.3578378,41.2068695],[32.3577019,41.2067494],[32.357558,41.2066345],[32.3570033,41.2062004],[32.356809,41.2060627],[32.356621,41.2059201],[32.3564395,41.2057728],[32.3562558,41.205613],[32.3560798,41.2054483],[32.3559117,41.2052789],[32.3557517,41.2051052],[32.3556772,41.2050156],[32.3556,41.2049273],[32.3554468,41.2047647],[32.355284,41.2046074],[32.355112,41.2044557],[32.3549311,41.20431],[32.3547417,41.2041706],[32.354667,41.2041924],[32.3545894,41.2042077],[32.3545101,41.2042163],[32.35443,41.204218],[32.3543501,41.204213],[32.3542663,41.2042001],[32.3541852,41.2041797],[32.354108,41.204152],[32.3540358,41.2041176],[32.3539696,41.2040768],[32.3539105,41.2040304],[32.3538592,41.2039789],[32.3538159,41.2037783],[32.3537628,41.203579],[32.3536999,41.2033814],[32.3536275,41.2031857],[32.3535454,41.202992],[32.3534484,41.2027898],[32.3533409,41.2025906],[32.3532232,41.2023947],[32.3530954,41.2022023],[32.3529578,41.2020139],[32.3528105,41.2018296],[32.3527369,41.2017249],[32.3526544,41.2016241],[32.3525634,41.2015274],[32.3524643,41.2014354],[32.3523574,41.2013484],[32.3522433,41.2012669],[32.3521223,41.201191],[32.3519951,41.2011213],[32.3518524,41.2010536],[32.3517038,41.2009936],[32.35155,41.2009414],[32.3513918,41.2008975],[32.3512298,41.2008619],[32.351065,41.2008349],[32.3508981,41.2008166],[32.3504485,41.2007627],[32.3500003,41.2007023],[32.3495538,41.2006355],[32.3491091,41.2005623],[32.3489542,41.2006254],[32.3487942,41.2006808],[32.3486297,41.2007282],[32.3484615,41.2007674],[32.3482902,41.2007982],[32.3481166,41.2008206],[32.3479701,41.2008327],[32.3478229,41.2008388],[32.3476755,41.2008388],[32.3475283,41.2008327],[32.3473817,41.2008206],[32.3468406,41.200746],[32.3463015,41.2006633],[32.3457648,41.2005724],[32.3452306,41.2004735],[32.3447064,41.200368],[32.3441851,41.2002548],[32.3436668,41.2001339],[32.3431519,41.2000053],[32.3429097,41.1999788],[32.3426695,41.1999436],[32.3424317,41.1999],[32.342197,41.1998479],[32.3419964,41.199796],[32.3417987,41.1997379],[32.3416044,41.1996738],[32.3414138,41.1996037],[32.3409104,41.1994236],[32.3404035,41.1992493],[32.3402361,41.1991884],[32.3400659,41.1991323],[32.339893,41.199081],[32.3396807,41.1990255],[32.3394654,41.1989774],[32.3392473,41.1989366],[32.339027,41.1989033],[32.338805,41.1988776],[32.3385816,41.1988594],[32.3383574,41.1988489],[32.3381327,41.1988461],[32.3379081,41.1988509],[32.3376774,41.1988643],[32.3374478,41.1988862],[32.3372199,41.1989166],[32.3369942,41.1989555],[32.3367714,41.1990026],[32.3365519,41.1990579],[32.3363364,41.1991213],[32.3360542,41.1992825],[32.3357652,41.1994366],[32.3354697,41.1995837],[32.3351681,41.1997235],[32.3348606,41.1998558],[32.3345476,41.1999806],[32.3342294,41.2000978],[32.3339063,41.2002071],[32.3335635,41.200313],[32.3332162,41.20041],[32.3328647,41.2004982],[32.3325095,41.2005774],[32.3321509,41.2006475],[32.3317893,41.2007084],[32.331607,41.2007329],[32.3314252,41.2007601],[32.33115,41.2008063],[32.3308766,41.2008583],[32.3306053,41.2009163],[32.3304702,41.2009467],[32.3303363,41.20098],[32.3301322,41.2010369],[32.3299317,41.2011003],[32.3297349,41.2011702],[32.3295423,41.2012464],[32.3292531,41.2013935],[32.3289616,41.201538],[32.328594,41.201715],[32.328223,41.2018879],[32.3280366,41.2019734],[32.3278485,41.2020567],[32.3275508,41.2021822],[32.327249,41.2023019],[32.3269433,41.2024159],[32.326837,41.202454],[32.3267274,41.2024861],[32.3266149,41.2025123],[32.3265003,41.2025323],[32.326384,41.2025461],[32.3262573,41.2025538],[32.3261301,41.202554],[32.3260033,41.2025468],[32.3258777,41.2025323],[32.3257539,41.2025103],[32.3256328,41.2024813],[32.325515,41.2024452],[32.3251542,41.2022801],[32.324788,41.202122],[32.3244166,41.2019709],[32.3240539,41.2018319],[32.3236867,41.2016996],[32.3233154,41.201574],[32.3229401,41.2014553],[32.3225644,41.2013457],[32.3221848,41.2012441],[32.3220605,41.2012051],[32.3219325,41.2011738],[32.3218015,41.2011506],[32.3216596,41.2011347],[32.3215164,41.2011283],[32.3213731,41.2011312],[32.3212306,41.2011436],[32.32109,41.2011652],[32.3209526,41.201196],[32.3195015,41.2015643],[32.3193101,41.2015969],[32.3191211,41.2016366],[32.318935,41.2016832],[32.3187521,41.2017366],[32.3185729,41.2017968],[32.3183979,41.2018635],[32.3182274,41.2019366],[32.3180704,41.2020117],[32.3179182,41.2020922],[32.3177712,41.2021779],[32.3176296,41.2022687],[32.3175606,41.2023157],[32.3174939,41.2023644],[32.3173748,41.2024606],[32.3172644,41.2025624],[32.3171632,41.2026694],[32.3170715,41.2027812],[32.3169899,41.2028974],[32.3169185,41.2030173],[32.3166995,41.20337],[32.316492,41.2037266],[32.316352,41.2039818],[32.3162179,41.2042388],[32.3161506,41.2043673],[32.3160897,41.2044975],[32.3160277,41.2046488],[32.3159743,41.2048018],[32.3159294,41.2049565],[32.3158932,41.2051124],[32.3158658,41.2052694],[32.3158434,41.2054459],[32.3158299,41.205623],[32.3158253,41.2058003],[32.3158295,41.2059777],[32.3158249,41.2061506],[32.3158116,41.2063233],[32.3157895,41.2064955],[32.3157589,41.2066669],[32.3157196,41.2068373],[32.3156718,41.2070119],[32.3156168,41.2071852],[32.3155544,41.2073571],[32.3155212,41.2074426],[32.3154849,41.2075274],[32.3154096,41.2076816],[32.3153237,41.2078327],[32.3152276,41.2079802],[32.3151214,41.2081237],[32.3149865,41.2083221],[32.3148621,41.2085243],[32.3148088,41.2086283],[32.3147486,41.2087301],[32.3146739,41.2088406],[32.3145911,41.2089478],[32.3145006,41.2090514],[32.3144026,41.2091511],[32.3142974,41.2092465],[32.3141853,41.2093375],[32.3139922,41.2095313],[32.3137914,41.2097206],[32.313583,41.2099053],[32.3133673,41.2100851],[32.3131214,41.2102773],[32.3128672,41.2104633],[32.3126048,41.2106427],[32.3123346,41.2108155],[32.3120031,41.2110345],[32.3116767,41.2112578],[32.3115762,41.2113388],[32.311469,41.2114148],[32.3113556,41.2114854],[32.3112174,41.2115601],[32.3110722,41.211627],[32.3109209,41.2116856],[32.3107642,41.2117356],[32.3105378,41.211815],[32.3103159,41.2119012],[32.3100989,41.2119942],[32.3098871,41.2120938],[32.3096156,41.2121944],[32.309341,41.2122902],[32.3090637,41.2123813],[32.3087447,41.2124792],[32.3084225,41.2125707],[32.3080972,41.2126559],[32.307769,41.2127347],[32.3074383,41.2128071],[32.3070939,41.2128915],[32.3067534,41.2129845],[32.3064173,41.2130859],[32.3060857,41.2131956],[32.3059233,41.2132559],[32.3057592,41.2133135],[32.3054803,41.2134041],[32.3051973,41.213487],[32.3049105,41.2135622],[32.3046202,41.2136295],[32.3043269,41.2136888],[32.3039957,41.2137492],[32.3036626,41.2138029],[32.3033276,41.2138501],[32.3029911,41.2138906],[32.3023991,41.2139687],[32.3018091,41.2140553],[32.3012214,41.2141503],[32.3009294,41.2142042],[32.3006362,41.2142538],[32.3002315,41.2143146],[32.2998247,41.214367],[32.2994161,41.214411],[32.2990061,41.2144466],[32.298595,41.2144737],[32.2979634,41.2145221],[32.2973331,41.2145786],[32.2967041,41.2146432],[32.2966318,41.2145879],[32.2965526,41.2145382],[32.2964674,41.2144946],[32.2963768,41.2144576],[32.2962785,41.2144265],[32.2961766,41.214403],[32.2960719,41.2143875],[32.2959658,41.2143801],[32.2958592,41.2143809],[32.2952941,41.2144218],[32.2947299,41.2144689],[32.2941667,41.2145221],[32.2936035,41.2145816],[32.2930415,41.2146471],[32.2924809,41.2147188],[32.2922957,41.2147493],[32.2921092,41.2147753],[32.2919217,41.2147965],[32.2916856,41.2148166],[32.2914485,41.2148292],[32.291211,41.2148345],[32.2909734,41.2148323],[32.2907361,41.2148228],[32.2903967,41.2148014],[32.2900584,41.214771],[32.2897218,41.2147317],[32.2893872,41.2146834],[32.2890551,41.2146263],[32.2887259,41.2145604],[32.2883999,41.2144858],[32.2878787,41.2143742],[32.2873543,41.2142715],[32.286827,41.2141775],[32.2862971,41.2140924],[32.2856953,41.2139692],[32.2831133,41.2134406],[32.2829829,41.2133467],[32.2828471,41.2132571],[32.2827063,41.213172],[32.2825608,41.2130916],[32.2823754,41.2129992],[32.2821837,41.2129145],[32.2819863,41.2128376],[32.2817836,41.2127688],[32.2815764,41.2127082],[32.2799858,41.2124318],[32.2790084,41.2122751],[32.2780332,41.2121109],[32.2771748,41.21196],[32.2763183,41.2118033],[32.2754636,41.2116408],[32.2753377,41.2116722],[32.2752097,41.2116984],[32.2750801,41.2117195],[32.2749191,41.2117382],[32.2747569,41.2117489],[32.2745941,41.2117516],[32.2744314,41.2117462],[32.2742695,41.2117328],[32.2741091,41.2117114],[32.273901,41.2116776],[32.273695,41.2116372],[32.2734915,41.2115902],[32.2732908,41.2115367],[32.2730934,41.2114769],[32.2728994,41.2114108],[32.2728828,41.2113515],[32.2728549,41.2112946],[32.2728164,41.2112413],[32.272768,41.2111929],[32.2727141,41.2111523],[32.2726533,41.2111176],[32.2725868,41.2110896],[32.2725773,41.2110868],[32.2725157,41.2110686],[32.2724416,41.2110552],[32.2723657,41.2110496],[32.2721526,41.211026],[32.2719384,41.2110092],[32.2717234,41.2109991],[32.2715081,41.2109957],[32.2712928,41.2109991],[32.2710731,41.2110096],[32.2708543,41.2110271],[32.2706366,41.2110516],[32.2704205,41.2110831],[32.2702064,41.2111214],[32.2699946,41.2111666],[32.2696613,41.2112445],[32.2692251,41.2113659],[32.2691161,41.2113969],[32.2690049,41.2114229],[32.268878,41.2114459],[32.2687494,41.2114625],[32.2686196,41.2114724],[32.2685543,41.2114725],[32.2684892,41.2114757],[32.2683847,41.2114871],[32.2682823,41.2115063],[32.2681829,41.2115331],[32.2680876,41.2115672],[32.2678413,41.2117327],[32.2675891,41.2118932],[32.2673312,41.2120484],[32.267056,41.2122047],[32.266775,41.2123551],[32.2664885,41.2124995],[32.2661966,41.2126376],[32.2660326,41.2126974],[32.2658736,41.2127645],[32.2657203,41.2128387],[32.2655731,41.2129196],[32.2654327,41.2130071],[32.2652994,41.2131006],[32.2651866,41.2131894],[32.2650803,41.2132826],[32.2649808,41.2133799],[32.2648883,41.2134811],[32.2648032,41.2135859],[32.2645679,41.2138861],[32.2644522,41.214037],[32.2643419,41.2141902],[32.2642059,41.2143938],[32.2640796,41.2146009],[32.2639631,41.2148113],[32.2638564,41.2150245],[32.263806,41.2152065],[32.2637453,41.2153867],[32.2636746,41.2155648],[32.2635939,41.2157404],[32.2635034,41.2159134],[32.2634032,41.2160833],[32.2632935,41.2162498],[32.2631745,41.2164127],[32.2630465,41.2165717],[32.2629096,41.2167264],[32.2627979,41.2168429],[32.2626811,41.2169566],[32.2626219,41.217013],[32.2625595,41.2170674],[32.2624438,41.2171568],[32.2623193,41.2172394],[32.2621869,41.2173147],[32.262119,41.2173507],[32.2620472,41.2173821],[32.2619602,41.2174123],[32.2618695,41.2174356],[32.2617761,41.2174518],[32.261681,41.2174608],[32.2615852,41.2174624],[32.2614897,41.2174567],[32.2613955,41.2174437],[32.2611259,41.2174007],[32.2608589,41.2173495],[32.2605948,41.2172903],[32.2593114,41.2168848],[32.259003,41.2167685],[32.2586895,41.2166603],[32.2583711,41.2165604],[32.2580483,41.216469],[32.2577214,41.2163861],[32.2573909,41.2163118],[32.2570513,41.2162451],[32.2567087,41.2161876],[32.2563636,41.2161393],[32.2562966,41.2160741],[32.2562219,41.2160137],[32.2561403,41.2159586],[32.2560525,41.2159093],[32.2559554,41.2158646],[32.2558531,41.2158269],[32.2557466,41.2157967],[32.2556368,41.2157741],[32.2553194,41.2157439],[32.255001,41.2157207],[32.2546819,41.2157045],[32.2543103,41.2156944],[32.2539385,41.2156937],[32.2535669,41.2157024],[32.2533812,41.2157085],[32.2531959,41.2157206],[32.2529876,41.2157415],[32.2527808,41.21577],[32.2525761,41.2158061],[32.2523741,41.2158497],[32.252175,41.2159006],[32.2519796,41.2159587],[32.2505727,41.2165267],[32.2501488,41.2167409],[32.2497303,41.2169612],[32.2493175,41.2171874],[32.248957,41.2173924],[32.2486011,41.2176019],[32.2484238,41.2177073],[32.2482499,41.2178159],[32.2480182,41.2179695],[32.2477934,41.218129],[32.2475759,41.218294],[32.2473659,41.2184644],[32.2471637,41.2186401],[32.2469422,41.2188214],[32.2467136,41.2189976],[32.246478,41.2191686],[32.2462356,41.2193341],[32.2461179,41.2193936],[32.2459954,41.2194473],[32.2458686,41.2194952],[32.2457381,41.2195369],[32.2456001,41.2195733],[32.2454594,41.2196029],[32.2453163,41.2196255],[32.2451716,41.2196411],[32.2450259,41.2196496],[32.2449529,41.2196517],[32.2448798,41.2196509],[32.2447579,41.2196431],[32.2446373,41.2196272],[32.2445192,41.2196034],[32.2444043,41.2195718],[32.2442935,41.2195327],[32.2441877,41.2194864],[32.242565,41.2187682],[32.2422786,41.2186941],[32.2419951,41.2186138],[32.2417148,41.2185274],[32.241438,41.2184349],[32.2411649,41.2183364],[32.2408384,41.2182089],[32.2405181,41.2180728],[32.2402043,41.2179283],[32.2400484,41.2178548],[32.2398975,41.2177756],[32.2397448,41.2176861],[32.2395985,41.2175906],[32.2394592,41.2174894],[32.2393272,41.2173829],[32.2392029,41.2172712],[32.2390638,41.2171439],[32.2389167,41.217022],[32.2387619,41.2169056],[32.2385996,41.2167949],[32.2384305,41.2166904],[32.2382547,41.2165922],[32.2380613,41.2164951],[32.2378614,41.2164057],[32.2376557,41.2163242],[32.2374446,41.2162508],[32.2372287,41.2161857],[32.2370215,41.2161314],[32.2368112,41.2160841],[32.2365983,41.2160439],[32.2363833,41.2160109],[32.2361665,41.2159852],[32.2359484,41.2159667],[32.235839,41.21596],[32.2357294,41.2159557],[32.2355216,41.2159541],[32.2353139,41.2159612],[32.2351072,41.215977],[32.2349019,41.2160014],[32.2346987,41.2160343],[32.2344983,41.2160757],[32.2342574,41.216119],[32.2340147,41.2161556],[32.2337703,41.2161856],[32.2336479,41.2162],[32.2335246,41.2162089],[32.2333791,41.2162123],[32.2332336,41.2162082],[32.2330889,41.2161964],[32.2329456,41.2161771],[32.2328044,41.2161504],[32.2326472,41.2161143],[32.2324926,41.2160722],[32.2323412,41.216024],[32.2321933,41.21597],[32.2320494,41.2159103],[32.2320097,41.2158663],[32.2319634,41.2158261],[32.2319112,41.2157903],[32.2318538,41.2157594],[32.2317919,41.2157337],[32.2317202,41.2157121],[32.2316454,41.2156976],[32.2315687,41.2156905],[32.2314915,41.2156908],[32.2314149,41.2156985],[32.2313403,41.2157136],[32.2312689,41.2157357],[32.2302537,41.2162795],[32.2300259,41.2164414],[32.2298061,41.2166095],[32.2295946,41.2167835],[32.2293916,41.2169631],[32.2291975,41.2171482],[32.2290125,41.2173385],[32.2288368,41.2175337],[32.2286706,41.2177337],[32.2285143,41.217938],[32.2283666,41.218149],[32.2283168,41.218226],[32.228247,41.218334],[32.228127,41.2185369],[32.2280164,41.2187428],[32.2279152,41.2189515],[32.2278236,41.2191626],[32.227831,41.2192911],[32.2278301,41.2194197],[32.2278209,41.2195482],[32.2278035,41.2196761],[32.2277789,41.2197989],[32.2277466,41.2199207],[32.227729,41.2199814],[32.2277069,41.2200413],[32.2276647,41.2201311],[32.2276126,41.220218],[32.227551,41.2203013],[32.2274804,41.2203805],[32.2274011,41.2204549],[32.2272792,41.2205597],[32.2271502,41.2206597],[32.2270145,41.2207545],[32.2268725,41.2208439],[32.2263247,41.2211872],[32.2262305,41.2212372],[32.2261314,41.2212813],[32.2260278,41.2213194],[32.2259162,41.2213521],[32.2258014,41.2213778],[32.2256841,41.2213962],[32.2255652,41.2214071],[32.2253342,41.2214324],[32.2251043,41.2214631],[32.2249897,41.2214795],[32.2248758,41.2214989],[32.2247327,41.2215276],[32.2245914,41.2215609],[32.224452,41.2215988],[32.2243619,41.2215898],[32.224271,41.2215867],[32.2241733,41.22159],[32.2240765,41.2216001],[32.2239813,41.2216169],[32.2238015,41.2216634],[32.2236195,41.2217048],[32.2234355,41.221741],[32.2232575,41.2217708],[32.2230781,41.2217957],[32.2228977,41.2218156],[32.2227302,41.221842],[32.222565,41.2218757],[32.2224028,41.2219166],[32.222244,41.2219646],[32.2220891,41.2220194],[32.2219388,41.2220809],[32.2216408,41.2222082],[32.2213394,41.2223309],[32.2210349,41.2224491],[32.2206635,41.2225856],[32.2205355,41.2226241],[32.2204101,41.2226674],[32.2202879,41.2227154],[32.2201574,41.2227736],[32.2200313,41.2228372],[32.2199102,41.222906],[32.2197944,41.2229797],[32.2197493,41.2230107],[32.2197095,41.2230456],[32.2196757,41.2230839],[32.2196482,41.223125],[32.2196257,41.2231732],[32.219612,41.2232232],[32.2196073,41.2232741],[32.2196118,41.2233251],[32.2196254,41.2233751],[32.219718,41.2235529],[32.2198185,41.2237282],[32.219933,41.2239104],[32.220056,41.2240895],[32.2201873,41.2242652],[32.2203268,41.2244373],[32.2205043,41.2246398],[32.2206922,41.2248369],[32.2208901,41.2250284],[32.2210449,41.2251867],[32.2211947,41.2253478],[32.2212712,41.2254276],[32.2213393,41.2255115],[32.2214009,41.2256026],[32.2214527,41.225697],[32.2214944,41.2257943],[32.2215258,41.2258937],[32.2215465,41.2259947],[32.2215566,41.2260966],[32.2215398,41.226397],[32.2215325,41.2266977],[32.2215349,41.2270069],[32.2215474,41.227316],[32.2215606,41.2274702],[32.22157,41.2276247],[32.221577,41.2278647],[32.2215748,41.2281049],[32.2215633,41.2283448],[32.2215355,41.2287349],[32.2215364,41.2288328],[32.2215302,41.2289305],[32.2215168,41.2290279],[32.2214963,41.2291245],[32.2214661,41.2292278],[32.2214278,41.2293295],[32.2213815,41.2294294],[32.2213273,41.2295269],[32.2211801,41.229672],[32.2210232,41.2298112],[32.2208571,41.2299441],[32.2206822,41.2300706],[32.220496,41.2301919],[32.2203017,41.2303059],[32.2200999,41.2304121],[32.2198909,41.2305103],[32.2197157,41.230596],[32.2195338,41.2306734],[32.2193458,41.2307423],[32.2191526,41.2308023],[32.2189549,41.2308533],[32.2187724,41.2308914],[32.2185874,41.2309219],[32.2184004,41.2309446],[32.218212,41.2309594],[32.2180228,41.2309662],[32.2177975,41.2309682],[32.2175722,41.2309634],[32.2173474,41.230952],[32.2171233,41.2309338],[32.2169004,41.2309089],[32.216679,41.2308775],[32.2163539,41.2308244],[32.2160312,41.2307635],[32.2157112,41.2306948],[32.2153944,41.2306185],[32.215081,41.2305346],[32.2147713,41.2304431],[32.2144657,41.2303442],[32.2141644,41.230238],[32.2109377,41.2294089],[32.2107657,41.2294196],[32.2105945,41.2294365],[32.2104246,41.2294596],[32.2102563,41.2294887],[32.2100902,41.2295239],[32.2099029,41.2295715],[32.2097194,41.2296267],[32.2095403,41.2296894],[32.2093659,41.2297595],[32.209197,41.2298366],[32.2086082,41.2300993],[32.2080141,41.230355],[32.2078742,41.230434],[32.2077295,41.2305078],[32.2075802,41.2305763],[32.2074267,41.2306394],[32.2072484,41.2307041],[32.2070656,41.2307614],[32.206879,41.2308112],[32.2066891,41.2308533],[32.2064717,41.2308824],[32.2062562,41.2309185],[32.2060428,41.2309613],[32.2058321,41.2310109],[32.2056243,41.2310671],[32.2054178,41.2311305],[32.2052151,41.2312004],[32.2050166,41.2312768],[32.2048226,41.2313595],[32.2046334,41.2314483],[32.2044495,41.2315431],[32.2043549,41.2315934],[32.204265,41.2316484],[32.2041802,41.2317077],[32.2041008,41.2317711],[32.2040231,41.2318422],[32.2039523,41.2319173],[32.2038887,41.2319959],[32.2038326,41.2320777],[32.2037273,41.2322464],[32.2036334,41.2324189],[32.2035514,41.2325948],[32.2034812,41.2327736],[32.2034212,41.2329092],[32.2033867,41.2330586],[32.2032982,41.2332077],[32.2032007,41.2333535],[32.2030946,41.233496],[32.2029651,41.2336518],[32.2028251,41.2338024],[32.2026752,41.2339475],[32.2025156,41.2340867],[32.2022906,41.2342938],[32.2020744,41.234506],[32.2018671,41.2347233],[32.201669,41.2349453],[32.2014803,41.2351719],[32.2012932,41.2353819],[32.201098,41.2355875],[32.2008947,41.2357888],[32.2006836,41.2359854],[32.2004647,41.2361772],[32.2002384,41.236364],[32.2001162,41.2364713],[32.199986,41.2365731],[32.1998481,41.236669],[32.1997031,41.2367588],[32.1995514,41.2368421],[32.1993935,41.2369186],[32.1992293,41.2369885],[32.19906,41.237051],[32.1988861,41.237106],[32.1987082,41.2371532],[32.198527,41.2371927],[32.1983431,41.2372241],[32.198157,41.2372474],[32.1978139,41.2372851],[32.1974696,41.237316],[32.1971244,41.2373402],[32.1970052,41.2372775],[32.1968798,41.2372223],[32.1967489,41.2371748],[32.1966086,41.2371342],[32.1964643,41.2371025],[32.196317,41.23708],[32.1961354,41.2370595],[32.1959524,41.2370467],[32.1957688,41.2370418],[32.1955852,41.2370447],[32.195402,41.2370554],[32.19522,41.2370739],[32.195042,41.2371206],[32.1948602,41.2371584],[32.1946756,41.237187],[32.1944888,41.2372064],[32.1943008,41.2372164],[32.1941122,41.2372172],[32.1939453,41.2372099],[32.1937791,41.2371954],[32.1936144,41.2371735],[32.1934517,41.2371444],[32.1932915,41.2371082],[32.1931362,41.237065],[32.1929847,41.2370147],[32.1928377,41.2369574],[32.1926957,41.2368934],[32.1925592,41.2368228],[32.1923864,41.2367243],[32.1922206,41.2366191],[32.1920625,41.2365074],[32.1919123,41.2363897],[32.1917707,41.2362661],[32.191522,41.2361363],[32.1912798,41.2359998],[32.1910443,41.2358568],[32.1908158,41.2357074],[32.1906195,41.23557],[32.1904292,41.2354279],[32.190245,41.2352813],[32.1900671,41.2351304],[32.1898958,41.2349752],[32.189654,41.2347925],[32.1894204,41.2346038],[32.1891954,41.2344094],[32.1889791,41.2342094],[32.1887717,41.2340041],[32.1885736,41.2337937],[32.188385,41.2335784],[32.188206,41.2333585],[32.1880418,41.2331411],[32.1878871,41.2329199],[32.187742,41.2326949],[32.1871841,41.2318013],[32.1871587,41.2317681],[32.1871272,41.2317379],[32.1870903,41.2317115],[32.1870486,41.2316894],[32.1869923,41.2316687],[32.186932,41.2316559],[32.1868697,41.2316513],[32.1868072,41.2316551],[32.1859825,41.2317983],[32.1855788,41.2318622],[32.1851765,41.2319304],[32.1847256,41.2320124],[32.1845006,41.2320548],[32.1842766,41.2320999],[32.1839383,41.2321734],[32.1836025,41.2322531],[32.1832694,41.2323389],[32.182821,41.2324469],[32.1823694,41.2325471],[32.1822196,41.2325825],[32.182068,41.2326133],[32.1819149,41.2326394],[32.1816943,41.2326686],[32.1814719,41.2326881],[32.1812484,41.2326979],[32.1810472,41.2326848],[32.1808453,41.2326804],[32.1806435,41.2326849],[32.1804423,41.2326981],[32.1802425,41.2327201],[32.18006,41.2327481],[32.1798796,41.2327834],[32.1797021,41.232826],[32.1795278,41.2328756],[32.1793573,41.2329321],[32.1791911,41.2329955],[32.1785237,41.2332518],[32.1778581,41.2335108],[32.1777906,41.2335331],[32.1777278,41.2335621],[32.1776708,41.2335973],[32.1776207,41.2336379],[32.1775782,41.2336836],[32.1775444,41.2337333],[32.1775199,41.2337859],[32.1775053,41.2338406],[32.1774429,41.2340873],[32.177386,41.2343348],[32.1774001,41.2346026],[32.1774046,41.2348706],[32.1773994,41.2351386],[32.1773854,41.2353942],[32.1773626,41.2356494],[32.177331,41.2359041],[32.1773122,41.2361193],[32.1773006,41.2363349],[32.177301,41.2364427],[32.1772961,41.2365505],[32.1772803,41.2367034],[32.1772539,41.2368555],[32.1772372,41.2369312],[32.177217,41.2370064],[32.1771709,41.2371416],[32.1771132,41.2372744],[32.1770439,41.2374039],[32.1769635,41.2375298],[32.1768738,41.2376578],[32.1767776,41.2377831],[32.1766752,41.2379055],[32.1765666,41.2380249],[32.1764842,41.2381286],[32.1764097,41.2382356],[32.1763431,41.2383455],[32.1762849,41.238458],[32.176235,41.2385728],[32.1762187,41.238632],[32.1761937,41.2386895],[32.1761572,41.2387494],[32.1761114,41.2388055],[32.176057,41.238857],[32.1759947,41.2389033],[32.1759255,41.2389437],[32.1758544,41.238946],[32.1757849,41.2389575],[32.1757192,41.2389778],[32.1756591,41.2390065],[32.1756065,41.2390425],[32.175563,41.2390849],[32.1755299,41.2391323],[32.1755101,41.2391773],[32.1754997,41.239224],[32.1754991,41.2392714],[32.1755078,41.239351],[32.1755059,41.2394308],[32.1754936,41.2395101],[32.1754709,41.2395881],[32.1754398,41.2396604],[32.1753998,41.2397303],[32.1753511,41.239797],[32.1752943,41.2398599],[32.1752299,41.2399185],[32.1751584,41.2399723],[32.1749486,41.2401242],[32.1747331,41.2402714],[32.174512,41.240414],[32.1742892,41.240549],[32.174061,41.2406787],[32.1738276,41.2408032],[32.1737097,41.2408641],[32.1735893,41.2409222],[32.173407,41.2410029],[32.1732199,41.2410771],[32.1730284,41.2411448],[32.1728329,41.2412056],[32.172539,41.241302],[32.1722479,41.2414031],[32.1719599,41.2415092],[32.171737,41.2415851],[32.1715117,41.2416567],[32.1713969,41.2416885],[32.171284,41.241724],[32.1711547,41.24177],[32.1710287,41.2418209],[32.1709063,41.2418765],[32.1707878,41.2419367],[32.1706634,41.2420097],[32.1705463,41.2420891],[32.1704371,41.2421746],[32.1703364,41.2422659],[32.1702446,41.2423623],[32.1701128,41.2425132],[32.169991,41.2426689],[32.1698794,41.2428288],[32.1697784,41.2429926],[32.169688,41.2431599],[32.1695729,41.2433854],[32.1694643,41.2436126],[32.1694105,41.2437264],[32.1693622,41.2438416],[32.1693044,41.2440027],[32.1692571,41.2441657],[32.1692205,41.2443303],[32.1691947,41.244496],[32.1691798,41.2446624],[32.1691499,41.244888],[32.1691092,41.2451127],[32.1690853,41.2451862],[32.1690681,41.2452607],[32.1690577,41.245336],[32.1690544,41.2454286],[32.1690614,41.2455211],[32.1690786,41.2456128],[32.169106,41.2457031],[32.1692059,41.2459304],[32.1693114,41.2461563],[32.1694225,41.2463807],[32.1695687,41.246658],[32.1697234,41.2469326],[32.1698007,41.24707],[32.1698865,41.2472045],[32.1699895,41.2473476],[32.1701021,41.2474865],[32.1702239,41.247621],[32.1703547,41.2477506],[32.170494,41.247875],[32.1705484,41.2479336],[32.1705969,41.247995],[32.1706392,41.248059],[32.1706751,41.2481251],[32.1707071,41.2482002],[32.1707308,41.248277],[32.1707461,41.248355],[32.1707529,41.2484337],[32.1707535,41.2485292],[32.1707457,41.2486246],[32.1707295,41.2487194],[32.170705,41.2488132],[32.1706724,41.2489055],[32.1706287,41.2489972],[32.1705748,41.2490857],[32.170511,41.2491704],[32.1704379,41.2492507],[32.1703559,41.249326],[32.1701389,41.249499],[32.169927,41.2496755],[32.1697202,41.2498554],[32.1694454,41.2501072],[32.1691807,41.2503651],[32.1691009,41.2504557],[32.1690161,41.2505436],[32.1689263,41.2506287],[32.1688148,41.2507249],[32.1686971,41.2508168],[32.1685734,41.2509041],[32.1684441,41.2509867],[32.1683094,41.2510643],[32.1681568,41.2511451],[32.1679998,41.2512211],[32.1678386,41.251292],[32.1676737,41.2513577],[32.1674196,41.2514435],[32.1671699,41.2515364],[32.166925,41.2516362],[32.1666853,41.2517429],[32.1664334,41.2518651],[32.1661883,41.2519949],[32.1659504,41.2521321],[32.1658794,41.2521924],[32.165815,41.2522569],[32.1657576,41.2523249],[32.1657076,41.2523962],[32.1656661,41.252469],[32.1656322,41.2525439],[32.1656062,41.2526207],[32.1655883,41.2526987],[32.1655461,41.2528576],[32.1654964,41.2530153],[32.1654647,41.2530928],[32.1654394,41.2531716],[32.1654177,41.2532667],[32.1654053,41.2533628],[32.1654022,41.2534593],[32.1654084,41.2535557],[32.165424,41.2536516],[32.1654488,41.2537463],[32.1654608,41.2538339],[32.1654624,41.2539219],[32.1654538,41.2540097],[32.1654349,41.2540965],[32.1654059,41.2541818],[32.1653673,41.2542721],[32.1653212,41.2543605],[32.1652679,41.2544464],[32.1652074,41.2545297],[32.1651132,41.2546432],[32.1650112,41.2547529],[32.1649018,41.2548585],[32.1647851,41.2549596],[32.1646616,41.255056],[32.1645182,41.2551562],[32.1643675,41.2552501],[32.1642098,41.2553372],[32.1640457,41.2554175],[32.1639621,41.2554559],[32.1638757,41.2554905],[32.1637595,41.2555296],[32.1636395,41.2555617],[32.1635167,41.2555867],[32.1634545,41.255597],[32.1633916,41.2556044],[32.163286,41.2556106],[32.1631802,41.2556089],[32.1630751,41.2555994],[32.1627822,41.2555669],[32.1624879,41.2555427],[32.1621926,41.2555268],[32.1619661,41.2555202],[32.1617394,41.2555186],[32.1616638,41.2555151],[32.161588,41.2555162],[32.1615127,41.2555218],[32.1614164,41.2555356],[32.1613224,41.2555568],[32.1612319,41.2555851],[32.1611457,41.2556203],[32.1610647,41.2556619],[32.160962,41.2557239],[32.1608669,41.2557925],[32.1607802,41.2558672],[32.1607026,41.2559472],[32.1605857,41.2560811],[32.1604795,41.2562199],[32.1603846,41.2563633],[32.1603012,41.2565107],[32.1602297,41.2566615],[32.1601702,41.2568153],[32.1602276,41.2568442],[32.1602778,41.2568799],[32.1603194,41.2569214],[32.1603513,41.2569675],[32.1603707,41.2570114],[32.1603813,41.2570569],[32.1603829,41.2571031],[32.1603754,41.257149],[32.1603589,41.2571935],[32.1603338,41.2572357],[32.1602138,41.257473],[32.1600844,41.2577075],[32.1599467,41.2579376],[32.1598,41.2581645],[32.1596445,41.258388],[32.159614,41.2584719],[32.1595758,41.258554],[32.15953,41.2586338],[32.1594768,41.258711],[32.1594165,41.2587853],[32.1593397,41.2588656],[32.1592546,41.258941],[32.1591617,41.2590111],[32.1590083,41.259132],[32.1588594,41.259256],[32.1587151,41.2593831],[32.1585878,41.2595057],[32.1584674,41.2596323],[32.1583543,41.2597626],[32.1582486,41.2598963],[32.1581505,41.2600333],[32.1579971,41.2602352],[32.1578357,41.2604336],[32.1576664,41.2606281],[32.1574971,41.2608316],[32.1573335,41.2610376],[32.1571755,41.2612461],[32.1571346,41.2613056],[32.1571018,41.2613679],[32.1570773,41.2614323],[32.1570615,41.2614982],[32.1570546,41.2615633],[32.1570562,41.2616287],[32.1570662,41.2616936],[32.1570846,41.2617575],[32.1571112,41.2618197],[32.1571545,41.2619377],[32.1571893,41.2620572],[32.1572156,41.262178],[32.1572227,41.2622389],[32.1572332,41.2622996],[32.1572581,41.262399],[32.1572922,41.2624967],[32.1573354,41.2625925],[32.1573874,41.2626857],[32.1574678,41.2628139],[32.1575566,41.2629389],[32.1576537,41.2630604],[32.1577588,41.263178],[32.1578716,41.2632916],[32.1580687,41.2634781],[32.1582748,41.263659],[32.1584898,41.2638339],[32.1587335,41.2640193],[32.1589858,41.2641982],[32.1591123,41.2642874],[32.1592462,41.2643702],[32.1593648,41.2644351],[32.159488,41.2644949],[32.1596153,41.2645497],[32.1597464,41.2645991],[32.1601067,41.2647299],[32.1604707,41.2648549],[32.1606524,41.264918],[32.1608381,41.2649741],[32.1610404,41.265026],[32.1612461,41.2650696],[32.1614547,41.2651048],[32.1616656,41.2651313],[32.1619578,41.2651744],[32.162248,41.2652245],[32.1625359,41.2652815],[32.1626215,41.2652959],[32.1627045,41.2653172],[32.162784,41.265345],[32.1628599,41.2653795],[32.1629304,41.26542],[32.1629946,41.265466],[32.1630931,41.2655466],[32.1631824,41.265633],[32.163262,41.2657246],[32.1633312,41.2658208],[32.16341,41.2659652],[32.1634812,41.2661117],[32.1635444,41.2662603],[32.1636024,41.2664184],[32.1636515,41.2665781],[32.1636917,41.2667392],[32.1637106,41.26682],[32.1637228,41.2669014],[32.1637284,41.2669975],[32.1637247,41.2670935],[32.1637115,41.2671891],[32.1636891,41.2672837],[32.1636575,41.2673768],[32.1636169,41.267468],[32.163508,41.2677266],[32.1634077,41.2679871],[32.1633314,41.2681969],[32.1632911,41.2683014],[32.1632588,41.2684074],[32.1632312,41.268533],[32.1632146,41.2686596],[32.1632092,41.2687867],[32.163215,41.2689139],[32.163232,41.2690405],[32.1632502,41.2692472],[32.163257,41.2694543],[32.1632521,41.2696614],[32.1632121,41.2699761],[32.1631676,41.2702904],[32.1631127,41.2706399],[32.1630817,41.2707551],[32.1630615,41.2708716],[32.1630523,41.2709889],[32.1630538,41.2711046],[32.163066,41.27122],[32.1630888,41.2713345],[32.163122,41.2714475],[32.1631577,41.2715947],[32.1631853,41.2717429],[32.1632047,41.2718918],[32.1632159,41.2720412],[32.1632069,41.2722394],[32.1632038,41.2724376],[32.1632065,41.2726359],[32.1632192,41.2729025],[32.1632425,41.2731687],[32.1632762,41.2734342],[32.1633257,41.2738478],[32.1633714,41.2742617],[32.1633661,41.2753109],[32.1633703,41.2761697],[32.1633739,41.2765991],[32.1633822,41.2770284],[32.1634027,41.2776544],[32.1634228,41.2778627],[32.163433,41.2780713],[32.1634331,41.2782802],[32.1634221,41.278506],[32.1633993,41.2787313],[32.1633649,41.2789558],[32.163319,41.2791791],[32.1632923,41.2792903],[32.1632615,41.2794009],[32.1632063,41.2795679],[32.1631415,41.279733],[32.1630671,41.2798957],[32.1629832,41.2800559],[32.1628901,41.2802131],[32.1627879,41.2803671],[32.1626767,41.2805176],[32.1622682,41.2810607],[32.1621226,41.2812376],[32.1619833,41.2814174],[32.1618506,41.2816],[32.1617113,41.2818053],[32.1615801,41.2820137],[32.1614573,41.2822249],[32.1613429,41.2824388],[32.161237,41.2826552],[32.1611925,41.2827655],[32.1611398,41.2828738],[32.1610668,41.2829997],[32.1609829,41.2831216],[32.1608884,41.2832391],[32.1607837,41.2833516],[32.1606694,41.2834586],[32.1605459,41.2835598],[32.1604137,41.2836545],[32.1602735,41.2837425],[32.1601299,41.2837611],[32.1599889,41.2837889],[32.1598516,41.2838256],[32.1597189,41.283871],[32.1595919,41.2839247],[32.1594715,41.2839864],[32.159374,41.2840455],[32.1592824,41.2841097],[32.1591974,41.2841789],[32.1591194,41.2842525],[32.1590488,41.2843303],[32.158986,41.2844117],[32.1588738,41.2845433],[32.1587519,41.2846699],[32.1586208,41.2847912],[32.1584808,41.2849068],[32.1583324,41.2850164],[32.1581761,41.2851195],[32.1580124,41.2852159],[32.1577754,41.2853855],[32.1575297,41.2855479],[32.1572757,41.2857028],[32.1570137,41.2858502],[32.1567441,41.2859896],[32.1564674,41.2861208],[32.156203,41.2862359],[32.1559331,41.2863436],[32.155658,41.2864437],[32.1553783,41.2865361],[32.1550941,41.2866207],[32.1548915,41.28667],[32.1546857,41.2867115],[32.1544774,41.286745],[32.1542671,41.2867705],[32.1540554,41.2867878],[32.1538427,41.286797],[32.1536297,41.286798],[32.1534543,41.2867927],[32.1532794,41.2867819],[32.1531053,41.2867655],[32.1529323,41.2867436],[32.1527443,41.2867125],[32.1525587,41.2866741],[32.1523761,41.2866284],[32.1521969,41.2865755],[32.1520216,41.2865157],[32.1518508,41.2864491],[32.1516848,41.2863759],[32.1515241,41.2862962],[32.1511527,41.2861065],[32.1507861,41.2859117],[32.150476,41.2857403],[32.1504244,41.2857117],[32.1503248,41.2855898],[32.1502212,41.2854698],[32.1500772,41.285313],[32.1499264,41.2851599],[32.1497689,41.2850106],[32.1496855,41.2849388],[32.149605,41.2848652],[32.149477,41.2847379],[32.1493579,41.284606],[32.1492478,41.2844696],[32.149147,41.2843292],[32.1490559,41.2841852],[32.1489747,41.2840378],[32.1488559,41.2838042],[32.1487477,41.2835677],[32.1486502,41.2833286],[32.1485636,41.2830871],[32.1485275,41.282965],[32.1484879,41.2828436],[32.1484111,41.2826358],[32.1483238,41.2824303],[32.148226,41.2822275],[32.148118,41.2820277],[32.1479999,41.2818311],[32.1478719,41.281638],[32.1478047,41.2815427],[32.1477342,41.2814488],[32.1476053,41.2812908],[32.1474672,41.2811372],[32.1473199,41.2809886],[32.1471638,41.2808451],[32.1469992,41.280707],[32.1468749,41.2806342],[32.146745,41.2805669],[32.1466102,41.2805054],[32.1464708,41.2804499],[32.1463273,41.2804007],[32.1461892,41.2803602],[32.1460483,41.2803255],[32.1459051,41.2802966],[32.145833,41.2802838],[32.1457601,41.2802737],[32.1456315,41.2802626],[32.1455022,41.2802599],[32.145373,41.2802656],[32.145245,41.2802796],[32.145119,41.2803019],[32.1449799,41.2803352],[32.1448448,41.2803768],[32.1447147,41.2804265],[32.1445903,41.280484],[32.14453,41.2805149],[32.1444726,41.2805488],[32.1444004,41.2805992],[32.1443348,41.2806544],[32.1442764,41.280714],[32.1442256,41.2807774],[32.1441829,41.2808441],[32.1441485,41.280998],[32.1441037,41.2811503],[32.1440485,41.2813007],[32.1439831,41.2814488],[32.1439018,41.2816046],[32.1438093,41.2817567],[32.1437057,41.2819048],[32.1436512,41.2819778],[32.1435915,41.2820484],[32.1434985,41.2821444],[32.1433961,41.2822347],[32.143285,41.2823191],[32.1431657,41.2823969],[32.1431014,41.2824313],[32.143039,41.2824677],[32.1429377,41.2825337],[32.1428428,41.2826049],[32.1427546,41.2826809],[32.1426737,41.2827612],[32.1426004,41.2828456],[32.1425048,41.2829699],[32.14242,41.2830985],[32.1423463,41.2832309],[32.1423123,41.2832981],[32.1422839,41.2833666],[32.1422533,41.283467],[32.1422347,41.283569],[32.1422283,41.2836718],[32.1422342,41.2837746],[32.1422522,41.2838767],[32.1422823,41.2839771],[32.1423241,41.2840751],[32.1423727,41.2842021],[32.1424123,41.2843309],[32.142443,41.2844611],[32.1424646,41.2845923],[32.142477,41.2847241],[32.1424799,41.2848796],[32.1424702,41.285035],[32.1424477,41.2851896],[32.1424127,41.2853429],[32.1423896,41.2854922],[32.1423772,41.2856424],[32.1423756,41.2857927],[32.1423848,41.285943],[32.1424046,41.2860926],[32.1424958,41.2867295],[32.1425939,41.2867876],[32.1426847,41.286852],[32.1427676,41.2869221],[32.1428418,41.2869976],[32.142906,41.2870765],[32.1429607,41.2871593],[32.1430056,41.2872454],[32.1430403,41.2873341],[32.1433233,41.2885736],[32.1433286,41.2886148],[32.1433237,41.288656],[32.1433088,41.2886958],[32.1432844,41.2887328],[32.1432486,41.288768],[32.1432043,41.2887972],[32.1431533,41.2888192],[32.1430974,41.2888332],[32.143039,41.2888387],[32.1429818,41.2888346],[32.1429245,41.2888385],[32.1428693,41.2888503],[32.1428178,41.2888695],[32.1427719,41.2888954],[32.1427332,41.2889273],[32.1427017,41.2889658],[32.1426807,41.2890082],[32.142671,41.2890528],[32.1426729,41.2890979],[32.1426862,41.289142],[32.1427143,41.289215],[32.1427493,41.2892863],[32.1427909,41.2893556],[32.1427624,41.2894653],[32.1427463,41.2895764],[32.1427426,41.2896881],[32.1427506,41.2897946],[32.1427698,41.2899003],[32.1428002,41.2900045],[32.1429368,41.2902331],[32.1430631,41.2904651],[32.1431624,41.2906649],[32.1432541,41.2908668],[32.1432921,41.2909697],[32.143338,41.2910707],[32.1433928,41.2911715],[32.1434555,41.2912697],[32.1435258,41.2913649],[32.1435458,41.2913969],[32.1435597,41.2914307],[32.1435674,41.2914657],[32.1435686,41.2915003],[32.1435637,41.2915348],[32.1435526,41.2915684],[32.1434784,41.2916501],[32.1434147,41.2917367],[32.1433622,41.2918274],[32.1433249,41.2919113],[32.1432972,41.2919973],[32.1432792,41.2920848],[32.143271,41.292173],[32.1432393,41.2924519],[32.143216,41.2927313],[32.1432024,41.2929767],[32.1431952,41.2932222],[32.1431945,41.2934678],[32.1431304,41.2936282],[32.14306,41.2937871],[32.1429628,41.2939841],[32.142856,41.2941783],[32.1427396,41.2943694],[32.1426138,41.2945571],[32.1424531,41.2947818],[32.1422836,41.2950029],[32.1421978,41.295113],[32.1421055,41.2952201],[32.1419922,41.2953386],[32.1418708,41.2954525],[32.1417417,41.2955616],[32.1416053,41.2956655],[32.1414619,41.295764],[32.1413119,41.2958567],[32.1411557,41.2959435],[32.1410719,41.2959806],[32.1409938,41.2960241],[32.1409248,41.2960716],[32.1408626,41.2961241],[32.1408079,41.2961811],[32.1407611,41.2962419],[32.1407228,41.2963061],[32.1406934,41.2963728],[32.1406069,41.2965432],[32.1405292,41.2967161],[32.1404606,41.2968911],[32.140401,41.297068],[32.1403442,41.297272],[32.1402995,41.2974777],[32.1402786,41.2975807],[32.1402669,41.2976846],[32.1402649,41.2978036],[32.1402675,41.2978631],[32.1402749,41.2979224],[32.1402917,41.2979979],[32.1403163,41.2980722],[32.1403487,41.2981448],[32.1403886,41.2982153],[32.1404359,41.2982831],[32.140481,41.2983649],[32.1405155,41.2984495],[32.1405392,41.2985362],[32.1405517,41.2986243],[32.1405531,41.2987128],[32.1405432,41.298801],[32.1405083,41.2990393],[32.1404618,41.2992765],[32.1404349,41.2993947],[32.1404037,41.2995123],[32.1403424,41.2997052],[32.1402693,41.2998958],[32.1401844,41.3000836],[32.1400881,41.3002683],[32.1399805,41.3004494],[32.1398619,41.3006266],[32.1397901,41.3007837],[32.1397065,41.3009375],[32.1396114,41.3010875],[32.1395051,41.3012331],[32.1393992,41.3013613],[32.1392845,41.3014852],[32.1391615,41.3016044],[32.1390304,41.3017188],[32.1388843,41.3018342],[32.1387307,41.301944],[32.1385699,41.3020479],[32.1384023,41.3021455],[32.1382285,41.3022367],[32.1381371,41.3022773],[32.1380487,41.3023212],[32.1379322,41.3023872],[32.1378221,41.302459],[32.1377189,41.3025366],[32.1376233,41.3026193],[32.1375357,41.3027069],[32.1374564,41.3027989],[32.1373859,41.3028948],[32.1373245,41.3029942],[32.1372347,41.3031199],[32.1371341,41.3032409],[32.1370231,41.3033567],[32.1369022,41.3034667],[32.136772,41.3035705],[32.1365826,41.303712],[32.1363862,41.303848],[32.1361831,41.3039784],[32.1359737,41.3041029],[32.1358689,41.3041652],[32.1357581,41.3042213],[32.1356494,41.3042682],[32.1355365,41.3043091],[32.13542,41.3043439],[32.1353006,41.3043725],[32.1352401,41.3043849],[32.1351787,41.3043946],[32.1350699,41.3044052],[32.1349601,41.3044074],[32.1348506,41.3044013],[32.1347425,41.3043869],[32.1346369,41.3043644],[32.1345538,41.3043585],[32.1344704,41.3043592],[32.1343875,41.3043664],[32.1342957,41.3043822],[32.1342071,41.3044061],[32.1341228,41.3044375],[32.134044,41.3044762],[32.1339717,41.3045216],[32.1338623,41.3045975],[32.1337591,41.3046782],[32.1336626,41.3047635],[32.1335731,41.3048531],[32.133491,41.3049465],[32.1334165,41.3050434],[32.1333719,41.3051463],[32.1333188,41.3052468],[32.1332572,41.3053446],[32.1331875,41.3054392],[32.13311,41.3055304],[32.1330249,41.3056177],[32.1329261,41.3057062],[32.1328194,41.3057896],[32.1327055,41.3058673],[32.1325849,41.3059391],[32.132458,41.3060045],[32.1323255,41.3060634],[32.1321881,41.3061153],[32.131969,41.3061918],[32.1317462,41.306262],[32.1315201,41.3063257],[32.1312908,41.306383],[32.1310589,41.3064337],[32.1306443,41.3065175],[32.130227,41.3065933],[32.1298072,41.3066611],[32.1293852,41.3067207],[32.1289614,41.3067722],[32.1283355,41.3068423],[32.1277084,41.3069057],[32.1270801,41.3069622],[32.1268711,41.3069838],[32.1266613,41.3070004],[32.1264508,41.3070119],[32.12616,41.3070196],[32.125869,41.3070177],[32.1255784,41.3070061],[32.1252888,41.3069851],[32.1250006,41.3069544],[32.1247146,41.3069143],[32.1245732,41.3068883],[32.1244311,41.3068649],[32.1241854,41.3068304],[32.123938,41.3068034],[32.1236893,41.306784],[32.1234398,41.3067722],[32.1231899,41.3067679],[32.1229399,41.3067713],[32.1226904,41.3067822],[32.1223874,41.3067878],[32.1220844,41.306785],[32.1217817,41.3067737],[32.1214798,41.306754],[32.121179,41.306726],[32.1208799,41.3066896],[32.1205934,41.3066476],[32.1203088,41.306599],[32.1200264,41.3065438],[32.1197464,41.3064819],[32.119469,41.3064135],[32.1193265,41.3063549],[32.1191792,41.3063032],[32.1190279,41.3062587],[32.118873,41.3062215],[32.1187153,41.3061919],[32.1185556,41.3061699],[32.1183944,41.3061557],[32.1182323,41.3061492],[32.1180699,41.3061505],[32.117908,41.3061597],[32.1175789,41.3061853],[32.1172513,41.3062203],[32.1169258,41.3062647],[32.1166027,41.3063184],[32.1162826,41.3063813],[32.1161104,41.3064455],[32.1159337,41.3065025],[32.1158763,41.3065183],[32.1157532,41.3065521],[32.1155693,41.3065942],[32.1153825,41.3066286],[32.1151936,41.3066553],[32.1150137,41.3066733],[32.1148328,41.3066843],[32.1146514,41.3066881],[32.1144699,41.306685],[32.1142889,41.3066747],[32.1141089,41.3066574],[32.1139303,41.3066331],[32.1134512,41.3065716],[32.1133155,41.3065557],[32.1129711,41.3065152],[32.1128489,41.3065157],[32.1127272,41.3065073],[32.1126071,41.30649],[32.1124899,41.3064639],[32.1123832,41.3064316],[32.1122809,41.3063921],[32.1121839,41.3063456],[32.1121354,41.306322],[32.112093,41.3062926],[32.1120611,41.306262],[32.1120358,41.3062281],[32.1120177,41.3061917],[32.1120071,41.3061536],[32.1119919,41.3061124],[32.1119676,41.3060737],[32.1119348,41.3060388],[32.1118945,41.3060085],[32.1118463,41.3059832],[32.1117928,41.3059647],[32.1117359,41.3059535],[32.1116772,41.3059501],[32.1110597,41.3059703],[32.1104419,41.3059817],[32.1098238,41.3059844],[32.1092652,41.3059793],[32.1087068,41.3059671],[32.1081487,41.3059477],[32.1075912,41.3059212],[32.1073123,41.3059085],[32.1070343,41.3058876],[32.1067418,41.305857],[32.1064512,41.3058174],[32.106163,41.3057691],[32.1058776,41.305712],[32.1055955,41.3056463],[32.1053172,41.305572],[32.1050432,41.3054894],[32.1047738,41.3053985],[32.1045095,41.3052994],[32.1042508,41.3051924],[32.1039981,41.3050777],[32.1037362,41.3049683],[32.1034693,41.3048661],[32.1031975,41.3047714],[32.1029214,41.3046841],[32.1026411,41.3046045],[32.1023572,41.3045326],[32.10207,41.3044685],[32.1017799,41.3044124],[32.1014873,41.3043642],[32.1011925,41.3043241],[32.1007742,41.3042602],[32.1003582,41.3041885],[32.0999448,41.3041089],[32.0995341,41.3040216],[32.0993962,41.3040111],[32.0992576,41.3040081],[32.099119,41.3040128],[32.0989814,41.3040251],[32.0988452,41.304045],[32.0987114,41.3040722],[32.0985668,41.3041109],[32.0984267,41.3041583],[32.0982923,41.304214],[32.0982273,41.3042447],[32.0981643,41.3042778],[32.0980567,41.3043425],[32.0979569,41.3044139],[32.0978656,41.3044914],[32.0977834,41.3045745],[32.097711,41.3046626],[32.0976208,41.3047921],[32.0975212,41.3049177],[32.0974125,41.305039],[32.097295,41.3051556],[32.0971692,41.3052671],[32.0970323,41.3053754],[32.0968874,41.3054778],[32.0967352,41.3055738],[32.0965759,41.3056633],[32.0964101,41.3057458],[32.0962384,41.3058212],[32.0956651,41.3060921],[32.0950866,41.3063567],[32.095022,41.3063853],[32.094503,41.306615],[32.0938376,41.3068993],[32.0931661,41.3071753],[32.0928287,41.3073111],[32.0924887,41.3074431],[32.091977,41.3076328],[32.0914598,41.307814],[32.0909374,41.3079865],[32.09041,41.3081503],[32.0894766,41.3084404],[32.0893611,41.3084865],[32.0892501,41.3085383],[32.089144,41.3085956],[32.0890266,41.3086694],[32.0889174,41.3087499],[32.088817,41.3088367],[32.088726,41.3089291],[32.0886839,41.3089772],[32.0886451,41.3090267],[32.0885916,41.3091062],[32.0885466,41.3091885],[32.0885101,41.3092732],[32.0884826,41.3093598],[32.088464,41.3094477],[32.0884547,41.3095365],[32.0884415,41.3097419],[32.0884403,41.3099475],[32.0884511,41.310153],[32.0884738,41.310358],[32.0885083,41.310562],[32.0885823,41.3109397],[32.088669,41.3113158],[32.0887685,41.3116902],[32.0889008,41.3122293],[32.0889471,41.3123622],[32.0889825,41.312497],[32.0890071,41.3126331],[32.0890206,41.3127701],[32.0890232,41.3129007],[32.0890157,41.3130313],[32.0889982,41.3131612],[32.0889708,41.3132903],[32.0889335,41.3134179],[32.0889121,41.3134812],[32.0888865,41.3135437],[32.0888367,41.3136425],[32.0887766,41.313738],[32.0887067,41.3138296],[32.0886274,41.3139168],[32.0885391,41.313999],[32.0884425,41.3140758],[32.0883381,41.3141465],[32.0882266,41.3142109],[32.0881087,41.3142684],[32.087985,41.3143188],[32.0878565,41.3143616],[32.0875567,41.3144689],[32.0872624,41.3145844],[32.0869741,41.3147081],[32.0868861,41.3147364],[32.086801,41.3147694],[32.0867193,41.3148068],[32.0866218,41.3148602],[32.0865311,41.3149199],[32.0864481,41.3149856],[32.0863733,41.3150567],[32.0857698,41.3161203],[32.0857877,41.3161747],[32.0857964,41.3162304],[32.0857958,41.3162864],[32.0857859,41.3163419],[32.08577,41.3163886],[32.0857475,41.3164337],[32.0857187,41.3164768],[32.0856839,41.3165172],[32.0855506,41.3166642],[32.0854263,41.3168155],[32.0853113,41.316971],[32.0852057,41.3171302],[32.0851099,41.3172928],[32.0850208,41.3174653],[32.0849426,41.3176408],[32.0848756,41.3178189],[32.0848198,41.3179991],[32.0847754,41.3181811],[32.0847557,41.3182725],[32.0847425,41.3183645],[32.0847349,41.3184855],[32.0847384,41.3186066],[32.0847529,41.3187272],[32.0847785,41.3188468],[32.0848149,41.3189648],[32.0848577,41.3190722],[32.084909,41.3191774],[32.0849687,41.31928],[32.0850366,41.3193798],[32.0851124,41.3194763],[32.0851958,41.3195692],[32.085314,41.3196867],[32.0854416,41.3197987],[32.0855781,41.3199045],[32.0857228,41.320004],[32.0858754,41.3200966],[32.0860352,41.3201821],[32.0862016,41.3202601],[32.0862771,41.3202897],[32.0863474,41.3203258],[32.0864116,41.320368],[32.0864686,41.3204155],[32.0865178,41.3204677],[32.0865583,41.320524],[32.0865894,41.3205826],[32.0866111,41.3206435],[32.0866232,41.3207059],[32.0866255,41.320769],[32.086618,41.3208318],[32.0866008,41.3208935],[32.0865741,41.3209533],[32.0865384,41.3210103],[32.086494,41.3210639],[32.0862979,41.3212036],[32.0860976,41.32134],[32.0858932,41.3214728],[32.0856274,41.3216364],[32.0853554,41.3217941],[32.0850773,41.3219458],[32.084979,41.32199],[32.0848842,41.3220386],[32.0847934,41.3220912],[32.0846802,41.3221667],[32.084575,41.3222487],[32.0844788,41.3223365],[32.0843919,41.3224298],[32.0843149,41.3225278],[32.0842484,41.32263],[32.0841926,41.3227358],[32.0841017,41.3229631],[32.0840204,41.3231924],[32.0839488,41.3234236],[32.0838869,41.3236563],[32.0838343,41.323893],[32.0837917,41.3241307],[32.0837593,41.3243694],[32.083737,41.3246087],[32.0837249,41.3248485],[32.083723,41.3250884],[32.0837313,41.3253282],[32.0837476,41.3255917],[32.0837713,41.3258548],[32.0838025,41.3261175],[32.083826,41.3262482],[32.0838413,41.3263796],[32.0838485,41.3265304],[32.0838448,41.3266812],[32.0838302,41.3268317],[32.0838047,41.3269813],[32.0837685,41.3271297],[32.0837216,41.3272764],[32.0836642,41.327421],[32.0835165,41.3277593],[32.0833779,41.3280997],[32.0832485,41.3284422],[32.0831253,41.3287957],[32.0830118,41.3291511],[32.0829083,41.3295081],[32.0828146,41.3298667],[32.0827308,41.3302267],[32.0826546,41.3305955],[32.0825877,41.3309654],[32.0825303,41.3313361],[32.0824823,41.3317076],[32.0824438,41.3320797],[32.0823562,41.3328475],[32.0822577,41.3336145],[32.0821483,41.3343807],[32.0820279,41.335146],[32.0819936,41.3354017],[32.0819498,41.3356565],[32.0818967,41.3359103],[32.0818275,41.3361873],[32.0817472,41.3364626],[32.0816556,41.3367359],[32.0815531,41.3370069],[32.0814561,41.3372363],[32.0814395,41.3372755],[32.0813151,41.3375414],[32.0811799,41.3378043],[32.0810341,41.338064],[32.0808778,41.3383202],[32.0807111,41.3385727],[32.0805584,41.3386992],[32.0804146,41.3388315],[32.0802801,41.3389692],[32.0801553,41.339112],[32.0800406,41.3392594],[32.0799358,41.3394116],[32.0798417,41.3395676],[32.0797585,41.3397272],[32.0797199,41.3398078],[32.0796865,41.3398897],[32.0796503,41.3400009],[32.0796237,41.3401135],[32.0796069,41.3402273],[32.0795999,41.3403416],[32.0796028,41.340456],[32.0796156,41.34057],[32.0796382,41.3406831],[32.0796766,41.3408398],[32.079723,41.3409952],[32.0797773,41.3411491],[32.0798394,41.3413014],[32.0798968,41.3414653],[32.079945,41.3416309],[32.079984,41.3417979],[32.0800024,41.3418816],[32.0800137,41.3419659],[32.080018,41.3420733],[32.080011,41.3421807],[32.0799926,41.3422873],[32.0799631,41.3423925],[32.0799226,41.3424955],[32.0795181,41.3433341],[32.0791072,41.3441709],[32.0787581,41.3448703],[32.078654,41.3450402],[32.0785602,41.3452134],[32.078477,41.3453896],[32.0784044,41.3455684],[32.078339,41.3457616],[32.0782861,41.3459569],[32.0782458,41.3461539],[32.0782181,41.3463521],[32.0782033,41.3465511],[32.0782001,41.3467555],[32.0782093,41.3469598],[32.0782309,41.3471636],[32.0782646,41.3473664],[32.0782858,41.3474674],[32.0783105,41.3475679],[32.0783652,41.3477512],[32.0784315,41.3479322],[32.0785095,41.3481106],[32.0785989,41.348286],[32.0786995,41.3484579],[32.0788276,41.3486547],[32.078967,41.3488471],[32.0791176,41.3490347],[32.079279,41.3492172],[32.0794508,41.3493942],[32.0796329,41.3495654],[32.0800166,41.3499203],[32.0804053,41.3502721],[32.0805421,41.3503319],[32.0806737,41.3503978],[32.0807998,41.3504695],[32.0809199,41.3505468],[32.0810335,41.3506294],[32.0811403,41.3507171],[32.0812369,41.3508066],[32.0813264,41.3509002],[32.0814084,41.3509976],[32.0814827,41.3510984],[32.081549,41.3512024],[32.081607,41.351309],[32.0817246,41.3515375],[32.0818345,41.3517681],[32.0819366,41.3520007],[32.0820308,41.3522352],[32.0821019,41.3524392],[32.0821638,41.3526448],[32.0822164,41.3528519],[32.0822596,41.3530602],[32.0822934,41.3532695],[32.0823178,41.3534795],[32.0823328,41.3536959],[32.0823377,41.3539125],[32.0823325,41.3541291],[32.0823171,41.3543454],[32.0822916,41.3545612],[32.0822561,41.3547761],[32.0822515,41.3550459],[32.0822559,41.3553156],[32.0822693,41.3555851],[32.0822917,41.3558543],[32.0823231,41.3561231],[32.0823622,41.356383],[32.0824096,41.3566422],[32.0824654,41.3569005],[32.0825296,41.3571577],[32.0825623,41.3572862],[32.0826021,41.3574136],[32.082664,41.3575768],[32.0827373,41.3577374],[32.082822,41.3578947],[32.0829377,41.3579412],[32.0830488,41.3579936],[32.0831546,41.3580518],[32.0832645,41.358122],[32.0833667,41.3581984],[32.0834608,41.3582805],[32.0835462,41.3583679],[32.0835967,41.3585092],[32.0836378,41.3586522],[32.0836693,41.3587966],[32.0836913,41.358942],[32.0837036,41.359088],[32.0837062,41.3592343],[32.0836991,41.3593805],[32.0836818,41.3595299],[32.0836544,41.3596784],[32.0836169,41.3598256],[32.0835695,41.3599712],[32.0835123,41.3601149],[32.0834454,41.3602561],[32.0833691,41.3603946],[32.0832834,41.36053],[32.08316,41.3607034],[32.0830474,41.3608809],[32.0829458,41.3610621],[32.0828554,41.3612466],[32.0827764,41.361434],[32.0827106,41.3616187],[32.0826559,41.3618054],[32.0826124,41.3619938],[32.0825801,41.3621835],[32.0825592,41.3623741],[32.0825551,41.3626671],[32.0825415,41.3629599],[32.0825185,41.3632524],[32.0824859,41.3635443],[32.0824438,41.3638356],[32.082391,41.3641328],[32.0823283,41.364429],[32.0822558,41.3647238],[32.0821735,41.3650173],[32.0820815,41.3653091],[32.0820566,41.3654074],[32.0820226,41.3655042],[32.0819798,41.365599],[32.0819256,41.3656959],[32.0818621,41.3657895],[32.0817897,41.3658794],[32.0817089,41.3659651],[32.0816199,41.3660461],[32.0815233,41.3661221],[32.0814195,41.3661926],[32.0813093,41.3662573],[32.0811783,41.366325],[32.0810418,41.3663862],[32.0809005,41.3664408],[32.0818391,41.3684579],[32.0817952,41.3694459],[32.081337,41.3707953],[32.0807292,41.3715506],[32.0796232,41.3724329],[32.079135,41.3732105],[32.0795036,41.3739956],[32.0800816,41.3749231],[32.0799597,41.3752713],[32.079826,41.3756171],[32.0796979,41.3762312],[32.0795658,41.3768448],[32.0793457,41.3778266],[32.0791152,41.3788071],[32.079009,41.37917],[32.0789053,41.3794679],[32.0788103,41.3797675],[32.0787237,41.3800685],[32.0786458,41.3803709],[32.0785741,41.3806859],[32.0785117,41.3810021],[32.0784587,41.3813192],[32.0784151,41.3816371],[32.0783809,41.3819557],[32.078366,41.3821151],[32.0783561,41.3822748],[32.0783509,41.3824908],[32.0783549,41.3827069],[32.0783682,41.3829227],[32.0783907,41.3831381],[32.0784225,41.3833529],[32.0784634,41.3835668],[32.0785251,41.383837],[32.0785976,41.3841057],[32.0786809,41.3843727],[32.0787749,41.3846377],[32.0788794,41.3849004],[32.0789945,41.3851606],[32.0791045,41.385436],[32.0792035,41.3857137],[32.0792915,41.3859936],[32.0793682,41.3862752],[32.0794338,41.3865585],[32.079488,41.3868431],[32.0795112,41.3869858],[32.0795309,41.3871287],[32.079556,41.3873671],[32.0795715,41.387606],[32.0795772,41.387845],[32.0795732,41.3880841],[32.0795596,41.388323],[32.0795459,41.3884422],[32.0795363,41.3885615],[32.0795299,41.3887416],[32.0795331,41.3889217],[32.0795458,41.3891016],[32.0795681,41.389281],[32.0795999,41.3894596],[32.0796412,41.3896371],[32.0796919,41.3898132],[32.0797766,41.3900829],[32.0798694,41.3903511],[32.0799703,41.3906176],[32.0800792,41.3908824],[32.0801392,41.3910135],[32.0801961,41.3911453],[32.0802962,41.3913987],[32.0803849,41.3916545],[32.0804622,41.3919123],[32.0805281,41.3921719],[32.0805824,41.3924331],[32.08062,41.392666],[32.0806476,41.3928997],[32.0806651,41.393134],[32.0806726,41.3933685],[32.0806701,41.3936031],[32.0806575,41.3938376],[32.08043,41.3950777],[32.0801908,41.3963165],[32.0800244,41.3971437],[32.0799672,41.3973059],[32.0799214,41.3974702],[32.079887,41.3976359],[32.0798641,41.3978028],[32.0798528,41.3979704],[32.0798526,41.3981202],[32.0798616,41.3982699],[32.0798799,41.3984191],[32.0799074,41.3985675],[32.079944,41.3987148],[32.0799984,41.3988894],[32.0800642,41.3990618],[32.0801412,41.3992315],[32.0802292,41.3993982],[32.0803281,41.3995614],[32.0804375,41.3997208],[32.0805804,41.3999448],[32.0807129,41.4001722],[32.0808351,41.400403],[32.0809467,41.4006367],[32.0810476,41.4008731],[32.0811377,41.401112],[32.0812169,41.401353],[32.0812548,41.4014739],[32.0812851,41.4015959],[32.0813124,41.4017498],[32.0813279,41.4019046],[32.0813313,41.4020598],[32.0813228,41.4022149],[32.0813024,41.4023693],[32.0812701,41.4025227],[32.0812261,41.4026743],[32.0811582,41.4028007],[32.0811015,41.4029302],[32.0810565,41.4030622],[32.0810233,41.4031961],[32.081002,41.4033315],[32.0809927,41.4034675],[32.0809954,41.4036038],[32.0810086,41.4037287],[32.0810319,41.4038528],[32.0810653,41.4039756],[32.0811086,41.4040966],[32.0811617,41.4042154],[32.0821381,41.4066436],[32.0821656,41.4067137],[32.0822024,41.4067814],[32.0822479,41.406846],[32.0823017,41.4069069],[32.0823634,41.4069635],[32.0824315,41.4070147],[32.082506,41.4070606],[32.0825862,41.4071009],[32.0826712,41.407135],[32.0827603,41.4071626],[32.0830386,41.4072538],[32.0833131,41.4073511],[32.0834069,41.4073801],[32.0834973,41.4074146],[32.0835838,41.4074543],[32.0836747,41.4075044],[32.0837593,41.4075602],[32.0838372,41.4076213],[32.0839075,41.4076874],[32.0839699,41.4077578],[32.0840239,41.407832],[32.0840689,41.4079096],[32.0841047,41.4079897],[32.0841309,41.4080719],[32.084229,41.4083927],[32.0843202,41.4087146],[32.0843664,41.4088755],[32.0844045,41.4090376],[32.0844371,41.4092165],[32.0844599,41.4093963],[32.0844729,41.4095766],[32.0844761,41.4097571],[32.0844693,41.4099377],[32.0844528,41.4101178],[32.0844402,41.4103611],[32.0844387,41.4106046],[32.0844483,41.410848],[32.0844691,41.411091],[32.084501,41.4113333],[32.0845439,41.4115746],[32.0845978,41.4118147],[32.0846627,41.4120533],[32.0847385,41.4122901],[32.084825,41.4125247],[32.084877,41.4126401],[32.0849222,41.412757],[32.0849712,41.4129132],[32.0850081,41.4130711],[32.0850327,41.4132305],[32.0850449,41.4133906],[32.0850448,41.413551],[32.0850324,41.4137111],[32.0850075,41.4138704],[32.0849705,41.4140283],[32.0849442,41.4141689],[32.0849241,41.4143101],[32.0849153,41.4143808],[32.0849101,41.4144517],[32.0849102,41.41458],[32.0849357,41.4147496],[32.0849438,41.4147921],[32.0849463,41.4148349],[32.0849422,41.4148856],[32.0849305,41.4149357],[32.0849112,41.4149843],[32.0848846,41.4150311],[32.0848075,41.4150882],[32.0847382,41.4151508],[32.0846775,41.4152183],[32.084626,41.4152899],[32.0845842,41.415365],[32.0845533,41.4154405],[32.0845322,41.4155179],[32.0845211,41.4155965],[32.0845201,41.4156755],[32.0845292,41.4157542],[32.0845469,41.4158289],[32.0845731,41.4159023],[32.0846077,41.4159736],[32.0846504,41.4160424],[32.0847009,41.4161082],[32.0847944,41.4162438],[32.0848769,41.4163834],[32.0849481,41.4165264],[32.0850076,41.4166724],[32.0850554,41.4168208],[32.0850912,41.4169711],[32.0851011,41.4170477],[32.0851225,41.4171229],[32.0851551,41.4171959],[32.0851985,41.4172656],[32.0852521,41.4173312],[32.08531,41.4173872],[32.0853754,41.4174385],[32.0854476,41.4174843],[32.0855257,41.4175243],[32.0855957,41.4175692],[32.0856589,41.4176196],[32.0857144,41.4176748],[32.0857616,41.4177342],[32.0858,41.417797],[32.0858291,41.4178626],[32.0858486,41.4179302],[32.0858583,41.4179989],[32.0859059,41.4183788],[32.0859441,41.4187593],[32.0858949,41.4189237],[32.0858583,41.4190901],[32.0858344,41.4192577],[32.0858232,41.4194261],[32.085825,41.4195947],[32.0858395,41.4197629],[32.085863,41.4199106],[32.0858963,41.4200573],[32.0859394,41.4202025],[32.0859923,41.4203459],[32.0860547,41.4204871],[32.0861265,41.4206258],[32.0862928,41.4208703],[32.0864484,41.4211187],[32.0865932,41.4213708],[32.0867269,41.4216262],[32.0868494,41.4218848],[32.0869607,41.4221463],[32.0870507,41.4223829],[32.0871314,41.4226214],[32.0872029,41.4228615],[32.0872649,41.4231031],[32.0874346,41.4237068],[32.0875575,41.4241624],[32.0876865,41.424617],[32.0878217,41.4250706],[32.0880111,41.4256733],[32.0882112,41.426274],[32.0884221,41.4268726],[32.0886436,41.427469],[32.0887637,41.4277652],[32.0888758,41.4280632],[32.0889931,41.4284031],[32.0891,41.4287449],[32.0891965,41.4290884],[32.0892824,41.4294335],[32.0893577,41.42978],[32.0894225,41.4301277],[32.0894766,41.4304765],[32.0895441,41.4309742],[32.0896004,41.4314726],[32.0896454,41.4319718],[32.0896792,41.4324714],[32.0897017,41.4329713],[32.0897129,41.4334715],[32.0897129,41.4339718],[32.0897015,41.4344719],[32.0895965,41.4410453],[32.0895678,41.4413605],[32.0895265,41.4416748],[32.0894729,41.4419881],[32.0894068,41.4423001],[32.0893479,41.4425381],[32.0892817,41.442775],[32.0892084,41.4430107],[32.0891279,41.4432451],[32.0889721,41.4436882],[32.0888245,41.4441328],[32.0886851,41.444579],[32.0885539,41.4450265],[32.0884096,41.4455569],[32.0882768,41.4460889],[32.0881556,41.4466226],[32.088046,41.4471576],[32.0879481,41.4476939],[32.0879086,41.4479629],[32.0878619,41.4482313],[32.0877936,41.448565],[32.0877143,41.4488973],[32.087624,41.4492281],[32.0875227,41.449557],[32.0874105,41.449884],[32.0872875,41.4502088],[32.0871538,41.4505312],[32.0867522,41.4514775],[32.0866331,41.4517094],[32.0865244,41.4519441],[32.0864261,41.4521813],[32.0863384,41.4524209],[32.0862603,41.4526663],[32.0861933,41.4529135],[32.0861374,41.4531623],[32.0860928,41.4534123],[32.0860716,41.4535375],[32.0860594,41.4536633],[32.0860566,41.4538108],[32.0860661,41.4539581],[32.0860879,41.4541048],[32.0861219,41.4542501],[32.0861679,41.4543935],[32.0862259,41.4545345],[32.0862955,41.4546725],[32.0863753,41.454867],[32.0864437,41.4550639],[32.0865007,41.4552629],[32.0865461,41.4554636],[32.0865798,41.4556655],[32.0865995,41.4558404],[32.0866104,41.4560158],[32.0866125,41.4561913],[32.0866059,41.4563668],[32.0865905,41.456542],[32.0865151,41.4568968],[32.0864516,41.457253],[32.0864,41.4576102],[32.0863605,41.4579683],[32.086333,41.458327],[32.0863187,41.4586488],[32.086314,41.4589707],[32.086319,41.4592926],[32.0863336,41.4596144],[32.086358,41.4599358],[32.086392,41.4602567],[32.0864732,41.4604655],[32.0865441,41.4606764],[32.0866046,41.4608891],[32.0866545,41.4611033],[32.0866939,41.4613188],[32.0867226,41.4615352],[32.0867407,41.4617522],[32.0867482,41.4619824],[32.0867437,41.4622126],[32.0867273,41.4624426],[32.0866988,41.4626718],[32.0866585,41.4629001],[32.0866062,41.463127],[32.0865422,41.4633522],[32.086456,41.4635054],[32.08638,41.4636616],[32.0863146,41.4638204],[32.0862598,41.4639816],[32.0862159,41.4641445],[32.0861828,41.4643089],[32.0861622,41.4644607],[32.0861509,41.464613],[32.0861489,41.4647656],[32.0861563,41.4649181],[32.0861729,41.4650701],[32.0861989,41.4652214],[32.0863545,41.4660903],[32.08644,41.4665239],[32.0865208,41.466958],[32.086631,41.4675962],[32.0867311,41.4682354],[32.0867738,41.4685556],[32.0868212,41.4688754],[32.0868996,41.4693444],[32.0869883,41.4698123],[32.0870874,41.470279],[32.0871401,41.470512],[32.0871967,41.4707445],[32.0872992,41.47113],[32.0874122,41.4715138],[32.0875357,41.4718958],[32.0876695,41.4722758],[32.0878136,41.4726538],[32.0878436,41.4727879],[32.0878631,41.4729231],[32.087872,41.473059],[32.0878703,41.473195],[32.087858,41.4733307],[32.0878351,41.4734657],[32.0877996,41.4736066],[32.0877525,41.4737457],[32.0876942,41.4738823],[32.0876247,41.4740159],[32.0875443,41.4741461],[32.0874534,41.4742723],[32.0873523,41.4743941],[32.0872574,41.4746006],[32.0871507,41.4748039],[32.0870323,41.4750034],[32.0869025,41.475199],[32.0867615,41.4753901],[32.0866096,41.4755765],[32.086447,41.4757577],[32.086274,41.4759335],[32.0860975,41.4760978],[32.0859119,41.4762565],[32.0857175,41.4764091],[32.0855149,41.4765556],[32.0853042,41.4766955],[32.0850858,41.4768287],[32.0848603,41.476955],[32.08471,41.4770384],[32.0845537,41.4771152],[32.0843917,41.4771853],[32.0842247,41.4772483],[32.0840532,41.477304],[32.0838841,41.4773508],[32.0837119,41.4773905],[32.083537,41.477423],[32.08336,41.4774483],[32.0831814,41.4774663],[32.0830017,41.4774769],[32.0826453,41.477498],[32.0822897,41.4775263],[32.0819353,41.4775618],[32.0815823,41.4776043],[32.0812309,41.477654],[32.0808814,41.4777106],[32.0805341,41.4777743],[32.0801868,41.4778454],[32.0798422,41.4779235],[32.0795005,41.4780086],[32.079162,41.4781005],[32.078827,41.4781993],[32.0786597,41.4782492],[32.0784956,41.4783048],[32.0783052,41.4783783],[32.0781205,41.4784595],[32.0779421,41.4785482],[32.0777704,41.4786441],[32.077606,41.4787469],[32.0774494,41.4788564],[32.0773011,41.4789722],[32.0771616,41.4790939],[32.0770311,41.4792211],[32.0768756,41.4793853],[32.0767294,41.4795542],[32.0765927,41.4797275],[32.0764658,41.479905],[32.0763489,41.4800863],[32.0762423,41.480271],[32.076146,41.480459],[32.0759449,41.480866],[32.0757525,41.4812753],[32.075569,41.481687],[32.0753944,41.4821008],[32.0752287,41.4825166],[32.0751567,41.4827836],[32.0750943,41.4830518],[32.0750417,41.4833213],[32.0749989,41.4835917],[32.0749658,41.4838629],[32.074943,41.4841299],[32.0749296,41.4843972],[32.0749257,41.4846647],[32.0749314,41.4849322],[32.0749465,41.4851995],[32.0749572,41.485333],[32.0749712,41.4854664],[32.0750075,41.4857229],[32.0750562,41.4859783],[32.075117,41.4862322],[32.07519,41.4864843],[32.075275,41.4867342],[32.075372,41.4869817],[32.0754246,41.4871046],[32.0754808,41.4872265],[32.0755911,41.4874434],[32.075713,41.4876567],[32.0758463,41.4878662],[32.0759908,41.4880715],[32.0761462,41.4882723],[32.0763123,41.4884682],[32.0764886,41.4886593],[32.0766747,41.4888452],[32.0768702,41.4890255],[32.077075,41.4891999],[32.0771773,41.4892873],[32.0772886,41.4893683],[32.0774014,41.4894384],[32.077521,41.4895018],[32.0776467,41.4895583],[32.0777778,41.4896075],[32.0779134,41.489649],[32.0780529,41.4896828],[32.0781954,41.4897084],[32.07834,41.489726],[32.078477,41.4897516],[32.0786106,41.4897856],[32.07874,41.4898277],[32.0788644,41.4898778],[32.0789827,41.4899354],[32.0790943,41.4900001],[32.0791984,41.4900715],[32.0810008,41.4914659],[32.0811051,41.4915884],[32.0812,41.4917151],[32.0812849,41.4918457],[32.0813597,41.4919798],[32.0814242,41.4921168],[32.081478,41.4922564],[32.0815211,41.4923981],[32.0815532,41.4925409],[32.0815744,41.4926847],[32.0815846,41.4928293],[32.0815837,41.4929741],[32.0815718,41.4931186],[32.0815489,41.4932623],[32.0815151,41.4934048],[32.0814705,41.4935457],[32.0814152,41.4936844],[32.0813841,41.4937529],[32.0813495,41.4938205],[32.0812785,41.4939393],[32.0811965,41.494054],[32.0811041,41.4941641],[32.0810015,41.4942692],[32.0808895,41.4943685],[32.0807683,41.4944618],[32.0801532,41.4951732],[32.0795258,41.4957777],[32.0787838,41.4967263],[32.0779165,41.4995921],[32.0781762,41.4998945],[32.0782766,41.5000479],[32.0783669,41.500205],[32.0784504,41.5003733],[32.0785222,41.5005447],[32.0785821,41.5007186],[32.0786299,41.5008946],[32.0786654,41.5010722],[32.0786886,41.5012509],[32.0786995,41.5014303],[32.078704,41.501666],[32.0786975,41.5019017],[32.0786804,41.5027569],[32.0785757,41.5035331],[32.078349,41.5043635],[32.0780583,41.5056466],[32.0778878,41.5064911],[32.0779629,41.5074914],[32.0782744,41.5081286],[32.0784556,41.5084109],[32.0790101,41.5087202],[32.0792367,41.5087789],[32.0794594,41.5088457],[32.0796774,41.5089205],[32.0798904,41.5090031],[32.0800919,41.5090906],[32.0802878,41.5091851],[32.0804775,41.5092863],[32.0806607,41.5093941],[32.080837,41.5095082],[32.0810059,41.5096284],[32.0810877,41.5096905],[32.0811671,41.5097543],[32.0813109,41.5098802],[32.0814452,41.5100119],[32.0815696,41.5101489],[32.0816837,41.5102909],[32.0817872,41.5104373],[32.0818797,41.5105879],[32.081961,41.510742],[32.0820308,41.5108992],[32.0822873,41.5114908],[32.0825355,41.5120844],[32.0827755,41.5126799],[32.0830071,41.5132772],[32.0832227,41.5138553],[32.0834304,41.514435],[32.0836304,41.5150162],[32.0837026,41.5152089],[32.0837667,41.5154032],[32.0838225,41.515599],[32.0838795,41.5158402],[32.083924,41.516083],[32.0839558,41.5163269],[32.0839751,41.5165715],[32.0839816,41.5168164],[32.0839754,41.5170614],[32.0839566,41.517306],[32.0839504,41.517553],[32.0839571,41.5177999],[32.0839767,41.5180465],[32.0840091,41.5182923],[32.0840543,41.518537],[32.0841122,41.5187801],[32.0842145,41.5191646],[32.0843296,41.5195471],[32.0844573,41.5199273],[32.0845977,41.520305],[32.0846781,41.5204915],[32.0847505,41.5206799],[32.084827,41.5209092],[32.0848915,41.5211405],[32.084944,41.5213735],[32.0849844,41.5216078],[32.0850127,41.5218431],[32.0850287,41.5220791],[32.0850325,41.5223154],[32.0850241,41.5225516],[32.085005,41.5227896],[32.0849752,41.523027],[32.0849349,41.5232636],[32.0848839,41.523499],[32.0848224,41.523733],[32.0847849,41.5238488],[32.0847505,41.5239653],[32.0846995,41.5241648],[32.0846581,41.5243656],[32.0846262,41.5245673],[32.0846039,41.5247698],[32.0845913,41.5249727],[32.0845883,41.5251759],[32.084595,41.525379],[32.0846125,41.5256104],[32.0846406,41.5258413],[32.0846793,41.5260713],[32.0847285,41.5263002],[32.0847881,41.5265277],[32.084858,41.5267535],[32.0848964,41.5268658],[32.0849383,41.5269774],[32.085019,41.5271681],[32.0851101,41.5273561],[32.0852115,41.5275412],[32.085323,41.527723],[32.0854445,41.5279012],[32.0855757,41.5280754],[32.0857164,41.5282455],[32.0857899,41.528329],[32.0858663,41.5284111],[32.0860101,41.5285542],[32.0861627,41.5286921],[32.0863236,41.5288245],[32.0864926,41.5289512],[32.0866694,41.5290718],[32.0868534,41.5291862],[32.0870467,41.5292948],[32.0872469,41.5293963],[32.0874535,41.5294902],[32.087666,41.5295765],[32.0878839,41.5296549],[32.0881066,41.5297251],[32.0883337,41.5297872],[32.0884497,41.5298127],[32.0885646,41.5298408],[32.0887842,41.5299019],[32.088999,41.5299718],[32.0892085,41.5300503],[32.0894119,41.5301373],[32.0896087,41.5302324],[32.0897984,41.5303353],[32.0898791,41.5303843],[32.0899803,41.5304458],[32.0901539,41.5305635],[32.0903188,41.5306881],[32.0904866,41.5308261],[32.0906461,41.5309694],[32.0907972,41.5311178],[32.0909395,41.531271],[32.0910728,41.5314287],[32.0911968,41.5315905],[32.0913112,41.5317563],[32.0913225,41.5318513],[32.0913229,41.5319467],[32.0913124,41.5320417],[32.091291,41.5321358],[32.0912589,41.5322281],[32.0912164,41.532318],[32.0911637,41.5324048],[32.0911031,41.5324857],[32.0910338,41.5325626],[32.0909561,41.5326348],[32.0908706,41.532702],[32.090778,41.5327635],[32.0906788,41.5328191],[32.0905738,41.5328683],[32.0904636,41.5329108],[32.0901061,41.5330108],[32.0897532,41.5331196],[32.0894052,41.533237],[32.0890625,41.5333629],[32.0887256,41.5334971],[32.0883991,41.5336375],[32.0880789,41.5337858],[32.0877653,41.5339418],[32.0874586,41.5341053],[32.0873072,41.5341891],[32.0871592,41.5342761],[32.0869552,41.5344051],[32.0867585,41.5345403],[32.0865696,41.5346815],[32.0863886,41.5348285],[32.086216,41.5349809],[32.086052,41.5351387],[32.0858969,41.5353014],[32.085751,41.5354687],[32.0854869,41.5357846],[32.0852333,41.5361052],[32.0851581,41.5361662],[32.0850765,41.5362226],[32.0849892,41.5362738],[32.0848886,41.5363234],[32.0847826,41.5363662],[32.084672,41.536402],[32.0845577,41.5364304],[32.0844405,41.5364514],[32.0843214,41.5364646],[32.0839189,41.5364555],[32.0835162,41.5364561],[32.0831138,41.5364665],[32.0827121,41.5364867],[32.0823123,41.5365164],[32.0819141,41.5365559],[32.0815178,41.5366049],[32.0811238,41.5366635],[32.0807326,41.5367316],[32.0801581,41.5368252],[32.0795816,41.5369117],[32.0790032,41.5369909],[32.0787129,41.5370257],[32.0784232,41.5370629],[32.0778664,41.5371415],[32.077312,41.5372292],[32.0767602,41.5373259],[32.076684,41.5373567],[32.0766127,41.5373934],[32.076547,41.5374356],[32.0764878,41.5374829],[32.0764357,41.5375347],[32.0763867,41.537597],[32.0763481,41.5376633],[32.0763203,41.5377325],[32.0763038,41.5378038],[32.0762989,41.537876],[32.0762329,41.5384435],[32.0761567,41.5390103],[32.0760704,41.5395761],[32.0759738,41.5401409],[32.0759317,41.5403282],[32.0758961,41.5405161],[32.0758671,41.5407048],[32.0758382,41.5409611],[32.0758214,41.5412181],[32.0758167,41.5414754],[32.0758186,41.541604],[32.0758241,41.5417326],[32.0758443,41.5419735],[32.0758773,41.5422135],[32.075923,41.5424524],[32.0759813,41.5426897],[32.0760205,41.5428068],[32.0760521,41.5429251],[32.0760811,41.5430767],[32.0760975,41.5432294],[32.0761013,41.5433826],[32.0760924,41.5435356],[32.0760709,41.543688],[32.075997,41.5439759],[32.0759357,41.5442654],[32.075887,41.5445564],[32.075851,41.5448483],[32.0758274,41.5451452],[32.075817,41.5454425],[32.0758197,41.54574],[32.0758355,41.5460372],[32.0758644,41.5463338],[32.0758568,41.5463997],[32.0758601,41.5464657],[32.0758743,41.546531],[32.0758992,41.5465945],[32.0759342,41.5466551],[32.0759791,41.5467121],[32.0760329,41.5467645],[32.076095,41.5468116],[32.0761641,41.5468524],[32.0762394,41.5468865],[32.0763197,41.5469135],[32.0764038,41.5469328],[32.0764905,41.5469443],[32.0765784,41.5469478],[32.0766662,41.5469431],[32.0767525,41.5469304],[32.0768362,41.5469099],[32.0769158,41.5468818],[32.0771046,41.5468113],[32.0772983,41.5467485],[32.0774962,41.5466937],[32.0776978,41.546647],[32.0779024,41.5466085],[32.0781096,41.5465783],[32.0783186,41.5465566],[32.0785365,41.5465431],[32.078755,41.5465387],[32.0789735,41.5465436],[32.0791914,41.5465576],[32.0794078,41.5465807],[32.0796221,41.5466128],[32.0798303,41.5467075],[32.0800444,41.5467944],[32.080264,41.5468733],[32.0804885,41.546944],[32.0807022,41.5470026],[32.0809192,41.5470537],[32.0811392,41.5470973],[32.0813616,41.5471333],[32.081586,41.5471616],[32.0818119,41.5471822],[32.0819256,41.5471865],[32.0820388,41.547195],[32.0821956,41.5472136],[32.0823503,41.5472402],[32.0825022,41.5472745],[32.0826507,41.5473164],[32.0827951,41.5473658],[32.0829346,41.5474224],[32.0830688,41.5474859],[32.0831968,41.5475561],[32.0833182,41.5476326],[32.0834143,41.5476778],[32.0835035,41.5477302],[32.083585,41.5477893],[32.0836577,41.5478545],[32.0837211,41.5479249],[32.0837742,41.5479999],[32.0838162,41.5480777],[32.0838472,41.5481584],[32.083867,41.548241],[32.0838754,41.5483247],[32.0838721,41.5484085],[32.0838574,41.5484917],[32.0837522,41.5487643],[32.0836398,41.5490352],[32.0835202,41.5493044],[32.0833933,41.5495717],[32.0832321,41.5498892],[32.0830607,41.5502036],[32.0828793,41.5505149],[32.0826879,41.5508229],[32.0825896,41.550976],[32.0824867,41.5511273],[32.0823299,41.5513431],[32.0821638,41.551555],[32.0819886,41.5517627],[32.0818044,41.5519661],[32.0816115,41.5521648],[32.0814101,41.5523588],[32.0812003,41.5525477],[32.0809825,41.5527314],[32.0807567,41.5529098],[32.0803054,41.5532585],[32.0798474,41.5536023],[32.0793826,41.553941],[32.0792299,41.5540556],[32.0790727,41.5541669],[32.0789114,41.5542747],[32.0786765,41.5544208],[32.0784337,41.5545597],[32.0781836,41.554691],[32.0779266,41.5548145],[32.077663,41.55493],[32.0773932,41.5550374],[32.0769512,41.5551899],[32.0765147,41.5553511],[32.0760842,41.555521],[32.0756599,41.5556995],[32.0752421,41.5558864],[32.0748373,41.5560785],[32.0744394,41.5562786],[32.0740486,41.5564864],[32.0736653,41.5567018],[32.0732896,41.5569247],[32.0731631,41.5569978],[32.0730404,41.5570745],[32.072922,41.5571549],[32.0727665,41.5572707],[32.0726197,41.5573927],[32.072482,41.5575205],[32.0723538,41.5576538],[32.0722355,41.557792],[32.0721273,41.5579348],[32.0720297,41.5580819],[32.071943,41.5582327],[32.0718068,41.5584833],[32.071679,41.5587364],[32.0715598,41.5589919],[32.0714493,41.5592495],[32.0713475,41.5595091],[32.0712625,41.55975],[32.0711859,41.5599924],[32.0711177,41.5602362],[32.071058,41.5604813],[32.071049,41.5605642],[32.0710319,41.5606463],[32.0710069,41.5607274],[32.0709698,41.5608157],[32.0709233,41.5609015],[32.0708676,41.5609842],[32.0708032,41.5610632],[32.0707304,41.561138],[32.0706497,41.5612082],[32.0705616,41.5612733],[32.0693332,41.5621644],[32.0689843,41.5624224],[32.0686281,41.5626747],[32.0682648,41.5629212],[32.0680493,41.5630613],[32.0678945,41.5631619],[32.0675173,41.5633966],[32.0671865,41.5635942],[32.0668509,41.5637873],[32.0665105,41.5639756],[32.0664003,41.5640418],[32.0662852,41.564103],[32.0661655,41.5641592],[32.0660254,41.5642163],[32.0658806,41.5642664],[32.0657318,41.5643094],[32.0655795,41.5643449],[32.0654245,41.564373],[32.0652673,41.5643934],[32.0651087,41.5644061],[32.0649439,41.5644098],[32.0647798,41.5644226],[32.0646175,41.5644444],[32.0644577,41.5644751],[32.0643014,41.5645144],[32.0641542,41.5645606],[32.0640118,41.5646145],[32.0638748,41.5646758],[32.063744,41.5647442],[32.0636201,41.5648195],[32.0634444,41.5649355],[32.0632765,41.5650579],[32.063117,41.5651864],[32.0629661,41.5653205],[32.0628243,41.5654601],[32.0626919,41.5656048],[32.0625692,41.5657542],[32.0624565,41.565908],[32.0623541,41.5660657],[32.062287,41.5662443],[32.0622105,41.5664208],[32.0621247,41.5665949],[32.0620298,41.5667663],[32.0619258,41.5669348],[32.061813,41.5671],[32.0616916,41.5672618],[32.0615505,41.5674327],[32.0613998,41.5675989],[32.0612396,41.5677602],[32.0610703,41.5679161],[32.0608923,41.5680665],[32.060694,41.5683485],[32.0604848,41.568626],[32.060265,41.5688989],[32.0600346,41.569167],[32.0597939,41.5694298],[32.0595431,41.5696874],[32.0592824,41.5699393],[32.0590121,41.5701855],[32.0587627,41.5704002],[32.0585061,41.57061],[32.0582422,41.5708148],[32.0581093,41.5709164],[32.0579714,41.5710143],[32.0577892,41.571133],[32.0575997,41.5712452],[32.0574033,41.5713504],[32.0572004,41.5714486],[32.0569916,41.5715395],[32.0567772,41.5716229],[32.0565578,41.5716986],[32.056336,41.5717834],[32.0561191,41.571875],[32.0559074,41.5719733],[32.0557013,41.572078],[32.0555012,41.572189],[32.0553074,41.572306],[32.0551202,41.572429],[32.0547539,41.5726762],[32.0543936,41.5729283],[32.0540394,41.5731852],[32.0536915,41.5734469],[32.0535173,41.5735776],[32.0533499,41.5737132],[32.0531732,41.5738683],[32.0530053,41.5740287],[32.0528466,41.5741943],[32.0526972,41.5743647],[32.0525575,41.5745396],[32.0524277,41.5747187],[32.0523081,41.5749018],[32.0521988,41.5750884],[32.0521,41.5752783],[32.0519974,41.5754527],[32.0518851,41.5756237],[32.0517634,41.575791],[32.0516323,41.5759543],[32.0514922,41.5761134],[32.0513433,41.5762679],[32.0511858,41.5764176],[32.0510201,41.5765623],[32.0508464,41.5767016],[32.050665,41.5768353],[32.0504804,41.5769443],[32.0503033,41.5770601],[32.0501342,41.5771823],[32.0499733,41.5773107],[32.0498213,41.5774449],[32.0496784,41.5775846],[32.0495449,41.5777294],[32.0494213,41.5778791],[32.0493078,41.5780332],[32.0492043,41.5781921],[32.0491115,41.5783547],[32.0490297,41.5785206],[32.0489591,41.5786893],[32.0489267,41.5787819],[32.0488825,41.5788718],[32.0488271,41.5789581],[32.0487609,41.5790401],[32.0486845,41.5791169],[32.0485986,41.5791879],[32.0485041,41.5792525],[32.0484151,41.5793031],[32.0483207,41.579348],[32.0482217,41.5793869],[32.0481186,41.5794194],[32.0480123,41.5794454],[32.0477286,41.5794857]]]}},{"type":"Feature","properties":{"id":"bartin","name":"Bartın Çayı","source":"OpenStreetMap","source_url":"https://www.openstreetmap.org/relation/17039552","classification_source":"https://ogmmateryal.eba.gov.tr/kitap/mebi-konu-ozetleri/tyt-cografya/files/basic-html/page83.html","classification_note":"MEB · Karadeniz Havzası"},"geometry":{"type":"MultiLineString","coordinates":[[[32.3323171,41.5785127],[32.3323903,41.5785335],[32.3324585,41.5785622],[32.3325203,41.5785982],[32.3325742,41.5786407],[32.3326131,41.5786813],[32.3326448,41.5787254],[32.3326687,41.5787721],[32.3326845,41.5788207],[32.3328185,41.5789668],[32.3329622,41.5791076],[32.3330903,41.5792217],[32.3332248,41.5793316],[32.3333654,41.5794371],[32.333512,41.579538],[32.3335913,41.5795966],[32.3336626,41.5796607],[32.3337252,41.5797296],[32.3337724,41.5797933],[32.3338122,41.5798597],[32.3338444,41.5799284],[32.3338686,41.5799989],[32.3338848,41.5800707],[32.3337859,41.580008],[32.3336811,41.5799509],[32.333571,41.5798996],[32.3334784,41.5798627],[32.3333831,41.5798299],[32.3331905,41.5797675],[32.3329939,41.5797126],[32.3327938,41.5796654],[32.3325999,41.5796276],[32.3324037,41.579597],[32.3322058,41.5795736],[32.332095,41.579549],[32.3319813,41.5795334],[32.331866,41.579527],[32.3317505,41.57953],[32.3316371,41.579542],[32.331526,41.579563],[32.3314185,41.5795927],[32.3309297,41.5798389],[32.3304529,41.5800421],[32.3303747,41.5800563],[32.3302948,41.5800637],[32.3302142,41.5800642],[32.3301425,41.5800587],[32.3300729,41.5800448],[32.3300071,41.5800228],[32.3299467,41.5799934],[32.3298965,41.5799599],[32.3298535,41.5799211],[32.3298186,41.5798781],[32.3297596,41.5797536],[32.329706,41.5796278],[32.3296511,41.5794823],[32.3295853,41.5793394],[32.329509,41.5791999],[32.3294223,41.579064],[32.3294157,41.5790326],[32.3294166,41.5790008],[32.3294249,41.5789697],[32.3294404,41.5789401],[32.3294666,41.578909],[32.3295006,41.5788826],[32.329541,41.5788618],[32.3296957,41.578819],[32.3298543,41.5787848],[32.3300157,41.5787595],[32.3301634,41.5787443],[32.3303119,41.5787352],[32.3304609,41.5787323],[32.3306099,41.5787354],[32.3307685,41.5787456],[32.330926,41.5787626],[32.3310819,41.5787866],[32.3312108,41.5787955],[32.3313403,41.5787971],[32.3314695,41.5787916],[32.3316115,41.5787771],[32.3317515,41.5787539],[32.3318884,41.5787222],[32.3320213,41.5786822],[32.3321494,41.5786341],[32.3321925,41.5786185],[32.3322317,41.5785979],[32.3322661,41.578573],[32.3322948,41.5785444],[32.3323171,41.5785127],[32.3323337,41.5784748],[32.3323412,41.5784352],[32.3323392,41.5783953],[32.3323278,41.5783562],[32.3317444,41.5770345],[32.3316377,41.5768363],[32.3315225,41.5766407],[32.331459,41.5765397],[32.3314057,41.5764356],[32.3313629,41.5763287],[32.3313294,41.576214],[32.3313078,41.5760977],[32.3312985,41.5759806],[32.3312793,41.5758607],[32.3312717,41.5757401],[32.3312757,41.5756194],[32.3312831,41.5755513],[32.3312942,41.5754835],[32.331322,41.5753485],[32.3313333,41.5753039],[32.3313344,41.5752585],[32.3313254,41.5752136],[32.3313066,41.5751704],[32.3312813,41.5751338],[32.3312488,41.5751004],[32.33121,41.5750711],[32.3312402,41.5744942],[32.3312485,41.5744011],[32.3312438,41.5743078],[32.3312261,41.5742153],[32.3312121,41.5741688],[32.3311948,41.5741228],[32.3311554,41.5740321],[32.3311081,41.5739434],[32.3310401,41.5738389],[32.3309612,41.5737388],[32.3309246,41.5736681],[32.330895,41.5735955],[32.3308727,41.5735216],[32.3308609,41.5734658],[32.3308533,41.5734097],[32.3307343,41.5733586],[32.3306113,41.5733132],[32.3304847,41.5732736],[32.330355,41.5732401],[32.3302117,41.5732108],[32.3300707,41.5731758],[32.3299324,41.5731352],[32.3297971,41.5730891],[32.3297248,41.5730618],[32.3296487,41.5730409],[32.3295698,41.5730267],[32.3294893,41.5730195],[32.3294082,41.5730194],[32.3293605,41.5730227],[32.3293132,41.5730284],[32.3292174,41.573029],[32.3291221,41.5730213],[32.3290287,41.5730054],[32.3289622,41.5729886],[32.3288978,41.5729677],[32.3287637,41.5729372],[32.3286269,41.5729141],[32.3284882,41.5728985],[32.3283608,41.5728909],[32.328235,41.5728737],[32.3281121,41.5728472],[32.3279934,41.5728117],[32.3279345,41.5727901],[32.3278772,41.5727663],[32.3277676,41.5727126],[32.3276655,41.5726512],[32.3276137,41.572615],[32.3275647,41.5725768],[32.3274579,41.5725071],[32.3273456,41.5724425],[32.327221,41.5723799],[32.3270912,41.5723234],[32.3269567,41.5722735],[32.3269127,41.5722563],[32.3268651,41.5722456],[32.3268157,41.5722417],[32.3267663,41.5722449],[32.3267239,41.5722534],[32.326684,41.572267],[32.3266478,41.5722854],[32.326616,41.5723081],[32.3265192,41.5722317],[32.3264322,41.572149],[32.3263556,41.5720606],[32.3262902,41.5719675],[32.3262427,41.571883],[32.3262044,41.571796],[32.3261754,41.571707],[32.326156,41.5716166],[32.3261573,41.5715464],[32.326166,41.5714766],[32.3261819,41.5714074],[32.326205,41.5713394],[32.3262349,41.5712734],[32.3262714,41.5712093],[32.3263146,41.5711476],[32.3263639,41.5710885],[32.3264195,41.5710362],[32.3264825,41.5709888],[32.3265521,41.5709469],[32.3265907,41.5709301],[32.3266274,41.570911],[32.3266841,41.5708741],[32.3267335,41.5708319],[32.3267749,41.5707851],[32.3268075,41.5707346],[32.3268306,41.5706812],[32.3268822,41.5705499],[32.3269267,41.5704173],[32.3269477,41.5703507],[32.3269641,41.5702834],[32.3269788,41.5701923],[32.3269852,41.5701007],[32.3269832,41.5700089],[32.3269728,41.5699175],[32.326954,41.5698269],[32.3268879,41.5697192],[32.3268311,41.5696085],[32.3267838,41.5694955],[32.3267461,41.5693804],[32.3267206,41.5692754],[32.3267031,41.5691695],[32.3266938,41.5690631],[32.326691,41.5690098],[32.3266925,41.5689564],[32.3267013,41.5688849],[32.3267179,41.5688142],[32.3267421,41.5687447],[32.3267754,41.5686775],[32.3268176,41.5686131],[32.3268681,41.5685522],[32.3269265,41.5684954],[32.3270898,41.5683936],[32.3272558,41.5682942],[32.3274828,41.5681645],[32.327601,41.5681044],[32.3277144,41.5680394],[32.3278311,41.5679638],[32.3279414,41.5678829],[32.3280448,41.5677971],[32.3281409,41.5677068],[32.328232,41.567612],[32.3283168,41.567514],[32.3283951,41.5674131],[32.3284668,41.5673094],[32.3285159,41.5672139],[32.3285714,41.5671203],[32.3286352,41.5670261],[32.3287054,41.5669345],[32.3287819,41.5668458],[32.3288506,41.5667535],[32.3289109,41.566658],[32.3289628,41.5665597],[32.3289824,41.5665089],[32.3290059,41.566459],[32.3290467,41.5663886],[32.3290953,41.566321],[32.3291512,41.5662566],[32.3292141,41.566196],[32.3292835,41.5661395],[32.3294047,41.5660338],[32.3294636,41.5659799],[32.3295195,41.5659242],[32.3296065,41.5658275],[32.3296846,41.5657267],[32.3297536,41.5656222],[32.3298592,41.5654695],[32.3299187,41.5653959],[32.3299695,41.5653187],[32.3300112,41.5652386],[32.3300437,41.5651562],[32.3300667,41.565072],[32.33008,41.5649866],[32.3300835,41.5649007],[32.3300875,41.5647073],[32.3300785,41.564643],[32.330078,41.5645783],[32.3300862,41.5645139],[32.3301054,41.5644428],[32.3301351,41.5643737],[32.3301749,41.5643075],[32.3302243,41.564245],[32.3302973,41.5641641],[32.3303774,41.564087],[32.3304225,41.5640517],[32.3304643,41.5640142],[32.3305127,41.5639632],[32.3305548,41.5639092],[32.3305904,41.5638526],[32.3306192,41.563794],[32.330657,41.5637375],[32.3307029,41.5636846],[32.3307564,41.5636358],[32.3308168,41.5635918],[32.3308834,41.5635531],[32.3309757,41.5635067],[32.3310724,41.5634658],[32.3311731,41.5634305],[32.3312261,41.5634179],[32.3312771,41.5634011],[32.3313443,41.5633706],[32.3314047,41.5633328],[32.3314566,41.5632886],[32.331499,41.5632391],[32.3315414,41.5631738],[32.3315722,41.563105],[32.3315909,41.5630339],[32.3316011,41.5629539],[32.3316003,41.5628736],[32.3315884,41.5627938],[32.3315655,41.5627153],[32.3315319,41.562639],[32.3313629,41.5621031],[32.3313168,41.5619176],[32.3312618,41.5617334],[32.3311979,41.5615507],[32.3311333,41.5613888],[32.3310618,41.5612285],[32.3309834,41.5610701],[32.3309073,41.5608974],[32.33084,41.5607226],[32.3307815,41.5605462],[32.3307319,41.5603681],[32.330673,41.5601422],[32.3306435,41.5600292],[32.3306186,41.5599156],[32.3305879,41.559729],[32.3305698,41.5595415],[32.3305643,41.5593536],[32.3305073,41.5590867],[32.330626,41.5590337],[32.3307396,41.5589746],[32.3308475,41.5589099],[32.3309492,41.5588398],[32.3310329,41.558774],[32.3311112,41.5587046],[32.3311837,41.5586318],[32.3312502,41.5585558],[32.3313061,41.5584758],[32.3313511,41.5583921],[32.331385,41.5583054],[32.3314297,41.5582126],[32.3314823,41.5581222],[32.3315426,41.5580345],[32.3316119,41.5579654],[32.3316743,41.5578928],[32.3317296,41.557817],[32.3317773,41.5577384],[32.3318245,41.5576405],[32.3318602,41.5575399],[32.3318839,41.5574374],[32.3319053,41.5573086],[32.3319176,41.5571792],[32.3319252,41.5571144],[32.3319208,41.5570495],[32.3319091,41.5569994],[32.3318903,41.5569506],[32.3318646,41.5569035],[32.3318323,41.5568588],[32.3317725,41.5568153],[32.3317197,41.5567669],[32.3316747,41.5567143],[32.3316353,41.5566533],[32.3316063,41.5565891],[32.3315882,41.5565226],[32.3315384,41.5563138],[32.3315141,41.5562092],[32.331499,41.5561037],[32.331493,41.5559951],[32.3314966,41.5558866],[32.3315098,41.5557784],[32.3315195,41.5557246],[32.3315325,41.5556711],[32.3315581,41.5555928],[32.3315908,41.555516],[32.3316307,41.5554412],[32.3316774,41.5553686],[32.3317778,41.5551986],[32.3317982,41.5551382],[32.3318284,41.5550802],[32.3318678,41.5550253],[32.3319091,41.554981],[32.3319564,41.5549401],[32.3320092,41.5549032],[32.332067,41.5548708],[32.3321562,41.5548753],[32.3322455,41.5548725],[32.3323339,41.5548624],[32.3324203,41.5548452],[32.3324931,41.5548245],[32.332563,41.5547987],[32.3326292,41.554768],[32.3326913,41.5547328],[32.3327992,41.5546757],[32.3329034,41.554615],[32.3330037,41.5545506],[32.333141,41.5544518],[32.3332691,41.5543463],[32.3333873,41.5542345],[32.3337299,41.5539078],[32.333803,41.5538845],[32.3338704,41.5538529],[32.3339304,41.5538139],[32.3339817,41.5537685],[32.334023,41.5537177],[32.3340518,41.553666],[32.3340702,41.5536118],[32.334078,41.5535561],[32.3340773,41.5534902],[32.3340662,41.5534248],[32.3340447,41.5533608],[32.3340131,41.5532993],[32.333972,41.5532409],[32.333925,41.5531908],[32.3338702,41.5531454],[32.3338084,41.5531052],[32.3337405,41.553071],[32.3336676,41.5530432],[32.3335571,41.5530226],[32.3334489,41.552996],[32.3333437,41.5529635],[32.3332267,41.5529188],[32.3331151,41.5528669],[32.3330099,41.5528081],[32.3329117,41.5527427],[32.3328213,41.5526714],[32.3327955,41.5525824],[32.3327784,41.5524923],[32.3327703,41.5524023],[32.332771,41.5523122],[32.3327804,41.5522223],[32.3327941,41.5521577],[32.3328133,41.5520938],[32.3328381,41.5520311],[32.3328762,41.5519645],[32.332925,41.551902],[32.3329836,41.5518444],[32.3330473,41.551792],[32.3331166,41.5517439],[32.3331913,41.5517004],[32.3332706,41.5516618],[32.3334293,41.5516171],[32.333584,41.551565],[32.333734,41.5515057],[32.3338848,41.5514364],[32.3340291,41.5513599],[32.3341665,41.5512764],[32.3342996,41.5511872],[32.3344269,41.5510933],[32.334548,41.550995],[32.3346627,41.5508925],[32.3347512,41.5508042],[32.334834,41.5507128],[32.3348769,41.5506677],[32.3349108,41.5506185],[32.3349341,41.5505686],[32.334948,41.5505167],[32.3349524,41.5504639],[32.3349705,41.5503377],[32.3349993,41.5502125],[32.3350153,41.5501008],[32.3350223,41.5499887],[32.3350203,41.5498764],[32.3350094,41.5497644],[32.3349967,41.5495908],[32.3349879,41.5495041],[32.3349892,41.5494171],[32.3350027,41.54932],[32.3350287,41.5492244],[32.335067,41.5491311],[32.3351105,41.5490511],[32.3351627,41.5489742],[32.3352233,41.5489007],[32.3353008,41.548819],[32.3353856,41.5487414],[32.3354774,41.5486684],[32.3355976,41.5485855],[32.3357262,41.5485099],[32.3357955,41.5484774],[32.3358623,41.548442],[32.3359601,41.5483821],[32.3360507,41.5483162],[32.3361334,41.5482446],[32.3362076,41.548168],[32.336447,41.5478047],[32.3365534,41.5476742],[32.3366683,41.5475478],[32.3367965,41.547421],[32.3369331,41.5472992],[32.3370077,41.5472426],[32.337078,41.5471829],[32.3371642,41.5470995],[32.3372419,41.5470115],[32.3372804,41.5469672],[32.3373107,41.5469195],[32.3373338,41.5468644],[32.337346,41.5468075],[32.337347,41.5467498],[32.3373368,41.5466926],[32.3373129,41.5466018],[32.3372798,41.5465126],[32.3372607,41.5464686],[32.3372376,41.5464256],[32.3371918,41.5463587],[32.3371362,41.5462961],[32.3370717,41.5462385],[32.3369989,41.5461867],[32.3365094,41.5459413],[32.3364571,41.5458904],[32.3364148,41.5458344],[32.3363866,41.5457818],[32.3363673,41.545727],[32.3363572,41.5456708],[32.3363565,41.5456141],[32.336351,41.5454637],[32.3363404,41.5453135],[32.3363406,41.5451646],[32.3363516,41.5450159],[32.33636,41.5449417],[32.3363733,41.5448679],[32.3363978,41.5447728],[32.3364305,41.5446792],[32.3364478,41.5446325],[32.3364712,41.5445873],[32.3365106,41.5445313],[32.3365594,41.5444796],[32.3366168,41.5444331],[32.3366817,41.5443926],[32.3368486,41.5443325],[32.3370136,41.5442696],[32.3371844,41.5442009],[32.3373529,41.5441291],[32.337552,41.5440188],[32.3377553,41.5439128],[32.3380151,41.5437865],[32.338281,41.5436674],[32.3385136,41.5435673],[32.3387484,41.5434701],[32.3389665,41.5433844],[32.3390787,41.5433462],[32.3391869,41.543302],[32.339283,41.543256],[32.3393747,41.5432053],[32.3394617,41.5431501],[32.3395436,41.5430907],[32.339643,41.5430359],[32.339737,41.5429759],[32.3398252,41.5429111],[32.339907,41.5428419],[32.3399822,41.5427685],[32.3400564,41.5426838],[32.3401217,41.542595],[32.3401777,41.5425027],[32.3402241,41.5424074],[32.3402464,41.5423595],[32.3402604,41.5423098],[32.3402661,41.5422517],[32.3402604,41.5421937],[32.3402435,41.5421369],[32.3402157,41.5420825],[32.3401778,41.5420317],[32.3400043,41.5417768],[32.3399913,41.5417351],[32.3399836,41.5416926],[32.3399815,41.5416498],[32.3399875,41.5415913],[32.3399937,41.5415623],[32.3400036,41.5415339],[32.3400252,41.5414928],[32.3400545,41.5414544],[32.3400908,41.5414196],[32.3401333,41.541389],[32.3401813,41.5413632],[32.3403458,41.5412462],[32.3405166,41.5411344],[32.3406628,41.5410457],[32.3407184,41.5410231],[32.3407688,41.5409946],[32.340813,41.5409607],[32.34085,41.5409222],[32.3408788,41.5408799],[32.3408988,41.5408348],[32.3409095,41.5407881],[32.3409325,41.5407257],[32.3409648,41.5406657],[32.3410061,41.5406089],[32.3410462,41.5405439],[32.3410802,41.5404771],[32.341108,41.5404086],[32.34116,41.5402782],[32.3412213,41.5401501],[32.3412863,41.540034],[32.341359,41.5399205],[32.3414393,41.5398099],[32.3415284,41.5397112],[32.3416098,41.5396089],[32.3416835,41.5395033],[32.3417491,41.5393948],[32.3418034,41.53929],[32.3418501,41.5391831],[32.3418738,41.5391297],[32.3418892,41.5390746],[32.3418963,41.5390179],[32.3418948,41.5389609],[32.3418846,41.5389045],[32.3418659,41.5388493],[32.3418389,41.538796],[32.3417983,41.5387357],[32.3417489,41.5386793],[32.3416912,41.5386274],[32.3416261,41.5385807],[32.3415543,41.5385399],[32.3415145,41.538524],[32.3414768,41.5385054],[32.3414217,41.5384703],[32.3413742,41.5384295],[32.3413353,41.5383838],[32.341306,41.5383343],[32.3412869,41.5382821],[32.3412783,41.5382283],[32.3412251,41.5380978],[32.3411817,41.5379653],[32.3411483,41.5378312],[32.3411251,41.5376958],[32.3411121,41.5375597],[32.3411094,41.5374233],[32.3411166,41.53729],[32.3411337,41.5371572],[32.3411604,41.5370253],[32.3411969,41.5368947],[32.3412428,41.5367659],[32.3412982,41.5366391],[32.3413628,41.5365148],[32.3414461,41.5364029],[32.3415191,41.5362871],[32.3415815,41.5361678],[32.3416329,41.5360457],[32.3416732,41.5359212],[32.3417021,41.535795],[32.3417199,41.5356644],[32.3417255,41.5355332],[32.341719,41.5354021],[32.3417003,41.5352715],[32.3416696,41.5351423],[32.341627,41.535015],[32.3415617,41.5348029],[32.3415032,41.5345897],[32.3414513,41.5343755],[32.3412783,41.5336391],[32.3412767,41.5335744],[32.341284,41.5335098],[32.3413003,41.5334462],[32.3413253,41.5333841],[32.3413631,41.5333177],[32.3414109,41.533255],[32.3414681,41.5331969],[32.3415313,41.5331385],[32.3415982,41.5330825],[32.3416223,41.5329881],[32.3416381,41.5329744],[32.3416577,41.5329639],[32.34168,41.532957],[32.3417075,41.5329541],[32.341735,41.5329569],[32.3417605,41.532965],[32.341787,41.5329896],[32.3418184,41.5330108],[32.3418539,41.533028],[32.3418926,41.5330408],[32.3419432,41.5330501],[32.3419952,41.5330518],[32.3420467,41.533046],[32.3420957,41.5330328],[32.3421333,41.5330162],[32.3421665,41.5329951],[32.3421945,41.5329701],[32.3422164,41.5329419],[32.3422907,41.5328584],[32.3423747,41.5327803],[32.3425134,41.5326615],[32.3426597,41.5325479],[32.3427229,41.5324551],[32.3427817,41.5323607],[32.3428658,41.5322084],[32.3428985,41.532159],[32.3429229,41.5321069],[32.3429386,41.532053],[32.3429453,41.5319989],[32.3429433,41.5319446],[32.3429325,41.5318909],[32.3429132,41.5318386],[32.3428996,41.5317818],[32.3428934,41.5317243],[32.3428945,41.5316666],[32.3429031,41.5316092],[32.3429916,41.5314883],[32.3430705,41.5313637],[32.3431396,41.5312359],[32.3431985,41.5311052],[32.3432471,41.5309722],[32.3432846,41.5308396],[32.3433119,41.5307056],[32.3433289,41.5305706],[32.3432746,41.5304808],[32.3432308,41.5303878],[32.3431979,41.5302924],[32.343176,41.5301952],[32.3431665,41.5301141],[32.3431646,41.5300328],[32.3431705,41.5299516],[32.3431841,41.5298709],[32.3432037,41.5297176],[32.3432153,41.529564],[32.343208,41.5295127],[32.3432092,41.5294611],[32.3432189,41.5294101],[32.3432395,41.5293547],[32.34327,41.5293019],[32.3433099,41.5292528],[32.3433584,41.5292083],[32.3434094,41.5291537],[32.3434545,41.5290962],[32.3434935,41.5290363],[32.343526,41.5289743],[32.3435945,41.5288289],[32.3436531,41.5286812],[32.3437019,41.5285314],[32.3437406,41.52838],[32.343697,41.5282698],[32.3436604,41.5281583],[32.3436306,41.5280456],[32.3436064,41.5279227],[32.3435905,41.527799],[32.3435829,41.5276749],[32.3435837,41.5275507],[32.3435924,41.527289],[32.3435885,41.5272016],[32.3435946,41.5271142],[32.3436105,41.5270276],[32.3436345,41.5269471],[32.3436669,41.5268683],[32.3437077,41.5267917],[32.3437565,41.5267178],[32.343813,41.5266471],[32.3439305,41.5265142],[32.3440586,41.5263869],[32.3441258,41.526325],[32.3441966,41.5262655],[32.3443041,41.5261845],[32.3444182,41.5261088],[32.3445386,41.5260386],[32.3446646,41.5259744],[32.3447162,41.5259063],[32.3447768,41.5258426],[32.3448459,41.5257839],[32.3449228,41.5257309],[32.3450066,41.5256842],[32.3450856,41.5256486],[32.3451685,41.5256185],[32.3452548,41.5255942],[32.3453437,41.5255759],[32.3454344,41.5255637],[32.345538,41.525583],[32.3456438,41.5255936],[32.3457505,41.5255954],[32.3458568,41.5255885],[32.3459615,41.5255728],[32.3460685,41.525547],[32.3461709,41.5255121],[32.3462671,41.5254685],[32.346356,41.5254169],[32.3463975,41.5253885],[32.3464362,41.5253579],[32.3464897,41.5253071],[32.3465354,41.5252523],[32.3465729,41.525194],[32.3466015,41.525133],[32.3466211,41.5250701],[32.3466313,41.5250059],[32.346632,41.5249412],[32.3466011,41.5248192],[32.3465796,41.524696],[32.3465674,41.5245721],[32.3465647,41.524448],[32.3465715,41.5243238],[32.3465878,41.5242002],[32.3466136,41.5240766],[32.3466489,41.5239543],[32.3466936,41.5238337],[32.3467474,41.5237153],[32.3468847,41.5236551],[32.3470164,41.5235883],[32.347142,41.5235152],[32.347261,41.5234361],[32.3473785,41.5233468],[32.3474875,41.5232516],[32.3475876,41.523151],[32.3476781,41.5230456],[32.3477694,41.5229233],[32.3478499,41.5227968],[32.3479192,41.5226667],[32.3479772,41.5225335],[32.3480451,41.5223556],[32.3481033,41.5221758],[32.3481515,41.5219943],[32.3481131,41.5218555],[32.348087,41.5217151],[32.3480734,41.5215737],[32.3480724,41.521432],[32.3480802,41.5213221],[32.3480956,41.5212126],[32.3481185,41.5211039],[32.3481488,41.5209962],[32.3481601,41.5209387],[32.3481648,41.5208807],[32.3481628,41.5208226],[32.3481498,41.5207462],[32.3481253,41.5206714],[32.3480896,41.5205991],[32.3480432,41.5205304],[32.3479865,41.5204661],[32.3478333,41.5202853],[32.34767,41.5201096],[32.3475433,41.5199834],[32.3474114,41.5198602],[32.3472744,41.5197401],[32.3471664,41.5195191],[32.3470652,41.5192963],[32.3469619,41.5190491],[32.3468671,41.5188],[32.3468267,41.5186741],[32.3467809,41.5185492],[32.3467192,41.5184011],[32.34665,41.5182549],[32.3465736,41.5181107],[32.3465346,41.5180388],[32.3464899,41.5179688],[32.3464247,41.5178827],[32.3463508,41.5178006],[32.3462687,41.517723],[32.3461787,41.5176505],[32.3460684,41.5175733],[32.3459506,41.5175027],[32.3458259,41.517439],[32.3456952,41.5173826],[32.345559,41.5173339],[32.3454183,41.517293],[32.3453595,41.5172811],[32.3453029,41.5172641],[32.3452494,41.5172422],[32.3451997,41.5172157],[32.3451462,41.5171783],[32.3451002,41.5171357],[32.3450628,41.5170885],[32.3450348,41.5170379],[32.3449878,41.5169348],[32.3449528,41.516829],[32.3449301,41.5167214],[32.3449198,41.5166127],[32.3449221,41.5165037],[32.3448985,41.5164516],[32.3448638,41.5164031],[32.344819,41.5163595],[32.3447652,41.516322],[32.3447105,41.5162943],[32.344651,41.5162729],[32.344588,41.5162584],[32.3445228,41.5162509],[32.3444568,41.5162507],[32.3434335,41.5165469],[32.343361,41.5165506],[32.3432884,41.5165493],[32.3432162,41.5165429],[32.3431287,41.5165281],[32.343044,41.5165059],[32.3429633,41.5164766],[32.3428876,41.5164406],[32.3428179,41.5163983],[32.3427399,41.5163397],[32.3426715,41.5162748],[32.3426136,41.5162044],[32.342567,41.5161294],[32.3425323,41.5160508],[32.3423671,41.5158131],[32.3421968,41.5155774],[32.3420213,41.5153439],[32.3417558,41.5150066],[32.3416139,41.5148421],[32.3414795,41.5146741],[32.3413522,41.5145018],[32.3412328,41.5143263],[32.3411214,41.5141479],[32.3410812,41.5140488],[32.3410525,41.5139474],[32.3410356,41.5138446],[32.3410305,41.5137545],[32.3410345,41.5136643],[32.3410474,41.5135747],[32.3410693,41.513486],[32.3411,41.5133987],[32.3411556,41.5132586],[32.3412185,41.5131202],[32.3412885,41.5129838],[32.3413655,41.5128494],[32.3415159,41.5125969],[32.3416724,41.5123465],[32.3418349,41.5120983],[32.3420428,41.5117679],[32.3420596,41.511736],[32.3420704,41.5117026],[32.342075,41.5116684],[32.3420718,41.5116266],[32.3420593,41.5115858],[32.3420378,41.5115471],[32.3420079,41.5115117],[32.3419704,41.5114806],[32.341776,41.5114299],[32.3415792,41.5113847],[32.3413803,41.5113451],[32.34116,41.5113081],[32.340938,41.511278],[32.3407144,41.5112549],[32.3404898,41.5112386],[32.3404071,41.5111938],[32.3403296,41.5111442],[32.3402578,41.51109],[32.3401825,41.5110224],[32.340116,41.5109498],[32.3400589,41.5108729],[32.3400115,41.5107923],[32.3399745,41.5107088],[32.339948,41.510623],[32.3398745,41.5104072],[32.3398072,41.5101902],[32.3397288,41.5099067],[32.339661,41.5096218],[32.3396552,41.50957],[32.339661,41.5095183],[32.3396769,41.5094709],[32.3397025,41.5094259],[32.3397339,41.509387],[32.3397719,41.5093515],[32.3398159,41.5093201],[32.339865,41.5092934],[32.3399185,41.5092718],[32.3400803,41.5092015],[32.3402376,41.5091256],[32.3408903,41.5088086],[32.341471,41.50853],[32.3417431,41.5083994],[32.3419582,41.5069489],[32.3415202,41.5042894],[32.3415123,41.5036272],[32.3425062,41.5005189],[32.3428265,41.4995103],[32.3432545,41.4987433],[32.3441818,41.4977672],[32.3443307,41.497499],[32.3444907,41.4972117],[32.3446539,41.4969254],[32.344769,41.4967274],[32.3448781,41.4965275],[32.3449811,41.4963258],[32.3450385,41.4962073],[32.3450867,41.4960866],[32.3451258,41.4959641],[32.3451556,41.4958401],[32.345176,41.4957151],[32.3451869,41.4955894],[32.3451883,41.4954634],[32.3451819,41.4953543],[32.3451682,41.4952456],[32.3451441,41.4950279],[32.3451175,41.4948222],[32.3450951,41.4946161],[32.3450805,41.4944536],[32.3450589,41.4942916],[32.3450395,41.4941782],[32.3450167,41.4940651],[32.3448073,41.4933621],[32.3446414,41.4923993],[32.3442979,41.4915561],[32.3439663,41.4908684],[32.3438506,41.4907128],[32.3437422,41.4905543],[32.3436414,41.490393],[32.3435768,41.4902813],[32.3435159,41.4901685],[32.3433992,41.4899414],[32.3432913,41.4897119],[32.3432254,41.48956],[32.3431699,41.4894059],[32.343125,41.4892498],[32.3430883,41.4890778],[32.3430593,41.488905],[32.343038,41.4887315],[32.3430245,41.4885576],[32.3430185,41.4883416],[32.3430245,41.4881256],[32.3430306,41.4880701],[32.3430293,41.4880144],[32.3430205,41.487959],[32.3430043,41.4879046],[32.3429897,41.4878695],[32.3429721,41.4878353],[32.3429322,41.4877682],[32.3428849,41.4877038],[32.3428306,41.4876427],[32.3427697,41.4875851],[32.3426979,41.4875283],[32.3426331,41.4874669],[32.3425758,41.4874015],[32.3425264,41.4873326],[32.3424853,41.4872606],[32.3424528,41.4871862],[32.3424293,41.4871099],[32.3424147,41.4870323],[32.342353,41.4868025],[32.3423003,41.4865715],[32.3422507,41.4863048],[32.3422131,41.486037],[32.3421674,41.4857965],[32.3421285,41.4855554],[32.3420964,41.4853137],[32.3420706,41.4850647],[32.3420522,41.4848153],[32.3419534,41.4846266],[32.341865,41.4844351],[32.341787,41.484241],[32.3417196,41.4840448],[32.3416734,41.4838867],[32.341634,41.4837275],[32.3416015,41.4835675],[32.3415686,41.4834725],[32.3415443,41.483376],[32.341529,41.4832785],[32.3415226,41.4831804],[32.3415251,41.4830823],[32.3415369,41.4829828],[32.3415579,41.4828842],[32.341588,41.4827869],[32.341627,41.4826914],[32.3416351,41.4826353],[32.3416351,41.4825788],[32.341627,41.4825227],[32.341608,41.4824594],[32.3415789,41.4823984],[32.3415422,41.4822719],[32.3415171,41.4821439],[32.3415061,41.4820499],[32.3415015,41.4819555],[32.341493,41.4817669],[32.3414916,41.4815782],[32.3415002,41.4813356],[32.3414983,41.481093],[32.3414878,41.480878],[32.3414876,41.4806629],[32.3414928,41.4805252],[32.3415098,41.4803881],[32.3415385,41.480252],[32.3415802,41.4801135],[32.3416339,41.4799773],[32.3416994,41.4798441],[32.3417627,41.4796379],[32.3418159,41.4794302],[32.341859,41.4792211],[32.3418792,41.4791005],[32.341896,41.4789796],[32.3419408,41.4787389],[32.3419797,41.4785588],[32.3420061,41.4783774],[32.34202,41.4781953],[32.3420223,41.4780875],[32.3420202,41.4779798],[32.3420278,41.4777644],[32.3420428,41.4775492],[32.3420413,41.4774018],[32.3419874,41.4770653],[32.3420272,41.4766837],[32.3420843,41.4763159],[32.3423392,41.4759998],[32.3424734,41.475853],[32.3425988,41.4753368],[32.3426551,41.47493],[32.3426215,41.4746388],[32.3426528,41.4742888],[32.3429742,41.473472],[32.3430333,41.4731442],[32.3430042,41.4728002],[32.3429827,41.4722883],[32.3430145,41.4719449],[32.3432274,41.4716803],[32.3433638,41.4715454],[32.3434547,41.471418],[32.3435535,41.471294],[32.3436599,41.4711736],[32.3437738,41.471057],[32.3441177,41.4706465]],[[32.3338848,41.5800707],[32.3340169,41.5801401],[32.3341418,41.5802165],[32.3342589,41.5802995],[32.3343676,41.5803887],[32.3344584,41.5804744],[32.3345415,41.5805645],[32.3346164,41.5806584],[32.3346828,41.5807559],[32.3347423,41.5808891],[32.3347905,41.5810249],[32.3348271,41.5811627],[32.3348521,41.5813019],[32.3348652,41.581442],[32.3348663,41.581587],[32.3348548,41.5817317],[32.3348307,41.5818755],[32.3347941,41.5820178],[32.3346133,41.5821326],[32.3344387,41.5822526],[32.3342844,41.5823669],[32.3341356,41.5824853],[32.3340711,41.5825209],[32.3340005,41.5825492],[32.3339251,41.5825696],[32.3338527,41.5825809],[32.3337789,41.582585],[32.3337051,41.5825816],[32.3335225,41.5825354],[32.3333362,41.5824979],[32.3331472,41.5824693],[32.3330421,41.5824573],[32.3329365,41.5824482],[32.3327245,41.5824365],[32.332512,41.5824341],[32.3322996,41.5824412],[32.3321705,41.5824501],[32.3320425,41.5824662],[32.3319166,41.5824894],[32.3317933,41.5825196],[32.3316734,41.5825565],[32.3315847,41.5825891],[32.3314987,41.5826254],[32.3313189,41.5826865],[32.3311346,41.5827395],[32.3309465,41.5827842],[32.3308251,41.5828084],[32.3307013,41.5828243],[32.3305761,41.5828319],[32.3304505,41.582831],[32.3303255,41.5828218],[32.3302022,41.5828043],[32.3301269,41.5827893],[32.3300528,41.5827712],[32.3299009,41.5827454],[32.3297471,41.5827268],[32.3295921,41.5827157],[32.3294364,41.582712],[32.329284,41.5827157],[32.3291322,41.5827264],[32.3289817,41.5827443],[32.3288329,41.5827692],[32.3288002,41.5827774],[32.3287703,41.5827903],[32.3287444,41.5828073],[32.3287254,41.5828254],[32.328711,41.5828457],[32.3287015,41.5828675],[32.3288289,41.583349],[32.3288584,41.5833972],[32.3288944,41.5834429],[32.3289366,41.5834855],[32.3289844,41.5835246],[32.3290338,41.5835575],[32.3290871,41.5835867],[32.329144,41.5836118],[32.3292674,41.5837985],[32.3293815,41.5839885],[32.3294862,41.5841815],[32.3295812,41.5843772],[32.3296655,41.5845728],[32.3297402,41.5847705],[32.3298052,41.5849701],[32.3298049,41.5851013],[32.3298139,41.5852325],[32.3298322,41.585363],[32.3298597,41.5854927],[32.3298964,41.5856211],[32.3299335,41.5857258],[32.3299633,41.5858317],[32.3299858,41.5859387],[32.330001,41.5860464],[32.3300083,41.5861431],[32.3300096,41.58624],[32.330005,41.5863368],[32.3299841,41.5864184],[32.3299705,41.5865008],[32.3299643,41.5865837],[32.3299655,41.5866668],[32.3299715,41.5867317],[32.3299882,41.5867957],[32.3300151,41.5868576],[32.330052,41.5869166],[32.3300971,41.5869706],[32.3301506,41.5870203],[32.330259,41.5871184],[32.3303765,41.5872105],[32.3305039,41.5872967],[32.3306394,41.5873758],[32.3307823,41.5874473],[32.3309317,41.5875109],[32.3310694,41.5876263],[32.3312022,41.5877448],[32.33133,41.5878665],[32.331457,41.5879956],[32.3315932,41.5881192],[32.3317384,41.5882371],[32.3318186,41.588297],[32.3319011,41.588355],[32.3320699,41.588468],[32.3322447,41.5885759],[32.332425,41.5886784],[32.3326328,41.5887865],[32.3328468,41.5888876],[32.3333001,41.5892366],[32.333799,41.5895265],[32.3339008,41.5895645],[32.3339964,41.5896106],[32.3340848,41.5896642],[32.3341648,41.5897247],[32.3342355,41.5897913],[32.3342898,41.5898549],[32.3343531,41.5899135],[32.3344248,41.5899665],[32.334504,41.5900133],[32.3345896,41.5900531],[32.3346787,41.590085],[32.334772,41.5901094],[32.3348683,41.5901261],[32.3349664,41.5901349],[32.3350477,41.5902416],[32.335126,41.5903495],[32.3351644,41.5904043],[32.3351937,41.5904621],[32.3352137,41.5905222],[32.3352241,41.5905835],[32.3352246,41.5906454],[32.3352204,41.5906815],[32.3352128,41.5907173],[32.3351911,41.5907879],[32.3351598,41.5908564],[32.3351193,41.5909222],[32.3350662,41.5909888],[32.3350036,41.5910505],[32.3349322,41.5911068],[32.3347661,41.5912427],[32.3345909,41.5913721],[32.3344661,41.5914567],[32.3343375,41.5915381],[32.3343097,41.5915677],[32.3342885,41.5916003],[32.3342744,41.5916349],[32.3342681,41.591667],[32.3342679,41.5916995],[32.3342738,41.5917317],[32.3343192,41.5918387],[32.3343738,41.5919433],[32.3344374,41.5920451],[32.3344901,41.5921183],[32.3345504,41.5921882],[32.334618,41.5922542],[32.3346925,41.592316],[32.3347733,41.5923731],[32.3348594,41.5924248],[32.3349506,41.5924713],[32.3350466,41.5925123],[32.3351465,41.5925474],[32.3352499,41.5925764],[32.335356,41.5925993],[32.335399,41.5926272],[32.3354344,41.5926606],[32.3354608,41.5926984],[32.3354774,41.5927392],[32.335483,41.5927708],[32.3354827,41.5928027],[32.3354792,41.5928663],[32.3354669,41.5929292],[32.3354459,41.5929909],[32.3354164,41.5930506],[32.3354028,41.593073],[32.3353826,41.5930924],[32.3353569,41.5931078],[32.3353272,41.5931183],[32.335295,41.5931233],[32.3352623,41.5931226],[32.3352306,41.5931163],[32.3351617,41.593097],[32.3350906,41.5930827],[32.3350181,41.5930737],[32.3349231,41.5930697],[32.3348282,41.5930747],[32.3346388,41.5930851],[32.3344508,41.5931048],[32.3343088,41.593126],[32.3341693,41.5931551],[32.3340331,41.5931919],[32.3339009,41.5932361],[32.3337924,41.5932794],[32.3336878,41.5933278],[32.3335875,41.5933809],[32.3334919,41.5934387],[32.333434,41.5935226],[32.3333859,41.5936098],[32.3333479,41.5936997],[32.3333202,41.5937918],[32.3333041,41.5938783],[32.3332971,41.5939655],[32.3332994,41.5940529],[32.3333108,41.5941398],[32.3333099,41.5941699],[32.3333006,41.5941991],[32.3332832,41.5942262],[32.3332585,41.5942499],[32.3332277,41.5942692],[32.3331878,41.5942844],[32.3331443,41.5942922],[32.3330995,41.5942922],[32.333056,41.5942843],[32.3329804,41.5942655],[32.332902,41.5942549],[32.3328223,41.5942527],[32.3327431,41.5942588],[32.3326658,41.5942732],[32.3326115,41.5942888],[32.3325596,41.5943085],[32.3324574,41.5943498],[32.3323598,41.594397],[32.3322675,41.5944497],[32.3321686,41.5945168],[32.3320782,41.5945902],[32.3319969,41.5946693],[32.3319255,41.5947536],[32.3316898,41.5948576],[32.3314487,41.5949544],[32.3312026,41.5950438],[32.3309518,41.5951257],[32.3307808,41.5951765],[32.3306079,41.5952238],[32.3302598,41.5953133],[32.3299222,41.5953909],[32.3295812,41.5954597],[32.3294991,41.5954749],[32.3294199,41.5954968],[32.3293443,41.5955253],[32.3292736,41.5955598],[32.3292084,41.5956001],[32.3291454,41.5956494],[32.3290908,41.5957039],[32.3290454,41.595763],[32.3290099,41.5958258],[32.3290051,41.5959802],[32.3290132,41.5961345],[32.3290341,41.5962881],[32.3290559,41.5963935],[32.3290881,41.5964975],[32.3291304,41.5965993],[32.3291827,41.5966985],[32.3292446,41.5967946],[32.3293221,41.5968945],[32.3294101,41.5969894],[32.3295822,41.597181],[32.3297609,41.5973692],[32.329946,41.5975538],[32.3301252,41.5977236],[32.3303099,41.5978902],[32.3304999,41.5980533],[32.3305493,41.5980955],[32.3305894,41.598143],[32.3306192,41.5981945],[32.330638,41.5982488],[32.330645,41.5982959],[32.3306437,41.5983432],[32.3306342,41.5983899],[32.3306166,41.5984354],[32.3305666,41.5984863],[32.3305253,41.5985415],[32.3304936,41.5986],[32.3304717,41.598661],[32.3304638,41.5986969],[32.3304593,41.5987331],[32.3304563,41.5988057],[32.3304628,41.5988782],[32.3304787,41.5989499],[32.3305039,41.5990201],[32.3305427,41.5990959],[32.3305906,41.5991687],[32.3306473,41.5992379],[32.3307123,41.5993029],[32.3307849,41.5993632],[32.3308647,41.5994182],[32.3309528,41.5994686],[32.3310469,41.5995125],[32.3311461,41.5995497],[32.3312496,41.5995797],[32.3315983,41.5998725],[32.3316681,41.5999119],[32.3317437,41.5999448],[32.3318239,41.5999709],[32.3319077,41.5999896],[32.3319939,41.6000009],[32.3320798,41.6000045],[32.3321657,41.6000006],[32.3322504,41.5999892],[32.3323327,41.5999706],[32.3324117,41.599945],[32.3324861,41.5999126],[32.3325956,41.5999358],[32.3327019,41.5999661],[32.3328042,41.6000032],[32.3329018,41.600047],[32.3329938,41.6000971],[32.3330795,41.600153],[32.3331582,41.6002144],[32.3332294,41.6002807],[32.3332926,41.6003515],[32.3333471,41.6004261],[32.3336211,41.6007929],[32.3338915,41.6011612],[32.3341793,41.60156],[32.3344628,41.6019605],[32.3344996,41.60205],[32.334525,41.6021417],[32.3345388,41.6022347],[32.334541,41.6023283],[32.3345314,41.6024217],[32.3345102,41.6025139],[32.3344776,41.6026043],[32.3344385,41.6026838],[32.3343905,41.6027605],[32.3342952,41.602914],[32.3341919,41.6030646],[32.3340806,41.603212],[32.3339717,41.6033444],[32.3338564,41.6034737],[32.3337348,41.6035998],[32.3336072,41.6037225],[32.3335536,41.6037646],[32.3334921,41.6038002],[32.333424,41.6038284],[32.3333509,41.6038484],[32.3332746,41.6038598],[32.3332021,41.6038626],[32.3331298,41.6038575],[32.3330591,41.6038448],[32.3329917,41.6038247],[32.3328817,41.6037589],[32.3327666,41.6036979],[32.332647,41.6036422],[32.3325592,41.6036058],[32.3324693,41.6035722],[32.3322966,41.6034957],[32.332129,41.6034128],[32.3319672,41.6033239],[32.3318115,41.6032291],[32.3316804,41.6031414],[32.3315545,41.6030495],[32.3314341,41.6029537],[32.3313193,41.602854],[32.331224,41.6028107],[32.331124,41.6027739],[32.33102,41.6027438],[32.3309129,41.6027206],[32.330813,41.6027057],[32.3307117,41.6026969],[32.3306098,41.6026941],[32.3305079,41.6026976],[32.3298857,41.6029122],[32.3292419,41.6031258],[32.3291737,41.6031475],[32.3291103,41.6031762],[32.3290531,41.6032115],[32.3290032,41.6032525],[32.3289617,41.6032985],[32.3289295,41.6033484],[32.3289117,41.6033878],[32.3288997,41.6034285],[32.3288781,41.60351],[32.3288646,41.6035925],[32.3288594,41.6036755],[32.3288624,41.6037586],[32.3288732,41.6038384],[32.3288916,41.6039174],[32.3289175,41.6039952],[32.3289509,41.6040714],[32.3294002,41.6044565],[32.3300855,41.6050422],[32.3301524,41.6050946],[32.330225,41.6051426],[32.3303028,41.6051859],[32.3303853,41.605224],[32.3304717,41.6052568],[32.3305295,41.605275],[32.3305886,41.6052908],[32.3307085,41.6053183],[32.3308308,41.605339],[32.3309548,41.605353],[32.3310799,41.60536],[32.3312053,41.60536],[32.3313309,41.6053531],[32.3314555,41.6053392],[32.3315784,41.6053184],[32.3316988,41.6052908],[32.3324606,41.604978],[32.3330215,41.6048402],[32.3335858,41.6047102],[32.3340288,41.6046141],[32.3344736,41.6045227],[32.3345605,41.6045108],[32.3346487,41.6045073],[32.3347368,41.6045124],[32.3348233,41.604526],[32.3349068,41.6045478],[32.3349717,41.6045715],[32.3350329,41.6046001],[32.3350897,41.6046335],[32.3351414,41.6046711],[32.3351901,41.6049429],[32.3352286,41.6052156],[32.3352381,41.6052968],[32.3352364,41.6053783],[32.3352234,41.6054591],[32.3351992,41.6055386],[32.3351642,41.6056158],[32.3351235,41.6056829],[32.3350745,41.605747],[32.3350178,41.6058073],[32.3349537,41.6058634],[32.3349701,41.6060598],[32.3349765,41.6062565],[32.3349749,41.6063963],[32.3349633,41.6065358],[32.3349416,41.6066747],[32.3349326,41.606719],[32.3349162,41.6067621],[32.3348927,41.6068034],[32.3348625,41.6068421],[32.3348171,41.6068852],[32.3347635,41.6069226],[32.3347029,41.6069535],[32.3345589,41.6069781],[32.3344135,41.6069978],[32.334267,41.6070126],[32.3341432,41.6070212],[32.3340188,41.6070227],[32.3338946,41.607017],[32.3337714,41.6070041],[32.3336499,41.6069843],[32.3335308,41.6069575],[32.3333983,41.6069185],[32.3332709,41.606871],[32.3330164,41.606776],[32.3327677,41.6066727],[32.3326291,41.6066103],[32.3324845,41.6065561],[32.3323347,41.6065103],[32.3321807,41.6064732],[32.3320234,41.6064451],[32.3318623,41.6064259],[32.3316998,41.6064152],[32.3315368,41.606413],[32.3313739,41.6064192],[32.331212,41.606434],[32.3311145,41.6064471],[32.3310177,41.6064633],[32.3308259,41.6065003],[32.330637,41.6065451],[32.3304516,41.6065975],[32.3303761,41.6066213],[32.3302976,41.6066387],[32.3302169,41.6066495],[32.3301351,41.6066534],[32.3300533,41.6066506],[32.3299677,41.6066402],[32.3298843,41.6066224],[32.3298043,41.6065973],[32.3297288,41.6065654],[32.3291735,41.6063528],[32.32905,41.6063025],[32.3289219,41.6062591],[32.3287898,41.606223],[32.3286545,41.6061944],[32.328524,41.6061742],[32.3283918,41.6061609],[32.3282587,41.6061546],[32.3281254,41.6061554],[32.3279925,41.6061631],[32.3278606,41.6061778],[32.327754,41.6062017],[32.3276501,41.6062315],[32.3275496,41.606267],[32.3274529,41.6063082],[32.3274001,41.6063339],[32.3273525,41.6063648],[32.3273112,41.6064004],[32.327277,41.6064399],[32.3272504,41.6064827],[32.3272325,41.6065263],[32.3272226,41.6065714],[32.327221,41.606617],[32.3272276,41.6066625],[32.3272423,41.6067068],[32.3272851,41.6068038],[32.3273393,41.6068975],[32.3274045,41.6069873],[32.3274801,41.6070723],[32.3275655,41.607152],[32.3276518,41.6072196],[32.3277451,41.6072817],[32.3279192,41.6074155],[32.3280879,41.6075531],[32.3282509,41.6076945],[32.3284357,41.607866],[32.3286125,41.6080421],[32.3287812,41.6082227],[32.3289415,41.6084075],[32.3290087,41.6084892],[32.3290676,41.6085744],[32.3291181,41.6086626],[32.3291597,41.6087534],[32.3291923,41.6088462],[32.3292116,41.6089205],[32.32922,41.6089959],[32.3292176,41.6090716],[32.3292043,41.6091466],[32.3291802,41.6092202],[32.3291539,41.6092765],[32.3291212,41.609331],[32.3290823,41.6093831],[32.3290634,41.6094052],[32.3290384,41.6094238],[32.3290088,41.6094378],[32.3289757,41.6094468],[32.3289402,41.6094502],[32.3289045,41.6094477],[32.3288704,41.6094394],[32.3281422,41.6092889],[32.3276667,41.6092003],[32.32719,41.6091154],[32.3270388,41.6090878],[32.3268897,41.6090541],[32.3267433,41.6090145],[32.3266,41.608969],[32.3264423,41.6089107],[32.3262896,41.6088453],[32.3261426,41.6087731],[32.3260018,41.6086942],[32.3259492,41.6086835],[32.3258949,41.6086787],[32.3258404,41.6086799],[32.3257866,41.6086872],[32.3257349,41.6087003],[32.3256837,41.6087201],[32.3256373,41.6087457],[32.3255968,41.6087765],[32.3255028,41.6089987],[32.3254037,41.6092197],[32.3252907,41.609457],[32.3251718,41.6096926],[32.325047,41.6099266],[32.3249895,41.6100189],[32.3249225,41.6101076],[32.3248464,41.610192],[32.3247616,41.6102717],[32.3246687,41.6103462],[32.3245682,41.6104149],[32.3245035,41.6104538],[32.3244465,41.6104989],[32.3243981,41.6105494],[32.3243593,41.6106043],[32.3243308,41.6106626],[32.324307,41.6107714],[32.3242707,41.6108783],[32.3242222,41.6109824],[32.3241986,41.6110245],[32.3241861,41.611069],[32.324185,41.6111145],[32.3241953,41.6111594],[32.3242168,41.611202],[32.3242414,41.6112334],[32.324272,41.6112616],[32.3243357,41.6113162],[32.3244071,41.6113651],[32.3244854,41.6114078],[32.3245695,41.6114437],[32.324664,41.6114738],[32.3247626,41.6114954],[32.3248639,41.6115082],[32.3249665,41.6115119],[32.3263921,41.6112963],[32.3276259,41.6112231],[32.3277608,41.6112286],[32.3278945,41.6112434],[32.3280257,41.6112675],[32.3281534,41.6113006],[32.3282763,41.6113424],[32.3283522,41.6113737],[32.3284228,41.611411],[32.3284875,41.6114541],[32.3285453,41.6115023],[32.3285955,41.611555],[32.3286283,41.6115978],[32.3286527,41.6116435],[32.3286682,41.6116914],[32.3286746,41.6117405],[32.328671,41.6117945],[32.3286562,41.6118475],[32.3286485,41.6119553],[32.3286515,41.6120632],[32.3286653,41.6121706],[32.328684,41.6122559],[32.3287095,41.6123403],[32.3287417,41.6124233],[32.3288289,41.612674],[32.3289039,41.612867],[32.3289852,41.6130585],[32.329073,41.6132485],[32.329098,41.6133116],[32.3291129,41.6133764],[32.3291175,41.6134421],[32.3291118,41.6135077],[32.3290957,41.6135724],[32.3290777,41.6136185],[32.3290501,41.613662],[32.3290138,41.6137016],[32.3289697,41.6137366],[32.3289187,41.6137659],[32.3288563,41.6137909],[32.328789,41.6138074],[32.3287189,41.613815],[32.3284649,41.6138452],[32.3282095,41.6138683],[32.3279531,41.6138842],[32.3277861,41.6138907],[32.3276202,41.6139067],[32.3274565,41.6139321],[32.3272958,41.6139668],[32.3271391,41.6140105],[32.3270387,41.6140441],[32.3269408,41.6140814],[32.326738,41.6141447],[32.3265312,41.6142003],[32.326321,41.6142482],[32.3261421,41.6142823],[32.3259613,41.6143107],[32.3257792,41.6143334],[32.3257165,41.6143537],[32.3256588,41.6143811],[32.3256078,41.6144151],[32.3255646,41.6144547],[32.325535,41.6144921],[32.3255136,41.6145324],[32.3255009,41.6145748],[32.3254974,41.6146181],[32.325503,41.6146614],[32.3255177,41.6147034],[32.3255429,41.6147457],[32.3255772,41.6147842],[32.3256197,41.6148179],[32.3256692,41.6148458],[32.3266026,41.6151205],[32.3268306,41.6151938],[32.327055,41.6152732],[32.3272755,41.6153584],[32.3274918,41.6154493],[32.3276653,41.6155279],[32.3278437,41.6156002],[32.3280265,41.6156659],[32.3282133,41.6157251],[32.3283867,41.6157731],[32.3285627,41.6158154],[32.328741,41.6158519],[32.3288341,41.6158714],[32.3289235,41.615899],[32.3290077,41.6159345],[32.3290857,41.6159772],[32.3291405,41.6160145],[32.3291905,41.6160554],[32.3292352,41.6160995],[32.3292508,41.6161785],[32.3292551,41.6162582],[32.3292481,41.6163378],[32.3292299,41.6164164],[32.3291995,41.6164954],[32.3291579,41.6165716],[32.329075,41.6167237],[32.329017,41.6168181],[32.3289521,41.6169099],[32.3288804,41.6169988],[32.328802,41.6170846],[32.3287116,41.6171723],[32.3283985,41.6174896],[32.3283315,41.617562],[32.3282576,41.6176305],[32.328165,41.6177038],[32.3280791,41.6177814],[32.3280001,41.6178631],[32.3279283,41.6179484],[32.3278615,41.6180409],[32.3278033,41.6181366],[32.327754,41.6182351],[32.3276971,41.6182849],[32.3276317,41.6183286],[32.327559,41.6183651],[32.3274804,41.618394],[32.3274031,41.6184135],[32.3273232,41.6184255],[32.3272419,41.6184299],[32.3271605,41.6184266],[32.3269993,41.6183939],[32.3268404,41.6183551],[32.3266844,41.6183103],[32.3265054,41.6182501],[32.3263315,41.618182],[32.3261634,41.6181063],[32.3260847,41.6180805],[32.3260022,41.6180623],[32.3259174,41.6180519],[32.3258315,41.6180496],[32.3257507,41.6180548],[32.3256713,41.6180671],[32.3255944,41.6180864],[32.325521,41.6181123],[32.3253586,41.6182182],[32.3251925,41.6183208],[32.3251022,41.6183743],[32.3250192,41.6184341],[32.3249443,41.6184994],[32.324878,41.6185698],[32.324821,41.6186447],[32.3247783,41.6187147],[32.3247439,41.6187872],[32.3247178,41.6188616],[32.3247003,41.6189374],[32.3246853,41.6189709],[32.3246794,41.619006],[32.3246829,41.6190413],[32.3246956,41.6190753],[32.324717,41.6191069],[32.3247489,41.6191365],[32.3247884,41.6191604],[32.3248337,41.6191775],[32.3252032,41.6194232],[32.3252573,41.6194549],[32.3253175,41.61948],[32.3253821,41.6194978],[32.3254496,41.6195078],[32.3255184,41.6195099],[32.3255805,41.6195048],[32.325641,41.6194932],[32.3256987,41.6194753],[32.3264404,41.6191485],[32.3265457,41.61912],[32.3266541,41.6190986],[32.3267645,41.6190845],[32.3268762,41.6190778],[32.326956,41.6190775],[32.3270353,41.6190843],[32.3271129,41.6190981],[32.3271879,41.6191185],[32.3272591,41.6191455],[32.3273255,41.6191785],[32.3273883,41.6192187],[32.3274441,41.6192643],[32.3274921,41.6193147],[32.3275314,41.6193691],[32.3275615,41.6194267],[32.3276588,41.6197681],[32.3276842,41.6198608],[32.3276972,41.6199551],[32.3276976,41.6200498],[32.3276867,41.6201381],[32.3276648,41.6202253],[32.3276444,41.6204019],[32.3276366,41.6205791],[32.32764,41.6207317],[32.3276528,41.6208841],[32.3276749,41.6210358],[32.3276822,41.6210803],[32.3276981,41.6211236],[32.3277221,41.6211647],[32.3277536,41.6212029],[32.3277922,41.6212373],[32.3278214,41.6212578],[32.3278532,41.6212761],[32.3279206,41.6213085],[32.3279933,41.6213337],[32.3280699,41.6213513],[32.3281489,41.6213611],[32.3282311,41.6213627],[32.3283127,41.6213558],[32.3283923,41.6213406],[32.3287208,41.6212285],[32.3290475,41.6211135],[32.329379,41.6209932],[32.3297086,41.6208699],[32.3298573,41.6208189],[32.3300101,41.6207753],[32.3301664,41.6207393],[32.3303255,41.620711],[32.3304409,41.6206955],[32.3305571,41.6206841],[32.3307896,41.6206623],[32.3310229,41.6206458],[32.3313027,41.6206328],[32.3315828,41.6206272],[32.3316585,41.6206321],[32.3317328,41.6206442],[32.3318043,41.6206635],[32.3318718,41.6206896],[32.3319342,41.620722],[32.3319852,41.6207562],[32.3320304,41.6207946],[32.3321198,41.620872],[32.3322019,41.6209538],[32.3322762,41.6210396],[32.3323426,41.621129],[32.3323919,41.6212068],[32.3324352,41.6212865],[32.3324723,41.621368],[32.3326061,41.6216057],[32.3326596,41.6216985],[32.3327064,41.6217932],[32.3327462,41.6218897],[32.3327791,41.6219877],[32.3328048,41.6220865],[32.3328233,41.6221863],[32.3328347,41.6222866],[32.3328388,41.6223872],[32.3329172,41.6228714],[32.3331486,41.6233702],[32.333278,41.6238283],[32.3333098,41.623974],[32.3333353,41.6241205],[32.3333544,41.6242674],[32.333365,41.6243842],[32.3333716,41.6245011],[32.333392,41.6247346],[32.3334052,41.6248689],[32.3334292,41.6250024],[32.3334637,41.6251346],[32.3335,41.6252419],[32.3335433,41.6253478],[32.3336273,41.6255601],[32.333709,41.6257556],[32.3337943,41.6259501],[32.3337457,41.6261992],[32.333689,41.6264473],[32.3336552,41.6265803],[32.3336095,41.6267113],[32.3335522,41.6268398],[32.333511,41.6269178],[32.3334787,41.6269982],[32.3334555,41.6270803],[32.3334416,41.6271636],[32.3334372,41.6272538],[32.3334437,41.6273439],[32.333461,41.6274332],[32.3334649,41.6274772],[32.3334773,41.6275202],[32.3334982,41.6275614],[32.3335269,41.6275999],[32.333563,41.6276347],[32.3336051,41.627665],[32.3336527,41.6276902],[32.3337047,41.62771],[32.3337601,41.6277239],[32.3345856,41.6278623],[32.3347055,41.6278696],[32.3348259,41.6278697],[32.3349459,41.6278626],[32.3350648,41.6278482],[32.3351817,41.6278267],[32.335252,41.6278101],[32.3353211,41.6277909],[32.3354638,41.6277635],[32.3356091,41.6277448],[32.3357558,41.6277347],[32.3359032,41.6277335],[32.3359838,41.6277365],[32.3360637,41.6277456],[32.3361418,41.6277607],[32.3362176,41.6277816],[32.3362901,41.6278081],[32.336364,41.6278428],[32.3364306,41.627885],[32.3364885,41.6279338],[32.3365365,41.6279882],[32.3365737,41.6280472],[32.3365956,41.6280982],[32.3366094,41.6281507],[32.3366377,41.6282555],[32.3366585,41.6283613],[32.3366716,41.6284677],[32.3366773,41.6285814],[32.3366744,41.6286952],[32.3366628,41.6288086],[32.3366427,41.6289214],[32.336614,41.6290331],[32.3365987,41.6290974],[32.3365718,41.6291596],[32.3365337,41.6292184],[32.3364852,41.6292727],[32.3364439,41.6293088],[32.3363979,41.6293417],[32.3363041,41.6294058],[32.3362043,41.6294646],[32.336099,41.6295178],[32.3359867,41.6295659],[32.3358699,41.6296077],[32.3357494,41.629643],[32.3356257,41.6296715],[32.3354995,41.6296932],[32.3354093,41.6297043],[32.3353181,41.6297093],[32.3352267,41.629708],[32.3351359,41.6297007],[32.3350462,41.6296872],[32.3349638,41.6296691],[32.3348839,41.6296456],[32.334807,41.629617],[32.3347338,41.6295834],[32.3346466,41.6295339],[32.3345536,41.6294906],[32.3344557,41.629454],[32.3343536,41.6294244],[32.3342483,41.629402],[32.3341726,41.6293907],[32.3340957,41.629386],[32.3340187,41.6293879],[32.3339424,41.6293965],[32.3338679,41.6294116],[32.3337963,41.6294331],[32.333754,41.6294493],[32.3337134,41.6294678],[32.3336369,41.62951],[32.3335681,41.629559],[32.333508,41.629614],[32.3334609,41.6296697],[32.3334228,41.629729],[32.3333941,41.6297913],[32.3333752,41.6298556],[32.3332441,41.6301108],[32.3331211,41.6303683],[32.3329333,41.6308525],[32.332874,41.630991],[32.3328028,41.6311263],[32.3327201,41.631258],[32.3326484,41.6313569],[32.3325668,41.6314514],[32.3324756,41.6315409],[32.3323754,41.6316248],[32.3323053,41.6316766],[32.3322317,41.6317256],[32.3320837,41.6318229],[32.3319315,41.6319165],[32.3317846,41.6320013],[32.3316321,41.6320802],[32.3314742,41.6321531],[32.3313764,41.6321941],[32.3312852,41.6322427],[32.3312014,41.6322985],[32.3311262,41.6323606],[32.3310667,41.6324211],[32.3310154,41.6324856],[32.3309726,41.6325535],[32.330964,41.6327076],[32.3309612,41.6328618],[32.3309628,41.6329755],[32.3309716,41.633089],[32.3309874,41.6332021],[32.3310132,41.6333267],[32.3310449,41.6334505],[32.3310826,41.6335734],[32.3311165,41.6336697],[32.331142,41.6337674],[32.331159,41.6338661],[32.3311672,41.6339572],[32.3311681,41.6340486],[32.3311617,41.6341398],[32.3310015,41.6345141],[32.330921,41.6347038],[32.3308313,41.6348912],[32.3307326,41.6350759],[32.3306456,41.6352243],[32.3305528,41.6353707],[32.3304543,41.635515],[32.3301834,41.6359545],[32.3299903,41.6362732],[32.3299683,41.636339],[32.3299578,41.6364064],[32.3299588,41.6364742],[32.3299659,41.6365197],[32.3299783,41.6365646],[32.3300057,41.636654],[32.3300406,41.6367418],[32.330077,41.6368167],[32.3301224,41.6368889],[32.3301763,41.6369576],[32.3302384,41.6370224],[32.3302914,41.6370694],[32.3303488,41.6371135],[32.3304534,41.6372083],[32.3305519,41.6373066],[32.3306441,41.6374083],[32.3307393,41.6375256],[32.3308262,41.6376464],[32.3309045,41.6377705],[32.330974,41.6378974],[32.331018,41.6379893],[32.3310518,41.6380836],[32.3310752,41.6381796],[32.3310859,41.6382531],[32.3310904,41.638327],[32.3310962,41.6384748],[32.3310927,41.6386226],[32.331084,41.6387319],[32.3310702,41.6388409],[32.3310574,41.6390596],[32.3310544,41.6392786],[32.3310613,41.639498],[32.3310779,41.6397171],[32.3311065,41.6397635],[32.3311439,41.6398063],[32.3311892,41.6398445],[32.3312415,41.6398774],[32.3312758,41.6398943],[32.3313119,41.6399089],[32.3313873,41.6399333],[32.3314662,41.6399501],[32.3315456,41.639959],[32.3316259,41.6399603],[32.3317058,41.639954],[32.331784,41.6399401],[32.3320526,41.6398639],[32.3321927,41.6398666],[32.3323323,41.6398766],[32.3324706,41.6398936],[32.332607,41.6399178],[32.3327408,41.6399489],[32.3328715,41.6399868],[32.3329984,41.6400313],[32.3331347,41.6400885],[32.3332656,41.6401525],[32.3333905,41.640223],[32.3335087,41.6402995],[32.3336197,41.6403819],[32.3337231,41.6404696],[32.3338183,41.6405624],[32.333905,41.6406597],[32.3339551,41.6407234],[32.3340016,41.6407887],[32.334088,41.6409217],[32.3341637,41.6410582],[32.3342286,41.6411979],[32.3342823,41.6413401],[32.3343247,41.6414845],[32.3343433,41.6415654],[32.3343584,41.6416466],[32.3343819,41.6418097],[32.334395,41.6419734],[32.3343979,41.6421374],[32.3343904,41.6423013],[32.3343817,41.6423931],[32.3343698,41.6424846],[32.3343367,41.6426668],[32.3342912,41.6428475],[32.3342457,41.6429914],[32.3341907,41.6431335],[32.3341264,41.6432733],[32.334053,41.6434106],[32.3339707,41.6435451],[32.3338891,41.6436632],[32.3338003,41.6437783],[32.3337043,41.6438902],[32.3336015,41.6439986],[32.3334919,41.6441033],[32.3333622,41.6442153],[32.3332241,41.6443215],[32.3330781,41.6444216],[32.3329246,41.6445152],[32.3327583,41.6446051],[32.3325865,41.6446889],[32.3324096,41.6447667],[32.3322281,41.6448381],[32.3320422,41.644903],[32.3318553,41.6449605],[32.3316654,41.6450122],[32.3314727,41.6450578],[32.3312777,41.6450975],[32.3311515,41.6451197],[32.3310236,41.6451357],[32.3308946,41.6451453],[32.330765,41.6451486],[32.3306353,41.6451456],[32.3305462,41.6451397],[32.3304575,41.6451309],[32.330281,41.6451086],[32.3301067,41.6450786],[32.3299349,41.6450411],[32.3297663,41.6449963],[32.3296178,41.6449497],[32.3294727,41.6448974],[32.3293315,41.6448395],[32.3291946,41.6447762],[32.3290622,41.6447076],[32.3287411,41.6445541],[32.3284247,41.6443951],[32.3281133,41.6442308],[32.3278069,41.6440612],[32.3275114,41.6438897],[32.327221,41.6437132],[32.326936,41.6435319],[32.3266565,41.6433459],[32.3263827,41.6431552],[32.3260691,41.6429263],[32.3257495,41.6427021],[32.3254239,41.6424827],[32.3250926,41.6422683],[32.3248103,41.6420923],[32.3245242,41.6419199],[32.3242342,41.6417511],[32.324129,41.6416935],[32.3240179,41.6416424],[32.3239018,41.6415981],[32.3237812,41.6415609],[32.3236571,41.641531],[32.3235302,41.6415086],[32.3234575,41.6414993],[32.3233844,41.6414925],[32.3232374,41.6414849],[32.3230901,41.6414859],[32.3229433,41.6414955],[32.3227979,41.6415136],[32.3226635,41.6415382],[32.322532,41.6415704],[32.3224042,41.6416099],[32.3222807,41.6416565],[32.3221622,41.64171],[32.3220782,41.6417539],[32.3219975,41.6418012],[32.3218389,41.6418983],[32.3216867,41.6420009],[32.3215414,41.642109],[32.3214032,41.6422222],[32.3212812,41.6423319],[32.3211661,41.6424456],[32.3210578,41.6425631],[32.3207225,41.6429096],[32.3203973,41.6432615],[32.3200934,41.6436059],[32.3197992,41.643955],[32.3196953,41.6440599],[32.319583,41.6441599],[32.3194625,41.6442544],[32.3193345,41.6443432],[32.3191993,41.6444259],[32.3190576,41.6445022],[32.3189273,41.644564],[32.3187927,41.6446205],[32.3186541,41.6446713],[32.3185121,41.6447165],[32.3183669,41.6447557],[32.3181927,41.6447943],[32.3180161,41.6448263],[32.3178375,41.6448515],[32.3176575,41.64487],[32.3175536,41.6448775],[32.3174492,41.6448785],[32.3173451,41.6448728],[32.3172421,41.6448606],[32.3171407,41.6448419],[32.3170419,41.6448169],[32.3169367,41.6447822],[32.3168363,41.6447403],[32.3167415,41.6446916],[32.3166036,41.6445869],[32.3164732,41.6444771],[32.3163506,41.6443623],[32.316236,41.644243],[32.31613,41.6441193],[32.3160415,41.6440041],[32.3159603,41.6438859],[32.3158867,41.6437649],[32.3158207,41.6436416],[32.3157625,41.643516],[32.3154104,41.6429243],[32.3150651,41.6423304],[32.3146534,41.6415016],[32.3145114,41.6412018],[32.3143585,41.6409051],[32.3141947,41.6406116],[32.314042,41.6403565],[32.313881,41.6401042],[32.3137119,41.6398549],[32.3136307,41.6397441],[32.3135386,41.6396382],[32.3134363,41.6395376],[32.3133244,41.639443],[32.3132094,41.6393589],[32.3130888,41.6392793],[32.3129629,41.6392043],[32.3128322,41.6391343],[32.3127441,41.6390911],[32.3126541,41.6390502],[32.3124711,41.6389723],[32.3122836,41.6389007],[32.3120919,41.6388356],[32.3119523,41.638793],[32.311809,41.6387579],[32.3116627,41.6387306],[32.3115142,41.6387112],[32.3113642,41.6386997],[32.3112135,41.6386963],[32.3111093,41.6386986],[32.3110058,41.638708],[32.3109039,41.6387243],[32.3108044,41.6387474],[32.310708,41.6387772],[32.3106157,41.6388134],[32.3105282,41.6388556],[32.3104468,41.6389031],[32.3103716,41.6389559],[32.3103029,41.6390135],[32.3102414,41.6390754],[32.3101876,41.6391413],[32.3101419,41.6392104],[32.3098331,41.6396029],[32.3095331,41.6399992],[32.309289,41.6403332],[32.3090512,41.6406696],[32.3088196,41.6410085],[32.3084655,41.6417561],[32.3083129,41.6419694],[32.3081519,41.6421793],[32.3079827,41.6423855],[32.3079112,41.6424689],[32.3078305,41.6425474],[32.3077414,41.6426207],[32.3076444,41.6426882],[32.3075402,41.6427493],[32.3074687,41.6427856],[32.3073946,41.642819],[32.3072441,41.6428824],[32.3070891,41.6429394],[32.30693,41.6429899],[32.306802,41.6430249],[32.3066708,41.6430524],[32.3065371,41.6430721],[32.3064017,41.643084],[32.3062655,41.643088],[32.3061293,41.6430841],[32.3060109,41.6430741],[32.3058936,41.6430581],[32.305778,41.6430362],[32.3056647,41.6430085],[32.3052013,41.6429287],[32.3046742,41.6428326],[32.3041489,41.642731],[32.3036255,41.6426241],[32.3032089,41.6425441],[32.3027896,41.6424728],[32.3023677,41.6424103],[32.3019437,41.6423565],[32.3016366,41.6423231],[32.3013287,41.6422943],[32.3010201,41.6422702],[32.300097,41.6421801],[32.2995944,41.6421294],[32.2990936,41.6420692],[32.298595,41.6419997],[32.2983693,41.641965],[32.2981461,41.6419219],[32.2979261,41.6418704],[32.2977099,41.6418108],[32.297498,41.6417431],[32.2973443,41.641688],[32.2971935,41.6416286],[32.2968925,41.6415091],[32.2965952,41.6413845],[32.2963017,41.641255],[32.2959773,41.641104],[32.295658,41.640947],[32.2953442,41.640784],[32.2951536,41.6407045],[32.2949581,41.640632],[32.2947582,41.6405665],[32.2945543,41.6405084],[32.294374,41.6404638],[32.2941903,41.6404278],[32.294004,41.6404006],[32.2938157,41.6403824],[32.2936262,41.640373],[32.2934709,41.6403721],[32.2933156,41.6403773],[32.2930054,41.6403887],[32.2926957,41.6404073],[32.292387,41.6404332],[32.2920499,41.6404698],[32.2917143,41.6405134],[32.2913804,41.640564],[32.2910486,41.6406216],[32.2907272,41.6406844],[32.2904033,41.6407395],[32.2900771,41.6407867],[32.2897491,41.6408261],[32.289554,41.6408456],[32.2893585,41.6408624],[32.2889694,41.6409073],[32.2885823,41.6409607],[32.2881974,41.6410225],[32.2878245,41.6410909],[32.2874543,41.6411671],[32.2867142,41.6413202],[32.286319,41.6414056],[32.2859275,41.6415001],[32.2855401,41.6416036],[32.2851571,41.641716],[32.2848357,41.6418184],[32.2845172,41.6419259],[32.2842018,41.6420385],[32.2838898,41.642156],[32.2835799,41.6422791],[32.2832737,41.642407],[32.2829711,41.6425399],[32.2827406,41.642634],[32.2825158,41.6427356],[32.2822972,41.6428445],[32.2820851,41.6429604],[32.2818801,41.6430831],[32.2816824,41.6432125],[32.2814926,41.6433482],[32.2813109,41.64349],[32.2811935,41.6435885],[32.2810801,41.6436896],[32.280859,41.6438953],[32.280648,41.6441068],[32.2804472,41.6443238],[32.2802674,41.6445334],[32.2800974,41.6447475],[32.2799373,41.6449658],[32.2797874,41.6451881],[32.2796479,41.6454142],[32.2795703,41.6455495],[32.2794964,41.6456861],[32.2793559,41.6459613],[32.2792267,41.6462395],[32.2791088,41.6465205],[32.2790241,41.6467433],[32.278949,41.646968],[32.2788836,41.6471944],[32.2788279,41.6474222],[32.278782,41.6476512],[32.278746,41.6478812],[32.2787198,41.6481119],[32.2787034,41.6483469],[32.2786972,41.6485821],[32.2786642,41.6490519],[32.2786208,41.6495212],[32.278567,41.6499899],[32.2785365,41.6502214],[32.2784944,41.6504518],[32.2784406,41.6506809],[32.2783752,41.6509083],[32.2782984,41.6511337],[32.2782102,41.6513567],[32.2781609,41.6514695],[32.278101,41.6515793],[32.2780308,41.6516857],[32.2779507,41.6517881],[32.277861,41.651886],[32.2777623,41.6519788],[32.277655,41.6520662],[32.2775882,41.6521148],[32.2775187,41.6521613],[32.2773757,41.6522507],[32.2772265,41.6523343],[32.2770715,41.6524117],[32.276911,41.6524827],[32.2767457,41.6525472],[32.2765613,41.6526095],[32.2763723,41.6526637],[32.2760037,41.6527883],[32.2756402,41.6529211],[32.2752822,41.6530619],[32.2749299,41.6532106],[32.2745748,41.6533711],[32.2742265,41.6535396],[32.2738852,41.6537159],[32.2735512,41.6539],[32.2734032,41.6540107],[32.2732618,41.6541262],[32.2731274,41.6542463],[32.2730003,41.6543707],[32.2728807,41.6544992],[32.2727683,41.6546321],[32.272664,41.6547685],[32.2725679,41.6549083],[32.2724803,41.6550512],[32.2724012,41.6551968],[32.2723308,41.6553449],[32.2720472,41.6558858],[32.2717575,41.6564249],[32.2714618,41.6569621],[32.2712492,41.6573405],[32.2710465,41.657722],[32.2708535,41.6581062],[32.2706705,41.6584931],[32.2704967,41.6588845],[32.270333,41.6592784],[32.2701795,41.6596745],[32.2700363,41.6600728],[32.2699034,41.660473],[32.2698389,41.6607003],[32.2697627,41.6609256],[32.2696748,41.6611485],[32.2695755,41.6613686],[32.2694647,41.6615858],[32.2693428,41.6617995],[32.2692531,41.6619436],[32.2691536,41.6620841],[32.2690446,41.6622205],[32.2689263,41.6623526],[32.2687992,41.66248],[32.2686634,41.6626023],[32.2685194,41.6627193],[32.268366,41.6628317],[32.2682049,41.662938],[32.2680368,41.6630379],[32.2678618,41.6631311],[32.2676807,41.6632175],[32.2674938,41.6632967],[32.2673017,41.6633685],[32.2669949,41.6635128],[32.2666951,41.6636649],[32.2664024,41.6638247],[32.2661174,41.663992],[32.2658404,41.6641667],[32.2655717,41.6643484],[32.2653145,41.6645347],[32.2650661,41.6647275],[32.2645693,41.6651131],[32.2640815,41.6655051],[32.2636029,41.6659033],[32.2631902,41.666258],[32.2627847,41.6666174],[32.2623866,41.6669814],[32.2619959,41.6673498],[32.2616127,41.6677226],[32.2597218,41.6693956],[32.2590267,41.6699302],[32.2583248,41.6704599],[32.2576162,41.6709844],[32.2570955,41.671365],[32.256366,41.6718859],[32.2557333,41.6723308],[32.2555641,41.6724844],[32.2554034,41.6726429],[32.2552514,41.6728062],[32.2551084,41.6729739],[32.2549895,41.6731258],[32.2548617,41.6732735],[32.2547251,41.6734168],[32.2545802,41.6735554],[32.2544271,41.673689],[32.2542661,41.6738174],[32.2541158,41.6739276],[32.2539571,41.674031],[32.2537905,41.6741273],[32.2536167,41.6742162],[32.2534361,41.6742973],[32.2532496,41.6743703],[32.2530866,41.6744259],[32.2529191,41.6744734],[32.2527478,41.6745124],[32.2525733,41.6745428],[32.2523966,41.6745645],[32.2522183,41.6745775],[32.2520392,41.6745815],[32.2518602,41.6745767],[32.2516988,41.6745647],[32.2515386,41.6745455],[32.2513803,41.6745191],[32.2512243,41.6744856],[32.2510714,41.6744453],[32.250922,41.6743981],[32.2507766,41.6743443],[32.2503661,41.6740993],[32.2499593,41.6738508],[32.2495562,41.673599],[32.2493839,41.6734896],[32.2492045,41.6733869],[32.2490183,41.6732909],[32.248826,41.6732021],[32.2486279,41.6731206],[32.2484247,41.6730467],[32.2482167,41.6729804],[32.2480045,41.6729221],[32.2477886,41.6728718],[32.247565,41.6728288],[32.247339,41.6727935],[32.2471111,41.6727658],[32.2468818,41.6727459],[32.2466515,41.6727338],[32.2464207,41.6727295],[32.2462785,41.6727308],[32.2461369,41.6727409],[32.245997,41.6727599],[32.2458598,41.6727877],[32.2457261,41.6728239],[32.245597,41.6728684],[32.2454733,41.6729209],[32.245356,41.6729809],[32.2452459,41.6730481],[32.245144,41.6731217],[32.2450507,41.6732014],[32.2448651,41.6733613],[32.2446895,41.6735273],[32.2445244,41.6736992],[32.244395,41.6738465],[32.2442739,41.6739978],[32.2441615,41.6741528],[32.244058,41.6743111],[32.2439634,41.6744725],[32.2438779,41.6746368],[32.2438022,41.6748028],[32.2437164,41.6749662],[32.243621,41.6751264],[32.2435159,41.6752833],[32.2434015,41.6754365],[32.2432781,41.6755858],[32.2431457,41.6757307],[32.243043,41.6758342],[32.2429358,41.6759351],[32.2427162,41.6761336],[32.242487,41.6763261],[32.2422486,41.6765123],[32.2420014,41.6766918],[32.2417456,41.6768646],[32.241484,41.6770288],[32.2412148,41.6771858],[32.2406908,41.6775133],[32.2401739,41.677847],[32.2396642,41.6781868],[32.2391762,41.6785225],[32.2386951,41.6788637],[32.2382212,41.6792105],[32.238009,41.6794022],[32.2378051,41.6795988],[32.2376097,41.6798001],[32.2374228,41.680006],[32.2372448,41.6802162],[32.2370759,41.6804305],[32.2369198,41.6806434],[32.2367726,41.6808598],[32.2366344,41.6810795],[32.2365054,41.6813022],[32.2363857,41.6815279],[32.2362754,41.6817562],[32.2361746,41.681987],[32.2360189,41.6821836],[32.2358525,41.6823754],[32.2356757,41.6825619],[32.2355579,41.6826778],[32.2354324,41.6827891],[32.2352996,41.6828955],[32.2351598,41.6829968],[32.2350132,41.6830927],[32.2349174,41.6831504],[32.2348192,41.6832058],[32.2346183,41.683312],[32.234411,41.6834111],[32.2341978,41.6835028],[32.2339791,41.6835871],[32.2337553,41.6836636],[32.233532,41.6837309],[32.2333047,41.6837905],[32.2330741,41.6838423],[32.2328406,41.6838861],[32.2326046,41.683922],[32.2315987,41.6841258],[32.2305911,41.6843247],[32.2295818,41.684519],[32.2285861,41.6847056],[32.2275889,41.6848875],[32.2274435,41.6849208],[32.2272955,41.684947],[32.2271456,41.6849661],[32.2269943,41.6849779],[32.2268424,41.6849824],[32.2266903,41.6849797],[32.2265345,41.6849692],[32.22638,41.6849511],[32.2262274,41.6849254],[32.2260774,41.6848923],[32.2259307,41.6848518],[32.2240025,41.6842451]]]}},{"type":"Feature","properties":{"id":"esen","name":"Eşen Çayı","source":"OpenStreetMap","source_url":"https://www.openstreetmap.org/relation/1232828","classification_source":"https://orgm.meb.gov.tr/ekpssmebozel/content/magazines/pdf/cografya2.pdf","classification_note":"MEB · Akdeniz Havzası"},"geometry":{"type":"MultiLineString","coordinates":[[[29.3705736,36.6754871],[29.3706349,36.6754694],[29.3706926,36.6754452],[29.3707457,36.6754149],[29.3707931,36.675379],[29.3708338,36.6753383],[29.3708673,36.6752935],[29.3708933,36.6752442],[29.3709104,36.6751925],[29.3709184,36.6751394],[29.370917,36.6750859],[29.3709062,36.6750332],[29.3705669,36.6743136],[29.3702638,36.6736531],[29.3699862,36.6733261],[29.3699932,36.6732847],[29.3699936,36.6732429],[29.3699875,36.6732014],[29.3699749,36.6731604],[29.369956,36.6731211],[29.369931,36.673084],[29.3699004,36.6730497],[29.3698465,36.6729913],[29.3698016,36.6729283],[29.3697663,36.6728615],[29.3697423,36.6727964],[29.3697273,36.6727296],[29.3697216,36.6726618],[29.3697252,36.672594],[29.3697381,36.6725269],[29.3697952,36.6722689],[29.3698642,36.6720128],[29.3699319,36.6719674],[29.3699912,36.6719151],[29.3700412,36.6718568],[29.3700787,36.6717976],[29.3701064,36.6717351],[29.370124,36.6716702],[29.370131,36.671604],[29.3701372,36.6714816],[29.3701343,36.671359],[29.3701225,36.6712368],[29.3701017,36.6711154],[29.370072,36.6709952],[29.3700095,36.6707241],[29.3699529,36.6704523],[29.3699023,36.6701796]],[[29.3490608,36.5525235],[29.3490245,36.5524508],[29.348999,36.5523752],[29.3489845,36.5522977],[29.348981,36.5522359],[29.3489846,36.5521741],[29.3489952,36.5521128],[29.3490127,36.5520526],[29.3490611,36.5518739],[29.3491045,36.5516944],[29.349181,36.5513992],[29.3493949,36.5509171]],[[29.3515077,36.5134769],[29.3514879,36.5133969],[29.3514581,36.513319],[29.3514186,36.5132439],[29.3513787,36.5131841],[29.3513326,36.5131273],[29.3512808,36.5130738],[29.3512235,36.513024],[29.3510657,36.5129582],[29.3509056,36.5128963],[29.3507397,36.5128369],[29.3505715,36.5127815],[29.3504014,36.5127303],[29.3502082,36.512665],[29.3500185,36.5125934],[29.3498064,36.5125165],[29.3495927,36.5124425]],[[29.3287985,36.4587274],[29.3291496,36.4584873],[29.3291996,36.4584314],[29.3292413,36.4583714],[29.3292743,36.4583079],[29.3292954,36.4582511],[29.3293096,36.4581928],[29.329315,36.4581634],[29.3293165,36.4581337],[29.3293121,36.4580909],[29.3292997,36.458049],[29.3292797,36.4580091],[29.3292543,36.457975],[29.329223,36.4579442],[29.3291865,36.4579174],[29.32877,36.4575885],[29.3287406,36.4575597],[29.3287046,36.4575364],[29.3286634,36.4575194],[29.3286215,36.4575099],[29.328578,36.457507],[29.3285347,36.4575108],[29.3284705,36.4575111],[29.3284067,36.4575052],[29.3283442,36.457493],[29.3282999,36.4574677],[29.328252,36.457447],[29.3282014,36.457431],[29.3281386,36.4574185],[29.3280742,36.4574134],[29.3280095,36.4574158],[29.3279459,36.4574256],[29.327822,36.4574763],[29.3277005,36.4575308],[29.3275192,36.4576027]],[[29.3296981,36.4610088],[29.3296047,36.461026],[29.3295097,36.4610352],[29.3294313,36.4610368],[29.329353,36.461033],[29.3292755,36.4610238],[29.3291992,36.4610093],[29.3291237,36.4609894],[29.3290505,36.4609644],[29.3289803,36.4609345],[29.3289135,36.4608998],[29.328652,36.4607645],[29.3283797,36.4606257]],[[29.3179341,36.428825],[29.3180106,36.4286858],[29.3180947,36.4285495],[29.3181863,36.4284164],[29.3182852,36.4282867],[29.3183912,36.4281606],[29.3184854,36.4280581],[29.3185842,36.4279584],[29.3186876,36.4278617],[29.3187497,36.4278325],[29.3188081,36.4277986],[29.3188622,36.4277604],[29.3189116,36.4277182],[29.3189623,36.4276649],[29.3190054,36.4276074],[29.3190405,36.4275465],[29.319067,36.4274828],[29.3190846,36.4274172],[29.3191033,36.4273201],[29.3191135,36.4272222],[29.3191151,36.4271239],[29.3191081,36.4270258],[29.3190926,36.4269284],[29.3193729,36.4266295],[29.319456,36.4265668],[29.3195314,36.4264981],[29.3195985,36.4264241],[29.3196567,36.4263454],[29.3197055,36.4262626],[29.3197432,36.4261798],[29.3197714,36.4260947],[29.31979,36.4260079],[29.3198159,36.425913],[29.3198474,36.4258192],[29.3198844,36.4257267]],[[29.3252643,36.4118357],[29.3252921,36.4117601],[29.3253143,36.4116833],[29.3253308,36.4116056],[29.3253435,36.4115039],[29.3253464,36.4114017],[29.3253395,36.4112997],[29.3253254,36.411187],[29.3253046,36.411075],[29.3252771,36.410964],[29.3252488,36.4108756],[29.325215,36.4107885],[29.3251975,36.410745],[29.3251759,36.4107028],[29.3251385,36.4106457],[29.3250936,36.4105923],[29.3250418,36.4105431],[29.324983,36.4105005],[29.3249177,36.4104645],[29.3248471,36.4104359],[29.3247724,36.410415]],[[29.3246703,36.4096861],[29.3245694,36.4096256],[29.3244745,36.4095591],[29.3243864,36.4094868],[29.3243055,36.4094093],[29.3242508,36.409349],[29.3242004,36.4092863],[29.3241761,36.4092545],[29.3241546,36.4092215],[29.3241236,36.4091595],[29.3241025,36.409095],[29.3240916,36.4090288],[29.3240634,36.4088545],[29.3240261,36.408759],[29.3239937,36.4086624],[29.3239598,36.4085383],[29.3239341,36.408413],[29.3239166,36.4082868],[29.3238988,36.4080903],[29.3238972,36.4079918],[29.3238924,36.4078933],[29.3238756,36.4077125],[29.3238483,36.4075325]],[[29.3237713,36.4054872],[29.3237704,36.4054003],[29.3237766,36.4053136],[29.3237901,36.4052274],[29.3238106,36.4051421],[29.3238413,36.40505],[29.3238803,36.40496],[29.3239274,36.4048725],[29.3239823,36.404788],[29.3240677,36.4046673],[29.3241593,36.4045495],[29.3241831,36.4045277],[29.3242106,36.4045088],[29.3242411,36.4044934],[29.3242828,36.4044792],[29.3243269,36.4044713],[29.3243721,36.4044699],[29.3244168,36.404475],[29.3244777,36.4044763],[29.3245383,36.4044713],[29.3245975,36.4044598],[29.3246543,36.4044423],[29.3247078,36.4044189],[29.3249997,36.4042699],[29.3252899,36.4041188],[29.3258102,36.4038403],[29.3261709,36.4037721]],[[29.3300132,36.4040288],[29.3300996,36.4040595],[29.3301892,36.4040834],[29.3302812,36.4041003],[29.3303749,36.4041099],[29.3304692,36.4041123],[29.3305617,36.4041076],[29.3306531,36.4040959],[29.3306988,36.4040891],[29.3307428,36.4040773],[29.3307842,36.4040605],[29.3308222,36.4040391],[29.330856,36.4040136],[29.330885,36.4039844],[29.3309716,36.4038874],[29.3310139,36.4038382],[29.3310486,36.4037853],[29.3310752,36.4037289],[29.3310932,36.4036703],[29.3310993,36.4036405],[29.3311022,36.4036104],[29.3310997,36.4035586],[29.3310878,36.4035077],[29.3310667,36.4034588],[29.3310188,36.4033591],[29.330965,36.4032614],[29.3309055,36.4031659]],[[29.6884784,36.9132234],[29.6884507,36.9131768],[29.6884319,36.9131274],[29.6884224,36.9130763],[29.6884219,36.9130327],[29.6884283,36.9129893],[29.6884414,36.912947],[29.688461,36.9129063],[29.6885911,36.9126862],[29.6886898,36.9124496],[29.6887827,36.9122116],[29.68887,36.9119721],[29.6889449,36.9117517],[29.6890149,36.9115303],[29.6892348,36.9112295],[29.6892503,36.9111717],[29.6892589,36.9111128],[29.6892603,36.9110537],[29.689253,36.910985],[29.6892361,36.9109173],[29.6892099,36.9108516],[29.6891747,36.9107887],[29.689154,36.9107584],[29.6891309,36.9107293],[29.6890784,36.9106763],[29.6890174,36.9106295],[29.6889491,36.9105897],[29.6888747,36.9105577],[29.6888161,36.9105607],[29.6887576,36.9105558],[29.688701,36.9105432],[29.6886526,36.9105254],[29.688608,36.910502],[29.6885684,36.9104734],[29.6885347,36.9104403],[29.6885422,36.9103706],[29.6885416,36.9103006],[29.6885329,36.9102309],[29.6885163,36.9101622],[29.6884918,36.910095],[29.68846,36.9100304],[29.6884209,36.9099683],[29.688375,36.9099094],[29.6883224,36.9098541],[29.6882911,36.90983],[29.6882638,36.9098028],[29.6882366,36.9097658],[29.6882171,36.9097257],[29.6882059,36.9096837],[29.6882032,36.9096408],[29.688209,36.9095981],[29.6882233,36.9095566],[29.6882457,36.9095176],[29.6882637,36.9094686],[29.688272,36.909418],[29.6882704,36.909367],[29.688259,36.9093168],[29.6882379,36.9092687],[29.6882078,36.9092237],[29.6881693,36.909183],[29.6881109,36.9091322],[29.6880458,36.9090869],[29.6879749,36.9090475],[29.6879378,36.9090299],[29.6878991,36.9090147],[29.6878324,36.9089951],[29.6877632,36.9089828],[29.6876925,36.9089778],[29.6876216,36.9089802],[29.6875517,36.90899],[29.687432,36.9089992],[29.687392,36.9090039],[29.6873516,36.9090038],[29.6873116,36.9089991],[29.6872638,36.9089868],[29.6872195,36.9089679],[29.6871802,36.9089428],[29.687136,36.9089218],[29.6870885,36.908906],[29.6870387,36.9088956],[29.6869967,36.9088978],[29.6869547,36.9088945],[29.6869141,36.9088856],[29.6868758,36.9088715],[29.6868375,36.9088503],[29.6868047,36.9088238],[29.6867785,36.908793],[29.6867598,36.9087589],[29.6867439,36.9087118],[29.6867384,36.9086633],[29.6867433,36.9086147],[29.6867584,36.9085675],[29.6868136,36.9084288],[29.686863,36.9082887],[29.6869198,36.9081012],[29.6869663,36.9079119],[29.6870027,36.9077212],[29.6870287,36.9075295],[29.6872379,36.9065718],[29.6871652,36.9064446],[29.6871011,36.9063145],[29.6870534,36.9062013],[29.6870122,36.9060865],[29.686992,36.9060289],[29.6869777,36.9059702],[29.6869687,36.9059],[29.6869682,36.9058293],[29.6869764,36.905759],[29.686996,36.905657],[29.6870246,36.9055564],[29.6870622,36.9054576],[29.6870661,36.9054065],[29.6870612,36.9053554],[29.6870475,36.9053054],[29.6870276,36.9052617],[29.6870011,36.9052204],[29.6869683,36.905182],[29.6868616,36.9051247],[29.6867604,36.9050613],[29.6866652,36.9049922],[29.6865843,36.9049247],[29.6865091,36.9048531],[29.6864399,36.9047777],[29.6863672,36.9047466],[29.6862981,36.9047104],[29.6862334,36.9046694],[29.6861638,36.9046159],[29.6861014,36.9045569],[29.6860471,36.904493],[29.6860014,36.9044249],[29.6859308,36.9043521],[29.6858666,36.9042756],[29.6858091,36.9041957],[29.6857586,36.9041129],[29.6857149,36.9040265],[29.6856788,36.9039379],[29.6856504,36.9038475],[29.685638,36.9038019],[29.6856299,36.9037557],[29.6856259,36.9036952],[29.6856293,36.9036345],[29.68564,36.9035745],[29.6856581,36.9035155],[29.6856717,36.9034373],[29.6856739,36.9033583],[29.6856721,36.9033187],[29.6856648,36.9032796],[29.6856482,36.9032321],[29.6856235,36.903187],[29.6855913,36.903145],[29.6855521,36.9031069],[29.6854995,36.9030442],[29.6854566,36.9029768],[29.6854239,36.9029059],[29.685402,36.9028324],[29.6853912,36.9027573],[29.6852289,36.9020806],[29.6851615,36.9020045],[29.6851019,36.9019242],[29.6850505,36.9018404],[29.6850084,36.9017551],[29.6849748,36.9016673],[29.68495,36.9015778],[29.6849341,36.9014869],[29.6849272,36.9013953],[29.6849376,36.9013003],[29.6849386,36.9012048],[29.6849299,36.9011096],[29.6849118,36.9010153],[29.6848842,36.9009224],[29.6848566,36.9008518],[29.6848234,36.9007827],[29.684785,36.9007154],[29.6846879,36.9006819],[29.6845943,36.9006425],[29.6845047,36.9005974],[29.6844202,36.9005473],[29.6843408,36.9004921],[29.6842669,36.9004322],[29.6841989,36.9003679],[29.6837939,36.8999786],[29.6836247,36.8999071],[29.6834613,36.8998272],[29.6833044,36.8997395],[29.6831686,36.8996535],[29.683039,36.8995615],[29.6829161,36.8994639],[29.6828002,36.8993609],[29.6826834,36.8992699],[29.6825597,36.899185],[29.6824294,36.8991065],[29.6822932,36.8990349],[29.6821524,36.8989504],[29.6820186,36.8988589],[29.6818924,36.8987607],[29.6817742,36.8986563],[29.6808958,36.8979634],[29.6807782,36.897917],[29.6806662,36.8978626],[29.6805605,36.8978004],[29.6804685,36.897736],[29.6803833,36.8976658],[29.6803057,36.8975902],[29.680236,36.8975098],[29.6800549,36.8970604],[29.6799739,36.8969947],[29.6798978,36.8969252],[29.6798269,36.8968523],[29.6797428,36.8967526],[29.6796685,36.896648],[29.6796043,36.8965392],[29.6795169,36.8963748],[29.6794391,36.8962074],[29.679371,36.8960372],[29.679236,36.8959097],[29.6790951,36.8957863],[29.6789485,36.8956672],[29.6787944,36.8955511],[29.678635,36.8954397],[29.6784703,36.8953332],[29.6783008,36.8952318],[29.6781937,36.8951465],[29.6780796,36.8950671],[29.6779592,36.8949941],[29.6778329,36.8949277],[29.6777013,36.8948682],[29.6775781,36.8948206],[29.6774516,36.894779],[29.6773221,36.8947437],[29.6771901,36.8947148],[29.6770562,36.8946923],[29.6768776,36.894668],[29.6766978,36.8946501],[29.6765171,36.8946385],[29.676336,36.8946333],[29.6762781,36.8946383],[29.6762198,36.8946378],[29.6761619,36.8946318],[29.6761054,36.8946204],[29.6760446,36.8946014],[29.6759875,36.8945762],[29.675935,36.8945452],[29.6759106,36.8945279],[29.6758881,36.8945089],[29.675851,36.8944681],[29.6758231,36.8944228],[29.6758052,36.8943745],[29.6757977,36.8943244],[29.6757961,36.8940632],[29.6758053,36.8938478],[29.6758079,36.8937459],[29.6758123,36.8937116],[29.6758088,36.8936772],[29.6757975,36.8936438],[29.6757788,36.8936127],[29.6757533,36.8935849],[29.6757184,36.893559],[29.6756776,36.8935393],[29.6755947,36.8935252],[29.6755138,36.8935052],[29.6754355,36.8934792],[29.6753635,36.8934491],[29.6752952,36.893414],[29.6752309,36.8933743],[29.6751713,36.8933302],[29.6750825,36.8932704],[29.6749896,36.8932148],[29.674893,36.8931634],[29.6747967,36.8931052],[29.6747049,36.8930425],[29.674618,36.8929755],[29.6745871,36.8929546],[29.6745597,36.8929307],[29.6745363,36.8929043],[29.6745119,36.892866],[29.674496,36.8928249],[29.6744888,36.8927822],[29.6744907,36.8927392],[29.6744912,36.8926016],[29.6744833,36.8924642],[29.674467,36.8923272],[29.6744424,36.8921911],[29.6743933,36.8919731],[29.6743326,36.891757],[29.6742604,36.8915431],[29.6741769,36.891332],[29.6740589,36.8911325],[29.6740404,36.8911033],[29.6740158,36.8910771],[29.6739859,36.8910548],[29.6739516,36.891037],[29.6739121,36.8910239],[29.6738703,36.8910167],[29.6738275,36.8910158],[29.6737853,36.8910212],[29.673745,36.8910327],[29.6736344,36.8910574],[29.6735212,36.8910728],[29.6734065,36.8910789],[29.6732917,36.8910756],[29.6731713,36.8910623],[29.6730498,36.8910576],[29.6729283,36.8910613],[29.6728076,36.8910735],[29.6726841,36.891095],[29.6725635,36.8911255],[29.6725043,36.8911434],[29.6724468,36.8911646],[29.6723641,36.8912031],[29.6722871,36.8912487],[29.672217,36.8913008],[29.6721545,36.8913588],[29.671665,36.8914145],[29.6715949,36.891426],[29.6715234,36.8914282],[29.6714523,36.8914212],[29.6713836,36.8914052],[29.6713191,36.8913806],[29.6712603,36.8913479],[29.6712089,36.8913081],[29.6711661,36.8912622],[29.6711371,36.8912187],[29.6711023,36.891178],[29.6710622,36.8911405],[29.6710172,36.8911067],[29.6709647,36.8910753],[29.6709075,36.8910496],[29.6708467,36.8910301],[29.6707831,36.8910171],[29.670718,36.8910108],[29.6706524,36.8910113],[29.6706104,36.8910152],[29.670569,36.8910219],[29.6704872,36.8910393],[29.6704081,36.8910631],[29.6703324,36.8910932],[29.6702608,36.8911292],[29.6701828,36.8911789],[29.6700993,36.8912225],[29.670011,36.8912597],[29.6699189,36.8912901],[29.6698322,36.8913118],[29.6697433,36.8913264],[29.6696529,36.8913339],[29.6695621,36.8913341],[29.6694672,36.8913265],[29.6693738,36.8913111],[29.669283,36.8912879],[29.6691957,36.8912572],[29.6691129,36.8912193],[29.6688483,36.8911103],[29.6685893,36.8909929],[29.6683364,36.8908675],[29.6681185,36.8907504],[29.6679059,36.8906273],[29.6678476,36.8905717],[29.6677955,36.8905123],[29.6677499,36.8904497],[29.667711,36.8903841],[29.6676792,36.8903162],[29.6676518,36.8902363],[29.6676157,36.8901586],[29.6675711,36.8900838],[29.6675184,36.8900124],[29.6674579,36.8899451],[29.6673997,36.8898904],[29.6673347,36.8898409],[29.6672635,36.8897971],[29.667187,36.8897595],[29.667101,36.8897269],[29.6670111,36.889702],[29.6669182,36.8896853],[29.6668236,36.8896769],[29.6667284,36.8896769],[29.6666391,36.8896492],[29.6665539,36.8896142],[29.6664736,36.8895723],[29.6663992,36.8895241],[29.6663314,36.8894699],[29.6662677,36.8894069],[29.6662129,36.8893387],[29.6661002,36.8892042],[29.6659935,36.8890666],[29.66587,36.8888928],[29.6657561,36.8887148],[29.6654007,36.8883137],[29.6653413,36.8882381],[29.6652921,36.8881579],[29.6652537,36.8880741],[29.6652263,36.8879876],[29.6652121,36.8879128],[29.6652062,36.8878374],[29.6655509,36.8870898],[29.6656175,36.8870113],[29.6656916,36.8869373],[29.6657729,36.8868682],[29.6658607,36.8868045],[29.6659195,36.886767],[29.6659807,36.8867319],[29.666107,36.8866666],[29.6662389,36.8866088],[29.6663757,36.8865588],[29.6665083,36.8865192],[29.6666371,36.8864722],[29.6667616,36.8864182],[29.666881,36.8863574],[29.6669948,36.8862901],[29.6671025,36.8862166],[29.6671698,36.8861651],[29.667234,36.8861112],[29.6673572,36.8859996],[29.6674718,36.8858823],[29.6675773,36.8857597],[29.6676285,36.8856939],[29.6676771,36.8856268],[29.6677702,36.8854909],[29.6678565,36.8853521],[29.6679357,36.8852106],[29.6680078,36.8850667],[29.6680763,36.8849118],[29.6681365,36.8847546],[29.6681884,36.8845956],[29.6682318,36.8844349],[29.6682452,36.8843324],[29.6682674,36.8842309],[29.6682983,36.8841308],[29.6683377,36.8840327],[29.6683666,36.8839725],[29.6683987,36.8839134],[29.6684491,36.883791],[29.6684887,36.8836661],[29.6685174,36.8835393],[29.6685297,36.8834592],[29.6685376,36.8833789],[29.6685489,36.8832179],[29.6685511,36.8830567],[29.6685442,36.8828956],[29.6685283,36.8827341],[29.6685033,36.8825733],[29.6684692,36.8824136],[29.6684262,36.8822552],[29.6683882,36.8821292],[29.6683596,36.8820016],[29.6683405,36.8818728],[29.6683309,36.8817434],[29.668331,36.8816137],[29.6683393,36.881497],[29.6683384,36.8813801],[29.6683284,36.8812634],[29.6683092,36.8811475],[29.668281,36.8810328],[29.6682438,36.8809197],[29.6681936,36.8807993],[29.6681356,36.8806813],[29.66807,36.8805657],[29.6679971,36.8804531],[29.6679367,36.8803695],[29.6678723,36.8802879],[29.6678388,36.8802199],[29.6678143,36.8801496],[29.667799,36.8800775],[29.6677932,36.8800046],[29.6677968,36.8799329],[29.6678094,36.8798618],[29.6678311,36.8797922],[29.6678616,36.8797247],[29.6679515,36.8795875],[29.6680487,36.8794536],[29.6681529,36.8793231],[29.6682641,36.8791963],[29.668382,36.8790735],[29.6684891,36.8789706],[29.6686009,36.878871],[29.668824,36.8786715],[29.6690512,36.8784749],[29.6693739,36.8782064],[29.6697043,36.8779439],[29.669742,36.8778965],[29.6697711,36.8778454],[29.669791,36.8777916],[29.6698015,36.8777361],[29.6698022,36.87768],[29.6697938,36.8776269],[29.6697767,36.8775752],[29.6697512,36.8775257],[29.6697177,36.8774794],[29.6697199,36.8773338],[29.6697129,36.8771883],[29.6696969,36.8770433],[29.6696773,36.8769264],[29.6696506,36.8768105],[29.6696069,36.8766658],[29.6695521,36.8765235],[29.6695455,36.8764616],[29.6695498,36.8763995],[29.6695648,36.8763385],[29.6695852,36.8762896],[29.6696125,36.876243],[29.6696463,36.8761992],[29.6696862,36.8761588],[29.6697325,36.8759523],[29.669733,36.875902],[29.6697253,36.8758521],[29.6697094,36.8758035],[29.6696855,36.875757],[29.6696493,36.8757078],[29.6696043,36.8756634],[29.6695514,36.8756251],[29.6695376,36.8754817],[29.6695299,36.8753381],[29.6695287,36.8752856],[29.6695348,36.8752334],[29.669548,36.875182],[29.6695644,36.8751406],[29.6695909,36.8751027],[29.6696265,36.8750699],[29.6696543,36.8750517],[29.6696849,36.8750367],[29.669736,36.8749964],[29.6697783,36.8749502],[29.669811,36.8748991],[29.669833,36.8748446],[29.6698426,36.8748001],[29.669845,36.874755],[29.6698404,36.8747099],[29.6697217,36.874475],[29.6696887,36.8743568],[29.6696614,36.8742377],[29.6696399,36.8741178],[29.6696281,36.874031],[29.6696047,36.8739457],[29.6695702,36.873863],[29.6695317,36.8737944],[29.6694855,36.8737289],[29.669432,36.8736672],[29.669285,36.8734451],[29.6691343,36.8732246],[29.668958,36.8729752],[29.6686924,36.8727424],[29.6686404,36.8727171],[29.6685849,36.872697],[29.6685269,36.8726823],[29.6684671,36.8726732],[29.6683993,36.8726698],[29.6683315,36.8726737],[29.668265,36.8726847],[29.6682009,36.8727027],[29.667989,36.8725369],[29.667703,36.8724419],[29.6674137,36.8723535],[29.6671945,36.8722915],[29.6669738,36.8722333],[29.6668784,36.8721696],[29.6667891,36.8721004],[29.6667062,36.8720263],[29.6666459,36.8719645],[29.66659,36.8719001],[29.6665389,36.8718332],[29.666369,36.8716416],[29.6661215,36.8713702],[29.6658607,36.8710666],[29.6656944,36.8708601],[29.6656681,36.8708227],[29.6656496,36.8707825],[29.6656395,36.8707404],[29.6656381,36.8706975],[29.6656446,36.8706575],[29.6656586,36.8706187],[29.6656798,36.870582],[29.6657078,36.8705484],[29.6658029,36.8704637],[29.6659029,36.8703826],[29.666007,36.8703058],[29.6661155,36.8702329],[29.6663234,36.870079],[29.6664838,36.869955],[29.6666412,36.8698285],[29.666691,36.8697797],[29.666735,36.8697276],[29.6667731,36.8696726],[29.6668048,36.869615],[29.6668233,36.869573],[29.6668384,36.8695301],[29.6668637,36.8694434],[29.6668806,36.8693553],[29.6668893,36.8692562],[29.6668873,36.8691569],[29.6671213,36.8689203],[29.6676484,36.8684611],[29.6679461,36.868151],[29.6679768,36.8680755],[29.6679984,36.8679979],[29.6680106,36.8679191],[29.6680133,36.8678397],[29.6680064,36.8677605],[29.6679897,36.8676806],[29.6679634,36.8676024],[29.6679303,36.8674427],[29.6679072,36.8672819],[29.6679007,36.8672155],[29.6679014,36.8671488],[29.6679094,36.8670825],[29.6679246,36.8670169],[29.6679534,36.8669376],[29.6679927,36.8668612],[29.668042,36.8667887],[29.668101,36.8667209],[29.6681687,36.8666586],[29.6682278,36.8664449],[29.6682967,36.8662331],[29.6683753,36.8660234],[29.6684151,36.8659265],[29.6684444,36.8658272],[29.6684627,36.8657262],[29.6684701,36.8656243],[29.6684664,36.8655223],[29.6684519,36.8654219],[29.6684267,36.8653228],[29.6683757,36.8651249],[29.6683136,36.864929],[29.6682439,36.864744],[29.6681649,36.8645615],[29.6680768,36.8643816],[29.6679796,36.8642047],[29.6678726,36.8640297],[29.6677568,36.8638583],[29.6676323,36.8636908],[29.6674861,36.8633496],[29.6674643,36.8632813],[29.6674499,36.8632117],[29.6674432,36.8631414],[29.6674442,36.8630694],[29.6674531,36.8629976],[29.66747,36.8629268],[29.6675716,36.8625784],[29.6676645,36.8622283],[29.667736,36.8619321],[29.6678013,36.861635],[29.6678224,36.8615371],[29.6678325,36.8614381],[29.6678314,36.8613388],[29.6678192,36.86124],[29.6677959,36.8611424],[29.6677696,36.8610663],[29.6677366,36.8609919],[29.6676712,36.8608431],[29.6676357,36.8607683],[29.6675899,36.8606972],[29.6675345,36.8606306],[29.66747,36.8605695],[29.6674213,36.8605313],[29.6673691,36.8604962],[29.6672749,36.8604175],[29.6671877,36.8603338],[29.6671079,36.8602454],[29.667034,36.86015],[29.6669541,36.8600576],[29.6668685,36.8599687],[29.6667773,36.8598833],[29.6666829,36.8598033],[29.6665837,36.8597271],[29.6664798,36.859655],[29.6663716,36.8595871],[29.6659821,36.8592142],[29.6658927,36.8591329],[29.6658088,36.8590479],[29.6657308,36.8589594],[29.6656588,36.8588676],[29.6655827,36.8587568],[29.6655154,36.8586424],[29.6653685,36.8584186],[29.6652532,36.8582474],[29.6651318,36.858079],[29.6649875,36.857892],[29.6648361,36.8577088],[29.6646788,36.8575304],[29.6645256,36.8573498],[29.664409,36.8572072],[29.6642949,36.8570633],[29.6642479,36.8569793],[29.6641944,36.8568978],[29.6641347,36.8568192],[29.664053,36.8567269],[29.6639644,36.8566388],[29.6638691,36.8565552],[29.6637825,36.8564873],[29.6636914,36.8564232],[29.6636119,36.8563224],[29.6635383,36.8562188],[29.6634708,36.8561126],[29.6634251,36.8560328],[29.6633884,36.8559502],[29.6633609,36.8558652],[29.6633444,36.8557888],[29.6633209,36.8557135],[29.6632905,36.8556399],[29.663248,36.8555594],[29.6631959,36.8554827],[29.6631616,36.8554404],[29.6631243,36.8553997],[29.6630577,36.8553141],[29.6629961,36.8552262],[29.6629321,36.8551232],[29.6628751,36.8550175],[29.6628251,36.8549096],[29.662632,36.8545314],[29.6625834,36.8544947],[29.6625292,36.8544634],[29.6624704,36.854438],[29.6624038,36.8544181],[29.6623344,36.8544057],[29.6622636,36.8544012],[29.6621927,36.8544047],[29.662123,36.854416],[29.6620665,36.854413],[29.662011,36.8544038],[29.6619576,36.8543886],[29.6619073,36.8543677],[29.6618612,36.8543414],[29.6618199,36.8543103],[29.6617853,36.8542759],[29.6617567,36.8542381],[29.6617348,36.8541976],[29.6617448,36.8540531],[29.6617482,36.8539084],[29.6617462,36.8537969],[29.6617337,36.8536858],[29.6617106,36.8535758],[29.6616849,36.8534894],[29.6616526,36.8534044],[29.661614,36.8533211],[29.6615691,36.8532399],[29.6615052,36.8531099],[29.6614307,36.8529837],[29.6613459,36.8528616],[29.6612665,36.8527623],[29.6611804,36.8526667],[29.6610877,36.8525751],[29.6605566,36.8520471],[29.6604037,36.8518877],[29.6603891,36.8518523],[29.6603801,36.8518156],[29.6603769,36.8517783],[29.6603798,36.8517396],[29.660389,36.8517016],[29.6604422,36.8516517],[29.6604883,36.8515975],[29.6605267,36.8515396],[29.660557,36.8514787],[29.6605787,36.8514156],[29.6605914,36.8513536],[29.6605959,36.851291],[29.6605922,36.8512283],[29.6606166,36.8511713],[29.6606464,36.8511159],[29.6606813,36.8510625],[29.6607321,36.8509988],[29.6607901,36.8509392],[29.660855,36.8508844],[29.6608949,36.8507935],[29.6609264,36.8507005],[29.6609493,36.850606],[29.6609636,36.8505104],[29.6609693,36.850407],[29.6609648,36.8503036],[29.6609502,36.8502008],[29.6609559,36.8501446],[29.6609504,36.8500885],[29.6609338,36.8500338],[29.6609066,36.8499818],[29.6608777,36.8499432],[29.6608417,36.8499085],[29.6607994,36.8498788],[29.6607479,36.849853],[29.6606918,36.8498345],[29.6606326,36.8498236],[29.660572,36.8498209],[29.6603604,36.8497777],[29.6601473,36.8497392],[29.659933,36.8497055],[29.6596789,36.8496718],[29.6594254,36.8496357],[29.6593255,36.8496208],[29.6592269,36.8496015],[29.6591297,36.8495778],[29.6590137,36.8495431],[29.6589009,36.8495021],[29.6587919,36.8494551],[29.6586871,36.8494023],[29.6585756,36.8493762],[29.6584673,36.8493424],[29.6583632,36.8493011],[29.658264,36.8492526],[29.6582083,36.8492209],[29.6581589,36.8491832],[29.6581168,36.8491402],[29.6580829,36.8490927],[29.6580632,36.8490546],[29.6580488,36.849015],[29.6580233,36.8489352],[29.6580065,36.8488539],[29.6579999,36.8487947],[29.6579999,36.8487352],[29.6580063,36.8486759],[29.6580192,36.8486173],[29.658043,36.8485488],[29.6580599,36.8484789],[29.6580699,36.8484083],[29.6580729,36.8483372],[29.658069,36.848268],[29.6580585,36.8481992],[29.6580415,36.8481313],[29.6580179,36.8480646],[29.6580184,36.847862],[29.6580256,36.8476595],[29.6580394,36.8474572],[29.6580601,36.8472525],[29.6580876,36.8470483],[29.6581292,36.8469648],[29.6581629,36.846879],[29.6581884,36.8467915],[29.6582057,36.8467027],[29.6582148,36.8466078],[29.6582145,36.8465127],[29.6582048,36.8464179],[29.6581857,36.846324],[29.6581574,36.8462316],[29.6581547,36.8461466],[29.6581407,36.8460624],[29.6581154,36.8459799],[29.6580793,36.8459001],[29.6580327,36.8458237],[29.657987,36.8457645],[29.6579351,36.8457088],[29.6578773,36.8456568],[29.657814,36.8456092],[29.6577457,36.8455662],[29.6576507,36.8454795],[29.6575637,36.8453876],[29.6574852,36.845291],[29.6574157,36.84519],[29.6573554,36.8450854],[29.6573071,36.8449833],[29.6572677,36.8448788],[29.6572372,36.8447724],[29.6572159,36.8446647],[29.6570577,36.8441806],[29.6569872,36.8440437],[29.6569097,36.8439092],[29.6568254,36.8437773],[29.6567345,36.8436483],[29.6566264,36.8435094],[29.6565106,36.8433745],[29.6562946,36.8430966],[29.6561117,36.8428496],[29.6559352,36.8425997],[29.655904,36.8425508],[29.6558816,36.8424989],[29.6558684,36.8424451],[29.6558646,36.8423903],[29.6558704,36.8423356],[29.6558855,36.842282],[29.6559056,36.8422383],[29.6559319,36.8421967],[29.6559702,36.8421089],[29.6560001,36.842019],[29.6560215,36.8419276],[29.6560343,36.8418351],[29.6560384,36.8417422],[29.6560333,36.8416445],[29.6560187,36.8415475],[29.6559945,36.8414517],[29.655961,36.8413578],[29.6559183,36.8412662],[29.6558668,36.8411776],[29.6558699,36.8410751],[29.6558618,36.8409727],[29.6558426,36.8408712],[29.6558124,36.8407715],[29.6557716,36.8406743],[29.6557456,36.8406239],[29.6557168,36.8405746],[29.6556527,36.8404786],[29.6555796,36.8403868],[29.655498,36.8402997],[29.6554164,36.8402247],[29.6553285,36.8401545],[29.6552347,36.8400893],[29.6551355,36.8400295],[29.6550313,36.8399754],[29.6549226,36.8399272],[29.6548843,36.8398995],[29.6548522,36.8398672],[29.6548272,36.839831],[29.65481,36.839792],[29.6548007,36.8397485],[29.6548012,36.8397044],[29.6548113,36.8396611],[29.6549226,36.839279],[29.6549452,36.8391981],[29.6549564,36.8391158],[29.6549562,36.839033],[29.6549444,36.8389507],[29.6549213,36.83887],[29.6548928,36.8388032],[29.6548565,36.8387387],[29.6548128,36.8386774],[29.654762,36.8386196],[29.6547045,36.838566],[29.654641,36.8385169],[29.6547751,36.838284],[29.6548043,36.8382265],[29.6548238,36.8381664],[29.6548333,36.8381048],[29.6548328,36.8380428],[29.6548221,36.8379813],[29.6548082,36.8379382],[29.6547894,36.8378963],[29.6547455,36.8378145],[29.6546909,36.837737],[29.6546262,36.8376647],[29.6545865,36.8376273],[29.6545441,36.8375919],[29.6544695,36.8375141],[29.6544028,36.8374318],[29.6543445,36.8373455],[29.654295,36.8372557],[29.6542632,36.8371852],[29.6542401,36.8371125],[29.6542257,36.8370384],[29.6542203,36.8369636],[29.6542239,36.8368887],[29.6542385,36.8368058],[29.65426,36.8367239],[29.6542882,36.8366434],[29.6543232,36.8365645],[29.6543717,36.8364758],[29.6544288,36.8363904],[29.6544941,36.8363089],[29.6545672,36.8362318],[29.6546499,36.8361576],[29.654727,36.8360798],[29.6547983,36.8359985],[29.6548636,36.835914],[29.6549032,36.8358569],[29.65494,36.8357986],[29.6550085,36.8356801],[29.6550688,36.8355588],[29.6551034,36.8354789],[29.6551304,36.8353972],[29.6551496,36.8353141],[29.6551608,36.83523],[29.655164,36.8351455],[29.655162,36.8350925],[29.6551568,36.8350396],[29.6551389,36.8349346],[29.6551104,36.834831],[29.6550766,36.8347414],[29.655035,36.8346538],[29.6549856,36.8345689],[29.6548529,36.8343094],[29.6547847,36.8341826],[29.6547266,36.8340527],[29.6546786,36.8339202],[29.6546411,36.8337855],[29.6546142,36.8336492],[29.6545983,36.8335165],[29.6545924,36.8333833],[29.6545781,36.8331171],[29.6545713,36.8328506],[29.6545712,36.8326319],[29.6545641,36.8324132],[29.6545498,36.8321948],[29.6545306,36.8319961],[29.6545056,36.8317978],[29.6544747,36.8316001],[29.6544577,36.8314795],[29.6544308,36.83136],[29.6543939,36.8312422],[29.6543473,36.8311267],[29.6543103,36.83105],[29.6542691,36.8309747],[29.6541832,36.8308255],[29.6540898,36.8306791],[29.6539996,36.8305504],[29.6539037,36.8304244],[29.653802,36.8303013],[29.6535078,36.8299266],[29.6533651,36.8297489],[29.6532298,36.8295675],[29.6531021,36.8293826],[29.6529821,36.8291945],[29.6528961,36.8290496],[29.652803,36.8289076],[29.6527029,36.8287687],[29.6525958,36.8286331],[29.6525244,36.8285489],[29.6524441,36.8284701],[29.6523554,36.8283972],[29.6522591,36.8283307],[29.6521559,36.8282713],[29.6520751,36.8282319],[29.6519911,36.8281968],[29.6519045,36.8281662],[29.6516482,36.8280688],[29.6513875,36.8279794],[29.651202,36.8279214],[29.651021,36.8278551],[29.650845,36.8277805],[29.6506746,36.8276981],[29.6505104,36.8276079],[29.650417,36.8275515],[29.6503295,36.8274893],[29.6502485,36.8274216],[29.6501746,36.827349],[29.6501081,36.8272719],[29.6500735,36.8272259],[29.6500417,36.8271787],[29.6499828,36.8270824],[29.6499316,36.8269832],[29.6498884,36.8268817],[29.6498533,36.8267781],[29.6498253,36.8266679],[29.6498065,36.8265563],[29.6497971,36.8264441],[29.6497969,36.8263316],[29.6497604,36.8261565],[29.6497151,36.8259827],[29.649661,36.8258105],[29.6495984,36.8256402],[29.6495196,36.825455],[29.6494306,36.8252727],[29.6493316,36.8250938],[29.6490821,36.8246236],[29.6490276,36.8245443],[29.648963,36.8244699],[29.648889,36.8244014],[29.6488074,36.82434],[29.6487183,36.8242857],[29.6486227,36.8242391],[29.6485215,36.8242006],[29.6480938,36.8240539],[29.6476646,36.8239097],[29.6469069,36.8236628],[29.6467818,36.8236112],[29.6466609,36.8235536],[29.6465447,36.8234902],[29.6464334,36.8234213],[29.646349,36.8233627],[29.6462683,36.823301],[29.646109,36.8231757],[29.645956,36.8230455],[29.6458275,36.8229279],[29.6457041,36.8228069],[29.6455859,36.8226827],[29.6453685,36.8224992],[29.6451458,36.8223199],[29.644918,36.8221448],[29.6447371,36.8220114],[29.6445532,36.8218807],[29.6442624,36.8216653],[29.6439762,36.821446],[29.6436949,36.8212226],[29.6433744,36.8209584],[29.6430606,36.8206891],[29.6429627,36.8206138],[29.6428586,36.8205442],[29.6427486,36.8204805],[29.6426333,36.8204232],[29.6425134,36.8203724],[29.6424154,36.8203369],[29.6423152,36.8203059],[29.642213,36.8202794],[29.6419086,36.8201952],[29.6416556,36.8201327],[29.6414004,36.8200763],[29.6411432,36.820026],[29.6408843,36.8199819],[29.64073,36.8199412],[29.6405785,36.8198943],[29.6404302,36.8198413],[29.6402854,36.8197823],[29.640154,36.8197221],[29.6400262,36.8196569],[29.6399024,36.819587],[29.6397829,36.8195124],[29.6382594,36.8184496],[29.6376858,36.8180474],[29.6371154,36.8176422],[29.6369554,36.8175131],[29.6367895,36.8173889],[29.6366179,36.8172698],[29.6364409,36.8171558],[29.636284,36.8170619],[29.6361235,36.816972],[29.6359594,36.8168864],[29.6356307,36.8167219],[29.6352969,36.8165643],[29.6349189,36.8163919],[29.6345376,36.8162244],[29.6341529,36.8160618],[29.6340503,36.8160019],[29.6339432,36.8159472],[29.633832,36.8158981],[29.6337171,36.8158546],[29.6335991,36.815817],[29.6334624,36.8157818],[29.633323,36.8157543],[29.6331814,36.8157349],[29.6330385,36.8157236],[29.632895,36.8157204],[29.6319455,36.8157236],[29.6315118,36.8156855],[29.6310772,36.8156547],[29.6306419,36.8156313],[29.6302104,36.8156154],[29.6297785,36.8156068],[29.6293464,36.8156055],[29.6291156,36.8155913],[29.6288842,36.8155844],[29.6286526,36.8155846],[29.6284212,36.815592],[29.6281904,36.8156066],[29.6279708,36.8156272],[29.6277524,36.8156543],[29.6275354,36.8156879],[29.6274273,36.8157065],[29.62732,36.8157279],[29.6271521,36.8157678],[29.626987,36.8158149],[29.6268253,36.8158689],[29.6266675,36.8159298],[29.626514,36.8159974],[29.6263652,36.8160715],[29.6262017,36.8160995],[29.6260366,36.8161209],[29.6259029,36.8161331],[29.6257687,36.816141],[29.6256343,36.8161445],[29.6244594,36.816429],[29.6243337,36.8164531],[29.6242067,36.8164721],[29.6240786,36.8164859],[29.6239363,36.816495],[29.6237937,36.8164978],[29.6236511,36.8164941],[29.623509,36.8164841],[29.6233678,36.8164676],[29.6232428,36.8164464],[29.6231197,36.816419],[29.6229989,36.8163856],[29.622881,36.8163463],[29.6227624,36.8162983],[29.6226487,36.8162433],[29.6225405,36.8161815],[29.6224385,36.8161134],[29.6223432,36.8160393],[29.6221864,36.8159188],[29.622025,36.8158023],[29.621859,36.81569],[29.6216887,36.8155819],[29.621469,36.8154523],[29.621243,36.8153298],[29.6210112,36.8152145],[29.6207738,36.8151067],[29.6205313,36.8150064],[29.6194974,36.8144449],[29.6184392,36.8139167],[29.6183745,36.8138991],[29.6183074,36.8138888],[29.6182391,36.8138861],[29.618171,36.8138909],[29.6181016,36.8139039],[29.6180353,36.8139247],[29.6179734,36.813953],[29.6179172,36.8139882],[29.6178679,36.8140294],[29.6177288,36.8142377],[29.6175823,36.8144427],[29.6174056,36.8146734],[29.6172196,36.8148993],[29.6170245,36.8151203],[29.6168205,36.815336],[29.6165389,36.8156388],[29.6164895,36.8156705],[29.6164356,36.8156971],[29.616378,36.8157181],[29.6163176,36.8157333],[29.6162453,36.8157432],[29.6161719,36.8157446],[29.616099,36.8157376],[29.6160282,36.8157222],[29.6159609,36.8156989],[29.6152769,36.8153919],[29.6146873,36.8152117],[29.6141021,36.8150225],[29.6136811,36.8148799],[29.6132626,36.8147326],[29.6131535,36.8146979],[29.613041,36.814671],[29.6129259,36.8146521],[29.6128093,36.8146414],[29.6127029,36.8146388],[29.6125966,36.8146431],[29.612491,36.8146541],[29.6123869,36.8146718],[29.6122849,36.8146961],[29.61213,36.814722],[29.6119733,36.8147392],[29.6118155,36.8147477],[29.6116813,36.814748],[29.6115473,36.814742],[29.611414,36.8147297],[29.6112818,36.8147112],[29.6112159,36.8146814],[29.6111452,36.8146601],[29.6110712,36.8146478],[29.610997,36.8146447],[29.6109231,36.8146506],[29.6108512,36.8146653],[29.6107829,36.8146886],[29.6106772,36.8147332],[29.6105679,36.8147717],[29.6104554,36.8148037],[29.6103403,36.8148293],[29.6102206,36.8148485],[29.6100994,36.8148606],[29.6099774,36.8148657],[29.6098554,36.8148635],[29.6097338,36.8148542],[29.6096134,36.8148379],[29.6094945,36.8148727],[29.6093725,36.8149002],[29.6092483,36.8149201],[29.6091226,36.8149323],[29.6089941,36.8149368],[29.6088655,36.8149332],[29.6087377,36.8149216],[29.6085932,36.8149156],[29.6084485,36.814917],[29.6083043,36.8149258],[29.608161,36.814942],[29.6076843,36.8149761],[29.6072088,36.8150193],[29.6068475,36.8150584],[29.6064872,36.8151028],[29.606308,36.8151299],[29.6061279,36.8151524],[29.6058904,36.8151749],[29.605652,36.8151894],[29.605413,36.8151958],[29.605174,36.8151941],[29.6041814,36.8152435],[29.603996,36.8152745],[29.6038087,36.8152968],[29.60362,36.8153103],[29.6034411,36.8153149],[29.6032621,36.8153117],[29.6030836,36.8153006],[29.6026683,36.815268],[29.6022521,36.8152437],[29.6018131,36.8152272],[29.6016668,36.8152195],[29.6015202,36.8152171],[29.6013737,36.8152201],[29.6012001,36.8152306],[29.6010275,36.8152488],[29.6008564,36.8152744],[29.6006873,36.8153074],[29.6005207,36.8153478],[29.5994599,36.8155765],[29.5993118,36.8155804],[29.5991644,36.815593],[29.5990186,36.8156143],[29.5988752,36.8156442],[29.5987556,36.8156762],[29.5986388,36.8157142],[29.5985252,36.815758],[29.5984264,36.8157883],[29.5983251,36.8158126],[29.5982218,36.8158307],[29.5981171,36.8158426],[29.5980115,36.8158482],[29.5977313,36.8158577],[29.5974508,36.8158596],[29.5971704,36.8158539],[29.5968904,36.8158406],[29.5966342,36.8158214],[29.596379,36.8157955],[29.596125,36.8157628],[29.5958724,36.8157234],[29.5956217,36.8156774],[29.5940378,36.8154638],[29.5938709,36.8154368],[29.5937026,36.8154161],[29.5935333,36.8154019],[29.5933633,36.815394],[29.5931774,36.8153928],[29.5929917,36.8153992],[29.5928989,36.8154039],[29.5928067,36.8154133],[29.5927028,36.8154298],[29.5926007,36.8154524],[29.5925009,36.8154809],[29.592404,36.8155152],[29.5923105,36.8155551],[29.5920559,36.8157107],[29.5918077,36.8158729],[29.5915662,36.8160414],[29.5913519,36.8162005],[29.5911435,36.8163646],[29.5909413,36.8165335],[29.5907454,36.8167071],[29.5899206,36.8173394],[29.5896747,36.8174936],[29.5894355,36.8176544],[29.5892031,36.8178215],[29.5889859,36.8179885],[29.5887755,36.8181611],[29.5885722,36.8183391],[29.5883763,36.8185223],[29.5881879,36.8187104],[29.5878139,36.8190455],[29.5877297,36.8191134],[29.5876161,36.819205],[29.5874114,36.8193589],[29.5868307,36.8197368],[29.58677,36.8197717],[29.5867059,36.8198025],[29.586639,36.8198291],[29.5865562,36.819855],[29.5864707,36.8198744],[29.5863832,36.8198872],[29.5862947,36.8198933],[29.5862058,36.8198925],[29.5860499,36.8198792],[29.5858932,36.8198754],[29.5857365,36.8198809],[29.5855808,36.8198957],[29.5854442,36.8199166],[29.5853096,36.8199447],[29.5851775,36.8199798],[29.5850487,36.8200219],[29.5849854,36.820045],[29.5849237,36.8200707],[29.5848324,36.8201149],[29.5847458,36.8201647],[29.5846643,36.8202198],[29.5845884,36.8202798],[29.5845187,36.8203444],[29.5843598,36.8205217],[29.5841968,36.8206966],[29.583999,36.8208999],[29.5837956,36.8210996],[29.5836924,36.8211985],[29.5835866,36.8212956],[29.5834235,36.8214371],[29.5832546,36.8215741],[29.58308,36.8217065],[29.5829001,36.8218342],[29.5827149,36.8219569],[29.5824898,36.8220835],[29.5822707,36.8222165],[29.5820577,36.8223558],[29.5818512,36.8225012],[29.5816748,36.8226343],[29.5815883,36.8227021],[29.5815039,36.8227718],[29.5813451,36.8229131],[29.5812678,36.8229852],[29.5811954,36.8230605],[29.5811164,36.8231534],[29.5810449,36.82325],[29.5809811,36.82335],[29.5809252,36.823453],[29.5808776,36.8235587],[29.5806831,36.8241094],[29.5806964,36.8241817],[29.5807001,36.8242547],[29.5806942,36.8243276],[29.5806788,36.8243996],[29.580654,36.8244699],[29.5806201,36.8245377],[29.5805796,36.8245995],[29.5805316,36.8246576],[29.5804766,36.8247116],[29.5804193,36.8247554],[29.5803559,36.8247935],[29.5802874,36.8248253],[29.5802146,36.8248504],[29.5801386,36.8248684],[29.5800392,36.8249294],[29.5799344,36.8249843],[29.5798247,36.8250327],[29.5797108,36.8250745],[29.5795938,36.8251091],[29.5794739,36.8251367],[29.5793517,36.8251571],[29.579228,36.82517],[29.5790011,36.8251379],[29.578773,36.8251114],[29.578544,36.8250906],[29.5782894,36.8250742],[29.5780343,36.8250647],[29.5777788,36.8250623],[29.5775235,36.825067],[29.5746267,36.8251239],[29.5745392,36.8251261],[29.574452,36.8251196],[29.5743665,36.8251045],[29.5742863,36.8250819],[29.5742102,36.8250516],[29.5741391,36.8250143],[29.5740741,36.8249704],[29.5739837,36.8248993],[29.5739015,36.824822],[29.5738282,36.8247392],[29.5737644,36.8246515],[29.5737486,36.8245836],[29.5737235,36.8245174],[29.5736893,36.824454],[29.5736446,36.8243919],[29.5735912,36.8243343],[29.5735298,36.8242822],[29.5734613,36.8242361],[29.5733545,36.8241721],[29.5732426,36.824114],[29.5731855,36.8240863],[29.573126,36.8240622],[29.5730406,36.8240353],[29.572952,36.824016],[29.5728614,36.8240045],[29.5727697,36.8240009],[29.5726781,36.8240053],[29.5723142,36.8240273],[29.5719512,36.8240568],[29.571408,36.8242597],[29.571196,36.8242634],[29.5709842,36.8242736],[29.570728,36.8242947],[29.5706004,36.8243086],[29.5704733,36.8243252],[29.5702529,36.8243604],[29.5700347,36.8244035],[29.5696923,36.8244226],[29.5693508,36.8244508],[29.5690331,36.8244852],[29.568717,36.8245274],[29.5684026,36.8245774],[29.5680258,36.8246333],[29.5678749,36.8246242],[29.5677237,36.8246202],[29.5675725,36.8246215],[29.5673955,36.8246294],[29.5672192,36.8246445],[29.5670441,36.8246665],[29.5666031,36.8247289],[29.5661643,36.8248007],[29.5657794,36.824834],[29.5656314,36.8248326],[29.5654838,36.8248247],[29.5653369,36.8248104],[29.5651989,36.8247909],[29.5650623,36.8247658],[29.5649276,36.824735],[29.564795,36.8246988],[29.5646883,36.8246453],[29.5645764,36.824599],[29.5644602,36.8245602],[29.5643404,36.8245291],[29.5642355,36.8245089],[29.5641292,36.8244946],[29.5640218,36.8244863],[29.5639139,36.824484],[29.5637878,36.8244845],[29.5636618,36.8244883],[29.5636164,36.824461],[29.5635653,36.8244411],[29.5635186,36.8244307],[29.5634705,36.8244265],[29.5634222,36.8244288],[29.563375,36.8244373],[29.5633302,36.8244519],[29.563289,36.8244722],[29.5632425,36.8245025],[29.5632018,36.8245378],[29.5631679,36.8245773],[29.5631415,36.8246204],[29.5630922,36.8246839],[29.5630339,36.8247423],[29.5629673,36.8247948],[29.5628934,36.8248405],[29.5628268,36.8248365],[29.5627602,36.8248392],[29.5626946,36.8248486],[29.5626309,36.8248645],[29.5625702,36.8248866],[29.562505,36.8249195],[29.5624465,36.8249594],[29.5623958,36.8250058],[29.5622932,36.8251032],[29.562196,36.8252041],[29.5621045,36.8253084],[29.562019,36.8254159],[29.5619284,36.8255424],[29.561846,36.8256725],[29.561772,36.8258058],[29.5617065,36.8259419],[29.561677,36.8260765],[29.5616371,36.8262094],[29.5615871,36.8263401],[29.5615395,36.8264435],[29.5614856,36.8265449],[29.5614254,36.826644],[29.5613943,36.8266932],[29.5613591,36.8267406],[29.5612981,36.8268089],[29.5612288,36.8268719],[29.5611517,36.8269289],[29.5610678,36.8269793],[29.560978,36.8270226],[29.560883,36.8270583],[29.5603828,36.8271764],[29.5602799,36.827171],[29.560178,36.8271582],[29.5600779,36.8271381],[29.5599805,36.8271109],[29.5598891,36.8270779],[29.5598017,36.8270386],[29.5597189,36.8269933],[29.5596414,36.8269424],[29.5595697,36.8268863],[29.5595044,36.8268254],[29.5594366,36.82674],[29.5593609,36.826659],[29.5592777,36.8265828],[29.5591942,36.8265166],[29.559105,36.8264554],[29.5590107,36.8263993],[29.5589116,36.8263487],[29.5588137,36.8264055],[29.558711,36.8264565],[29.5586039,36.8265014],[29.5584931,36.8265401],[29.5583791,36.8265722],[29.5582625,36.8265978],[29.558142,36.8266168],[29.5580201,36.8266287],[29.5578974,36.8266335],[29.5577746,36.826631],[29.5576523,36.8266214],[29.5573937,36.8266442],[29.5571359,36.8266725],[29.5568792,36.8267065],[29.5566237,36.8267459],[29.5563497,36.8267947],[29.5560776,36.8268498],[29.5558077,36.8269112],[29.5555401,36.8269789],[29.5555155,36.8269962],[29.5554869,36.8270089],[29.5554556,36.8270164],[29.5554205,36.8270185],[29.5553858,36.827014],[29.5553533,36.8270034],[29.5553246,36.8269871],[29.5553014,36.826966],[29.5551363,36.8268245],[29.5549647,36.826688],[29.5547631,36.8265398],[29.5545537,36.8263987],[29.5545007,36.8263791],[29.5544452,36.8263649],[29.5543879,36.8263562],[29.5543297,36.826353],[29.5542705,36.8263557],[29.5542121,36.8263641],[29.5541832,36.8263699],[29.5541554,36.8263783],[29.5541126,36.826397],[29.5540747,36.8264215],[29.5540428,36.826451],[29.5540179,36.8264845],[29.5540096,36.8265274],[29.5539938,36.826569],[29.5539707,36.8266082],[29.5539408,36.8266445],[29.5539023,36.8266789],[29.5538576,36.8267083],[29.553808,36.8267319],[29.5537544,36.8267491],[29.5536778,36.8267804],[29.5536058,36.8268179],[29.5535714,36.8268386],[29.5535392,36.8268613],[29.5534947,36.8268994],[29.553456,36.8269414],[29.5534238,36.8269867],[29.5533983,36.8270347],[29.553232,36.8273278],[29.5532003,36.8273693],[29.5531628,36.8274077],[29.55312,36.8274423],[29.5530725,36.8274727],[29.5530144,36.8275012],[29.5529523,36.8275235],[29.5528871,36.8275391],[29.5528199,36.8275478],[29.5527519,36.8275495],[29.5526841,36.8275441],[29.5526178,36.8275317],[29.5523817,36.8274769],[29.5521444,36.8274254],[29.5518928,36.8273747],[29.5518101,36.8273543],[29.5517257,36.8273386],[29.5516402,36.8273278],[29.5515552,36.8273218],[29.5514699,36.8273205],[29.5513847,36.827324],[29.5513426,36.8273258],[29.5513011,36.8273203],[29.551262,36.8273079],[29.5512258,36.8272882],[29.551196,36.8272625],[29.5511741,36.8272322],[29.5511254,36.8271745],[29.5510702,36.8271206],[29.5507865,36.8270277],[29.550179,36.826806],[29.5501013,36.8267951],[29.5500259,36.8267768],[29.5499537,36.8267513],[29.549878,36.8267147],[29.5498092,36.8266703],[29.5497484,36.8266188],[29.5496969,36.8265613],[29.5495549,36.8264272],[29.5494194,36.8262889],[29.5492905,36.8261465],[29.5491685,36.8260004],[29.5490915,36.8259016],[29.5490176,36.8258012],[29.5489788,36.8257793],[29.5489368,36.8257615],[29.5488922,36.8257481],[29.5488343,36.825738],[29.5487751,36.8257354],[29.5487161,36.8257405],[29.5486589,36.8257529],[29.5485796,36.8257776],[29.5485048,36.82581],[29.5484356,36.8258496],[29.5483059,36.8259505],[29.5481701,36.8260462],[29.5480285,36.8261364],[29.5478815,36.8262209],[29.5477295,36.8262994],[29.5475629,36.826376],[29.5473915,36.8264455],[29.5472157,36.8265077],[29.5470361,36.8265624],[29.5468229,36.82662],[29.546607,36.8266708],[29.5464641,36.826674],[29.546322,36.8266869],[29.5461819,36.8267094],[29.5460697,36.8267347],[29.54596,36.8267662],[29.5458533,36.8268036],[29.54575,36.8268468],[29.5454807,36.8269812],[29.5452162,36.8271216],[29.5449567,36.8272679],[29.5447026,36.8274201],[29.5444729,36.8275656],[29.544248,36.827716],[29.5441398,36.8277951],[29.544028,36.8278709],[29.5438769,36.8279647],[29.5437202,36.8280524],[29.5435583,36.8281338],[29.5433916,36.8282086],[29.5432205,36.8282769],[29.5430453,36.8283382],[29.5428666,36.8283926],[29.5427038,36.8284248],[29.5425432,36.8284633],[29.5423851,36.8285081],[29.5422299,36.828559],[29.5420781,36.8286159],[29.541924,36.8286814],[29.5417742,36.8287531],[29.5416293,36.8288309],[29.5414895,36.8289144],[29.5413551,36.8290036],[29.5412267,36.8290981],[29.5411044,36.8291977],[29.5406203,36.8292976],[29.5405385,36.8292888],[29.540456,36.8292855],[29.5403735,36.8292879],[29.54029,36.8292961],[29.5402077,36.8293099],[29.5401271,36.8293295],[29.540049,36.8293545],[29.5398744,36.8294146],[29.5397027,36.8294797],[29.539534,36.8295498],[29.5394131,36.8296071],[29.5392956,36.8296689],[29.5392547,36.8296874],[29.5392166,36.8297095],[29.539182,36.829735],[29.5391433,36.829772],[29.5391117,36.8298131],[29.539088,36.8298574],[29.5390727,36.8299041],[29.5390539,36.82993],[29.5390264,36.8299502],[29.5389955,36.8299623],[29.5389616,36.8299671],[29.5389274,36.8299643],[29.5388954,36.8299542],[29.5388681,36.8299373],[29.5387899,36.8298911],[29.538716,36.8298405],[29.538647,36.8297857],[29.5385832,36.8297269],[29.5385364,36.8296778],[29.5384933,36.8296266],[29.538489,36.8296031],[29.53848,36.8295806],[29.5384665,36.8295595],[29.5384452,36.8295373],[29.5384189,36.8295188],[29.5383887,36.8295047],[29.5382498,36.8294378],[29.5381131,36.8293679],[29.5379105,36.8294087],[29.5377061,36.829443],[29.5374685,36.8294746],[29.5372294,36.8294975],[29.5369893,36.8295117],[29.5361316,36.8295246],[29.5357909,36.8295323],[29.5354503,36.8295434],[29.5350569,36.8295604],[29.5346638,36.829582],[29.5342226,36.8296111],[29.533782,36.8296454],[29.5329639,36.8296797],[29.531714,36.8297484],[29.5308609,36.829799],[29.5300081,36.8298525],[29.5269504,36.8302411],[29.5265048,36.830332],[29.5260567,36.8304146],[29.5256063,36.830489],[29.5251539,36.830555],[29.5246998,36.8306126],[29.5242441,36.8306619],[29.5238341,36.8306989],[29.5234234,36.8307292],[29.5230119,36.8307526],[29.5225999,36.8307693],[29.5222265,36.8307922],[29.5218539,36.8308225],[29.5214824,36.8308603],[29.5211122,36.8309054],[29.5207435,36.8309579],[29.5203765,36.8310177],[29.5200115,36.8310848],[29.5197363,36.8310717],[29.5194605,36.8310679],[29.5191848,36.8310735],[29.5189097,36.8310884],[29.5186356,36.8311128],[29.5183638,36.8311463],[29.5180941,36.831189],[29.5178269,36.8312408],[29.5177404,36.8312654],[29.5176522,36.8312857],[29.5175627,36.8313017],[29.517442,36.8313161],[29.5173202,36.8313227],[29.5171982,36.8313214],[29.5170767,36.8313123],[29.5169565,36.8312952],[29.5155054,36.8314326],[29.5144755,36.8315292],[29.5143221,36.8315312],[29.5141689,36.831524],[29.5140168,36.8315078],[29.513888,36.8314867],[29.5137611,36.831459],[29.5136367,36.831425],[29.5135152,36.8313846],[29.5133972,36.8313382],[29.5132564,36.831275],[29.5131205,36.8312052],[29.5129899,36.8311291],[29.5128653,36.831047],[29.512747,36.830959],[29.5126354,36.8308656],[29.5125309,36.8307671],[29.5125146,36.8307113],[29.5124903,36.8306574],[29.5124584,36.8306061],[29.5124243,36.8305636],[29.5123849,36.8305241],[29.5123407,36.8304881],[29.5122921,36.8304558],[29.5118203,36.8301414],[29.5113534,36.8298225],[29.5108338,36.8294582],[29.5103206,36.8290882],[29.5098138,36.8287125],[29.509679,36.8286583],[29.5095401,36.8286115],[29.5093974,36.8285723],[29.5092519,36.8285408],[29.5091289,36.8285206],[29.5090047,36.828506],[29.5088797,36.828497],[29.5087543,36.8284935],[29.5086837,36.8284964],[29.5086135,36.8285032],[29.5085097,36.8285206],[29.5084086,36.8285464],[29.5083115,36.8285805],[29.5082192,36.8286224],[29.5078544,36.8290024],[29.5076178,36.8294255],[29.5073716,36.829845],[29.5071544,36.8301996],[29.5069304,36.8305514],[29.5068947,36.8306301],[29.5068498,36.8307058],[29.5067963,36.8307778],[29.5067346,36.8308455],[29.5066595,36.8309129],[29.5065764,36.8309738],[29.5064859,36.8310278],[29.5063891,36.8310741],[29.5062869,36.8311124],[29.5061805,36.8311422],[29.5060708,36.8311632],[29.5054632,36.8312995],[29.5053374,36.8313131],[29.5052133,36.8313346],[29.5050918,36.8313639],[29.504976,36.8314],[29.5048641,36.8314432],[29.5047568,36.8314931],[29.5046546,36.8315496],[29.5045797,36.8316172],[29.5044981,36.8316796],[29.5044105,36.8317364],[29.5043082,36.8317918],[29.5042001,36.8318397],[29.5040871,36.8318796],[29.5039701,36.8319112],[29.50385,36.8319343],[29.5037278,36.8319487],[29.5036045,36.8319543],[29.50342,36.8319686],[29.5032367,36.8319901],[29.5030548,36.8320186],[29.5029643,36.8320345],[29.5028749,36.8320541],[29.5027581,36.8320858],[29.5026442,36.8321238],[29.5025338,36.8321678],[29.5024274,36.8322177],[29.5023255,36.8322733],[29.5022285,36.8323343],[29.5021194,36.8324107],[29.502016,36.832492],[29.5019185,36.8325779],[29.5018274,36.8326681],[29.5017429,36.8327623],[29.5016652,36.8328603],[29.5015169,36.8330721],[29.5013778,36.833288],[29.5012481,36.8335075],[29.5011236,36.8337393],[29.5010096,36.8339744],[29.5009062,36.8342128],[29.5011393,36.8346293],[29.5004368,36.83505],[29.5000998,36.8352062],[29.4997587,36.8353565],[29.4994136,36.8355009],[29.4990648,36.8356393],[29.4987122,36.8357717],[29.4982933,36.8359196],[29.4981546,36.8359707],[29.4980134,36.8360172],[29.4978699,36.836059],[29.497698,36.8361022],[29.4975236,36.8361387],[29.4973472,36.8361684],[29.4971693,36.8361912],[29.4969901,36.8362071],[29.4968127,36.8362978],[29.4966302,36.836382],[29.4964431,36.8364595],[29.4962518,36.83653],[29.4960567,36.8365935],[29.4958678,36.8366472],[29.4956762,36.8366944],[29.4954822,36.8367348],[29.4952861,36.8367685],[29.4950885,36.8367953],[29.4945509,36.8368745],[29.4940156,36.8369627],[29.4938935,36.8370051],[29.4937761,36.8370553],[29.4936642,36.837113],[29.4935595,36.8371771],[29.4934616,36.8372479],[29.4933711,36.8373247],[29.4933274,36.8373643],[29.4932887,36.8374071],[29.493248,36.837464],[29.493216,36.8375243],[29.4931931,36.8375873],[29.4931797,36.8376519],[29.4931759,36.8377174],[29.4931819,36.8377828],[29.4931917,36.8378147],[29.4931975,36.8378471],[29.4931985,36.8378998],[29.4931892,36.837952],[29.4931697,36.8380023],[29.4931407,36.8380496],[29.4931028,36.8380926],[29.4930569,36.8381304],[29.4930042,36.838162],[29.492946,36.8381865],[29.4928837,36.8382035],[29.4927946,36.838221],[29.4927038,36.8382312],[29.4926121,36.8382339],[29.4925206,36.8382292],[29.4924301,36.8382171],[29.4923416,36.8381978],[29.492256,36.8381713],[29.4920982,36.8381166],[29.4919442,36.8380554],[29.4917944,36.8379879],[29.4916491,36.8379142],[29.4915089,36.8378345],[29.491374,36.8377491],[29.4913109,36.8377023],[29.4912448,36.8376582],[29.4911355,36.8375948],[29.49102,36.8375389],[29.4908991,36.8374907],[29.4907737,36.8374508],[29.4906446,36.8374192],[29.4905126,36.8373963],[29.4903939,36.837396],[29.4902756,36.8374035],[29.4901584,36.8374186],[29.4900431,36.8374413],[29.4899306,36.8374715],[29.48986,36.8374947],[29.4897911,36.8375209],[29.489656,36.8376601],[29.4895308,36.8378051],[29.4894156,36.8379554],[29.4893109,36.8381105],[29.4892171,36.83827],[29.4891597,36.8383805],[29.4890923,36.8384872],[29.4890151,36.8385896],[29.4889286,36.8386871],[29.4888332,36.8387792],[29.4887296,36.8388653],[29.4886182,36.8389451],[29.4884998,36.839018],[29.4883749,36.8390836],[29.4883039,36.8391164],[29.4882313,36.8391469],[29.4880829,36.8392026],[29.4879303,36.8392506],[29.4877743,36.8392907],[29.4876153,36.8393227],[29.4874541,36.8393465],[29.4872913,36.839362],[29.4871277,36.8393691],[29.4870351,36.8393694],[29.4869426,36.839367],[29.486758,36.8393566],[29.4865745,36.8393377],[29.4863926,36.8393106],[29.4862129,36.8392752],[29.486036,36.8392317],[29.4858777,36.8391852],[29.4857227,36.8391322],[29.4855713,36.8390728],[29.4854239,36.8390072],[29.4852809,36.8389356],[29.4851428,36.8388582],[29.4850206,36.8388974],[29.4849031,36.8389451],[29.4847914,36.8390009],[29.4846863,36.8390644],[29.4845886,36.8391351],[29.4844991,36.8392124],[29.4844303,36.8392826],[29.4843682,36.8393567],[29.4843133,36.8394344],[29.4842657,36.8395151],[29.4841915,36.839582],[29.4841106,36.8396438],[29.4840237,36.8397001],[29.4839312,36.8397505],[29.4838339,36.8397946],[29.4837324,36.8398321],[29.4836274,36.8398628],[29.4835117,36.839888],[29.4833937,36.8399048],[29.4832743,36.8399133],[29.4831544,36.8399133],[29.483035,36.8399048],[29.482917,36.839888],[29.4828013,36.8398628],[29.4826515,36.8399115],[29.4824979,36.8399517],[29.4823412,36.8399831],[29.482182,36.8400057],[29.4820213,36.8400193],[29.4818598,36.8400238],[29.4817035,36.8400196],[29.4815479,36.8400069],[29.4813938,36.8399857],[29.4812418,36.8399563],[29.4810927,36.8399187],[29.4810333,36.8399997],[29.4809662,36.8400767],[29.4808917,36.8401493],[29.4808103,36.8402169],[29.4807225,36.8402793],[29.4806547,36.8403213],[29.4805839,36.8403601],[29.4804389,36.8404333],[29.4802882,36.8404988],[29.4801325,36.8405562],[29.4800134,36.8405935],[29.4798913,36.8406237],[29.4797667,36.8406466],[29.4796403,36.8406621],[29.4795129,36.84067],[29.4793985,36.8406706],[29.4792843,36.8406652],[29.4791708,36.8406538],[29.4790585,36.8406363],[29.4786051,36.8405948],[29.478153,36.8405455],[29.4777298,36.840492],[29.4773081,36.8404317],[29.4764739,36.8407086],[29.4763572,36.8407299],[29.4762385,36.8407421],[29.4761188,36.8407451],[29.4759993,36.840739],[29.4758812,36.8407236],[29.4757782,36.8407024],[29.4756778,36.8406743],[29.4755808,36.8406394],[29.4754879,36.840598],[29.4753997,36.8405504],[29.4753169,36.840497],[29.4752401,36.8404381],[29.4750408,36.8403259],[29.4748481,36.8402066],[29.4746625,36.8400802],[29.4744844,36.8399472],[29.474314,36.8398077],[29.4741519,36.8396622],[29.4739982,36.8395108],[29.4738875,36.8393922],[29.4737694,36.8392781],[29.4736443,36.839169],[29.4735125,36.839065],[29.4733744,36.8389665],[29.4732302,36.8388736],[29.4730804,36.8387866],[29.4729254,36.8387058],[29.4727902,36.8386423],[29.4726602,36.8385724],[29.4725356,36.8384963],[29.472417,36.8384144],[29.4723048,36.8383268],[29.4721995,36.838234],[29.4721013,36.8381362],[29.4720107,36.8380339],[29.4719566,36.8379658],[29.4719058,36.837896],[29.4717912,36.8377631],[29.4716674,36.8376356],[29.4715348,36.837514],[29.4713938,36.8373985],[29.4712439,36.8372889],[29.4710863,36.8371863],[29.4709217,36.8370911],[29.4707506,36.8370035],[29.4705736,36.8369239],[29.4703911,36.8368525],[29.4702039,36.8367895],[29.4700125,36.8367352],[29.4697612,36.8367204],[29.4695111,36.8366963],[29.4692626,36.836663],[29.4690163,36.8366205],[29.4687727,36.8365689],[29.4685324,36.8365084],[29.4682959,36.8364389],[29.4681319,36.8363848],[29.4679725,36.8363227],[29.4678182,36.8362527],[29.4676696,36.8361752],[29.4675274,36.8360905],[29.467392,36.8359988],[29.4672823,36.8359155],[29.4671647,36.8358394],[29.4670398,36.8357711],[29.4669086,36.8357109],[29.4667718,36.8356594],[29.4666302,36.8356167],[29.4665413,36.8355951],[29.4664512,36.8355769],[29.4662753,36.8355289],[29.4661032,36.8354728],[29.4659354,36.8354089],[29.4657725,36.8353374],[29.465615,36.8352584],[29.4654635,36.8351724],[29.4653135,36.8350761],[29.4651709,36.8349728],[29.4650363,36.834863],[29.4649102,36.8347469],[29.4647929,36.8346249],[29.4647141,36.8345584],[29.4646282,36.8344977],[29.4645359,36.8344434],[29.464438,36.8343958],[29.4643352,36.8343554],[29.4642283,36.8343225],[29.4641181,36.8342973],[29.4640057,36.83428],[29.4638917,36.8342707],[29.4637809,36.8342695],[29.4636704,36.8342759],[29.4634497,36.8342895],[29.46323,36.8343114],[29.4630119,36.8343416],[29.4629386,36.8343536],[29.4628679,36.8343732],[29.4628011,36.8344001],[29.4627392,36.8344338],[29.4626833,36.8344736],[29.4626345,36.834519],[29.4625935,36.8345691],[29.4625626,36.83462],[29.4625399,36.8346735],[29.4625256,36.8347289],[29.4624656,36.8348907],[29.4624138,36.8350543],[29.4623817,36.8351723],[29.4623403,36.8352885],[29.4622896,36.8354023],[29.46223,36.8355133],[29.4621617,36.835621],[29.4620798,36.8357313],[29.4619888,36.835837],[29.4618891,36.8359374],[29.461781,36.8360322],[29.4616652,36.8361209],[29.4615421,36.8362031],[29.4614124,36.8362785],[29.4612765,36.8363466],[29.4611964,36.8364222],[29.4611238,36.8365025],[29.4610593,36.836587],[29.4610258,36.8366376],[29.4609952,36.8366893],[29.4609391,36.8367945],[29.4608912,36.8369022],[29.4608516,36.8370121],[29.4608206,36.8371237],[29.4607996,36.8372272],[29.460786,36.8373314],[29.4607798,36.837436],[29.4607503,36.8377492],[29.460732,36.8380628],[29.460725,36.8383768],[29.4607294,36.8386908],[29.4607454,36.8390103],[29.460773,36.8393293],[29.4608124,36.8396475],[29.4608634,36.8399647],[29.460926,36.8402805],[29.4610001,36.8405948],[29.4610857,36.8409071],[29.4611827,36.8412173],[29.4612087,36.8413901],[29.4612248,36.8415637],[29.4612308,36.8417377],[29.4612267,36.8419117],[29.4612126,36.8420854],[29.4611885,36.8422583],[29.4611544,36.8424302],[29.4611104,36.8426007],[29.4610566,36.8427693],[29.4609914,36.8429398],[29.4609163,36.8431077],[29.4608312,36.8432725],[29.4607366,36.8434339],[29.4606324,36.8435915],[29.4605191,36.843745],[29.4603968,36.8438941],[29.4603377,36.8439816],[29.4602704,36.8440652],[29.4601952,36.8441445],[29.4601127,36.8442189],[29.4600232,36.8442879],[29.4599274,36.8443513],[29.4598284,36.8444071],[29.4597245,36.8444569],[29.4595164,36.844556],[29.4593036,36.8446484],[29.4590864,36.8447338],[29.458865,36.8448123],[29.4586399,36.8448836],[29.4584559,36.8449358],[29.45827,36.8449833],[29.4580822,36.8450259],[29.4575214,36.8451605],[29.457414,36.8451853],[29.4573043,36.8452028],[29.4571931,36.8452127],[29.4570813,36.845215],[29.4569696,36.8452098],[29.4568589,36.845197],[29.4567467,36.845176],[29.4566372,36.8451472],[29.4565312,36.8451108],[29.4564296,36.8450672],[29.4560836,36.8449042],[29.4559662,36.8448385],[29.4558543,36.8447668],[29.4557485,36.8446894],[29.4556493,36.8446067],[29.4555676,36.8445297],[29.4554795,36.8444574],[29.4553856,36.8443899],[29.4552861,36.8443278],[29.4551816,36.8442712],[29.4550726,36.8442203],[29.4549422,36.8441694],[29.4548072,36.8441267],[29.4546685,36.8440926],[29.4545269,36.8440672],[29.4543833,36.8440508],[29.4543321,36.8439395],[29.4542743,36.8438303],[29.4542099,36.8437235],[29.4541392,36.8436193],[29.4540738,36.8435326],[29.4539993,36.8434507],[29.4539163,36.8433742],[29.4538254,36.8433038],[29.4537254,36.8432388],[29.4536186,36.8431811],[29.453506,36.8431312],[29.4533883,36.8430893],[29.4532664,36.8430559],[29.4531414,36.8430312],[29.4523957,36.8421511],[29.4517824,36.8414368],[29.4514886,36.8411683],[29.4514039,36.8410869],[29.4513114,36.8410111],[29.4512118,36.8409414],[29.4511056,36.8408782],[29.4510124,36.8408307],[29.4509155,36.8407882],[29.4507204,36.8407054],[29.4505208,36.8406299],[29.450317,36.8405619],[29.4501094,36.8405015],[29.4498986,36.8404489],[29.4497436,36.8404156],[29.4495874,36.8403865],[29.449279,36.8403155],[29.448974,36.8402359],[29.4486725,36.840148],[29.4483751,36.8400517],[29.4481094,36.8399575],[29.4478476,36.8398566],[29.4475898,36.8397491],[29.4473364,36.8396353],[29.4470876,36.8395151],[29.4465057,36.8395056],[29.4459236,36.8395022],[29.4457324,36.8395024],[29.4455415,36.8394937],[29.4453516,36.839476],[29.4451633,36.8394495],[29.4449773,36.8394141],[29.4447942,36.8393701],[29.4446146,36.8393176],[29.444462,36.8392652],[29.4443128,36.8392066],[29.4441676,36.8391421],[29.4440267,36.8390717],[29.4438904,36.8389956],[29.4436926,36.8389644],[29.4434931,36.8389408],[29.4432925,36.8389247],[29.4430912,36.8389162],[29.4428854,36.8389154],[29.4426799,36.8389225],[29.442475,36.8389376],[29.4422713,36.8389605],[29.4420692,36.8389913],[29.4418646,36.8390049],[29.4416594,36.8390114],[29.4414541,36.839011],[29.4412489,36.8390035],[29.4410444,36.8389891],[29.4408408,36.8389677],[29.4406849,36.8389465],[29.4405277,36.8389323],[29.4403698,36.8389252],[29.4402117,36.8389251],[29.4400538,36.8389321],[29.4398966,36.8389462],[29.4397291,36.8389692],[29.4395636,36.8390002],[29.4394007,36.8390391],[29.4392411,36.8390857],[29.4390852,36.83914],[29.4389337,36.8392017],[29.4388527,36.8392183],[29.4387695,36.8392257],[29.4386858,36.8392238],[29.4386034,36.8392125],[29.4385236,36.8391921],[29.4384482,36.839163],[29.4383819,36.8391278],[29.438322,36.8390859],[29.4382696,36.839038],[29.4382256,36.8389849],[29.4379031,36.8389102],[29.4375829,36.8388295],[29.4372651,36.8387427],[29.43695,36.8386499],[29.4366378,36.8385513],[29.4363305,36.8384474],[29.4360263,36.8383378],[29.4357255,36.8382225],[29.4354281,36.8381015],[29.4352393,36.8379767],[29.4350585,36.8378446],[29.4348862,36.8377054],[29.4347227,36.8375595],[29.4345951,36.8374347],[29.4344739,36.8373058],[29.4343595,36.8371731],[29.4342519,36.8370368],[29.4341186,36.8366202],[29.4339891,36.8362028],[29.4339638,36.8361198],[29.4339461,36.8360356],[29.4339362,36.8359506],[29.4339339,36.8358652],[29.4339395,36.8357799],[29.4339511,36.8357033],[29.4339543,36.8356263],[29.4339492,36.8355492],[29.4339357,36.8354729],[29.433914,36.8353978],[29.4338781,36.8353118],[29.4338315,36.8352292],[29.4337745,36.8351509],[29.4340172,36.8344457],[29.4340519,36.8343841],[29.4340778,36.8343198],[29.4340945,36.8342536],[29.434102,36.8341863],[29.4341001,36.8341187],[29.4340887,36.8340518],[29.4340682,36.8339863],[29.4340507,36.8339462],[29.4340297,36.8339072],[29.4340003,36.8338257],[29.4339803,36.8337423],[29.4339698,36.8336579],[29.433969,36.833573],[29.4339739,36.8335151],[29.4339874,36.8334581],[29.4340091,36.8334028],[29.4340388,36.8333498],[29.4340761,36.8333001],[29.4341205,36.8332542],[29.4341611,36.8332204],[29.4342056,36.8331898],[29.4342973,36.8331314],[29.434395,36.8330795],[29.4344978,36.8330346],[29.434605,36.8329968],[29.434716,36.8329665],[29.4348293,36.8329441],[29.4349446,36.8329294],[29.435061,36.8329227],[29.4351778,36.832924],[29.435294,36.8329333],[29.4353586,36.8329645],[29.4354271,36.8329899],[29.4354987,36.8330089],[29.4355725,36.8330215],[29.4356477,36.8330274],[29.4357231,36.8330267],[29.4358022,36.8330185],[29.4358795,36.8330031],[29.435954,36.8329804],[29.4360247,36.8329509],[29.4360906,36.832915],[29.4369033,36.8328882],[29.4369939,36.8328792],[29.4370825,36.8328614],[29.4371677,36.832835],[29.4372481,36.8328004],[29.4373227,36.8327582],[29.4373901,36.8327089],[29.4374412,36.832662],[29.4374859,36.832611],[29.4375721,36.8325075],[29.4376482,36.832399],[29.4377137,36.8322862],[29.4377683,36.8321698],[29.4378116,36.8320503],[29.4378434,36.8319286],[29.437862,36.8318176],[29.4378711,36.8317059],[29.4378706,36.8315939],[29.4378604,36.8314823],[29.4378407,36.8313715],[29.4378532,36.8313022],[29.4378561,36.8312323],[29.4378493,36.8311625],[29.4378329,36.8310938],[29.4378072,36.8310269],[29.4377743,36.8309656],[29.4377335,36.8309075],[29.4376659,36.8307858],[29.4376046,36.830662],[29.4375497,36.8305363],[29.4374895,36.8303746],[29.4374398,36.8302106],[29.4374008,36.8300447],[29.4373964,36.8299657],[29.4373829,36.8298874],[29.4373603,36.8298105],[29.437329,36.8297355],[29.4372891,36.8296632],[29.437241,36.8295942],[29.4371851,36.829529],[29.4371219,36.8294682],[29.4370693,36.8294253],[29.437013,36.8293855],[29.4369534,36.829349],[29.4367897,36.8292256],[29.4366307,36.8290982],[29.4364768,36.8289669],[29.4363727,36.8288734],[29.436261,36.8287856],[29.4361422,36.828704],[29.4360168,36.828629],[29.4358854,36.8285609],[29.4357486,36.8285],[29.4356269,36.8284535],[29.4355021,36.8284128],[29.4353745,36.8283779],[29.4352447,36.828349],[29.4351129,36.8283261],[29.434974,36.8282725],[29.4348401,36.8282112],[29.4347119,36.8281425],[29.4346559,36.828109],[29.4346053,36.8280705],[29.4345607,36.8280274],[29.4345228,36.8279804],[29.4344932,36.8279321],[29.4344706,36.8278814],[29.4344554,36.8278289],[29.4344477,36.8277754],[29.4344583,36.8276487],[29.4344602,36.8275218],[29.4344534,36.827395],[29.4344381,36.8272686],[29.4344142,36.8271431],[29.4343891,36.8270439],[29.4343527,36.8269469],[29.4343053,36.8268531],[29.4342473,36.8267631],[29.4341793,36.8266778],[29.4341017,36.8265978],[29.4340394,36.8265431],[29.43397,36.8264943],[29.4338942,36.8264519],[29.4338131,36.8264165],[29.4337276,36.8263885],[29.4336432,36.826369],[29.4335568,36.8263567],[29.4334693,36.8263517],[29.4333816,36.8263541],[29.4333938,36.8261808],[29.4334125,36.826008],[29.4334379,36.8258356],[29.4334665,36.8256799],[29.4334848,36.8255232],[29.4334927,36.825366],[29.4334902,36.8252087],[29.4334825,36.8251018],[29.4334701,36.8249952],[29.4334578,36.8247813],[29.4334533,36.8245672],[29.4334567,36.8243531],[29.4334669,36.8241538],[29.4334838,36.8239548],[29.4335076,36.8237562],[29.4335117,36.8236605],[29.4335073,36.8235649],[29.4334943,36.8234697],[29.433473,36.8233755],[29.4334432,36.8232828],[29.4334043,36.8231897],[29.4333569,36.8230991],[29.4333014,36.8230115],[29.4332381,36.8229274],[29.433187,36.8228179],[29.4331465,36.8227056],[29.4331168,36.8225911],[29.4330981,36.8224752],[29.4330905,36.8223584],[29.4330929,36.8222572],[29.4331037,36.8221563],[29.4331227,36.8220561],[29.43315,36.8219572],[29.4331854,36.8218599],[29.4332287,36.8217648],[29.433287,36.8216198],[29.4333352,36.8214725],[29.4333729,36.8213232],[29.4334002,36.8211725],[29.4334168,36.8210208],[29.4334229,36.8208686],[29.4334183,36.8207163],[29.433403,36.8205645],[29.4333875,36.8204668],[29.4333676,36.8203697],[29.4333216,36.8201763],[29.4332649,36.8199847],[29.4331979,36.8197953],[29.4331204,36.8196084],[29.4330329,36.8194244],[29.4329541,36.8192768],[29.4328687,36.8191316],[29.4327769,36.8189889],[29.4326788,36.8188489],[29.432373,36.8177839],[29.4322405,36.8173319],[29.4320968,36.8168821],[29.4319613,36.8164888],[29.4318174,36.8160974],[29.4316649,36.8157081],[29.431504,36.815321],[29.4314607,36.8152115],[29.431408,36.8151047],[29.4313461,36.8150011],[29.4312754,36.8149012],[29.4311961,36.8148055],[29.4311087,36.8147144],[29.4310136,36.8146284],[29.4309112,36.814548],[29.430799,36.8144714],[29.4306946,36.814388],[29.4305988,36.8142982],[29.4305122,36.8142026],[29.4304353,36.8141019],[29.4303687,36.8139966],[29.4303126,36.8138873],[29.4302675,36.8137749],[29.4302406,36.813687],[29.4302203,36.813598],[29.4301819,36.8134197],[29.4301524,36.8132403],[29.4301317,36.8130602],[29.43012,36.8128795],[29.4301173,36.8126932],[29.4301255,36.812507],[29.4301447,36.8123213],[29.4301748,36.8121365],[29.4302158,36.8119531],[29.4302675,36.8117714],[29.4303334,36.8115826],[29.430411,36.8113965],[29.4304999,36.8112138],[29.4306001,36.8110349],[29.4304487,36.8108768],[29.4302885,36.8107244],[29.4301198,36.810578],[29.429943,36.8104379],[29.4298099,36.8103405],[29.4296729,36.8102466],[29.4294101,36.8100488],[29.429155,36.8098448],[29.4289076,36.8096347],[29.4287653,36.8095079],[29.4286305,36.8093758],[29.4285036,36.8092388],[29.4283848,36.8090972],[29.4282744,36.8089514],[29.4281727,36.8088015],[29.4281119,36.8087031],[29.4280548,36.8086033],[29.4279475,36.8084013],[29.4278508,36.8081959],[29.4278092,36.8080984],[29.4277571,36.8080043],[29.4276948,36.8079141],[29.4276229,36.8078287],[29.4275446,36.8077512],[29.4274585,36.8076793],[29.427365,36.8076136],[29.4272649,36.8075544],[29.4271588,36.8075023],[29.4270198,36.8073644],[29.4268735,36.8072315],[29.4267201,36.8071037],[29.4265599,36.8069814],[29.4263933,36.8068648],[29.4262206,36.806754],[29.426042,36.8066493],[29.425858,36.8065509],[29.4257164,36.8064813],[29.4255721,36.8064154],[29.4252813,36.8062868],[29.425,36.8061708],[29.4247147,36.8060612],[29.4244257,36.8059582],[29.4242953,36.8057839],[29.4241559,36.8056142],[29.4240076,36.8054494],[29.4238506,36.8052898],[29.4236854,36.8051357],[29.4235929,36.805055],[29.4235069,36.8049699],[29.4234274,36.8048807],[29.423355,36.8047879],[29.4232898,36.8046916],[29.4232321,36.8045923],[29.4231825,36.8044914],[29.4231417,36.804388],[29.4231099,36.8042826],[29.4230872,36.8041757],[29.4230738,36.8040678],[29.4230697,36.8039595],[29.4230748,36.8038511],[29.4230893,36.8037434],[29.423113,36.8036366],[29.4231458,36.8035314],[29.4231875,36.8034283],[29.4232237,36.8033611],[29.4232514,36.8032913],[29.4232703,36.8032197],[29.4232804,36.803147],[29.4232819,36.803089],[29.4232777,36.803031],[29.4232678,36.8029735],[29.4232655,36.8027998],[29.4232736,36.8026261],[29.4232918,36.802453],[29.4233203,36.8022807],[29.4233589,36.8021097],[29.4234076,36.8019404],[29.4234663,36.801773],[29.4235348,36.8016082],[29.4236129,36.801446],[29.4236671,36.8013455],[29.4237101,36.8012416],[29.4237417,36.8011351],[29.4237617,36.8010268],[29.4237698,36.8009175],[29.4237661,36.800808],[29.4237505,36.8006992],[29.4237232,36.800592],[29.4236844,36.800487],[29.4236344,36.8003851],[29.4235846,36.8003034],[29.4235276,36.8002248],[29.4234112,36.8000689],[29.4232855,36.7999177],[29.4231508,36.7997716],[29.4230073,36.7996309],[29.4228555,36.7994959],[29.4226956,36.7993671],[29.4225388,36.799252],[29.4223755,36.7991427],[29.4222062,36.7990395],[29.4220312,36.7989426],[29.4218508,36.7988522],[29.4216655,36.7987685],[29.4214756,36.7986917],[29.4212815,36.7986218],[29.4210837,36.7985591],[29.4208825,36.7985037],[29.4204478,36.798428],[29.4197367,36.7976651],[29.4194596,36.7969519],[29.4194102,36.7968336],[29.4193684,36.7967135],[29.4193343,36.7965918],[29.4193078,36.7964689],[29.4192892,36.7963451],[29.4192772,36.7961951],[29.4192767,36.7960448],[29.4192876,36.7958947],[29.4193099,36.7957455],[29.4193436,36.7955976],[29.4193885,36.7954516],[29.4194356,36.7952683],[29.419473,36.7950836],[29.4195006,36.7948977],[29.4195182,36.7947111],[29.419526,36.7945241],[29.4195239,36.7943369],[29.419515,36.7942436],[29.4195119,36.79415],[29.4195162,36.794031],[29.4195298,36.7939124],[29.4195527,36.7937947],[29.4195848,36.7936784],[29.4196259,36.793564],[29.4196758,36.7934518],[29.4197345,36.7933424],[29.4198042,36.7931818],[29.4198839,36.7930243],[29.4199734,36.7928701],[29.4200723,36.7927197],[29.4201805,36.7925734],[29.4202977,36.7924317],[29.4204125,36.7923064],[29.4205343,36.7921854],[29.4206628,36.7920691],[29.4207979,36.7919575],[29.4209391,36.791851],[29.4210864,36.7917498],[29.4212392,36.7916541],[29.4213694,36.7915963],[29.4214946,36.7915317],[29.4216141,36.7914606],[29.4217275,36.7913833],[29.4218342,36.7913002],[29.4219339,36.7912116],[29.4220293,36.7911143],[29.4221161,36.791012],[29.4221939,36.7909051],[29.4222624,36.7907942],[29.4223212,36.7906798],[29.42237,36.7905624],[29.4223867,36.790502],[29.4224086,36.7904426],[29.4224475,36.7903632],[29.4224959,36.7902872],[29.4225534,36.7902154],[29.4226194,36.7901484],[29.4226933,36.790087],[29.4227744,36.7900317],[29.4228619,36.789983],[29.4239214,36.7896908],[29.4240131,36.78967],[29.4241011,36.7896406],[29.4241841,36.789603],[29.4242609,36.7895579],[29.4243306,36.7895058],[29.424392,36.7894474],[29.4244444,36.7893837],[29.4244865,36.7893164],[29.4245185,36.7892457],[29.4245399,36.7891725],[29.4245506,36.7890977],[29.4245503,36.7890225],[29.424539,36.7889478],[29.4245169,36.7888747],[29.4244844,36.7888041],[29.4244418,36.7887371],[29.4243549,36.7886087],[29.4242628,36.7884826],[29.4241655,36.7883591],[29.4241451,36.7882988],[29.4241361,36.7882367],[29.4241387,36.7881743],[29.4241526,36.7881131],[29.4241777,36.7880541],[29.4242133,36.7879988],[29.4242588,36.7879483],[29.424313,36.7879037],[29.4244438,36.7878882],[29.4245725,36.7878639],[29.4246982,36.7878308],[29.4248198,36.7877892],[29.4249366,36.7877394],[29.4250475,36.7876818],[29.425152,36.7876168],[29.4252491,36.7875449],[29.4253373,36.7874675],[29.425417,36.7873843],[29.4254877,36.787296],[29.4255487,36.7872032],[29.4255997,36.7871066],[29.4256403,36.7870069],[29.4256702,36.7869048],[29.4257081,36.7867443],[29.4257354,36.7865824],[29.4257519,36.7864195],[29.4257576,36.7862562],[29.4257526,36.7860929],[29.4257367,36.78593],[29.4257101,36.785768],[29.4256729,36.7856074],[29.4256273,36.7854565],[29.4255718,36.7853077],[29.4255067,36.7851615],[29.4254321,36.7850182],[29.4253482,36.7848783],[29.4252552,36.784742],[29.4251535,36.7846099],[29.4250432,36.7844822],[29.4249247,36.7843594],[29.4247983,36.7842417],[29.4246644,36.7841294],[29.4246182,36.7840548],[29.4245819,36.7839767],[29.4245561,36.783896],[29.424541,36.7838136],[29.4245367,36.7837337],[29.4245424,36.7836539],[29.4245581,36.7835749],[29.4245837,36.7834975],[29.4246188,36.7834227],[29.4247122,36.783212],[29.4247985,36.7829995],[29.4248196,36.782838],[29.4248295,36.7826758],[29.4248283,36.7825134],[29.424816,36.7823513],[29.4247925,36.78219],[29.4247581,36.7820299],[29.4247127,36.7818717],[29.4246602,36.7817252],[29.4245985,36.7815811],[29.4245275,36.7814397],[29.4244475,36.7813014],[29.4243587,36.7811666],[29.4242614,36.7810357],[29.4241558,36.780909],[29.4240421,36.7807868],[29.424117,36.7807007],[29.4241839,36.7806104],[29.4242423,36.7805164],[29.4242919,36.7804192],[29.4243326,36.7803194],[29.424364,36.7802175],[29.4243865,36.7801105],[29.4243989,36.7800025],[29.4244011,36.779894],[29.424393,36.7797858],[29.4243747,36.7796783],[29.4243383,36.7795118],[29.4242924,36.7793468],[29.4242371,36.7791837],[29.4241724,36.7790229],[29.4240986,36.7788645],[29.4240158,36.7787091],[29.4239241,36.7785569],[29.4236029,36.7780287],[29.4232777,36.777502],[29.4231588,36.7774099],[29.4230334,36.7773233],[29.4229021,36.7772427],[29.4227652,36.7771683],[29.4226232,36.7771003],[29.4224629,36.7770336],[29.4222977,36.7769752],[29.4221283,36.7769251],[29.4219553,36.7768836],[29.4217794,36.776851],[29.4216012,36.7768272],[29.4214216,36.7768124],[29.4212264,36.776804],[29.421031,36.7768036],[29.4208357,36.7768111],[29.4206412,36.7768265],[29.4204479,36.7768498],[29.4202564,36.7768809],[29.4200671,36.7769198],[29.4188896,36.7771325],[29.4187394,36.7771433],[29.4185887,36.7771451],[29.4184382,36.7771379],[29.4182888,36.7771218],[29.4181485,36.7770981],[29.4180108,36.7770666],[29.4178761,36.7770274],[29.4177453,36.7769806],[29.4176189,36.7769264],[29.4174977,36.7768653],[29.4173822,36.7767974],[29.4173271,36.7767108],[29.4172625,36.7766286],[29.4171891,36.7765513],[29.4171073,36.7764796],[29.4170179,36.776414],[29.4169215,36.776355],[29.4168189,36.7763032],[29.4167169,36.7762611],[29.4166108,36.7762261],[29.4165014,36.7761983],[29.4163894,36.7761781],[29.4162757,36.7761655],[29.4161611,36.7761607],[29.4160464,36.7761636],[29.4157992,36.776163],[29.4155522,36.7761529],[29.4153061,36.7761335],[29.4151965,36.7760681],[29.415081,36.7760096],[29.4149602,36.7759582],[29.414835,36.7759143],[29.414706,36.7758782],[29.4145739,36.7758499],[29.4144515,36.7758312],[29.4143278,36.7758193],[29.4142034,36.7758143],[29.4140788,36.7758161],[29.4139547,36.7758249],[29.4138317,36.7758405],[29.4137102,36.7758628],[29.4135734,36.7758686],[29.4134363,36.7758663],[29.4132998,36.775856],[29.4131647,36.7758376],[29.4130316,36.7758112],[29.4128976,36.775776],[29.4127673,36.7757328],[29.4126415,36.7756817],[29.4125208,36.7756232],[29.4124061,36.7755575],[29.4122979,36.775485],[29.4121969,36.7754062],[29.4121036,36.7753214],[29.4119481,36.7751908],[29.411785,36.7750664],[29.4116145,36.7749483],[29.4114372,36.7748371],[29.4112533,36.7747327],[29.4108671,36.7747005],[29.4107373,36.7746956],[29.4106083,36.7746827],[29.410481,36.774662],[29.410356,36.7746335],[29.4102341,36.7745974],[29.4101071,36.7745503],[29.4099854,36.774495],[29.4098698,36.7744318],[29.4097612,36.7743612],[29.4096601,36.7742837],[29.4093948,36.7740642],[29.4091363,36.7738395],[29.408885,36.7736097],[29.4086409,36.7733749],[29.4084134,36.773145],[29.4083828,36.7730909],[29.4083449,36.7730399],[29.4083003,36.7729925],[29.4082494,36.7729493],[29.4081929,36.7729108],[29.4081241,36.7728741],[29.4080502,36.7728444],[29.4079724,36.7728221],[29.4078917,36.7728077],[29.4078094,36.7728013],[29.4077138,36.772838],[29.4076143,36.7728672],[29.4075117,36.7728887],[29.407407,36.7729022],[29.4073057,36.7729076],[29.4072041,36.7729056],[29.4071033,36.7728961],[29.4070039,36.7728792],[29.4069069,36.7728552],[29.406813,36.7728241],[29.4067231,36.7727862],[29.4065866,36.7727202],[29.4064565,36.7726464],[29.4063334,36.7725653],[29.406218,36.7724772],[29.4061109,36.7723826],[29.4060127,36.7722821],[29.4059238,36.7721761],[29.4058076,36.7720238],[29.405701,36.7718672],[29.4056042,36.7717065],[29.4055174,36.7715422],[29.4054777,36.7714589],[29.405441,36.7713747],[29.4053832,36.7712216],[29.4053356,36.7710663],[29.4052985,36.7709092],[29.4052719,36.7707507],[29.4052559,36.7705913],[29.4052505,36.7704314],[29.4048724,36.7700275],[29.4048492,36.7699842],[29.4048341,36.7699387],[29.4048275,36.7698919],[29.4048294,36.7698449],[29.4048409,36.7697957],[29.4048617,36.7697485],[29.4048914,36.7697045],[29.4049292,36.7696647],[29.4049743,36.76963],[29.4050143,36.7695897],[29.4050471,36.7695455],[29.405072,36.769498],[29.4050887,36.7694483],[29.4050969,36.7693973],[29.4050963,36.7693458],[29.4050869,36.7692948],[29.4050637,36.7692111],[29.405031,36.7691295],[29.4049892,36.7690506],[29.4049385,36.768975],[29.4048795,36.7689035],[29.4048125,36.7688366],[29.4047382,36.7687749],[29.4046081,36.7686759],[29.4044714,36.7685828],[29.4043285,36.7684959],[29.4041798,36.7684154],[29.4040258,36.7683416],[29.4038669,36.7682747],[29.4037037,36.768215],[29.4035366,36.7681625],[29.4033695,36.7681397],[29.4032043,36.7681095],[29.4030414,36.7680719],[29.4028814,36.7680272],[29.4027247,36.7679753],[29.402572,36.7679165],[29.4024235,36.767851],[29.4022718,36.7677746],[29.402126,36.7676912],[29.4019866,36.7676011],[29.401854,36.7675046],[29.4017288,36.7674019],[29.4009536,36.7665682],[29.3996206,36.7656314],[29.3972951,36.7641939],[29.3972161,36.7640066],[29.3971472,36.7638166],[29.3970886,36.7636245],[29.3970472,36.763461],[29.3970133,36.7632964],[29.3969868,36.763131],[29.3969679,36.7629648],[29.39689,36.7623488],[29.3968016,36.7617336],[29.3967127,36.761179],[29.3966152,36.7606252],[29.3965092,36.7600725],[29.3963599,36.7593402],[29.3963456,36.7591919],[29.3963225,36.7590443],[29.3962906,36.7588977],[29.39625,36.7587526],[29.3962008,36.7586092],[29.3961343,36.7584482],[29.396057,36.7582904],[29.3959691,36.7581361],[29.3959221,36.7580602],[29.3958709,36.757986],[29.3957942,36.7578874],[29.3957102,36.7577927],[29.3956191,36.7577022],[29.3955215,36.7576163],[29.3954175,36.7575353],[29.3953076,36.7574595],[29.3951355,36.7573503],[29.3949568,36.7572481],[29.3947721,36.757153],[29.3945818,36.7570654],[29.3943862,36.7569855],[29.394186,36.7569133],[29.3939815,36.7568492],[29.3937734,36.7567933],[29.3936862,36.7567744],[29.3936013,36.7567498],[29.3935193,36.7567195],[29.3934408,36.7566837],[29.3933516,36.7566339],[29.3932691,36.7565771],[29.3931942,36.7565138],[29.3931277,36.7564449],[29.3930702,36.7563709],[29.3930224,36.7562926],[29.3929542,36.7561644],[29.3928965,36.7560329],[29.3928497,36.7558987],[29.3928138,36.7557623],[29.392789,36.7556243],[29.3927756,36.7555018],[29.3927703,36.755379],[29.3927729,36.7552561],[29.3927835,36.7551334],[29.3928021,36.7550114],[29.3927329,36.7549243],[29.392667,36.7548356],[29.3925715,36.7546949],[29.3924712,36.7545563],[29.3924216,36.7544909],[29.3923805,36.7544219],[29.3923482,36.75435],[29.392325,36.7542758],[29.3923113,36.7542012],[29.3923069,36.7541259],[29.3923118,36.7540506],[29.3923259,36.753976],[29.3923491,36.753903],[29.3922543,36.753746],[29.3921695,36.7535855],[29.3920947,36.7534217],[29.3920303,36.7532552],[29.3919763,36.7530863],[29.3919461,36.7529723],[29.3919064,36.7528602],[29.3918575,36.7527505],[29.3917994,36.7526436],[29.3917325,36.7525402],[29.3916571,36.7524405],[29.3915854,36.7523579],[29.3915079,36.7522788],[29.3914247,36.7522034],[29.3911993,36.751962],[29.3909812,36.7517163],[29.3907828,36.7514816],[29.3905909,36.7512435],[29.3899311,36.750544],[29.3895883,36.7501203],[29.3892485,36.7496951],[29.3889434,36.7493088],[29.3886302,36.7489267],[29.3883234,36.7485653],[29.3880093,36.7482078],[29.3878821,36.7480383],[29.3877489,36.7478717],[29.3876097,36.7477082],[29.3874648,36.747548],[29.387302,36.7473789],[29.3871327,36.7472139],[29.3869572,36.7470531],[29.3867755,36.7468968],[29.3866705,36.7468012],[29.3865587,36.7467107],[29.3864405,36.7466256],[29.3863162,36.7465463],[29.3861863,36.7464729],[29.3860513,36.7464057],[29.3859403,36.7463568],[29.3858266,36.7463122],[29.3855972,36.7462263],[29.3853635,36.7461482],[29.3851259,36.746078],[29.3850057,36.7460459],[29.3848823,36.746023],[29.3847567,36.7460096],[29.3846301,36.7460057],[29.3845037,36.7460113],[29.3843787,36.7460265],[29.3842561,36.746051],[29.384137,36.7460847],[29.3840223,36.7461271],[29.3839131,36.7461781],[29.3838103,36.746237],[29.3836459,36.7463194],[29.3834761,36.7463945],[29.3833015,36.7464622],[29.3831226,36.7465223],[29.3829399,36.7465744],[29.3827646,36.7466164],[29.3825871,36.7466521],[29.3824079,36.7466816],[29.3822272,36.7467048],[29.3820454,36.7467217],[29.3818881,36.7467311],[29.3817304,36.7467309],[29.3815731,36.7467212],[29.3814172,36.746702],[29.3812636,36.7466733],[29.3812082,36.7466605],[29.3811555,36.7466419],[29.3811063,36.7466179],[29.3810616,36.7465887],[29.3810222,36.7465551],[29.3809974,36.7465284],[29.3809759,36.7464998],[29.3809394,36.7464401],[29.3809132,36.746377],[29.3808977,36.7463117],[29.3808933,36.7462453],[29.3809001,36.746179],[29.3809165,36.7461179],[29.3809424,36.7460589],[29.3809774,36.7460031],[29.3810208,36.7459512],[29.3814902,36.7456599],[29.3816739,36.7453042],[29.3818134,36.7450486],[29.3819582,36.7447949],[29.3819886,36.7447403],[29.3820118,36.7446836],[29.3820277,36.7446253],[29.382036,36.744566],[29.3820366,36.7445021],[29.3820284,36.7444386],[29.3820116,36.7443762],[29.3819864,36.7443156],[29.3818984,36.7440621],[29.3818027,36.7438105],[29.3817626,36.7437113],[29.3817128,36.743615],[29.3816536,36.7435221],[29.3815854,36.7434333],[29.3815181,36.7433587],[29.3814444,36.7432881],[29.3813647,36.7432218],[29.3811415,36.743012],[29.3810346,36.7429129],[29.3809356,36.7428087],[29.3808448,36.7426997],[29.3807626,36.7425865],[29.3806893,36.7424694],[29.3806252,36.7423489],[29.3805841,36.7422587],[29.3805482,36.7421671],[29.3804655,36.7419869],[29.3803771,36.7418084],[29.380298,36.7416592],[29.3802149,36.7415114],[29.3800566,36.741213],[29.3799509,36.741009],[29.3798551,36.7408018],[29.3797696,36.7405918],[29.3797276,36.7404772],[29.3796886,36.7403619],[29.3795992,36.740134],[29.3795086,36.7399238],[29.3794101,36.739716],[29.379328,36.7395557],[29.3792551,36.7393926],[29.3791915,36.739227],[29.3791379,36.7390603],[29.3790736,36.7388961],[29.3789989,36.7387348],[29.3789139,36.7385768],[29.3788509,36.7384721],[29.3787833,36.7383693],[29.3786578,36.7381598],[29.3786162,36.738088],[29.3785665,36.7380196],[29.3785092,36.7379553],[29.3784446,36.7378954],[29.3783735,36.7378406],[29.3783109,36.7377999],[29.3782448,36.7377632],[29.3781753,36.7377305],[29.3779716,36.7376273],[29.3777626,36.737531],[29.3775487,36.7374418],[29.3773249,36.7373581],[29.3770968,36.7372821],[29.3768648,36.7372142],[29.3766294,36.7371543],[29.3763909,36.7371026],[29.3761499,36.7370592],[29.3760804,36.7370421],[29.3760092,36.73703],[29.375937,36.7370232],[29.3758643,36.7370216],[29.3757839,36.7370261],[29.3757045,36.7370369],[29.3756269,36.7370541],[29.3755518,36.7370775],[29.3754335,36.7371135],[29.3753184,36.7371556],[29.3752069,36.7372035],[29.3750995,36.7372571],[29.3749966,36.7373161],[29.3748935,36.7373839],[29.3747963,36.7374571],[29.3747053,36.7375352],[29.3746211,36.7376181],[29.3745633,36.7376821],[29.3744967,36.7377403],[29.3744221,36.7377919],[29.3743406,36.7378362],[29.3742532,36.7378727],[29.3741611,36.7379007],[29.3740692,36.7379195],[29.3739753,36.7379299],[29.3738805,36.7379319],[29.373786,36.7379254],[29.373693,36.7379104],[29.3725866,36.7377137],[29.3724791,36.7376846],[29.372375,36.7376484],[29.3722751,36.7376053],[29.37218,36.7375557],[29.3720904,36.7374999],[29.3720117,36.737442],[29.3719389,36.7373794],[29.3717956,36.7372527],[29.3716609,36.73712],[29.3715352,36.7369818],[29.3714308,36.7368541],[29.371334,36.7367226],[29.3711235,36.7364681],[29.3709619,36.7362833],[29.370792,36.7361033],[29.3706138,36.7359286],[29.3704175,36.7357503],[29.3702127,36.7355782],[29.3699996,36.7354127],[29.3699331,36.7353537],[29.3698607,36.7352993],[29.3697829,36.73525],[29.3697003,36.735206],[29.3696134,36.7351677],[29.3695536,36.7351454],[29.3694923,36.7351259],[29.369368,36.7350909],[29.369241,36.7350629],[29.3691118,36.7350419],[29.3690297,36.7350324],[29.3689471,36.7350257],[29.3687815,36.7350165],[29.3686155,36.7350143],[29.3684497,36.7350192],[29.3682843,36.7350312],[29.3681568,36.7350453],[29.3680282,36.7350512],[29.3678995,36.7350491],[29.3677714,36.7350388],[29.3676446,36.7350204],[29.3675193,36.7349939],[29.367397,36.7349594],[29.3672785,36.7349173],[29.3671645,36.7348678],[29.3669205,36.7347484],[29.3666795,36.7346252],[29.3664417,36.7344981],[29.3662836,36.7344105],[29.3661299,36.7343179],[29.3659809,36.7342206],[29.3658368,36.7341187],[29.3657617,36.7340621],[29.3656925,36.7340008],[29.36563,36.7339352],[29.3655744,36.7338656],[29.3655261,36.7337926],[29.3654855,36.7337167],[29.3654636,36.7336668],[29.3654451,36.733616],[29.3654134,36.7335133],[29.3653906,36.7334092],[29.3653768,36.733304],[29.3653722,36.7332167],[29.3653738,36.7331294],[29.3653792,36.7329548],[29.3653929,36.7327805],[29.3654129,36.7326205],[29.3654399,36.7324612],[29.365474,36.7323027],[29.365515,36.7321453],[29.3655416,36.7320086],[29.3655765,36.7318731],[29.3656195,36.731739],[29.3656705,36.7316068],[29.3657295,36.7314768],[29.3657812,36.7313766],[29.3658432,36.7312802],[29.3659151,36.7311884],[29.3659964,36.7311017],[29.3660882,36.7310194],[29.3661867,36.7309421],[29.3662913,36.7308703],[29.3664017,36.7308043],[29.3665124,36.7307467],[29.3666274,36.7306949],[29.3667464,36.730649],[29.3668179,36.7306239],[29.3668928,36.7306059],[29.3669698,36.7305953],[29.3670478,36.7305922],[29.367093,36.7305939],[29.3671379,36.7305981],[29.3672283,36.7305966],[29.367318,36.7305877],[29.3674062,36.7305715],[29.3674918,36.7305481],[29.3675549,36.7305257],[29.3676157,36.7304993],[29.3677357,36.7304444],[29.3678512,36.7303837],[29.3679335,36.7303351],[29.36801,36.7302806],[29.3680797,36.7302207],[29.3681423,36.7301559],[29.3681971,36.7300867],[29.3682437,36.7300137],[29.3682817,36.7299376],[29.3683027,36.7298835],[29.3683194,36.7298284],[29.3683462,36.7297171],[29.3683621,36.7296044],[29.3683661,36.7295433],[29.3683603,36.7294823],[29.3683447,36.7294225],[29.3683197,36.7293647],[29.3682857,36.7293099],[29.3682389,36.7292548],[29.368183,36.7292054],[29.3681191,36.7291628],[29.3680483,36.7291277],[29.3680221,36.7291008],[29.3680018,36.7290708],[29.367988,36.7290385],[29.3679812,36.729007],[29.3679806,36.7289751],[29.3680832,36.7287531],[29.3680913,36.7287038],[29.3680909,36.728654],[29.3680822,36.7286047],[29.3680652,36.7285569],[29.3680403,36.7285113],[29.3680057,36.7284665],[29.3679635,36.7284261],[29.3679145,36.7283909],[29.3678597,36.7283618],[29.3678002,36.7283393],[29.3676605,36.7282698],[29.367527,36.7281928],[29.3674004,36.7281087],[29.3672812,36.7280179],[29.3672086,36.7279561],[29.3671304,36.7278987],[29.3670472,36.7278461],[29.3669593,36.7277987],[29.3668563,36.7277519],[29.3667487,36.7277122],[29.3666375,36.7276797],[29.3665232,36.7276547],[29.3664068,36.7276374],[29.3662743,36.7276006],[29.3661451,36.7275568],[29.3660199,36.7275063],[29.365899,36.7274492],[29.3657832,36.7273859],[29.3657101,36.727341],[29.3656394,36.7272936],[29.3655027,36.7271947],[29.3653734,36.7270896],[29.3652521,36.7269785],[29.3651596,36.7268841],[29.3650728,36.7267862],[29.3648998,36.7265901],[29.3647333,36.7263905],[29.3645735,36.7261874],[29.3644086,36.7259646],[29.3642516,36.7257381],[29.3641967,36.7256612],[29.3641514,36.7255804],[29.3641162,36.7254964],[29.3640914,36.72541],[29.3640773,36.7253221],[29.3640739,36.7252388],[29.36408,36.7251556],[29.3640957,36.7250732],[29.3641208,36.7249923],[29.3641551,36.7249136],[29.3642549,36.7246502],[29.3643509,36.7243858],[29.3644434,36.7241192],[29.3645319,36.7238516],[29.3645891,36.7237215],[29.3646567,36.7235947],[29.3647343,36.7234716],[29.3648216,36.7233528],[29.3649008,36.7232584],[29.3649861,36.7231674],[29.3650774,36.7230802],[29.3651743,36.722997],[29.3655244,36.7225552],[29.3656003,36.7223874],[29.3656835,36.7222218],[29.3657738,36.7220586],[29.3658105,36.7219963],[29.3658401,36.7219317],[29.3658623,36.7218651],[29.3658769,36.7217972],[29.3658838,36.7217286],[29.3658831,36.7216632],[29.3658755,36.7215981],[29.3658609,36.7215337],[29.3658395,36.7214706],[29.3658111,36.721425],[29.36579,36.721377],[29.3657767,36.7213272],[29.3657712,36.7212764],[29.3657738,36.7212255],[29.3657842,36.7211757],[29.3658023,36.7211273],[29.3658277,36.7210811],[29.3658601,36.7210378],[29.3659508,36.7208514],[29.3660587,36.7206419],[29.3661721,36.7204343],[29.3662928,36.7194496],[29.3663437,36.7192179],[29.3663878,36.7189852],[29.3664249,36.7187517],[29.3664551,36.7185176],[29.3664822,36.7182342],[29.3664992,36.7179504],[29.366506,36.7176662],[29.3664947,36.7175429],[29.366472,36.7174205],[29.366438,36.7172999],[29.366393,36.7171816],[29.3663371,36.7170663],[29.3662698,36.7169534],[29.3661921,36.7168448],[29.3661044,36.7167413],[29.3660073,36.7166433],[29.3659012,36.7165514],[29.3658855,36.7165045],[29.365862,36.7164597],[29.3658311,36.7164178],[29.3657934,36.7163797],[29.3657497,36.7163461],[29.3657029,36.7163186],[29.3656521,36.7162963],[29.3655981,36.7162794],[29.3654911,36.7160432],[29.3653902,36.7158053],[29.3653029,36.715585],[29.365222,36.7153632],[29.3651475,36.7151399],[29.3650792,36.7149139],[29.3650175,36.7146866],[29.3649624,36.7144583],[29.364881,36.714345],[29.3648081,36.714228],[29.3647438,36.7141078],[29.3647069,36.7140283],[29.3646775,36.7139468],[29.3646556,36.7138638],[29.3646415,36.7137797],[29.3646352,36.713695],[29.3646363,36.713618],[29.3646438,36.7135412],[29.3646644,36.7133881],[29.3646969,36.7132363],[29.3647411,36.7130865],[29.3647841,36.7129705],[29.3648183,36.7128528],[29.3648436,36.7127335],[29.3648601,36.7126133],[29.3648675,36.7124925],[29.3648659,36.7123716],[29.3648602,36.7122956],[29.364851,36.71222],[29.3648289,36.7120689],[29.3647994,36.7119187],[29.3647626,36.7117695],[29.3647226,36.7116338],[29.3646765,36.7114994],[29.3646245,36.7113663],[29.364481,36.7109395],[29.3644621,36.7108859],[29.3644329,36.7108353],[29.3643942,36.710789],[29.3643469,36.7107482],[29.3643187,36.7107291],[29.3642886,36.7107119],[29.3642262,36.7106803],[29.3641604,36.7106535],[29.3640744,36.7106274],[29.3639915,36.7105955],[29.3639021,36.7105527],[29.3638182,36.7105033],[29.3637407,36.7104477],[29.3637001,36.710345],[29.3636642,36.7102412],[29.363632,36.710132],[29.3635903,36.7100249],[29.3635395,36.7099203],[29.3635049,36.7098593],[29.3634671,36.7097994],[29.3633873,36.7096816],[29.3633001,36.7095671],[29.3631998,36.7094495],[29.3630948,36.7093346],[29.362985,36.7092226],[29.3628722,36.709115],[29.3627645,36.7090042],[29.3626618,36.7088903],[29.3625732,36.7087846],[29.362492,36.7086752],[29.3624184,36.7085624],[29.3623659,36.7084716],[29.3623202,36.7083785],[29.3622813,36.7082834],[29.3622494,36.7081867],[29.3622328,36.7081247],[29.3622084,36.7080645],[29.3621763,36.7080066],[29.3621431,36.7079594],[29.3621036,36.7079155],[29.3620584,36.7078753],[29.362008,36.7078394],[29.3619556,36.7078094],[29.3618996,36.707784],[29.3618407,36.7077635],[29.3617793,36.707748],[29.3617549,36.7077391],[29.3617339,36.7077258],[29.3617176,36.7077087],[29.3617051,36.7076833],[29.3617029,36.7076561],[29.3617033,36.7075651],[29.3617116,36.7074744],[29.3617265,36.7073898],[29.3617493,36.7073064],[29.3617797,36.7072246],[29.3618175,36.7071448],[29.3618652,36.7070636],[29.3619207,36.7069855],[29.3619836,36.7069112],[29.3620536,36.7068411],[29.3621264,36.7067904],[29.3622049,36.7067455],[29.3622883,36.7067067],[29.3623883,36.7066704],[29.3624927,36.7066428],[29.3626001,36.7066244],[29.3626648,36.7066092],[29.3627271,36.7065883],[29.3627862,36.7065621],[29.3628413,36.7065308],[29.3628918,36.7064949],[29.362929,36.7064625],[29.3629598,36.7064261],[29.3629835,36.7063864],[29.3629997,36.7063443],[29.3630078,36.7063008],[29.3630078,36.7062567],[29.3629983,36.7062089],[29.3629793,36.7061629],[29.3629511,36.7061201],[29.3629146,36.7060815],[29.3629699,36.7059155],[29.3630353,36.7057519],[29.3631153,36.7055816],[29.3632063,36.7054149],[29.3632193,36.7053867],[29.3632247,36.705357],[29.3632224,36.7053271],[29.3632123,36.7052982],[29.3631954,36.7052722],[29.3631723,36.7052495],[29.3631439,36.705231],[29.3630769,36.7051987],[29.3630138,36.7051617],[29.3629476,36.7051143],[29.3628878,36.7050618],[29.362835,36.7050046],[29.3627898,36.7049434],[29.3627357,36.7048944],[29.3626756,36.7048501],[29.36261,36.7048111],[29.3625397,36.7047778],[29.3624767,36.7047542],[29.3624113,36.7047351],[29.3622851,36.7046881],[29.3621615,36.704637],[29.3620916,36.7046057],[29.3620268,36.7045681],[29.3619797,36.7045344],[29.3619366,36.7044974],[29.361898,36.7044574],[29.3618142,36.704408],[29.3617371,36.704352],[29.3616996,36.7043203],[29.3616685,36.7042843],[29.3616445,36.704245],[29.3616309,36.7042117],[29.3616223,36.7041773],[29.3616191,36.7041424],[29.3617847,36.7039257],[29.3618978,36.7037803],[29.362014,36.7036365],[29.3621352,36.7034921],[29.3622594,36.7033494],[29.3623828,36.7032364],[29.3625142,36.7031295],[29.362657,36.7030265],[29.3628073,36.7029306],[29.3629004,36.7028691],[29.3629883,36.7028029],[29.3630707,36.7027323],[29.3631472,36.7026575],[29.3632186,36.7025776],[29.3632833,36.7024942],[29.363341,36.7024075],[29.363402,36.7023323],[29.363469,36.7022606],[29.3635418,36.7021925],[29.36362,36.7021285],[29.3637136,36.7020618],[29.3638132,36.7020009],[29.3639181,36.7019461],[29.3642195,36.7017672],[29.3643888,36.7016689],[29.3645626,36.7015757],[29.3647404,36.7014876],[29.3649222,36.7014048],[29.3650281,36.7013598],[29.3651294,36.7013083],[29.3652254,36.7012508],[29.3653157,36.7011875],[29.3653996,36.7011188],[29.3654766,36.7010453],[29.3655464,36.7009673],[29.3656084,36.7008852],[29.3656625,36.7007995],[29.3657556,36.7006558],[29.3658402,36.7005087],[29.365916,36.7003586],[29.365945,36.7002952],[29.3659655,36.7002296],[29.3659773,36.7001627],[29.3659803,36.7000952],[29.3659731,36.7000193],[29.3659548,36.6999447],[29.3659239,36.6997948],[29.3658878,36.6996457],[29.3658635,36.6995564],[29.3658291,36.6994694],[29.3657847,36.6993852],[29.3657308,36.6993047],[29.3656678,36.6992285],[29.3656036,36.6991639],[29.3655318,36.6991046],[29.3654533,36.6990511],[29.3653732,36.6990062],[29.3652884,36.6989674],[29.3651995,36.698935],[29.3651073,36.6989092],[29.3650374,36.6988591],[29.3649749,36.6988032],[29.3649206,36.698742],[29.3648751,36.6986763],[29.364839,36.698607],[29.3648174,36.6985499],[29.3648022,36.6984914],[29.3647561,36.698378],[29.3647009,36.6982672],[29.364636,36.6981581],[29.3645778,36.6980465],[29.3645266,36.6979328],[29.3644906,36.6978403],[29.3644622,36.6977461],[29.3644415,36.6976506],[29.3644287,36.6975543],[29.3644239,36.6974709],[29.36441,36.6973882],[29.3643869,36.6973068],[29.3643549,36.6972274],[29.3643326,36.697183],[29.3643075,36.6971395],[29.3642497,36.6970557],[29.3641819,36.6969769],[29.3641195,36.6969165],[29.3640512,36.6968604],[29.3639776,36.6968088],[29.3638991,36.6967621],[29.3636126,36.6965505],[29.3632096,36.6962623],[29.3631152,36.6962031],[29.3630156,36.6961496],[29.3629114,36.696102],[29.3628032,36.6960607],[29.3627134,36.696032],[29.3626217,36.6960076],[29.3625283,36.6959876],[29.3624613,36.6959487],[29.3624012,36.6959031],[29.3623493,36.6958515],[29.3623092,36.6957993],[29.3622627,36.6957506],[29.3622101,36.6957061],[29.3621521,36.695666],[29.3620852,36.695629],[29.3620137,36.695598],[29.3618772,36.6955273],[29.3617663,36.6954672],[29.3616613,36.6954006],[29.3615626,36.6953281],[29.3614709,36.6952499],[29.3613919,36.6951722],[29.3613198,36.6950903],[29.3612549,36.6950047],[29.3612394,36.6949713],[29.3612315,36.6949362],[29.3612316,36.6949005],[29.3612395,36.6948655],[29.3612529,36.6948359],[29.3612719,36.6948084],[29.361296,36.6947837],[29.3613247,36.6947622],[29.3617585,36.6946477],[29.3618855,36.6945059],[29.3620187,36.6943678],[29.3621582,36.6942337],[29.3622573,36.6941441],[29.3623592,36.6940565],[29.3625537,36.6938747],[29.3627416,36.6936885],[29.3629095,36.6935123],[29.3630715,36.6933326],[29.3635972,36.692997],[29.3636546,36.6929623],[29.3637047,36.6929208],[29.3637462,36.6928737],[29.3637781,36.692822],[29.3637997,36.6927669],[29.3638095,36.6927189],[29.3638114,36.6926702],[29.3638054,36.6926218],[29.3637916,36.6925744],[29.3635315,36.692226],[29.3632793,36.6919034],[29.3633171,36.6917903],[29.3633619,36.691679],[29.3634138,36.6915696],[29.3634725,36.6914625],[29.3635439,36.6913489],[29.3636231,36.6912386],[29.3637097,36.6911321],[29.3638035,36.6910295],[29.3639043,36.6909312],[29.3639786,36.690838],[29.364043,36.6907402],[29.3640971,36.6906384],[29.3641403,36.6905333],[29.3641688,36.6904407],[29.3641888,36.6903467],[29.3642004,36.6902518],[29.3642035,36.6901565],[29.364198,36.6900612],[29.3642394,36.6899077],[29.364291,36.6897563],[29.3643529,36.6896073],[29.3644246,36.6894612],[29.3644836,36.689356],[29.3645503,36.689254],[29.3646246,36.6891553],[29.3647062,36.6890604],[29.3647948,36.6889697],[29.3649058,36.6888701],[29.3650228,36.688775],[29.3651221,36.6887012],[29.3652249,36.6886305],[29.3653312,36.6885632],[29.3654021,36.6884979],[29.3654671,36.6884288],[29.3655258,36.6883561],[29.365578,36.6882804],[29.3656267,36.6881955],[29.3656672,36.6881079],[29.3656993,36.6880181],[29.3657228,36.6879265],[29.3658883,36.6875638],[29.3660487,36.6871995],[29.3661682,36.6869198],[29.3662848,36.6866392],[29.3663437,36.6865323],[29.3664109,36.6864286],[29.3664859,36.6863284],[29.3665507,36.686252],[29.3666201,36.6861782],[29.366694,36.6861072],[29.3669097,36.6858907],[29.3671499,36.6856636],[29.3673985,36.6854423],[29.3676554,36.6852272],[29.367784,36.6851014],[29.3679057,36.6849713],[29.3680202,36.684837],[29.3681272,36.6846989],[29.3682267,36.6845571],[29.3682909,36.6844571],[29.3683513,36.6843556],[29.3684689,36.6841514],[29.3685794,36.6839446],[29.3686827,36.6837355],[29.3687844,36.6835108],[29.3688779,36.6832838],[29.3689629,36.6830547],[29.3690006,36.6829101],[29.3690274,36.682764],[29.3690434,36.6826169],[29.3690478,36.6825283],[29.3690593,36.68244],[29.369078,36.6823526],[29.3691038,36.6822663],[29.3691319,36.6821923],[29.3691652,36.6821196],[29.3692373,36.6819761],[29.3693197,36.6818361],[29.3693857,36.6817372],[29.3694605,36.6816424],[29.3695437,36.6815523],[29.3696348,36.6814672],[29.3696987,36.6814144],[29.3697656,36.6813642],[29.3698905,36.6812565],[29.3700093,36.6811445],[29.3701217,36.6810284],[29.3702239,36.6809126],[29.3703197,36.6807934],[29.3704091,36.6806709],[29.3704918,36.6805455],[29.3705136,36.6804819],[29.3705275,36.6804169],[29.3705332,36.6803511],[29.3705307,36.6802852],[29.3705227,36.6802321],[29.3705223,36.6801786],[29.3705294,36.6801255],[29.3705441,36.6800733],[29.3705712,36.6800133],[29.3706082,36.6799567],[29.3706544,36.6799047],[29.3707091,36.6798582],[29.3708019,36.6798064],[29.3708892,36.6797487],[29.3709703,36.6796855],[29.3710447,36.6796171],[29.3711118,36.6795441],[29.3711713,36.6794669],[29.3712227,36.6793861],[29.3712656,36.6793021],[29.3712956,36.679228],[29.3713189,36.6791524],[29.3713618,36.6790006],[29.3713942,36.678847],[29.3714158,36.6786923],[29.3714264,36.6785461],[29.3714259,36.6783997],[29.3714143,36.6782536],[29.3713917,36.6781083],[29.3713576,36.6779625],[29.3713153,36.6778181],[29.3712649,36.6776754],[29.3712227,36.6775712],[29.3711761,36.6774683],[29.3710799,36.6772634],[29.370984,36.6770751],[29.3708928,36.6768853],[29.3708235,36.676733],[29.3707573,36.6765799],[29.3707225,36.6764987],[29.3706959,36.6764155],[29.3706775,36.6763309],[29.3706677,36.6762466],[29.3706662,36.676162],[29.3706729,36.6760776],[29.3706369,36.6759432],[29.3706091,36.6758076],[29.3705873,36.6756476],[29.3705736,36.6754871],[29.3705687,36.6753602],[29.3705689,36.6752332],[29.3705695,36.6751787],[29.3705626,36.6751245],[29.3705482,36.6750713],[29.3705265,36.6750196],[29.3704978,36.6749702],[29.3704615,36.6749225],[29.3704187,36.6748784],[29.3703451,36.6747837],[29.3702772,36.6746863],[29.3702294,36.6746102],[29.3701758,36.6745368],[29.3701165,36.6744661],[29.3700519,36.6743985],[29.3699735,36.6743269],[29.3699005,36.6742516],[29.3698331,36.6741731],[29.3697716,36.6740914],[29.3697217,36.674016],[29.3696811,36.6739371],[29.3696526,36.6738633],[29.3696322,36.6737878],[29.3696201,36.6737112],[29.3695825,36.6735907],[29.3695416,36.6734708],[29.369515,36.673377],[29.3694955,36.673282],[29.3694833,36.6731863],[29.3694792,36.6731242],[29.369468,36.6730628],[29.3694498,36.6730024],[29.3694263,36.6729471],[29.369397,36.6728938],[29.3693619,36.6728426],[29.3693183,36.6727658],[29.3692818,36.6726866],[29.3692526,36.6726055],[29.3692369,36.6725484],[29.3692133,36.6724932],[29.3691822,36.6724403],[29.3691445,36.6723912],[29.3691133,36.6723392],[29.369089,36.6722849],[29.3690745,36.6722396],[29.3690647,36.6721935],[29.369047,36.672101],[29.369036,36.6720079],[29.369032,36.6719294],[29.369034,36.6718507],[29.3690421,36.6717724],[29.3690546,36.6717014],[29.3690757,36.6716318],[29.3691052,36.6715642],[29.3691427,36.6714991],[29.3691857,36.6714399],[29.3692355,36.6713842],[29.3692915,36.6713324],[29.3693483,36.6711727],[29.3694101,36.6710127],[29.3694819,36.6708554],[29.3695667,36.6706961],[29.3696583,36.6705392],[29.3697566,36.670385],[29.3699023,36.6701796],[29.3699936,36.6700587],[29.3701345,36.6698883],[29.3702839,36.6697227],[29.370587,36.6693462],[29.3706933,36.6692126],[29.370793,36.6690758],[29.3708859,36.6689359],[29.3709719,36.6687933],[29.3710269,36.6686939],[29.3710728,36.6685916],[29.3711095,36.6684869],[29.3711367,36.6683803],[29.3711544,36.6682725],[29.3711624,36.668164],[29.3711614,36.6680702],[29.3711533,36.6679767],[29.3711379,36.6678838],[29.3711154,36.6677918],[29.3711375,36.6676293],[29.3711666,36.6674675],[29.3712026,36.6673066],[29.3712518,36.6671254],[29.3712925,36.6669428],[29.3713246,36.6667591],[29.3713513,36.6665438],[29.3713662,36.6663277],[29.3713865,36.666037],[29.3714172,36.6657468],[29.3714508,36.665504],[29.3714736,36.6652605],[29.3714856,36.6650164],[29.3714865,36.6647678],[29.3714762,36.6645194],[29.3714825,36.6644075],[29.3714967,36.6642961],[29.3715188,36.6641856],[29.3715486,36.6640762],[29.371592,36.663953],[29.3716453,36.6638324],[29.3717082,36.6637147],[29.3717398,36.6636416],[29.3717607,36.6635661],[29.3717705,36.6634891],[29.3717691,36.6634117],[29.3717565,36.663335],[29.3717365,36.6632695],[29.3717084,36.6632061],[29.3716725,36.6631452],[29.3716291,36.6630875],[29.3715892,36.6629598],[29.3715579,36.6628306],[29.3715352,36.6627003],[29.3715232,36.6625941],[29.3715169,36.6624875],[29.3715088,36.6622744],[29.371511,36.6620612],[29.3715219,36.6618686],[29.3715412,36.6616764],[29.3715688,36.6614849],[29.3716047,36.6612943],[29.371649,36.6611047],[29.3717015,36.6609166],[29.3717276,36.6607929],[29.3717429,36.660668],[29.3717472,36.6605426],[29.3717406,36.6604173],[29.3717229,36.6602926],[29.3717047,36.6602083],[29.3716814,36.6601248],[29.3716322,36.6599583],[29.3715754,36.6597934],[29.3715417,36.6597054],[29.3714993,36.6596199],[29.3714484,36.6595375],[29.3713893,36.6594586],[29.3713224,36.6593838],[29.3712482,36.6593136],[29.3711626,36.6592451],[29.37107,36.6591827],[29.3708983,36.6590464],[29.3707333,36.6589048],[29.3705752,36.6587582],[29.3704275,36.6586101],[29.3702869,36.6584575],[29.3701537,36.6583008],[29.3700279,36.6581402],[29.369941,36.6580717],[29.3698591,36.6579994],[29.3697824,36.6579234],[29.3697113,36.657844],[29.3696314,36.6577417],[29.3695607,36.6576351],[29.3694995,36.6575248],[29.3694482,36.6574113],[29.369407,36.6572951],[29.369376,36.657177],[29.3692487,36.6566725],[29.3691289,36.6561668],[29.3690861,36.6559986],[29.3690487,36.6558297],[29.3690166,36.65566],[29.3689794,36.6554117],[29.3689536,36.6551624],[29.3689394,36.6549125],[29.3689365,36.6546624],[29.3689452,36.6544124],[29.3689654,36.6541628],[29.368997,36.653914],[29.36904,36.6536662],[29.3690944,36.65342],[29.3691077,36.6532898],[29.3691108,36.6531593],[29.3691037,36.6530288],[29.3690863,36.652899],[29.3690588,36.6527703],[29.3690212,36.6526432],[29.3689737,36.6525183],[29.3689174,36.6523979],[29.3688518,36.6522806],[29.3687771,36.6521668],[29.3686936,36.6520571],[29.3686016,36.6519517],[29.3685016,36.6518513],[29.3683913,36.6517539],[29.3682734,36.6516625],[29.3681485,36.6515774],[29.3680169,36.6514989],[29.3678793,36.6514273],[29.3673678,36.6512917],[29.3668591,36.6511497],[29.3663532,36.6510013],[29.3658207,36.6508372],[29.3652918,36.6506661],[29.3642288,36.6503342],[29.3633074,36.6500494],[29.3623848,36.6497671],[29.3622884,36.6497321],[29.3621957,36.6496912],[29.3621072,36.6496447],[29.3620234,36.6495928],[29.3619449,36.6495358],[29.3618955,36.649495],[29.3618488,36.6494522],[29.3617602,36.6493635],[29.3616793,36.6492701],[29.3616067,36.6491724],[29.3615426,36.649071],[29.3614875,36.6489663],[29.3614399,36.6488593],[29.3614001,36.6487503],[29.3613681,36.6486396],[29.3613441,36.6485276],[29.3613312,36.6484411],[29.361323,36.6483541],[29.361311,36.6481801],[29.3613079,36.6480058],[29.3613149,36.6478166],[29.3613325,36.647628],[29.3613616,36.6472504],[29.3613833,36.6470014],[29.3614165,36.6467533],[29.36144,36.6466163],[29.3614669,36.6464797],[29.3615246,36.6462071],[29.3615895,36.6459355],[29.3616551,36.645689],[29.3617266,36.6454436],[29.3618712,36.6449531],[29.3620172,36.6444832],[29.3621701,36.6440148],[29.3623298,36.6435478],[29.3627737,36.6422533],[29.3628565,36.642036],[29.3629496,36.6418214],[29.3630527,36.6416098],[29.363142,36.6414435],[29.3632375,36.6412795],[29.3633392,36.6411179],[29.363447,36.6409588],[29.3637392,36.6404901],[29.364037,36.6400236],[29.364307,36.6393538],[29.3643593,36.6392229],[29.364422,36.639095],[29.3644615,36.6390248],[29.3645041,36.6389558],[29.3645928,36.6388192],[29.364688,36.6386855],[29.3647894,36.6385547],[29.3648686,36.6384599],[29.3649511,36.638367],[29.3651167,36.6381813],[29.3653133,36.6379689],[29.365515,36.6377595],[29.3657048,36.6375195],[29.3659033,36.6372841],[29.3661104,36.6370535],[29.3663003,36.636854],[29.3664966,36.6366584],[29.3666992,36.636467],[29.3667686,36.6363915],[29.3668303,36.6363118],[29.366884,36.6362284],[29.3669294,36.6361418],[29.366966,36.6360527],[29.3669947,36.6359581],[29.3670136,36.635862],[29.3670226,36.635765],[29.3670217,36.6356676],[29.3670109,36.6355707],[29.3669902,36.6354748],[29.3670199,36.6354045],[29.3670407,36.6353322],[29.3670523,36.6352585],[29.3670546,36.6351843],[29.3670477,36.6351103],[29.3670315,36.6350372],[29.3670063,36.6349658],[29.3669698,36.6348924],[29.3669237,36.6348226],[29.3668686,36.6347571],[29.3668051,36.6346967],[29.3666817,36.6346017],[29.3665518,36.6345124],[29.3664158,36.6344292],[29.366274,36.6343524],[29.3661456,36.6342905],[29.3660131,36.6342345],[29.365877,36.6341844],[29.3657376,36.6341404],[29.3655954,36.6341027],[29.3654682,36.6340747],[29.3653393,36.6340518],[29.3650862,36.6339922],[29.3648364,36.633924],[29.3646634,36.6338712],[29.3644943,36.6338108],[29.3643296,36.633743],[29.3641698,36.6336679],[29.3640372,36.633598],[29.3639107,36.633521],[29.3637911,36.6334374],[29.3636788,36.6333473],[29.3635744,36.6332514],[29.3634749,36.6331461],[29.3633849,36.6330354],[29.3633048,36.63292],[29.3628958,36.6324238],[29.3625189,36.6319707],[29.3622279,36.6316242],[29.3621904,36.631581],[29.3621601,36.6315342],[29.3621374,36.6314848],[29.3621229,36.6314334],[29.3621166,36.631381],[29.3621187,36.6313285],[29.3621291,36.6312767],[29.3621477,36.6312264],[29.362174,36.6311784],[29.3622078,36.6311334],[29.3621833,36.6310006],[29.3621682,36.6308669],[29.3621625,36.6307328],[29.3621662,36.6305985],[29.3621753,36.630498],[29.3621747,36.6303972],[29.3621645,36.6302967],[29.3621448,36.6301971],[29.362112,36.6300888],[29.362086,36.6299794],[29.362067,36.629869],[29.3620549,36.629758],[29.3620497,36.6296408],[29.3620523,36.6295236],[29.3620429,36.6292893],[29.3620267,36.6290552],[29.3620007,36.6287944],[29.3619663,36.6285343],[29.3619235,36.6282749],[29.3616714,36.627838],[29.3615522,36.627644],[29.36144,36.6274474],[29.3613348,36.6272483],[29.3612368,36.6270469],[29.3611554,36.626865],[29.3610797,36.6266816],[29.360927,36.626315],[29.3608484,36.6261215],[29.3607751,36.6259267],[29.3607071,36.6257306],[29.3606463,36.6255393],[29.3605953,36.6253462],[29.3605542,36.6251515],[29.3605297,36.6250031],[29.3605109,36.6248542],[29.3604979,36.6247049],[29.3604977,36.624551],[29.3605066,36.6243973],[29.3605247,36.6242442],[29.3605478,36.6241121],[29.3605777,36.6239808],[29.3606414,36.6237189],[29.3607117,36.6234715],[29.3607916,36.623226],[29.3608553,36.6231344],[29.3609283,36.6230475],[29.3610101,36.6229657],[29.3611002,36.6228898],[29.3611979,36.6228202],[29.3612523,36.6227863],[29.361311,36.6227575],[29.3613736,36.6227344],[29.361439,36.6227172],[29.3615064,36.6227061],[29.3615768,36.6227013],[29.3616475,36.6227031],[29.3617174,36.6227116],[29.3617856,36.6227267],[29.3618511,36.6227481],[29.361922,36.6227654],[29.3619953,36.6227745],[29.3620694,36.6227754],[29.362143,36.622768],[29.3622145,36.6227524],[29.3622815,36.6227294],[29.3623439,36.6226993],[29.3624006,36.6226626],[29.3624505,36.62262],[29.3628167,36.6222196],[29.3634416,36.6217944],[29.3635309,36.6217046],[29.3636136,36.6216107],[29.3636894,36.6215132],[29.3637581,36.6214123],[29.3638258,36.6212968],[29.3638389,36.6212701],[29.3638841,36.621178],[29.3639328,36.6210565],[29.3639717,36.6209327],[29.3640007,36.6208072],[29.3640196,36.6206804],[29.3642315,36.6201594],[29.3642655,36.620066],[29.3642881,36.6199704],[29.3642992,36.6198735],[29.3642986,36.6197762],[29.3642884,36.619691],[29.3642693,36.6196067],[29.3642413,36.6195241],[29.3642047,36.6194436],[29.3641722,36.6192965],[29.3641494,36.6191482],[29.3641363,36.6189991],[29.3641329,36.6188635],[29.3641376,36.6187278],[29.3641343,36.6186588],[29.3641378,36.6185897],[29.3641484,36.6185211],[29.3641658,36.6184534],[29.3641868,36.6183948],[29.364213,36.6183375],[29.3642491,36.6182192],[29.3642742,36.618099],[29.3642879,36.6179776],[29.3642906,36.6179059],[29.3642894,36.6178341],[29.364302,36.6176911],[29.3643257,36.6175489],[29.3643603,36.6174082],[29.364393,36.617305],[29.3644335,36.6172036],[29.3644816,36.6171044],[29.3645373,36.6170077],[29.3645762,36.6169482],[29.3646179,36.61689],[29.3647047,36.6167751],[29.3647975,36.6166633],[29.3649235,36.6165263],[29.3650585,36.616395],[29.3652021,36.6162697],[29.365354,36.6161509],[29.3655405,36.6159725],[29.3657181,36.6157883],[29.3658864,36.6155987],[29.3660495,36.6153986],[29.3662024,36.6151933],[29.3663448,36.6149833],[29.3664765,36.6147688],[29.3665972,36.6145502],[29.3666952,36.6144216],[29.3667853,36.6142894],[29.3668676,36.6141539],[29.3669418,36.6140154],[29.3670076,36.6138742],[29.3670598,36.6137448],[29.367105,36.6136138],[29.3672078,36.6133547],[29.3673161,36.613097],[29.3674607,36.612773],[29.3675957,36.6124465],[29.3677211,36.6121174],[29.3677685,36.6119851],[29.367807,36.611851],[29.3678366,36.6117154],[29.3678572,36.6115787],[29.3678686,36.6114413],[29.3678708,36.6113008],[29.3678635,36.6111604],[29.3678467,36.6110205],[29.3678205,36.6108815],[29.3677848,36.610744],[29.3677399,36.6106081],[29.3677244,36.6104703],[29.3676975,36.6103336],[29.3676593,36.6101986],[29.3676098,36.610066],[29.3675494,36.6099364],[29.3674921,36.6098331],[29.3674279,36.6097325],[29.3673568,36.6096349],[29.3672793,36.6095406],[29.3671954,36.6094498],[29.3670132,36.609311],[29.3668251,36.6091774],[29.3666313,36.6090492],[29.366432,36.6089265],[29.3662274,36.6088095],[29.3660179,36.6086984],[29.3658484,36.6086145],[29.3656751,36.6085358],[29.3654981,36.6084626],[29.3653178,36.6083948],[29.3651971,36.6083531],[29.3650751,36.6083138],[29.3648357,36.6082266],[29.3646,36.6081333],[29.3643681,36.6080339],[29.3641403,36.6079286],[29.3640377,36.6078785],[29.3639393,36.6078232],[29.3638455,36.6077629],[29.3637569,36.6076978],[29.3636736,36.6076283],[29.3636135,36.6075719],[29.3635569,36.6075131],[29.3634473,36.6073935],[29.3633451,36.6072698],[29.3632848,36.6071903],[29.3632277,36.6071093],[29.363115,36.6069468],[29.3630071,36.6067821],[29.3628704,36.6065589],[29.3627402,36.6063332],[29.3626077,36.6060878],[29.3624829,36.6058399],[29.3624578,36.6057925],[29.3624394,36.6057431],[29.362428,36.6056924],[29.3624238,36.605641],[29.3624281,36.6055791],[29.3624427,36.6055183],[29.3624673,36.6054596],[29.3625015,36.6054041],[29.3626116,36.6052364],[29.3627298,36.6050723],[29.3628558,36.6049121],[29.3629241,36.6048348],[29.3629897,36.604756],[29.3630935,36.6046199],[29.3631891,36.6044799],[29.3635598,36.6039299],[29.363616,36.6038376],[29.363661,36.6037526],[29.3636976,36.6036649],[29.3637254,36.6035752],[29.3637443,36.603484],[29.3637541,36.6033919],[29.3637546,36.6032942],[29.3637483,36.6031967],[29.3637351,36.6030996],[29.3637152,36.6030032],[29.3636832,36.6028913],[29.363642,36.6027813],[29.3635623,36.6025608],[29.3634845,36.6023625],[29.3634014,36.6021656],[29.3633238,36.6018462],[29.3632431,36.6015272],[29.3632005,36.6013636],[29.3631477,36.601202],[29.3630849,36.6010427],[29.3630279,36.6009181],[29.3629791,36.6007913],[29.3629386,36.6006626],[29.3629065,36.6005324],[29.3628815,36.6003907],[29.3628471,36.6002502],[29.3628036,36.6001114],[29.3627509,36.5999747],[29.3626978,36.5998574],[29.3626379,36.5997421],[29.3625323,36.5995074],[29.3624763,36.5993745],[29.3624291,36.5992394],[29.3623909,36.5991025],[29.3623618,36.5989642],[29.3623419,36.5988248],[29.362333,36.5987191],[29.3623293,36.5986132],[29.3623262,36.5984013],[29.3623325,36.5981895],[29.3623413,36.5980579],[29.3623537,36.5979264],[29.3623671,36.5976629],[29.3623728,36.5973992],[29.3623698,36.5970971],[29.3623567,36.5967952],[29.3623608,36.5966508],[29.3623558,36.5965065],[29.3623415,36.5963625],[29.362318,36.5962193],[29.3622854,36.5960773],[29.3622437,36.5959368],[29.362193,36.5957982],[29.3621352,36.5956652],[29.3620692,36.5955348],[29.3619951,36.5954072],[29.3619131,36.5952827],[29.3618234,36.5951617],[29.3617263,36.5950445],[29.361654,36.5948705],[29.3615892,36.5946947],[29.3615319,36.5945171],[29.3614823,36.5943381],[29.3614541,36.594221],[29.3614293,36.5941035],[29.3613682,36.5938701],[29.3613239,36.5937212],[29.3612221,36.5934078],[29.3611262,36.5931513],[29.3610203,36.5928973],[29.3609048,36.5926461],[29.3607795,36.5923978],[29.3607596,36.5922303],[29.3607486,36.5920622],[29.3607464,36.591894],[29.3607532,36.5917258],[29.3607688,36.5915579],[29.3607959,36.591376],[29.3608334,36.5911953],[29.3608812,36.5910162],[29.3609393,36.590839],[29.3610075,36.5906642],[29.3610353,36.5905154],[29.3610522,36.5903656],[29.3610582,36.5902153],[29.3610531,36.5900649],[29.3610371,36.589915],[29.3610102,36.5897661],[29.3609758,36.5896305],[29.3609304,36.5894969],[29.3608741,36.589366],[29.3608072,36.5892384],[29.36073,36.5891146],[29.3606427,36.5889952],[29.3605809,36.5889201],[29.360515,36.5888473],[29.3603799,36.5887038],[29.3602375,36.5885649],[29.3600881,36.5884307],[29.3599319,36.5883017],[29.359807,36.5882057],[29.3596761,36.588115],[29.3595395,36.5880299],[29.3593975,36.5879507],[29.3592507,36.5878774],[29.359087,36.5878053],[29.358928,36.5877267],[29.3587741,36.5876419],[29.3586257,36.587551],[29.3584831,36.5874543],[29.3583468,36.5873519],[29.358213,36.5872408],[29.3580865,36.5871244],[29.3579677,36.5870028],[29.3578569,36.5868765],[29.3577542,36.5867458],[29.3576601,36.586611],[29.357499,36.5863819],[29.357348,36.5861483],[29.3572074,36.5859105],[29.3570773,36.585669],[29.3569578,36.5854239],[29.3568492,36.5851756],[29.3567516,36.5849244],[29.356665,36.5846705],[29.3566057,36.5844726],[29.3565532,36.5842735],[29.3564531,36.5838745],[29.3563648,36.5834736],[29.3562885,36.5830712],[29.356224,36.5826675],[29.3561715,36.5822626],[29.3561491,36.5820534],[29.3561385,36.5818436],[29.3561398,36.5816336],[29.3561529,36.5814238],[29.3561778,36.5812148],[29.3562146,36.5810069],[29.356263,36.5808005],[29.356323,36.5805961],[29.3563945,36.5803941],[29.3564773,36.5801949],[29.3565273,36.5800874],[29.3565806,36.5799808],[29.3566913,36.5797691],[29.3568094,36.5795601],[29.3569348,36.5793537],[29.3570673,36.5791503],[29.3571593,36.5790168],[29.3572424,36.5788795],[29.3573163,36.578739],[29.3573809,36.5785954],[29.3574359,36.5784494],[29.3574811,36.5783012],[29.3575166,36.5781513],[29.3575421,36.5780001],[29.3575573,36.5778524],[29.357563,36.5777043],[29.3575593,36.5775561],[29.357546,36.5774083],[29.3575233,36.5772613],[29.3569654,36.5761714],[29.3569661,36.5760636],[29.3569601,36.575956],[29.3569495,36.5758629],[29.3569308,36.5757708],[29.3569041,36.5756798],[29.3568695,36.5755906],[29.3568273,36.5755036],[29.3567819,36.5754261],[29.3567305,36.575351],[29.3566731,36.5752787],[29.35661,36.5752096],[29.3565694,36.5751556],[29.356537,36.5750981],[29.3565133,36.5750379],[29.3564987,36.5749759],[29.3564936,36.5749218],[29.3564953,36.5748677],[29.3565039,36.5748139],[29.3565004,36.5746519],[29.356488,36.5744902],[29.3564728,36.5743678],[29.35645,36.5742463],[29.3564197,36.5741257],[29.356382,36.5740066],[29.3563288,36.5738694],[29.3562656,36.573735],[29.3561929,36.5736038],[29.3561566,36.5734155],[29.3561298,36.5732262],[29.3561125,36.5730362],[29.3561077,36.5729472],[29.356112,36.5728582],[29.3561253,36.5727697],[29.3561476,36.5726825],[29.3561787,36.572597],[29.3562184,36.5725138],[29.356252,36.5724559],[29.3562898,36.5723997],[29.3563685,36.5722888],[29.3564543,36.5721813],[29.356547,36.5720776],[29.3566283,36.5719951],[29.3567002,36.5719072],[29.3567621,36.5718145],[29.3568136,36.5717177],[29.3568541,36.5716177],[29.3568819,36.5715221],[29.3568997,36.571425],[29.3569074,36.571327],[29.3569051,36.5712289],[29.356899,36.5710578],[29.3568824,36.5708871],[29.3568555,36.5707173],[29.3568295,36.5705954],[29.3567982,36.5704744],[29.3567616,36.5703543],[29.356737,36.5701184],[29.3567187,36.5698821],[29.3567066,36.5696456],[29.3567002,36.5693428],[29.3566838,36.5690403],[29.3566626,36.5687885],[29.3566308,36.5685374],[29.3565886,36.5682874],[29.3565337,36.568029],[29.3564676,36.5677724],[29.3564022,36.567638],[29.3563284,36.5675065],[29.3562785,36.567427],[29.3562207,36.567351],[29.3561555,36.567279],[29.3560832,36.5672115],[29.3560043,36.567149],[29.3559194,36.5670918],[29.3558342,36.5670431],[29.3557446,36.5669997],[29.355576,36.5669007],[29.3554138,36.5667948],[29.3552586,36.5666825],[29.3551107,36.566564],[29.35499,36.5664577],[29.3548752,36.5663472],[29.3547665,36.5662329],[29.3546641,36.5661148],[29.3545916,36.5660205],[29.3545264,36.5659227],[29.3544688,36.5658219],[29.3544189,36.5657185],[29.3543771,36.5656129],[29.3543464,36.5655162],[29.3543224,36.5654182],[29.3542766,36.5652221],[29.3542398,36.5650248],[29.3542121,36.5648265],[29.3541931,36.5646209],[29.3541637,36.5644161],[29.354124,36.5642123],[29.354074,36.5640101],[29.3540156,36.5638148],[29.3539476,36.5636215],[29.3538702,36.5634305],[29.3538247,36.5633455],[29.3537708,36.5632637],[29.353709,36.5631856],[29.3536395,36.5631117],[29.3535516,36.5630333],[29.3534552,36.5629618],[29.3532774,36.5628069],[29.3530961,36.5626374],[29.3529226,36.5624628],[29.352757,36.5622833],[29.3526516,36.5622045],[29.3525396,36.5621318],[29.3524216,36.5620656],[29.352298,36.5620061],[29.3521696,36.5619537],[29.3520952,36.5619274],[29.3520195,36.5619034],[29.3518722,36.5618477],[29.3517282,36.5617869],[29.3515876,36.5617211],[29.3514408,36.5616448],[29.3512987,36.5615631],[29.3511615,36.5614761],[29.3510297,36.5613839],[29.350898,36.5612536],[29.350762,36.5611261],[29.350622,36.5610015],[29.3504115,36.5608259],[29.3501928,36.5606568],[29.3501386,36.5605977],[29.3500913,36.5605349],[29.3500511,36.560469],[29.3500185,36.5604004],[29.3499948,36.5603334],[29.3499782,36.5602651],[29.349969,36.5601958],[29.3499286,36.55999],[29.3498959,36.5597696],[29.3498737,36.5595483],[29.349816,36.559139],[29.3498333,36.5589487],[29.3498592,36.558759],[29.3498938,36.5585702],[29.3499344,36.5583922],[29.3499827,36.5582155],[29.3500386,36.5580402],[29.3500443,36.5578918],[29.350039,36.5577435],[29.3500228,36.5575956],[29.3499957,36.5574488],[29.3499705,36.5573474],[29.34994,36.5572469],[29.3498769,36.5570465],[29.3498065,36.5568476],[29.3497288,36.5566505],[29.3496247,36.5564137],[29.349513,36.5561792],[29.3493935,36.5559471],[29.3492413,36.5556736],[29.3490784,36.5554041],[29.3489929,36.5552537],[29.3489151,36.5551007],[29.348845,36.5549452],[29.3488091,36.5548568],[29.3487796,36.554767],[29.3487565,36.5546759],[29.3487359,36.554553],[29.348727,36.5544292],[29.3487699,36.5537041],[29.3488531,36.5530545],[29.3488767,36.5529434],[29.3489097,36.5528339],[29.348952,36.5527264],[29.3490033,36.5526214],[29.3490608,36.5525235],[29.3491263,36.5524288],[29.3491993,36.5523378],[29.3492796,36.5522508],[29.349365,36.5520538],[29.3494397,36.5518541],[29.3495035,36.5516518],[29.349528,36.5515627],[29.3495422,36.5514721],[29.349546,36.5513808],[29.3495393,36.5512896],[29.3495223,36.5511994],[29.3495005,36.5511261],[29.3494719,36.5510543],[29.3494366,36.5509845],[29.3493949,36.5509171],[29.3494913,36.5506537],[29.3495961,36.5503924],[29.3496768,36.5502055],[29.3497685,36.5500218],[29.349871,36.5498419],[29.3499268,36.5497525],[29.3499906,36.5496665],[29.350062,36.5495845],[29.3501405,36.5495068],[29.3502187,36.5494397],[29.3503022,36.549377],[29.3503907,36.5493188],[29.3504839,36.5492655],[29.3505425,36.5491318],[29.3505943,36.5489964],[29.3506394,36.5488593],[29.3506836,36.5486969],[29.3507181,36.5485331],[29.350787,36.5482054],[29.3508297,36.5479724],[29.3508674,36.5477389],[29.3508845,36.54765],[29.3509094,36.5475624],[29.3509421,36.5474764],[29.3509822,36.5473925],[29.3510297,36.5473111],[29.3510686,36.5472539],[29.3511111,36.5471983],[29.351183,36.5470813],[29.351245,36.5469608],[29.3512968,36.5468372],[29.3513382,36.546711],[29.351369,36.546583],[29.3513891,36.5464535],[29.3513983,36.5463268],[29.3513971,36.5461999],[29.3513857,36.5460733],[29.3513641,36.5459475],[29.3513323,36.5458232],[29.3512905,36.5457008],[29.3513151,36.5450042],[29.3513067,36.544859],[29.3512872,36.5447146],[29.3512638,36.5446],[29.3512334,36.5444865],[29.3511962,36.5443744],[29.3511523,36.5442638],[29.3510082,36.5438149],[29.3508781,36.5434335],[29.3508629,36.543354],[29.3508576,36.5432738],[29.3508623,36.5431935],[29.350877,36.543114],[29.3509016,36.543036],[29.3509358,36.5429605],[29.3509812,36.5428853],[29.3510361,36.5428142],[29.3510998,36.5427482],[29.3511718,36.5426879],[29.3512184,36.5426084],[29.3512562,36.5425261],[29.3512852,36.5424414],[29.3513049,36.5423551],[29.3513153,36.5422677],[29.3513164,36.542179],[29.3513078,36.5420905],[29.3512897,36.542003],[29.3512622,36.5419171],[29.3512255,36.5418334],[29.3511799,36.5417526],[29.3511593,36.5415587],[29.3511465,36.5413644],[29.3511414,36.5411698],[29.351144,36.5409752],[29.3511544,36.5407808],[29.3511775,36.5405443],[29.3512121,36.5403088],[29.3512282,36.5402155],[29.3512528,36.5401234],[29.3512856,36.540033],[29.3513266,36.5399447],[29.3513755,36.5398591],[29.351432,36.5397765],[29.3515026,36.5396899],[29.3515803,36.5396072],[29.3516646,36.5395288],[29.3517553,36.5394551],[29.3518518,36.5393865],[29.35193,36.5393371],[29.3520021,36.5392821],[29.3520675,36.539222],[29.3521256,36.5391571],[29.3521759,36.5390882],[29.3522179,36.5390158],[29.3522383,36.5389727],[29.3522557,36.5389287],[29.3522841,36.5388394],[29.3523031,36.5387485],[29.3523123,36.5386565],[29.3523118,36.5385643],[29.3523068,36.5385093],[29.3522984,36.5384545],[29.3522771,36.5383454],[29.352248,36.5382375],[29.3522112,36.5381312],[29.3521815,36.5380591],[29.3521482,36.537988],[29.3520758,36.5378478],[29.3520184,36.5377497],[29.3519515,36.5376556],[29.3518758,36.537566],[29.3517914,36.5374814],[29.3517072,36.5374088],[29.3516166,36.5373413],[29.3515203,36.5372792],[29.3514186,36.5372228],[29.3513591,36.5371665],[29.3513073,36.5371054],[29.3512639,36.5370402],[29.3512293,36.5369717],[29.351204,36.5369006],[29.3511938,36.5368591],[29.3511868,36.5368173],[29.351179,36.536733],[29.3511807,36.5366485],[29.351192,36.5365644],[29.3512132,36.5364796],[29.3512442,36.5363968],[29.3512845,36.5363166],[29.3513882,36.536197],[29.3514841,36.5360733],[29.3515721,36.5359458],[29.3516518,36.5358149],[29.351723,36.5356808],[29.3517693,36.535582],[29.3518056,36.5354806],[29.3518318,36.5353771],[29.3518477,36.5352723],[29.3518531,36.5351668],[29.3518483,36.5350627],[29.3518326,36.5349593],[29.3518061,36.5348573],[29.3517691,36.5347574],[29.3517217,36.5346604],[29.3516803,36.534591],[29.3516337,36.5345238],[29.3515819,36.5344591],[29.351436,36.5342606],[29.3513298,36.5341227],[29.3512304,36.5339816],[29.3511379,36.5338375],[29.3510525,36.5336906],[29.3509648,36.5335217],[29.3508866,36.5333499],[29.3508178,36.5331755],[29.3507292,36.5330576],[29.3506495,36.5329357],[29.3505791,36.5328102],[29.3505194,36.5326845],[29.3504695,36.532556],[29.3504296,36.5324254],[29.3504,36.5322929],[29.3503806,36.5321593],[29.3503731,36.5320637],[29.3503709,36.5319679],[29.3503718,36.5317763],[29.3503833,36.5315849],[29.3503943,36.5314778],[29.3504087,36.531371],[29.350441,36.5311577],[29.3504804,36.5309452],[29.3505268,36.5307336],[29.3505792,36.5305261],[29.3506262,36.5303177],[29.3506676,36.5301086],[29.3506933,36.5299618],[29.350726,36.5298159],[29.3507658,36.5296711],[29.3508124,36.5295277],[29.3508613,36.5293976],[29.3509158,36.5292689],[29.35097,36.5291433],[29.3509967,36.5290814],[29.3510267,36.5290234],[29.3510656,36.5289689],[29.3511128,36.5289189],[29.3511692,36.5288728],[29.3512326,36.5288331],[29.3513019,36.5288003],[29.3519618,36.5284803],[29.3521594,36.5283655],[29.3523611,36.5282553],[29.3525666,36.5281499],[29.3527758,36.5280492],[29.35303,36.5279354],[29.353289,36.5278287],[29.3535523,36.5277291],[29.3537286,36.5276506],[29.353899,36.527564],[29.3540628,36.5274697],[29.3542197,36.527368],[29.354369,36.5272593],[29.3544518,36.5271932],[29.3545317,36.5271251],[29.3546874,36.5269856],[29.3548357,36.5268411],[29.3548996,36.526775],[29.3549556,36.5267045],[29.3550033,36.5266302],[29.3550424,36.5265527],[29.3550725,36.5264726],[29.3550932,36.5263906],[29.3551045,36.5263085],[29.3551065,36.5262259],[29.3550991,36.5261435],[29.3550825,36.5260619],[29.3550017,36.5258822],[29.3549301,36.5257],[29.3548679,36.5255156],[29.3548141,36.5253251],[29.3547703,36.525133],[29.3546802,36.5247493],[29.3546119,36.524434],[29.3545514,36.5241178],[29.3544959,36.5237813],[29.3544468,36.5234442],[29.354414,36.523189],[29.3543849,36.5229335],[29.3543556,36.5228439],[29.354332,36.5227891],[29.3543044,36.5227355],[29.354244,36.5226303],[29.3541747,36.5225287],[29.3540968,36.5224311],[29.3540184,36.5223459],[29.3539335,36.5222648],[29.3538424,36.5221882],[29.3537454,36.5221164],[29.353696,36.5220463],[29.3536561,36.5219724],[29.3536261,36.5218955],[29.3536066,36.521818],[29.3535971,36.5217394],[29.3535978,36.5216604],[29.3536086,36.5215818],[29.3536637,36.5213355],[29.3537089,36.5210879],[29.3537441,36.5208393],[29.3537666,36.520622],[29.3537962,36.5204054],[29.3538326,36.5201894],[29.3538737,36.5199844],[29.3539211,36.5197803],[29.3539748,36.5195772],[29.354022,36.5193808],[29.3540621,36.5191834],[29.3540951,36.5189851],[29.3541209,36.5187861],[29.3541362,36.5186287],[29.3541413,36.518471],[29.3541362,36.5183132],[29.3541209,36.5181558],[29.3540955,36.5179993],[29.3540719,36.5178917],[29.3540436,36.5177848],[29.3539801,36.5175723],[29.353905,36.5173623],[29.3538306,36.5171822],[29.3537506,36.5170036],[29.353665,36.5168266],[29.3535868,36.5166757],[29.3535046,36.5165261],[29.3533485,36.5162241],[29.3531892,36.5159058],[29.3530346,36.5155861],[29.3528308,36.5151582],[29.3525438,36.5145438],[29.3525096,36.51443],[29.352467,36.5143181],[29.3524161,36.5142084],[29.3523571,36.5141013],[29.3522903,36.5139973],[29.3522327,36.5139182],[29.3521661,36.5138437],[29.3520911,36.5137746],[29.3520085,36.5137113],[29.3519188,36.5136545],[29.351854,36.5136197],[29.3517866,36.5135883],[29.3516493,36.513529],[29.3515077,36.5134769],[29.3513622,36.5134321],[29.3512134,36.5133948],[29.3510633,36.5133654],[29.350916,36.5133279],[29.3507722,36.5132824],[29.3506326,36.5132292],[29.3504979,36.5131685],[29.3503685,36.5131005],[29.3502411,36.513023],[29.350119,36.51294],[29.3500027,36.5128519],[29.3498924,36.5127588],[29.3497853,36.5126579],[29.3496853,36.5125524],[29.3495927,36.5124425],[29.3495079,36.5123287],[29.3494311,36.5122113],[29.3492577,36.5120367],[29.3490779,36.5118664],[29.348892,36.5117004],[29.3487712,36.5115975],[29.3486569,36.51149],[29.3485496,36.5113779],[29.3484494,36.5112616],[29.3483488,36.5111307],[29.3482583,36.5109951],[29.3481782,36.5108553],[29.3481088,36.5107119],[29.3480621,36.5105976],[29.3480223,36.5104817],[29.3479894,36.5103644],[29.3479634,36.510246],[29.3478258,36.509911],[29.3477229,36.5096767],[29.3476281,36.5094402],[29.3475415,36.5092018],[29.3474648,36.5089671],[29.3473973,36.5087306],[29.347339,36.5084925],[29.3473055,36.508334],[29.3472787,36.5081747],[29.3472585,36.5080147],[29.3472451,36.5078543],[29.3472388,36.5077094],[29.3472379,36.5075644],[29.3472361,36.5072744],[29.3472397,36.5069844],[29.3472494,36.5066788],[29.347265,36.5063734],[29.3472867,36.5060682],[29.3472885,36.5058512],[29.347279,36.5056343],[29.3472583,36.505418],[29.3472263,36.5052025],[29.3471931,36.505033],[29.347153,36.5048644],[29.3471059,36.504697],[29.347052,36.504531],[29.3470163,36.5043465],[29.3469733,36.5041631],[29.346923,36.5039809],[29.3468656,36.5038001],[29.3468035,36.5036276],[29.346735,36.5034567],[29.346596,36.5031155],[29.3464934,36.5028773],[29.3463868,36.5026401],[29.3463579,36.5023708],[29.3463405,36.5021008],[29.3463345,36.5018305],[29.3463358,36.5016971],[29.3463449,36.5015638],[29.346362,36.501431],[29.3463868,36.5012991],[29.3464239,36.5011524],[29.3464517,36.5010044],[29.3464703,36.5008555],[29.3464795,36.500706],[29.3464793,36.5005563],[29.3464704,36.5004136],[29.3464531,36.5002715],[29.3464191,36.4999872],[29.3463774,36.4997035],[29.3463366,36.4994666],[29.3462905,36.4992304],[29.3462151,36.4987559],[29.3461747,36.4984643],[29.3461286,36.4981732],[29.346077,36.4978827],[29.3460164,36.4975766],[29.3459496,36.4972714],[29.3458598,36.4969598],[29.3457645,36.4966493],[29.345682,36.4963948],[29.3456067,36.4961388],[29.3455385,36.4958815],[29.3454775,36.495623],[29.3454305,36.4953976],[29.3453889,36.4951715],[29.3453528,36.4949448],[29.3452801,36.4947081],[29.3452184,36.4944694],[29.3451677,36.494229],[29.3451304,36.4940025],[29.3451029,36.4937751],[29.3450269,36.4933222],[29.3449495,36.4929179],[29.3448633,36.4925147],[29.3448296,36.4923712],[29.3448048,36.4922265],[29.3447889,36.4920811],[29.344782,36.4919351],[29.3447842,36.4917891],[29.3447928,36.4916684],[29.3448075,36.491548],[29.3448393,36.4913075],[29.3448794,36.4910678],[29.3449301,36.4908189],[29.3449898,36.4905714],[29.3450586,36.4903253],[29.3451362,36.4900809],[29.3452227,36.4898385],[29.3453179,36.4895982],[29.345416,36.4893205],[29.3455224,36.4890448],[29.3456371,36.4887712],[29.3457376,36.4885482],[29.3458435,36.4883267],[29.345955,36.4881071],[29.3462513,36.4874936],[29.3463002,36.4874022],[29.3463408,36.4873083],[29.346373,36.4872123],[29.3463967,36.4871147],[29.3464115,36.487016],[29.3464176,36.4869167],[29.3464169,36.4868538],[29.3464127,36.4867911],[29.3463987,36.4866659],[29.3463758,36.4865416],[29.3463439,36.4864186],[29.3463198,36.4863434],[29.3462923,36.486269],[29.3462322,36.4861215],[29.3461634,36.4859764],[29.3460864,36.4858341],[29.3460087,36.4857067],[29.3459214,36.4855834],[29.3458247,36.4854647],[29.3457189,36.4853511],[29.3456274,36.4852635],[29.3455306,36.4851797],[29.3454286,36.4851],[29.3451302,36.4848551],[29.3448642,36.4846474],[29.3445923,36.4844446],[29.3443148,36.4842469],[29.3441656,36.4841409],[29.3440101,36.4840409],[29.3438487,36.4839471],[29.3436818,36.4838598],[29.3434941,36.4837723],[29.3433008,36.483693],[29.3431026,36.483622],[29.3428999,36.4835597],[29.3426934,36.4835062],[29.3426222,36.4834889],[29.3425551,36.4834633],[29.3424934,36.48343],[29.3424385,36.4833897],[29.3423916,36.4833433],[29.3423615,36.4833038],[29.3423373,36.4832618],[29.3422923,36.4831766],[29.3422571,36.4830886],[29.342232,36.4829983],[29.3422186,36.4829186],[29.342213,36.4828384],[29.3422152,36.482758],[29.3422253,36.482678],[29.3422596,36.4825254],[29.3422865,36.4823719],[29.3423058,36.4822176],[29.3423155,36.482099],[29.3423149,36.4819801],[29.3423038,36.4818615],[29.3422824,36.4817439],[29.3422508,36.4816278],[29.342214,36.4815256],[29.3421692,36.4814255],[29.3421167,36.4813278],[29.3420567,36.481233],[29.3419893,36.4811414],[29.3419447,36.4810248],[29.3419101,36.4809059],[29.3418856,36.4807854],[29.3418713,36.4806639],[29.3418673,36.4805419],[29.3418738,36.4804176],[29.3418873,36.4802937],[29.341908,36.4801704],[29.3419357,36.480048],[29.3419716,36.4799225],[29.342015,36.4797986],[29.3420656,36.4796764],[29.3421234,36.4795563],[29.3423715,36.4787314],[29.3423863,36.4779959],[29.3423957,36.4772885],[29.3423963,36.4771412],[29.3423866,36.4769941],[29.3423665,36.4768477],[29.3423363,36.4767025],[29.3422959,36.4765588],[29.3422455,36.4764172],[29.3421902,36.4762888],[29.3421268,36.476163],[29.3420553,36.4760399],[29.3419759,36.47592],[29.3418839,36.4757776],[29.341786,36.4756377],[29.3416822,36.4755006],[29.3416134,36.475415],[29.3415378,36.4753332],[29.341456,36.4752555],[29.3413681,36.4751821],[29.3412745,36.4751134],[29.3412087,36.4750701],[29.3411407,36.4750291],[29.3410002,36.474952],[29.3408537,36.4748826],[29.3407018,36.4748212],[29.3405872,36.4747812],[29.3404695,36.4747473],[29.3403494,36.4747196],[29.3402273,36.4746982],[29.3401037,36.4746831],[29.3400222,36.4746768],[29.3399419,36.4746636],[29.3398638,36.4746439],[29.3397886,36.4746177],[29.3397172,36.4745853],[29.3396504,36.4745472],[29.3395874,36.4745026],[29.3395307,36.4744528],[29.3394809,36.4743985],[29.3394385,36.4743402],[29.3393457,36.4741996],[29.3392592,36.4740565],[29.339179,36.473911],[29.3391085,36.4737699],[29.3390449,36.4736268],[29.3390198,36.4735649],[29.3389881,36.473505],[29.3389501,36.4734475],[29.3389061,36.4733928],[29.3388639,36.4733486],[29.3388177,36.473307],[29.3387226,36.473226],[29.3386211,36.4731501],[29.3385068,36.4730756],[29.3383864,36.4730075],[29.3382604,36.4729463],[29.338076,36.4728182],[29.3378971,36.4726851],[29.3377239,36.4725473],[29.3375723,36.4724186],[29.3374255,36.4722863],[29.3373513,36.4722119],[29.3372862,36.4721321],[29.3372307,36.4720478],[29.3371855,36.4719596],[29.3371507,36.4718679],[29.3371268,36.4717741],[29.3370742,36.4715875],[29.3370424,36.4714624],[29.3370173,36.4713363],[29.3369991,36.4712095],[29.3369856,36.4710441],[29.3369836,36.4708784],[29.3369879,36.4708163],[29.3369986,36.4707546],[29.3370158,36.470694],[29.3370393,36.4706347],[29.3370664,36.4705815],[29.3371014,36.4705314],[29.3371438,36.470485],[29.3371928,36.4704432],[29.3372446,36.4704085],[29.3373015,36.4703794],[29.3373625,36.4703564],[29.3374243,36.4703404],[29.3374881,36.4703306],[29.3375529,36.4703273],[29.3377174,36.4703371],[29.3378822,36.4703429],[29.3380407,36.4703448],[29.3381986,36.4703562],[29.3383551,36.470377],[29.3385091,36.4704071],[29.3386476,36.4704428],[29.3387827,36.470486],[29.3389137,36.4705366],[29.3390402,36.4705942],[29.3391671,36.4706334],[29.3392967,36.4706666],[29.3394284,36.4706937],[29.3395619,36.4707145],[29.3396784,36.4707274],[29.3397956,36.4707356],[29.3400302,36.4707476],[29.3402653,36.4707506],[29.3404086,36.470748],[29.3405516,36.470742],[29.3406162,36.470741],[29.3406799,36.4707327],[29.3407415,36.4707172],[29.3407997,36.4706948],[29.3408534,36.4706659],[29.3408827,36.470646],[29.3409098,36.4706241],[29.3409617,36.4705787],[29.341009,36.4705301],[29.3410515,36.4704781],[29.3410881,36.4704232],[29.3411185,36.470366],[29.3411424,36.4703068],[29.3411576,36.470255],[29.3411679,36.4702023],[29.341184,36.4700966],[29.3411907,36.4699903],[29.3411888,36.4698991],[29.34118,36.4698082],[29.3411643,36.4697178],[29.3411417,36.4696285],[29.3411232,36.4694126],[29.3410942,36.4691975],[29.3410546,36.4689835],[29.341015,36.468812],[29.3409687,36.4686416],[29.3409496,36.4685443],[29.3409206,36.4684485],[29.340882,36.4683549],[29.3408339,36.4682642],[29.3407777,36.4681781],[29.3407129,36.4680959],[29.3406402,36.4680183],[29.3406139,36.4679995],[29.3405829,36.4679861],[29.340549,36.4679789],[29.3405185,36.4679779],[29.3404885,36.4679818],[29.34046,36.4679906],[29.3404343,36.4680037],[29.3403904,36.4680306],[29.340342,36.4680519],[29.3402901,36.468067],[29.340236,36.4680757],[29.3401808,36.4680776],[29.3401249,36.4680726],[29.3400706,36.4680608],[29.3400192,36.4680423],[29.339972,36.4680177],[29.3399301,36.4679875],[29.3398945,36.4679525],[29.3398687,36.4679302],[29.339848,36.4679048],[29.339833,36.4678769],[29.3398241,36.4678473],[29.3398217,36.4678124],[29.3398278,36.4677778],[29.3398422,36.4677449],[29.3398878,36.4676816],[29.3399427,36.4676233],[29.3400058,36.4675707],[29.3400659,36.4675308],[29.3401308,36.4674961],[29.3401998,36.467467],[29.3402721,36.4674438],[29.3403471,36.4674267],[29.3409835,36.4673863],[29.3417372,36.4672094],[29.3417939,36.4671908],[29.3418466,36.4671657],[29.3418941,36.4671346],[29.3419353,36.4670982],[29.3419694,36.4670573],[29.3419957,36.4670128],[29.3420134,36.4669656],[29.3420221,36.4669198],[29.3420227,36.4668735],[29.3420153,36.4668275],[29.3420001,36.4667828],[29.3419772,36.4667402],[29.3417385,36.4665137],[29.3416805,36.466459],[29.3416309,36.4663992],[29.3415904,36.4663351],[29.3415595,36.4662677],[29.3415387,36.4661977],[29.3415309,36.4661529],[29.3415273,36.4661077],[29.3415255,36.4660173],[29.3415333,36.465927],[29.3415483,36.4658477],[29.3415707,36.4657696],[29.3416004,36.465693],[29.3419316,36.4651365],[29.3419607,36.4650544],[29.3419793,36.4649704],[29.341987,36.4648853],[29.3419839,36.4648],[29.3419762,36.4647451],[29.3419578,36.4646919],[29.3419292,36.4646417],[29.3418911,36.4645957],[29.3418445,36.4645551],[29.3417932,36.4645224],[29.3417364,36.4644963],[29.3416342,36.4644309],[29.3415386,36.4643595],[29.3414502,36.4642823],[29.3413654,36.4641954],[29.3412897,36.4641033],[29.3412235,36.4640066],[29.3411672,36.4639058],[29.3410829,36.4637955],[29.3409911,36.4636891],[29.3408921,36.463587],[29.3407862,36.4634894],[29.3406737,36.4633968],[29.340565,36.4633163],[29.3404514,36.4632403],[29.340333,36.4631692],[29.3402159,36.4631256],[29.3400955,36.4630881],[29.3399723,36.463057],[29.3398446,36.4630319],[29.3397152,36.4630136],[29.3395846,36.4630022],[29.3394533,36.4629977],[29.3393262,36.4630064],[29.3392,36.463021],[29.339075,36.4630415],[29.3389517,36.4630678],[29.3388081,36.4631064],[29.3386613,36.4631365],[29.3385123,36.4631578],[29.3383616,36.4631703],[29.3382226,36.4631738],[29.3380836,36.4631699],[29.3378057,36.4631773],[29.3376299,36.463186],[29.3374544,36.4631978],[29.3374116,36.4632198],[29.3373748,36.463248],[29.3373453,36.4632813],[29.3373243,36.4633186],[29.3373136,36.463352],[29.3373098,36.4633864],[29.337313,36.4634209],[29.3373229,36.4634545],[29.3375771,36.4644198],[29.3376165,36.4645095],[29.3376449,36.464602],[29.337662,36.4646962],[29.3376676,36.4647913],[29.3376661,36.4648387],[29.3376566,36.4648856],[29.3376394,36.4649309],[29.3376148,36.464974],[29.3375831,36.465014],[29.3375479,36.4650479],[29.3375076,36.4650779],[29.3374631,36.4651036],[29.3374148,36.4651246],[29.3373817,36.4651529],[29.3373536,36.4651846],[29.337331,36.465219],[29.3373114,36.465264],[29.3373012,36.465311],[29.3373008,36.4653586],[29.3374926,36.4659934],[29.337506,36.4661101],[29.337511,36.4662273],[29.3375076,36.4663446],[29.3374959,36.4664614],[29.337474,36.4665868],[29.3374424,36.4667108],[29.3374014,36.466833],[29.3373795,36.4669159],[29.3373501,36.4669972],[29.3373136,36.4670767],[29.33727,36.4671538],[29.3372382,36.4672022],[29.3372001,36.4672475],[29.3371562,36.4672892],[29.337107,36.4673269],[29.3370702,36.4673504],[29.3370291,36.4673688],[29.3369849,36.4673817],[29.3369387,36.4673886],[29.3368918,36.4673895],[29.3368426,36.4673838],[29.3367954,36.4673715],[29.3367514,36.4673529],[29.3367121,36.4673286],[29.3366892,36.467262],[29.3366567,36.4671981],[29.3366152,36.4671377],[29.3365652,36.4670816],[29.3365195,36.4670404],[29.3364693,36.4670028],[29.3364148,36.4669691],[29.3362682,36.4668535],[29.3361558,36.4667606],[29.3360519,36.4666616],[29.335957,36.4665569],[29.3358771,36.4664546],[29.3358058,36.4663483],[29.3356486,36.4661427],[29.33555,36.4660192],[29.3354451,36.465899],[29.3353341,36.4657825],[29.3352288,36.4656806],[29.3351188,36.4655819],[29.3349808,36.4655427],[29.3348456,36.4654976],[29.3347136,36.4654469],[29.334585,36.4653906],[29.3344603,36.465329],[29.3343634,36.4652757],[29.3342605,36.4652303],[29.3341526,36.4651931],[29.3340407,36.4651644],[29.3339259,36.4651446],[29.3338458,36.4651361],[29.3337652,36.465132],[29.3336844,36.4651322],[29.3334424,36.4651283],[29.3332004,36.4651327],[29.3330224,36.4651413],[29.3328449,36.4651544],[29.332668,36.4651721],[29.3325539,36.4651988],[29.3324424,36.4652318],[29.3323339,36.4652708],[29.332229,36.4653157],[29.3321282,36.4653662],[29.3320284,36.4654243],[29.3319237,36.4654765],[29.3318146,36.4655224],[29.3317017,36.4655619],[29.3316049,36.4655898],[29.3315052,36.4656098],[29.3314034,36.4656215],[29.3313007,36.465625],[29.3311951,36.4656199],[29.3310908,36.4656061],[29.3308819,36.4655808],[29.3306744,36.465549],[29.3305835,36.465533],[29.3304951,36.4655098],[29.33041,36.4654796],[29.3303291,36.4654428],[29.3302531,36.4653996],[29.3301829,36.4653506],[29.3301257,36.4653023],[29.3300761,36.4652488],[29.3300348,36.4651909],[29.3300025,36.4651295],[29.3299822,36.4650744],[29.3299691,36.465018],[29.3299634,36.4649609],[29.329965,36.4649035],[29.3299516,36.4647942],[29.3299285,36.464686],[29.3298959,36.4645794],[29.329854,36.4644751],[29.329803,36.4643735],[29.3297431,36.4642751],[29.3296746,36.4641803],[29.3296537,36.4640831],[29.3296423,36.4639849],[29.3296406,36.4638862],[29.3296485,36.4637877],[29.3296616,36.4637096],[29.3296841,36.4636329],[29.3297155,36.4635582],[29.3297558,36.4634863],[29.3297913,36.4634347],[29.3298332,36.4633862],[29.329881,36.4633414],[29.3299341,36.4633008],[29.3299701,36.4632774],[29.3300078,36.463256],[29.3300864,36.463217],[29.3301691,36.463184],[29.3302553,36.4631573],[29.3303461,36.4631369],[29.330434,36.4631092],[29.330518,36.4630747],[29.3305973,36.4630336],[29.3306711,36.4629864],[29.330736,36.4629357],[29.3307946,36.4628803],[29.3309121,36.4627699],[29.3310231,36.4626552],[29.3311334,36.4625296],[29.3312387,36.4624012],[29.3313389,36.4622702],[29.3314607,36.4620971],[29.3315736,36.4619202],[29.331616,36.4618989],[29.3316617,36.4618828],[29.3317098,36.4618722],[29.3317594,36.4618673],[29.3318206,36.4618693],[29.3318805,36.46188],[29.3319371,36.4618992],[29.332073,36.4619528],[29.332204,36.462014],[29.3323292,36.4620825],[29.332448,36.462158],[29.3325643,36.4622436],[29.3326725,36.4623358],[29.3327719,36.4624341],[29.3328131,36.4624663],[29.3328611,36.4624917],[29.3329142,36.4625093],[29.3329704,36.4625185],[29.3330279,36.462519],[29.3330844,36.4625107],[29.3331361,36.4624947],[29.3331833,36.4624714],[29.3332244,36.4624415],[29.333258,36.4624061],[29.3333228,36.4622739],[29.3333807,36.4621397],[29.3334317,36.4620038],[29.333482,36.4618447],[29.3335229,36.461684],[29.3335315,36.4616356],[29.3335303,36.4615867],[29.3335196,36.4615386],[29.3334994,36.4614925],[29.3334795,36.4614614],[29.3334553,36.4614322],[29.3334025,36.4613766],[29.3333419,36.4613264],[29.3332737,36.4612822],[29.3331994,36.4612449],[29.33312,36.4612151],[29.3330368,36.4611932],[29.3330036,36.4611983],[29.3329726,36.4612091],[29.3329453,36.4612251],[29.3329231,36.4612456],[29.3329071,36.4612695],[29.332898,36.4612957],[29.3328965,36.4613254],[29.3329039,36.4613545],[29.3329199,36.4613813],[29.3329434,36.4614042],[29.3329731,36.4614219],[29.3329804,36.46145],[29.3329803,36.4614787],[29.3329727,36.4615068],[29.332958,36.461533],[29.3329369,36.4615562],[29.3329044,36.4615784],[29.3328661,36.4615934],[29.3328244,36.4616003],[29.3327819,36.4615987],[29.3327412,36.4615886],[29.3327048,36.4615707],[29.3324708,36.4614316],[29.3321644,36.4614348],[29.3319736,36.4614358],[29.3317832,36.461427],[29.3315939,36.4614083],[29.3314064,36.46138],[29.3312216,36.4613421],[29.3310881,36.4613082],[29.3309567,36.4612694],[29.3306895,36.4612025],[29.3304201,36.4611415],[29.3301487,36.4610864],[29.3299239,36.4610456],[29.3296981,36.4610088],[29.3296088,36.4609696],[29.3295242,36.4609242],[29.3294452,36.4608727],[29.3293722,36.4608157],[29.3293231,36.4607708],[29.3292674,36.460731],[29.3292062,36.4606971],[29.3291402,36.4606694],[29.3290704,36.4606485],[29.3290022,36.4606352],[29.3289326,36.4606284],[29.3287933,36.4606161],[29.3286533,36.4606116],[29.3285132,36.4606151],[29.3283797,36.4606257],[29.3282474,36.4606436],[29.3281169,36.4606685],[29.32808,36.4606782],[29.3280413,36.4606816],[29.3280026,36.4606784],[29.3279656,36.4606689],[29.3279319,36.4606534],[29.3279016,36.4606315],[29.327878,36.4606048],[29.3278621,36.4605746],[29.3278457,36.4604939],[29.3278347,36.4604126],[29.3278293,36.4603309],[29.3278303,36.4602283],[29.3278401,36.4601261],[29.3278587,36.4600247],[29.327886,36.4599245],[29.3279218,36.4598261],[29.3279705,36.4597211],[29.328029,36.4596193],[29.3280968,36.4595214],[29.328153,36.459488],[29.3282137,36.4594603],[29.3282783,36.4594388],[29.3283456,36.4594238],[29.3283973,36.4594169],[29.3284498,36.4594175],[29.3285013,36.4594256],[29.3285501,36.459441],[29.3285836,36.4594568],[29.3286205,36.4594663],[29.3286592,36.4594693],[29.3286977,36.4594656],[29.3287343,36.4594553],[29.3287674,36.4594389],[29.3287949,36.4594174],[29.3288162,36.4593918],[29.3288303,36.4593631],[29.3288364,36.4593327],[29.3288344,36.4593019],[29.3288391,36.4589168],[29.3288372,36.4588523],[29.3288236,36.4587887],[29.3287985,36.4587274],[29.3287625,36.4586697],[29.3287164,36.4586169],[29.3286691,36.4585761],[29.3286158,36.4585404],[29.3285572,36.4585105],[29.3283918,36.4584104],[29.3282658,36.4583406],[29.3281464,36.4582637],[29.3280342,36.45818],[29.3279298,36.45809],[29.3278518,36.4580133],[29.3277795,36.457933],[29.3277133,36.4578495],[29.3276434,36.4577478],[29.3275825,36.4576424],[29.3275192,36.4576027],[29.3274513,36.4575684],[29.3273793,36.4575399],[29.3273296,36.4575243],[29.3272842,36.4575016],[29.3272447,36.4574727],[29.3272123,36.4574386],[29.3271882,36.4574002],[29.3271747,36.4573648],[29.3271682,36.4573282],[29.3271689,36.4572911],[29.3271768,36.4572546],[29.3273062,36.4570993],[29.3273864,36.4569945],[29.3274575,36.4568855],[29.3275191,36.4567728],[29.3275711,36.456657],[29.3276028,36.4565706],[29.3276271,36.4564827],[29.3276438,36.4563936],[29.3276529,36.4563038],[29.3276542,36.4562137],[29.3276486,36.4561299],[29.3276363,36.4560466],[29.3276174,36.455964],[29.327613,36.4559211],[29.3276164,36.4558782],[29.3276275,36.4558361],[29.3276461,36.4557957],[29.3276717,36.455758],[29.327708,36.4557198],[29.3277516,36.4556868],[29.3278392,36.4556217],[29.3279339,36.4555633],[29.3280306,36.4555139],[29.3281324,36.4554715],[29.3282383,36.4554364],[29.3283477,36.4554088],[29.3284596,36.4553891],[29.3285465,36.4553956],[29.3286321,36.4554095],[29.3287153,36.4554305],[29.3287954,36.4554585],[29.3288713,36.4554932],[29.3289319,36.4555275],[29.3289858,36.4555683],[29.3290321,36.4556149],[29.3290697,36.4556662],[29.3290979,36.4557213],[29.3291126,36.4557641],[29.3291193,36.4558083],[29.3291179,36.4558527],[29.3291085,36.4558964],[29.3290912,36.4559387],[29.3290616,36.4559848],[29.3290227,36.4560262],[29.3289756,36.4560617],[29.3289216,36.4560902],[29.3290059,36.4562256],[29.3290824,36.4563639],[29.3291509,36.456505],[29.3292061,36.4566351],[29.3292545,36.456767],[29.329296,36.4569004],[29.3293306,36.4570351],[29.3293626,36.4570799],[29.329403,36.45712],[29.3294508,36.4571545],[29.3295048,36.4571824],[29.3295636,36.4572031],[29.3296258,36.457216],[29.3296897,36.4572208],[29.3297537,36.4572174],[29.3298143,36.4572064],[29.3298721,36.457188],[29.3299257,36.4571627],[29.3299738,36.4571311],[29.3300153,36.4570939],[29.3300789,36.4569695],[29.3301346,36.4568426],[29.3301822,36.4567137],[29.3302118,36.4566186],[29.3302324,36.4565221],[29.3302439,36.4564246],[29.3302464,36.4563266],[29.3302396,36.4562288],[29.3302238,36.4561316],[29.330199,36.4560357],[29.3301707,36.4559551],[29.3301314,36.4558775],[29.3300816,36.455804],[29.330022,36.4557353],[29.3299568,36.4556755],[29.3298841,36.4556215],[29.3298047,36.4555741],[29.3297601,36.4554828],[29.3297214,36.4553897],[29.3296887,36.4552952],[29.3296549,36.4551685],[29.3296309,36.4550404],[29.3296166,36.4549113],[29.3296123,36.4547818],[29.3296178,36.4546516],[29.3296334,36.4545219],[29.3296588,36.4543933],[29.3296941,36.4542662],[29.3296849,36.4541739],[29.329664,36.4540829],[29.3296315,36.4539942],[29.3295878,36.4539086],[29.3295334,36.4538271],[29.3294688,36.4537505],[29.3294055,36.4536893],[29.3293358,36.4536327],[29.3292601,36.4535814],[29.329179,36.4535357],[29.3290932,36.453496],[29.3290456,36.4534467],[29.3290065,36.4533928],[29.3289765,36.4533353],[29.3289562,36.453275],[29.3289458,36.4532132],[29.3289457,36.4531508],[29.3289561,36.4530879],[29.3289768,36.4530266],[29.3290075,36.4529681],[29.3290476,36.4529135],[29.3290872,36.4528509],[29.3291192,36.4527855],[29.3291433,36.452718],[29.3291593,36.452649],[29.329167,36.4525791],[29.3291676,36.4525336],[29.3291647,36.4524883],[29.3291542,36.4523979],[29.3291356,36.4523083],[29.329109,36.45222],[29.3290745,36.4521336],[29.3290485,36.4520797],[29.3290195,36.4520268],[29.3289567,36.4519228],[29.3288865,36.451822],[29.3288089,36.4517247],[29.3287634,36.451673],[29.3287095,36.4516268],[29.3286482,36.4515871],[29.3285806,36.4515545],[29.3285081,36.4515298],[29.3284321,36.4515133],[29.3283791,36.451507],[29.3283256,36.4515047],[29.3282206,36.451488],[29.328118,36.4514634],[29.3280188,36.4514311],[29.3279238,36.4513914],[29.3278583,36.4513583],[29.3277976,36.4513197],[29.3277423,36.4512761],[29.3276932,36.451228],[29.3276507,36.451176],[29.3276153,36.4511206],[29.3275888,36.4510656],[29.3275726,36.451008],[29.3275672,36.4509491],[29.3275725,36.4508902],[29.3275885,36.4508326],[29.3276075,36.4507908],[29.3276321,36.4507509],[29.3276621,36.4507134],[29.3277289,36.4505918],[29.3277889,36.4504678],[29.327842,36.4503418],[29.3278773,36.4502457],[29.3279085,36.4501487],[29.327964,36.4499534],[29.3279874,36.4498557],[29.3280183,36.4497593],[29.3280566,36.4496647],[29.328102,36.4495721],[29.3281545,36.449482],[29.3282051,36.4494067],[29.3282607,36.4493336],[29.328321,36.449263],[29.3284809,36.4490409],[29.3286342,36.4488157],[29.3287808,36.4485877],[29.3289041,36.4483848],[29.3290222,36.4481798],[29.3291348,36.4479728],[29.3291707,36.4478591],[29.3291965,36.4477436],[29.3292118,36.4476269],[29.3292168,36.4475097],[29.3292113,36.4473924],[29.3291986,36.4472946],[29.3291787,36.4471976],[29.3291516,36.4471017],[29.3291174,36.4470073],[29.3291039,36.4469248],[29.3291014,36.4468416],[29.32911,36.4467586],[29.3291295,36.4466769],[29.3291598,36.4465973],[29.3292005,36.4465208],[29.3292279,36.4464793],[29.3292584,36.4464392],[29.3293261,36.4463627],[29.329403,36.4462921],[29.3294393,36.4462633],[29.3294687,36.4462298],[29.3294904,36.4461928],[29.3295036,36.4461532],[29.3295081,36.4461124],[29.3295035,36.4460716],[29.3294902,36.4460321],[29.3294723,36.4460005],[29.3294488,36.4459713],[29.3294201,36.4459454],[29.3293869,36.4459231],[29.3289685,36.4457268],[29.3288708,36.4456259],[29.328767,36.445529],[29.3286573,36.4454364],[29.328542,36.4453484],[29.3284214,36.445265],[29.3283047,36.445192],[29.3281815,36.4451262],[29.3280525,36.4450681],[29.3279184,36.445018],[29.3278211,36.4449876],[29.3277208,36.444964],[29.3276184,36.4449475],[29.3275146,36.4449381],[29.3274102,36.444936],[29.327308,36.4449409],[29.3272067,36.4449528],[29.327107,36.4449715],[29.3270096,36.4449969],[29.3269153,36.4450288],[29.3262058,36.4454182],[29.3260919,36.4454743],[29.3259735,36.4455242],[29.3258513,36.4455677],[29.3257257,36.4456045],[29.3255974,36.4456346],[29.3254669,36.4456577],[29.3253718,36.44567],[29.3252755,36.4456732],[29.3251795,36.445667],[29.325085,36.4456517],[29.3249935,36.4456275],[29.3249131,36.4455977],[29.3248364,36.4455622],[29.3247639,36.4455213],[29.3246963,36.4454753],[29.3246341,36.4454247],[29.3245729,36.4453646],[29.324519,36.4453003],[29.3244727,36.4452321],[29.3244345,36.4451609],[29.3244047,36.445087],[29.324383,36.4450086],[29.3243708,36.4449289],[29.324344,36.4447699],[29.3243243,36.4446102],[29.3243096,36.4444068],[29.3243065,36.4442032],[29.3243149,36.4439996],[29.3243082,36.4437937],[29.3242957,36.4435879],[29.3242773,36.4433825],[29.3242436,36.4431074],[29.3241996,36.4428333],[29.3241709,36.4426624],[29.3241315,36.4424929],[29.3240815,36.4423252],[29.3240461,36.4422244],[29.3240067,36.4421246],[29.3239236,36.4419262],[29.3238323,36.4417301],[29.3237329,36.4415365],[29.3236254,36.4413457],[29.32351,36.441158],[29.3233868,36.4409734],[29.3233336,36.4408908],[29.3232736,36.4408113],[29.323207,36.4407352],[29.3231343,36.4406629],[29.3230556,36.4405947],[29.322976,36.4405342],[29.3228918,36.4404779],[29.3228033,36.4404261],[29.3227109,36.4403789],[29.3226322,36.4402466],[29.322562,36.4401113],[29.3225004,36.4399732],[29.3224538,36.4398507],[29.3223996,36.4397301],[29.3223381,36.4396118],[29.3222857,36.4395223],[29.3222387,36.4394309],[29.3221973,36.4393378],[29.3221526,36.4392162],[29.3221174,36.4390927],[29.322051,36.4389772],[29.3219927,36.4388588],[29.3219428,36.438738],[29.3219049,36.4386268],[29.321874,36.4385142],[29.3218503,36.4384004],[29.3218441,36.4383429],[29.3218338,36.4382858],[29.321808,36.4381923],[29.3217715,36.438101],[29.3217245,36.4380129],[29.3216676,36.4379287],[29.3215609,36.4377584],[29.3214634,36.4375846],[29.3214409,36.4375235],[29.3214114,36.4374643],[29.3213752,36.4374076],[29.3213342,36.4373557],[29.3212876,36.4373071],[29.3212357,36.4372619],[29.3211756,36.4372522],[29.3211174,36.4372365],[29.3210621,36.4372152],[29.3210104,36.4371886],[29.3209607,36.4371551],[29.3209168,36.4371167],[29.3208795,36.437074],[29.3208495,36.4370278],[29.3207119,36.4368449],[29.3205819,36.4366585],[29.3204596,36.4364687],[29.3203452,36.4362758],[29.3202467,36.436095],[29.320155,36.4359119],[29.3201104,36.4358199],[29.3200703,36.4357266],[29.3200158,36.4355761],[29.3199727,36.4354233],[29.3199412,36.4352686],[29.3199214,36.4351127],[29.3198936,36.4349719],[29.3198564,36.4348326],[29.31981,36.434695],[29.3197546,36.4345596],[29.3196902,36.4344268],[29.319617,36.434297],[29.3194633,36.4341785],[29.3193037,36.4340651],[29.3191385,36.4339571],[29.3189679,36.4338546],[29.3187877,36.4337554],[29.3186024,36.4336623],[29.3184125,36.4335756],[29.3183138,36.4335379],[29.3182182,36.4334953],[29.3181021,36.4334345],[29.3179925,36.4333664],[29.3178899,36.4332914],[29.3177951,36.4332102],[29.3177086,36.4331231],[29.3176389,36.4330411],[29.3175764,36.4329555],[29.3175214,36.4328666],[29.3174742,36.4327748],[29.317435,36.4326807],[29.3173315,36.4324956],[29.3172389,36.4323069],[29.3171575,36.4321148],[29.3170873,36.4319199],[29.3170287,36.4317225],[29.3169886,36.4315562],[29.3169566,36.4313887],[29.3169329,36.4312204],[29.3169223,36.431136],[29.3169174,36.4310514],[29.3169196,36.430936],[29.3169322,36.4308211],[29.3169551,36.4307072],[29.3169882,36.4305949],[29.3170314,36.4304849],[29.3171083,36.4303112],[29.317195,36.4301405],[29.3172912,36.4299731],[29.3173968,36.4298094],[29.3175115,36.4296497],[29.3177066,36.4293844],[29.3179058,36.429121],[29.3179297,36.4290736],[29.3179461,36.4290242],[29.3179547,36.4289736],[29.3179554,36.4289225],[29.3179484,36.4288732],[29.3179341,36.428825],[29.3179126,36.4287786],[29.3178842,36.4287346],[29.3178494,36.4286937],[29.3177752,36.4286123],[29.3177096,36.4285262],[29.3176531,36.428436],[29.3176062,36.4283424],[29.3175691,36.4282459],[29.3175443,36.4281567],[29.3175279,36.4280662],[29.31752,36.427975],[29.3175207,36.4278835],[29.3175299,36.4277924],[29.3175477,36.427702],[29.3175737,36.4276206],[29.3176087,36.4275413],[29.3176525,36.427465],[29.3177048,36.4273921],[29.3177649,36.4273233],[29.3178336,36.4272578],[29.3179091,36.4271974],[29.317991,36.4271426],[29.3180785,36.4270939],[29.318171,36.4270515],[29.3182679,36.4270158],[29.3183615,36.4269723],[29.3184497,36.4269219],[29.3185315,36.426865],[29.3186063,36.4268022],[29.3186735,36.426734],[29.3187323,36.426661],[29.3187823,36.4265838],[29.3188231,36.4265032],[29.3188754,36.4264194],[29.318936,36.4263393],[29.3190046,36.4262635],[29.3190807,36.4261924],[29.3191637,36.4261266],[29.3192803,36.4260447],[29.3194035,36.4259695],[29.3195328,36.4259012],[29.3198844,36.4257267],[29.3199675,36.4256722],[29.3200562,36.4256238],[29.3201497,36.4255816],[29.3202473,36.4255461],[29.3203477,36.4255176],[29.3204507,36.4254961],[29.3205557,36.4254819],[29.3206617,36.4254748],[29.3208108,36.4254259],[29.3209626,36.4253828],[29.3211169,36.4253459],[29.3212733,36.4253151],[29.3214177,36.4252925],[29.3215633,36.425275],[29.321854,36.4252385],[29.3219662,36.4252254],[29.3220771,36.425206],[29.322186,36.4251804],[29.3222924,36.4251487],[29.3223958,36.4251112],[29.3224834,36.4250736],[29.3225681,36.4250317],[29.3227346,36.4249446],[29.3228947,36.42485],[29.3229931,36.424786],[29.3230886,36.4247192],[29.3232772,36.4245835],[29.3234603,36.4244428],[29.3236376,36.4242975],[29.3238121,36.4241449],[29.3239814,36.4239886],[29.3241455,36.4238286],[29.3243042,36.4236652],[29.3244719,36.423482],[29.3246329,36.4232949],[29.324787,36.423104],[29.3248728,36.4230002],[29.3249485,36.4228914],[29.3250138,36.4227783],[29.3250682,36.4226615],[29.3251115,36.4225418],[29.3251379,36.4224443],[29.3251569,36.4223457],[29.3251945,36.4221485],[29.3252242,36.4219504],[29.3252446,36.421766],[29.325254,36.4215809],[29.3252523,36.4213958],[29.3252461,36.4212853],[29.3252359,36.4211749],[29.3252148,36.4209544],[29.325202,36.4208406],[29.3252002,36.4207263],[29.3252094,36.4206123],[29.325227,36.4205102],[29.3252535,36.4204093],[29.3252885,36.4203101],[29.3253598,36.4200758],[29.3254367,36.4198427],[29.3255192,36.4196108],[29.3255931,36.4194165],[29.3256709,36.4192232],[29.3258196,36.4188349],[29.3260865,36.4181151],[29.3261291,36.4180092],[29.3261615,36.417901],[29.3261836,36.4177911],[29.3261951,36.4176802],[29.3261966,36.4175853],[29.3261889,36.4174907],[29.3261718,36.4173969],[29.3261457,36.4173045],[29.3261106,36.4172139],[29.3260772,36.417145],[29.3260385,36.4170779],[29.3259596,36.4169442],[29.3258741,36.4168132],[29.3257821,36.4166851],[29.3256838,36.4165602],[29.3255795,36.4164386],[29.3254691,36.4163204],[29.3253529,36.416206],[29.3252988,36.4161288],[29.3252523,36.4160484],[29.3252175,36.4159741],[29.3251893,36.4158981],[29.3251678,36.4158207],[29.3251316,36.4153717],[29.3250971,36.4150294],[29.3250565,36.4146875],[29.3250192,36.4143568],[29.3249854,36.4140259],[29.3249724,36.4138877],[29.3249684,36.4137492],[29.3249733,36.4136108],[29.3249872,36.4134727],[29.3250101,36.4133354],[29.3250418,36.4131992],[29.3250893,36.4130439],[29.3251484,36.4128912],[29.3252188,36.4127416],[29.3252598,36.4126535],[29.3252937,36.4125634],[29.3253203,36.4124718],[29.3253395,36.4123789],[29.3253518,36.4122781],[29.3253523,36.4121768],[29.325341,36.412076],[29.325318,36.4119764],[29.3252941,36.4119053],[29.3252643,36.4118357],[29.3252287,36.4117679],[29.3251504,36.4115565],[29.3250918,36.4113717],[29.3250417,36.4111853],[29.3250002,36.4109975],[29.3248339,36.4105754],[29.3247863,36.4104592],[29.3247724,36.410415],[29.3247489,36.4103405],[29.3247218,36.4102201],[29.3247052,36.4100984],[29.3247004,36.4100296],[29.324699,36.4099607],[29.3246874,36.4098232],[29.3246703,36.4096861],[29.3246387,36.4095025],[29.3245973,36.4093202],[29.3245462,36.4091394],[29.324501,36.4089617],[29.3244604,36.4087833],[29.3244286,36.4086254],[29.3243912,36.4084683],[29.3243484,36.4083121],[29.3242911,36.4081297],[29.3242264,36.4079489],[29.3242137,36.4078985],[29.3241931,36.4078497],[29.3241649,36.4078035],[29.3241295,36.4077606],[29.3240876,36.4077217],[29.3240459,36.4076914],[29.3240003,36.407665],[29.3239202,36.4076017],[29.3238483,36.4075325],[29.3237852,36.4074578],[29.3237552,36.4074161],[29.3237281,36.4073731],[29.3236808,36.4072845],[29.3236437,36.4071928],[29.3236184,36.4071048],[29.3236025,36.4070154],[29.3235961,36.4069252],[29.3236148,36.4062614],[29.3236296,36.4058388],[29.3236315,36.4057752],[29.3236435,36.4057123],[29.3236653,36.4056511],[29.3236873,36.4056083],[29.323714,36.4055673],[29.3237713,36.4054872],[29.3238368,36.4054111],[29.32391,36.4053398],[29.3239903,36.4052737],[29.3240439,36.4052354],[29.3240998,36.4051993],[29.3242159,36.4051316],[29.3243379,36.405071],[29.3244651,36.4050179],[29.3245355,36.4049925],[29.3246072,36.4049694],[29.3247451,36.4049136],[29.3248782,36.4048506],[29.3250123,36.4047771],[29.3251399,36.4046964],[29.3252604,36.4046089],[29.3253646,36.4044827],[29.3254753,36.4043602],[29.3255921,36.4042415],[29.325715,36.4041268],[29.3258438,36.4040163],[29.3260036,36.403891],[29.3261709,36.4037721],[29.3263453,36.4036601],[29.3264414,36.4036287],[29.326541,36.4036055],[29.326643,36.4035907],[29.3267464,36.4035844],[29.32685,36.4035866],[29.3269528,36.4035975],[29.3270398,36.4036135],[29.3271247,36.4036358],[29.3272068,36.4036639],[29.3272854,36.4036978],[29.3277307,36.4039288],[29.3278288,36.4039732],[29.3279307,36.4040115],[29.3280359,36.4040436],[29.3281438,36.4040694],[29.3282537,36.4040886],[29.3283799,36.4041023],[29.328507,36.4041074],[29.3286342,36.4041039],[29.3287607,36.4040918],[29.3298111,36.4040519],[29.3299129,36.4040445],[29.3300132,36.4040288],[29.330111,36.4040048],[29.3302053,36.4039728],[29.3302949,36.4039332],[29.33038,36.4038857],[29.3304585,36.4038313],[29.3305296,36.4037706],[29.3305924,36.4037043],[29.3306462,36.4036331],[29.3307092,36.4035756],[29.3307643,36.4035132],[29.3308112,36.4034466],[29.3308491,36.4033763],[29.3308779,36.4033033],[29.330897,36.4032283],[29.3309055,36.4031659],[29.3309072,36.4031031],[29.3309024,36.4030405],[29.3308597,36.4029309],[29.3308092,36.4028236],[29.3307509,36.4027188],[29.3306867,36.4026194],[29.3306155,36.402523],[29.3305376,36.4024301],[29.330309,36.4020814],[29.3302197,36.40195],[29.3301204,36.4018233],[29.3300112,36.401702],[29.3299454,36.401636],[29.3298766,36.4015719],[29.3297487,36.4014374],[29.3296277,36.4012989],[29.3295209,36.4011658],[29.3294205,36.4010295],[29.3293971,36.4009894],[29.3293822,36.4009468],[29.3293762,36.4009027],[29.32938,36.4008548],[29.3293943,36.4008083],[29.3295063,36.4006145],[29.3295538,36.4005604],[29.3296095,36.4005118],[29.3296726,36.4004693],[29.3297397,36.4004348],[29.3298116,36.4004073],[29.3298872,36.4003873],[29.3300586,36.4003699],[29.3302285,36.4003448],[29.3303964,36.4003121],[29.3305617,36.4002719],[29.330724,36.4002243],[29.3308295,36.4001888],[29.3309313,36.4001468],[29.3310287,36.4000986],[29.3311212,36.4000444],[29.3312082,36.3999846],[29.3312805,36.399927],[29.3313478,36.3998655],[29.3314096,36.3998004],[29.3314657,36.399732],[29.3319324,36.3996425],[29.3320077,36.3996276],[29.3320802,36.3996053],[29.3321486,36.3995757],[29.3322117,36.3995395],[29.3322687,36.3994971],[29.3323186,36.3994492],[29.332359,36.399399],[29.3323915,36.3993452],[29.3324157,36.3992886],[29.3324313,36.3992301],[29.3324469,36.3990944],[29.3324701,36.3989593],[29.332501,36.3988253],[29.3325342,36.3987089],[29.3325731,36.3985937],[29.3326177,36.3984799],[29.3326557,36.3983881],[29.3326857,36.3982945],[29.3327076,36.3981993],[29.3327213,36.3981032],[29.3327266,36.3980066],[29.3327236,36.3979099],[29.3327131,36.3978186],[29.3327118,36.3977269],[29.3327196,36.3976354],[29.3327365,36.3975447],[29.3327625,36.3974555],[29.3327977,36.3973674],[29.3328416,36.3972819],[29.3328939,36.3971996],[29.333881,36.3966534],[29.3345797,36.3962324],[29.3346857,36.3961775],[29.3347864,36.3961164],[29.3348813,36.3960496],[29.3349697,36.3959773],[29.3350513,36.3958999],[29.3351255,36.3958179],[29.3351972,36.3957244],[29.3352593,36.3956266],[29.3353115,36.3955251],[29.3353535,36.3954206],[29.3353717,36.3953637],[29.3353821,36.3953055],[29.3353849,36.3952467],[29.3353798,36.3951881],[29.3353669,36.3951302],[29.3353442,36.3950686],[29.3353127,36.3950095],[29.3352505,36.3948914],[29.3351805,36.3947761],[29.3351184,36.3946854],[29.3350515,36.394597],[29.3349307,36.3944141],[29.3348184,36.3942277],[29.3347722,36.3941456],[29.3347162,36.3940675],[29.3346509,36.3939943],[29.334577,36.3939265],[29.3345066,36.3938729],[29.3344311,36.3938239],[29.3343509,36.39378],[29.3342666,36.3937415],[29.3341787,36.3937085],[29.334082,36.3936798],[29.3339827,36.3936579],[29.3338814,36.3936429],[29.3337788,36.3936349],[29.3336758,36.393634],[29.3327612,36.3936675],[29.3326434,36.3936642],[29.3325264,36.3936526],[29.3324111,36.3936329],[29.3323007,36.3936058],[29.3321936,36.3935712],[29.3320906,36.3935293],[29.3318804,36.3934532],[29.3316655,36.3933861],[29.3314466,36.3933281],[29.3312242,36.3932793],[29.330999,36.39324],[29.3307834,36.3932114],[29.3305668,36.3931889],[29.3303493,36.3931725],[29.3301313,36.3931622],[29.3299216,36.3931581],[29.3297118,36.3931596],[29.3295022,36.3931667],[29.3292931,36.3931795],[29.3283817,36.393191],[29.3282671,36.3931925],[29.3272184,36.3932108],[29.327026,36.3931988],[29.3268348,36.3931781],[29.3266454,36.3931486],[29.3264583,36.3931105],[29.3262742,36.393064],[29.3260879,36.3930072],[29.325906,36.3929417],[29.3257292,36.3928677],[29.3255581,36.3927855],[29.3254874,36.3927451],[29.3254216,36.3926996],[29.3253616,36.3926493],[29.3253076,36.3925946],[29.3252604,36.3925361],[29.3252214,36.3924764],[29.3251893,36.392414],[29.3251644,36.3923496],[29.3251469,36.3922836],[29.325137,36.3922166],[29.3251238,36.3921559],[29.3251054,36.392096],[29.325082,36.3920373],[29.3250407,36.391957],[29.3249899,36.3918803],[29.3249302,36.3918079],[29.3248621,36.3917405],[29.3248095,36.3915997],[29.3247671,36.3914567],[29.324735,36.3913121],[29.3247132,36.3911661],[29.3247032,36.3910472],[29.3247001,36.3909281],[29.3247039,36.3908089],[29.3247145,36.39069],[29.3247159,36.3905594],[29.3247089,36.390429],[29.3246937,36.3902989],[29.3246703,36.3901697],[29.3246359,36.3900317],[29.3245922,36.3898955],[29.3245392,36.3897614],[29.3244772,36.3896299],[29.3244362,36.3894935],[29.324402,36.389356],[29.3243745,36.3892175],[29.3243538,36.3890782],[29.3243368,36.3888925],[29.3243319,36.3887062],[29.324339,36.3885201],[29.3243348,36.388384],[29.3243195,36.3882485],[29.3242931,36.3881141],[29.3242559,36.3879813],[29.3242177,36.3878751],[29.3241725,36.3877706],[29.3241204,36.3876683],[29.3240894,36.3876367],[29.3240515,36.3876105],[29.3240082,36.3875905],[29.3239608,36.3875776],[29.3239157,36.3875723],[29.3238701,36.3875734],[29.3238254,36.3875808],[29.3230489,36.3877287],[29.3227624,36.3877826],[29.3224745,36.3878311],[29.3221852,36.3878745],[29.3220413,36.387894],[29.3218961,36.3879054],[29.3217503,36.3879086],[29.3216045,36.3879036],[29.3215146,36.3878964],[29.3214251,36.3878861],[29.3212464,36.3878637],[29.3210151,36.387827],[29.3207861,36.387782],[29.3205598,36.3877287],[29.3204538,36.3877086],[29.3203464,36.3876945],[29.3202379,36.3876866],[29.3201248,36.387685],[29.3200119,36.38769],[29.3198997,36.3877017],[29.3197889,36.3877201],[29.31968,36.3877449],[29.3193895,36.3877895],[29.3191011,36.387842],[29.318815,36.3879025],[29.318656,36.3879398],[29.3184978,36.3879796],[29.3181828,36.3880622],[29.3178701,36.3881502],[29.3175597,36.3882437],[29.3172712,36.3883362],[29.3169851,36.3884334],[29.3167014,36.3885352],[29.3165845,36.3885939],[29.3164637,36.3886473],[29.3163394,36.3886952],[29.316212,36.3887374],[29.3160819,36.3887738],[29.3159469,36.3888048],[29.31581,36.3888296],[29.3156715,36.388848],[29.315532,36.3888601],[29.315106,36.388814],[29.3146804,36.3887651],[29.3142691,36.3887152],[29.3138583,36.3886626],[29.3137263,36.3886288],[29.3135975,36.3885878],[29.3134725,36.3885399],[29.3133518,36.3884852],[29.313236,36.388424],[29.3131139,36.3883488],[29.3129993,36.3882664],[29.3128927,36.3881772],[29.3127948,36.3880817],[29.3127488,36.3880284],[29.3127117,36.3879707],[29.3126841,36.3879097],[29.3126666,36.3878463],[29.3126594,36.3877816],[29.3126601,36.3877408],[29.312665,36.3877002],[29.3126781,36.3876193],[29.3126986,36.3875394],[29.3127264,36.387461],[29.3127584,36.3873901],[29.3127984,36.387322],[29.312846,36.3872571],[29.3129008,36.387196],[29.3129624,36.3871392],[29.3130118,36.3871006],[29.3130667,36.3870672],[29.3131264,36.3870396],[29.31319,36.3870183],[29.3132564,36.3870035],[29.3133245,36.3869956],[29.3133789,36.3869943],[29.3134332,36.3869974],[29.3135412,36.3870067],[29.3136477,36.3870237],[29.3137208,36.38704],[29.3137959,36.3870482],[29.3138717,36.3870482],[29.3139468,36.3870399],[29.3140208,36.3870233],[29.3140912,36.3869987],[29.3141568,36.3869666],[29.3142164,36.3869276],[29.3149795,36.3864871],[29.3151238,36.3864159],[29.3152639,36.3863392],[29.3153994,36.3862574],[29.31553,36.3861706],[29.3156554,36.386079],[29.3157824,36.3859769],[29.3159028,36.3858696],[29.3160161,36.3857574],[29.3161221,36.3856407],[29.3161823,36.3855683],[29.3162346,36.385492],[29.3162787,36.3854124],[29.3163141,36.38533],[29.3163407,36.3852456],[29.3163574,36.3851648],[29.316366,36.3850832],[29.3163664,36.3850013],[29.3163587,36.3849196],[29.3163662,36.3845934],[29.3163662,36.3844623],[29.316355,36.3843314],[29.3163326,36.3842014],[29.3162991,36.384073],[29.3162665,36.3839772],[29.3162277,36.3838829],[29.3161828,36.3837904],[29.3160725,36.3835062],[29.3159934,36.3832916],[29.3159259,36.3830744],[29.31587,36.3828552],[29.3158357,36.3826898],[29.3158081,36.3825236],[29.3157546,36.3821912],[29.3157043,36.3818137],[29.3156648,36.3814354],[29.3156009,36.3808819],[29.3153845,36.3802185],[29.3152463,36.3796366],[29.3152328,36.3795413],[29.3152303,36.3794455],[29.3152389,36.3793499],[29.3152584,36.3792554],[29.315279,36.3791891],[29.3153049,36.379124],[29.3153596,36.3789947],[29.3154224,36.3788678],[29.3154931,36.3787436],[29.3155641,36.3786334],[29.3156412,36.378526],[29.3157245,36.3784216],[29.3158136,36.3783204],[29.3158938,36.3782658],[29.3159789,36.3782163],[29.3160685,36.3781722],[29.316162,36.3781338],[29.3162589,36.3781012],[29.3163632,36.3780736],[29.31647,36.3780528],[29.3165785,36.3780389],[29.316688,36.3780321],[29.3172768,36.3780159],[29.3173802,36.3780134],[29.3174829,36.3780028],[29.3175837,36.3779841],[29.3176818,36.3779576],[29.3177567,36.3779312],[29.3178288,36.3779001],[29.3178977,36.3778647],[29.3179585,36.377827],[29.3180114,36.3777822],[29.3180549,36.3777312],[29.3180881,36.3776755],[29.3181102,36.3776163],[29.3181205,36.3775551],[29.318119,36.3774933],[29.318108,36.3774404],[29.3180883,36.3773892],[29.3180601,36.3773405],[29.3180241,36.3772954],[29.3179809,36.3772546],[29.3178535,36.3771272],[29.3177188,36.3770047],[29.3175772,36.3768875],[29.3174334,36.3767791],[29.3172838,36.3766758],[29.3171287,36.376578],[29.3169683,36.3764858],[29.3168225,36.3764092],[29.3166732,36.3763372],[29.3165204,36.3762699],[29.3162689,36.3762029],[29.3160147,36.3761425],[29.3157583,36.3760889],[29.3154998,36.3760421],[29.315224,36.3759999],[29.3149466,36.3759655],[29.3146678,36.3759389],[29.314388,36.37592],[29.3142153,36.3758943],[29.3140451,36.3758595],[29.313878,36.3758157],[29.313715,36.3757631],[29.3135566,36.3757019],[29.3134428,36.3756514],[29.3133353,36.3755926],[29.313235,36.3755262],[29.3131426,36.3754527],[29.313059,36.3753726],[29.3129887,36.3752915],[29.3129273,36.3752058],[29.3128754,36.3751162],[29.3128334,36.3750232],[29.3128015,36.3749277],[29.3127481,36.374758],[29.3127056,36.3745863],[29.3126742,36.3744131],[29.312654,36.3742388],[29.3126454,36.3740838],[29.3126457,36.3739286],[29.3126548,36.3737735],[29.3126728,36.373619],[29.3127032,36.3734566],[29.3127429,36.3732955],[29.3127918,36.3731361],[29.3128498,36.3729787],[29.312917,36.3728229],[29.312993,36.3726698],[29.3130778,36.3725197],[29.3131197,36.3724331],[29.313153,36.3723441],[29.3131775,36.3722533],[29.3131931,36.3721612],[29.3131997,36.3720684],[29.3131971,36.3719755],[29.3131884,36.3719002],[29.3131701,36.3718261],[29.3131424,36.3717538],[29.3131057,36.3716843],[29.3130603,36.3716181],[29.3130094,36.3715587],[29.312951,36.371504],[29.3128857,36.3714545],[29.3128144,36.3714109],[29.3127378,36.3713734],[29.3126567,36.3713427],[29.3125969,36.3713252],[29.3125357,36.3713112],[29.3124117,36.3712889],[29.3122856,36.3712758],[29.3121586,36.3712721],[29.3120317,36.3712779],[29.3119442,36.3712875],[29.3118576,36.3713015],[29.311682,36.3713166],[29.3115056,36.3713232],[29.311329,36.3713211],[29.3112142,36.3713152],[29.3111003,36.3713025],[29.3109879,36.3712832],[29.3108775,36.3712573],[29.3107697,36.371225],[29.3106706,36.3711886],[29.3105747,36.3711468],[29.3104827,36.3710998],[29.3104389,36.3710419],[29.3104039,36.3709803],[29.3103782,36.3709157],[29.310362,36.3708492],[29.3103557,36.3707804],[29.3103597,36.3707114],[29.310374,36.3706433],[29.3103982,36.3705771],[29.3106598,36.3703028],[29.3116566,36.3695615],[29.3122543,36.3689098],[29.3128803,36.3684912],[29.3147193,36.367791],[29.3153115,36.3672837],[29.3160227,36.3661594],[29.3167363,36.36598],[29.3181938,36.3664795],[29.318679,36.3662552],[29.319193,36.3653611],[29.3191638,36.3648074],[29.3187038,36.3644735],[29.3165539,36.3635653],[29.3159885,36.3631192],[29.3149683,36.361386],[29.3150867,36.3608445],[29.3154431,36.3606996],[29.3165347,36.3594415],[29.3165673,36.3593091],[29.3165894,36.3590986],[29.316621,36.358889],[29.3166627,36.3586765],[29.3167142,36.3584655],[29.3167752,36.3582561],[29.3168476,36.3580514],[29.3169411,36.3574971],[29.3160047,36.355772],[29.3158244,36.355577],[29.3157679,36.3555186],[29.3157176,36.3554567],[29.3156737,36.3553917],[29.3156366,36.355324],[29.3156064,36.3552541],[29.3155818,36.3551761],[29.3155675,36.3550964],[29.3155639,36.3550415],[29.3155699,36.3549868],[29.3155856,36.3549333],[29.3156103,36.3548827],[29.3156436,36.3548355],[29.3156848,36.3547924],[29.3157332,36.3547545],[29.3158834,36.354451],[29.3162508,36.3537133],[29.3163558,36.3535067],[29.3165955,36.3531042],[29.3167005,36.3529499],[29.3168114,36.3527982],[29.3169281,36.3526494],[29.317146,36.3523626],[29.3173572,36.3520727],[29.317412,36.3519954],[29.3174597,36.3519152],[29.3175001,36.3518325],[29.3175329,36.3517475],[29.3175606,36.3516503],[29.3175784,36.3515516],[29.3175862,36.351452],[29.3175839,36.3513522],[29.3176003,36.3511304],[29.317606,36.3509083],[29.3176009,36.3506862],[29.3175852,36.3504644],[29.3175626,36.3502698],[29.3175317,36.3500761],[29.3174927,36.3498832],[29.3174562,36.3497195],[29.3174083,36.3495577],[29.3173492,36.3493983],[29.3172788,36.3492412],[29.3172014,36.3490862],[29.3171171,36.3489337],[29.317026,36.3487837],[29.3169149,36.3486174],[29.3167955,36.3484549],[29.3166679,36.3482965],[29.3166349,36.3482497],[29.3165949,36.3482065],[29.3165486,36.3481677],[29.3164967,36.3481338],[29.3164399,36.3481053],[29.316381,36.3480833],[29.3163191,36.3480672],[29.3162553,36.3480572],[29.3161905,36.3480535],[29.3161221,36.3480459],[29.3160554,36.3480313],[29.3159916,36.34801],[29.3159317,36.3479823],[29.3158767,36.3479487],[29.3158288,36.3479109],[29.3157871,36.3478687],[29.3157523,36.3478226],[29.3157247,36.3477734],[29.3155787,36.3475596],[29.3154459,36.3474007],[29.3153067,36.3472455],[29.3151581,36.3470908],[29.3150031,36.3469403],[29.3146911,36.3466406],[29.314372,36.3463476],[29.3140447,36.3460605],[29.3136945,36.3457645],[29.31335,36.3454643],[29.3131051,36.345245],[29.3128632,36.3450235],[29.3124032,36.3445742],[29.3123377,36.3444983],[29.3122799,36.3444184],[29.3122301,36.3443352],[29.3121886,36.344249],[29.3121567,36.3441637],[29.312133,36.3440767],[29.3121176,36.3439885],[29.3121105,36.3438997],[29.3121118,36.3438106],[29.3121216,36.3437219],[29.3120778,36.3435303],[29.3120425,36.3433376],[29.3120156,36.3431439],[29.3119972,36.3429495],[29.3119874,36.3427546],[29.3119861,36.3425595],[29.3119864,36.3424563],[29.3119976,36.3423534],[29.3120196,36.3422517],[29.3120455,36.34217],[29.3120784,36.3420899],[29.3121181,36.3420119],[29.3121645,36.3419362],[29.3122324,36.3416207],[29.3122932,36.3413043],[29.3123424,36.3410162],[29.3123858,36.3407274],[29.312398,36.3406208],[29.3123996,36.3405138],[29.3123904,36.340407],[29.3123706,36.3403012],[29.3123402,36.340197],[29.3122993,36.3400948],[29.3122483,36.3399956],[29.312164,36.3397921],[29.3120874,36.3395866],[29.3120504,36.3394787],[29.3120222,36.339369],[29.3120027,36.3392581],[29.3119922,36.3391464],[29.3119909,36.3390208],[29.311998,36.3388954],[29.3120134,36.3387704],[29.3120371,36.3386463],[29.3120646,36.3385382],[29.3120984,36.3384314],[29.3121383,36.3383259],[29.3121745,36.338219],[29.3122182,36.3381139],[29.3122692,36.338011],[29.3123274,36.3379106],[29.3123925,36.3378132],[29.3124643,36.3377189],[29.3125427,36.3376281],[29.3126652,36.3375545],[29.312793,36.3374871],[29.3129258,36.3374262],[29.313063,36.337372],[29.3132216,36.3373195],[29.3133842,36.3372759],[29.3135502,36.3372415],[29.3137188,36.3372165],[29.3137845,36.3371838],[29.313845,36.337145],[29.3138995,36.3371009],[29.3139471,36.3370519],[29.3139872,36.3369987],[29.3140192,36.3369421],[29.3140423,36.3368845],[29.314057,36.3368252],[29.3140632,36.3367649],[29.3140608,36.3367044],[29.3140362,36.3365986],[29.3140212,36.3364917],[29.314016,36.3363841],[29.3140206,36.3362766],[29.3140322,36.3361852],[29.3140334,36.3360934],[29.3140243,36.3360019],[29.3140048,36.3359114],[29.3139973,36.3358856],[29.3139955,36.3358592],[29.3139995,36.3358328],[29.3140087,36.3358083],[29.3140229,36.3357853],[29.3142895,36.3355203],[29.3146187,36.3352206],[29.3147144,36.335158],[29.3148043,36.3350902],[29.3148881,36.3350175],[29.3149654,36.3349402],[29.3150222,36.3348754],[29.3150716,36.3348068],[29.3151134,36.3347349],[29.3151471,36.3346604],[29.3151749,36.334575],[29.3151948,36.3344883],[29.3152068,36.3344006],[29.3152102,36.334344],[29.3152104,36.3342875],[29.315205,36.3341744],[29.3151907,36.3340619],[29.315169,36.3339566],[29.3151395,36.3338526],[29.3151022,36.3337502],[29.3150634,36.3336206],[29.3150182,36.3334923],[29.3149667,36.3333656],[29.314894,36.3332103],[29.3148125,36.3330579],[29.3147226,36.3329086],[29.3146447,36.3327915],[29.3145615,36.3326767],[29.3144732,36.3325645],[29.3143286,36.3324199],[29.3141782,36.3322793],[29.3140098,36.3321323],[29.3138352,36.3319901],[29.3136545,36.331853],[29.3134792,36.3317099],[29.3133105,36.3315619],[29.3132398,36.3314966],[29.3131761,36.3314269],[29.3131198,36.3313531],[29.3130713,36.3312758],[29.3130308,36.3311956],[29.3130013,36.3311206],[29.312978,36.3310441],[29.3129611,36.3309666],[29.3129534,36.3309148],[29.3129533,36.3308627],[29.3129608,36.3308109],[29.3129759,36.3307602],[29.3129984,36.3307109],[29.313028,36.330664],[29.3130644,36.3306203],[29.3131248,36.3305201],[29.3131934,36.3304233],[29.3132698,36.3303304],[29.3133536,36.3302418],[29.3134446,36.3301579],[29.3135267,36.3300908],[29.3136135,36.3300276],[29.3137767,36.3298926],[29.3139341,36.3297533],[29.3141168,36.3295785],[29.3142904,36.3293978],[29.3144544,36.3292114],[29.3147562,36.3289057],[29.3148237,36.32887],[29.3148866,36.3288292],[29.3149443,36.3287837],[29.3149962,36.3287339],[29.3150442,36.3286772],[29.3150846,36.3286168],[29.3151654,36.3284962],[29.3152383,36.3283725],[29.3153071,36.3282376],[29.3153666,36.3280999],[29.3154167,36.3279597],[29.3154491,36.3278888],[29.315474,36.3278159],[29.3154912,36.3277416],[29.3155005,36.3276664],[29.3155021,36.3275966],[29.3154969,36.3275269],[29.3154844,36.3273876],[29.3154602,36.327235],[29.3154253,36.3270838],[29.3153798,36.3269344],[29.3152658,36.3264849],[29.3152268,36.3263271],[29.3151783,36.326171],[29.3151203,36.3260171],[29.3150765,36.3259159],[29.3150286,36.325816],[29.3149325,36.3256162],[29.3148476,36.325448],[29.3147595,36.3252807],[29.3147274,36.3252177],[29.3147037,36.3251522],[29.3146888,36.3250851],[29.3146828,36.3250171],[29.3146858,36.324949],[29.314699,36.3248761],[29.3147226,36.3248048],[29.3147562,36.3247362],[29.3149982,36.3244163],[29.3158297,36.3237005],[29.3159699,36.3234995],[29.3161234,36.3232391],[29.3161775,36.3231557],[29.316221,36.3230682],[29.3162533,36.3229778],[29.3162743,36.3228851],[29.3162837,36.3227913],[29.3162817,36.3227015],[29.3162711,36.3226122],[29.3162518,36.3225238],[29.316224,36.3224369],[29.3162015,36.3223815],[29.3161712,36.3223286],[29.3161336,36.3222789],[29.3160891,36.322233],[29.3160383,36.3221916],[29.3160036,36.3221682],[29.315967,36.3221469],[29.3158913,36.3221073],[29.3158115,36.3220731],[29.3157285,36.3220446],[29.3156556,36.322025],[29.315586,36.3219985],[29.3155209,36.3219657],[29.315461,36.3219268],[29.3154073,36.3218825],[29.3153619,36.3218352],[29.3153235,36.321784],[29.3152926,36.3217296],[29.315186,36.3212688],[29.3150519,36.3208166],[29.3150013,36.320659],[29.3149445,36.3205028],[29.3148816,36.3203482],[29.314802,36.320173],[29.3147146,36.3200002],[29.3146587,36.3199183],[29.3145933,36.3198412],[29.3145188,36.3197695],[29.3144748,36.3197332],[29.3144286,36.3196988],[29.3143328,36.3196329],[29.3142318,36.3195723],[29.31414,36.319524],[29.3140449,36.31948],[29.3139468,36.3194405],[29.3137963,36.3193842],[29.3136433,36.3193323],[29.3134882,36.3192849],[29.3132802,36.3192293],[29.313076,36.3191655],[29.3128759,36.3190936],[29.3126809,36.319014],[29.312491,36.3189267],[29.3124265,36.3188897],[29.3123696,36.3188455],[29.3123214,36.3187949],[29.312294,36.318757],[29.3122715,36.318717],[29.3122542,36.3186754],[29.3121765,36.3185601],[29.3120887,36.3184496],[29.3120305,36.3183849],[29.3119688,36.3183224],[29.311855,36.3181916],[29.3117474,36.3180574],[29.3116385,36.317909],[29.3115374,36.3177571],[29.3113243,36.3174582],[29.3110561,36.3170897],[29.3108475,36.3167542],[29.310765,36.316625],[29.3106658,36.3164743],[29.3105959,36.3163862],[29.3105196,36.3163016],[29.3104371,36.3162209],[29.3103534,36.3161481],[29.3102615,36.3160819],[29.3101622,36.3160231],[29.3100754,36.3159805],[29.3099847,36.3159435],[29.309803,36.3158699],[29.3096177,36.3158027],[29.3094161,36.315738],[29.3092182,36.3156662],[29.3090243,36.3155877],[29.3088961,36.3155309],[29.3087699,36.3154711],[29.3085202,36.3153482],[29.3082753,36.3152192],[29.3080368,36.3150849],[29.3078036,36.3149447],[29.3075759,36.3147988],[29.3068765,36.3144011],[29.3067017,36.3142993],[29.3065315,36.3141924],[29.3063662,36.3140807],[29.3062068,36.3139649],[29.3060541,36.3138434],[29.3059082,36.3137165],[29.305809,36.3136232],[29.3057181,36.3135245],[29.305636,36.313421],[29.3055943,36.3133614],[29.3055555,36.3133006],[29.3054821,36.3131774],[29.305416,36.3130514],[29.3053716,36.3129557],[29.3053373,36.3128573],[29.3053134,36.312757],[29.3053,36.3126553],[29.3052976,36.3125476],[29.305307,36.3124402],[29.3053282,36.3123338],[29.3054107,36.311981],[29.3054878,36.3115693],[29.3055049,36.3114748],[29.3055286,36.3113812],[29.3055589,36.3112888],[29.3055935,36.3112027],[29.3056338,36.3111181],[29.3057031,36.3109459],[29.3057667,36.3107723],[29.3058094,36.3106454],[29.3058437,36.3105168],[29.3058695,36.310387],[29.3058868,36.3102562],[29.3058936,36.3101657],[29.3058964,36.310075],[29.3058995,36.3098937],[29.3058985,36.3097983],[29.3059084,36.3097033],[29.305929,36.3096094],[29.3059598,36.3095184],[29.3060008,36.30943],[29.3060135,36.3093586],[29.3060189,36.3092866],[29.3060169,36.3092144],[29.3060091,36.3091515],[29.3059936,36.3090895],[29.3059706,36.309029],[29.3059402,36.3089707],[29.3059029,36.3089151],[29.3058538,36.3088574],[29.3057986,36.3088033],[29.3057377,36.3087535],[29.3056715,36.3087081],[29.3055927,36.3086636],[29.3055086,36.3086259],[29.3054201,36.3085954],[29.3053282,36.3085725],[29.3052351,36.3085575],[29.3051407,36.3085503],[29.3049524,36.3085325],[29.3047636,36.308519],[29.3046286,36.3085121],[29.3044934,36.3085125],[29.3043584,36.3085202],[29.3042245,36.3085352],[29.3041089,36.3085542],[29.3039949,36.3085786],[29.3038829,36.3086083],[29.3035439,36.3086887],[29.3034219,36.3087195],[29.3033028,36.3087571],[29.3031873,36.3088013],[29.303076,36.3088519],[29.3029692,36.3089086],[29.3028923,36.3089551],[29.3028186,36.3090048],[29.302673,36.3091059],[29.3025327,36.3092117],[29.3023807,36.309337],[29.3022331,36.3094656],[29.3020901,36.3095976],[29.3019633,36.3097212],[29.3018416,36.3098483],[29.3017253,36.3099785],[29.3016531,36.3100643],[29.3015715,36.3101445],[29.3014812,36.3102184],[29.3014083,36.3102694],[29.3013313,36.3103162],[29.3011771,36.3104097],[29.3010189,36.3104987],[29.300857,36.3105832],[29.3006946,36.3106615],[29.3005361,36.3107448],[29.3003819,36.3108332],[29.300232,36.3109263],[29.3000865,36.3110243],[29.2999458,36.3111268],[29.2998102,36.3112337],[29.2997046,36.3113009],[29.2995923,36.3113607],[29.2994741,36.3114126],[29.2993509,36.3114563],[29.29926,36.3114825],[29.2991665,36.311502],[29.2990713,36.3115147],[29.298965,36.3115208],[29.2988585,36.3115193],[29.2987525,36.3115103],[29.2986479,36.3114937],[29.2985456,36.3114699],[29.2984427,36.3114376],[29.298344,36.3113978],[29.2982502,36.311351],[29.298162,36.3112975],[29.2980206,36.311176],[29.2978734,36.3110591],[29.2977205,36.3109469],[29.2975623,36.3108397],[29.2973989,36.3107377],[29.2972204,36.3106353],[29.2970368,36.310539],[29.2968483,36.310449],[29.2966553,36.3103654],[29.2965812,36.3103413],[29.2965048,36.3103224],[29.2964267,36.3103088],[29.2963475,36.3103006],[29.2962935,36.3102981],[29.2962395,36.3102981],[29.2961316,36.310302],[29.2960243,36.3103124],[29.2959277,36.3103274],[29.2958326,36.3103476],[29.2956435,36.3103911],[29.2954575,36.3104426],[29.2952753,36.3105021],[29.2951033,36.3105669],[29.2949358,36.3106389],[29.294773,36.3107177],[29.2946984,36.3107364],[29.2946218,36.3107493],[29.2945441,36.3107562],[29.2944659,36.3107571],[29.2944132,36.3107543],[29.2943608,36.3107488],[29.2942569,36.3107331],[29.2941552,36.3107103],[29.2940562,36.3106804],[29.2939506,36.3106393],[29.2938485,36.3105928],[29.2937504,36.310541],[29.2936766,36.3104969],[29.2936089,36.3104469],[29.2935479,36.3103915],[29.2934943,36.3103314],[29.2934566,36.3102794],[29.2934245,36.3102252],[29.2933982,36.3101689],[29.2932946,36.3100094],[29.2931838,36.3098531],[29.2930659,36.3097003],[29.2929411,36.3095511],[29.292871,36.3094126],[29.2928068,36.3092722],[29.2927486,36.3091302],[29.2926932,36.3089769],[29.2926447,36.3088222],[29.2926246,36.3087743],[29.2925972,36.3087288],[29.2925629,36.3086865],[29.2925242,36.3086497],[29.2924804,36.3086168],[29.2923924,36.3085516],[29.2922993,36.3084912],[29.2922016,36.3084357],[29.2920995,36.3083855],[29.2919843,36.3083372],[29.2918658,36.3082941],[29.2917445,36.3082565],[29.2916208,36.3082245],[29.2915054,36.3082001],[29.2913886,36.3081806],[29.2911549,36.3081418],[29.29092,36.3081083],[29.2908079,36.3080942],[29.2906949,36.3080864],[29.2905814,36.3080848],[29.2904681,36.3080894],[29.2903333,36.3081032],[29.2901977,36.3081099],[29.2900618,36.3081095],[29.2899263,36.3081019],[29.2897924,36.3080872],[29.2896606,36.308063],[29.289532,36.3080294],[29.28942,36.3079915],[29.2893121,36.3079465],[29.2892088,36.3078949],[29.2891459,36.3078588],[29.289088,36.3078177],[29.2890355,36.307772],[29.2889891,36.3077223],[29.2889493,36.307669],[29.2889161,36.3076121],[29.2888904,36.3075528],[29.2888724,36.3074916],[29.2888065,36.3073113],[29.2887652,36.3071776],[29.28873,36.3070427],[29.2887331,36.3069893],[29.2887273,36.3069359],[29.2887125,36.3068837],[29.2886891,36.3068336],[29.2886702,36.3068036],[29.2886482,36.306775],[29.2885993,36.3067206],[29.2885429,36.306671],[29.288479,36.3066263],[29.2884107,36.306586],[29.2883384,36.3065505],[29.288254,36.3065168],[29.2881656,36.3064905],[29.2880742,36.3064721],[29.2880137,36.3064644],[29.2879527,36.3064601],[29.2878304,36.3064567],[29.2877081,36.3064618],[29.2876276,36.30647],[29.2875484,36.3064839],[29.2874711,36.3065036],[29.2873963,36.3065288],[29.2873122,36.3065654],[29.2872342,36.3066099],[29.2871633,36.3066615],[29.2871006,36.3067196],[29.2870529,36.3067754],[29.2870128,36.3068349],[29.2869182,36.3069466],[29.2868715,36.3069975],[29.2868319,36.3070522],[29.2867997,36.30711],[29.2867754,36.3071703],[29.2867573,36.3072422],[29.2867505,36.3073155],[29.2867551,36.3073888],[29.2867711,36.3074611],[29.2867982,36.3075312],[29.2868282,36.307586],[29.2868649,36.3076381],[29.2869081,36.3076869],[29.2870002,36.3077293],[29.2870874,36.3077779],[29.2871691,36.3078323],[29.2872448,36.3078922],[29.2872928,36.3079361],[29.2873337,36.3079846],[29.2873668,36.3080367],[29.2873916,36.3080918],[29.2874077,36.3081489],[29.2874141,36.3081951],[29.2874148,36.3082416],[29.2874098,36.3082879],[29.2874013,36.3084268],[29.2873822,36.3085649],[29.2873656,36.3086478],[29.2873403,36.3087293],[29.2873067,36.3088087],[29.2872649,36.3088856],[29.2872152,36.3089594],[29.2871757,36.3090093],[29.2871325,36.3090572],[29.2870573,36.309159],[29.2869899,36.3092642],[29.2869261,36.3093815],[29.2868719,36.309502],[29.2868277,36.3096251],[29.2867927,36.3097537],[29.2867686,36.3098838],[29.2867554,36.310015],[29.2867532,36.3101466],[29.2867442,36.3102421],[29.286724,36.3103366],[29.2866929,36.3104292],[29.2866675,36.3104866],[29.2866326,36.3105407],[29.2865889,36.3105905],[29.2865371,36.310635],[29.2864783,36.3106734],[29.2864249,36.3107001],[29.2863682,36.3107218],[29.286254,36.3107636],[29.2861363,36.3107987],[29.2860327,36.3108235],[29.2859274,36.3108429],[29.2858208,36.3108571],[29.2855074,36.3109225],[29.2851509,36.311006],[29.2847979,36.3110986],[29.2847112,36.3111179],[29.2846227,36.311131],[29.2845331,36.311138],[29.2844432,36.3111386],[29.2843354,36.3111311],[29.2842284,36.3111176],[29.2841229,36.3110981],[29.2840194,36.3110727],[29.2839011,36.3110357],[29.2837865,36.3109918],[29.2836761,36.3109414],[29.2835689,36.3108838],[29.2834669,36.3108203],[29.2833706,36.3107513],[29.2832804,36.3106772],[29.2832228,36.3106238],[29.2831683,36.3105684],[29.2830653,36.3104539],[29.282972,36.3103341],[29.2829286,36.3102716],[29.2828879,36.3102081],[29.2828129,36.3100784],[29.2827474,36.3099455],[29.2826943,36.3098176],[29.2826478,36.309688],[29.2826079,36.309557],[29.2825846,36.3094672],[29.2825644,36.3093769],[29.2825093,36.3091988],[29.2824657,36.30908],[29.2824285,36.3089598],[29.282398,36.3088384],[29.2823715,36.3086997],[29.2823519,36.3085603],[29.2823393,36.3084204],[29.2823336,36.3082802],[29.2823359,36.3081162],[29.2823478,36.3079526],[29.2823692,36.3077895],[29.2824268,36.3073367],[29.2824455,36.3071364],[29.2824543,36.3069357],[29.282455,36.3068233],[29.2824489,36.306711],[29.2824362,36.3065991],[29.2824205,36.3065058],[29.2823968,36.3064137],[29.2823653,36.306323],[29.2823263,36.3062343],[29.2822897,36.3061652],[29.2822431,36.3061],[29.2821873,36.3060397],[29.2821231,36.3059852],[29.2820863,36.3059592],[29.2820475,36.3059351],[29.2819668,36.3058904],[29.2818816,36.3058515],[29.2817925,36.3058188],[29.2816977,36.3057918],[29.2815998,36.3057736],[29.2815,36.3057643],[29.2813995,36.305764],[29.2812996,36.3057729],[29.2812167,36.3057873],[29.2811362,36.305809],[29.2810592,36.3058378],[29.2809867,36.3058733],[29.2809194,36.305915],[29.28086,36.3059609],[29.2808071,36.3060118],[29.2807613,36.3060669],[29.280723,36.3061256],[29.2806928,36.3061873],[29.280661,36.3062354],[29.2806204,36.3062789],[29.2805721,36.306317],[29.2805353,36.3063393],[29.2804958,36.3063585],[29.2804149,36.3063936],[29.2803301,36.3064223],[29.2802422,36.306444],[29.2801533,36.3064585],[29.280063,36.3064661],[29.2799723,36.3064665],[29.279882,36.3064598],[29.2797929,36.3064462],[29.2796901,36.306441],[29.2795871,36.3064423],[29.2794845,36.3064501],[29.2793831,36.3064644],[29.2792833,36.3064851],[29.2792233,36.3065008],[29.2791643,36.3065189],[29.2790494,36.3065611],[29.2789397,36.3066114],[29.278836,36.3066693],[29.2787524,36.3067249],[29.2786743,36.3067853],[29.2785059,36.3068949],[29.2783311,36.3069979],[29.2782193,36.3070585],[29.2781015,36.307111],[29.2779784,36.3071551],[29.2778682,36.3071863],[29.277755,36.3072097],[29.2776397,36.307225],[29.2775232,36.3072323],[29.2774064,36.3072313],[29.2772985,36.3072232],[29.2771918,36.307208],[29.277087,36.307186],[29.2769846,36.3071573],[29.2768124,36.3070919],[29.2766445,36.3070197],[29.2764811,36.3069409],[29.2763228,36.3068558],[29.2761982,36.3067821],[29.2760791,36.3067028],[29.2759658,36.3066181],[29.2758588,36.3065283],[29.2757556,36.3064311],[29.2756589,36.3063296],[29.2755691,36.3062241],[29.2755113,36.3061492],[29.2754604,36.3060712],[29.2754167,36.3059903],[29.2753805,36.3059071],[29.2753518,36.305822],[29.2753294,36.3057271],[29.2753138,36.3056313],[29.2753052,36.305535],[29.2753036,36.3054384],[29.2753076,36.305357],[29.2753204,36.3052763],[29.2753419,36.3051967],[29.275372,36.305119],[29.2754104,36.3050436],[29.2754552,36.3049705],[29.2755062,36.3049],[29.2755631,36.3048326],[29.2756245,36.3047695],[29.2756911,36.3047099],[29.2757626,36.3046541],[29.2758387,36.3046024],[29.2760067,36.3044971],[29.2761793,36.3043967],[29.2763563,36.3043014],[29.2765646,36.3041983],[29.276778,36.3041023],[29.276996,36.3040134],[29.2780112,36.3036664],[29.2791425,36.3032693],[29.2798056,36.3030763],[29.2799733,36.3030418],[29.2801428,36.3030138],[29.2803138,36.3029923],[29.2804858,36.3029775],[29.2806586,36.3029693],[29.2807865,36.3029676],[29.2809144,36.3029695],[29.2811701,36.3029766],[29.2814253,36.3029906],[29.2816798,36.3030115],[29.2819155,36.3030371],[29.28215,36.3030686],[29.2823832,36.3031061],[29.2825067,36.3031264],[29.2826319,36.3031378],[29.2827578,36.30314],[29.2828835,36.3031331],[29.2829695,36.303123],[29.283054,36.3031069],[29.2831365,36.3030848],[29.2832162,36.3030569],[29.2832925,36.3030234],[29.2833627,36.3029859],[29.2834287,36.3029438],[29.2834902,36.3028975],[29.2835467,36.3028472],[29.2836047,36.3027852],[29.2836535,36.3027181],[29.2836922,36.302647],[29.2837203,36.3025727],[29.2837328,36.3025231],[29.2837406,36.3024728],[29.2837495,36.3023719],[29.283747,36.3022707],[29.2837331,36.3021701],[29.2837213,36.3021181],[29.2837065,36.3020667],[29.2836732,36.3019646],[29.2836333,36.301864],[29.2835869,36.3017653],[29.2835278,36.3016581],[29.283461,36.3015539],[29.2833867,36.3014529],[29.2833053,36.3013557],[29.2832608,36.301282],[29.2832259,36.301205],[29.2832011,36.3011255],[29.2831866,36.3010444],[29.283183,36.3009982],[29.2831827,36.300952],[29.2831897,36.3008596],[29.2832073,36.3007682],[29.2832355,36.3006786],[29.2832728,36.300594],[29.283318,36.3005119],[29.2833709,36.300433],[29.2834313,36.3003576],[29.2834971,36.3002877],[29.2835713,36.3002236],[29.2836531,36.3001658],[29.2837418,36.3001149],[29.2838288,36.3000746],[29.28392,36.300041],[29.2840147,36.3000144],[29.2841011,36.2999752],[29.2841831,36.2999304],[29.2842604,36.2998804],[29.2843322,36.2998254],[29.2843983,36.2997658],[29.2844356,36.2997272],[29.2844705,36.2996872],[29.2845361,36.2996049],[29.2845948,36.2995193],[29.2846464,36.2994307],[29.2846972,36.2993239],[29.2847415,36.2992152],[29.2847791,36.2991049],[29.2848069,36.2990054],[29.2848293,36.298905],[29.2848691,36.2987037],[29.2848985,36.2985012],[29.284915,36.2983316],[29.2849242,36.2981616],[29.2849261,36.2979914],[29.2849206,36.2978214],[29.2849655,36.2972744],[29.2849862,36.2970109],[29.284995,36.296747],[29.2849946,36.296586],[29.2849888,36.2964251],[29.2849776,36.2962643],[29.284954,36.2960478],[29.2849206,36.295832],[29.2849031,36.2957443],[29.284878,36.2956578],[29.2848454,36.295573],[29.2848054,36.2954902],[29.2847583,36.2954099],[29.2847219,36.2953562],[29.2846822,36.295304],[29.284598,36.2952021],[29.2845062,36.2951046],[29.2844458,36.2950466],[29.2843826,36.2949906],[29.2842545,36.29488],[29.284122,36.2947727],[29.2838204,36.2945548],[29.2824832,36.2939126],[29.2812071,36.2937651],[29.2791281,36.2942178],[29.278318,36.2943732],[29.2765668,36.2943875],[29.2747263,36.2940655],[29.272651,36.2938613],[29.2683506,36.2938685],[29.2650233,36.2945463],[29.2641073,36.2944447],[29.2623085,36.2934867]]]}},{"type":"Feature","properties":{"id":"koprucay","name":"Köprüçay","source":"OpenStreetMap","source_url":"https://www.openstreetmap.org/relation/8928598","classification_source":"https://orgm.meb.gov.tr/ekpssmebozel/content/magazines/pdf/cografya2.pdf","classification_note":"MEB · Akdeniz Havzası"},"geometry":{"type":"MultiLineString","coordinates":[[[31.170596,37.6162454],[31.1706364,37.6161948],[31.1706844,37.6161484],[31.1707392,37.6161072],[31.1707999,37.6160715],[31.1708675,37.6160414],[31.1709394,37.6160183],[31.170987,37.6160206],[31.1710344,37.6160163],[31.1710802,37.6160055],[31.1711242,37.6159879],[31.1711636,37.6159643],[31.1711968,37.6159354],[31.1712478,37.6158062],[31.1713082,37.6156797],[31.1713779,37.6155561],[31.1714478,37.6154485],[31.1715248,37.615344],[31.1716086,37.6152428],[31.1719894,37.6148508],[31.1721051,37.6147385],[31.1722127,37.6146213],[31.1723118,37.6144994],[31.1724022,37.6143734],[31.1724834,37.6142436],[31.1725554,37.6141103],[31.1726034,37.6140077],[31.1726459,37.6139035],[31.172667,37.6138513],[31.1726828,37.613798],[31.1726961,37.6137202],[31.1726983,37.6136417],[31.1726894,37.6135636],[31.1726815,37.6135248],[31.1726694,37.6134867],[31.1726448,37.6134334],[31.1726121,37.6133829],[31.1725718,37.613336],[31.1725245,37.6132934],[31.1723363,37.6132415],[31.1721522,37.6131811],[31.1719729,37.6131122],[31.171799,37.6130352],[31.1716544,37.6129627],[31.1715145,37.6128846],[31.1713798,37.6128011],[31.1712505,37.6127123],[31.1711057,37.6126051],[31.1709665,37.6124934],[31.1708329,37.6123774],[31.1707054,37.6122573],[31.170584,37.6121333],[31.1704709,37.6120047],[31.1703662,37.6118718],[31.1703134,37.6118054],[31.1702701,37.6117349],[31.1702379,37.6116637],[31.1702154,37.6115901],[31.1702029,37.6115152],[31.1702004,37.6114395],[31.1701897,37.6112576],[31.1701879,37.6110755],[31.170195,37.6108935],[31.1702128,37.6106975],[31.170241,37.6105022],[31.1702795,37.6103081],[31.1703203,37.6101364],[31.1703673,37.6099656],[31.1703988,37.6098818],[31.1704203,37.609796],[31.1704314,37.6097134],[31.1704331,37.6096303],[31.1704255,37.6095474],[31.1704087,37.6094654],[31.1703828,37.6093849],[31.1703785,37.6092991],[31.1703817,37.6092132],[31.1703922,37.6091278],[31.1704117,37.6090368],[31.1704395,37.6089472],[31.1704755,37.6088594],[31.1705196,37.608774],[31.1705608,37.6087117],[31.1706097,37.6086531],[31.1706658,37.6085987],[31.1707335,37.6085454],[31.170808,37.6084983],[31.1708886,37.6084578],[31.1709742,37.6084244],[31.1711068,37.6083809],[31.1712433,37.6083455],[31.1713828,37.6083186],[31.1715245,37.6083002],[31.1716675,37.6082905],[31.1718111,37.6082895],[31.1731723,37.6083405],[31.1733085,37.6083359],[31.173444,37.6083237],[31.1735781,37.6083039],[31.1737101,37.6082768],[31.1738262,37.6082462],[31.1739396,37.6082099],[31.1740499,37.6081679],[31.1741043,37.6081457],[31.1741567,37.6081206],[31.1742291,37.6080786],[31.1742957,37.608031],[31.1743558,37.6079782],[31.1744088,37.6079208],[31.1744682,37.6078433],[31.174518,37.6077616],[31.1745577,37.6076765],[31.1746014,37.6075649],[31.1746368,37.6074514],[31.1746636,37.6073365],[31.1746775,37.6072332],[31.1746819,37.6071293],[31.1746768,37.6070254],[31.1746623,37.6069222],[31.1746399,37.6068199],[31.1746098,37.6067189],[31.1745722,37.6066195],[31.174527,37.6065221],[31.1744745,37.6064271],[31.1743972,37.6063085],[31.1743092,37.6061948],[31.1742109,37.6060864],[31.174103,37.605984],[31.1738428,37.6057418],[31.173698,37.605522],[31.1735438,37.6053062],[31.173396,37.605114],[31.1732408,37.6049255],[31.1730784,37.6047409],[31.1730565,37.6046741],[31.1730245,37.60461],[31.1729828,37.6045493],[31.1729321,37.6044932],[31.1728732,37.6044424],[31.1728146,37.6044023],[31.1727509,37.6043674],[31.1726828,37.6043382],[31.172568,37.604283],[31.172458,37.6042221],[31.172353,37.6041558],[31.1723022,37.604121],[31.1722536,37.6040843],[31.1721698,37.6040113],[31.1720947,37.6039325],[31.172029,37.6038486],[31.1719733,37.6037603],[31.171917,37.6036608],[31.1718661,37.6035594],[31.1718884,37.6034811],[31.1719195,37.6034046],[31.1719593,37.6033307],[31.1720073,37.6032599],[31.1720632,37.6031929],[31.1721185,37.6031374],[31.1721793,37.6030856],[31.172245,37.6030377],[31.1723153,37.6029942],[31.1724968,37.6029124],[31.1726815,37.6028351],[31.1728692,37.6027626],[31.1730858,37.6026859],[31.1733057,37.6026155],[31.1735286,37.6025514],[31.1736017,37.6025273],[31.1736772,37.602508],[31.1737543,37.6024938],[31.1738504,37.6024833],[31.1739473,37.6024806],[31.1740441,37.6024858],[31.1741397,37.6024987],[31.1742331,37.6025193],[31.1746394,37.6026023],[31.1750472,37.6026809],[31.1754562,37.6027551],[31.1759041,37.6028311],[31.1763534,37.6029018],[31.1764297,37.6028986],[31.1765049,37.6028884],[31.1765782,37.6028713],[31.1766484,37.6028476],[31.1767152,37.6028173],[31.1767771,37.602781],[31.1768331,37.6027392],[31.1768825,37.6026924],[31.1769247,37.6026414],[31.1769532,37.6025928],[31.176973,37.6025414],[31.1769837,37.6024884],[31.1769867,37.6024242],[31.1769788,37.6023603],[31.1769603,37.6022977],[31.1769314,37.6022377],[31.1769019,37.6021642],[31.1768782,37.6020893],[31.1768603,37.6020135],[31.1768438,37.601908],[31.1768367,37.6018018],[31.1768391,37.6016955],[31.1768509,37.6015896],[31.1768894,37.6015256],[31.1769352,37.6014647],[31.176988,37.6014075],[31.1770472,37.6013544],[31.1771125,37.6013059],[31.1771969,37.6012548],[31.1772879,37.6012114],[31.1773845,37.6011762],[31.1774853,37.6011497],[31.1775965,37.6011276],[31.1777095,37.6011125],[31.1778237,37.6011045],[31.1779384,37.6011036],[31.1780527,37.6011098],[31.1781661,37.601123],[31.1782779,37.6011433],[31.1784609,37.6011572],[31.1786429,37.6011782],[31.1788233,37.6012064],[31.1790017,37.6012415],[31.1791778,37.6012836],[31.1793564,37.6013341],[31.1795316,37.6013918],[31.1797029,37.6014564],[31.1798698,37.6015279],[31.1802284,37.6016896],[31.1805807,37.6018597],[31.1807564,37.6019454],[31.1809266,37.6020379],[31.1810949,37.6021396],[31.1812566,37.6022479],[31.1814112,37.6023625],[31.1815582,37.6024831],[31.1816185,37.6025128],[31.1816835,37.6025353],[31.181752,37.60255],[31.1818224,37.6025568],[31.1818933,37.6025554],[31.1819632,37.6025458],[31.1820244,37.6025303],[31.1820825,37.6025086],[31.1821365,37.602481],[31.1821855,37.6024481],[31.1822285,37.6024103],[31.182265,37.6023684],[31.182376,37.6022404],[31.1824811,37.6021093],[31.1825801,37.6019753],[31.1826764,37.6018331],[31.1827659,37.6016882],[31.1828025,37.6016128],[31.1828484,37.6015407],[31.1828958,37.6014806],[31.1829497,37.601424],[31.1830096,37.6013713],[31.183075,37.6013229],[31.1831594,37.6012243],[31.1832386,37.6011231],[31.1833364,37.6009833],[31.1834241,37.6008393],[31.1834651,37.6007663],[31.1835015,37.6006917],[31.1835407,37.6005949],[31.1835721,37.6004963],[31.1835814,37.600446],[31.1835954,37.6003963],[31.1836249,37.6003235],[31.1836643,37.6002537],[31.1837133,37.6001877],[31.183771,37.6001265],[31.1838537,37.6000471],[31.1838639,37.6000119],[31.1838829,37.5999789],[31.18391,37.5999498],[31.183944,37.5999256],[31.1839788,37.5999092],[31.1840167,37.5998981],[31.1840565,37.5998925],[31.1840969,37.5998927],[31.1841404,37.599886],[31.1841811,37.5998724],[31.1842175,37.5998525],[31.1842479,37.599827],[31.1842711,37.5997971],[31.184286,37.5997641],[31.1843359,37.5996832],[31.1843781,37.5995996],[31.1844125,37.5995138],[31.1844389,37.5994262],[31.184458,37.5993319],[31.1844677,37.5992367],[31.184468,37.5991411],[31.184459,37.5990458],[31.1844167,37.5989092],[31.1843853,37.5987706],[31.1843659,37.5986408],[31.184356,37.5985103],[31.1843558,37.5983796],[31.1843652,37.5982481],[31.1843845,37.5981172],[31.1844013,37.5980527],[31.1844134,37.5979875],[31.1844217,37.5979078],[31.1844229,37.5978279],[31.184417,37.5977481],[31.184404,37.5976688],[31.1843768,37.597542],[31.1843418,37.5974165],[31.1842989,37.5972926],[31.1842485,37.5971704],[31.1838461,37.5965488],[31.1837566,37.5963852],[31.1836568,37.5962255],[31.1835468,37.5960699],[31.183427,37.595919],[31.1832976,37.5957731],[31.1831818,37.5956546],[31.1830597,37.5955401],[31.182998,37.5954833],[31.1829315,37.5954299],[31.1828444,37.5953698],[31.1827513,37.5953158],[31.1826528,37.5952681],[31.1825496,37.5952271],[31.1824424,37.5951931],[31.182332,37.5951663],[31.1822362,37.5951585],[31.1821398,37.5951571],[31.1820437,37.5951621],[31.1819397,37.5951749],[31.1818376,37.5951952],[31.1817383,37.5952229],[31.1816427,37.5952577],[31.1814743,37.595411],[31.1813007,37.5955606],[31.1810864,37.5957345],[31.180865,37.5959028],[31.1806369,37.5960653],[31.1805704,37.5961168],[31.1804972,37.5961623],[31.1804182,37.5962012],[31.1803343,37.5962331],[31.1802466,37.5962576],[31.1801676,37.5962728],[31.1800871,37.5962818],[31.1800059,37.5962849],[31.1799247,37.5962817],[31.1798443,37.5962725],[31.1797583,37.5962563],[31.1796746,37.5962337],[31.179594,37.5962051],[31.1795171,37.5961705],[31.1788639,37.595805],[31.1763132,37.5938041],[31.1761589,37.5937451],[31.1760008,37.5936929],[31.1758394,37.5936477],[31.175675,37.5936097],[31.1755082,37.5935789],[31.1753395,37.5935554],[31.1751633,37.5935389],[31.1749861,37.5935304],[31.1748086,37.5935299],[31.1746314,37.5935375],[31.174455,37.5935531],[31.17428,37.5935767],[31.1740627,37.5936132],[31.1738476,37.5936575],[31.1736352,37.5937095],[31.1734261,37.593769],[31.1732206,37.5938359],[31.173117,37.5938369],[31.1730137,37.5938316],[31.1729112,37.59382],[31.1728101,37.5938023],[31.172711,37.5937786],[31.172613,37.5937484],[31.1725183,37.5937124],[31.1724274,37.5936706],[31.1723811,37.5936504],[31.1723408,37.5936234],[31.1723087,37.5935916],[31.1722848,37.5935554],[31.1722701,37.5935163],[31.172265,37.5934757],[31.1722699,37.5934351],[31.1722845,37.593396],[31.172351,37.5933518],[31.1724124,37.5933032],[31.1724681,37.5932505],[31.1725178,37.5931941],[31.1725699,37.5931206],[31.1726117,37.5930431],[31.1726428,37.5929624],[31.1726627,37.5928796],[31.1727031,37.5927369],[31.1727511,37.5925956],[31.1728065,37.5924561],[31.1728692,37.5923185],[31.1729433,37.5921816],[31.1730276,37.5920484],[31.1731217,37.5919193],[31.1732252,37.591795],[31.1733379,37.5916757],[31.1734593,37.5915619],[31.173518,37.5915064],[31.1735707,37.5914473],[31.1736169,37.5913849],[31.1736564,37.5913196],[31.1736948,37.5912374],[31.1737226,37.5911526],[31.1737393,37.591066],[31.1737449,37.5909785],[31.1737506,37.5907925],[31.1737554,37.5907305],[31.1737544,37.5906684],[31.1737476,37.5906065],[31.1737304,37.5905279],[31.1737038,37.5904509],[31.1736681,37.5903762],[31.1736236,37.5903046],[31.1735948,37.5902718],[31.1735706,37.5902367],[31.1735473,37.59019],[31.1735322,37.5901413],[31.1735256,37.5900914],[31.1735277,37.5900412],[31.1735457,37.5899436],[31.1735561,37.5898452],[31.1735591,37.5897466],[31.1735545,37.589648],[31.1735417,37.5895454],[31.1735207,37.5894436],[31.1734916,37.5893431],[31.1734545,37.5892443],[31.1734097,37.5891475],[31.1732987,37.5888891],[31.1732454,37.5887593],[31.1731991,37.5886278],[31.1731584,37.5884887],[31.1731255,37.5883482],[31.1731006,37.5882068],[31.1730838,37.5880646],[31.1730444,37.5878996],[31.1730153,37.5877333],[31.1729965,37.587566],[31.172988,37.5873982],[31.1729899,37.5872303],[31.1730033,37.5870519],[31.1730283,37.5868743],[31.1730449,37.5867859],[31.173065,37.5866979],[31.1731009,37.5865695],[31.1731443,37.5864426],[31.1731673,37.5863794],[31.1731951,37.5863174],[31.1732405,37.5862352],[31.1732943,37.5861562],[31.1733562,37.5860809],[31.1734256,37.58601],[31.1735022,37.5859438],[31.1735854,37.5858828],[31.1736456,37.5857547],[31.1737128,37.5856288],[31.1737908,37.5854989],[31.1738763,37.585372],[31.1739689,37.5852483],[31.1740863,37.5850803],[31.1741963,37.5849091],[31.1742496,37.5848228],[31.1742988,37.584735],[31.1743568,37.5846185],[31.1744078,37.5845],[31.1744515,37.5843797],[31.1744715,37.5843191],[31.1744879,37.5842578],[31.1745073,37.5841555],[31.1745169,37.5840523],[31.1745166,37.5839489],[31.1745065,37.5838457],[31.1744866,37.5837434],[31.1744804,37.5836733],[31.1744819,37.583603],[31.1744912,37.583533],[31.174508,37.5834639],[31.1745369,37.5833859],[31.1745754,37.5833105],[31.1746234,37.5832386],[31.1746628,37.5831651],[31.1746944,37.5830892],[31.174718,37.5830115],[31.1747239,37.5829718],[31.1747333,37.5829325],[31.1747542,37.5828749],[31.1747829,37.5828194],[31.174819,37.5827667],[31.1748621,37.5827174],[31.1749117,37.5826722],[31.1750155,37.5825495],[31.1751139,37.582424],[31.1752067,37.5822959],[31.1753129,37.5821356],[31.1754104,37.5819718],[31.1754566,37.581889],[31.1754991,37.5818049],[31.1755634,37.5816574],[31.1756163,37.5815071],[31.1756575,37.5813545],[31.1756869,37.5812002],[31.175749,37.5809663],[31.1758049,37.5807315],[31.175872,37.5804043],[31.1759045,37.5802405],[31.1759269,37.5800757],[31.1759383,37.5799284],[31.1759417,37.5797809],[31.1759369,37.5796333],[31.1759241,37.5794861],[31.1761136,37.5794128],[31.1763013,37.5793367],[31.176526,37.5792406],[31.1766385,37.5791928],[31.1767477,37.5791404],[31.1768627,37.5790782],[31.1769732,37.579011],[31.1770787,37.5789389],[31.1771789,37.5788622],[31.1772734,37.5787812],[31.1776954,37.5784047],[31.178121,37.5780308],[31.1786135,37.577605],[31.1791107,37.5771826],[31.1792726,37.5770842],[31.1794394,37.5769911],[31.1796108,37.5769033],[31.1797865,37.5768212],[31.1799663,37.5767447],[31.1800865,37.5766977],[31.1802106,37.5766577],[31.1803381,37.5766249],[31.1804683,37.5765996],[31.1806004,37.5765819],[31.1807338,37.5765718],[31.1808678,37.5765694],[31.1810017,37.5765747],[31.1811455,37.5765891],[31.1812874,37.5766124],[31.1814267,37.5766445],[31.1815622,37.5766852],[31.1825922,37.5771848],[31.1827578,37.5772282],[31.182926,37.5772651],[31.1830962,37.5772953],[31.1832681,37.5773187],[31.1834256,37.5773341],[31.1835838,37.5773439],[31.1837424,37.5773479],[31.1839011,37.5773463],[31.1843127,37.5772716],[31.1847258,37.5772024],[31.1851403,37.5771388],[31.1855561,37.5770806],[31.1859512,37.5770306],[31.1863473,37.5769856],[31.1867443,37.5769456],[31.1868638,37.5769053],[31.186979,37.5768576],[31.1870892,37.5768029],[31.1871935,37.5767416],[31.1872532,37.5767016],[31.1873055,37.5766556],[31.1873494,37.5766044],[31.187384,37.5765489],[31.1874087,37.5764901],[31.1874231,37.5764293],[31.1874269,37.5763674],[31.1874199,37.5763052],[31.1874021,37.5762443],[31.1873739,37.5761859],[31.1873359,37.5761312],[31.1872887,37.5760811],[31.187167,37.5760039],[31.1870407,37.5759316],[31.1869595,37.575889],[31.1868738,37.5758524],[31.1867843,37.5758219],[31.1866917,37.575798],[31.1865967,37.5757807],[31.1865083,37.5757709],[31.186422,37.5757529],[31.1863388,37.575727],[31.1862601,37.5756936],[31.1861832,37.5756507],[31.1861134,37.5756006],[31.1860521,37.5755441],[31.186,37.575482],[31.1859012,37.575409],[31.1857961,37.5753417],[31.1856927,37.5752843],[31.1855847,37.5752324],[31.1854727,37.5751863],[31.185357,37.5751461],[31.1852382,37.5751122],[31.1851841,37.575085],[31.1851354,37.575052],[31.1850933,37.5750138],[31.1850584,37.5749712],[31.1850317,37.5749251],[31.1850132,37.5748753],[31.1850042,37.5748238],[31.1849863,37.5747213],[31.184978,37.5746179],[31.1849778,37.5745532],[31.1849883,37.574489],[31.1850093,37.5744265],[31.1850405,37.5743667],[31.1850813,37.5743107],[31.1851217,37.5742681],[31.1851677,37.5742291],[31.1852187,37.5741943],[31.1853481,37.5740724],[31.1854693,37.5739452],[31.1855819,37.5738131],[31.1856856,37.5736766],[31.18578,37.5735359],[31.1858121,37.5734836],[31.1858371,37.5734289],[31.1858546,37.5733724],[31.1858645,37.5733148],[31.1858668,37.5732735],[31.1858652,37.5732322],[31.1858539,37.5731501],[31.1858308,37.5730695],[31.1857961,37.5729916],[31.18576,37.5729314],[31.185717,37.5728741],[31.1856471,37.5727529],[31.1855867,37.5726286],[31.1855359,37.5725016],[31.1855108,37.5724261],[31.1854758,37.5723532],[31.1854313,37.5722835],[31.1853779,37.572218],[31.185316,37.5721572],[31.1852538,37.5721073],[31.185186,37.5720623],[31.1851131,37.5720226],[31.1850358,37.5719884],[31.1849548,37.5719603],[31.1848707,37.5719383],[31.1848308,37.5719037],[31.1847991,37.5718643],[31.1847765,37.571821],[31.1847637,37.5717753],[31.1847611,37.5717285],[31.1847688,37.5716821],[31.1847854,37.5716396],[31.1848107,37.5715999],[31.1848438,37.5715641],[31.184884,37.571533],[31.18493,37.5715076],[31.1849807,37.5714886],[31.1865592,37.5710475],[31.1867129,37.5710112],[31.1868636,37.5709677],[31.1870108,37.5709171],[31.1871538,37.5708596],[31.1872923,37.5707954],[31.1874256,37.5707247],[31.1875533,37.5706478],[31.187675,37.5705649],[31.1877406,37.5705159],[31.187804,37.5704651],[31.1879252,37.5703593],[31.1880382,37.570248],[31.1881426,37.5701315],[31.188238,37.5700102],[31.1883241,37.5698846],[31.1883701,37.5698092],[31.1884057,37.5697304],[31.1884306,37.569649],[31.1884444,37.5695659],[31.1884471,37.5694822],[31.1884386,37.5693987],[31.188419,37.5693164],[31.1883885,37.5692362],[31.1883492,37.569162],[31.1883006,37.5690913],[31.1882055,37.5689493],[31.1881033,37.5688105],[31.1879942,37.568675],[31.1878967,37.5685632],[31.1877906,37.5684565],[31.1876763,37.5683553],[31.1875542,37.5682599],[31.1874249,37.5681708],[31.1872888,37.5680882],[31.1871739,37.5680264],[31.1870553,37.5679692],[31.1869332,37.5679169],[31.1868079,37.5678696],[31.1863232,37.5676566],[31.1858462,37.5674541],[31.1853656,37.5672569],[31.1852711,37.567193],[31.1851827,37.5671238],[31.1851009,37.5670497],[31.185026,37.5669711],[31.1849586,37.5668883],[31.1848989,37.5668019],[31.1848399,37.5666978],[31.1847921,37.5665902],[31.1847559,37.5664797],[31.1847315,37.5663672],[31.1847192,37.5662534],[31.1846668,37.5659023],[31.1846051,37.5655522],[31.1845341,37.5652032],[31.1845108,37.5650977],[31.1844981,37.5649912],[31.1844961,37.5648842],[31.1845047,37.5647774],[31.184524,37.5646714],[31.1845538,37.564567],[31.1845939,37.5644648],[31.1846441,37.5643655],[31.1847074,37.5642648],[31.184781,37.5641686],[31.1849124,37.5639694],[31.1850384,37.563768],[31.1850844,37.5636916],[31.1851406,37.5636196],[31.1852064,37.5635529],[31.185281,37.5634922],[31.1853635,37.5634383],[31.1854528,37.5633919],[31.185548,37.5633534],[31.1856354,37.5633267],[31.1857256,37.5633066],[31.1859006,37.5632539],[31.1860726,37.5631954],[31.1862414,37.5631313],[31.1864007,37.5630641],[31.1865651,37.5630053],[31.186734,37.562955],[31.1869065,37.5629133],[31.1870425,37.5628872],[31.1871799,37.5628664],[31.1874554,37.5628281],[31.1877327,37.5627985],[31.18792,37.5627835],[31.1881065,37.562763],[31.1882919,37.5627369],[31.1884194,37.5627156],[31.1885447,37.5626875],[31.1886673,37.5626526],[31.1887866,37.5626113],[31.1889021,37.5625636],[31.1890183,37.5625071],[31.1891291,37.5624442],[31.189234,37.5623751],[31.1893324,37.5623004],[31.1894238,37.5622202],[31.1897614,37.5619938],[31.1900932,37.561762],[31.1904189,37.5615249],[31.1907577,37.5612677],[31.1910895,37.5610047],[31.191414,37.5607361],[31.1917447,37.560553],[31.1920701,37.560364],[31.1923899,37.5601691],[31.1927041,37.5599686],[31.1930109,37.5597635],[31.1933118,37.5595529],[31.1936065,37.559337],[31.193895,37.5591159],[31.1939694,37.559007],[31.1940347,37.5588946],[31.1940907,37.558779],[31.1941372,37.5586608],[31.1941739,37.5585405],[31.1942008,37.5584185],[31.1942171,37.5583017],[31.1942223,37.5581843],[31.1942163,37.5580668],[31.1941993,37.5579501],[31.1941712,37.5578347],[31.1941323,37.5577213],[31.1940828,37.5576105],[31.1940338,37.5575211],[31.1939779,37.5574342],[31.1938656,37.5572609],[31.1937458,37.5570906],[31.1936188,37.5569237],[31.1935358,37.5568213],[31.1934623,37.5567143],[31.1933987,37.5566035],[31.1933453,37.5564893],[31.1933023,37.5563724],[31.19327,37.5562533],[31.1932486,37.5561327],[31.1932381,37.556009],[31.1932183,37.555886],[31.1931892,37.5557642],[31.193151,37.555644],[31.1931038,37.5555258],[31.1930477,37.55541],[31.1929831,37.5552971],[31.1929049,37.5551803],[31.1928355,37.55506],[31.1927751,37.5549367],[31.1927241,37.5548108],[31.1926825,37.5546827],[31.1926505,37.5545529],[31.1926357,37.5544727],[31.1926245,37.5543921],[31.1926105,37.5542304],[31.1926084,37.5540683],[31.1926183,37.5539064],[31.1926292,37.5538152],[31.1926494,37.5537249],[31.1926787,37.5536363],[31.1927169,37.5535498],[31.1927639,37.5534661],[31.1928192,37.5533856],[31.1928826,37.5533089],[31.1929536,37.5532366],[31.1930417,37.5531612],[31.1931229,37.5530811],[31.1931969,37.5529968],[31.1932633,37.5529085],[31.1933218,37.5528168],[31.193372,37.552722],[31.1933988,37.5526623],[31.1934223,37.5526017],[31.1934629,37.5524791],[31.1934935,37.5523546],[31.1935141,37.5522289],[31.1935246,37.5521024],[31.1935249,37.5519756],[31.1935177,37.5518733],[31.1935007,37.5517717],[31.193474,37.5516715],[31.1934376,37.5515731],[31.1933919,37.5514773],[31.1933371,37.5513845],[31.1932678,37.5512879],[31.1931886,37.5511962],[31.1930312,37.5510125],[31.1928652,37.5508336],[31.1926909,37.5506598],[31.1925083,37.5504914],[31.1923557,37.5503598],[31.1922107,37.5502231],[31.1920733,37.5500814],[31.1919441,37.549935],[31.1918231,37.5497842],[31.1917107,37.5496293],[31.1916071,37.5494706],[31.1915317,37.549343],[31.1914664,37.549212],[31.1914115,37.5490779],[31.1913672,37.5489415],[31.1913337,37.5488031],[31.191311,37.5486634],[31.1912993,37.5485227],[31.1912987,37.5483818],[31.1913031,37.5483025],[31.1913183,37.5482239],[31.191344,37.5481471],[31.1913798,37.5480729],[31.1914255,37.5480022],[31.1914804,37.5479357],[31.1915439,37.5478743],[31.1916154,37.5478186],[31.191694,37.5477692],[31.1917788,37.5477269],[31.1918517,37.5476978],[31.1919275,37.5476739],[31.1920715,37.5476135],[31.1922103,37.5475457],[31.1923432,37.547471],[31.1924697,37.5473895],[31.1925893,37.5473017],[31.1927015,37.547208],[31.1927806,37.5471338],[31.192855,37.5470567],[31.1929998,37.5469],[31.1931356,37.5467384],[31.193262,37.5465721],[31.1933651,37.5464227],[31.1934588,37.5462694],[31.1935431,37.5461127],[31.1936176,37.545953],[31.1936822,37.5457905],[31.1937368,37.5456258],[31.1937721,37.5454967],[31.1938182,37.5453698],[31.1938748,37.5452455],[31.1939416,37.5451246],[31.1940185,37.5450074],[31.194105,37.5448945],[31.1942008,37.5447864],[31.1943054,37.5446837],[31.1943774,37.5446204],[31.1944527,37.5445596],[31.1946083,37.5444421],[31.1947717,37.5443314],[31.1949424,37.544228],[31.19512,37.544132],[31.1953039,37.5440439],[31.1954935,37.5439638],[31.1956884,37.543892],[31.1958879,37.5438287],[31.1960816,37.5437766],[31.1962783,37.5437324],[31.1964777,37.5436964],[31.1966792,37.5436686],[31.1968822,37.5436491],[31.1970862,37.543638],[31.1972907,37.5436352],[31.1975932,37.5436113],[31.1978945,37.543579],[31.1981941,37.5435384],[31.1984918,37.5434895],[31.1987871,37.5434325],[31.1990797,37.5433672],[31.1992733,37.5433192],[31.1994653,37.5432677],[31.1998489,37.5431635],[31.2002304,37.5430546],[31.200428,37.5429962],[31.2006218,37.5429301],[31.2008113,37.5428566],[31.200996,37.5427759],[31.2011756,37.5426882],[31.2013495,37.5425935],[31.2015174,37.5424923],[31.2016788,37.5423847],[31.2018261,37.5422766],[31.2019669,37.5421632],[31.2021009,37.5420448],[31.2022278,37.5419215],[31.2023474,37.5417937],[31.2024593,37.5416616],[31.2037763,37.5396752],[31.2039861,37.5393715],[31.2041876,37.5390642],[31.2043805,37.5387535],[31.2045649,37.5384395],[31.2046537,37.5382816],[31.2047329,37.5381205],[31.2048025,37.5379565],[31.2048622,37.5377902],[31.2049118,37.5376218],[31.2049513,37.5374517],[31.2049806,37.5372804],[31.2049996,37.5371079],[31.2050073,37.5369349],[31.2050036,37.5367618],[31.2049885,37.5365891],[31.204962,37.5364172],[31.2049243,37.5362467],[31.2048974,37.5361489],[31.2048668,37.5360519],[31.2047999,37.5358589],[31.2047237,37.5356681],[31.2046384,37.5354798],[31.2045441,37.5352942],[31.2044408,37.5351116],[31.2043288,37.5349323],[31.2041981,37.5347423],[31.2040773,37.5345483],[31.2039666,37.5343505],[31.2038662,37.5341493],[31.2037764,37.533945],[31.2036972,37.5337379],[31.2036288,37.5335285],[31.2035792,37.5333488],[31.2035403,37.5331674],[31.2035122,37.5329848],[31.2034949,37.5328014],[31.2034886,37.5326175],[31.2034931,37.5324335],[31.2035086,37.53225],[31.2035349,37.5320672],[31.2035561,37.531957],[31.2035886,37.5318486],[31.2036323,37.5317426],[31.2036868,37.5316398],[31.2037517,37.531541],[31.2038267,37.5314466],[31.2039111,37.5313575],[31.2040045,37.5312742],[31.2041062,37.5311973],[31.2042179,37.5311258],[31.2043367,37.531062],[31.2044618,37.5310064],[31.2045924,37.5309592],[31.2047275,37.5309209],[31.2048662,37.5308917],[31.2050074,37.5308718],[31.2051195,37.5308569],[31.2052291,37.5308331],[31.2053351,37.5308007],[31.2054365,37.5307599],[31.2055322,37.5307113],[31.2056212,37.5306553],[31.2057026,37.5305924],[31.2057756,37.5305233],[31.2058395,37.5304488],[31.2058847,37.530384],[31.2059229,37.5303164],[31.2059952,37.53018],[31.2060562,37.5300401],[31.2060842,37.5299635],[31.2061088,37.5298861],[31.2061524,37.5297302],[31.2061867,37.5295729],[31.2062117,37.5294145],[31.2062274,37.5292553],[31.2062336,37.5290958],[31.2062305,37.5289362],[31.2062236,37.5288343],[31.2062128,37.5287326],[31.2061858,37.5285297],[31.2061494,37.5283277],[31.2061037,37.528127],[31.2060489,37.5279276],[31.2059853,37.5277314],[31.2059128,37.5275371],[31.2058946,37.527453],[31.2058691,37.5273212],[31.2058322,37.5271912],[31.2057841,37.5270635],[31.2057249,37.5269388],[31.2056586,37.5268232],[31.2055829,37.5267113],[31.205498,37.5266036],[31.2054044,37.5265006],[31.2053591,37.5264386],[31.2053202,37.5263739],[31.2052877,37.526307],[31.2052625,37.5262397],[31.2052438,37.526171],[31.2051617,37.5257561],[31.205136,37.5256524],[31.2051025,37.5255502],[31.2050611,37.5254497],[31.2050266,37.5253789],[31.2049849,37.5253105],[31.2049364,37.525245],[31.2048814,37.5251828],[31.2048176,37.5251221],[31.2047477,37.5250659],[31.2046091,37.5249528],[31.2044656,37.5248435],[31.2043032,37.5247283],[31.2041355,37.524618],[31.2039627,37.5245127],[31.2038642,37.5244487],[31.2037722,37.5243789],[31.2036873,37.5243036],[31.20361,37.5242234],[31.2035444,37.5241434],[31.2034857,37.5240601],[31.2034342,37.5239739],[31.2033901,37.5238852],[31.2033504,37.5237852],[31.2033217,37.523683],[31.203304,37.5235792],[31.2032975,37.5234746],[31.2033002,37.5233937],[31.2033096,37.5233131],[31.2033257,37.5232331],[31.2033496,37.5231591],[31.2033653,37.5230837],[31.2033725,37.5230075],[31.2033713,37.5229311],[31.2033607,37.52285],[31.2033405,37.52277],[31.203311,37.5226919],[31.2032724,37.5226163],[31.2032251,37.5225439],[31.2032007,37.5224411],[31.2031878,37.522337],[31.2031866,37.5222323],[31.2031969,37.522128],[31.2032083,37.5220679],[31.2032112,37.5220072],[31.2032056,37.5219466],[31.2031917,37.5218868],[31.2031695,37.5218286],[31.2031393,37.5217728],[31.2031167,37.5217395],[31.2030913,37.5217076],[31.2030368,37.5216457],[31.2029762,37.5215876],[31.2029099,37.5215334],[31.2028304,37.5214787],[31.202745,37.5214298],[31.2026544,37.5213871],[31.2025594,37.521351],[31.2022832,37.5212387],[31.2017995,37.5210122],[31.2013461,37.5207957],[31.2011308,37.5206992],[31.2009202,37.5205963],[31.2007148,37.5204872],[31.2005147,37.5203719],[31.200391,37.5202959],[31.2002624,37.5202252],[31.2001291,37.5201601],[31.1999917,37.5201007],[31.1998334,37.5200412],[31.199671,37.5199894],[31.1995049,37.5199454],[31.1993854,37.5199171],[31.1992698,37.51988],[31.1991592,37.5198345],[31.1990544,37.519781],[31.1989564,37.5197199],[31.1988859,37.5196679],[31.1988216,37.519611],[31.1987641,37.5195499],[31.1987136,37.5194848],[31.1986708,37.5194165],[31.1986358,37.5193454],[31.198609,37.5192721],[31.198597,37.5192272],[31.198588,37.519182],[31.1985587,37.5190934],[31.1985212,37.5190068],[31.1984757,37.5189226],[31.1984226,37.5188413],[31.1983764,37.5187806],[31.1983259,37.5187221],[31.1982207,37.5186075],[31.1981076,37.5184978],[31.1979868,37.5183934],[31.1978625,37.5182975],[31.1977319,37.5182071],[31.1975951,37.5181226],[31.1972103,37.5178456],[31.1969457,37.5176487],[31.1966845,37.5174489],[31.1966132,37.5174134],[31.1965379,37.5173834],[31.1964594,37.5173592],[31.1963784,37.5173409],[31.1962956,37.5173287],[31.1961981,37.5173223],[31.1961004,37.5173244],[31.1960034,37.517335],[31.1959086,37.5173538],[31.1958168,37.5173808],[31.1957615,37.5173927],[31.1957046,37.5173975],[31.1956473,37.5173951],[31.1955913,37.5173855],[31.1955379,37.5173691],[31.1954959,37.5173502],[31.1954575,37.517327],[31.1953726,37.5172909],[31.1952838,37.5172613],[31.1951919,37.5172382],[31.1951315,37.517227],[31.1950704,37.5172187],[31.1949474,37.5172064],[31.1948236,37.5172015],[31.1946997,37.5172039],[31.1945764,37.5172137],[31.1944543,37.5172308],[31.1943586,37.5172495],[31.194261,37.51726],[31.1941625,37.5172621],[31.1940642,37.5172559],[31.1939674,37.5172414],[31.1938731,37.5172188],[31.1937824,37.5171882],[31.1937042,37.5171541],[31.193632,37.5171125],[31.1935669,37.5170641],[31.1935099,37.5170096],[31.1934619,37.51695],[31.1934305,37.5168992],[31.1934057,37.5168462],[31.1933876,37.5167915],[31.1933765,37.5167357],[31.1932965,37.51652],[31.1932218,37.5163032],[31.1931841,37.5161868],[31.1931547,37.5160688],[31.1931337,37.5159497],[31.1931212,37.5158299],[31.1931172,37.5157097],[31.1931186,37.5156443],[31.1931093,37.5155793],[31.1930895,37.5155158],[31.1930595,37.5154549],[31.1930198,37.5153975],[31.192971,37.5153448],[31.192923,37.5153041],[31.1928694,37.5152681],[31.1928109,37.5152372],[31.1927483,37.5152118],[31.1926825,37.5151922],[31.1926143,37.5151788],[31.1925339,37.5151712],[31.192453,37.5151721],[31.1923729,37.5151814],[31.1922951,37.5151991],[31.1921419,37.5152558],[31.1919938,37.5153205],[31.1918513,37.5153926],[31.191715,37.515472],[31.1915856,37.5155583],[31.1914636,37.5156511],[31.19135,37.5157497],[31.1912447,37.5158538],[31.1911482,37.5159632],[31.1908266,37.5162713],[31.1906107,37.5164727],[31.1903921,37.5166723],[31.1903506,37.516685],[31.1903069,37.5166911],[31.1902625,37.5166905],[31.1902191,37.516683],[31.1901807,37.5166701],[31.190146,37.5166518],[31.190116,37.516629],[31.1900917,37.5166021],[31.1898033,37.5164287],[31.189579,37.5163539],[31.1893516,37.5162851],[31.1891214,37.5162225],[31.1888887,37.516166],[31.1886766,37.5161204],[31.1884629,37.51608],[31.1882476,37.5160447],[31.1878279,37.515599],[31.1877753,37.5155249],[31.1877147,37.5154548],[31.1876466,37.5153892],[31.1875715,37.5153285],[31.18749,37.5152733],[31.1874026,37.515224],[31.1873102,37.515181],[31.1872168,37.5151457],[31.1871205,37.5151156],[31.1870219,37.5150908],[31.1869213,37.5150714],[31.1868103,37.5150566],[31.1866982,37.5150485],[31.1865857,37.515047],[31.1864734,37.5150523],[31.1863428,37.5150303],[31.1862148,37.5150007],[31.1860899,37.5149634],[31.1859689,37.5149188],[31.1858524,37.5148672],[31.185765,37.514822],[31.1856822,37.5147717],[31.1856045,37.5147164],[31.1855324,37.5146567],[31.1854662,37.5145927],[31.1854147,37.514535],[31.185368,37.5144747],[31.1852798,37.5143519],[31.185202,37.5142247],[31.1851639,37.5141532],[31.185129,37.5140808],[31.1850661,37.513934],[31.1850135,37.5137846],[31.1849713,37.5136332],[31.1849409,37.5134871],[31.1849203,37.5133398],[31.1849094,37.513192],[31.1849083,37.5130439],[31.184908,37.5129819],[31.1848988,37.5129203],[31.1848808,37.5128599],[31.1848544,37.5128016],[31.1848198,37.512746],[31.1847954,37.5127145],[31.1847685,37.5126843],[31.1847093,37.5126272],[31.1846431,37.5125752],[31.1845703,37.512529],[31.1845157,37.5125002],[31.1844585,37.5124746],[31.184343,37.5124253],[31.1842241,37.5123813],[31.1841023,37.5123428],[31.1839816,37.5123108],[31.1838589,37.5122841],[31.1837345,37.5122628],[31.1836088,37.5122471],[31.1826633,37.5119503],[31.1821067,37.5118003],[31.1816446,37.5117945],[31.1811827,37.5117822],[31.1809335,37.5117729],[31.1806848,37.5117565],[31.1804371,37.5117333],[31.1801787,37.5117014],[31.179922,37.5116621],[31.1796673,37.5116152],[31.1789203,37.5114514],[31.1783572,37.5111928],[31.1777964,37.5109312],[31.1770776,37.5105897],[31.1769711,37.5105126],[31.1768721,37.5104296],[31.1767809,37.510341],[31.1766982,37.5102474],[31.1766243,37.5101492],[31.1765702,37.5100651],[31.1765226,37.5099784],[31.1764178,37.5098088],[31.1763726,37.5097377],[31.1763354,37.5096638],[31.1763065,37.5095875],[31.1762956,37.5095506],[31.1762923,37.5095127],[31.1762966,37.5094749],[31.1763085,37.5094381],[31.1763321,37.5093968],[31.1763651,37.5093598],[31.1764064,37.5093285],[31.1765051,37.5092762],[31.1766082,37.5092296],[31.1766483,37.5092134],[31.1766844,37.5091921],[31.1767155,37.5091663],[31.1767411,37.5091359],[31.1767597,37.5091024],[31.17726,37.5079428],[31.1772766,37.5078135],[31.1772822,37.5076835],[31.1772768,37.5075536],[31.1772604,37.5074242],[31.1772332,37.507296],[31.1771999,37.5071836],[31.1771583,37.5070729],[31.1771084,37.5069643],[31.1770505,37.5068584],[31.1769847,37.5067553],[31.1769113,37.5066556],[31.1767928,37.506531],[31.176667,37.506411],[31.1765342,37.5062958],[31.1763947,37.5061858],[31.1762488,37.5060811],[31.1761843,37.5060378],[31.1761141,37.5060004],[31.1760393,37.5059693],[31.1759606,37.5059449],[31.175879,37.5059275],[31.1757955,37.5059172],[31.1757119,37.5059143],[31.1756284,37.5059186],[31.175546,37.50593],[31.1745456,37.5059917],[31.1744279,37.5059944],[31.1743104,37.5059892],[31.1741939,37.5059759],[31.1740793,37.5059548],[31.1739673,37.5059259],[31.1738589,37.5058896],[31.1737704,37.505853],[31.1736862,37.5058104],[31.1736073,37.5057619],[31.1735341,37.505708],[31.1734673,37.5056491],[31.173399,37.5055758],[31.1733383,37.5054984],[31.1732853,37.5054175],[31.1732407,37.5053335],[31.1732045,37.505247],[31.1731876,37.5051962],[31.1731736,37.5051449],[31.1731504,37.5050417],[31.1731348,37.5049375],[31.1731269,37.5048327],[31.1731267,37.5047278],[31.1731355,37.5046123],[31.1731537,37.5044974],[31.1731811,37.5043838],[31.1732178,37.5042717],[31.1732635,37.5041618],[31.1742344,37.5027915],[31.175074,37.5016786],[31.1751891,37.5015198],[31.1752964,37.5013576],[31.1753958,37.5011922],[31.1754871,37.5010239],[31.1755702,37.500853],[31.1756408,37.5006897],[31.1757036,37.5005244],[31.1757584,37.5003573],[31.1758052,37.5001887],[31.1758438,37.5000188],[31.1758762,37.4998347],[31.1758991,37.4996497],[31.1759125,37.4994642],[31.1759162,37.4992783],[31.1759599,37.4989171],[31.1760135,37.4985567],[31.1760771,37.4981973],[31.1760941,37.4981102],[31.1760998,37.4980222],[31.1760945,37.4979343],[31.1760779,37.4978471],[31.1760504,37.4977618],[31.1760122,37.4976791],[31.1759638,37.4975998],[31.1759055,37.4975248],[31.1758592,37.4974753],[31.1758086,37.4974286],[31.1757186,37.4973282],[31.1756357,37.497224],[31.1755603,37.4971164],[31.1754924,37.4970056],[31.1754317,37.4968907],[31.1753792,37.4967733],[31.1753351,37.4966538],[31.1752995,37.4965325],[31.1752725,37.4964097],[31.1753043,37.4961663],[31.1753246,37.4959221],[31.1753332,37.4956774],[31.1753301,37.4954327],[31.1753154,37.4951882],[31.1752927,37.4949731],[31.175261,37.4947586],[31.1752202,37.4945451],[31.1751705,37.4943328],[31.1751367,37.494142],[31.1751117,37.4939504],[31.1750954,37.4937582],[31.1750881,37.4935697],[31.1750892,37.4933812],[31.1750988,37.4931928],[31.1751169,37.4930048],[31.1751824,37.4928031],[31.1752393,37.4925998],[31.1752876,37.4923951],[31.1753271,37.4921891],[31.1753578,37.4919823],[31.1753797,37.4917747],[31.1753939,37.4915388],[31.1753967,37.4913025],[31.1753881,37.4910664],[31.1753682,37.4908307],[31.1753368,37.4905957],[31.1753291,37.4903768],[31.175309,37.4901584],[31.1752766,37.4899409],[31.175232,37.4897248],[31.1751752,37.4895104],[31.1751064,37.4892984],[31.1750257,37.4890889],[31.1749755,37.4889734],[31.1749218,37.4888589],[31.1748271,37.4886263],[31.1747418,37.4883915],[31.1746659,37.4881546],[31.1745996,37.487916],[31.1745429,37.4876758],[31.1745042,37.4874813],[31.1744718,37.487286],[31.1743931,37.4868972],[31.1743069,37.4865094],[31.1742763,37.4863799],[31.1742561,37.4862491],[31.1742464,37.4861175],[31.1742472,37.4859857],[31.1742584,37.4858542],[31.1742801,37.4857236],[31.1743122,37.4855943],[31.1743552,37.4854651],[31.1744085,37.4853384],[31.1744719,37.4852147],[31.1745451,37.4850945],[31.1746279,37.4849782],[31.1747199,37.4848664],[31.1760127,37.483368],[31.1760473,37.4832028],[31.1760716,37.4830364],[31.1760857,37.4828694],[31.1760896,37.4827019],[31.1760831,37.4825345],[31.1760664,37.4823676],[31.1760384,37.4821964],[31.1759997,37.4820265],[31.1759502,37.4818583],[31.1758901,37.4816924],[31.1758874,37.481573],[31.1759944,37.481481],[31.176165,37.481424],[31.1763305,37.4813585],[31.1764903,37.4812845],[31.1766438,37.4812025],[31.1767902,37.4811128],[31.176929,37.4810157],[31.1770596,37.4809117],[31.1771814,37.4808013],[31.177294,37.4806847],[31.1773968,37.4805627],[31.1774873,37.4804387],[31.1775677,37.4803105],[31.1777279,37.4800539],[31.1778772,37.4797932],[31.1780155,37.4795286],[31.1781425,37.4792606],[31.1782582,37.4789893],[31.1783624,37.4787151],[31.1784002,37.4786063],[31.1784275,37.4784955],[31.1784438,37.4783833],[31.1784493,37.4782705],[31.1784437,37.4781576],[31.1784273,37.4780455],[31.1784,37.4779347],[31.178362,37.4778259],[31.1783136,37.4777197],[31.1782551,37.4776168],[31.1782132,37.477554],[31.1781674,37.4774928],[31.17807,37.4773736],[31.177963,37.4772596],[31.177847,37.4771513],[31.1777225,37.4770492],[31.17759,37.4769536],[31.17745,37.4768649],[31.1773032,37.4767836],[31.17715,37.47671],[31.1769939,37.4766454],[31.176833,37.4765887],[31.1766679,37.4765402],[31.1764993,37.4765001],[31.1763278,37.4764685],[31.1761542,37.4764456],[31.1759791,37.4764315],[31.1758032,37.4764262],[31.1756272,37.4764297],[31.1754518,37.476442],[31.1752778,37.476426],[31.1751347,37.4762875],[31.1749996,37.476108],[31.1748728,37.4759247],[31.1747545,37.4757379],[31.1746448,37.4755478],[31.1745744,37.4754151],[31.1744933,37.4752863],[31.1744021,37.4751618],[31.1743009,37.4750423],[31.1741904,37.4749281],[31.1740708,37.4748198],[31.1739497,37.4747229],[31.1738213,37.4746321],[31.1736862,37.4745476],[31.173545,37.4744698],[31.173398,37.4743989],[31.1732459,37.4743353],[31.1731033,37.4742566],[31.1729854,37.4741469],[31.1728907,37.4740105],[31.1728052,37.4738703],[31.1727293,37.4737267],[31.1726631,37.4735801],[31.1726068,37.4734309],[31.1725607,37.4732796],[31.1725247,37.4731265],[31.1724991,37.4729721],[31.1724859,37.4728459],[31.172482,37.4727193],[31.1724876,37.4725927],[31.1725026,37.4724667],[31.1725268,37.4723415],[31.1725604,37.4722177],[31.172603,37.4720957],[31.1726546,37.4719758],[31.1727178,37.4718537],[31.1727904,37.4717348],[31.172872,37.4716197],[31.1729623,37.4715087],[31.1730611,37.4714024],[31.1731678,37.4713011],[31.1732823,37.4712052],[31.1735744,37.4710464],[31.1738609,37.4708813],[31.1741417,37.4707101],[31.1744164,37.4705328],[31.174685,37.4703497],[31.1749472,37.4701608],[31.1752027,37.4699663],[31.1754692,37.4697516],[31.1757428,37.4695426],[31.1760231,37.4693393],[31.1763101,37.469142],[31.1766036,37.4689507],[31.1769032,37.4687656],[31.1772137,37.4685842],[31.1775301,37.4684094],[31.1778523,37.4682413],[31.17818,37.4680801],[31.1783271,37.4680076],[31.1784801,37.4679433],[31.1786383,37.4678875],[31.1788011,37.4678405],[31.1789675,37.4678025],[31.1791368,37.4677736],[31.1793082,37.4677541],[31.1794809,37.4677441],[31.179654,37.4677434],[31.1798269,37.4677523],[31.1800003,37.4677708],[31.1801717,37.4677989],[31.1803402,37.4678363],[31.180505,37.467883],[31.1806654,37.4679387],[31.1808204,37.4680031],[31.1809695,37.4680418],[31.1811489,37.4680826],[31.1813285,37.4680821],[31.1815079,37.4680745],[31.1816866,37.4680599],[31.1818641,37.4680381],[31.1820401,37.4680094],[31.182214,37.4679737],[31.1823553,37.4679392],[31.182493,37.4678966],[31.1826263,37.467846],[31.1827547,37.4677878],[31.1828773,37.4677223],[31.1829935,37.4676498],[31.1831026,37.4675708],[31.1832042,37.4674856],[31.1832976,37.4673946],[31.1833499,37.4673372],[31.1833989,37.4672779],[31.1834908,37.4671564],[31.1835731,37.4670307],[31.1836454,37.4669011],[31.1837074,37.4667682],[31.183759,37.4666325],[31.1837984,37.4665002],[31.1838278,37.4663663],[31.1838471,37.4662312],[31.1838562,37.4660954],[31.1838552,37.4659595],[31.183844,37.4658238],[31.1838226,37.4656889],[31.1837912,37.4655553],[31.1838119,37.4653747],[31.1838234,37.4651936],[31.1838258,37.4650123],[31.1838188,37.464831],[31.1838027,37.4646502],[31.1837774,37.4644699],[31.1837429,37.4642907],[31.1836996,37.4641137],[31.1836473,37.4639382],[31.1835403,37.4635878],[31.1834219,37.4632397],[31.1832923,37.4628941],[31.1831967,37.4626583],[31.1831112,37.46242],[31.1830361,37.4621796],[31.1829712,37.4619373],[31.1829168,37.4616933],[31.1828872,37.4615351],[31.1828694,37.4613757],[31.1828636,37.4612158],[31.1828698,37.461056],[31.1828879,37.4608966],[31.1829179,37.4607385],[31.1829597,37.460582],[31.1830098,37.4604361],[31.1830702,37.4602927],[31.1831406,37.4601523],[31.1832208,37.4600151],[31.1833105,37.4598818],[31.1834096,37.4597527],[31.1835176,37.4596281],[31.1837958,37.4593811],[31.1840818,37.4591396],[31.1843753,37.458904],[31.1846763,37.4586743],[31.1849322,37.4584878],[31.1851929,37.4583057],[31.185704,37.4579322],[31.1862095,37.457554],[31.1867094,37.4571711],[31.1869465,37.4569863],[31.1871909,37.4568075],[31.1874424,37.456635],[31.1877007,37.456469],[31.1879654,37.4563095],[31.1882364,37.4561568],[31.1885135,37.456011],[31.1887962,37.4558723],[31.1890655,37.4557491],[31.1893396,37.4556328],[31.1896183,37.4555236],[31.1899013,37.4554215],[31.1901883,37.4553266],[31.1904789,37.4552391],[31.1907729,37.455159],[31.1910374,37.4550941],[31.191304,37.4550351],[31.1915727,37.4549822],[31.1918431,37.4549355],[31.1919321,37.4549261],[31.1920188,37.4549078],[31.1921018,37.4548807],[31.1921797,37.4548453],[31.1922513,37.4548023],[31.1923152,37.4547524],[31.1923705,37.4546963],[31.1924162,37.454635],[31.1924516,37.4545696],[31.1924761,37.4545011],[31.1925197,37.4542113],[31.1925673,37.453922],[31.1926339,37.4535549],[31.1927073,37.4531886],[31.1927873,37.4528233],[31.1928434,37.4526607],[31.1929102,37.4525007],[31.1929875,37.4523438],[31.193075,37.4521902],[31.1931725,37.4520405],[31.1932798,37.4518951],[31.1933966,37.4517543],[31.1935225,37.4516186],[31.1936572,37.4514883],[31.1938002,37.4513638],[31.1939514,37.4512454],[31.1940543,37.4511715],[31.19415,37.4510918],[31.1942379,37.4510065],[31.1943176,37.4509163],[31.1943886,37.4508217],[31.1944243,37.4507671],[31.1944571,37.4507115],[31.1945165,37.4505979],[31.1945666,37.4504816],[31.1946071,37.450363],[31.194638,37.4502425],[31.1946547,37.4501511],[31.1946659,37.4500592],[31.1946714,37.449967],[31.1946955,37.4496908],[31.1947103,37.4494142],[31.1947158,37.4491374],[31.1947133,37.4489098],[31.1947224,37.4486823],[31.1947431,37.4484553],[31.1947753,37.4482292],[31.1948189,37.4480043],[31.194874,37.4477809],[31.1949081,37.4476626],[31.1949453,37.4475449],[31.1950261,37.4473108],[31.1951163,37.4470789],[31.1952158,37.4468494],[31.1953247,37.4466225],[31.1954575,37.4463716],[31.1956017,37.4461247],[31.195757,37.4458821],[31.1959232,37.445644],[31.1961002,37.4454109],[31.1962876,37.445183],[31.1963472,37.4451027],[31.1963989,37.4450191],[31.1964423,37.4449325],[31.1964772,37.4448435],[31.1965033,37.4447527],[31.1965206,37.4446605],[31.196529,37.4445676],[31.1965285,37.4444788],[31.1965198,37.4443904],[31.1965016,37.4442136],[31.1964742,37.4440376],[31.1964378,37.4438627],[31.1964148,37.4437705],[31.196383,37.4436801],[31.1963426,37.4435918],[31.1962938,37.4435062],[31.1962369,37.4434239],[31.1961722,37.4433452],[31.1961288,37.443299],[31.1960827,37.4432544],[31.1960015,37.4431588],[31.1959291,37.4430589],[31.1958656,37.4429551],[31.1958116,37.4428481],[31.1957672,37.4427383],[31.1957375,37.4426442],[31.1957149,37.4425488],[31.1956729,37.4423578],[31.1956412,37.4421654],[31.195619,37.4419621],[31.1956084,37.4417583],[31.1956093,37.4415542],[31.1956218,37.4413504],[31.1956459,37.4411473],[31.1956814,37.4409452],[31.1957324,37.4401679],[31.1957343,37.4400653],[31.1957461,37.4399632],[31.1957677,37.4398621],[31.1957989,37.4397626],[31.1958396,37.4396653],[31.1958901,37.4395698],[31.1959497,37.4394778],[31.1960705,37.4392945],[31.1962017,37.4391158],[31.1963428,37.4389425],[31.1964937,37.4387745],[31.1967798,37.43843],[31.1968574,37.4383348],[31.1969285,37.4382364],[31.196993,37.4381351],[31.1970614,37.43801],[31.1971196,37.4378817],[31.1971673,37.4377507],[31.1972723,37.4375194],[31.1973858,37.4372908],[31.197508,37.4370649],[31.1976088,37.4368913],[31.1977147,37.4367195],[31.1979105,37.4363702],[31.1980954,37.4360171],[31.198218,37.4357681],[31.1983351,37.4355175],[31.1984467,37.4352653],[31.1986735,37.4348324],[31.198751,37.4347296],[31.1988204,37.4346231],[31.1988813,37.4345134],[31.1989391,37.4343875],[31.1989858,37.4342586],[31.1990211,37.4341275],[31.1990449,37.4339948],[31.1990691,37.4337669],[31.1990865,37.4335386],[31.1990972,37.4333101],[31.1991011,37.4330619],[31.1990971,37.4328137],[31.1990998,37.4327309],[31.1990958,37.4326481],[31.1990851,37.4325657],[31.1990634,37.4324671],[31.1990321,37.4323701],[31.1989914,37.4322754],[31.1989416,37.4321834],[31.1988037,37.4319154],[31.1987372,37.4317806],[31.1986747,37.4316445],[31.1985946,37.4314532],[31.1985225,37.4312599],[31.1984584,37.4310648],[31.1984025,37.4308682],[31.1983604,37.4306816],[31.1983287,37.4304937],[31.1983157,37.4303994],[31.1983073,37.4303048],[31.198303,37.4301594],[31.1983093,37.4300141],[31.1983148,37.4299415],[31.198326,37.4298693],[31.1983488,37.4297772],[31.1983806,37.4296868],[31.1984214,37.4295988],[31.1984709,37.4295136],[31.1985317,37.4294265],[31.1986008,37.4293433],[31.1986777,37.4292646],[31.1987619,37.4291909],[31.1988626,37.4291544],[31.1989592,37.4291115],[31.1990511,37.4290624],[31.1991375,37.4290074],[31.1992179,37.428947],[31.1992895,37.4288836],[31.1993546,37.4288159],[31.1994126,37.4287443],[31.1994633,37.4286693],[31.1995062,37.4285913],[31.1995348,37.4285207],[31.199555,37.4284484],[31.1995666,37.4283748],[31.1995695,37.4283008],[31.1995637,37.4282268],[31.1995491,37.4281536],[31.1995157,37.4280326],[31.1994709,37.427914],[31.199415,37.4277983],[31.1993483,37.4276863],[31.1992713,37.4275786],[31.1991842,37.4274759],[31.1990878,37.4273785],[31.1989823,37.4272873],[31.1988686,37.4272025],[31.1987472,37.4271248],[31.1983953,37.4268944],[31.1980484,37.4266593],[31.1977065,37.4264197],[31.1975825,37.4262477],[31.1974497,37.4260798],[31.1973084,37.4259163],[31.1971587,37.4257576],[31.197001,37.4256039],[31.1968315,37.425452],[31.196654,37.4253058],[31.196469,37.4251656],[31.1962767,37.4250318],[31.1960775,37.4249044],[31.1958718,37.4247839],[31.195778,37.4245448],[31.1956769,37.4243076],[31.1955687,37.4240724],[31.1954532,37.4238388],[31.1953306,37.4236075],[31.195201,37.4233786],[31.1950645,37.4231522],[31.1950208,37.4230074],[31.194968,37.4228646],[31.1949061,37.4227241],[31.1948354,37.4225862],[31.194756,37.4224514],[31.1946656,37.4223163],[31.1945665,37.4221852],[31.1944589,37.4220583],[31.1943432,37.421936],[31.1942196,37.4218187],[31.1940067,37.4216275],[31.1937858,37.4214421],[31.1935571,37.4212627],[31.1925432,37.420236],[31.1911994,37.4190303],[31.190215,37.418061],[31.1901656,37.417944],[31.1901265,37.4178246],[31.1901021,37.4177239],[31.1900849,37.4176223],[31.1900752,37.4175201],[31.1900729,37.4174177],[31.190061,37.4172512],[31.1900392,37.4170854],[31.1900073,37.4169207],[31.1899904,37.4168383],[31.1899656,37.4167573],[31.1899297,37.4166709],[31.1898847,37.4165872],[31.1898311,37.4165068],[31.1897692,37.4164302],[31.1896994,37.416358],[31.1896223,37.4162907],[31.1895152,37.4162157],[31.1894155,37.4161344],[31.1893238,37.4160474],[31.1892406,37.4159552],[31.1891663,37.4158583],[31.1890988,37.4157526],[31.1890419,37.4156431],[31.188996,37.4155303],[31.1889614,37.4154151],[31.1889383,37.415298],[31.1889213,37.4151609],[31.1889149,37.4150232],[31.1889193,37.4148855],[31.1889342,37.4147483],[31.1889598,37.414612],[31.1890575,37.4142402],[31.1891487,37.4138674],[31.1892334,37.4134936],[31.1893118,37.4131169],[31.1893447,37.4129278],[31.1893836,37.4127394],[31.1894487,37.4124745],[31.1895256,37.4122117],[31.1895466,37.4121231],[31.1895763,37.4120361],[31.1896142,37.4119511],[31.1896602,37.4118691],[31.1897139,37.4117901],[31.1897429,37.4117516],[31.1897752,37.4117147],[31.1898332,37.4116594],[31.1898984,37.4116095],[31.18997,37.4115655],[31.1900473,37.411528],[31.1900889,37.4115138],[31.1901292,37.4114974],[31.1901998,37.4114613],[31.1902641,37.4114186],[31.1903212,37.4113697],[31.1903701,37.4113156],[31.19041,37.411257],[31.1904404,37.4111948],[31.1906132,37.4109451],[31.1907786,37.4106923],[31.1909366,37.4104364],[31.191083,37.4101845],[31.1912222,37.40993],[31.191354,37.409673],[31.1914784,37.4094137],[31.1914579,37.4093117],[31.1914479,37.4092088],[31.1914485,37.4091055],[31.1914596,37.4090026],[31.1914809,37.4089019],[31.1915123,37.408803],[31.1915535,37.4087064],[31.1916044,37.4086127],[31.1917325,37.4083997],[31.1918523,37.4081837],[31.1919638,37.407965],[31.1920492,37.4077833],[31.1921288,37.4076001],[31.1922026,37.4074153],[31.1922795,37.4071938],[31.1923449,37.4069699],[31.1923987,37.4067441],[31.1924406,37.4065168],[31.1924708,37.4062882],[31.1926827,37.4053017],[31.1932057,37.4028919],[31.1932265,37.4028191],[31.1932524,37.4027473],[31.1932835,37.4026767],[31.1933256,37.4025972],[31.1933742,37.4025201],[31.1934291,37.4024456],[31.19349,37.4023742],[31.1936086,37.4022461],[31.1937351,37.4021229],[31.1938692,37.4020049],[31.1940105,37.4018923],[31.1941587,37.4017854],[31.1943135,37.4016846],[31.1944744,37.4015901],[31.1946356,37.4014844],[31.1947894,37.4013721],[31.1949354,37.4012533],[31.1950732,37.4011285],[31.1952022,37.4009979],[31.1953223,37.400862],[31.1954329,37.4007212],[31.1955339,37.4005758],[31.1956632,37.4004046],[31.1958009,37.4002376],[31.1959469,37.4000751],[31.1960175,37.3999874],[31.1960978,37.3999052],[31.1961872,37.3998291],[31.1962849,37.3997597],[31.1963785,37.3997041],[31.1964774,37.3996546],[31.1965811,37.3996117],[31.1966888,37.3995757],[31.1967999,37.3995467],[31.1972789,37.3994165],[31.1977546,37.3992789],[31.1982268,37.3991339],[31.1986954,37.3989817],[31.1989255,37.3988977],[31.1991602,37.3988222],[31.1993885,37.3987581],[31.1996202,37.398702],[31.1998547,37.398654],[31.2000916,37.3986143],[31.2003306,37.3985829],[31.200571,37.3985598],[31.2006919,37.3985549],[31.2008125,37.3985452],[31.2009798,37.3985238],[31.2011448,37.3984932],[31.2013068,37.3984538],[31.201465,37.3984055],[31.2016187,37.3983488],[31.2017671,37.3982837],[31.2019095,37.3982107],[31.2019657,37.3981137],[31.2020303,37.39802],[31.2021029,37.39793],[31.2021831,37.3978443],[31.2022774,37.3977572],[31.2023796,37.397676],[31.2024891,37.3976009],[31.2026053,37.3975326],[31.2027276,37.3974712],[31.2031397,37.3972584],[31.2035463,37.397039],[31.2039472,37.396813],[31.2043422,37.3965805],[31.204792,37.3963262],[31.205248,37.3960789],[31.2053716,37.3960292],[31.2054902,37.3959725],[31.2056033,37.3959089],[31.2057102,37.395839],[31.2058099,37.3957634],[31.2059024,37.3956821],[31.2059872,37.3955958],[31.2060638,37.3955047],[31.2061318,37.3954095],[31.2061909,37.3953105],[31.2062408,37.3952084],[31.2062811,37.3951037],[31.2063117,37.3949969],[31.2063206,37.3949426],[31.2063324,37.3948886],[31.2063638,37.3947855],[31.2064062,37.3946849],[31.2064591,37.3945876],[31.2065223,37.3944942],[31.2065953,37.3944054],[31.2066775,37.3943219],[31.2067684,37.3942442],[31.2068673,37.394173],[31.2071241,37.3939592],[31.2072644,37.3938257],[31.2073966,37.3936872],[31.2075207,37.393544],[31.207573,37.3934789],[31.207618,37.3934105],[31.2076553,37.3933392],[31.2076846,37.3932656],[31.2077057,37.3931902],[31.2077191,37.3931079],[31.2077227,37.3930249],[31.2077164,37.392942],[31.2077004,37.3928599],[31.2075855,37.3924324],[31.2074804,37.3920033],[31.2074418,37.3918344],[31.2074115,37.3916645],[31.2073895,37.3914937],[31.2073758,37.3913224],[31.2073705,37.3911508],[31.2073748,37.3909504],[31.2073906,37.3907504],[31.2074178,37.3905511],[31.2074563,37.3903531],[31.207506,37.3901566],[31.2075668,37.389962],[31.2076387,37.3897699],[31.2078672,37.3893399],[31.2081054,37.3889132],[31.2082046,37.3887412],[31.2083135,37.388573],[31.2084318,37.3884087],[31.2085591,37.3882489],[31.2086954,37.3880937],[31.2088403,37.3879436],[31.20893,37.3878572],[31.2090226,37.3877727],[31.2092094,37.387605],[31.2094009,37.3874406],[31.2096531,37.3872346],[31.2099124,37.3870342],[31.2101787,37.3868396],[31.210297,37.3867549],[31.2104074,37.3866637],[31.2105093,37.3865664],[31.2106022,37.3864636],[31.2106857,37.3863559],[31.2107452,37.3862667],[31.2107982,37.3861749],[31.2108446,37.386081],[31.2108842,37.385985],[31.2109219,37.3859226],[31.2109666,37.3858633],[31.211018,37.3858074],[31.2110756,37.3857555],[31.211139,37.385708],[31.2111875,37.385677],[31.2112385,37.3856485],[31.2113434,37.3855953],[31.2114532,37.3855487],[31.2115672,37.385509],[31.2116848,37.3854763],[31.2118051,37.385451],[31.2119275,37.3854331],[31.2120499,37.3854228],[31.2121729,37.3854199],[31.2122958,37.3854245],[31.2124179,37.3854365],[31.2125385,37.3854559],[31.2126569,37.3854825],[31.2127724,37.3855162],[31.2130107,37.3855803],[31.2132455,37.3856518],[31.2134766,37.3857307],[31.2137036,37.3858169],[31.2139261,37.3859101],[31.2141438,37.3860102],[31.2143563,37.3861172],[31.2145607,37.3862292],[31.2147703,37.3863351],[31.2149848,37.3864345],[31.2152039,37.3865274],[31.2154158,37.3866095],[31.2156314,37.3866854],[31.2160635,37.3868354],[31.2161709,37.3868712],[31.216282,37.386899],[31.2163958,37.3869188],[31.2165114,37.3869302],[31.2166322,37.3869332],[31.2167528,37.3869271],[31.2168721,37.3869121],[31.2169892,37.3868882],[31.2171029,37.3868556],[31.2172062,37.3868172],[31.2173049,37.3867717],[31.2173981,37.3867193],[31.2176702,37.3865663],[31.2177377,37.3865285],[31.21785,37.3864657],[31.2180242,37.3863591],[31.2181861,37.386251],[31.2183422,37.3861376],[31.2184922,37.3860191],[31.218649,37.3858841],[31.2187978,37.3857434],[31.2189383,37.3855976],[31.2190704,37.3854468],[31.2191936,37.3852913],[31.219329,37.3851835],[31.2194587,37.3850715],[31.2195827,37.3849553],[31.2197006,37.3848352],[31.2198147,37.3847086],[31.2199222,37.3845784],[31.2200228,37.3844447],[31.2201163,37.3843078],[31.2202947,37.3841437],[31.2204682,37.3839764],[31.2206367,37.3838059],[31.2208371,37.3835918],[31.2210296,37.3833732],[31.2211103,37.3832741],[31.2211981,37.3831789],[31.2212925,37.3830878],[31.2213934,37.3830012],[31.2215003,37.3829193],[31.2215937,37.3828549],[31.2216908,37.3827942],[31.2217914,37.3827372],[31.2220757,37.3825484],[31.2221825,37.3824745],[31.2222834,37.3823956],[31.2223782,37.3823119],[31.2224664,37.3822239],[31.2225477,37.3821318],[31.2225998,37.3820659],[31.2226483,37.3819983],[31.222759,37.38187],[31.2228794,37.3817474],[31.2230091,37.3816309],[31.2231184,37.3815429],[31.2232331,37.3814593],[31.2233527,37.3813802],[31.2234771,37.3813059],[31.223548,37.3812393],[31.2236101,37.3811674],[31.2236629,37.381091],[31.2237059,37.3810108],[31.2237386,37.3809276],[31.2237597,37.3808474],[31.2237713,37.3807659],[31.2237732,37.380684],[31.2237654,37.3806023],[31.223748,37.3805215],[31.2237692,37.3804347],[31.2237813,37.3803468],[31.223784,37.3802583],[31.2237773,37.38017],[31.2237614,37.3800825],[31.2237372,37.3799986],[31.2237044,37.3799167],[31.2236634,37.3798371],[31.2236143,37.3797604],[31.2235576,37.3796871],[31.2232693,37.3791116],[31.2232368,37.3790264],[31.2232116,37.3789397],[31.2231938,37.3788518],[31.2231834,37.3787632],[31.2231805,37.3786922],[31.2231852,37.3786214],[31.2231974,37.3785511],[31.2232169,37.3784818],[31.2232398,37.3784231],[31.223268,37.3783658],[31.2233298,37.3782531],[31.2234021,37.3781444],[31.2234845,37.3780404],[31.2235764,37.3779415],[31.2236631,37.3778607],[31.2237561,37.3777846],[31.2238552,37.3777133],[31.2239599,37.3776474],[31.2240483,37.3775351],[31.2241279,37.3774188],[31.2241986,37.3772989],[31.2242605,37.3771749],[31.2243122,37.3770479],[31.2243533,37.3769186],[31.2243837,37.3767873],[31.2244029,37.3766589],[31.2244118,37.3765298],[31.2244155,37.3763543],[31.2244116,37.3763081],[31.2243988,37.376263],[31.2243775,37.3762199],[31.2243482,37.3761798],[31.2243115,37.3761439],[31.2242684,37.3761127],[31.2242329,37.3760933],[31.2241948,37.3760771],[31.224117,37.3760478],[31.2240357,37.3760252],[31.2239519,37.3760094],[31.2238655,37.3760005],[31.2237784,37.375999],[31.2236916,37.3760049],[31.223606,37.3760179],[31.2235227,37.3760381],[31.223316,37.3761035],[31.2231119,37.3761739],[31.2229107,37.3762495],[31.2227127,37.3763301],[31.2225376,37.3764068],[31.2223586,37.3764773],[31.2221759,37.3765417],[31.2219898,37.3765998],[31.2217737,37.3766583],[31.2215604,37.3767229],[31.2213501,37.3767937],[31.2212645,37.3768247],[31.2211758,37.3768497],[31.2210847,37.3768686],[31.220992,37.3768812],[31.2208982,37.3768875],[31.2207935,37.376887],[31.2206894,37.3768786],[31.2204814,37.3768619],[31.2202746,37.3768374],[31.2200859,37.3768081],[31.2198954,37.3767878],[31.2197037,37.3767766],[31.2195115,37.3767746],[31.2193343,37.3767807],[31.2191578,37.3767947],[31.2188046,37.3768196],[31.218452,37.3768492],[31.2179719,37.3768971],[31.2178418,37.3768997],[31.2177119,37.376894],[31.217583,37.3768801],[31.2174922,37.3768652],[31.2174038,37.3768434],[31.2173183,37.376815],[31.2172367,37.3767801],[31.2171598,37.3767391],[31.2170881,37.3766925],[31.2170419,37.376657],[31.2169987,37.3766191],[31.2169024,37.3765515],[31.2167998,37.37649],[31.2167332,37.3764552],[31.2166621,37.3764265],[31.2165874,37.3764045],[31.21651,37.3763894],[31.216431,37.3763813],[31.2163767,37.3763799],[31.2163224,37.3763819],[31.2162141,37.3763883],[31.2161066,37.3764006],[31.2160005,37.3764186],[31.2159263,37.3764348],[31.2158555,37.3764586],[31.2157891,37.3764894],[31.2157283,37.3765269],[31.2156742,37.3765703],[31.2156276,37.376619],[31.2155925,37.376667],[31.2155661,37.3767185],[31.2155489,37.3767724],[31.2155412,37.3768277],[31.2155431,37.3768833],[31.215553,37.3769321],[31.2155704,37.3769795],[31.2155949,37.3770249],[31.2156263,37.3770676],[31.2150387,37.3772801],[31.2144549,37.377499],[31.2138748,37.3777241],[31.2133191,37.3779471],[31.2127671,37.378176],[31.2127083,37.3782006],[31.2126459,37.3782185],[31.2125809,37.3782294],[31.2125147,37.3782331],[31.2124485,37.3782295],[31.2123835,37.3782186],[31.212318,37.3781996],[31.2122567,37.3781733],[31.2122008,37.3781402],[31.2121515,37.3781011],[31.2121099,37.3780566],[31.2119973,37.3777177],[31.2119523,37.3775848],[31.2119152,37.3774505],[31.211886,37.3773149],[31.211864,37.377173],[31.2118506,37.3770305],[31.2118458,37.3768876],[31.2118497,37.3767447],[31.211831,37.3762822],[31.2118268,37.3761555],[31.211833,37.376029],[31.2118496,37.375903],[31.2118766,37.3757781],[31.2119103,37.3756648],[31.2119526,37.3755532],[31.2120032,37.3754439],[31.212062,37.3753372],[31.2121287,37.3752335],[31.2121622,37.3751527],[31.2121882,37.3750701],[31.2122065,37.3749862],[31.2122156,37.3749175],[31.2122144,37.3748484],[31.212203,37.3747799],[31.2121815,37.3747129],[31.2121502,37.3746484],[31.2121152,37.3745949],[31.2120735,37.3745446],[31.2120256,37.374498],[31.2119718,37.3744555],[31.2119085,37.3744146],[31.2118502,37.3743693],[31.2117974,37.3743199],[31.2117505,37.3742669],[31.2117085,37.3742086],[31.2116737,37.3741473],[31.2115887,37.3740314],[31.2114957,37.3739194],[31.2113819,37.3737986],[31.2112588,37.3736837],[31.2111269,37.3735752],[31.2110931,37.3735405],[31.2110663,37.3735022],[31.2110471,37.3734611],[31.2110367,37.3734228],[31.2110328,37.3733837],[31.2110356,37.3733446],[31.2110524,37.373203],[31.2110672,37.3731004],[31.2110893,37.3729986],[31.2111196,37.3728957],[31.2111417,37.3727915],[31.2111555,37.3726864],[31.2111611,37.3725808],[31.2111591,37.3724876],[31.2111506,37.3723946],[31.2111356,37.3723021],[31.2112094,37.3721947],[31.2112925,37.3720917],[31.2113844,37.3719936],[31.2114889,37.3718971],[31.211602,37.3718068],[31.211723,37.3717234],[31.211773,37.3716096],[31.2118189,37.3714948],[31.2118641,37.3713692],[31.2119177,37.3712458],[31.2119798,37.3711249],[31.2120443,37.3710162],[31.2121155,37.3709101],[31.2121933,37.370807],[31.2122776,37.3707071],[31.2123162,37.3706412],[31.2123476,37.3705728],[31.2123714,37.3705025],[31.212388,37.3704279],[31.2123961,37.3703523],[31.2123956,37.3702766],[31.2123936,37.3700585],[31.2124006,37.3698406],[31.2124164,37.3696229],[31.2124411,37.3694058],[31.2124747,37.3691894],[31.2125108,37.369003],[31.2125535,37.3688175],[31.2126394,37.3684466],[31.2127322,37.3680767],[31.2128445,37.3676634],[31.2129655,37.3672517],[31.212993,37.3671408],[31.2130117,37.3670288],[31.2130216,37.3669161],[31.2130225,37.3668031],[31.2130146,37.3666903],[31.2129977,37.3665781],[31.2129717,37.3664656],[31.2129368,37.3663546],[31.2128931,37.3662455],[31.2128849,37.3661655],[31.2128844,37.3660852],[31.2128916,37.3660052],[31.2129065,37.3659258],[31.2129344,37.3658321],[31.212973,37.3657409],[31.2130219,37.3656529],[31.2131277,37.3655667],[31.2132404,37.3654862],[31.2133595,37.3654117],[31.2134844,37.3653436],[31.2136146,37.365282],[31.2137336,37.3652333],[31.2138569,37.3651922],[31.2139839,37.3651588],[31.2141138,37.3651334],[31.2142458,37.3651162],[31.2143791,37.3651072],[31.2145048,37.3651063],[31.2146304,37.3651127],[31.214755,37.3651264],[31.2148779,37.3651473],[31.2149987,37.3651754],[31.215747,37.3655016],[31.2159086,37.3655628],[31.2160659,37.3656307],[31.2162185,37.365705],[31.2163661,37.3657855],[31.2165082,37.365872],[31.2166443,37.3659644],[31.2167743,37.3660622],[31.2168618,37.3661342],[31.2169459,37.3662088],[31.217111,37.3663601],[31.2172692,37.3665159],[31.2174204,37.3666761],[31.2175644,37.3668404],[31.217701,37.3670087],[31.2177737,37.3671039],[31.2178548,37.3671949],[31.2179438,37.367281],[31.2180402,37.3673619],[31.2181436,37.3674372],[31.2182479,37.3675032],[31.2183575,37.3675635],[31.218577,37.3676837],[31.2188017,37.3677976],[31.2190314,37.3679051],[31.219285,37.368014],[31.2195437,37.3681151],[31.2196096,37.3681304],[31.2196774,37.368139],[31.2197461,37.368141],[31.2198145,37.3681362],[31.2198816,37.3681246],[31.2199431,37.3681077],[31.2200017,37.3680851],[31.2200566,37.3680573],[31.2201069,37.3680245],[31.2201978,37.3679357],[31.2202968,37.3678526],[31.2204033,37.3677756],[31.2205168,37.3677052],[31.2206367,37.3676418],[31.2207484,37.3675914],[31.2208552,37.3675348],[31.2209568,37.3674723],[31.2210524,37.3674041],[31.221131,37.3673401],[31.2212028,37.3672712],[31.2212673,37.3671979],[31.2213241,37.3671206],[31.2213728,37.36704],[31.2214132,37.3669565],[31.2214406,37.3668838],[31.2214616,37.3668098],[31.2214762,37.3667348],[31.2214828,37.3666937],[31.2215003,37.3666548],[31.2215214,37.3666268],[31.2215482,37.3666021],[31.22158,37.3665814],[31.2216157,37.3665653],[31.2217242,37.3665268],[31.2218289,37.3664822],[31.2219149,37.3664394],[31.2220054,37.3664031],[31.2220999,37.3663736],[31.2221973,37.3663512],[31.222297,37.3663361],[31.222393,37.3663286],[31.2224877,37.3663143],[31.2225805,37.3662932],[31.2226705,37.3662656],[31.222757,37.3662317],[31.222819,37.3662023],[31.2228784,37.3661696],[31.2229949,37.3661019],[31.2231061,37.3660287],[31.2232116,37.3659503],[31.2233137,37.3658645],[31.223409,37.3657738],[31.2236022,37.3655944],[31.2237909,37.365412],[31.2239031,37.3653002],[31.2240073,37.3651836],[31.2241032,37.3650627],[31.2241906,37.3649377],[31.2242754,37.364798],[31.2243512,37.3646551],[31.2244177,37.3645093],[31.2244749,37.364361],[31.2245251,37.3642015],[31.2245645,37.36404],[31.2245929,37.3638771],[31.2246664,37.3637885],[31.2247466,37.3637037],[31.2248333,37.363623],[31.2249261,37.3635468],[31.2250248,37.3634753],[31.225124,37.3634117],[31.2252161,37.3633416],[31.2253003,37.3632656],[31.2253762,37.3631842],[31.2254432,37.3630979],[31.2254944,37.3630185],[31.2255367,37.3629358],[31.2255698,37.3628505],[31.2255934,37.3627632],[31.2256047,37.3626976],[31.2256107,37.3626315],[31.2256178,37.3624991],[31.2256149,37.3623667],[31.2256018,37.3622346],[31.2255786,37.3621034],[31.2255498,37.3619885],[31.2255133,37.361875],[31.2254691,37.3617631],[31.225352,37.3614244],[31.2253026,37.3612884],[31.2252463,37.3611541],[31.2251832,37.3610217],[31.2251133,37.3608915],[31.2250583,37.3607982],[31.2249998,37.3607063],[31.2248945,37.360518],[31.2247975,37.360327],[31.2247091,37.3601334],[31.2246291,37.3599374],[31.2245519,37.3597214],[31.2244817,37.3595039],[31.2244186,37.3592851],[31.2243769,37.3591239],[31.224339,37.3589622],[31.2242684,37.358638],[31.2242209,37.3583919],[31.2241786,37.3581451],[31.2241007,37.3576509],[31.2240458,37.3572446],[31.2239988,37.3568376],[31.223988,37.3567733],[31.2239685,37.3567103],[31.2239405,37.3566494],[31.2239044,37.3565912],[31.2238607,37.3565364],[31.2238097,37.3564858],[31.2237505,37.3564386],[31.2236852,37.3563969],[31.2236144,37.3563613],[31.223539,37.3563321],[31.2232719,37.3561745],[31.2231409,37.3560949],[31.2230031,37.3560228],[31.2228592,37.3559586],[31.22271,37.3559027],[31.222567,37.3558582],[31.2224205,37.3558214],[31.2222713,37.3557925],[31.2221199,37.3557715],[31.2219653,37.3557586],[31.22181,37.3557539],[31.2216546,37.3557577],[31.2215989,37.3557606],[31.2215435,37.3557557],[31.22149,37.3557432],[31.22144,37.3557236],[31.2213908,37.3556942],[31.2213496,37.3556579],[31.2213179,37.3556159],[31.221137,37.355368],[31.2210036,37.3551881],[31.22086,37.3550131],[31.2207067,37.3548435],[31.2205415,37.3546775],[31.220367,37.3545177],[31.220274,37.3544419],[31.2201834,37.3543644],[31.2200261,37.3542202],[31.2198769,37.3540707],[31.2197361,37.3539161],[31.219604,37.3537567],[31.2194108,37.3535322],[31.2192117,37.3533109],[31.219007,37.3530929],[31.2189,37.3529867],[31.2187967,37.3528783],[31.2186595,37.3527245],[31.2185296,37.3525668],[31.2184072,37.3524054],[31.2182923,37.3522405],[31.2181851,37.3520724],[31.2181345,37.3519957],[31.2180925,37.3519158],[31.2180596,37.3518333],[31.2180358,37.3517488],[31.2180215,37.351663],[31.2180168,37.35157],[31.2180231,37.351477],[31.2180404,37.3513849],[31.2180686,37.3512945],[31.2181073,37.3512067],[31.218148,37.3510951],[31.21818,37.3509817],[31.2182032,37.350867],[31.2182174,37.3507514],[31.2182227,37.3506353],[31.2182381,37.3504924],[31.2182633,37.3503503],[31.2182983,37.3502096],[31.2183429,37.3500706],[31.218397,37.3499338],[31.2184848,37.3497389],[31.218584,37.3495475],[31.2186943,37.34936],[31.2188154,37.3491768],[31.2190121,37.3488957],[31.2192186,37.3486192],[31.2193301,37.3484849],[31.219435,37.3483474],[31.2195486,37.3481834],[31.2196527,37.3480155],[31.2197473,37.347844],[31.2197936,37.3477579],[31.219832,37.3476693],[31.219864,37.3475726],[31.2198866,37.3474741],[31.2198995,37.3473746],[31.2199028,37.3472746],[31.2198964,37.3471746],[31.2198815,37.3470845],[31.2198581,37.3469954],[31.2198264,37.3469081],[31.2198099,37.3468644],[31.2197864,37.3468228],[31.2197534,37.3467808],[31.2197133,37.3467428],[31.2196669,37.3467098],[31.219615,37.3466822],[31.2195588,37.3466608],[31.2194994,37.3466458],[31.219349,37.3465939],[31.2192017,37.3465367],[31.2190577,37.3464744],[31.2189174,37.346407],[31.218745,37.3463147],[31.2185795,37.3462148],[31.2184213,37.3461076],[31.2182709,37.3459936],[31.2181288,37.345873],[31.2179955,37.3457463],[31.2178713,37.3456138],[31.2177273,37.3454475],[31.217592,37.3452767],[31.2174658,37.3451015],[31.2173487,37.3449224],[31.2173078,37.3448633],[31.2172718,37.3448023],[31.217241,37.3447395],[31.2172086,37.3446553],[31.2171854,37.3445691],[31.2171717,37.3444816],[31.2171674,37.3443936],[31.2171726,37.3443055],[31.2171873,37.3442182],[31.2172243,37.3440319],[31.2172685,37.3438467],[31.2173201,37.3436627],[31.217375,37.3435278],[31.2174216,37.3433909],[31.2174598,37.3432524],[31.2174894,37.3431126],[31.2175105,37.3429718],[31.2175236,37.3428213],[31.2175268,37.3426705],[31.2175202,37.3425197],[31.2175145,37.3424444],[31.2175038,37.3423694],[31.2174817,37.3422697],[31.2174508,37.3421715],[31.2174111,37.3420752],[31.217363,37.3419815],[31.2173067,37.3418907],[31.2171766,37.3416903],[31.2170403,37.3414927],[31.2169706,37.3413945],[31.2168977,37.3412978],[31.2167703,37.3411416],[31.2166346,37.3409899],[31.2164908,37.340843],[31.216339,37.3407012],[31.2161797,37.3405647],[31.2160131,37.3404339],[31.2158395,37.3403089],[31.2156593,37.34019],[31.2154728,37.3400775],[31.2152803,37.3399714],[31.2150955,37.3398817],[31.2149165,37.3397848],[31.2147437,37.339681],[31.2145776,37.3395705],[31.2144147,37.3394508],[31.2142597,37.3393248],[31.2141129,37.3391926],[31.2139746,37.3390548],[31.2138453,37.3389116],[31.2132338,37.3382334],[31.2131952,37.3381798],[31.2131647,37.3381231],[31.2131426,37.3380639],[31.2131292,37.3380031],[31.2131246,37.3379428],[31.2131286,37.3378824],[31.2131411,37.3378228],[31.2131619,37.3377647],[31.2131909,37.3377088],[31.2132741,37.3375345],[31.2133482,37.3373575],[31.213413,37.3371782],[31.2134683,37.336997],[31.2135141,37.336814],[31.2135503,37.3366297],[31.2136351,37.3362181],[31.2137254,37.3358072],[31.2137681,37.3356722],[31.2138,37.3355353],[31.2138212,37.3353971],[31.2138314,37.3352609],[31.2138311,37.3351245],[31.2138203,37.3349884],[31.2137991,37.334853],[31.2137853,37.3347857],[31.2137675,37.3347189],[31.2137287,37.3346087],[31.2136789,37.3345013],[31.2136185,37.3343975],[31.2135477,37.3342978],[31.2134672,37.3342029],[31.2133773,37.3341135],[31.2132787,37.3340301],[31.2131721,37.3339533],[31.2129358,37.3338932],[31.2127023,37.3338263],[31.212472,37.3337528],[31.2122497,37.3336745],[31.212031,37.33359],[31.2118162,37.3334995],[31.2116054,37.333403],[31.2115014,37.333353],[31.2113991,37.3333007],[31.2112286,37.3332062],[31.2110638,37.3331054],[31.2109052,37.3329985],[31.2107531,37.3328858],[31.2106791,37.3328278],[31.2106079,37.3327675],[31.2105016,37.3326685],[31.2104029,37.3325647],[31.2103121,37.3324564],[31.2102296,37.332344],[31.2101555,37.3322279],[31.2100902,37.3321085],[31.2100605,37.3319818],[31.210021,37.3318568],[31.2099718,37.3317339],[31.2099132,37.3316137],[31.2098501,37.3315043],[31.2097792,37.3313979],[31.2097007,37.3312949],[31.2095296,37.3310605],[31.2094364,37.3309286],[31.2093355,37.3308003],[31.209227,37.330676],[31.2091112,37.3305559],[31.2089785,37.3304315],[31.208838,37.3303127],[31.2086901,37.3301997],[31.2084806,37.3300474],[31.2082656,37.3298999],[31.2080455,37.3297573],[31.2078204,37.3296198],[31.2075904,37.3294874],[31.207334,37.3293507],[31.2070713,37.3292219],[31.2068027,37.329101],[31.2065286,37.3289883],[31.2062493,37.3288838],[31.2060989,37.328835],[31.2059518,37.3287804],[31.2058082,37.3287202],[31.2056686,37.3286543],[31.2055331,37.3285831],[31.2053954,37.3285024],[31.2052631,37.3284161],[31.2051367,37.3283244],[31.2050164,37.3282277],[31.2049026,37.3281261],[31.2047955,37.32802],[31.2047097,37.3279223],[31.2046317,37.3278206],[31.2045617,37.3277153],[31.2045,37.3276067],[31.2044468,37.3274953],[31.2043788,37.3273341],[31.2043199,37.3271707],[31.2042705,37.3270052],[31.2042305,37.3268382],[31.2042001,37.3266699],[31.2038353,37.325002],[31.2037194,37.3249486],[31.203608,37.3248894],[31.2035017,37.3248247],[31.2034008,37.3247546],[31.2033098,37.3246828],[31.2032246,37.3246068],[31.2031455,37.3245267],[31.2030727,37.3244429],[31.2030417,37.3243983],[31.2030065,37.3243557],[31.202948,37.3242974],[31.2028818,37.3242446],[31.2028087,37.324198],[31.2027296,37.324158],[31.2026454,37.3241252],[31.2022782,37.3239394],[31.201916,37.3237476],[31.2015589,37.3235498],[31.2012071,37.3233461],[31.2008607,37.3231366],[31.2005199,37.3229214],[31.2001848,37.3227005],[31.1998221,37.3224506],[31.1994668,37.3221942],[31.199119,37.3219312],[31.1987789,37.321662],[31.1984467,37.3213866],[31.1983209,37.3212536],[31.1982026,37.3211163],[31.1980922,37.320975],[31.1979897,37.3208299],[31.1978954,37.3206813],[31.1978095,37.3205296],[31.1977322,37.3203749],[31.1976635,37.3202177],[31.1975991,37.3200447],[31.1975453,37.3198693],[31.1975021,37.3196921],[31.1974697,37.3195135],[31.1974481,37.3193338],[31.1974375,37.3191536],[31.1974377,37.3189731],[31.197449,37.3187928],[31.1975693,37.3181418],[31.1976798,37.3174897],[31.1977805,37.3168366],[31.1978712,37.3161826],[31.197952,37.3155277],[31.198023,37.3148721],[31.1980412,37.3146872],[31.1980483,37.3145018],[31.1980445,37.3143163],[31.1980297,37.3141312],[31.1980039,37.3139468],[31.1979671,37.3137636],[31.1979195,37.313582],[31.1978612,37.3134024],[31.1977923,37.3132252],[31.1977136,37.3130522],[31.197625,37.3128823],[31.1975268,37.3127157],[31.197419,37.3125529],[31.197302,37.3123942],[31.197176,37.3122399],[31.1970413,37.3120903],[31.1969107,37.3119581],[31.1967733,37.3118303],[31.1966293,37.3117072],[31.1964789,37.311589],[31.1963224,37.3114759],[31.1961702,37.3113765],[31.196025,37.3112706],[31.1958873,37.3111586],[31.1957575,37.3110408],[31.195636,37.3109174],[31.1955231,37.310789],[31.1954164,37.310652],[31.1953195,37.3105103],[31.1951059,37.3102365],[31.1948823,37.3099676],[31.1946492,37.309704],[31.1944065,37.3094459],[31.1941545,37.3091934],[31.1938935,37.3089468],[31.1936237,37.3087064],[31.1933452,37.3084722],[31.1930855,37.3082655],[31.192819,37.3080643],[31.192546,37.3078687],[31.1922667,37.3076789],[31.1919812,37.307495],[31.1916897,37.307317],[31.1913925,37.3071452],[31.1912018,37.3069777],[31.1910191,37.3068045],[31.1908448,37.3066259],[31.1906792,37.3064422],[31.1905225,37.3062537],[31.1903748,37.3060605],[31.1902365,37.305863],[31.1901718,37.3057641],[31.1901166,37.3056617],[31.1900712,37.3055562],[31.190036,37.3054483],[31.190011,37.3053386],[31.1899965,37.3052277],[31.1899924,37.3051163],[31.1899996,37.3049986],[31.1900159,37.3048814],[31.1900411,37.3047653],[31.1900752,37.3046506],[31.190118,37.3045377],[31.1901695,37.3044272],[31.1902143,37.3043447],[31.190264,37.304264],[31.190351,37.3040981],[31.1904304,37.3039298],[31.190502,37.3037594],[31.1905766,37.3035554],[31.1906402,37.303349],[31.1906925,37.3031407],[31.1907876,37.3026451],[31.1908752,37.3021487],[31.1909553,37.3016515],[31.1909845,37.3014578],[31.1910039,37.3012634],[31.1910135,37.3010685],[31.1910135,37.3008734],[31.1910036,37.3006785],[31.1909877,37.3005138],[31.1909632,37.3003497],[31.1909302,37.3001866],[31.1908888,37.3000247],[31.190839,37.2998643],[31.190781,37.2997056],[31.1907089,37.299536],[31.1906273,37.2993692],[31.1905365,37.2992055],[31.1904366,37.2990451],[31.1903277,37.2988884],[31.1902692,37.2988136],[31.1902014,37.298744],[31.1901251,37.2986802],[31.190041,37.2986229],[31.1899499,37.2985728],[31.1898529,37.2985302],[31.189751,37.2984958],[31.189659,37.2984727],[31.1895647,37.2984562],[31.189376,37.298424],[31.1891856,37.2983995],[31.1889939,37.2983826],[31.1888013,37.2983735],[31.1886084,37.2983721],[31.18842,37.2983782],[31.1882322,37.2983921],[31.1880456,37.2984138],[31.1878606,37.2984432],[31.1876779,37.2984803],[31.1874978,37.2985249],[31.1873209,37.2985769],[31.1871655,37.2986297],[31.1870145,37.29869],[31.1868685,37.2987576],[31.1867279,37.2988323],[31.1865934,37.2989136],[31.1864655,37.2990015],[31.1863446,37.2990954],[31.1862382,37.2991886],[31.1861395,37.299287],[31.1860489,37.2993903],[31.1859669,37.299498],[31.1858937,37.2996097],[31.1858296,37.2997248],[31.1857769,37.2998384],[31.1857331,37.2999544],[31.1856984,37.3000724],[31.1856729,37.3001918],[31.1856567,37.3003122],[31.1856499,37.3004332],[31.1856209,37.3005478],[31.1855807,37.3006603],[31.1855296,37.3007699],[31.185468,37.3008761],[31.1853961,37.300978],[31.1853144,37.3010753],[31.1852235,37.3011671],[31.1851242,37.3012527],[31.185017,37.3013319],[31.1849023,37.3014043],[31.1847809,37.3014693],[31.1846535,37.3015266],[31.1845801,37.301579],[31.1845014,37.3016262],[31.1844179,37.3016679],[31.1843303,37.3017038],[31.1842391,37.3017336],[31.1841833,37.3017484],[31.1841266,37.3017609],[31.184012,37.3017819],[31.1838958,37.3017962],[31.1837787,37.301804],[31.1836611,37.3018051],[31.1835441,37.3017995],[31.1834279,37.3017874],[31.183313,37.3017688],[31.1832001,37.3017437],[31.1830898,37.3017123],[31.1829464,37.3016762],[31.1828063,37.3016327],[31.1826701,37.301582],[31.1825383,37.3015243],[31.1824116,37.3014599],[31.1822905,37.301389],[31.1822012,37.3013302],[31.1821197,37.3012647],[31.1820465,37.3011932],[31.1819826,37.3011163],[31.1819284,37.3010348],[31.1818845,37.3009497],[31.1818318,37.3008678],[31.1817705,37.3007898],[31.1817011,37.3007162],[31.1816241,37.3006476],[31.1815401,37.3005844],[31.1814496,37.300527],[31.1813647,37.3004816],[31.1812745,37.300443],[31.18118,37.3004118],[31.1810841,37.3003887],[31.1809858,37.300373],[31.180886,37.3003651],[31.1807857,37.3003649],[31.1789229,37.3005441],[31.178883,37.3005475],[31.1788448,37.3005575],[31.1788102,37.3005739],[31.1787808,37.3005957],[31.178758,37.300622],[31.1787425,37.3006522],[31.1787357,37.3006844],[31.1787379,37.3007169],[31.1787044,37.3007426],[31.1786643,37.3007615],[31.1786199,37.3007724],[31.178575,37.3007749],[31.1785306,37.3007694],[31.1784889,37.3007561],[31.1783568,37.3007471],[31.1782243,37.3007455],[31.1780919,37.3007513],[31.1779604,37.3007646],[31.1778304,37.3007852],[31.1777025,37.300813],[31.1776143,37.3008367],[31.1775277,37.3008639],[31.17735,37.3009083],[31.1771699,37.3009459],[31.1769878,37.3009768],[31.176804,37.3010007],[31.1765913,37.3010197],[31.1763777,37.3010304],[31.1761637,37.301033],[31.1759498,37.3010274],[31.1757365,37.3010135],[31.1756002,37.3010003],[31.1754656,37.3009789],[31.1753335,37.3009493],[31.1752045,37.3009118],[31.1750796,37.3008665],[31.1749594,37.3008137],[31.1748447,37.3007538],[31.174736,37.3006871],[31.1746349,37.3006145],[31.174541,37.3005361],[31.1744549,37.3004522],[31.1743771,37.3003634],[31.1743079,37.3002701],[31.1742479,37.3001729],[31.1738568,37.2981611],[31.173842,37.2980768],[31.1738173,37.2979939],[31.173783,37.2979132],[31.1737394,37.2978355],[31.1736867,37.2977613],[31.1736256,37.2976914],[31.1735693,37.2976376],[31.173508,37.2975873],[31.1733819,37.2974898],[31.1732477,37.2973994],[31.1731061,37.2973164],[31.1729577,37.2972412],[31.172817,37.2971798],[31.1726718,37.2971254],[31.1725226,37.2970783],[31.1723701,37.2970386],[31.1722147,37.2970065],[31.1721561,37.2969383],[31.1721067,37.2968656],[31.1720671,37.2967892],[31.1720377,37.2967099],[31.1720202,37.2966368],[31.1720114,37.2965626],[31.1720114,37.2964881],[31.1720202,37.296414],[31.1720377,37.2963408],[31.1720427,37.2961423],[31.1720511,37.2959439],[31.1721599,37.2958295],[31.1722767,37.2957202],[31.1724012,37.2956164],[31.1724986,37.2955429],[31.1725878,37.295463],[31.1726682,37.2953774],[31.1727391,37.2952867],[31.1727983,37.2951948],[31.1728477,37.2950993],[31.1728871,37.2950009],[31.1729163,37.2949003],[31.1729349,37.2947981],[31.172948,37.2947569],[31.1729506,37.2947145],[31.1729425,37.2946726],[31.1729242,37.2946327],[31.1729017,37.2946024],[31.1728733,37.2945755],[31.1728397,37.2945527],[31.1727216,37.2945104],[31.1726008,37.2944734],[31.1724776,37.2944417],[31.1723602,37.294417],[31.1722413,37.2943972],[31.1720081,37.2943434],[31.1717785,37.2942804],[31.1715532,37.2942085],[31.1713326,37.2941277],[31.1711174,37.2940382],[31.170908,37.2939404],[31.170705,37.2938344],[31.1705089,37.2937205],[31.1703788,37.2936381],[31.1702429,37.2935619],[31.1701016,37.2934921],[31.1699555,37.293429],[31.1698049,37.2933728],[31.1696505,37.2933236],[31.1694775,37.2932781],[31.1693011,37.2932415],[31.1691222,37.2932139],[31.1689414,37.2931954],[31.1687595,37.2931862],[31.1685772,37.2931863],[31.1683953,37.2931956],[31.168286,37.2931737],[31.1681801,37.2931432],[31.1680785,37.2931045],[31.1679823,37.2930578],[31.1678925,37.2930037],[31.1678099,37.2929428],[31.1677355,37.2928755],[31.1676701,37.2928031],[31.1676142,37.2927259],[31.1675683,37.2926446],[31.1675327,37.2925601],[31.1675079,37.2924732],[31.1674941,37.2923848],[31.1675386,37.2921712],[31.1675726,37.2919564],[31.1675959,37.2917407],[31.1676084,37.2915245],[31.1676103,37.291308],[31.1676013,37.2910916],[31.1675808,37.2908682],[31.1675717,37.2906443],[31.167574,37.2904202],[31.1675878,37.2901964],[31.167613,37.2899733],[31.1676495,37.2897511],[31.1676974,37.2895303],[31.1677564,37.2893113],[31.1678266,37.2890943],[31.1678903,37.2889235],[31.1679437,37.2887506],[31.1679866,37.2885758],[31.168019,37.2883995],[31.1680408,37.2882223],[31.1680519,37.2880444],[31.1680527,37.2878764],[31.1680439,37.2877086],[31.1680256,37.2875413],[31.1679979,37.2873748],[31.1679609,37.2872094],[31.1679144,37.2870455],[31.1678588,37.2868835],[31.1677503,37.2867093],[31.1676503,37.2865319],[31.167559,37.2863515],[31.1674764,37.2861685],[31.1674028,37.2859831],[31.1673382,37.2857956],[31.1672828,37.2856062],[31.1672366,37.2854153],[31.1672134,37.2853011],[31.1671936,37.2851864],[31.1671593,37.2849566],[31.1671335,37.2847262],[31.1671163,37.2844952],[31.1671077,37.2842638],[31.1671078,37.2840324],[31.1671188,37.2837628],[31.1671415,37.2834937],[31.1671758,37.2832253],[31.1672219,37.2829581],[31.1672795,37.2826922],[31.1669542,37.2823241],[31.1666376,37.2819512],[31.1663299,37.2815736],[31.1660312,37.2811916],[31.1657415,37.2808051],[31.1654609,37.2804144],[31.1651896,37.2800195],[31.1649276,37.2796207],[31.1646751,37.2792181],[31.1644321,37.2788117],[31.1641987,37.2784018],[31.163975,37.2779885],[31.1637651,37.27758],[31.1635648,37.2771686],[31.1633739,37.2767543],[31.1631927,37.2763373],[31.1630211,37.2759177],[31.1628592,37.2754956],[31.1628202,37.275405],[31.1627919,37.275312],[31.1627746,37.2752172],[31.1627683,37.2751216],[31.1627732,37.2750259],[31.1627892,37.274931],[31.1628162,37.2748377],[31.162854,37.2747467],[31.1629021,37.274659],[31.162959,37.2745768],[31.163025,37.274499],[31.1630996,37.2744264],[31.1631822,37.2743594],[31.1632721,37.2742986],[31.1633686,37.2742446],[31.1634708,37.2741978],[31.1635779,37.2741586],[31.1636891,37.2741272],[31.1638033,37.274104],[31.1638305,37.2738831],[31.1638677,37.2736631],[31.1639147,37.2734443],[31.1639716,37.2732269],[31.1640382,37.2730113],[31.1641145,37.2727978],[31.1641961,37.2725964],[31.1642663,37.2723924],[31.164325,37.272186],[31.1643721,37.2719778],[31.1644074,37.2717681],[31.1644309,37.2715573],[31.1644425,37.2713459],[31.1644423,37.2711344],[31.1644302,37.270923],[31.1644062,37.2707123],[31.1643704,37.2705026],[31.1643229,37.2702944],[31.1642637,37.2700882],[31.164193,37.2698842],[31.164111,37.2696829],[31.1640177,37.2694848],[31.1639134,37.2692902],[31.1637982,37.2690995],[31.1636725,37.268913],[31.1635364,37.2687313],[31.1633903,37.2685545],[31.1632451,37.2683944],[31.1630916,37.2682392],[31.1629301,37.2680893],[31.1627609,37.2679449],[31.1625843,37.2678062],[31.1624006,37.2676735],[31.1622101,37.267547],[31.162088,37.2674413],[31.1619748,37.2673296],[31.1618708,37.2672123],[31.1617765,37.2670899],[31.1616924,37.266963],[31.1616186,37.266832],[31.1615556,37.2666974],[31.1615059,37.2665665],[31.1614663,37.2664334],[31.1614371,37.2662986],[31.1614183,37.2661627],[31.16141,37.266026],[31.1614122,37.2658893],[31.1614251,37.2657529],[31.1614484,37.2656173],[31.1614322,37.2654617],[31.1614275,37.2653055],[31.1614343,37.2651494],[31.1614526,37.2649938],[31.1614824,37.2648394],[31.1615235,37.2646867],[31.1615532,37.2645969],[31.1615868,37.264508],[31.1616385,37.2643269],[31.1616785,37.264144],[31.1617067,37.2639597],[31.1617229,37.2637745],[31.1617272,37.2635889],[31.1617195,37.2634034],[31.1616998,37.2632184],[31.1616683,37.2630344],[31.1616249,37.2628519],[31.1615698,37.2626713],[31.1615031,37.2624932],[31.161425,37.2623181],[31.1613357,37.2621464],[31.1612935,37.2620395],[31.1612612,37.2619304],[31.161239,37.2618197],[31.1612268,37.2617081],[31.1612248,37.261596],[31.1612331,37.2614841],[31.1612515,37.261373],[31.16128,37.2612633],[31.1613184,37.2611554],[31.1613665,37.2610501],[31.1614241,37.2609478],[31.1614908,37.2608491],[31.1615664,37.2607546],[31.1616259,37.2606893],[31.1616897,37.2606267],[31.1618041,37.2604936],[31.1619091,37.2603558],[31.1620045,37.2602136],[31.16209,37.2600675],[31.1621653,37.2599178],[31.1622303,37.2597651],[31.1622846,37.2596098],[31.1623281,37.2594524],[31.1623494,37.2593551],[31.1623666,37.2592573],[31.1624165,37.2590639],[31.1624777,37.2588725],[31.16255,37.2586836],[31.1626334,37.2584976],[31.1627275,37.2583149],[31.1628323,37.2581359],[31.1629475,37.257961],[31.1630727,37.2577906],[31.1632079,37.257625],[31.163322,37.2574972],[31.163442,37.2573728],[31.1635677,37.2572521],[31.1639336,37.256883],[31.1643054,37.2565177],[31.1646831,37.2561562],[31.1648588,37.2559913],[31.1650264,37.2558211],[31.1651856,37.2556459],[31.1653363,37.255466],[31.1654782,37.2552816],[31.1656111,37.255093],[31.1656989,37.2549584],[31.1657757,37.2548196],[31.1658412,37.2546772],[31.1658951,37.2545318],[31.1659374,37.2543839],[31.1659676,37.2542342],[31.1659859,37.2540832],[31.165992,37.2539316],[31.1659869,37.2537919],[31.165971,37.2536527],[31.1659444,37.2535145],[31.1659072,37.2533779],[31.1658595,37.2532434],[31.1658015,37.2531115],[31.1657335,37.2529826],[31.1656556,37.2528573],[31.1655682,37.2527361],[31.1654745,37.2526225],[31.1653724,37.2525137],[31.1652623,37.2524098],[31.1651446,37.2523114],[31.1650198,37.2522188],[31.1648882,37.2521322],[31.1647504,37.2520521],[31.1646068,37.2519786],[31.164458,37.2519121],[31.1643044,37.2518528],[31.1641467,37.2518009],[31.1640783,37.2516883],[31.1640213,37.2515716],[31.1639759,37.2514519],[31.1639425,37.2513296],[31.1639212,37.2512056],[31.1639121,37.2510807],[31.1639154,37.2509556],[31.1639309,37.2508311],[31.1639587,37.2507079],[31.1639985,37.2505869],[31.1640501,37.2504687],[31.1641086,37.2503616],[31.1641768,37.2502582],[31.1642543,37.2501591],[31.1643407,37.2500647],[31.1644355,37.2499756],[31.1645383,37.2498922],[31.1647015,37.249779],[31.1648714,37.2496723],[31.1650476,37.2495722],[31.1652297,37.2494791],[31.1654173,37.2493931],[31.1656099,37.2493144],[31.165807,37.2492433],[31.1660083,37.2491799],[31.1662131,37.2491243],[31.1664212,37.2490766],[31.1666187,37.2490393],[31.1668135,37.2489939],[31.1670051,37.2489406],[31.167193,37.2488794],[31.1673767,37.2488105],[31.1675556,37.2487342],[31.1677293,37.2486506],[31.1678974,37.2485599],[31.1680593,37.2484625],[31.1682147,37.2483585],[31.1683631,37.2482482],[31.1685085,37.2481282],[31.1686456,37.2480022],[31.1687741,37.2478705],[31.1688936,37.2477335],[31.1690037,37.2475917],[31.1691042,37.2474453],[31.1691947,37.247295],[31.1692749,37.2471409],[31.1693447,37.2469837],[31.1694039,37.2468238],[31.1694522,37.2466615],[31.1694896,37.2464974],[31.1696687,37.2462662],[31.1698373,37.24603],[31.1699951,37.2457892],[31.1701419,37.2455439],[31.1702775,37.2452947],[31.1704017,37.2450417],[31.1705145,37.2447853],[31.1706155,37.2445258],[31.1707048,37.2442636],[31.1707822,37.243999],[31.1708475,37.2437324],[31.1709008,37.2434641],[31.1709418,37.2431944],[31.1709707,37.2429237],[31.1709873,37.2426524],[31.1709917,37.2423808],[31.1709885,37.2422226],[31.1709754,37.2420648],[31.1709524,37.2419076],[31.1709195,37.2417516],[31.1708768,37.2415971],[31.1708245,37.2414445],[31.1707625,37.2412942],[31.1706912,37.2411466],[31.1706023,37.2409879],[31.1705026,37.2408335],[31.1703923,37.2406836],[31.1702719,37.2405388],[31.1701416,37.2403995],[31.1700018,37.2402661],[31.1698531,37.240139],[31.1696957,37.2400187],[31.1695303,37.2399054],[31.1693573,37.2397996],[31.1691773,37.2397015],[31.1689907,37.2396114],[31.1689151,37.2395453],[31.1688467,37.2394743],[31.1687861,37.2393991],[31.1687336,37.23932],[31.1686897,37.2392377],[31.1686546,37.2391528],[31.1686286,37.2390658],[31.168611,37.2389709],[31.1686042,37.2388751],[31.1686083,37.2387792],[31.1686232,37.238684],[31.1686488,37.2385903],[31.168685,37.2384988],[31.1687509,37.2383555],[31.168827,37.2382156],[31.1689132,37.2380793],[31.169009,37.2379472],[31.1691141,37.2378197],[31.169255,37.2376615],[31.1694038,37.2375079],[31.1709312,37.2364796],[31.1711251,37.23636],[31.1713263,37.2362481],[31.1715342,37.2361443],[31.1717482,37.2360488],[31.171968,37.2359619],[31.1721938,37.2358834],[31.1724243,37.235814],[31.1726588,37.2357537],[31.1728967,37.2357028],[31.1731376,37.2356614],[31.1733808,37.2356296],[31.1736256,37.2356074],[31.173911,37.2355213],[31.174193,37.2354286],[31.1744715,37.2353292],[31.1747462,37.2352233],[31.1750168,37.235111],[31.1752832,37.2349924],[31.1755665,37.2348569],[31.1758443,37.2347143],[31.1761161,37.2345646],[31.1763818,37.2344081],[31.1766411,37.2342449],[31.1768937,37.2340751],[31.1771393,37.233899],[31.177225,37.2338042],[31.1773019,37.2337047],[31.1773696,37.2336011],[31.1774277,37.2334938],[31.1774758,37.2333834],[31.1775139,37.2332706],[31.1775416,37.2331559],[31.1775585,37.2330427],[31.1775654,37.2329288],[31.1775622,37.2328149],[31.1775488,37.2327014],[31.1775255,37.2325889],[31.1774923,37.232478],[31.1774493,37.2323693],[31.1773968,37.2322632],[31.1772265,37.2320941],[31.1770646,37.2319199],[31.1769111,37.2317408],[31.1767665,37.2315572],[31.1766307,37.2313693],[31.1765042,37.2311774],[31.176387,37.2309818],[31.1762793,37.2307827],[31.1761814,37.2305805],[31.1760932,37.2303754],[31.1760335,37.2302196],[31.1759795,37.2300625],[31.175875,37.2297476],[31.1757798,37.2294309],[31.1756939,37.2291125],[31.1756173,37.2287925],[31.1755501,37.2284713],[31.1754924,37.2281488],[31.1754441,37.2278254],[31.1754186,37.2276211],[31.1754045,37.227416],[31.175402,37.2272106],[31.1754111,37.2270054],[31.1754317,37.2268007],[31.1754638,37.2265969],[31.1755073,37.2263944],[31.1755621,37.2261938],[31.1756104,37.2260454],[31.1756684,37.2258992],[31.1757359,37.2257557],[31.1758129,37.2256152],[31.175899,37.2254781],[31.175994,37.2253448],[31.1760842,37.2252316],[31.1761809,37.2251217],[31.1762839,37.2250156],[31.1763929,37.2249133],[31.1765076,37.2248151],[31.1769985,37.224262],[31.1774853,37.2237024],[31.1776022,37.2236078],[31.1777247,37.2235179],[31.1778527,37.2234329],[31.1779858,37.223353],[31.1781237,37.2232784],[31.1782697,37.2232076],[31.17842,37.2231428],[31.1785743,37.2230841],[31.1786739,37.2230508],[31.1787693,37.2230104],[31.1788597,37.2229634],[31.1789444,37.22291],[31.1790233,37.2228503],[31.1790962,37.222786],[31.1791629,37.2227175],[31.1792228,37.2226451],[31.1792757,37.2225694],[31.1793217,37.2224896],[31.1793593,37.2224071],[31.1793883,37.2223224],[31.1794084,37.2222362],[31.1794172,37.222175],[31.1794215,37.2221136],[31.1794228,37.2219905],[31.1794125,37.2218677],[31.1793924,37.2217547],[31.1793624,37.221643],[31.1793226,37.2215333],[31.1792732,37.2214261],[31.1792144,37.221322],[31.1791041,37.221064],[31.1790982,37.2209742],[31.1790954,37.2208843],[31.1790973,37.2207432],[31.1791067,37.2206022],[31.1791288,37.220366],[31.1791587,37.2201303],[31.1791792,37.2200129],[31.1791965,37.2198953],[31.1792159,37.2197233],[31.1792285,37.219551],[31.1792341,37.2193784],[31.1792303,37.219197],[31.1792165,37.219016],[31.1791927,37.2188356],[31.1791591,37.2186562],[31.1791156,37.2184782],[31.1790624,37.2183019],[31.1790488,37.2182436],[31.1790277,37.2181868],[31.1789995,37.218132],[31.1789645,37.2180797],[31.1789229,37.2180306],[31.1788645,37.2179759],[31.1787979,37.2179273],[31.1787244,37.2178857],[31.178645,37.2178516],[31.1785609,37.2178255],[31.1784919,37.2177962],[31.1784274,37.217761],[31.1783682,37.2177204],[31.178315,37.2176748],[31.1782685,37.2176248],[31.1781096,37.217444],[31.1779574,37.2172595],[31.1778361,37.2171036],[31.1777197,37.2169454],[31.1776081,37.216785],[31.1775934,37.2167024],[31.177588,37.2166191],[31.1775922,37.2165357],[31.1776039,37.2164616],[31.1776232,37.2163884],[31.1776499,37.2163168],[31.1776838,37.2162471],[31.1777668,37.2160943],[31.1778602,37.2159454],[31.1779636,37.2158007],[31.1780767,37.2156607],[31.1782271,37.2154835],[31.1783832,37.2153094],[31.1784663,37.2152253],[31.1785448,37.2151385],[31.1786335,37.2150299],[31.178715,37.2149179],[31.1787892,37.2148027],[31.1788559,37.2146846],[31.1789912,37.214432],[31.1791182,37.2141766],[31.1792368,37.2139188],[31.1792667,37.2138373],[31.1792864,37.2137538],[31.1792957,37.2136692],[31.1792945,37.2135843],[31.1792829,37.2134999],[31.1792609,37.2134168],[31.1792274,37.2133329],[31.1791833,37.2132521],[31.1791292,37.2131754],[31.1790655,37.2131034],[31.1789929,37.213037],[31.1789122,37.2129768],[31.1788118,37.2129106],[31.178706,37.2128499],[31.1785954,37.212795],[31.1784804,37.2127461],[31.1783328,37.2126907],[31.1781815,37.2126419],[31.1780271,37.2125999],[31.1778699,37.2125648],[31.1777106,37.2125367],[31.1776511,37.2125192],[31.1775949,37.2124957],[31.1775431,37.2124666],[31.1774964,37.2124324],[31.1774558,37.2123936],[31.1774182,37.2123456],[31.1773898,37.2122938],[31.1773712,37.2122393],[31.1773627,37.2121831],[31.1773646,37.2121266],[31.1773749,37.2120385],[31.1773942,37.2119514],[31.1774222,37.2118658],[31.177459,37.2117823],[31.1775041,37.2117015],[31.1775877,37.2115688],[31.1776811,37.2114402],[31.1777839,37.2113163],[31.1778374,37.2112554],[31.1778957,37.2111974],[31.1779828,37.2111229],[31.1780777,37.2110549],[31.1781798,37.2109936],[31.1782882,37.2109398],[31.1784021,37.2108936],[31.1785206,37.2108556],[31.1787046,37.2107923],[31.1788862,37.2107246],[31.1790651,37.2106527],[31.179133,37.2106166],[31.1791944,37.2105739],[31.1792484,37.2105253],[31.1792941,37.2104715],[31.1793306,37.2104134],[31.1793568,37.2103539],[31.1793735,37.2102923],[31.1793803,37.2102295],[31.1793771,37.2101665],[31.1793641,37.2101043],[31.1793414,37.2100439],[31.1792874,37.2098808],[31.1792233,37.20972],[31.1791493,37.209562],[31.1790655,37.2094071],[31.178972,37.2092557],[31.1788693,37.2091082],[31.1787548,37.2089618],[31.1786312,37.2088202],[31.1784986,37.2086838],[31.1783576,37.208553],[31.1782083,37.208428],[31.1780512,37.2083093],[31.1779095,37.2081906],[31.1777752,37.2080666],[31.1776489,37.2079374],[31.1775306,37.2078033],[31.1774209,37.2076648],[31.1773199,37.2075222],[31.1772278,37.2073757],[31.1771589,37.2072877],[31.1770974,37.2071964],[31.1770435,37.207102],[31.1769975,37.207005],[31.1769596,37.2069058],[31.1769256,37.2067873],[31.1769032,37.2066671],[31.1768924,37.2065459],[31.1768933,37.2064244],[31.1769059,37.2063033],[31.176933,37.2060052],[31.1769545,37.2057068],[31.1769703,37.2054082],[31.1769942,37.2052235],[31.1770076,37.2050381],[31.1770103,37.2048525],[31.1770025,37.2046669],[31.176983,37.2044736],[31.1769519,37.2042812],[31.1769095,37.2040902],[31.1768556,37.203901],[31.176821,37.203808],[31.1767906,37.2037141],[31.1767555,37.2035813],[31.176729,37.2034473],[31.1767112,37.2033123],[31.1767023,37.2031768],[31.1767001,37.203109],[31.1767021,37.2030412],[31.1767119,37.2029439],[31.1767301,37.2028474],[31.1767565,37.2027521],[31.176791,37.2026584],[31.1768335,37.2025669],[31.1774451,37.2016845],[31.1776538,37.2014557],[31.1778562,37.2012232],[31.1780521,37.2009872],[31.1782414,37.2007479],[31.1784241,37.2005052],[31.1786001,37.2002592],[31.1787692,37.2000101],[31.1789314,37.1997581],[31.1790866,37.1995032],[31.1798295,37.198185],[31.1806154,37.1968433],[31.1814361,37.1958935],[31.1814783,37.1957962],[31.1815142,37.1956974],[31.1815437,37.1955972],[31.181572,37.1954678],[31.1815896,37.1953372],[31.1815966,37.195206],[31.1815928,37.1950747],[31.1815908,37.1950089],[31.1815783,37.1949439],[31.1815559,37.194881],[31.1815236,37.1948208],[31.1814822,37.1947644],[31.1814322,37.1947126],[31.1813745,37.1946661],[31.1812599,37.1945963],[31.1811516,37.1945204],[31.1810499,37.1944388],[31.1809555,37.194352],[31.1808686,37.1942602],[31.1807898,37.194164],[31.1807165,37.1940594],[31.1806528,37.193951],[31.1805988,37.1938392],[31.1805548,37.1937247],[31.1805211,37.193608],[31.1804979,37.1934897],[31.1804852,37.1933704],[31.1804831,37.1932507],[31.1804917,37.1931311],[31.1805108,37.1930123],[31.1805433,37.1928679],[31.1805858,37.1927252],[31.180638,37.1925845],[31.1806998,37.1924463],[31.180771,37.192311],[31.1808515,37.192179],[31.1809336,37.1920062],[31.1810231,37.1918358],[31.1811201,37.1916679],[31.1812243,37.1915028],[31.1813565,37.1913117],[31.1814984,37.1911252],[31.1816497,37.1909434],[31.1818103,37.1907667],[31.1820738,37.1905246],[31.182328,37.1902763],[31.1825575,37.1900384],[31.1827786,37.1897955],[31.1828189,37.1897464],[31.1828515,37.1896939],[31.182876,37.1896386],[31.182892,37.1895813],[31.1828994,37.189523],[31.182898,37.1894643],[31.1828863,37.1894005],[31.1828643,37.1893385],[31.1828322,37.1892793],[31.1827907,37.189224],[31.1827385,37.189189],[31.1826918,37.1891494],[31.1826514,37.1891056],[31.1826177,37.1890584],[31.1825925,37.189011],[31.1825741,37.1889616],[31.1825628,37.188911],[31.1825587,37.1888596],[31.1825825,37.1887601],[31.1825945,37.1886592],[31.1825946,37.1885578],[31.1825828,37.1884569],[31.1825637,37.188373],[31.1825364,37.1882905],[31.182501,37.1882101],[31.1822842,37.1879572],[31.1820745,37.1877004],[31.1818498,37.1874103],[31.1816343,37.1871157],[31.1813195,37.1867079],[31.1810499,37.18621],[31.1809188,37.1859671],[31.1807976,37.1857209],[31.1806865,37.1854717],[31.1805975,37.1852509],[31.1805032,37.1850315],[31.1804035,37.1848135],[31.1803522,37.1847062],[31.1803109,37.1845961],[31.1802799,37.1844839],[31.1802594,37.1843701],[31.1802523,37.1843041],[31.1802488,37.1842379],[31.1802492,37.1841054],[31.1802607,37.1839732],[31.180276,37.1838775],[31.1803008,37.1837831],[31.1803351,37.1836906],[31.1803679,37.1836208],[31.1804093,37.1835541],[31.1804589,37.1834909],[31.1805162,37.183432],[31.1805713,37.1833852],[31.1806313,37.1833422],[31.1806958,37.1833036],[31.1808702,37.1831707],[31.1810392,37.1830335],[31.1811701,37.182921],[31.1812973,37.1828059],[31.1815597,37.1825815],[31.1818264,37.1823604],[31.1821638,37.1820901],[31.1825076,37.1818251],[31.1828578,37.1815654],[31.1834773,37.1810002],[31.1835895,37.1808974],[31.1836956,37.1807907],[31.1837955,37.1806803],[31.1838891,37.1805664],[31.1839918,37.1804264],[31.1840849,37.1802821],[31.1841354,37.1802067],[31.1841932,37.1801346],[31.1842578,37.1800663],[31.1843289,37.1800022],[31.1844162,37.1799356],[31.1845104,37.1798753],[31.1846847,37.1797422],[31.1848514,37.1796031],[31.1850102,37.1794583],[31.1850948,37.1793756],[31.1851768,37.1792914],[31.1853373,37.1791207],[31.1854917,37.1789465],[31.1855887,37.1788314],[31.185683,37.1787149],[31.1858665,37.1784792],[31.1860419,37.1782397],[31.1862092,37.1779966],[31.1863729,37.1777424],[31.1865298,37.1774856],[31.1866799,37.1772261],[31.186782,37.177041],[31.1868742,37.1768526],[31.1869565,37.1766613],[31.1870286,37.1764675],[31.1870718,37.1763342],[31.1871083,37.1761997],[31.1871382,37.1760642],[31.1871614,37.1759278],[31.1871791,37.1757761],[31.1871885,37.1756239],[31.187211,37.1754972],[31.187291,37.1752998],[31.1874001,37.1748475],[31.1874448,37.1747261],[31.1874962,37.1746064],[31.1875542,37.1744887],[31.1876187,37.1743731],[31.1876602,37.1743052],[31.1877076,37.1742399],[31.1877608,37.1741775],[31.1878142,37.1741232],[31.187872,37.1740719],[31.1879338,37.1740236],[31.1882006,37.1738784],[31.1884716,37.1737383],[31.1886446,37.1736527],[31.1888192,37.1735691],[31.1891608,37.1733924],[31.1894962,37.1732083],[31.1897436,37.1730653],[31.1899872,37.1729183],[31.1901735,37.1728055],[31.1904739,37.1726237],[31.1909575,37.1723237],[31.1914341,37.1720168],[31.1917597,37.1718004],[31.1920819,37.1715808],[31.1923708,37.1713862],[31.1926565,37.1711886],[31.1929993,37.1709131],[31.1930676,37.1708589],[31.1930905,37.1707983],[31.1931055,37.170736],[31.1931124,37.1706729],[31.1931111,37.1706095],[31.1931017,37.1705468],[31.1930842,37.1704852],[31.1930588,37.1704253],[31.1930259,37.1703678],[31.1929573,37.1703166],[31.1927795,37.170247],[31.1925712,37.170185],[31.1923608,37.1701274],[31.192055,37.1700525],[31.1917458,37.1699869],[31.1914336,37.1699308],[31.191119,37.1698843],[31.19096,37.16987],[31.1908025,37.1698474],[31.1906395,37.1698149],[31.1904798,37.1697734],[31.1903241,37.1697232],[31.190173,37.1696646],[31.1900275,37.1695977],[31.1898881,37.1695231],[31.1897555,37.1694409],[31.1896303,37.1693516],[31.1894972,37.1692446],[31.1893727,37.1691313],[31.1892574,37.1690119],[31.1891516,37.168887],[31.1890559,37.1687571],[31.1890113,37.1686907],[31.1889705,37.1686227],[31.1889161,37.1685167],[31.188871,37.1684079],[31.1888356,37.1682969],[31.1888099,37.1681842],[31.188794,37.1680703],[31.1887881,37.1679559],[31.1887901,37.1678108],[31.1888026,37.167666],[31.1888101,37.1675936],[31.1888257,37.167522],[31.1888542,37.1674397],[31.1888935,37.1673602],[31.1889431,37.1672845],[31.1890024,37.1672134],[31.1890708,37.1671477],[31.1891475,37.1670881],[31.1893624,37.166955],[31.1895853,37.1668486],[31.1897375,37.1668542],[31.1899317,37.1668711],[31.1900934,37.1669188],[31.1902587,37.1669577],[31.1904269,37.1669876],[31.1905779,37.1670066],[31.1907301,37.1670184],[31.1908828,37.1670229],[31.1910357,37.1670201],[31.191188,37.1670101],[31.1913393,37.1669928],[31.1914891,37.1669684],[31.1916399,37.1669365],[31.191788,37.1668975],[31.191933,37.1668517],[31.1920744,37.1667992],[31.1922117,37.1667401],[31.1923444,37.1666748],[31.192472,37.1666033],[31.1925942,37.166526],[31.1927718,37.1664068],[31.1929442,37.1662829],[31.1931113,37.1661545],[31.1931959,37.166091],[31.1932728,37.1660215],[31.1933934,37.1658776],[31.1934414,37.1657998],[31.1934808,37.1657191],[31.1935111,37.1656359],[31.1935323,37.1655509],[31.193544,37.1654648],[31.1935464,37.1653782],[31.1935435,37.1652364],[31.1935324,37.1650949],[31.193513,37.1649539],[31.1934855,37.1648139],[31.1934498,37.164675],[31.193404,37.1645314],[31.1933496,37.1643898],[31.1932867,37.1642504],[31.1932155,37.1641135],[31.1931361,37.1639796],[31.1930487,37.1638489],[31.1930034,37.1637842],[31.1929536,37.1637216],[31.1928743,37.1636357],[31.1927866,37.1635551],[31.192691,37.1634804],[31.1925882,37.1634121],[31.1924788,37.1633506],[31.1923635,37.1632963],[31.1920312,37.1631725],[31.1916954,37.163055],[31.1913561,37.1629438],[31.1909771,37.1628713],[31.1906224,37.162814],[31.1903524,37.162766],[31.1900155,37.1626857],[31.1896765,37.1625887],[31.1893541,37.1624306],[31.1891987,37.1622645],[31.1891093,37.1621069],[31.1889936,37.1619433],[31.1888582,37.1617886],[31.1887154,37.1616382],[31.1885655,37.1614922],[31.1883886,37.1613336],[31.1882034,37.1611812],[31.18801,37.1610353],[31.187809,37.1608962],[31.1876006,37.1607641],[31.1873853,37.1606393],[31.1872023,37.1605238],[31.187025,37.1604028],[31.1868536,37.1602765],[31.1866885,37.1601451],[31.1865297,37.1600087],[31.1864361,37.1599204],[31.1863505,37.159827],[31.1862734,37.1597291],[31.1862052,37.159627],[31.1861461,37.1595214],[31.1860966,37.1594125],[31.1860568,37.1593011],[31.1860269,37.1591877],[31.1860073,37.159073],[31.1859978,37.1589574],[31.1859986,37.1588416],[31.1860066,37.158721],[31.1860218,37.1586008],[31.1860442,37.1584813],[31.186057,37.1584217],[31.1860737,37.1583628],[31.1861081,37.1582708],[31.186152,37.1581815],[31.186205,37.1580953],[31.1862668,37.158013],[31.1863369,37.157935],[31.1864149,37.1578619],[31.1865002,37.1577942],[31.1866886,37.157652],[31.1868829,37.1575151],[31.1870831,37.1573836],[31.1872888,37.1572576],[31.1891234,37.1560263],[31.1893679,37.1557633],[31.1896041,37.1554957],[31.189832,37.1552234],[31.1900514,37.1549468],[31.1902636,37.1546639],[31.190467,37.1543769],[31.1906613,37.154086],[31.1908465,37.1537913],[31.1909388,37.1536439],[31.1910224,37.1534931],[31.1910944,37.1533451],[31.1911579,37.1531946],[31.1911907,37.1531195],[31.1912128,37.153042],[31.191224,37.152964],[31.1912245,37.1528856],[31.1912143,37.1528075],[31.1911935,37.1527308],[31.1911623,37.1526564],[31.1911036,37.152594],[31.1910376,37.1525365],[31.1909648,37.1524845],[31.1908859,37.1524383],[31.1907935,37.1523951],[31.1906958,37.15236],[31.190594,37.1523335],[31.1904892,37.1523158],[31.1903826,37.1523072],[31.1902754,37.1523077],[31.190154,37.1523215],[31.1900316,37.1523283],[31.1899089,37.1523281],[31.1897866,37.1523209],[31.1896652,37.1523066],[31.189555,37.1522874],[31.1894467,37.1522624],[31.1893406,37.1522318],[31.1892464,37.1521971],[31.1891561,37.1521563],[31.1890702,37.1521098],[31.1889894,37.1520579],[31.1889142,37.1520009],[31.1886349,37.1517256],[31.1883487,37.1514547],[31.1880559,37.1511885],[31.1877522,37.1509234],[31.187442,37.1506633],[31.1871251,37.1504082],[31.1868316,37.1501614],[31.1865445,37.1499099],[31.1862642,37.1496535],[31.1861747,37.1495774],[31.1860928,37.1494962],[31.1860187,37.1494102],[31.185953,37.14932],[31.185905,37.1492421],[31.1858631,37.1491619],[31.1858277,37.1490798],[31.1857721,37.1489298],[31.1857533,37.1488617],[31.1857426,37.1487926],[31.1857401,37.1487229],[31.1857459,37.1486534],[31.1857599,37.1485846],[31.1857845,37.1485107],[31.1858185,37.1484392],[31.1858616,37.1483709],[31.1859134,37.1483066],[31.1859731,37.1482468],[31.186013,37.1481588],[31.1860436,37.1480685],[31.1860648,37.1479764],[31.1860764,37.1478833],[31.1860784,37.14779],[31.1860708,37.1476967],[31.1860536,37.1476043],[31.1860274,37.1474955],[31.1860115,37.1473854],[31.1860059,37.1472747],[31.1860107,37.1471639],[31.1860212,37.1470802],[31.1860377,37.146997],[31.186072,37.146831],[31.1861135,37.146666],[31.1861622,37.1465022],[31.1862033,37.1463806],[31.1862525,37.1462609],[31.1863095,37.1461434],[31.1863743,37.1460284],[31.1864465,37.1459164],[31.1865417,37.1457879],[31.1866467,37.1456644],[31.1868598,37.1454325],[31.1871352,37.1452068],[31.1873988,37.1449452],[31.1876542,37.1446377],[31.1877575,37.1443991],[31.1878633,37.144166],[31.1879005,37.143984],[31.1879256,37.1438194],[31.1879233,37.1436546],[31.187895,37.1435279],[31.1878617,37.1434397],[31.1878011,37.14333],[31.1877657,37.1432346],[31.187727,37.1431289],[31.1876884,37.1430076],[31.1876395,37.1428792],[31.1875828,37.1427528],[31.1875186,37.1426287],[31.1874469,37.1425072],[31.1873679,37.1423887],[31.1873191,37.142294],[31.1872804,37.1421964],[31.1872518,37.1420966],[31.1872338,37.1419952],[31.1872263,37.141895],[31.1872256,37.1417946],[31.1872317,37.1416943],[31.1872445,37.1415944],[31.1872547,37.1415381],[31.1872729,37.1414831],[31.1872989,37.1414302],[31.1873322,37.1413799],[31.1873726,37.141333],[31.1874183,37.141291],[31.1875126,37.141209],[31.1876131,37.1411319],[31.1877193,37.1410597],[31.1878308,37.1409928],[31.1879472,37.1409315],[31.188074,37.1408735],[31.1882051,37.1408221],[31.1884679,37.1407203],[31.1887352,37.1406263],[31.1890067,37.1405403],[31.1892259,37.1404774],[31.1894474,37.1404198],[31.1898904,37.1403051],[31.1903357,37.140196],[31.190814,37.1400858],[31.1912946,37.1399822],[31.19169,37.1399224],[31.1920831,37.1398537],[31.1924736,37.1397759],[31.192861,37.1396893],[31.19304,37.139646],[31.1932161,37.1395959],[31.193389,37.1395391],[31.1935582,37.1394758],[31.1937235,37.1394061],[31.1938843,37.1393301],[31.1939804,37.1392805],[31.1940747,37.1392288],[31.1942707,37.1391346],[31.1944721,37.1390478],[31.1946782,37.1389686],[31.1948888,37.1388971],[31.1950914,37.1388367],[31.1952902,37.1387689],[31.1954848,37.1386936],[31.1956748,37.1386112],[31.1958598,37.1385218],[31.1959921,37.1384518],[31.1961213,37.1383782],[31.1963784,37.1382294],[31.1966306,37.1380756],[31.196878,37.1379168],[31.1971204,37.1377531],[31.1973419,37.1375961],[31.1975587,37.137435],[31.1977708,37.1372699],[31.197915,37.137158],[31.1980519,37.1370405],[31.1981812,37.1369177],[31.1983027,37.1367898],[31.1984159,37.1366573],[31.1984757,37.136581],[31.1985328,37.1365035],[31.1986569,37.1363533],[31.198788,37.1362071],[31.1989261,37.1360648],[31.1990707,37.1359269],[31.1992219,37.1357934],[31.1993739,37.1356689],[31.1995316,37.1355488],[31.1996947,37.1354335],[31.199863,37.135323],[31.1999856,37.1352635],[31.2001124,37.1352099],[31.2002429,37.1351622],[31.2003768,37.1351208],[31.2005134,37.1350857],[31.2006571,37.1350561],[31.2008029,37.1350336],[31.20095,37.1350181],[31.2010981,37.1350098],[31.2011743,37.134999],[31.2012478,37.1349798],[31.2013172,37.1349526],[31.2013811,37.1349178],[31.2014297,37.1348831],[31.2014728,37.1348441],[31.2015098,37.1348013],[31.2015483,37.1347496],[31.2015927,37.134701],[31.2016426,37.1346559],[31.2017089,37.1346071],[31.2017816,37.1345645],[31.2018597,37.1345286],[31.2020717,37.1343959],[31.2022784,37.1342579],[31.2024795,37.1341149],[31.2026805,37.1339623],[31.2028753,37.1338046],[31.2030635,37.1336419],[31.203245,37.1334744],[31.2034196,37.1333023],[31.2035908,37.1331269],[31.2037549,37.1329472],[31.2039118,37.1327634],[31.2040828,37.1325476],[31.2042438,37.1323269],[31.2043945,37.1321016],[31.2045141,37.1319053],[31.2046245,37.1317056],[31.2047258,37.1315029],[31.2048144,37.1313051],[31.2048961,37.1311054],[31.2049707,37.130904],[31.2050383,37.130701],[31.2051125,37.1304458],[31.2051756,37.1301887],[31.2052274,37.1299301],[31.2054111,37.1293067],[31.205436,37.1292647],[31.2054668,37.1292253],[31.2055029,37.1291889],[31.2055439,37.1291559],[31.2055886,37.1291273],[31.2056371,37.1291027],[31.2057355,37.1290558],[31.2058383,37.1290153],[31.2059449,37.1289816],[31.2060609,37.1289537],[31.2061795,37.1289338],[31.2062998,37.128922],[31.206421,37.1289186],[31.2065243,37.1288723],[31.2066234,37.1288205],[31.2067178,37.1287635],[31.2068072,37.1287015],[31.2068811,37.1286432],[31.2069505,37.1285815],[31.2070879,37.128457],[31.2072189,37.1283283],[31.2073619,37.1281751],[31.207496,37.1280169],[31.207621,37.127854],[31.2077366,37.1276868],[31.2078888,37.1275074],[31.2080457,37.1273306],[31.2082073,37.1271564],[31.2083379,37.1270212],[31.2084628,37.1268826],[31.2085821,37.1267409],[31.2086955,37.1265962],[31.208818,37.1264269],[31.208932,37.126254],[31.2090375,37.1260776],[31.2090977,37.1259679],[31.2091503,37.1258557],[31.2091951,37.1257414],[31.2092319,37.1256252],[31.2092605,37.1255083],[31.209281,37.1253904],[31.2092934,37.1252717],[31.2092976,37.1251526],[31.2092981,37.125106],[31.2092912,37.1250596],[31.2092772,37.1250144],[31.2092561,37.1249708],[31.209224,37.1249244],[31.2091839,37.124882],[31.2091367,37.1248447],[31.2090496,37.1247909],[31.2089585,37.1247416],[31.2088635,37.1246971],[31.2087652,37.1246575],[31.2086975,37.1246338],[31.2086287,37.1246125],[31.2084883,37.1245756],[31.2083449,37.1245471],[31.2081993,37.1245271],[31.2080877,37.1245177],[31.2079756,37.1245133],[31.2077516,37.1245048],[31.2075274,37.1245014],[31.207308,37.1245032],[31.2070888,37.12451],[31.207002,37.1245026],[31.2069162,37.1244892],[31.2068323,37.1244699],[31.2067509,37.1244448],[31.2066655,37.1244109],[31.2065852,37.1243699],[31.206511,37.1243222],[31.2064438,37.1242683],[31.2064022,37.1242283],[31.2063644,37.1241859],[31.2062928,37.1240992],[31.2062293,37.1240085],[31.2061742,37.1239144],[31.2061289,37.1238199],[31.2060922,37.123723],[31.2060642,37.1236244],[31.206045,37.1235244],[31.2060347,37.1234236],[31.2060151,37.1233605],[31.2060065,37.1232958],[31.2060091,37.1232308],[31.206023,37.1231667],[31.2060478,37.1231047],[31.206083,37.1230461],[31.2061089,37.1230129],[31.2061382,37.1229816],[31.2062018,37.1229222],[31.2062731,37.1228686],[31.2063512,37.1228215],[31.2064245,37.122786],[31.2065018,37.1227562],[31.2065822,37.1227323],[31.206665,37.1227146],[31.206863,37.1226864],[31.2070626,37.1226668],[31.2072632,37.1226558],[31.2074125,37.1226533],[31.2075612,37.1226419],[31.2077084,37.1226216],[31.2078533,37.1225927],[31.2079376,37.1225715],[31.2080208,37.1225474],[31.2081856,37.1224962],[31.2083474,37.1224392],[31.2085058,37.1223765],[31.2086606,37.1223083],[31.2088438,37.1222178],[31.2090205,37.1221195],[31.2091903,37.1220138],[31.2093526,37.1219008],[31.2094611,37.1218245],[31.2095626,37.1217423],[31.2096567,37.1216546],[31.2097429,37.1215619],[31.2098166,37.12147],[31.2098838,37.1213751],[31.2099442,37.1212773],[31.2099977,37.1211769],[31.2100422,37.1210787],[31.2100801,37.1209787],[31.21017,37.1207826],[31.2102672,37.1205888],[31.2103607,37.120417],[31.21046,37.1202473],[31.210565,37.1200798],[31.210741,37.1197726],[31.2109123,37.1194638],[31.2110666,37.1191763],[31.2112167,37.1188874],[31.2112772,37.1187361],[31.2113269,37.1185823],[31.2113656,37.1184265],[31.2113913,37.1182826],[31.2114243,37.1181397],[31.2114644,37.1179979],[31.2115118,37.1178576],[31.2115666,37.1177179],[31.2116286,37.1175801],[31.2116975,37.1174444],[31.2117733,37.1173111],[31.2118185,37.1172595],[31.2118712,37.1172126],[31.2119306,37.1171712],[31.2119959,37.1171357],[31.2120659,37.1171069],[31.2121318,37.1170725],[31.2121927,37.1170327],[31.2122482,37.1169881],[31.2122975,37.1169392],[31.2123309,37.1168988],[31.2123602,37.1168564],[31.2124149,37.1167702],[31.2124612,37.1166808],[31.212499,37.116589],[31.2125246,37.1165076],[31.2125434,37.116425],[31.2125554,37.1163416],[31.2125605,37.1162578],[31.212556,37.1161794],[31.2125426,37.1161017],[31.2125203,37.1160253],[31.212507,37.1159875],[31.2124895,37.1159508],[31.2124566,37.1159002],[31.2124157,37.1158535],[31.2123674,37.1158114],[31.2123125,37.1157749],[31.2122521,37.1157444],[31.2120425,37.1156154],[31.2118373,37.1154821],[31.2116365,37.1153445],[31.2114338,37.115198],[31.2112362,37.1150471],[31.2111361,37.1149727],[31.2110437,37.1148921],[31.2109605,37.1148068],[31.210886,37.1147164],[31.2108206,37.1146217],[31.2107907,37.1145731],[31.2107648,37.1145232],[31.2107322,37.1144424],[31.2107099,37.1143596],[31.2106979,37.1142753],[31.2106964,37.1141906],[31.210703,37.1140741],[31.2107196,37.1139583],[31.210746,37.1138436],[31.2107822,37.1137307],[31.2108608,37.1135072],[31.210948,37.1132858],[31.2109748,37.1132113],[31.2110067,37.1131382],[31.2110437,37.1130666],[31.2110946,37.1129832],[31.2111525,37.1129028],[31.211217,37.1128256],[31.2112878,37.1127521],[31.2113878,37.1126815],[31.2114826,37.1126065],[31.2115718,37.1125273],[31.2116553,37.1124441],[31.2117346,37.112355],[31.2118072,37.1122624],[31.211873,37.1121665],[31.211904,37.1121177],[31.2119316,37.1120677],[31.2119693,37.1119833],[31.2119974,37.1118967],[31.2120157,37.1118083],[31.2120241,37.111719],[31.2120415,37.1114935],[31.2120512,37.1114185],[31.2120552,37.1113431],[31.2120536,37.1112677],[31.212044,37.111177],[31.2120263,37.1110871],[31.2120003,37.1109985],[31.2119664,37.1109116],[31.2119313,37.1108049],[31.2119028,37.110697],[31.2118809,37.1105881],[31.2118658,37.1104784],[31.2118359,37.1103704],[31.2118139,37.1102611],[31.2117999,37.110151],[31.211794,37.1100404],[31.2117961,37.1099298],[31.2118074,37.1098112],[31.211828,37.1096934],[31.2118414,37.1096349],[31.2118578,37.1095768],[31.2118934,37.1094774],[31.2119379,37.1093802],[31.211991,37.1092858],[31.2120525,37.1091947],[31.212122,37.1091073],[31.2122748,37.1089331],[31.2124345,37.1087629],[31.2125972,37.1086005],[31.2127662,37.1084421],[31.2129414,37.1082881],[31.213848,37.1077073],[31.2146017,37.107225],[31.2151194,37.1068966],[31.2151858,37.1068514],[31.2152454,37.1068003],[31.2152844,37.1067596],[31.2153189,37.1067163],[31.2153487,37.1066709],[31.2154146,37.1066024],[31.2154729,37.1065296],[31.2155232,37.1064531],[31.215565,37.1063735],[31.2155981,37.1062912],[31.215622,37.1062081],[31.215637,37.1061237],[31.2156429,37.1060385],[31.2156397,37.1059533],[31.2156293,37.1058833],[31.2156119,37.1058142],[31.2155876,37.1057465],[31.2155566,37.1056805],[31.2155177,37.1056153],[31.2154721,37.1055529],[31.2154199,37.1054939],[31.2153617,37.1054386],[31.2152977,37.1053875],[31.2151748,37.105275],[31.2150432,37.105169],[31.2149034,37.1050698],[31.214783,37.1049938],[31.2146579,37.1049229],[31.2145282,37.1048572],[31.2143945,37.1047971],[31.214257,37.1047425],[31.2140726,37.1046608],[31.2138938,37.1045714],[31.2137211,37.1044747],[31.213555,37.1043708],[31.213396,37.1042601],[31.2133367,37.1042205],[31.2132832,37.1041759],[31.2132362,37.1041269],[31.2131962,37.104074],[31.2131642,37.1040187],[31.2131399,37.1039609],[31.2131236,37.1039014],[31.2131155,37.1038408],[31.2131158,37.1037799],[31.2131227,37.1037092],[31.2131367,37.1036391],[31.2131576,37.1035702],[31.2131855,37.1035029],[31.2132287,37.1034224],[31.2132812,37.1033456],[31.2133426,37.1032731],[31.2134124,37.1032056],[31.2134899,37.1031437],[31.2135744,37.1030879],[31.2142745,37.1026429],[31.2145583,37.1025033],[31.2148361,37.1023559],[31.2151073,37.1022012],[31.2153104,37.1020777],[31.2155094,37.10195],[31.2157041,37.1018182],[31.2157952,37.1017784],[31.2158826,37.1017336],[31.2159659,37.101684],[31.2160447,37.10163],[31.2161263,37.1015651],[31.2162014,37.1014954],[31.2162696,37.1014214],[31.2163304,37.1013433],[31.2163866,37.1012559],[31.2164334,37.101165],[31.2164704,37.1010713],[31.2164974,37.1009754],[31.2165141,37.100878],[31.2165603,37.1005705],[31.2165155,37.1002181],[31.2164311,37.1000269],[31.2163533,37.0998339],[31.2162821,37.0996394],[31.2162246,37.0994662],[31.2161723,37.099292],[31.2160595,37.0989452],[31.21602,37.0988262],[31.2159885,37.0987057],[31.2159651,37.0985841],[31.2159499,37.0984616],[31.2159428,37.0983387],[31.2159449,37.0981966],[31.2159368,37.0980546],[31.2159187,37.0979132],[31.2158905,37.0977728],[31.2158701,37.0976941],[31.2158466,37.0976158],[31.2158103,37.0974576],[31.2157815,37.0972985],[31.2157604,37.0971385],[31.2157479,37.0969943],[31.2157417,37.0968498],[31.2157416,37.0967053],[31.2158122,37.0965691],[31.2158747,37.0964304],[31.215929,37.0962895],[31.215975,37.0961468],[31.2160125,37.0960025],[31.2160316,37.0959122],[31.2160474,37.0958215],[31.2160742,37.0956395],[31.216093,37.095457],[31.2161037,37.095274],[31.2161061,37.095065],[31.2160979,37.094856],[31.2160793,37.0946474],[31.2160501,37.0944396],[31.2160315,37.0943667],[31.2160214,37.0942928],[31.2160199,37.0942184],[31.2160268,37.0941442],[31.2160423,37.0940708],[31.2160662,37.0939989],[31.2160922,37.0939406],[31.2161238,37.0938841],[31.2161892,37.093772],[31.2162621,37.0936629],[31.2163424,37.0935571],[31.216435,37.0934494],[31.2165351,37.0933461],[31.2166426,37.0932475],[31.2167569,37.0931541],[31.2168779,37.0930661],[31.217005,37.0929837],[31.2171331,37.0928906],[31.2172691,37.0928048],[31.2174122,37.0927268],[31.2175618,37.0926569],[31.2177171,37.0925954],[31.2178446,37.0925527],[31.2179753,37.0925166],[31.2181087,37.0924873],[31.2182441,37.0924649],[31.2183975,37.0924482],[31.218552,37.0924403],[31.2187068,37.0924414],[31.2189901,37.0923784],[31.2192714,37.0923098],[31.2195253,37.0922426],[31.2197753,37.0921664],[31.2200207,37.0920814],[31.2202612,37.0919878],[31.2204104,37.0919243],[31.2205573,37.0918574],[31.2208486,37.0917204],[31.220975,37.091658],[31.2210958,37.0915889],[31.2212103,37.0915133],[31.2213179,37.0914315],[31.2214015,37.0913595],[31.2214799,37.0912839],[31.2215526,37.0912047],[31.221637,37.091086],[31.2217127,37.0909636],[31.2217794,37.090838],[31.221837,37.0907094],[31.2218777,37.0906008],[31.2219095,37.0904902],[31.2219324,37.0903783],[31.2219462,37.0902654],[31.2219509,37.0901521],[31.2219481,37.0900606],[31.2219393,37.0899694],[31.2219164,37.0897874],[31.2218826,37.0896065],[31.2218408,37.0894383],[31.2218055,37.0892693],[31.2217766,37.0890994],[31.221755,37.0889358],[31.2217393,37.0887717],[31.2217297,37.0886073],[31.2217015,37.088567],[31.2216669,37.08853],[31.2216264,37.0884971],[31.2215957,37.0884772],[31.2215708,37.0884528],[31.2215526,37.0884248],[31.2215419,37.0883944],[31.2215395,37.0883591],[31.2215472,37.0883242],[31.2215647,37.0882917],[31.2220247,37.0875749],[31.222533,37.0869705],[31.2230882,37.0864441],[31.2238781,37.0859274],[31.2243061,37.0857362],[31.2247284,37.0855369],[31.2250419,37.0853818],[31.225352,37.0852224],[31.225474,37.0851629],[31.2255908,37.085097],[31.2257018,37.0850251],[31.2258066,37.0849474],[31.2258997,37.0848688],[31.2259864,37.0847857],[31.2260664,37.0846984],[31.2261392,37.0846072],[31.2261763,37.0845105],[31.2262046,37.084412],[31.226224,37.0843121],[31.2262344,37.0842113],[31.2262364,37.0841478],[31.2262283,37.0840845],[31.2262103,37.0840225],[31.2261827,37.0839629],[31.2261459,37.0839064],[31.2261198,37.0838746],[31.2260907,37.0838444],[31.2260274,37.0837875],[31.2259568,37.0837363],[31.2258838,37.0836937],[31.2258058,37.0836572],[31.2257235,37.0836272],[31.2256052,37.0834738],[31.2254961,37.0833162],[31.2253965,37.0831546],[31.2253064,37.0829896],[31.2252756,37.0829278],[31.2252526,37.082864],[31.2252375,37.0827987],[31.2252304,37.0827325],[31.2252315,37.0826661],[31.2252407,37.0826001],[31.2252554,37.082543],[31.2252762,37.0824871],[31.2253205,37.082376],[31.2253734,37.0822674],[31.2254321,37.0821659],[31.2254983,37.0820674],[31.2255718,37.0819723],[31.2256523,37.0818808],[31.2257396,37.0817934],[31.2258992,37.081531],[31.2260539,37.0812667],[31.2262036,37.0810006],[31.2263755,37.0806808],[31.2265402,37.0803587],[31.2266473,37.0802309],[31.2267635,37.0801084],[31.2268885,37.0799914],[31.2270217,37.0798804],[31.2271579,37.0797791],[31.2273011,37.0796842],[31.2274508,37.0795958],[31.2275406,37.0795476],[31.2276323,37.0795018],[31.2278184,37.0794137],[31.2280087,37.0793315],[31.2281944,37.0792587],[31.2283835,37.0791915],[31.2285756,37.0791302],[31.2287705,37.0790747],[31.2289693,37.0790085],[31.2291652,37.0789368],[31.2293578,37.0788597],[31.229547,37.0787773],[31.2297423,37.0786848],[31.2299333,37.0785867],[31.2301196,37.0784831],[31.230189,37.0784585],[31.2302528,37.0784257],[31.2303094,37.0783853],[31.2303575,37.0783385],[31.2303959,37.0782862],[31.2304132,37.0782541],[31.2304216,37.0782198],[31.2304208,37.0781849],[31.2304106,37.0781508],[31.2303942,37.0781226],[31.2303714,37.0780974],[31.230343,37.078076],[31.2303101,37.0780594],[31.230284,37.0780126],[31.2302669,37.0779633],[31.2302589,37.0779126],[31.2302604,37.0778614],[31.2302715,37.0778103],[31.230292,37.077761],[31.2303215,37.0777147],[31.2303593,37.0776724],[31.2304045,37.0776351],[31.2304562,37.0776036],[31.2306104,37.0774944],[31.2307589,37.0773803],[31.2309016,37.0772616],[31.2310381,37.0771383],[31.2311684,37.0770108],[31.2312779,37.0768948],[31.23138,37.0767745],[31.2314744,37.0766503],[31.2315608,37.0765225],[31.2316391,37.0763913],[31.2316931,37.0762893],[31.2317386,37.0761847],[31.2317754,37.0760779],[31.2318034,37.0759695],[31.2318223,37.0758598],[31.2318322,37.0757493],[31.2318333,37.0756483],[31.2318246,37.0755475],[31.2318061,37.0754476],[31.2317781,37.0753491],[31.2317407,37.0752526],[31.2316941,37.0751587],[31.2316461,37.0750793],[31.2315916,37.0750027],[31.2314982,37.0748432],[31.2314143,37.0746803],[31.23134,37.0745145],[31.2312828,37.0743669],[31.2312332,37.0742174],[31.2311913,37.0740665],[31.2311571,37.0739144],[31.2311308,37.0737612],[31.2310808,37.0735987],[31.2310428,37.0734341],[31.2310168,37.073268],[31.2310076,37.0731746],[31.2310088,37.0730809],[31.2310204,37.0729876],[31.2310423,37.0728956],[31.2310683,37.0728204],[31.2311013,37.0727469],[31.231141,37.0726755],[31.2311871,37.0726067],[31.2313481,37.0724224],[31.2315163,37.0722422],[31.2316916,37.0720664],[31.2318738,37.0718951],[31.2320418,37.0717464],[31.232215,37.0716015],[31.2323933,37.0714606],[31.2325765,37.0713237],[31.232652,37.0712559],[31.23272,37.0711832],[31.2327799,37.0711061],[31.2328313,37.0710252],[31.2328655,37.0709594],[31.2328914,37.0708913],[31.232909,37.0708215],[31.2329181,37.0707507],[31.2329185,37.0706795],[31.2329096,37.0706052],[31.2328913,37.0705319],[31.2328638,37.0704605],[31.2328273,37.0703917],[31.2323794,37.0700311],[31.2323177,37.0699774],[31.2322509,37.0699279],[31.2321792,37.0698829],[31.2321031,37.0698428],[31.2320157,37.0698046],[31.2319244,37.0697729],[31.2318299,37.0697477],[31.231733,37.0697293],[31.2316497,37.0696544],[31.2315596,37.0695847],[31.2314631,37.0695206],[31.2313609,37.0694625],[31.2312535,37.0694107],[31.2311415,37.0693655],[31.2310451,37.069333],[31.2309457,37.0693069],[31.230844,37.0692874],[31.2307405,37.0692745],[31.2306461,37.0692688],[31.2305528,37.0692563],[31.2304611,37.0692373],[31.2303719,37.069212],[31.2302859,37.0691804],[31.2301929,37.0691373],[31.2301051,37.0690877],[31.2300232,37.069032],[31.229948,37.0689706],[31.2298764,37.0689003],[31.2298135,37.0688248],[31.2297598,37.068745],[31.2297159,37.0686614],[31.229687,37.0686094],[31.2296683,37.0685545],[31.2296603,37.068498],[31.2296633,37.0684411],[31.229677,37.0683853],[31.2296964,37.0683409],[31.2297227,37.0682987],[31.2297554,37.0682596],[31.229794,37.068224],[31.229838,37.0681927],[31.229871,37.0681601],[31.229898,37.0681242],[31.2299184,37.0680857],[31.2299306,37.0680507],[31.2299373,37.0680149],[31.2299386,37.0679787],[31.2298527,37.0668807],[31.2298096,37.0665552],[31.2297756,37.066229],[31.2297509,37.0659022],[31.2297355,37.0655751],[31.2297294,37.0652477],[31.229733,37.0648972],[31.2297473,37.0645468],[31.2297723,37.0641969],[31.2297557,37.0641101],[31.2297298,37.0640249],[31.2296947,37.0639417],[31.2296508,37.0638612],[31.2295984,37.0637841],[31.2295378,37.0637109],[31.2294695,37.0636421],[31.2293941,37.0635783],[31.2293209,37.0635258],[31.2292428,37.0634779],[31.2291604,37.063435],[31.2289326,37.0632859],[31.2287109,37.063131],[31.2284955,37.0629705],[31.2282979,37.0628136],[31.2281062,37.0626521],[31.2279208,37.062486],[31.2277418,37.0623155],[31.2276911,37.0622534],[31.2276499,37.0621869],[31.2276189,37.062117],[31.2275985,37.0620447],[31.2275889,37.0619709],[31.2275904,37.0618974],[31.2276026,37.0618246],[31.2276254,37.0617534],[31.2276586,37.0616849],[31.2277016,37.0616199],[31.2278039,37.0615113],[31.2279141,37.0614079],[31.2280321,37.0613099],[31.2281572,37.0612178],[31.228289,37.0611319],[31.2284162,37.0610584],[31.2285483,37.0609907],[31.2286849,37.060929],[31.2288256,37.0608734],[31.2293646,37.0606182],[31.2299346,37.0603531],[31.2305072,37.0600917],[31.2305665,37.0600586],[31.2306197,37.0600194],[31.2306658,37.0599749],[31.230704,37.0599258],[31.2307336,37.0598731],[31.230754,37.0598177],[31.2307621,37.0597809],[31.2307662,37.0597437],[31.2307712,37.0596691],[31.2307689,37.0595944],[31.2307593,37.0595202],[31.2307433,37.0594493],[31.2307207,37.0593796],[31.2306916,37.0593115],[31.2306562,37.0592452],[31.2305635,37.0589679],[31.2305326,37.0588672],[31.2305109,37.0587649],[31.2304986,37.0586617],[31.2304956,37.058558],[31.2305021,37.0584544],[31.2305179,37.0583515],[31.2305413,37.0582556],[31.2305729,37.0581612],[31.2306124,37.0580688],[31.2306598,37.0579787],[31.230813,37.0576087],[31.2309387,37.0573257],[31.231071,37.0570445],[31.2312099,37.0567654],[31.231253,37.0566415],[31.2312864,37.0565157],[31.2313102,37.0563885],[31.2313242,37.0562604],[31.2313283,37.0561319],[31.2313226,37.0560034],[31.2313102,37.0558959],[31.2312909,37.055789],[31.2312707,37.0555738],[31.2312621,37.055358],[31.2312651,37.0551422],[31.2312797,37.0549267],[31.2313048,37.0547182],[31.2313389,37.0545106],[31.2313819,37.054304],[31.2314337,37.0540987],[31.2314942,37.0538949],[31.2315372,37.0537664],[31.2315897,37.0536401],[31.2316514,37.0535166],[31.2317222,37.0533961],[31.231782,37.0533069],[31.2318329,37.0532142],[31.2318744,37.0531185],[31.2319065,37.0530206],[31.2319288,37.0529209],[31.2319404,37.0528303],[31.231944,37.0527392],[31.2319501,37.0525572],[31.231947,37.0523751],[31.2319348,37.0521932],[31.2319135,37.0520119],[31.2318832,37.0518314],[31.2318433,37.0516502],[31.2317944,37.0514705],[31.2317363,37.0512926],[31.2316693,37.0511166],[31.2315935,37.050943],[31.2315835,37.0508547],[31.2315799,37.0507661],[31.2315828,37.0506775],[31.231594,37.050576],[31.2316137,37.0504752],[31.2316418,37.0503757],[31.2317324,37.0502295],[31.2318297,37.0500861],[31.2319337,37.0499457],[31.2320441,37.0498084],[31.2321517,37.0496846],[31.232267,37.0495652],[31.2323896,37.0494506],[31.2325193,37.0493411],[31.2326556,37.0492368],[31.2327774,37.0491521],[31.2328912,37.0490607],[31.2329965,37.048963],[31.2330928,37.0488595],[31.2331796,37.0487508],[31.2332565,37.0486374],[31.233305,37.0485539],[31.2333445,37.0484674],[31.2333747,37.0483785],[31.2333953,37.0482879],[31.2334062,37.0481962],[31.2334073,37.0481042],[31.2333986,37.0480123],[31.2333793,37.0479179],[31.2333496,37.0478252],[31.2333098,37.0477349],[31.2332602,37.0476478],[31.2332011,37.0475645],[31.2331331,37.0474857],[31.23301,37.0473262],[31.2328782,37.0471713],[31.2327379,37.0470211],[31.2325894,37.0468761],[31.232433,37.0467364],[31.232257,37.0465932],[31.2320727,37.0464568],[31.2318805,37.0463276],[31.2317939,37.0462885],[31.2317027,37.0462568],[31.2316079,37.0462329],[31.2315105,37.046217],[31.2314115,37.0462093],[31.231312,37.0462098],[31.2312132,37.0462186],[31.2311161,37.0462355],[31.2310254,37.0462592],[31.2309383,37.0462901],[31.2308553,37.0463277],[31.2307776,37.0463717],[31.2307057,37.0464217],[31.2305648,37.0465228],[31.2304166,37.046617],[31.2302616,37.046704],[31.2301004,37.0467834],[31.2299335,37.0468549],[31.2297615,37.0469184],[31.229654,37.0469532],[31.229543,37.0469804],[31.2294295,37.0469998],[31.2293143,37.0470113],[31.2291983,37.0470147],[31.2290841,37.0470103],[31.2289709,37.046998],[31.2288593,37.046978],[31.2287503,37.0469505],[31.2279913,37.0465202],[31.2279202,37.0464607],[31.227856,37.0463964],[31.2277993,37.0463277],[31.2277503,37.0462554],[31.2277096,37.0461798],[31.2276774,37.0461014],[31.227654,37.0460209],[31.2276397,37.0459391],[31.2276345,37.0458566],[31.2276274,37.0456213],[31.2276318,37.045386],[31.2276476,37.0451511],[31.2276748,37.0449168],[31.2276995,37.0447595],[31.2277294,37.0446028],[31.2277915,37.0442896],[31.2278609,37.0439775],[31.2279376,37.0436665],[31.2279945,37.0434538],[31.2280615,37.043243],[31.2281385,37.0430344],[31.2282253,37.0428283],[31.2283219,37.042625],[31.2284281,37.0424247],[31.2285438,37.0422278],[31.2286659,37.0420388],[31.2287967,37.0418536],[31.2290417,37.041476],[31.2292787,37.0410953],[31.2294618,37.0407896],[31.2296398,37.040482],[31.2298125,37.0401725],[31.229829,37.0401114],[31.2298349,37.0400491],[31.2298301,37.0399867],[31.2298147,37.0399254],[31.229789,37.0398664],[31.2297535,37.0398107],[31.2297135,37.0397641],[31.2296667,37.0397219],[31.2296137,37.0396845],[31.2295554,37.0396527],[31.2294926,37.0396268],[31.2294263,37.0396073],[31.2292396,37.0395827],[31.2290549,37.0395499],[31.2288729,37.0395088],[31.228694,37.0394595],[31.2285321,37.039407],[31.2283664,37.0393626],[31.2281975,37.0393266],[31.2280261,37.039299],[31.2278549,37.0392801],[31.2276825,37.0392695],[31.2275096,37.0392673],[31.2273368,37.0392733],[31.2271777,37.0392862],[31.2270196,37.0393062],[31.2268633,37.0393333],[31.226709,37.0393672],[31.2265573,37.0394079],[31.2264088,37.0394553],[31.2246868,37.0400226],[31.2246109,37.0400393],[31.2245333,37.0400501],[31.2244548,37.0400549],[31.2243761,37.0400536],[31.2242979,37.0400462],[31.2242127,37.040031],[31.22413,37.0400086],[31.2240508,37.0399793],[31.223976,37.0399434],[31.2236111,37.0397759],[31.2232518,37.0396009],[31.2229201,37.03943],[31.2225937,37.0392527],[31.2219294,37.0389123],[31.2212589,37.0385796],[31.2210005,37.0384542],[31.2207467,37.0383231],[31.2204976,37.0381862],[31.2202535,37.0380437],[31.2200146,37.0378958],[31.219781,37.0377425],[31.2195664,37.0375935],[31.2193583,37.0374387],[31.2191569,37.0372784],[31.2189624,37.0371126],[31.2187752,37.0369417],[31.218611,37.0367815],[31.2184532,37.0366174],[31.2183018,37.0364494],[31.2178324,37.0359547],[31.217624,37.0357329],[31.2174245,37.0355059],[31.2172342,37.0352739],[31.2170532,37.0350372],[31.2169056,37.0348306],[31.2167652,37.0346208],[31.2166319,37.0344081],[31.2165061,37.0341925],[31.2164404,37.0340884],[31.216385,37.0339806],[31.2163403,37.0338696],[31.2163063,37.0337563],[31.2162834,37.0336412],[31.2162719,37.0335281],[31.2162698,37.0334146],[31.2162771,37.0333013],[31.2162937,37.0331886],[31.2163196,37.033077],[31.216339,37.0330126],[31.2163615,37.0329489],[31.2164149,37.0328236],[31.2164796,37.0327018],[31.2165553,37.0325841],[31.2166415,37.032471],[31.2166945,37.0324097],[31.2167506,37.0323502],[31.2168509,37.0322245],[31.2169422,37.0320946],[31.217024,37.0319607],[31.2170961,37.0318233],[31.2171517,37.0316993],[31.2171994,37.0315733],[31.217312,37.0313259],[31.2174341,37.0310814],[31.2174889,37.0309781],[31.2175522,37.030878],[31.2176236,37.0307814],[31.2177028,37.0306888],[31.2177895,37.0306006],[31.2178834,37.0305172],[31.217973,37.0304469],[31.2180676,37.030381],[31.218167,37.0303196],[31.2184464,37.0301183],[31.2187216,37.0299133],[31.2189641,37.0297269],[31.219203,37.0295375],[31.2192624,37.029486],[31.2193145,37.0294297],[31.2193589,37.0293692],[31.2193949,37.0293054],[31.2194222,37.0292388],[31.2194404,37.0291703],[31.2194489,37.0291082],[31.2194499,37.0290457],[31.2194435,37.0289834],[31.2194297,37.0289219],[31.2190488,37.0282228],[31.2185808,37.0274755],[31.2184454,37.0273107],[31.2183032,37.0271497],[31.2181543,37.0269926],[31.2180661,37.0269044],[31.2179701,37.0268216],[31.2178668,37.0267445],[31.2177568,37.0266736],[31.2176406,37.0266093],[31.2175654,37.0265726],[31.2174881,37.0265387],[31.2173315,37.0264741],[31.2171713,37.0264155],[31.2170827,37.0263862],[31.2169906,37.0263653],[31.216896,37.0263531],[31.2168003,37.0263497],[31.2167048,37.0263552],[31.2166107,37.0263694],[31.2165288,37.0263895],[31.21645,37.0264162],[31.2163751,37.0264492],[31.2163049,37.0264883],[31.2158851,37.0269412],[31.2156999,37.0271363],[31.2155061,37.027326],[31.215304,37.0275102],[31.2150939,37.0276885],[31.2149205,37.0278266],[31.2147411,37.0279598],[31.2145561,37.0280879],[31.214406,37.0281854],[31.2142526,37.0282795],[31.2139419,37.0284637],[31.2136811,37.0286094],[31.2134136,37.0287472],[31.2131399,37.0288769],[31.2129912,37.0289429],[31.212838,37.0290019],[31.2126808,37.0290539],[31.2125202,37.0290987],[31.2123567,37.029136],[31.212172,37.0291688],[31.2119851,37.0291921],[31.2116124,37.0292431],[31.2115224,37.0292546],[31.2114314,37.0292589],[31.2113404,37.0292559],[31.2112502,37.0292455],[31.2111617,37.029228],[31.2110759,37.0292035],[31.2109951,37.0291728],[31.210919,37.0291352],[31.2108487,37.029091],[31.2107849,37.0290408],[31.2107286,37.0289853],[31.2106803,37.0289251],[31.210642,37.0288633],[31.2106122,37.0287985],[31.2105913,37.0287316],[31.2105795,37.0286633],[31.210577,37.0285943],[31.2105821,37.0284211],[31.2105948,37.0282481],[31.210615,37.0280756],[31.2106428,37.0279037],[31.2106884,37.0276885],[31.2107459,37.0274751],[31.2108151,37.027264],[31.2108959,37.0270555],[31.2109881,37.02685],[31.2110915,37.026648],[31.211206,37.0264497],[31.2112895,37.0263158],[31.2113831,37.0261863],[31.2114867,37.0260616],[31.2115997,37.0259424],[31.2117218,37.0258289],[31.2118524,37.0257217],[31.2119696,37.025636],[31.2120804,37.0255451],[31.2121846,37.0254493],[31.2122818,37.0253489],[31.2123717,37.0252443],[31.212454,37.0251357],[31.2125283,37.0250236],[31.2125824,37.0249308],[31.2126274,37.0248349],[31.2126628,37.0247366],[31.2126886,37.0246363],[31.2127046,37.0245348],[31.2127107,37.0244326],[31.2127074,37.0243362],[31.2126952,37.0242403],[31.2126743,37.0241454],[31.2126448,37.024052],[31.2126068,37.0239605],[31.2125605,37.0238715],[31.2117666,37.0224753],[31.2116387,37.0222417],[31.2115019,37.0220115],[31.2113562,37.0217846],[31.2112617,37.0216461],[31.2111604,37.0215106],[31.2110524,37.0213785],[31.2109379,37.0212499],[31.2108171,37.0211251],[31.2107296,37.0210406],[31.2106392,37.0209582],[31.2104558,37.020795],[31.2102672,37.0206357],[31.2101879,37.0205711],[31.2101023,37.0205118],[31.2100111,37.0204581],[31.2099147,37.0204105],[31.209814,37.0203691],[31.2096958,37.0203304],[31.2095738,37.0203003],[31.2094488,37.0202792],[31.209322,37.0202671],[31.2091944,37.0202642],[31.2090142,37.0202484],[31.2088352,37.0202259],[31.2086577,37.0201965],[31.2084822,37.0201603],[31.208288,37.0201118],[31.2080974,37.020055],[31.2077098,37.0199565],[31.2073195,37.0198648],[31.2069022,37.0197749],[31.2064823,37.0196928],[31.2060602,37.0196185],[31.2058179,37.0195594],[31.2055784,37.0194934],[31.205342,37.0194205],[31.2051092,37.0193408],[31.20488,37.0192544],[31.2047166,37.0191878],[31.2045579,37.0191141],[31.2044046,37.0190335],[31.204257,37.0189464],[31.2041156,37.0188529],[31.203986,37.0187574],[31.2038629,37.0186566],[31.2036036,37.0184659],[31.2033378,37.0182811],[31.2030866,37.0181156],[31.2028302,37.0179552],[31.2025687,37.0178001],[31.2023024,37.0176504],[31.2020869,37.0175203],[31.2018659,37.0173963],[31.2016395,37.0172786],[31.201408,37.0171673],[31.2011719,37.0170625],[31.2010246,37.0170015],[31.2008756,37.016943],[31.2005747,37.0168312],[31.2002693,37.0167273],[31.2000731,37.0166655],[31.1998728,37.0166126],[31.1996691,37.0165687],[31.1994627,37.0165341],[31.1992541,37.0165089],[31.1990902,37.0164957],[31.1989276,37.0164747],[31.1987669,37.0164459],[31.1986087,37.0164094],[31.1984535,37.0163654],[31.1983085,37.0163164],[31.1981673,37.0162609],[31.1980304,37.0161989],[31.1979369,37.0161113],[31.1978503,37.0160193],[31.1977707,37.0159233],[31.1976986,37.0158237],[31.197634,37.0157208],[31.1975713,37.0156024],[31.1975187,37.015481],[31.1974765,37.015357],[31.1974448,37.0152311],[31.1974238,37.0151037],[31.1974135,37.0149754],[31.1974141,37.014847],[31.1973308,37.0146641],[31.1972568,37.0144788],[31.1971921,37.0142912],[31.1971367,37.0141018],[31.1970909,37.0139107],[31.1970547,37.0137183],[31.1970259,37.0135051],[31.1970089,37.0132911],[31.1969517,37.0128649],[31.196883,37.0124397],[31.1968269,37.0121362],[31.196765,37.0118335],[31.1967288,37.0117661],[31.1966848,37.0117016],[31.1966335,37.0116407],[31.1965754,37.0115839],[31.1965108,37.0115317],[31.1964405,37.0114844],[31.1963786,37.0114496],[31.1963136,37.0114187],[31.1961822,37.0113591],[31.1960466,37.0113057],[31.1959073,37.0112587],[31.1957649,37.0112183],[31.1956197,37.0111846],[31.1954721,37.0111577],[31.1953227,37.0111378],[31.1951722,37.0111248],[31.1950209,37.011119],[31.1948695,37.0111202],[31.1947185,37.0111285],[31.1945683,37.0111439],[31.194501,37.0111416],[31.1944348,37.0111314],[31.1943712,37.0111137],[31.1943115,37.0110888],[31.194257,37.0110573],[31.1942089,37.0110197],[31.1941663,37.0109747],[31.1941328,37.0109252],[31.1941092,37.0108721],[31.194096,37.0108168],[31.1940935,37.0107605],[31.1940784,37.0105605],[31.1940712,37.0103602],[31.1940717,37.0101598],[31.1940801,37.0099595],[31.1940955,37.0097675],[31.1941181,37.0095759],[31.1941478,37.009385],[31.1941866,37.0091362],[31.1941979,37.0090783],[31.1942183,37.0090219],[31.1942476,37.0089682],[31.1942853,37.0089178],[31.1943307,37.0088718],[31.1943832,37.0088307],[31.1944483,37.008792],[31.1945197,37.008761],[31.1946612,37.008698],[31.1948072,37.0086419],[31.1949572,37.008593],[31.1950848,37.0085578],[31.1952153,37.0085299],[31.1953479,37.0085096],[31.1954819,37.0084968],[31.1956168,37.0084917],[31.1957518,37.0084942],[31.1958862,37.0085045],[31.1960193,37.0085223],[31.1961006,37.0085371],[31.1961835,37.0085438],[31.1962668,37.0085425],[31.1963493,37.0085332],[31.1964297,37.0085159],[31.196497,37.0084946],[31.1965611,37.0084678],[31.1966214,37.0084357],[31.196677,37.0083988],[31.1967275,37.0083574],[31.1968501,37.0082679],[31.1969664,37.0081732],[31.197076,37.0080735],[31.1971786,37.0079691],[31.1972738,37.0078604],[31.1973613,37.0077477],[31.1974409,37.0076313],[31.1975089,37.0075178],[31.1975676,37.007401],[31.1976166,37.0072814],[31.1976558,37.0071595],[31.197685,37.0070358],[31.197705,37.006903],[31.1977134,37.0067695],[31.1977104,37.0066357],[31.1976957,37.0065025],[31.1976635,37.0060923],[31.1976411,37.0056817],[31.1976287,37.0052709],[31.1976264,37.0050954],[31.1976351,37.00492],[31.197655,37.0047452],[31.1976858,37.0045715],[31.1977275,37.0043992],[31.19778,37.0042287],[31.1978433,37.0040607],[31.1979009,37.0039293],[31.1979676,37.0038006],[31.1980432,37.0036752],[31.1981274,37.0035533],[31.19822,37.0034353],[31.1983207,37.0033217],[31.1984248,37.0032168],[31.1985359,37.0031165],[31.1986535,37.0030211],[31.1987773,37.0029308],[31.198907,37.002846],[31.1990422,37.0027669],[31.1991639,37.0026593],[31.1992773,37.0025461],[31.1993821,37.0024277],[31.1994778,37.0023046],[31.1995641,37.002177],[31.1996407,37.0020456],[31.1997073,37.0019108],[31.1997637,37.001773],[31.1998083,37.0016378],[31.199843,37.0015007],[31.1998677,37.0013623],[31.1998825,37.001223],[31.1998871,37.0010832],[31.1999053,37.0009851],[31.1999139,37.0008862],[31.1999128,37.0007871],[31.1999022,37.0006883],[31.1998819,37.0005904],[31.1998522,37.0004942],[31.1998218,37.0004187],[31.1997857,37.000345],[31.1997286,37.0001933],[31.1996813,37.0000396],[31.1996438,36.9998841],[31.1996162,36.9997273],[31.1995984,36.9995677],[31.1995909,36.9994077],[31.1995937,36.9992475],[31.1995786,36.9987676],[31.1995765,36.9986677],[31.1995644,36.9985682],[31.1995427,36.9984698],[31.1995112,36.9983731],[31.1994704,36.9982787],[31.1994204,36.9981871],[31.1993746,36.9981171],[31.1993234,36.9980496],[31.1992164,36.9979169],[31.1990995,36.9977897],[31.1989734,36.9976682],[31.1988384,36.997553],[31.1986982,36.9974468],[31.1985504,36.9973472],[31.1983957,36.9972548],[31.1982344,36.9971698],[31.1980672,36.9970924],[31.1978946,36.997023],[31.1977172,36.9969618],[31.1976208,36.9969263],[31.1975211,36.9968972],[31.1974188,36.9968748],[31.1973146,36.996859],[31.197209,36.9968502],[31.197103,36.9968482],[31.1970263,36.9968511],[31.19695,36.9968576],[31.1967966,36.9968603],[31.1966433,36.9968561],[31.1964905,36.9968452],[31.1963387,36.9968276],[31.1961883,36.9968032],[31.1960237,36.9967685],[31.195862,36.9967257],[31.1957039,36.9966751],[31.19555,36.9966169],[31.1952499,36.9965319],[31.1949464,36.9964553],[31.1946397,36.9963871],[31.1943302,36.9963274],[31.1940184,36.9962763],[31.1936864,36.9962315],[31.1933526,36.9961965],[31.1930174,36.9961711],[31.1926813,36.9961556],[31.1923447,36.9961499],[31.1921888,36.9961317],[31.1920346,36.9961054],[31.1918829,36.9960713],[31.1917343,36.9960293],[31.1915894,36.9959797],[31.1914489,36.9959228],[31.191372,36.9958876],[31.1912967,36.9958502],[31.1911503,36.9957706],[31.19101,36.9956841],[31.1908763,36.9955912],[31.1907498,36.9954921],[31.1906308,36.9953872],[31.1905209,36.9952781],[31.1904193,36.995164],[31.1903261,36.9950453],[31.1902419,36.9949225],[31.1901668,36.994796],[31.1901265,36.9946051],[31.1900946,36.9944133],[31.190071,36.9942207],[31.1900557,36.9940275],[31.1900488,36.9938341],[31.190049,36.9936905],[31.1900539,36.9935469],[31.1900684,36.99326],[31.1900924,36.9929734],[31.1901257,36.9926874],[31.1901684,36.9924023],[31.1902204,36.9921181],[31.1902762,36.9918591],[31.1903396,36.9916013],[31.1904108,36.9913447],[31.190452,36.9912695],[31.1905005,36.9911972],[31.1905561,36.9911282],[31.1906184,36.991063],[31.1906871,36.9910019],[31.1907681,36.9909411],[31.1908555,36.990886],[31.1909484,36.9908372],[31.1910463,36.9907951],[31.1911485,36.9907599],[31.1932433,36.9899607],[31.1942437,36.9896287],[31.1943725,36.9895989],[31.1945039,36.9895775],[31.194637,36.9895647],[31.194771,36.9895606],[31.194905,36.9895653],[31.195038,36.9895786],[31.1951692,36.9896005],[31.1952978,36.9896308],[31.1953894,36.9896581],[31.1954788,36.9896898],[31.1956556,36.9897563],[31.1958277,36.9898302],[31.1959947,36.9899113],[31.1961561,36.9899993],[31.1962968,36.9900846],[31.1964321,36.9901752],[31.1967153,36.9903437],[31.1970053,36.9905045],[31.1973018,36.9906576],[31.1976045,36.9908027],[31.1979045,36.990936],[31.1982097,36.9910614],[31.1985199,36.9911788],[31.1988346,36.9912881],[31.1991537,36.9913891],[31.1994767,36.9914818],[31.1997661,36.991557],[31.2000581,36.9916254],[31.2003524,36.991687],[31.2006488,36.9917419],[31.2009471,36.9917899],[31.201247,36.991831],[31.2013431,36.9918399],[31.2014398,36.9918407],[31.2015361,36.9918334],[31.2016309,36.9918181],[31.2017232,36.9917949],[31.2018119,36.9917641],[31.2018961,36.9917261],[31.20197,36.9916842],[31.2020385,36.9916367],[31.2021007,36.9915841],[31.2021562,36.9915268],[31.2023155,36.9912793],[31.2024822,36.991035],[31.2026562,36.9907939],[31.2028375,36.9905563],[31.2029473,36.9904184],[31.2030481,36.9902761],[31.2031394,36.9901299],[31.203221,36.98998],[31.2032929,36.989827],[31.2033546,36.9896712],[31.2034062,36.989513],[31.2034405,36.9893824],[31.2034664,36.9892507],[31.2034838,36.989118],[31.2034925,36.9889848],[31.2034925,36.9888514],[31.2034839,36.9887182],[31.20347,36.988606],[31.2034499,36.9884944],[31.2034076,36.9882714],[31.2033573,36.9880496],[31.2032989,36.987829],[31.2032443,36.9876471],[31.2031786,36.9874675],[31.2031019,36.9872907],[31.2030144,36.9871172],[31.2029164,36.9869472],[31.202808,36.9867814],[31.2027302,36.9866733],[31.2026479,36.9865673],[31.2024964,36.9863492],[31.2023536,36.9861275],[31.2022196,36.9859022],[31.2020946,36.9856737],[31.2020162,36.9855196],[31.201942,36.9853642],[31.2017981,36.985052],[31.201663,36.9847373],[31.2015367,36.9844203],[31.2014167,36.984094],[31.2013061,36.9837656],[31.2010834,36.9831091],[31.2009513,36.9827076],[31.2008261,36.9823048],[31.2007079,36.9819006],[31.2005711,36.9813991],[31.200445,36.9808958],[31.2004028,36.9807355],[31.2003513,36.9805771],[31.2002904,36.9804208],[31.2002203,36.9802669],[31.2001413,36.9801159],[31.2000534,36.979968],[31.1999605,36.9798287],[31.1998598,36.979693],[31.1996725,36.9794152],[31.1995781,36.9792703],[31.1994898,36.9791229],[31.1994077,36.9789733],[31.1993319,36.9788216],[31.1992738,36.9786943],[31.1992235,36.9785649],[31.1991812,36.9784337],[31.1991468,36.978301],[31.1991165,36.9781419],[31.1990977,36.9779818],[31.1990905,36.977821],[31.1989533,36.9775129],[31.1988276,36.9772017],[31.1987921,36.9771076],[31.1987658,36.9770115],[31.1987491,36.976914],[31.198742,36.9768158],[31.1987445,36.9767175],[31.1987576,36.9766143],[31.1987813,36.9765122],[31.1988154,36.9764121],[31.1988598,36.9763146],[31.1989231,36.9761901],[31.1989778,36.9760629],[31.1990238,36.9759336],[31.199061,36.9758025],[31.199087,36.9756818],[31.1991056,36.9755601],[31.1991166,36.9754379],[31.199179,36.975074],[31.1992541,36.9746813],[31.1993372,36.9742897],[31.1992806,36.9740772],[31.199235,36.973863],[31.1992006,36.9736475],[31.1991775,36.973431],[31.1991656,36.973214],[31.1991639,36.9730678],[31.1991674,36.9729217],[31.1991608,36.9726295],[31.1991458,36.9723375],[31.1991223,36.9720458],[31.1990905,36.9717547],[31.1990415,36.971408],[31.1989805,36.9710625],[31.1989309,36.9710018],[31.1988743,36.9709452],[31.1988112,36.9708931],[31.1987422,36.9708461],[31.1986679,36.9708046],[31.1985889,36.9707689],[31.1985236,36.9707451],[31.1984563,36.9707252],[31.1983872,36.9707095],[31.1981825,36.9706571],[31.1979751,36.9706119],[31.1977655,36.9705739],[31.1975329,36.9705406],[31.1972986,36.9705164],[31.1970631,36.9705014],[31.1968269,36.9704955],[31.1965907,36.9704989],[31.1964522,36.9705052],[31.1963145,36.9705187],[31.1961782,36.9705392],[31.1960439,36.9705668],[31.1959121,36.9706013],[31.1957833,36.9706425],[31.1956817,36.9706807],[31.1955827,36.9707232],[31.1954866,36.9707697],[31.195194,36.9709029],[31.1949057,36.971042],[31.1946219,36.9711868],[31.1945172,36.9712423],[31.1944179,36.9713038],[31.1943246,36.9713711],[31.1942378,36.9714436],[31.1941579,36.9715211],[31.1941128,36.9715706],[31.1940705,36.9716217],[31.1939929,36.9717272],[31.1939254,36.9718371],[31.1938686,36.9719508],[31.1938226,36.9720675],[31.193793,36.972166],[31.1937712,36.9722658],[31.1937572,36.9723665],[31.1937511,36.9724677],[31.1937529,36.972569],[31.193768,36.9726851],[31.1937746,36.9728018],[31.1937726,36.9729185],[31.193762,36.973035],[31.1937429,36.9731507],[31.1937153,36.9732654],[31.1936929,36.9733394],[31.1936668,36.9734127],[31.1936067,36.9735571],[31.1935351,36.9736982],[31.1934525,36.9738354],[31.1934144,36.9738918],[31.1933678,36.973944],[31.1933133,36.973991],[31.1932518,36.9740322],[31.1931843,36.9740668],[31.1931066,36.9740961],[31.1930247,36.9741166],[31.1929401,36.9741282],[31.1928542,36.9741305],[31.1927688,36.9741236],[31.1926854,36.9741076],[31.1924049,36.9740389],[31.1921217,36.9739781],[31.191836,36.9739253],[31.1915481,36.9738804],[31.1913405,36.9738532],[31.1911322,36.9738302],[31.1907147,36.9737889],[31.190296,36.9737568],[31.1898763,36.9737337],[31.189456,36.9737197],[31.1891954,36.9737156],[31.1889351,36.9737046],[31.1886754,36.9736866],[31.1884167,36.9736616],[31.1881591,36.9736298],[31.187903,36.9735911],[31.1877075,36.9735568],[31.1875131,36.9735184],[31.187125,36.9734399],[31.1867389,36.9733554],[31.1865456,36.9733108],[31.1863549,36.9732594],[31.1861673,36.9732014],[31.185983,36.9731369],[31.1858023,36.9730661],[31.1856258,36.972989],[31.1854565,36.9729072],[31.1852922,36.9728192],[31.1851333,36.9727251],[31.1849801,36.972625],[31.1848331,36.9725194],[31.1846924,36.9724083],[31.184596,36.9723258],[31.1845032,36.9722407],[31.1843207,36.9720684],[31.1841452,36.9718917],[31.1839766,36.9717106],[31.1838153,36.9715254],[31.1836537,36.9713265],[31.1835001,36.9711236],[31.1833545,36.970917],[31.1832172,36.9707068],[31.1831222,36.9705513],[31.1830342,36.9703933],[31.1829531,36.9702329],[31.1828792,36.9700703],[31.1828213,36.9699286],[31.1827687,36.9697856],[31.1826496,36.969503],[31.1825219,36.9692229],[31.1823857,36.9689453],[31.1822772,36.9687373],[31.1821595,36.9685326],[31.1820327,36.9683313],[31.1818971,36.9681338],[31.1817527,36.9679402],[31.1816248,36.967781],[31.1814911,36.9676248],[31.1812203,36.9673145],[31.1809507,36.9670203],[31.1806865,36.966723],[31.1805151,36.9665252],[31.1803509,36.9663236],[31.1801938,36.9661184],[31.1800441,36.9659097],[31.1798844,36.9656706],[31.1796505,36.9653011],[31.1795767,36.9651707],[31.1795131,36.965037],[31.1794599,36.9649004],[31.1794173,36.9647614],[31.1793856,36.9646206],[31.1793724,36.9645395],[31.1793628,36.9644581],[31.1793505,36.9642949],[31.1793489,36.9641313],[31.1793579,36.9639679],[31.1793776,36.9638052],[31.179402,36.9636706],[31.1794348,36.9635372],[31.1794759,36.9634053],[31.1795253,36.9632752],[31.1795828,36.9631472],[31.1796549,36.96301],[31.1797363,36.9628761],[31.1797756,36.9628232],[31.179819,36.9627628],[31.1798268,36.962746],[31.1799261,36.96262],[31.1799536,36.9625475],[31.1799739,36.9624735],[31.1799869,36.9623985],[31.1799924,36.9623228],[31.1799905,36.9622471],[31.1799823,36.9621787],[31.179968,36.9621109],[31.1799348,36.961976],[31.1798912,36.9618431],[31.1798347,36.9617069],[31.1797671,36.961574],[31.1796889,36.9614449],[31.1796002,36.9613202],[31.1794613,36.9609279],[31.1793172,36.9605368],[31.1792546,36.9603717],[31.1791813,36.9602093],[31.1790975,36.9600503],[31.1790034,36.9598949],[31.1789228,36.9597762],[31.1788361,36.9596603],[31.1787436,36.9595473],[31.1786453,36.9594373],[31.1785215,36.9592202],[31.1784061,36.9590001],[31.1782993,36.9587772],[31.1782115,36.9585764],[31.1781307,36.9583736],[31.1779574,36.9579714],[31.1778201,36.9576613],[31.1776757,36.9573534],[31.1775242,36.9570476],[31.1773957,36.9568005],[31.1772569,36.9565571],[31.1771079,36.9563175],[31.1769488,36.956082],[31.1767807,36.9558519],[31.17662,36.9556185],[31.1764668,36.9553819],[31.1763212,36.9551422],[31.1762296,36.9549828],[31.1761414,36.9548222],[31.175967,36.9545003],[31.1757982,36.9541766],[31.1756742,36.9539305],[31.1755588,36.9536818],[31.1754522,36.9534307],[31.1753744,36.9532314],[31.1753073,36.9530297],[31.175251,36.9528259],[31.1752054,36.9526204],[31.1751803,36.9524778],[31.1751625,36.9523345],[31.1751518,36.9521907],[31.175149,36.9521113],[31.1751557,36.9520321],[31.175172,36.9519538],[31.1751975,36.9518771],[31.1752322,36.9518027],[31.1752788,36.9517268],[31.1753349,36.9516551],[31.1753999,36.9515884],[31.1755744,36.9514968],[31.1757448,36.9514003],[31.1759108,36.951299],[31.1760776,36.9511895],[31.1762392,36.9510751],[31.176562,36.9508461],[31.1768791,36.950612],[31.1770737,36.9504637],[31.177266,36.9503135],[31.1776598,36.9500208],[31.1780606,36.9497342],[31.1784133,36.9494909],[31.178771,36.9492522],[31.1791335,36.9490183],[31.1797068,36.9486749],[31.1802869,36.9483388],[31.1808783,36.9480075],[31.1814764,36.9476839],[31.1815952,36.9476165],[31.181708,36.947543],[31.1818144,36.9474635],[31.1819139,36.9473785],[31.1820061,36.9472884],[31.1820955,36.9471877],[31.1821748,36.9470817],[31.1822435,36.9469711],[31.1823012,36.9468565],[31.1823406,36.9467586],[31.1823721,36.9466588],[31.1824351,36.9464593],[31.1824903,36.9462584],[31.1825237,36.9461194],[31.182549,36.9459792],[31.1825662,36.9458383],[31.1825752,36.9456969],[31.1825761,36.9455553],[31.1825702,36.9454324],[31.1825582,36.9453097],[31.1825345,36.9450644],[31.182506,36.9448255],[31.1824845,36.9445861],[31.1824702,36.9443463],[31.1824636,36.9441414],[31.1824622,36.9439363],[31.1824581,36.9435263],[31.1824575,36.9433579],[31.1824676,36.9431896],[31.1824884,36.943022],[31.1825198,36.9428554],[31.1825409,36.942767],[31.182565,36.9426791],[31.1826008,36.9425014],[31.1826271,36.9423226],[31.1826451,36.9421232],[31.1826527,36.9419234],[31.1826499,36.9417235],[31.1826416,36.9415836],[31.1826283,36.941444],[31.1825976,36.941165],[31.1825765,36.9410097],[31.1825652,36.9408537],[31.1825639,36.9406974],[31.1825724,36.9405413],[31.1825909,36.9403858],[31.1826174,36.940239],[31.1826528,36.9400935],[31.1826968,36.9399495],[31.1827244,36.9398333],[31.182744,36.9397161],[31.1827553,36.9395982],[31.1827585,36.93948],[31.182756,36.9393994],[31.1827496,36.9393189],[31.1827328,36.9391582],[31.182708,36.9389981],[31.1826754,36.938839],[31.1826347,36.9386804],[31.1825862,36.9385232],[31.18253,36.9383677],[31.1824661,36.9382141],[31.1823229,36.9378042],[31.1821711,36.9373962],[31.1820437,36.9370718],[31.1819109,36.9367487],[31.1818319,36.9365528],[31.1817425,36.9363597],[31.1816427,36.9361699],[31.1815789,36.9360593],[31.1815074,36.9359518],[31.1814284,36.9358476],[31.1813422,36.9357472],[31.181249,36.9356509],[31.1811492,36.9355589],[31.1810726,36.9354949],[31.1809927,36.9354335],[31.1808281,36.935315],[31.1806556,36.9352037],[31.1804759,36.9351001],[31.1803323,36.9350253],[31.1801848,36.9349553],[31.1798877,36.9348186],[31.179585,36.93469],[31.179277,36.9345696],[31.178964,36.9344577],[31.1786465,36.9343543],[31.1783248,36.9342597],[31.1780161,36.9341779],[31.1777042,36.9341042],[31.1773895,36.9340385],[31.1770724,36.933981],[31.176753,36.9339316],[31.1764567,36.9339302],[31.1761605,36.9339217],[31.1758648,36.9339062],[31.1755697,36.9338838],[31.1752756,36.9338543],[31.1749828,36.933818],[31.1747214,36.9337795],[31.1744623,36.9337324],[31.1742058,36.9336768],[31.1739524,36.9336128],[31.1737025,36.9335405],[31.1734566,36.9334599],[31.1732579,36.9333878],[31.1730638,36.9333079],[31.1728749,36.9332205],[31.1726916,36.9331258],[31.1725143,36.933024],[31.1723435,36.9329154],[31.1722318,36.9328382],[31.1721273,36.9327548],[31.1720305,36.9326657],[31.1719419,36.9325714],[31.1718618,36.9324722],[31.1717909,36.9323687],[31.1717293,36.9322615],[31.1716811,36.9321597],[31.1716413,36.9320557],[31.1715643,36.9318472],[31.1714982,36.9316363],[31.1714432,36.9314233],[31.1713994,36.9312087],[31.1713673,36.9309971],[31.1713462,36.9307845],[31.171336,36.9305715],[31.1713367,36.9303583],[31.1713484,36.9301453],[31.1713494,36.9300802],[31.1713593,36.9300155],[31.1713777,36.9299521],[31.1714047,36.9298907],[31.1714397,36.9298319],[31.1714825,36.9297765],[31.1715171,36.9297397],[31.1715551,36.9297052],[31.1716344,36.9296386],[31.1717198,36.929577],[31.171811,36.9295209],[31.1719072,36.9294706],[31.172008,36.9294263],[31.1721128,36.9293884],[31.1722222,36.9293568],[31.1723343,36.929332],[31.1724485,36.9293143],[31.1725641,36.9293037],[31.1726804,36.9293004],[31.1727966,36.9293044],[31.1729121,36.9293155],[31.1731187,36.9292556],[31.173321,36.929187],[31.1735183,36.9291097],[31.1737051,36.9290265],[31.1738868,36.9289364],[31.1740632,36.9288397],[31.1742337,36.9287366],[31.1743981,36.9286273],[31.1745141,36.9285435],[31.1746237,36.9284544],[31.1747263,36.9283601],[31.1748216,36.9282611],[31.1749093,36.9281576],[31.1749891,36.9280501],[31.1750606,36.927939],[31.1751232,36.9278253],[31.1751772,36.9277088],[31.1752846,36.9274758],[31.1753825,36.9272401],[31.1754709,36.927002],[31.1755221,36.9268498],[31.1755651,36.926696],[31.1756,36.926541],[31.1756268,36.9263848],[31.1756453,36.926228],[31.1756546,36.926093],[31.1756544,36.9259579],[31.1756447,36.925823],[31.1756257,36.9256888],[31.1755972,36.9255556],[31.1755595,36.9254239],[31.1755336,36.925349],[31.1755047,36.9252748],[31.17544,36.9251283],[31.1753654,36.9249849],[31.1752811,36.9248449],[31.1751875,36.9247088],[31.1750847,36.9245769],[31.1750102,36.9244903],[31.1749317,36.9244059],[31.174769,36.9242408],[31.174597,36.9240818],[31.174416,36.9239293],[31.1742264,36.9237836],[31.1740691,36.9236723],[31.1739056,36.923567],[31.1737363,36.9234678],[31.1735613,36.9233749],[31.1733813,36.9232885],[31.1731964,36.9232089],[31.1730228,36.9231418],[31.1728458,36.9230806],[31.1724913,36.9229592],[31.1721333,36.9228446],[31.1717719,36.922737],[31.1714074,36.9226364],[31.1711469,36.9225692],[31.1708851,36.9225057],[31.1703599,36.9223824],[31.1698321,36.9222666],[31.1694847,36.9221956],[31.1693019,36.9221582],[31.1691218,36.9221232],[31.1689441,36.922081],[31.1687693,36.9220318],[31.1685979,36.9219756],[31.1684301,36.9219126],[31.1682665,36.921843],[31.168132,36.9217791],[31.1680025,36.9217089],[31.1678786,36.9216325],[31.1677608,36.9215501],[31.1676495,36.9214622],[31.167545,36.9213691],[31.1674492,36.9212724],[31.1673608,36.9211714],[31.1671861,36.9209682],[31.1670212,36.9207599],[31.1668663,36.9205468],[31.1667216,36.9203291],[31.1666242,36.9201703],[31.1665174,36.9200155],[31.1664012,36.9198651],[31.1662761,36.9197193],[31.1661422,36.9195786],[31.1660186,36.9194602],[31.1659021,36.9193373],[31.1657929,36.9192102],[31.1656913,36.9190791],[31.1655975,36.9189443],[31.1655117,36.9188062],[31.1654341,36.918665],[31.1653635,36.918518],[31.1653018,36.9183685],[31.1652491,36.9182167],[31.1652056,36.9180632],[31.1651713,36.9179081],[31.1651261,36.9176756],[31.1650713,36.9174444],[31.1650071,36.9172148],[31.1649334,36.916987],[31.1648505,36.9167612],[31.1647582,36.9165378],[31.1646642,36.9163323],[31.1645624,36.9161292],[31.1644529,36.9159288],[31.1643357,36.9157311],[31.164211,36.9155363],[31.1641512,36.9154145],[31.1640822,36.9152957],[31.1640043,36.9151806],[31.1639178,36.9150694],[31.1638229,36.9149627],[31.1637202,36.9148608],[31.1636023,36.9147578],[31.1634763,36.9146612],[31.1632277,36.9144653],[31.1629745,36.9142732],[31.1628405,36.9141744],[31.1627132,36.9140701],[31.1625929,36.9139606],[31.1624799,36.9138463],[31.1623745,36.9137273],[31.1622772,36.9136041],[31.162202,36.913498],[31.1621327,36.9133894],[31.1619977,36.9131707],[31.1618723,36.9129484],[31.1617568,36.9127227],[31.1616688,36.9125337],[31.1615711,36.9123477],[31.1614639,36.9121651],[31.1613474,36.9119862],[31.1612218,36.9118113],[31.1610873,36.9116406],[31.1609441,36.9114745],[31.16085,36.9113729],[31.1607506,36.9112745],[31.160646,36.9111797],[31.1605364,36.9110885],[31.1603915,36.9109791],[31.1602395,36.9108761],[31.1600808,36.9107797],[31.1599159,36.9106903],[31.1597452,36.9106081],[31.1595786,36.9105371],[31.1594169,36.9104594],[31.1592604,36.9103751],[31.1591095,36.9102845],[31.1589646,36.9101878],[31.1588194,36.9100799],[31.1586817,36.9099659],[31.1585519,36.9098462],[31.1584304,36.909721],[31.1583175,36.9095907],[31.1582136,36.9094558],[31.158119,36.9093165],[31.1580339,36.9091734],[31.1578456,36.9089662],[31.1576491,36.9087641],[31.1574444,36.9085671],[31.1572319,36.9083755],[31.1570379,36.908211],[31.1568382,36.908051],[31.1566328,36.9078956],[31.1564219,36.907745],[31.1560562,36.9075183],[31.1556977,36.9072845],[31.1553463,36.9070437],[31.1551077,36.9068732],[31.1548728,36.9066995],[31.1543917,36.906362],[31.1539033,36.9060314],[31.1536962,36.9058947],[31.1534819,36.9057655],[31.1532606,36.905644],[31.1530328,36.9055304],[31.1527989,36.905425],[31.1525595,36.9053279],[31.1523605,36.905255],[31.1521659,36.9051751],[31.151976,36.9050881],[31.1517911,36.9049944],[31.1516118,36.9048941],[31.1514384,36.9047874],[31.1513329,36.9047175],[31.1512343,36.9046415],[31.151143,36.9045598],[31.1510595,36.9044729],[31.1509844,36.9043813],[31.150918,36.9042855],[31.1508646,36.9041936],[31.1508193,36.9040989],[31.1507823,36.9040019],[31.1507536,36.9039032],[31.1507336,36.9038031],[31.1507222,36.9037021],[31.1505906,36.9035493],[31.1504519,36.9034006],[31.1503065,36.903256],[31.1501759,36.903135],[31.1500376,36.9030198],[31.1498918,36.9029105],[31.149739,36.9028076],[31.1495796,36.9027112],[31.1494173,36.9026234],[31.1492496,36.9025425],[31.1490769,36.9024686],[31.1485708,36.9022305],[31.1480615,36.901997],[31.1474887,36.9017417],[31.146912,36.9014921],[31.1463314,36.9012484],[31.1462695,36.9012208],[31.1462123,36.9011873],[31.1461606,36.9011486],[31.1461151,36.9011051],[31.1460766,36.9010575],[31.1460436,36.9010025],[31.1460198,36.9009446],[31.1460057,36.9008846],[31.1460015,36.9008237],[31.1459791,36.9006203],[31.1459639,36.9004165],[31.1459559,36.9002124],[31.1459557,36.8999734],[31.1459647,36.8997346],[31.1459827,36.899496],[31.1459918,36.8994072],[31.1460115,36.8993195],[31.1460417,36.8992337],[31.146082,36.8991507],[31.1461273,36.8990779],[31.1461805,36.8990087],[31.146241,36.8989434],[31.1463085,36.8988826],[31.1463824,36.8988268],[31.1464753,36.8985052],[31.1465782,36.8981855],[31.1466965,36.8978528],[31.1468227,36.8975221],[31.1469569,36.8971934],[31.1470989,36.8968668],[31.1472487,36.8965424],[31.14748,36.8960782],[31.1476107,36.895828],[31.1478059,36.8954756],[31.1480105,36.8951267],[31.1488742,36.8935994],[31.1496359,36.8921664],[31.1498423,36.8917929],[31.1500596,36.8914233],[31.1502876,36.891058],[31.1505264,36.890697],[31.1507638,36.8903572],[31.1510106,36.8900218],[31.1512667,36.8896909],[31.1514247,36.8895075],[31.1515898,36.8893281],[31.1517619,36.889153],[31.1519407,36.8889823],[31.1521262,36.8888161],[31.1523181,36.8886547],[31.1525456,36.8884759],[31.152765,36.8882908],[31.1529762,36.8880996],[31.1531788,36.8879026],[31.1533726,36.8877],[31.1535573,36.887492],[31.1537056,36.8873131],[31.1538472,36.8871307],[31.153982,36.886945],[31.1541098,36.8867562],[31.1541738,36.886682],[31.1542471,36.8866135],[31.1543289,36.8865515],[31.1544183,36.8864966],[31.1545069,36.8864528],[31.1546004,36.8864159],[31.1546978,36.8863865],[31.1547984,36.8863647],[31.1549011,36.8863507],[31.1551718,36.8863002],[31.1554441,36.8862554],[31.1557178,36.8862165],[31.1559927,36.8861834],[31.1562716,36.8861559],[31.1565512,36.8861345],[31.1571108,36.8860945],[31.1576713,36.8860637],[31.1582324,36.8860418],[31.1587008,36.8860305],[31.1591693,36.8860255],[31.1596379,36.8860268],[31.1598193,36.8860086],[31.159999,36.8859814],[31.1601762,36.8859452],[31.1603502,36.8859002],[31.1605203,36.8858466],[31.1606602,36.8857948],[31.1607966,36.8857373],[31.1609289,36.885674],[31.1610569,36.8856053],[31.1611801,36.8855312],[31.1613283,36.8853641],[31.1614862,36.8852027],[31.1616535,36.8850475],[31.1618298,36.8848988],[31.1620147,36.8847569],[31.1622078,36.8846223],[31.1624086,36.884495],[31.1625672,36.8844029],[31.1627298,36.8843154],[31.1628964,36.8842327],[31.163381,36.8839667],[31.1638623,36.8836969],[31.1640653,36.8835816],[31.1642626,36.8834601],[31.164454,36.8833327],[31.1646392,36.8831996],[31.164818,36.883061],[31.1649901,36.8829171],[31.1651552,36.882768],[31.1653327,36.8825939],[31.1655008,36.882414],[31.1656591,36.8822284],[31.1658074,36.8820376],[31.1659452,36.8818419],[31.1660725,36.8816416],[31.166145,36.8815727],[31.1662247,36.8815092],[31.1663112,36.8814515],[31.1664036,36.8814001],[31.1665013,36.8813554],[31.1666036,36.8813177],[31.1666956,36.8812908],[31.1667899,36.8812697],[31.166886,36.8812544],[31.167166,36.8811843],[31.1674431,36.8811074],[31.1675512,36.8810754],[31.1676561,36.8810369],[31.167757,36.8809923],[31.1678535,36.8809418],[31.167945,36.8808856],[31.168031,36.8808242],[31.168111,36.8807577],[31.1681858,36.8806854],[31.1682534,36.8806087],[31.1683136,36.8805281],[31.168366,36.880444],[31.1684101,36.880357],[31.1684459,36.8802676],[31.1684731,36.8801763],[31.1691946,36.8796621],[31.169522,36.8794345],[31.1699241,36.879155],[31.1704231,36.8788155],[31.1709255,36.8784794],[31.1714315,36.8781466],[31.1718613,36.8778589],[31.172286,36.8775664],[31.1727056,36.8772691],[31.1730911,36.8769884],[31.173472,36.8767038],[31.1738482,36.8764152],[31.1739078,36.8763528],[31.1739589,36.8762857],[31.1740009,36.8762147],[31.1740333,36.8761405],[31.1740476,36.8760961],[31.1740586,36.8760511],[31.1740748,36.8759602],[31.1740818,36.8758687],[31.1740796,36.875777],[31.1740682,36.8756857],[31.1740526,36.8756141],[31.1740315,36.8755435],[31.1740047,36.8754742],[31.1739323,36.8752645],[31.1738509,36.875057],[31.1737829,36.8749003],[31.1737064,36.8747461],[31.1736215,36.8745948],[31.1735283,36.8744465],[31.1734271,36.8743017],[31.1733347,36.8741813],[31.1732326,36.874066],[31.1731213,36.8739563],[31.1730102,36.8738599],[31.172892,36.8737692],[31.1727671,36.8736843],[31.1726359,36.8736057],[31.1724991,36.8735336],[31.1723175,36.8733653],[31.1721433,36.8731922],[31.1719766,36.8730143],[31.1718178,36.872832],[31.1716583,36.8726343],[31.1715058,36.8724332],[31.1713603,36.8722288],[31.171222,36.8720212],[31.1710909,36.8718106],[31.1709944,36.8716455],[31.1709087,36.8714767],[31.170834,36.8713046],[31.1707704,36.8711297],[31.1707181,36.8709523],[31.1706794,36.870784],[31.1706509,36.8706145],[31.1705722,36.8702782],[31.170482,36.8699438],[31.1704371,36.8697919],[31.1704014,36.8696384],[31.170375,36.8694837],[31.1703581,36.8693282],[31.1703506,36.8691722],[31.1703526,36.8690161],[31.170364,36.8688602],[31.1703872,36.8686913],[31.1704007,36.8685218],[31.1704045,36.8683519],[31.1703985,36.868182],[31.1703828,36.8680126],[31.1703565,36.8678388],[31.1703199,36.8676661],[31.1702732,36.8674951],[31.1702165,36.8673259],[31.1701263,36.8669647],[31.1700458,36.866602],[31.1699751,36.866238],[31.1699406,36.8660384],[31.1699156,36.8658379],[31.1699003,36.8656368],[31.1698946,36.8654354],[31.169899,36.865224],[31.1699121,36.8650128],[31.1699339,36.8648021],[31.1699644,36.8645921],[31.1700021,36.8643895],[31.17005,36.8641883],[31.170108,36.8639889],[31.1701761,36.8637914],[31.170254,36.8635964],[31.1703406,36.8634064],[31.1704366,36.8632194],[31.1705418,36.8630356],[31.1706561,36.8628552],[31.1707793,36.8626787],[31.1709112,36.8625062],[31.1715469,36.8613817],[31.1725259,36.860004],[31.1729506,36.8595196],[31.173369,36.8590317],[31.1737812,36.8585404],[31.1740756,36.8581824],[31.1743625,36.8578205],[31.1746417,36.8574548],[31.174913,36.8570853],[31.1751809,36.8567059],[31.1754406,36.856323],[31.1756919,36.8559364],[31.175935,36.8555465],[31.1760302,36.8554178],[31.1761334,36.8552931],[31.1762442,36.8551726],[31.1763623,36.8550567],[31.1764875,36.8549456],[31.1765912,36.8548615],[31.1766989,36.8547807],[31.1768105,36.8547033],[31.1771373,36.8544643],[31.1774679,36.8542288],[31.1777557,36.8540285],[31.1780462,36.8538308],[31.1786172,36.8534261],[31.1791327,36.85305],[31.1796418,36.8526684],[31.1796927,36.8526026],[31.1797357,36.8525332],[31.1797703,36.8524609],[31.1797963,36.8523863],[31.1798134,36.85231],[31.1798204,36.8522515],[31.1798221,36.8521927],[31.1798214,36.8520752],[31.1798111,36.8519579],[31.1797915,36.8518415],[31.1797625,36.8517262],[31.1797256,36.8516163],[31.1796801,36.8515084],[31.1796262,36.851403],[31.1795642,36.8513005],[31.1794942,36.8512014],[31.1794165,36.851106],[31.1793576,36.8510414],[31.1792951,36.8509791],[31.1791826,36.8508471],[31.1790791,36.8507104],[31.1789851,36.8505695],[31.1789007,36.8504247],[31.1788263,36.8502764],[31.178762,36.8501251],[31.1787119,36.8499832],[31.1786734,36.849839],[31.1786468,36.8496932],[31.1786321,36.8495462],[31.1786294,36.8493988],[31.1786386,36.8492515],[31.1786559,36.8491273],[31.1786817,36.849004],[31.178716,36.848882],[31.1788009,36.8485135],[31.1788934,36.8481462],[31.1789163,36.8480598],[31.1789507,36.847976],[31.1789963,36.8478956],[31.1790524,36.8478197],[31.1791184,36.847749],[31.1791936,36.8476844],[31.179277,36.8476267],[31.1793648,36.847578],[31.1794586,36.8475369],[31.1796343,36.8474399],[31.1798037,36.847336],[31.1799663,36.8472254],[31.180071,36.8471479],[31.1801685,36.8470646],[31.1802584,36.8469759],[31.18034,36.8468824],[31.1804132,36.8467844],[31.1804773,36.8466825],[31.1805323,36.8465771],[31.1805801,36.8464623],[31.1806169,36.8463449],[31.1806425,36.8462256],[31.1807427,36.8458721],[31.1808327,36.8455168],[31.1808655,36.8453757],[31.1808896,36.8452335],[31.1809048,36.8450905],[31.1809111,36.8449471],[31.1809085,36.8448036],[31.1808971,36.8446604],[31.1808735,36.8444996],[31.1808387,36.8443402],[31.1807929,36.8441825],[31.1807361,36.8440272],[31.180415,36.8434161],[31.1800978,36.8428036],[31.1796921,36.8420073],[31.1792931,36.8412088],[31.1783087,36.8392532],[31.1775979,36.8377956],[31.1775464,36.8376613],[31.1775034,36.8375252],[31.177469,36.8373874],[31.1774433,36.8372485],[31.1774263,36.8371087],[31.1774178,36.8369569],[31.1774184,36.836805],[31.1774282,36.8366533],[31.1774471,36.8365021],[31.1774751,36.8363518],[31.1775121,36.8362028],[31.1775433,36.8360994],[31.1775788,36.835997],[31.1776566,36.8357936],[31.1777453,36.8355932],[31.1778447,36.835396],[31.1779547,36.8352024],[31.1780511,36.8350488],[31.1781542,36.8348981],[31.1782638,36.8347503],[31.1783798,36.8346056],[31.178427,36.8345131],[31.178463,36.8344175],[31.1784876,36.8343196],[31.1785005,36.8342203],[31.1785026,36.8341528],[31.1784993,36.8340855],[31.1784906,36.8340184],[31.1784722,36.8338169],[31.1784455,36.8336159],[31.1784308,36.8335263],[31.1784052,36.8334382],[31.1783689,36.8333526],[31.1783221,36.8332703],[31.1782928,36.8332276],[31.1782606,36.8331861],[31.1781921,36.8331054],[31.1781169,36.8330286],[31.1780354,36.8329561],[31.177948,36.8328882],[31.1778618,36.8328295],[31.1777712,36.8327753],[31.1775873,36.83267],[31.1773968,36.8325726],[31.1772015,36.8324839],[31.1770007,36.8324035],[31.1767949,36.8323315],[31.1765848,36.8322682],[31.1763708,36.8322138],[31.1761535,36.8321684],[31.1758235,36.8320627],[31.175498,36.8319486],[31.1751772,36.8318262],[31.1748614,36.8316957],[31.1745509,36.8315572],[31.174332,36.8314531],[31.1741194,36.8313409],[31.1739136,36.8312208],[31.173715,36.8310933],[31.1735241,36.8309584],[31.1733413,36.8308165],[31.1731956,36.8306933],[31.1730583,36.8305641],[31.1729299,36.8304292],[31.1728106,36.8302889],[31.1727009,36.8301438],[31.172601,36.8299942],[31.1725181,36.8298533],[31.172444,36.8297092],[31.1723789,36.8295625],[31.1723227,36.8294133],[31.1722758,36.8292621]],[[31.1973146,36.996859],[31.1972237,36.9967722],[31.1971263,36.9966899],[31.1970227,36.9966127],[31.1969133,36.9965408],[31.1967985,36.9964744],[31.1966757,36.9964124],[31.1965482,36.9963568],[31.1964165,36.9963077],[31.1962812,36.9962655],[31.1961427,36.9962302],[31.1958725,36.9961674],[31.1955997,36.9961121],[31.1954627,36.9960861],[31.1953247,36.9960642],[31.1951378,36.9960411],[31.1949498,36.9960253],[31.1947611,36.9960169],[31.1945721,36.996016],[31.1943832,36.9960224],[31.1941728,36.9960386],[31.1939639,36.9960641],[31.1937572,36.9960991],[31.1935532,36.9961432],[31.1933526,36.9961965]],[[31.1990905,36.977821],[31.1991907,36.977584],[31.199298,36.977349],[31.1994123,36.977116],[31.1995512,36.976853],[31.1996818,36.9765872],[31.1998039,36.9763189],[31.1999045,36.9760806],[31.1999984,36.9758406],[31.2000856,36.975599],[31.2001078,36.9755216],[31.2001196,36.9754428],[31.2001207,36.9753635],[31.2001111,36.9752845],[31.2000909,36.9752068],[31.2000657,36.9751424],[31.2000332,36.9750802],[31.1999937,36.9750205],[31.1999475,36.974964],[31.1998951,36.9749111],[31.1993372,36.9742897]],[[31.1794759,36.9634053],[31.1793354,36.9631963],[31.178943,36.9627018],[31.1789098,36.9626514],[31.1788867,36.9625975],[31.178876,36.9625532],[31.1788722,36.9625081],[31.1788754,36.962463],[31.1788854,36.9624186],[31.1789136,36.9623226],[31.1789503,36.9622285],[31.1789954,36.9621367],[31.1790743,36.9619942],[31.1791625,36.9618551],[31.1792596,36.9617199],[31.1793666,36.9615832],[31.1794802,36.9614499],[31.1796002,36.9613202]],[[31.1625929,36.9139606],[31.1620334,36.9138546],[31.1618638,36.9137929],[31.1616967,36.913727],[31.1615323,36.9136569],[31.1613145,36.9135557],[31.1611022,36.9134473],[31.1609958,36.9133931],[31.1608958,36.9133317],[31.160809,36.9132684],[31.160729,36.9131997],[31.1606563,36.9131259],[31.1605914,36.9130476],[31.1605068,36.9129357],[31.1604292,36.9128205],[31.1603588,36.9127025],[31.1602957,36.9125819],[31.16024,36.9124589],[31.1601532,36.9122531],[31.1600575,36.9120497],[31.1599532,36.9118491],[31.1598404,36.9116515],[31.1597252,36.9114665],[31.1596026,36.9112846],[31.1594727,36.9111059],[31.1593355,36.9109308],[31.1591913,36.9107593],[31.1590719,36.9106273],[31.1589005,36.910459],[31.1588573,36.9104169],[31.1588185,36.9103722],[31.1587743,36.9103104],[31.1587384,36.9102452],[31.1587109,36.9101775],[31.1586921,36.9101079],[31.1586824,36.9100371],[31.1586817,36.9099659]],[[31.1664036,36.8814001],[31.1664336,36.8812621],[31.1664753,36.8811261],[31.1665285,36.8809926],[31.1665832,36.8808803],[31.1666461,36.8807708],[31.1667169,36.8806643],[31.1667953,36.8805614],[31.1668953,36.8804423],[31.1670022,36.880327],[31.1671159,36.880216],[31.1672326,36.8801114],[31.1673547,36.8800109],[31.167482,36.8799145],[31.1675984,36.8798365],[31.1677201,36.8797639],[31.1678468,36.8796968],[31.167974,36.8796381],[31.1681055,36.8795856],[31.1682407,36.8795397],[31.1683092,36.8795184],[31.1683792,36.8795005],[31.1684948,36.8794785],[31.1686125,36.8794656],[31.1687313,36.8794618],[31.1688499,36.8794672],[31.1690185,36.8794691],[31.169187,36.8794643],[31.169355,36.8794527],[31.169522,36.8794345]]]}}]}
