{"type":"FeatureCollection","name":"turkey-tourism-areas","features":[{"type":"Feature","properties":{"id":"baskomutan-tour","name":"Başkomutan Tarihî Millî Parkı","source":"T.C. Tarım ve Orman Bakanlığı DKMP Ekotaban CBS","source_url":"https://ekotaban.tarimorman.gov.tr/alan/38","source_record_ids":["2","2831","2832","5155"]},"geometry":{"type":"MultiPolygon","coordinates":[[[[30.1158469180001,38.8805722390001],[30.1157020000001,38.8796705],[30.1157709020001,38.8792227130001],[30.1128323400001,38.879604113],[30.111240305,38.8797107140001],[30.106716932,38.8799393160001],[30.1053613440001,38.879589347],[30.1042850790001,38.878976435],[30.103353978,38.8783723250001],[30.1022632840001,38.877515246],[30.101363862,38.8771775070001],[30.100375543,38.8769371510001],[30.098813766,38.876699129],[30.0972459240001,38.8766103360001],[30.0958821260001,38.876725799],[30.0926122380001,38.8777565600001],[30.090319263,38.878263799],[30.0865960570001,38.878951086],[30.083820491,38.879313344],[30.080795074,38.879553087],[30.0754387220001,38.8796679480001],[30.0742356000001,38.8794883860001],[30.073421158,38.8791525630001],[30.071083856,38.877633127],[30.0698506220001,38.8771539680001],[30.0690635770001,38.876669405],[30.06832238,38.8761029890001],[30.0680103130001,38.875945749],[30.066954407,38.8758030120001],[30.06510195,38.8754078340001],[30.0636436900001,38.8752383460001],[30.0630510450001,38.8746756370001],[30.062179191,38.873674298],[30.061195174,38.8733341220001],[30.060766067,38.8718957290001],[30.060504662,38.8715405470001],[30.0597635870001,38.870974082],[30.0587859300001,38.8706096070001],[30.0575153090001,38.869955078],[30.056504622,38.8697912550001],[30.0556255610001,38.8696538000001],[30.0534193410001,38.8698747720001],[30.049142342,38.86989349],[30.047651306,38.8695791100001],[30.0456723450001,38.8689411120001],[30.044537185,38.8689354210001],[30.0437945510001,38.8687091110001],[30.0416117470001,38.868365598],[30.0378785240001,38.8680749170001],[30.035226822,38.867661743],[30.0325696520001,38.8666719900001],[30.031412877,38.8661238240001],[30.0301893240001,38.8650552060001],[30.029294975,38.8642255080001],[30.0285183330001,38.8637561580001],[30.0270095940001,38.863164403],[30.025874215,38.862812698],[30.024773908,38.8626808990001],[30.023620771,38.8627552400001],[30.0217486510001,38.8630994100001],[30.0194135910001,38.86464212],[30.0173427890001,38.8658572370001],[30.0161973060001,38.8657472580001],[30.015443723,38.8657856230001],[30.013091967,38.8663133520001],[30.012406234,38.8664917640001],[30.0108753860001,38.8664295030001],[30.009625839,38.8663398480001],[30.008406721,38.8662279050001],[30.0076058120001,38.8659883450001],[30.0071603320001,38.8657117860001],[30.0067358680001,38.8652859070001],[30.00643552,38.8647133520001],[30.00621439,38.863658672],[30.0059196250001,38.862602103],[30.005684973,38.861869847],[30.0055080120001,38.8615194790001],[30.004132124,38.860227659],[30.0030580340001,38.8594738430001],[30.001836484,38.8583704020001],[30.0012199510001,38.8576052700001],[30.0004757310001,38.856721577],[29.9998092350001,38.8560934830001],[29.9993153090001,38.855919397],[29.9985067980001,38.8558640210001],[29.9965698580001,38.8559986240001],[29.996157027,38.8559995260001],[29.994205634,38.8547273590001],[29.992988036,38.8542348880001],[29.992293314,38.8539287960001],[29.991756863,38.853015821],[29.991148094,38.8517205700001],[29.989885294,38.8498551270001],[29.988796489,38.8484091510001],[29.9883966780001,38.847753293],[29.9877717740001,38.8475411970001],[29.9862085200001,38.8475584730001],[29.9843120780001,38.847786141],[29.9831547870001,38.8479637230001],[29.9811247180001,38.8478651140001],[29.9790870410001,38.8469017110001],[29.9777827080001,38.8460264310001],[29.97696976,38.8453828890001],[29.976032205,38.8448974990001],[29.975195292,38.8444723470001],[29.9731210960001,38.8440266320001],[29.9717055890001,38.843690194],[29.969942104,38.8432179020001],[29.967688809,38.8424792530001],[29.965974939,38.841881389],[29.9650453780001,38.8415575030001],[29.9643293280001,38.8414120780001],[29.963009632,38.8412509400001],[29.961966252,38.8411776730001],[29.9608875450001,38.841241806],[29.959748964,38.841327425],[29.9581318850001,38.842265121],[29.957496819,38.8429863230001],[29.9569800200001,38.8436990780001],[29.9567044030001,38.8443308930001],[29.9575295000001,38.8474105000001],[29.9579210000001,38.8499825000001],[29.9595425000001,38.8558540000001],[29.9593750000001,38.8591530000001],[29.9588715000001,38.8621725000001],[29.957977,38.8644655000001],[29.9576415000001,38.8664225000001],[29.9565230000001,38.8696655000001],[29.9549015000001,38.8718465000001],[29.9537270000001,38.8733005],[29.9513785,38.8756490000001],[29.9498130000001,38.8772705000001],[29.9471845000001,38.8790040000001],[29.9441095,38.8812965000001],[29.942823,38.8826945000001],[29.940978,38.8846515000001],[29.9385735000001,38.8876710000001],[29.9375670000001,38.8896285000001],[29.9378465,38.8911940000001],[29.9378465,38.8937105000001],[29.9378465,38.8967855000001],[29.9379585,38.8985190000001],[29.9372315000001,38.9013150000001],[29.9358895,38.9033280000001],[29.9345475000001,38.9053970000001],[29.933317,38.907522],[29.93136,38.9096470000001],[29.9288995000001,38.910989],[29.9263835000001,38.9112685000001],[29.9239230000001,38.9111005],[29.9215185000001,38.9105975000001],[29.9212217160001,38.9104840010001],[29.9213431680001,38.9112136590001],[29.9199869560001,38.9118694910001],[29.9193161040001,38.9123705010001],[29.9193243140001,38.914226609],[29.9192806770001,38.9148940380001],[29.918928829,38.915864562],[29.918504275,38.916810109],[29.917945569,38.9177866920001],[29.917842681,38.9181182630001],[29.9178907290001,38.9190532420001],[29.9185612950001,38.9199239780001],[29.91873652,38.9209891150001],[29.9183849100001,38.9222939330001],[29.9177063010001,38.9239935620001],[29.9173678440001,38.9246531970001],[29.9162427220001,38.9260989410001],[29.9152874160001,38.9270304390001],[29.9151548150001,38.928387146],[29.915582323,38.929078561],[29.9171998410001,38.9317096980001],[29.9187506750001,38.933043013],[29.919953666,38.9335653970001],[29.9207147450001,38.934387218],[29.921110422,38.935510504],[29.920925181,38.9373124800001],[29.9212295690001,38.9384213880001],[29.9213023360001,38.9395720460001],[29.9210428500001,38.940965217],[29.9188077360001,38.9451660730001],[29.918499614,38.945911788],[29.9183554680001,38.9471165420001],[29.918480554,38.9477660110001],[29.9187457530001,38.9487183320001],[29.919756072,38.9501570100001],[29.921260084,38.951165975],[29.9222241780001,38.9515504070001],[29.9233260450001,38.9519384650001],[29.924915357,38.9520402200001],[29.926275076,38.9521359],[29.9272142820001,38.9523880090001],[29.9278387640001,38.952476259],[29.9293372660001,38.9536166030001],[29.930516933,38.9557536790001],[29.9312195360001,38.9579380190001],[29.931671561,38.9591824120001],[29.9325107930001,38.9606882780001],[29.9341376830001,38.9617003130001],[29.9355325560001,38.9624070790001],[29.9364421980001,38.9629933860001],[29.938000749,38.9641710970001],[29.938969614,38.964806804],[29.9419480820001,38.9657584820001],[29.9449725650001,38.9667112890001],[29.9467759900001,38.9671893070001],[29.9498185630001,38.9677236530001],[29.9520997560001,38.9681422900001],[29.9553153920001,38.9689323050001],[29.9588265450001,38.970340208],[29.9596849610001,38.9706976460001],[29.9617203390001,38.970774637],[29.9621577230001,38.970941592],[29.963030454,38.9713233100001],[29.963659245,38.971315756],[29.9643987900001,38.971227319],[29.9652511350001,38.970651205],[29.966455625,38.9704432300001],[29.9676299980001,38.9702224920001],[29.9684731370001,38.9702204860001],[29.9714690860001,38.9707769900001],[29.972702692,38.970964586],[29.978383971,38.9721769460001],[29.9809340160001,38.972769515],[29.9820048410001,38.9728211710001],[29.986586699,38.9728559220001],[29.9870864230001,38.9730004640001],[29.9888776660001,38.973776672],[29.989960911,38.9742593570001],[29.9912706960001,38.9744606910001],[29.9921337640001,38.9743513330001],[29.993046308,38.9741594810001],[29.9945803050001,38.973409271],[29.996209681,38.972577734],[29.997984565,38.9719294130001],[29.9992946730001,38.971759714],[29.999965375,38.9718487710001],[30.0010037450001,38.972306266],[30.0023566260001,38.9729393640001],[30.00390286,38.973350059],[30.0044525970001,38.9734000830001],[30.0049787630001,38.973281973],[30.005355331,38.9730762550001],[30.0057934500001,38.9725011670001],[30.006352045,38.9719770340001],[30.0069266530001,38.971800328],[30.0073287970001,38.9717149220001],[30.0086707310001,38.971880986],[30.010229501,38.9727227000001],[30.0108038290001,38.9729169190001],[30.0114790850001,38.9728983320001],[30.0120200480001,38.9727925340001],[30.012613984,38.9725205660001],[30.0134571960001,38.9717883000001],[30.0142901020001,38.9709361020001],[30.0158504260001,38.969552074],[30.01632534,38.9691932760001],[30.0170994580001,38.9690096590001],[30.018505362,38.9687464630001],[30.0234617690001,38.9682508570001],[30.0269530190001,38.9679689800001],[30.0304580610001,38.967723247],[30.034885773,38.967405146],[30.0374073450001,38.9672179520001],[30.04179007,38.9668745120001],[30.0440997390001,38.9666219650001],[30.0471073530001,38.966171656],[30.0479114980001,38.9660005580001],[30.048668632,38.9662231520001],[30.0500850220001,38.9671803960001],[30.051437659,38.9685667970001],[30.052463948,38.9693226870001],[30.053327328,38.9695718690001],[30.0539605860001,38.969456242],[30.0545365560001,38.9692434350001],[30.0550093460001,38.9685613340001],[30.0556688830001,38.9674411950001],[30.0566829710001,38.9670120800001],[30.0573724990001,38.9670175170001],[30.0598254010001,38.9662656890001],[30.0609051440001,38.9657304950001],[30.062867517,38.9638653370001],[30.064601125,38.962712363],[30.065713869,38.9621181220001],[30.066510018,38.9617671990001],[30.067595585,38.961459447],[30.068893492,38.9608339330001],[30.06935278,38.960474521],[30.0705552270001,38.9588174860001],[30.0710036150001,38.9583500970001],[30.0723507640001,38.9572710600001],[30.073563091,38.9564877810001],[30.0743364520001,38.956315725],[30.075568118,38.956179091],[30.0760422280001,38.9562029470001],[30.078039711,38.9553316080001],[30.0794909170001,38.9543268910001],[30.081176628,38.9532083610001],[30.0826826050001,38.9523605360001],[30.0851315830001,38.9509379480001],[30.086914854,38.949678174],[30.087656743,38.948775294],[30.0876934610001,38.947878733],[30.0883942910001,38.9468551590001],[30.090368574,38.94579156],[30.090921458,38.9453865300001],[30.0931812960001,38.9437077530001],[30.0952495340001,38.9422156200001],[30.0972260280001,38.9410921250001],[30.0990608020001,38.9400608010001],[30.0997450150001,38.939814557],[30.1004258130001,38.939651989],[30.1018502960001,38.939663464],[30.10264721,38.939659331],[30.1044920490001,38.9391307600001],[30.106017374,38.938546365],[30.1072117700001,38.9378101450001],[30.1079603210001,38.937110724],[30.1088286290001,38.9361031380001],[30.109140575,38.9359672730001],[30.109522736,38.9359887110001],[30.110444026,38.9366936280001],[30.1110618650001,38.9369482620001],[30.111623337,38.937081833],[30.112281986,38.937086177],[30.1137083680001,38.9370496870001],[30.115219521,38.9368118460001],[30.116793343,38.936539635],[30.118123226,38.9362374420001],[30.119458423,38.9358037350001],[30.122489671,38.9343468530001],[30.1246606440001,38.9333234120001],[30.125182147,38.9329294080001],[30.126228661,38.9316747840001],[30.1266101270001,38.930954227],[30.1276875410001,38.9300713120001],[30.128480279,38.9294087420001],[30.1287391430001,38.929068086],[30.1294950020001,38.92704042],[30.1296331130001,38.9258950350001],[30.1295561270001,38.9243853620001],[30.129034862,38.92287672],[30.1278122260001,38.9209080470001],[30.125352234,38.9184780810001],[30.122451233,38.915594426],[30.1205957450001,38.9137536650001],[30.1197632270001,38.9127518580001],[30.118456768,38.9109724850001],[30.1174107740001,38.909570495],[30.1159490090001,38.907847089],[30.1145745520001,38.9066164500001],[30.1137273840001,38.9056022740001],[30.112472494,38.904446369],[30.1110236070001,38.9031659820001],[30.109623578,38.9018149890001],[30.1081786780001,38.9004389340001],[30.106525489,38.898914098],[30.105416522,38.8979412360001],[30.1049158340001,38.897450152],[30.1044311860001,38.8965645710001],[30.1041577940001,38.89575603],[30.1040028960001,38.895046162],[30.1038977790001,38.8942417980001],[30.1035880160001,38.892068174],[30.1027851150001,38.8911028840001],[30.1022760010001,38.89044405],[30.10184143,38.8898349310001],[30.1012971430001,38.8889119560001],[30.1006300190001,38.8879978920001],[30.099962696,38.8867128590001],[30.0997418110001,38.8861210110001],[30.0995687590001,38.8854824840001],[30.0994308910001,38.8851080950001],[30.0989573030001,38.8843304650001],[30.0985167470001,38.8834938220001],[30.0982623720001,38.882972937],[30.0973972080001,38.882412925],[30.0972346090001,38.8818943200001],[30.100551754,38.881641738],[30.1026375820001,38.881549955],[30.1050164220001,38.8814055720001],[30.1108480620001,38.8810594940001],[30.113269158,38.8809094060001],[30.1158469180001,38.8805722390001]]],[[[29.99369079713645,38.97229411116613],[29.99239452971345,38.972906123356],[29.99090498143453,38.97314700202293],[29.98929344391105,38.97285998278025],[29.9878931671206,38.97220784572749],[29.98615584841487,38.97155066369115],[29.98433826086493,38.97141831928685],[29.98278517247179,38.9715003267527],[29.98056052879225,38.97146705095044],[29.97743185016206,38.97078016763872],[29.97092399615892,38.96941984974868],[29.96971566725355,38.96920801642344],[29.97016258470487,38.96870496581072],[29.97073521431256,38.96797978418054],[29.97191657281606,38.96727041065998],[29.97229680739695,38.9668221520508],[29.9714986604706,38.96648425384521],[29.97031878009686,38.96662980564967],[29.96902992068894,38.96668440994016],[29.96821975994473,38.9660994901985],[29.96769444012919,38.96571579872789],[29.96755464868904,38.96528927112826],[29.96768840431135,38.96479937591492],[29.96774399427583,38.96402551969531],[29.96827829432878,38.96366938329487],[29.96900720902707,38.96298351404008],[29.96917024924293,38.96233579347644],[29.96917394935251,38.96119055653639],[29.96951496151439,38.95848586095841],[29.96980041984578,38.95708363815505],[29.96950808390789,38.95652980449051],[29.96940287527547,38.95635086484291],[29.96938105247172,38.9558040614435],[29.96937576889206,38.95539865207346],[29.96964624160297,38.95487706584815],[29.969978334076,38.95449804437594],[29.97024204751528,38.95413486572502],[29.97044188351041,38.95368192414941],[29.97047342576157,38.95347129727859],[29.97083254805312,38.95298725220662],[29.97210509709526,38.95013053470936],[29.96131349253011,38.95025508572266],[29.95449578067768,38.95032390821959],[29.95390158578595,38.95043181923525],[29.95315062158253,38.94960918550672],[29.95272048925992,38.94878369915593],[29.95169900915096,38.94741930991203],[29.95106859485652,38.94692300453145],[29.94983137503538,38.94581468042639],[29.94897780698748,38.9453125267533],[29.94809630337313,38.94502773749156],[29.94677894157732,38.94492055172563],[29.94473114103719,38.94534673919878],[29.94300774029579,38.94515617098898],[29.94131419299554,38.94470463878766],[29.93991855935811,38.94511876559142],[29.93906444819427,38.94636133602018],[29.93839366196957,38.94703281711969],[29.93570809927811,38.94780966975707],[29.93389717108619,38.94862575375078],[29.93217028723419,38.94895225429352],[29.93007043169382,38.94946274353505],[29.92864065654452,38.94938445765217],[29.92599019467343,38.94825579126919],[29.92393263733563,38.9481058954639],[29.92217880331646,38.94819229785646],[29.92113919939375,38.94902184659713],[29.92024747046309,38.9492105885945],[29.91970395265506,38.94919910567113],[29.91909360293931,38.94882187457878],[29.91805430332648,38.94727978987502],[29.91768497819922,38.94590602081671],[29.91771465252717,38.9447489508994],[29.91828483952117,38.94354771866683],[29.91934428806251,38.9416701324125],[29.92041041334731,38.93952956538392],[29.9206462526451,38.93821786869824],[29.92060579262237,38.93716493281373],[29.92029981995819,38.93595000416922],[29.92047903344498,38.93421650108036],[29.92003695700596,38.93305206042644],[29.91938196237803,38.93230521263629],[29.91863775948573,38.93194610443468],[29.92486554709204,38.9297773156847],[29.92511039535441,38.92914423056902],[29.92535825807646,38.92844127447764],[29.92568392140531,38.92801017515817],[29.92603470649678,38.92758972984515],[29.92596293643186,38.92717813189623],[29.9256607252694,38.92677045228674],[29.92574617836026,38.92627306313651],[29.92630269853394,38.92582806131365],[29.92611463141023,38.92544337678529],[29.92589626709579,38.92516781458058],[29.92543598445687,38.92486588895891],[29.92537915374688,38.92440472025425],[29.92569746657201,38.92414330488628],[29.92608727051389,38.92400368697332],[29.92634470750988,38.92367071537378],[29.92623962271076,38.92343811054941],[29.92641090675993,38.923322710606],[29.92659841641808,38.92312779525745],[29.92642849081373,38.92302218965815],[29.92578139063175,38.92307708280256],[29.92510930590457,38.92331479322144],[29.92455523745555,38.92334814943976],[29.92405493392073,38.92320304998841],[29.92364217148601,38.92280843812662],[29.9231734722666,38.92230559237149],[29.92290678947288,38.92170981203584],[29.92300416754339,38.9212327250743],[29.9234113047672,38.9206918611676],[29.92411027239836,38.92014670113851],[29.92432305336783,38.91984053602001],[29.92370756024413,38.91916477569317],[29.92297347636949,38.91945718748443],[29.92215826869863,38.91949563426147],[29.92076043176914,38.91939099418098],[29.91965790657337,38.91915203094266],[29.91892530157556,38.91923260801325],[29.91811800596745,38.91956102752949],[29.91806181677531,38.91954973753507],[29.91807445070373,38.91945769400672],[29.91796127431474,38.91861407735978],[29.91724310821592,38.9177083789849],[29.91720270961023,38.91665543873523],[29.91790607002949,38.91550890490633],[29.91847871424807,38.91420247635729],[29.91877648177023,38.91310220864249],[29.91876031555451,38.91110256902177],[29.91924399316016,38.91063659229698],[29.91999038944371,38.91043779743933],[29.92074351064287,38.90997602504966],[29.92056807859327,38.90899199754748],[29.91919925290262,38.90718167890564],[29.91842191057973,38.9059593660134],[29.91694680017691,38.90304242920534],[29.91647268786129,38.90050945866213],[29.91707900975433,38.89525739241652],[29.91658606386756,38.89346074313096],[29.91570120652281,38.89118440925991],[29.91482315341681,38.88864509585797],[29.91397155469226,38.88759978745323],[29.91211164266736,38.88657090338089],[29.9110598740094,38.8855546866962],[29.91069100245474,38.88418088105473],[29.91063208022933,38.88123347047807],[29.91035357337842,38.8789666134947],[29.90944879106305,38.87747914623364],[29.9082019697458,38.87619675302921],[29.90582955862771,38.87415999291041],[29.90536497341087,38.87385746843111],[29.90384224501183,38.87286588072787],[29.90298462941108,38.87216834256657],[29.90272719483437,38.87097558684588],[29.90633104826301,38.87011264583067],[29.90480904924837,38.86731635877263],[29.90546418403236,38.86556268098805],[29.90682568339112,38.86319857526841],[29.90517505884137,38.8626396524634],[29.90264562835762,38.86155086263612],[29.90190215053086,38.86065081794651],[29.90172739544304,38.85970415072117],[29.90076608922891,38.85862220684784],[29.90024012728951,38.85835070160277],[29.8991251458647,38.85802149574723],[29.89792956043465,38.85762415634294],[29.89669680796911,38.85677116228557],[29.89521924746001,38.85562384741098],[29.89463829452515,38.85501840926582],[29.89358466787459,38.85470256965035],[29.89245979318142,38.85464016061948],[29.89220840558192,38.85454352969757],[29.89184819338422,38.85342472826609],[29.89050352579723,38.85260946000028],[29.89008344981819,38.85227849358149],[29.8893691819808,38.85178104396336],[29.88933728379924,38.85138481526055],[29.88858842544885,38.84911040209612],[29.88806423562262,38.84883787054695],[29.88789933215897,38.84844296423272],[29.88793508532108,38.84829122695025],[29.88858148317789,38.84745187670015],[29.88887038083712,38.84667573972118],[29.88807208182431,38.84621447347032],[29.884968621391,38.84497473672284],[29.88298594684501,38.84486999064504],[29.88180229761426,38.84388116928609],[29.8799130261793,38.84365848429132],[29.87204339519039,38.84317729561001],[29.87194750889794,38.84317121907012],[29.87191523779142,38.84300352213447],[29.87170954672191,38.84057985694941],[29.87189341641215,38.83865077625379],[29.87306779584434,38.83751205878973],[29.87537786486106,38.83670723415752],[29.87695591565429,38.83557494659763],[29.8778720034483,38.83401111347604],[29.87772516818492,38.83190409934394],[29.87679016327834,38.82904783268539],[29.87605708454769,38.82619479065509],[29.87591169540253,38.82403517727011],[29.87479408006406,38.8230175473023],[29.87362438232983,38.82142028629549],[29.87303817381746,38.82067424597809],[29.87331418397524,38.82041559088086],[29.87445103179379,38.82069691080995],[29.87563726461014,38.82166302789074],[29.87733975847234,38.82347926648009],[29.878792456254,38.82455484925202],[29.88038526081934,38.82542218604355],[29.88217858404516,38.82634531953772],[29.88450338200995,38.82753998452776],[29.88777324486857,38.82960555317245],[29.88781052340194,38.83225384171954],[29.88894284407882,38.83428321603275],[29.89020817665654,38.83676370268533],[29.89134405651343,38.8378383155063],[29.89244852759156,38.83908833143779],[29.89413131082669,38.84012897964045],[29.89585971797069,38.84077882695336],[29.89908934230114,38.84198832120119],[29.90086874742437,38.84229418478896],[29.90381748312446,38.84238676936493],[29.90681857156478,38.8424851426588],[29.90788902493199,38.84112452586312],[29.90891286757874,38.84023303164988],[29.91058576073709,38.83922471169306],[29.91097280289472,38.83934628801404],[29.91278092271755,38.84039218167797],[29.91586078361079,38.842333492887],[29.91744955123196,38.84319922873686],[29.91858713220403,38.84376952064998],[29.91893695055202,38.84390539281917],[29.92013560932151,38.84427559813237],[29.92296742052718,38.84495335558524],[29.9233203088947,38.8450146265315],[29.92344013254958,38.84502533747362],[29.9243506325185,38.8455716756276],[29.92518421751416,38.84721542318489],[29.926005874028,38.84933245227315],[29.92716540524138,38.85140208638844],[29.92834492126204,38.85268289585269],[29.92959790062368,38.85370651836993],[29.93151436499852,38.85515175343766],[29.93257837821086,38.85554837581864],[29.93373403289902,38.85523854902345],[29.93526760964052,38.85315782841152],[29.93733024033909,38.85145347232114],[29.93997470554794,38.85070494982661],[29.94212958201198,38.85068537813042],[29.94427392766797,38.85108646868356],[29.94606339358032,38.85221860391877],[29.94743334202952,38.85397559648669],[29.94846946576669,38.85562226033864],[29.94992652535015,38.85659143481254],[29.95167775001849,38.85656552659127],[29.95257235924087,38.85579004004894],[29.95450659205282,38.85382039222161],[29.95680305558519,38.85253491332518],[29.95973671882531,38.8537487981558],[29.96100147199136,38.85464513799814],[29.96172288887582,38.85637344531771],[29.96170826038254,38.8582725321751],[29.96092145924391,38.85911543686401],[29.96066851411896,38.85986863536894],[29.96070825159757,38.86100935040402],[29.96054868783784,38.86164410551982],[29.96011041188877,38.86259968905694],[29.95999432010153,38.86338853644767],[29.96080767821178,38.86347879618015],[29.96315584572876,38.86383348884365],[29.9646582860352,38.86382077914802],[29.9662724547238,38.86325838252903],[29.97020212780562,38.86429443397987],[29.97250475759794,38.86647521818195],[29.97476237531256,38.86683950684154],[29.97702582416353,38.8676433931938],[29.98081585071943,38.86760776713257],[29.98432177597013,38.8673544839264],[29.98760358311122,38.86430549569734],[29.99545717119139,38.86283998469901],[29.99692500421041,38.86296152369107],[29.99844810791708,38.8630425896597],[29.99950851167364,38.86330018220849],[30.00096581073906,38.86367265783054],[30.00178194520595,38.86400770416351],[30.00277744538718,38.86453579603564],[30.00389666675467,38.86466923073307],[30.00477248207946,38.8648592214375],[30.00673944831394,38.86585191536594],[30.00793157629276,38.86605697591174],[30.00857738608487,38.86609098295732],[30.00886136122137,38.86584508563232],[30.00895620063283,38.86530346352039],[30.01087861098756,38.86553641816008],[30.01151438171349,38.86556699297932],[30.01236863724371,38.86548770037445],[30.01328373938133,38.86525791866142],[30.01453138941388,38.86494986207624],[30.01479606114568,38.86490071104844],[30.01563879088037,38.86479475210115],[30.01593238042307,38.8647831322161],[30.01695796264287,38.86485449033222],[30.01711755502448,38.86487107789468],[30.01863009655915,38.86400188889682],[30.02031248075016,38.86296299258438],[30.02150057971885,38.86219725883102],[30.02168044740041,38.86214017402376],[30.02330643737428,38.86188416313775],[30.02429331145441,38.86175511165891],[30.02529597284202,38.86179933600853],[30.02613203631439,38.86197913939757],[30.02819331266937,38.8627480911774],[30.02919656950626,38.86330985705617],[30.03006990402421,38.86413189244394],[30.03074187296631,38.86479051846039],[30.03152011350483,38.86528275247078],[30.03224384759772,38.86565089558065],[30.0329380367625,38.86587148411428],[30.03552793476571,38.86688238020376],[30.03594148772938,38.86695335556018],[30.03642896362499,38.86695821293437],[30.03780322641535,38.86711924994346],[30.04041322883574,38.86726781190733],[30.04196369942365,38.86742977458469],[30.04327125641432,38.86768761136005],[30.04438082708084,38.86800503851727],[30.04464133426249,38.86802648805043],[30.04513554617765,38.86801029487427],[30.04572053102062,38.86805976405356],[30.04693354449062,38.86856905421626],[30.04939743666733,38.86898205322287],[30.05041377215358,38.86900303196644],[30.05379129114447,38.86891424505496],[30.05465836111827,38.86877919349403],[30.05576446466994,38.86874329893556],[30.0573677043066,38.869006458168],[30.05757167910723,38.86909743853683],[30.0582972876909,38.8695468055729],[30.05944812329265,38.86996970616524],[30.05993085822599,38.87019569970521],[30.0604963538754,38.8706740018415],[30.06062419631262,38.87086540957277],[30.0609242929933,38.87162098311445],[30.06111625193116,38.87237574265339],[30.06202704876057,38.8726903945788],[30.06256579426508,38.87317379673967],[30.06333315691974,38.8740544989279],[30.06345595793703,38.87419431758877],[30.06366241450804,38.87429016652327],[30.06436681277778,38.8743359803934],[30.06529613177455,38.87450314370619],[30.0661170800969,38.87474508850971],[30.06762774676186,38.87497865148668],[30.06833173618858,38.87525709240448],[30.06906887017497,38.87579258719804],[30.06967553780655,38.87618971308989],[30.07094127910937,38.87664916017135],[30.07271229754642,38.87772292411777],[30.07360219730829,38.87831702676368],[30.07428999556777,38.87856165170882],[30.07548413713666,38.87875832419975],[30.07812347978182,38.87869280123212],[30.08208500462413,38.87857436089696],[30.08385748329921,38.8792194287191],[30.08416736965223,38.87945257411273],[30.08478180413703,38.8799200413504],[30.08524783225093,38.88023950085903],[30.08669734400361,38.88124891631929],[30.08757331892267,38.8816226426854],[30.08780504139019,38.88172185034008],[30.08840379575362,38.88197483203587],[30.08896034600328,38.882068290706],[30.09139135073747,38.88249041457218],[30.09182972048183,38.88260565564831],[30.09197351037776,38.88288335507122],[30.09186084553454,38.88316520528106],[30.09216583065419,38.88329405012399],[30.09228792960144,38.88347895817272],[30.09233359193321,38.88396697323194],[30.09243773455257,38.88428439133541],[30.09290230535337,38.8846071298472],[30.09322899164431,38.88475071634179],[30.09370613009112,38.88515928078373],[30.09435614475598,38.88619918231225],[30.0956996851818,38.88784746515491],[30.10242413836442,38.89086724571344],[30.10340739147644,38.89087842189097],[30.10358830151253,38.89119805623687],[30.10369615904843,38.89155025519486],[30.10393125661182,38.89337050679097],[30.10414867162066,38.89477997477945],[30.10437543360848,38.89542594263572],[30.10464244743018,38.89600842166112],[30.10496050186207,38.89652926728505],[30.10525370095919,38.89685653018644],[30.10562518791261,38.89723330190582],[30.10660543026873,38.89801142774054],[30.10726945595657,38.89862914645099],[30.10923203586179,38.90047767133802],[30.11138615976928,38.90248810343877],[30.11270858720467,38.9036208825843],[30.11373036332103,38.90461223816626],[30.11460356639078,38.90567840233435],[30.1155459919698,38.90649397241748],[30.11653230276734,38.90758580995183],[30.1177159211179,38.90899757309319],[30.11967313508301,38.91167538145388],[30.12110188845433,38.91331609774888],[30.12486801241836,38.91697460313191],[30.12604712625495,38.91811991964629],[30.12411806301638,38.91905894341574],[30.12322896717869,38.91925009702094],[30.12133572559806,38.92012079132177],[30.12022638067203,38.92105251682727],[30.11878232477089,38.92296071176991],[30.11703869886757,38.92480111947906],[30.11806581494742,38.92646984430944],[30.12073358066514,38.92691138501741],[30.12141077041429,38.92702987850335],[30.12194949334794,38.92774052473809],[30.12212825686078,38.92858941829762],[30.1220552233993,38.92932280014441],[30.12192868107168,38.93102374038973],[30.12267361270371,38.93165286693404],[30.12291310806302,38.93192211529175],[30.12363030698099,38.93263056615636],[30.12373607386703,38.93278773721688],[30.12313058530186,38.93302812482539],[30.12123220230887,38.93394239471008],[30.11882069767808,38.9350130111507],[30.11781869328893,38.93529160843748],[30.1154455579236,38.93576737620462],[30.1132731039155,38.93602487431635],[30.11148538682228,38.9360180394087],[30.11055074098698,38.9357320774792],[30.10942770635133,38.93494706990302],[30.10885309139055,38.93494485701006],[30.10808231406097,38.93567274439023],[30.10739580820623,38.93653383566436],[30.10591221590287,38.93749663241718],[30.10458939907548,38.93800641814591],[30.10264892903555,38.93858021945012],[30.10017249102938,38.93861178093321],[30.09906362490404,38.93893962968103],[30.09492331955439,38.94127748841763],[30.09003036836491,38.94478202296219],[30.08820856753759,38.94577663871834],[30.08749310754893,38.94684479513606],[30.08748784871352,38.94763941764757],[30.08663976167401,38.948672483663],[30.0843718347022,38.95014893049549],[30.08028265510541,38.95248162926747],[30.07792475171672,38.95413033176912],[30.07594643223323,38.95503755389515],[30.07470614970706,38.95510151910202],[30.07328733354278,38.95537202766099],[30.0721306433991,38.9561618573043],[30.0706618330952,38.9572613192561],[30.06976839420959,38.9583977225102],[30.06900801088565,38.95950012695567],[30.06763026969892,38.96021988561002],[30.06558897884585,38.96083317901039],[30.06421117807889,38.96155289696814],[30.06256475842105,38.96268605449022],[30.06058503298657,38.96459623448452],[30.05849781226898,38.96541650658991],[30.05738824270166,38.96575724651716],[30.05623583951113,38.96589049283194],[30.05534768167683,38.96623216551913],[30.05485515611095,38.96699013514765],[30.05440641775675,38.96781739101483],[30.05396109872093,38.96816096459732],[30.05311816999245,38.96836461700891],[30.05218961193768,38.96815329578246],[30.05082410468461,38.96711087478184],[30.04981366548653,38.96596633647259],[30.04844699766174,38.9650966304488],[30.04747445909689,38.96485052969078],[30.04352833534896,38.96548963434665],[30.02605449693615,38.96678699343283],[30.02106265679977,38.96720965430769],[30.01784588938858,38.96748258542547],[30.01589385158939,38.96792267638097],[30.01370897796128,38.96984728906784],[30.0125484742061,38.97101655993684],[30.01192524483277,38.97142824187103],[30.01117073566039,38.97163200563541],[30.01032924025854,38.97162805777519],[30.00940210007166,38.97124365355377],[30.00805301603436,38.97051474662471],[30.00685749358505,38.97047455381018],[30.00601467071225,38.9706433174635],[30.00534523823304,38.97129659402479],[30.00494260583992,38.97181293212434],[30.0042315540021,38.97212050706416],[30.00316941514199,38.97201181024322],[30.00179968620721,38.97159068974673],[29.9995977544324,38.97057792593918],[29.99838841833893,38.97046997559071],[29.99703120841934,38.97081810452941],[29.99532923472154,38.97147673893078],[29.99369079713645,38.97229411116613]],[[29.99330062576116,38.95297382776755],[30.01253977642127,38.94754640888775],[30.00716681139123,38.93836341872419],[29.9862133170844,38.94313974647399],[29.99330062576116,38.95297382776755]],[[30.07729002849872,38.94049569888293],[30.08028689762992,38.9411406962123],[30.08172558312832,38.93995542440329],[30.07486599556064,38.93566391362116],[30.07324955476743,38.93429896097184],[30.0757281946216,38.93351811415615],[30.07742338844611,38.93297751598981],[30.08089574674394,38.93122368851413],[30.0821799911,38.93051941297829],[30.08173725851975,38.9299859028259],[30.08168729299121,38.92822836487551],[30.08102953929515,38.92662993741678],[30.08168277938047,38.92551630644788],[30.08149600242374,38.92442685460399],[30.08168586995777,38.92332422715238],[30.08112914322111,38.92279050667005],[30.07500923200005,38.92226588078719],[30.06708282576743,38.9218584860329],[30.06137230658244,38.92280662191527],[30.05626961855186,38.92267861316567],[30.05415121993837,38.92178919942364],[30.05044451837531,38.9204037682271],[30.04950078499124,38.9213005574528],[30.05023257863672,38.92333035059724],[30.05036946930328,38.92612292103979],[30.04234562282085,38.93080570805722],[30.0494120317777,38.93391711100215],[30.05485725256873,38.93732715232905],[30.06009010953893,38.93938906415597],[30.06588303486011,38.93713734373145],[30.0678961868508,38.93674370681872],[30.07307888074046,38.93689036166654],[30.07729002849872,38.94049569888293]],[[29.98234397740994,38.91013399159471],[29.98357617678199,38.90813193208223],[29.98449287984546,38.90675097508114],[29.98623652335446,38.90532077162968],[29.98592438766744,38.90437915848696],[29.98238246069694,38.90123524962822],[29.98173941277049,38.90036789334236],[29.9811713993996,38.89977590275755],[29.98095048065694,38.89958724065189],[29.98093832626296,38.90011949853915],[29.98114788690054,38.90057618567639],[29.98093511059608,38.90087034785201],[29.98051312402243,38.90111822077494],[29.97963132187467,38.9013863807298],[29.97910817923576,38.90165280334778],[29.97871899161516,38.90186934369202],[29.97831161641209,38.90226899158886],[29.97806142211518,38.90241778731019],[29.97767307743933,38.90255829777569],[29.97684063734552,38.90265925115404],[29.97626956846099,38.90248050666504],[29.97603322407025,38.90254790128778],[29.975933182183,38.9027291110154],[29.97594523314516,38.90293773374488],[29.97592190645523,38.90322032258605],[29.97578855803765,38.90343984347808],[29.97549394370464,38.90360813821222],[29.97534391235491,38.90375263301431],[29.97536146045989,38.90396132755863],[29.97301859674816,38.90509290679033],[29.97303938525742,38.90563109214058],[29.97326861345915,38.90699740606974],[29.97312799478866,38.90764424840736],[29.97296060538815,38.90818197375711],[29.97290763765699,38.90841763918784],[29.97276065331367,38.9084308434048],[29.97264621963699,38.90875409725892],[29.97257209537503,38.90905518545214],[29.9723431859405,38.90935694370837],[29.97215440258752,38.90949363970203],[29.97165069069954,38.9095666696084],[29.97123293232117,38.90955582274268],[29.97078727257376,38.909490399622],[29.97055356165774,38.90949522192414],[29.97038537174472,38.90963201573747],[29.97111162069118,38.91002623549982],[29.97209566690371,38.91056064833876],[29.97248960482788,38.91108106952825],[29.97276832139701,38.91132584946809],[29.97310677008486,38.91179353439961],[29.97209592794903,38.91262934563299],[29.97209177127504,38.91342201352589],[29.97274041957148,38.91438556323989],[29.97327916335589,38.91515383621924],[29.97359104301738,38.91555785508908],[29.97677354196187,38.91377836452272],[29.98041716125021,38.91163419193239],[29.98124190674818,38.9115587575296],[29.98194440392942,38.91069880282082],[29.98234397740994,38.91013399159471]],[[30.00699083034019,38.90059644829417],[30.00626745149967,38.90094191052349],[30.00531188381065,38.90146645231726],[30.00291947204498,38.90232558898946],[30.00213579939646,38.90283051951894],[30.00130149890589,38.90361687187384],[30.00138463985559,38.90379066587906],[30.00600622563351,38.9043810577303],[30.00892942773787,38.90408364210027],[30.01166167152625,38.90387436284623],[30.01393062256422,38.90334725403339],[30.01562143610555,38.90280531101656],[30.01703405614752,38.9024025328003],[30.01855590886095,38.90182962516228],[30.02128127155433,38.9009682274793],[30.02219007147901,38.89999390658134],[30.02261810851673,38.89944367418988],[30.02389169021463,38.89896120007322],[30.02647542239254,38.89804762891627],[30.02834582026902,38.89751281518564],[30.03027375152024,38.89862593712596],[30.03245060946757,38.89866803290723],[30.03460065782472,38.89853650201226],[30.03602402031334,38.89828006736452],[30.03714168356333,38.89773866219016],[30.03863401370029,38.89690679750325],[30.03924134293833,38.89598431631086],[30.0409095659537,38.89521172422828],[30.04202660531347,38.89461765965535],[30.04328380223944,38.89369691686699],[30.04496657627123,38.89188006872047],[30.04582144906073,38.89129474422346],[30.04690643460833,38.89062250591015],[30.04758701559658,38.88953778842643],[30.04844359358685,38.88844168915957],[30.03204447543271,38.88630096424269],[30.00968757349106,38.89141888317837],[30.00468890875604,38.89549860269327],[30.00606860794318,38.89757221749755],[30.00673033997332,38.89846900068351],[30.00706701016949,38.89860444036749],[30.00722547762632,38.89865136842936],[30.00738866353942,38.89865126860668],[30.00772144922493,38.89882482580907],[30.00794054073497,38.89871257367133],[30.0081551475284,38.89860913577298],[30.00837501628069,38.8988701634775],[30.00852086029466,38.89904356755934],[30.00838285622863,38.89911774545248],[30.00797373682027,38.89925139530406],[30.00741999245813,38.8995344848907],[30.00720778225111,38.89964615646024],[30.00699083034019,38.90059644829417]]],[[[30.50786184543919,38.75391889354545],[30.50737347588895,38.75470402873489],[30.50580346579443,38.75387493907674],[30.5039604404902,38.75405207843167],[30.50310020782029,38.75445409552746],[30.50209528479839,38.75395656230334],[30.50161452713453,38.75355897000056],[30.50115350750515,38.75259572604576],[30.4992350206112,38.75142253012192],[30.49672760379689,38.75077296168684],[30.49544904394183,38.75034334784754],[30.49373668200421,38.75035131271882],[30.49047157044516,38.75069831927029],[30.48959797482299,38.75011347867019],[30.48947847766105,38.74972359929256],[30.48968160414738,38.74935555086946],[30.49001388714367,38.74890625905103],[30.48968133417193,38.74823412977335],[30.48940953947984,38.74739169750829],[30.48878675634455,38.74718525130013],[30.48822247810637,38.74687280531612],[30.48791130828805,38.74637273960438],[30.48735230142105,38.74591024466074],[30.48686864727832,38.74564242830157],[30.48650951992883,38.74494826709431],[30.48568961701188,38.74411548275072],[30.48431231237408,38.74458190176649],[30.48375364485566,38.74488566759691],[30.48329080213178,38.74511052049559],[30.48249174095848,38.7448989666247],[30.48190273189862,38.74459476732775],[30.4811134582956,38.74481095575761],[30.48002798871358,38.7449818825086],[30.47935947187245,38.74599744420022],[30.47843451053257,38.74779926065944],[30.47714553317439,38.7480396146728],[30.4756262938394,38.74805343548043],[30.47406118637545,38.74810122514688],[30.47260302455137,38.74764992007763],[30.47115743528801,38.74686930338723],[30.47011524134759,38.74746002107593],[30.46982168976511,38.74712160920333],[30.4682333115273,38.74620370309253],[30.46539455807517,38.74496136171517],[30.46254401518099,38.74347780479745],[30.45859139014674,38.74154446389849],[30.45591891129282,38.74053838125903],[30.45433085663951,38.73962028240983],[30.45218586830579,38.73992647097015],[30.44972681582635,38.74012133039016],[30.4457212132612,38.74024193464186],[30.44210433958071,38.74034132975702],[30.43854909324893,38.74020664678476],[30.43667084522045,38.73965928085664],[30.43353066717147,38.73854597997451],[30.43136205520827,38.7383694899345],[30.42812092565924,38.73834582912404],[30.4239495628059,38.73822915129718],[30.42057200046951,38.7385716116049],[30.41874675368917,38.73910913073652],[30.41711074537719,38.74036547414074],[30.41582386958784,38.74245662614828],[30.41444897296751,38.74273913820161],[30.41274144409694,38.74249515254803],[30.41285001831112,38.74124948817609],[30.41269084736518,38.73948699387479],[30.41320797843158,38.73849332093394],[30.41398997487201,38.73756832797099],[30.41389490919099,38.73649827717944],[30.41366958279907,38.73607448671721],[30.41301882346548,38.73484555101681],[30.41258055495361,38.73439610258734],[30.41227434632927,38.73399145845403],[30.41109038891033,38.73346266401995],[30.41038450995192,38.73376112175124],[30.40937494837158,38.73432506201647],[30.40833908970464,38.73462370971761],[30.40717244503622,38.73281875156513],[30.40607624450395,38.73119626882221],[30.40541985711713,38.73018661977165],[30.40427981658551,38.72871391512973],[30.4037036749262,38.72761557770043],[30.40347480775276,38.72649480229742],[30.40412157055173,38.72457933272496],[30.40534381868647,38.72165141187692],[30.40238243484693,38.71733392465875],[30.40153527016538,38.71734524188103],[30.4004573583756,38.71735141846629],[30.39818179065923,38.71748169083135],[30.39579866525405,38.7184538259497],[30.39422530063319,38.71938366751082],[30.39337482820952,38.7194853113168],[30.39135963039952,38.71986248776215],[30.38945320858944,38.72042298204445],[30.38751492420274,38.72185718969269],[30.38392476042971,38.72492733403873],[30.38369409518531,38.72441944306954],[30.38354022169181,38.7236287596855],[30.38318811097525,38.72271652764903],[30.38287657502741,38.72222725495802],[30.38233710316592,38.72169912824053],[30.38171808074324,38.72125549926265],[30.38042756531327,38.72051497410809],[30.37818150709768,38.71936420074531],[30.37682491029482,38.71862102644116],[30.37592104329617,38.71827310889769],[30.37525542757328,38.71811145179848],[30.37438981661755,38.71798939275286],[30.37253861417454,38.71789331599747],[30.3703837483192,38.7181127520789],[30.36759633521535,38.71837510416886],[30.3667072775647,38.71843461517291],[30.36622666782813,38.71836567716176],[30.36549570957792,38.71810309184753],[30.36410638858376,38.71733901501658],[30.36301198663943,38.71672928432565],[30.36238403376521,38.71643266054286],[30.360508898117,38.71560899342747],[30.35932757939192,38.71514453674247],[30.35833638729317,38.71487588486222],[30.35690764766031,38.71468915371474],[30.35684495850936,38.71467511398325],[30.35608595808381,38.71440627264813],[30.35603429836397,38.71438260029758],[30.35564820354455,38.71412597083218],[30.35562635576839,38.71410703364965],[30.35499677802141,38.71333100790948],[30.35449814523861,38.71284858190032],[30.35398528250101,38.71244428293668],[30.35351428869036,38.71214665363849],[30.35295099465165,38.71191702189364],[30.35236273072186,38.71174498242586],[30.351634072106,38.71169668287044],[30.35096647651942,38.71179355867427],[30.34997040608209,38.71201435412575],[30.34890813416694,38.7124668719726],[30.3480666349388,38.71272152133617],[30.34758437263186,38.71282258752588],[30.34712666138573,38.71283805823838],[30.34657995525592,38.71282599900972],[30.34598552785544,38.71268026229064],[30.34516593029268,38.71231217292693],[30.34426482167444,38.71179512340032],[30.34365507213499,38.71124586613896],[30.34284959763889,38.71028605362427],[30.34237570386486,38.70964140417014],[30.34206365038347,38.70896861968128],[30.34183443947083,38.70869727756212],[30.34128950904068,38.70828718585048],[30.34057780108778,38.70792663280925],[30.33995727138339,38.70769923845808],[30.33934379241131,38.70757147205409],[30.33864389420586,38.70757497821786],[30.33778850290721,38.7077327435857],[30.33577118023603,38.70856330903611],[30.33474600830154,38.70883983632984],[30.33385733103777,38.70880552314075],[30.33042931326825,38.70834906097155],[30.32941011696095,38.70805127974874],[30.32572632580448,38.70797834113799],[30.32234969445054,38.70831796160364],[30.31745008530404,38.70906390497435],[30.31408474454018,38.70964445017894],[30.31057671176909,38.71047052041684],[30.30675489956772,38.71118480737424],[30.30215160915337,38.71168004287345],[30.29844400383706,38.71154553741618],[30.29467416702734,38.71008450530611],[30.29015140916252,38.70900725543261],[30.2855539147584,38.70779758349135],[30.28214327206628,38.70741254392993],[30.28000412241642,38.70783615729283],[30.27896551391373,38.70871115938105],[30.27787421504381,38.71176107086151],[30.27614986258979,38.71446687198387],[30.27467154976323,38.71583740609881],[30.27269174921968,38.71637705898712],[30.2685499564287,38.71685774820165],[30.26689497165245,38.71775024941945],[30.26526238404313,38.71912506521046],[30.26288199302667,38.72100417111751],[30.2606050954048,38.72179357749471],[30.25616602347408,38.72252378117783],[30.25186413485458,38.72288768199216],[30.24894855972935,38.72321204298849],[30.24625736567304,38.72171881001022],[30.24368687377561,38.71949763396244],[30.24096808334172,38.71740135094274],[30.23979525153465,38.7153819547394],[30.2392672657864,38.71356986675296],[30.2391912024549,38.71346829068465],[30.23855524904105,38.71232068759476],[30.23758893623055,38.71109120138005],[30.23481768009246,38.7083408370163],[30.23392468668606,38.70797216457671],[30.23314466745228,38.70730445171753],[30.23272775711223,38.70624495745476],[30.23243233282339,38.70579730923904],[30.23196575927041,38.70516797921654],[30.2320685084035,38.70513746853899],[30.23240522108549,38.70487693176284],[30.2326204400045,38.70449759284406],[30.23253126736132,38.70280310605377],[30.23313164755975,38.70184892895632],[30.23305732691617,38.70106668228761],[30.23340385087883,38.69969772469285],[30.23328663598441,38.69775406824101],[30.23296690823117,38.696788750052],[30.23234770953028,38.69612170821729],[30.23110104495348,38.69515258661119],[30.23010097367528,38.69389176050665],[30.22974725404251,38.69280208410748],[30.22876150133702,38.69009656091229],[30.22866722072428,38.68804658737132],[30.22917215030506,38.68561745349646],[30.22982545523461,38.68306337839171],[30.22987401143443,38.68076787859074],[30.22929569272755,38.67824860846116],[30.22842616854842,38.67609979290788],[30.22793025124746,38.67469473418567],[30.22713395781501,38.67390531945296],[30.22645386556929,38.67357252188905],[30.22610921297038,38.67344741713266],[30.22543528890925,38.67323489329592],[30.22483577139988,38.67309279815072],[30.22434967304562,38.67292137317143],[30.22427318601821,38.67274107541629],[30.22445264229082,38.67241248088029],[30.22513061334061,38.67157122721769],[30.22580220642952,38.67074418081501],[30.22640300574894,38.66981296111608],[30.22668991078656,38.66948441346139],[30.22837367658741,38.66825293742289],[30.22995033608854,38.66661552499738],[30.22985303649535,38.66642452152176],[30.22982831967729,38.66603944421222],[30.23016404328297,38.66557015952422],[30.23051733375282,38.66530012402025],[30.23103991824114,38.66508874356499],[30.23222258827249,38.66472068134082],[30.23239476905186,38.6646299058208],[30.23281114449286,38.66406875749216],[30.23330650979616,38.6637246538318],[30.23379253576201,38.66355014241242],[30.23410875183693,38.66331144154489],[30.23437977957958,38.66294678630198],[30.23460533942755,38.66283601255385],[30.23488221846992,38.66283425741855],[30.23493177749943,38.66284669805162],[30.23526593681859,38.66303260811088],[30.23557293267218,38.66327762665282],[30.23594168356219,38.66338293143482],[30.23612126954221,38.66340237644443],[30.23638062233632,38.66333964507907],[30.23652219099019,38.66326360881226],[30.23673364239047,38.66296665838241],[30.23678916530454,38.66270604685004],[30.23922250674545,38.66287463584187],[30.24105830851464,38.66258108652856],[30.24397146062357,38.66225692644931],[30.24799540045645,38.66262559210811],[30.25099781828875,38.66423063649479],[30.25456268967059,38.66799299617856],[30.25664737031313,38.66966524226727],[30.25960035353336,38.67114328544012],[30.26294725309589,38.67266580562718],[30.26526221184546,38.67343660221503],[30.26953772343533,38.67348175759448],[30.27323122852267,38.67326445401284],[30.27689221607458,38.67235053783059],[30.27882876595437,38.67157246455155],[30.28079810123116,38.66947666965501],[30.28215566952832,38.6673984063527],[30.28363160846325,38.66621641121025],[30.2846403714229,38.66486788561414],[30.28534328849076,38.66352814217915],[30.28555765130087,38.66238237553299],[30.28577200732669,38.66123660897233],[30.28510969309887,38.65525772791064],[30.28471998921901,38.65266269364017],[30.28470403323388,38.65068383700306],[30.28552327858852,38.64856101000855],[30.28681509106307,38.64672448143573],[30.2879195733904,38.64579301644015],[30.28899219051146,38.64538789513344],[30.28972306396923,38.64585394732751],[30.29033132042957,38.64604822953683],[30.29165715858665,38.64606642951758],[30.2935064290594,38.64575102830973],[30.29547610373518,38.64583824543075],[30.29746143118835,38.64654761724981],[30.29890179969467,38.64673511487204],[30.30243124943597,38.64663885660486],[30.3040634244845,38.64708504328203],[30.30520391242705,38.64768020010894],[30.30701734470068,38.64949024464804],[30.30908832669946,38.65128832654377],[30.31031158356695,38.65245773546138],[30.3110800403905,38.65338606292715],[30.31213773078636,38.654961377481],[30.31266276220622,38.65566393858452],[30.3132153897066,38.65614670018403],[30.31416083468478,38.65660257346229],[30.31545871253084,38.6568193589855],[30.31686976157926,38.65704258412272],[30.31735819810818,38.65717928924942],[30.31777761832356,38.65740913153698],[30.31880872690517,38.65779016217581],[30.31914722365102,38.65871854933007],[30.31948923076438,38.66033517323751],[30.31988203091484,38.66166905793048],[30.32060583986945,38.66275817230666],[30.32137339331146,38.66375365117622],[30.32206409320041,38.66465272980741],[30.32319701501597,38.66556193293631],[30.32498404576286,38.66727471493699],[30.32708274014863,38.66710191538757],[30.32977624872032,38.66716348130487],[30.3331146236394,38.6657866173923],[30.33533579627077,38.66676309883609],[30.33726421266403,38.66706670879694],[30.34102755507234,38.66731668548066],[30.34399217806642,38.66687013855209],[30.34800428205017,38.66591300682611],[30.3511159935691,38.66534200872898],[30.35291655318838,38.66456945933417],[30.35484710405066,38.66331322245885],[30.35719336676851,38.66114503682923],[30.3596474217295,38.65963342130497],[30.36228004400691,38.65865632710321],[30.36462115357396,38.65798765409032],[30.36758810927479,38.65760040796069],[30.37057226127434,38.6575724653021],[30.37340914363642,38.65820402448488],[30.37459928518733,38.65857417155899],[30.37605136798753,38.6590257641458],[30.37839362677178,38.6599762680311],[30.38085272023918,38.66176301002133],[30.38368841374092,38.66341859844225],[30.38547557829392,38.66396552009517],[30.38817439295798,38.66436544908661],[30.39022562544437,38.66562425227463],[30.39224802917275,38.66628406200272],[30.39424154886536,38.66634488165406],[30.39584702970786,38.66629722610323],[30.39726078105685,38.66703500251409],[30.39855639810266,38.66849604903175],[30.39967309187038,38.66942256698668],[30.40121377316244,38.66961669184705],[30.40321319287519,38.66979714836827],[30.40544778975841,38.67009053287188],[30.4068501014295,38.67058861089535],[30.40791660770979,38.6720563827227],[30.40852150061459,38.67347791884173],[30.40949128965846,38.67452868740198],[30.41021857982716,38.67470019979083],[30.41324207203564,38.67389025023339],[30.41639512624159,38.6725964978035],[30.41782452113228,38.67207394735981],[30.41867428136717,38.67222850279804],[30.41881772749619,38.67360379759219],[30.41961726822793,38.67429968212688],[30.42304917156576,38.67401710415643],[30.42470791822847,38.67348760750389],[30.4274107667269,38.67238697360317],[30.42913421558743,38.67161554546149],[30.43064579618285,38.67121033720945],[30.43285422729676,38.67096414788376],[30.43482157270604,38.67048522546492],[30.43697107772332,38.67060061949029],[30.43896182002112,38.6706007818682],[30.44093790700105,38.67030143905013],[30.443693371881,38.66871897880384],[30.44502694322592,38.66686145169272],[30.44611499496816,38.6656290360636],[30.44862320410189,38.66369400321246],[30.4508196206963,38.66164835330983],[30.45301885476964,38.65966255486567],[30.45446827372134,38.65799926811324],[30.45512382089752,38.65576011244796],[30.45560004090479,38.65454607535924],[30.4566696771967,38.65352669490398],[30.45632869257165,38.65320030772209],[30.45514584552183,38.65241716697541],[30.45471499777231,38.65209950101037],[30.45428969062929,38.6516928411768],[30.45403649417238,38.65126655125018],[30.45373903221211,38.65061721970584],[30.45321941802285,38.64991141517407],[30.45287498995701,38.64960095185578],[30.4528063630253,38.64935708942281],[30.45287713745243,38.64910414602701],[30.45306629601098,38.6485629414958],[30.45294405713426,38.64808766215693],[30.45224106828042,38.64743007198747],[30.45175598075659,38.64672875262506],[30.45565605034074,38.64612295137983],[30.45711732711286,38.64587602259118],[30.45822171816238,38.64523352880325],[30.45902712224676,38.64430580295583],[30.46001526341289,38.64389101424212],[30.46107918988844,38.64351534845739],[30.46254614194553,38.64012675069437],[30.46302584269421,38.63998206825466],[30.46367783020683,38.63943787739854],[30.46406692397227,38.63905858314236],[30.46472162667833,38.63843689869795],[30.46593841338894,38.63813758184575],[30.46650805118868,38.6376846457341],[30.46714667018209,38.6363956955342],[30.46760809451122,38.63500858243665],[30.46904141332936,38.63313537415422],[30.47370403317209,38.63462495710918],[30.47537096091917,38.63499596586255],[30.48008154774719,38.6354549223903],[30.47947369285434,38.63736250380632],[30.47977681590439,38.63846338136755],[30.47982385875348,38.63955873842647],[30.47993719630575,38.64038752249395],[30.48032491847388,38.64151255478964],[30.4805481757575,38.64245537415591],[30.48233695934555,38.64260557642734],[30.48420140069342,38.64222137378102],[30.48531065197759,38.64207427550318],[30.48428209814354,38.64410739830812],[30.48363256220819,38.64508851926404],[30.4834109246236,38.64592807509089],[30.48347392071231,38.64786293822458],[30.48349793196365,38.64819200339404],[30.48552208476501,38.64817994123715],[30.48676868652774,38.64862182642949],[30.48643699213169,38.64965165210145],[30.48535284076089,38.65094433244335],[30.48520068091032,38.65250853448066],[30.48565109353146,38.65387443053795],[30.48650151249157,38.65558803827284],[30.48716644027767,38.6566474761876],[30.4875375089383,38.65795580064684],[30.48849338521317,38.65870644717153],[30.4904370647619,38.6593069935884],[30.49289453598678,38.66013546997387],[30.49381791824164,38.66039267233978],[30.49481136334886,38.66040571543734],[30.49585032837283,38.66060183815853],[30.49711879146856,38.6607892444904],[30.49765871030223,38.66074384809895],[30.49834862838892,38.66059710911735],[30.49850935941382,38.66053317251791],[30.49941584449089,38.66041610616532],[30.50111841435375,38.66078391861802],[30.50292726035234,38.66174828584922],[30.50445126450923,38.66314123606927],[30.50559310336701,38.66454587302948],[30.50659403341085,38.66619475200935],[30.5069338435629,38.66840373377397],[30.50701525847745,38.6715468805061],[30.50645140561231,38.67252389285136],[30.50361959721233,38.6742984904291],[30.50339357565795,38.67474340078658],[30.50286572299525,38.67551599427905],[30.50216897722898,38.67638899627995],[30.50138568368717,38.67706808046171],[30.50120884094117,38.67726333234453],[30.50122415961496,38.67743093862107],[30.50132474691942,38.67766717981232],[30.50143461459724,38.67787327124234],[30.50029367629381,38.67849872246502],[30.49910179118974,38.67809755636135],[30.49794483398986,38.67718053252814],[30.49613684578426,38.67629234366796],[30.49476585702648,38.67605703444477],[30.4934897272354,38.67592670853011],[30.49258622176371,38.67546972377909],[30.49122424683,38.6749771503944],[30.49047047118813,38.67681436110749],[30.48996703203041,38.67806488646957],[30.48930309843621,38.67920899591448],[30.48863464526828,38.68048171109042],[30.48823589069041,38.68155428659],[30.487939517364,38.68298182289522],[30.48673683527335,38.6863795874708],[30.48660506478624,38.68732918898689],[30.48626827204396,38.68850605409717],[30.48764797862107,38.689436673111],[30.48965039578489,38.69040639558405],[30.49102435422878,38.69432286597139],[30.49147037173437,38.6947185629331],[30.49335745361956,38.69617483587507],[30.49476483413041,38.69726041609911],[30.49604724433255,38.69816311100733],[30.49697939006348,38.69874939247807],[30.49708287477395,38.69954959515276],[30.49738061733993,38.70043118330636],[30.49819998017093,38.70142690367003],[30.49868393631124,38.70262137199237],[30.49928610931737,38.70325205554346],[30.5001284974446,38.70453141216118],[30.50290054555078,38.70322638049961],[30.50377504847723,38.70043857807006],[30.50484529620297,38.698755072397],[30.50689905526443,38.70048553209834],[30.50830746963585,38.70129390906146],[30.5106255175989,38.70353950422278],[30.5112070219251,38.70268393616106],[30.51551523655343,38.69724431607042],[30.51296668483609,38.69678841588665],[30.51212919341305,38.69631237382894],[30.51219502735867,38.69525849551495],[30.51245139416066,38.69417875978106],[30.51199547159301,38.69238267054192],[30.5145210607797,38.69163048533618],[30.51590471486467,38.69153242021476],[30.51604398631482,38.69127166842384],[30.51618178473037,38.69094819959253],[30.51630481982004,38.69066619578219],[30.51639047189643,38.69047036377249],[30.51643575504753,38.69032733777539],[30.51645867393319,38.69023119170763],[30.51646362134405,38.69018494895607],[30.51647859851762,38.6901345666478],[30.51648295242422,38.69008896360023],[30.51815853883354,38.69033726812221],[30.5199367749639,38.69054292611421],[30.52134906305795,38.69048893241182],[30.52258246293347,38.69044512121734],[30.52351767027863,38.69016758904916],[30.52438654289614,38.68982219330708],[30.52599244198644,38.6892278544509],[30.52740632651548,38.68822810891606],[30.52925996929483,38.68771009863568],[30.53065595554079,38.6889646480702],[30.53392788727033,38.69006338551157],[30.53782977420369,38.69150247519998],[30.54089059988075,38.69296744927636],[30.54259716340022,38.69339453796857],[30.54543879279085,38.69354652704485],[30.54787993357675,38.69335095167961],[30.54912165398481,38.69367237782251],[30.55116139558007,38.69462887457241],[30.5539136896803,38.69604309887991],[30.5565313059281,38.69782134985463],[30.55738697193109,38.69959430270664],[30.5566978862221,38.70111531213923],[30.55523485112443,38.70248039218575],[30.55299533713032,38.70348250642884],[30.55236748061213,38.70470166551274],[30.55207883284088,38.70657012589984],[30.55248463143403,38.70853701609806],[30.55293971075238,38.70996251926572],[30.55290861100526,38.71086324493795],[30.55180962528668,38.71185707553816],[30.55018724127467,38.71310705542052],[30.54848528022237,38.71429949254509],[30.5457797300318,38.71534302416435],[30.54375051385281,38.71612563167076],[30.54100259130208,38.71633058654717],[30.53901964631143,38.71651184213707],[30.53740826375246,38.71708697243761],[30.53613712195075,38.71636502584804],[30.53348383570257,38.71565110991889],[30.53161547934337,38.71561165701502],[30.52936757489404,38.7160110515808],[30.52807479536835,38.71628164502265],[30.52643066864839,38.71617236925505],[30.52525812884233,38.7161723696597],[30.5238215463124,38.71647711153032],[30.52267336651792,38.71714795573929],[30.51930649686842,38.72011793827694],[30.51903778578114,38.71964050379911],[30.51893681684958,38.71935283956351],[30.51857773407068,38.71965556232438],[30.51832820063521,38.71999785301931],[30.51833416251765,38.72028349902674],[30.51797764849437,38.72051179153461],[30.51688335566854,38.7205381966242],[30.51484093174528,38.72186030576661],[30.50479726546219,38.72134881498904],[30.50238384074547,38.72288797077918],[30.50539518450467,38.72940116369505],[30.5085793191885,38.73685929464056],[30.51871486628786,38.7401066646917],[30.51933280601546,38.74038792783953],[30.52034103039821,38.74203306856617],[30.52106835359669,38.74300189048697],[30.52158356702903,38.74350441192267],[30.52237261551078,38.7437892892419],[30.52352435858611,38.74403715968513],[30.5238423440274,38.74419286714097],[30.52450195596783,38.74437070929621],[30.52510660389886,38.74448779668197],[30.52569481615434,38.74453005016668],[30.5257538716707,38.74557406836949],[30.52586328277049,38.74626163284043],[30.5261519947195,38.74671464663021],[30.5262634656379,38.74734266763084],[30.52579049744684,38.74802937702868],[30.52546166203006,38.74928862856567],[30.52345202795304,38.74912276393913],[30.52185399336259,38.74970666932802],[30.52052865156841,38.75038900961526],[30.51902543844237,38.75051154268888],[30.5169266766586,38.7507449579977],[30.51536067626236,38.75040276392329],[30.51362010418108,38.74940815079043],[30.51207130263272,38.74857204478057],[30.51051877678488,38.75011434207592],[30.50952340026932,38.75151404887792],[30.50881464995447,38.75261096302041],[30.50786184543919,38.75391889354545]],[[30.48921303947261,38.71630121022451],[30.48847041637283,38.71610980736243],[30.48608569930569,38.71685995193352],[30.48387030511822,38.71814024120288],[30.48153628285556,38.71838146376803],[30.47956312512726,38.71897699229297],[30.47818513849171,38.71936508543507],[30.47731733370355,38.71970587659728],[30.47674280760725,38.72009357249979],[30.47781234353234,38.72107424302301],[30.47845718375783,38.72179862181249],[30.47889852009083,38.72270394352854],[30.4801980262187,38.72387489188333],[30.48104426265374,38.72448004111197],[30.48200221790014,38.72527293025049],[30.48294935784809,38.72637447482282],[30.48437370611856,38.72736272888171],[30.48607933722355,38.72820257129202],[30.48755506974978,38.72885210730859],[30.48890840557361,38.72736760923503],[30.48953405300097,38.726392586247],[30.48968900849328,38.72534566719921],[30.48967122031039,38.72472749196108],[30.48992924696808,38.72411524232081],[30.49061636994951,38.72363576750636],[30.49128568117229,38.72253811265605],[30.49161763767223,38.72093897627831],[30.49088038740616,38.71947133155017],[30.49158797134526,38.71840538590654],[30.49100293963616,38.71709545789233],[30.48921303947261,38.71630121022451]]],[[[29.9162514921445,38.8427958418595],[29.9140609988029,38.841757868273],[29.9133649496237,38.8414431068173],[29.9128277916623,38.8411003079226],[29.9118316331143,38.8404531430489],[29.9118288417248,38.8404513297884],[29.9114938265034,38.8402750891996],[29.9110426161284,38.840037718109],[29.9106688709958,38.8397774780317],[29.9099970573125,38.8394524643739],[29.9094852335063,38.83927749356],[29.9083862444922,38.8388909139798],[29.9077458218415,38.8388828029011],[29.9057938088055,38.8388592130678],[29.9044370876351,38.8389059405389],[29.9042818607508,38.8389112861299],[29.90360179628,38.8389639673081],[29.9019933460233,38.8390885510025],[29.9006178279163,38.8391660657689],[29.9005440446017,38.8391678994155],[29.900223955434,38.8391692643897],[29.8984394757681,38.8391768598626],[29.8973778209898,38.8391021335399],[29.8964286999932,38.8389187053246],[29.895358869776,38.8383387332212],[29.8943772802139,38.8378095131008],[29.8930204768708,38.8369815134539],[29.8911083806359,38.8353585650494],[29.8903937680584,38.8348852735306],[29.8896858980603,38.8344262521992],[29.8896788488419,38.8337958415818],[29.8895856895521,38.8334708213501],[29.889362059969,38.8331153356959],[29.8893548605513,38.8329374094029],[29.8892485133947,38.8327426830355],[29.8889179192777,38.8324813031764],[29.8887447231719,38.8323074851824],[29.8884357653411,38.8322766224415],[29.8880184011506,38.8321521685215],[29.8876834910389,38.8320882498739],[29.8873360899438,38.8320198256528],[29.886991801207,38.8320283417381],[29.8867104020491,38.8317657386447],[29.8867204870542,38.8315585030589],[29.8866700647928,38.8313768318356],[29.8863174202282,38.831178566339],[29.8860280067117,38.8310220595699],[29.8857510844842,38.8308700559307],[29.8848501841434,38.8308104943073],[29.8843502588094,38.830774712172],[29.8839809287082,38.8306201750102],[29.8838672867696,38.8303967421036],[29.8838031516473,38.8300276763509],[29.8837047163374,38.8294187773327],[29.8825735890462,38.8286861621248],[29.882424815447,38.8285069175964],[29.8823174924215,38.8283805412456],[29.882140536195,38.8281721692048],[29.8820186618148,38.8279609071402],[29.8819817362015,38.8278968988031],[29.8817958860315,38.8277137561307],[29.8815206707866,38.8274509862931],[29.8810095788841,38.8272903115772],[29.8805532953854,38.8272678764049],[29.8801794445098,38.8272467091506],[29.8799611820382,38.8272343509002],[29.8796203461879,38.8271753684189],[29.8794591504367,38.827145649757],[29.8787167266321,38.8268943973991],[29.878097066398,38.8266353006758],[29.8775056284905,38.8263129271491],[29.8768763434495,38.8259674144033],[29.8763504096898,38.8255904707769],[29.8756501742919,38.8250108310964],[29.8751175270932,38.824619606246],[29.8748965132425,38.8243266035076],[29.8744651355064,38.8240050854408],[29.8739823668053,38.823323807805],[29.87343469489,38.8227115161491],[29.8729710086438,38.8221982414226],[29.8725600278283,38.8219243500074],[29.8720512755951,38.8216673043974],[29.8715087356654,38.8214881054166],[29.8709262234096,38.8212328691814],[29.8705001354474,38.8211952105781],[29.8713291099015,38.8222241989174],[29.8716938488653,38.8227254737343],[29.8732441225314,38.8240929095734],[29.8735169733557,38.8242979936925],[29.8739802480163,38.8246476125057],[29.8742423998282,38.8250455033902],[29.8743116447871,38.8253648540087],[29.874378405623,38.8256727420926],[29.8743904645244,38.8257277894419],[29.8744990225215,38.8262233409433],[29.8745094556366,38.8263036062625],[29.8745168493184,38.8263604892287],[29.8745260956691,38.8265902388376],[29.8745316922854,38.8267293000324],[29.8745395085889,38.826923513005],[29.8745664762589,38.827593568671],[29.874654810654,38.8281064533361],[29.8746628938988,38.8281543902988],[29.8746773195737,38.8282069846659],[29.8747433782745,38.8284223356939],[29.8748473199285,38.8287611811881],[29.8749118881772,38.8294479414473],[29.8749314472862,38.8295391199546],[29.8750330981262,38.8300129655346],[29.8750693556305,38.8301934802971],[29.8751319651014,38.8305051970012],[29.8751716387592,38.8307027179685],[29.8756163266048,38.8316593043824],[29.8756365134484,38.8317021303558],[29.8757336992114,38.8319489026465],[29.8759312857845,38.8324506093066],[29.8762116378185,38.8331464922103],[29.8761917941505,38.8335705814552],[29.8759889573685,38.8343409478986],[29.8759912816447,38.834398654706],[29.8759939932664,38.8344659782637],[29.8760008804971,38.8346369719239],[29.8760354438318,38.835495075815],[29.8761118435596,38.8358638429467],[29.8761143136871,38.8358703182292],[29.8762701105258,38.836278729475],[29.8766286693682,38.836929361168],[29.8758757465585,38.8371837831474],[29.8757422221429,38.8372303962994],[29.875694385248,38.8372410120064],[29.8753274140754,38.8373224468501],[29.874869757855,38.8374203658264],[29.8745929264448,38.8375764064935],[29.8745469967898,38.8376162644609],[29.8744502010626,38.8377002632471],[29.874218343349,38.8379033314314],[29.8739971324585,38.8383708884682],[29.8736450078653,38.8386443081379],[29.8733084245817,38.8388451402148],[29.8727562471902,38.8390416507506],[29.871881043467,38.8391642743891],[29.8711011233589,38.8392075309756],[29.8705646368058,38.8391822169553],[29.8705551420041,38.8393167672972],[29.8705228259407,38.8397747324318],[29.8703921210681,38.8416269753023],[29.8703196476763,38.8422737852275],[29.8701902470501,38.8427294492966],[29.8701902308437,38.8427296478968],[29.8701000192079,38.8438532454133],[29.8701122392327,38.8443102402594],[29.8702464770938,38.8447401664351],[29.8704732267386,38.8454807036251],[29.8705299641773,38.8456670402265],[29.8705658436577,38.8457875057856],[29.8705726616391,38.8458103988491],[29.8708901929536,38.8468182652922],[29.8710174953543,38.8472269398345],[29.8710881036848,38.8474536103236],[29.871360586585,38.8481063746456],[29.871579856604,38.8488133979299],[29.8720215924892,38.8492357552638],[29.872477481028,38.8493978267373],[29.8729475600976,38.8494536462613],[29.8733052742218,38.8494998075887],[29.8734487759712,38.8495183253503],[29.8737438100465,38.8496602832032],[29.8742675426918,38.8498254905876],[29.8745152517772,38.849961454178],[29.8747711358447,38.8501019042204],[29.875359858715,38.8503521512274],[29.8757859809706,38.8505390108295],[29.8759848042757,38.850572713838],[29.876331416689,38.8506314692577],[29.8768554968557,38.8506522468256],[29.8770219257657,38.8506577713614],[29.8774179710689,38.8505565484462],[29.8775352604548,38.8504909124103],[29.8782727980159,38.8500781751924],[29.8792859920294,38.8501687100019],[29.8802250049646,38.8502514395396],[29.8808194454654,38.8503378539115],[29.8814652875512,38.850172688016],[29.881755484453,38.8501944042614],[29.8823320068531,38.8502373031522],[29.8824840521051,38.8502486166434],[29.8830861322317,38.8502193029561],[29.8837122944607,38.8503289876763],[29.8839665666089,38.8503756539598],[29.8843880448334,38.850447069707],[29.8851491854076,38.8506978179775],[29.8852356696591,38.8507053070863],[29.8854546007789,38.8507913533256],[29.8863676661247,38.8508409795956],[29.8867376178623,38.8508558972674],[29.8870301957408,38.8506320471389],[29.8874527685679,38.8505782707337],[29.8876899931177,38.8511163399977],[29.8879044533658,38.8518523304422],[29.8879017280411,38.8525455582597],[29.887671110964,38.8529315399661],[29.8876374402741,38.8536207207355],[29.8876154470469,38.8545984288105],[29.8875929859428,38.8554124850108],[29.8876247088056,38.856196318983],[29.8877233834997,38.8563527270988],[29.8877332419509,38.8563685031752],[29.8884343191064,38.857490399584],[29.8888317409473,38.8578426550327],[29.8893219150099,38.8582771145838],[29.890121171406,38.8591622816968],[29.8906302356919,38.8597224924879],[29.8908372900958,38.8598184493733],[29.8908896118986,38.8598941712476],[29.8911769900034,38.8603010223154],[29.8913245783666,38.8606006232082],[29.8914696341384,38.8608377093573],[29.8915168673283,38.8610916599025],[29.8915652704799,38.86137446373],[29.8918970705008,38.8617089491406],[29.8919054801961,38.8617174264175],[29.8919375973572,38.8617503254679],[29.8919901558293,38.8618041632105],[29.8925799517106,38.8624083096325],[29.8930421033911,38.862873400614],[29.8933743301542,38.8630191987152],[29.8936091214487,38.8631914806595],[29.8940611393739,38.8634065106611],[29.894534540174,38.8636932128247],[29.894895373125,38.8640886039701],[29.8953055167351,38.8643335500562],[29.8956208631798,38.8645182697797],[29.8961416287039,38.8646064311637],[29.8963717464519,38.8646632969719],[29.8966891465805,38.8647468770936],[29.8970933846911,38.8649588161534],[29.8972238787877,38.8650272319944],[29.8980893601425,38.8640526479429],[29.8987834854559,38.8632556043488],[29.8988409103843,38.8636878477435],[29.8988899309264,38.8640568307912],[29.8990232121843,38.864457862287],[29.8992645759166,38.8649428523469],[29.8993302804417,38.8650032727061],[29.8995138363315,38.8651720640005],[29.8995907784316,38.865242817689],[29.8996931006315,38.8653365471775],[29.8999421722635,38.8655565967078],[29.9000316083724,38.8656362054465],[29.9002402420666,38.8657155399736],[29.9003880723968,38.8657717536568],[29.9009174575453,38.8660714783826],[29.9011442782284,38.8663498419519],[29.9011328887661,38.8668266706921],[29.9011025759406,38.8670699165016],[29.9011003951634,38.8670874123108],[29.9011437455899,38.8671326926058],[29.9013254594277,38.8673224971129],[29.9013509843016,38.8673486356764],[29.9015182064235,38.867519874793],[29.9014933930083,38.8676031717599],[29.9014748667338,38.8676653608642],[29.9013539128697,38.8678705393763],[29.9013173105064,38.868030297636],[29.9012854907894,38.8681562420917],[29.9011733373872,38.8685778133505],[29.90120450609,38.8688899221275],[29.9012836021126,38.8690179224139],[29.9016351327084,38.869485727922],[29.9016217907162,38.8699144686052],[29.9015272223471,38.8704655696621],[29.9013869409467,38.8708011965096],[29.9010948318541,38.8711887326767],[29.9009796304098,38.8713841406799],[29.901051707452,38.871642282365],[29.9010287762579,38.8718353963664],[29.9008321498434,38.872148354716],[29.9008477998376,38.8725330525203],[29.9008073037432,38.8728998928009],[29.9008921641365,38.8730181228318],[29.9009765457875,38.8732759585885],[29.9012741893133,38.8736295773617],[29.9014392656479,38.8740951016026],[29.9014620005231,38.8741592160576],[29.9016741658928,38.8744752696582],[29.9017766515221,38.874627937514],[29.9018291794805,38.8747081777622],[29.9018882736718,38.8747984502566],[29.9020982401236,38.8751157387837],[29.9024212868611,38.8754879776381],[29.9025224547432,38.8755528507899],[29.9028088016216,38.8757353162514],[29.9028132635411,38.8757381602252],[29.903114316769,38.8758009509913],[29.9033287493097,38.8758456745518],[29.9035649874367,38.8759490573183],[29.9038491339843,38.8760734042331],[29.9044223405039,38.8762372406222],[29.9044663817776,38.8762602120854],[29.9046887883402,38.8765213694151],[29.9046992077717,38.8765336047122],[29.9051479763558,38.8771193162938],[29.9053844712531,38.8772609864128],[29.9054951440278,38.877327283297],[29.905901405014,38.877625235793],[29.9061659052176,38.8780711249401],[29.9063705787981,38.8787110471693],[29.906387754902,38.8787295518799],[29.9066282241628,38.8789886309635],[29.906974426059,38.8791725496721],[29.9074047956598,38.8793062337571],[29.9076087717564,38.8797776951448],[29.9076096332971,38.8797988179417],[29.9076154403328,38.8799411911705],[29.9076300601529,38.8802996261996],[29.9076338772108,38.880393208189],[29.9078048690568,38.8809617627808],[29.9079761309369,38.881385903214],[29.9081647256884,38.8816802556714],[29.9081734472827,38.8816938680919],[29.9082498516501,38.8817179710454],[29.9083855651669,38.8817607848793],[29.9084567005943,38.8819948769108],[29.9083554883569,38.8821230446364],[29.9081697602541,38.8823582338364],[29.9081719994312,38.8824131170568],[29.9081776078653,38.8825505816026],[29.9083619257532,38.8826578626854],[29.9084551746676,38.8827121376589],[29.9085268224656,38.8827635059694],[29.9087406610487,38.8829168183449],[29.9085715942133,38.8833013061902],[29.9087352138586,38.8835379059725],[29.9088498712346,38.8840837953065],[29.9088663561624,38.8844877250629],[29.9088156249132,38.8847537362001],[29.9088052729266,38.8852546066388],[29.9088343965341,38.885364592803],[29.9089505005891,38.8857949200196],[29.9092138076441,38.8863611701566],[29.9092797659399,38.8865323614212],[29.9093515805872,38.8867187526228],[29.9094225283639,38.8870846869183],[29.9094295970266,38.8871211477513],[29.9095354328719,38.8874506451244],[29.9095885766517,38.8879980672848],[29.9097569234914,38.8883500740316],[29.9102981053853,38.8889334585074],[29.9106429257947,38.8892329254426],[29.9113184946903,38.8893364089483],[29.9116915930747,38.8894233698513],[29.9120789770382,38.8900105838201],[29.9124954234013,38.8904045287578],[29.9130595450318,38.890794784985],[29.9194510740691,38.887954902974],[29.9454945306655,38.8560785812343],[29.9451001369049,38.8554723990835],[29.9445422867019,38.8547836956081],[29.9439822653691,38.8538928751269],[29.943386548279,38.8534794945271],[29.9425900844691,38.8532733426314],[29.9415051903887,38.8530888962306],[29.9406303704473,38.853072435145],[29.9387882888234,38.8530370067425],[29.9377700360286,38.853125221064],[29.9366690511583,38.8532973384527],[29.9359693675297,38.8534978593205],[29.9351119477668,38.85390451259],[29.934734606609,38.8541594944076],[29.9344530872312,38.8543494896761],[29.9339620603712,38.8546843450805],[29.9338961935752,38.8547293228262],[29.933687061428,38.8550330220862],[29.9329209562528,38.8561642137401],[29.9323578203202,38.8569918596841],[29.9318530105747,38.8577410202183],[29.9313345585696,38.8581583839606],[29.9310294267841,38.8582238115594],[29.9305906012535,38.8581818828147],[29.9300821983775,38.8578908668131],[29.9298655735378,38.8577668664385],[29.9290162025909,38.857172051149],[29.9289475536573,38.8571179865197],[29.9279855706471,38.8563603520501],[29.9268897499336,38.8553095996891],[29.9261655976757,38.8547645710016],[29.9260567140825,38.8546614023544],[29.9256788925865,38.8543050432273],[29.9251217867598,38.853779887456],[29.9246783791018,38.8531748619368],[29.9244735908974,38.8526841955375],[29.9242351010791,38.8521221682363],[29.9241505918814,38.8514118759507],[29.9240346631446,38.8509863716446],[29.9238644600557,38.8502878522348],[29.9232973973614,38.8493682228795],[29.9229704769242,38.8487506449451],[29.9226372163427,38.8481284111953],[29.9223217732681,38.8476405113498],[29.9213840837769,38.8465376069766],[29.9212647853171,38.846397512819],[29.9209155419707,38.8459873851707],[29.9208021317114,38.8458542026498],[29.9207570570162,38.8458007582201],[29.9204204497186,38.8454016497687],[29.9203873731015,38.845363559129],[29.9202977162373,38.8452603125653],[29.9199116116727,38.8450004124169],[29.9194919777917,38.8447139089268],[29.9191770919068,38.8444989187522],[29.9180882194678,38.843760787639],[29.9169858346772,38.8431433234687],[29.9165533038565,38.8429386563878],[29.9162514921445,38.8427958418595]]]]}},{"type":"Feature","properties":{"id":"istiklal-tour","name":"İstiklal Yolu Tarihî Millî Parkı","source":"T.C. Tarım ve Orman Bakanlığı DKMP Ekotaban CBS","source_url":"https://ekotaban.tarimorman.gov.tr/alan/38","source_record_ids":["5227","5228","5229","5230","5231","5232","5233","5234","5235"]},"geometry":{"type":"MultiPolygon","coordinates":[[[[33.62549655906943,40.85958207189201],[33.62557265929485,40.85882257900006],[33.62557591029481,40.85879013500004],[33.62780404529458,40.85656393399783],[33.6285093712945,40.85585921999715],[33.62866755129461,40.85446707999586],[33.62876363129465,40.85362147699514],[33.62893853929474,40.85208211199372],[33.62898012629476,40.85171610999341],[33.6294471702947,40.85154069499321],[33.62945388629467,40.85153796499321],[33.6294651552947,40.85153235399319],[33.63040328729454,40.85100496399265],[33.63055729429452,40.85091838599256],[33.63056295829453,40.85091499499255],[33.63057058529454,40.85090968799258],[33.6305775752945,40.85090389599255],[33.63058387329453,40.85089766399256],[33.6305894322945,40.85089103799253],[33.63059136029453,40.85088840099251],[33.63070917729451,40.85072071499234],[33.63071285029448,40.85071501199234],[33.63071598429448,40.85070912599235],[33.6307190952945,40.85070163399233],[33.63072133429452,40.85069396499232],[33.63072241329453,40.85068825399232],[33.63072300929448,40.85068250199235],[33.63076226829453,40.85004004699177],[33.63076239629454,40.85003587299173],[33.63076194529454,40.85002802499172],[33.63076059429454,40.85002023599173],[33.63075997529457,40.85001776999171],[33.6306885902946,40.8497536499915],[33.63068653229457,40.8497472359915],[33.63068386029458,40.84974095399147],[33.63067990129456,40.84973369699146],[33.63067512429461,40.8497267289915],[33.63066956529457,40.84972010299146],[33.6306632672946,40.84971387099144],[33.63066254929458,40.84971322699148],[33.63045680429462,40.84953053999134],[33.63045013929462,40.84952509399133],[33.63044290529467,40.8495200849913],[33.63044068729466,40.8495187059913],[33.62952145429486,40.84896116599088],[33.62853649829505,40.84836376199039],[33.62811510429516,40.84810817499024],[33.62770849429527,40.84775082698995],[33.62728336029538,40.84725664498952],[33.62696566029552,40.84614070298851],[33.62696368829551,40.84613475998856],[33.62696118729549,40.84612893198857],[33.62696005029552,40.84612665798856],[33.62682085229557,40.84585896898828],[33.62682030329557,40.84585793298832],[33.62616261229576,40.84463762698731],[33.62461508129627,40.84174796898479],[33.62460633129631,40.84151702598456],[33.62467069129625,40.84120117398431],[33.62467173729627,40.84119430898432],[33.62467208629627,40.84118740298428],[33.62467163529627,40.84117955498432],[33.62467028529628,40.84117176598428],[33.62466804629626,40.84116409698427],[33.62466493529632,40.84115660398428],[33.62466453329628,40.84115577798424],[33.62448369629635,40.84078963198394],[33.62447989329638,40.84078280198391],[33.62447536329635,40.84077623298395],[33.62447007429637,40.84076989998395],[33.62446411029634,40.84076392398393],[33.62400864929644,40.84034498898356],[33.62371891429658,40.83982685598316],[33.62371246229653,40.83981703098313],[33.62370562629651,40.83980904498311],[33.6234597422966,40.83955261798289],[33.62336308229662,40.83945181398281],[33.62333733129664,40.83920789698262],[33.62342506929665,40.83888899798229],[33.62342577529669,40.8388862169823],[33.62342712529667,40.83887842798231],[33.62342757629668,40.83887057998232],[33.62342715429666,40.8388629919823],[33.62342589229669,40.83885545798226],[33.62333343029668,40.83844323698192],[33.62340008829672,40.8382660569818],[33.62390075529664,40.83801225998147],[33.62391114529663,40.83800634298146],[33.62391877129665,40.83800103598147],[33.62392575929665,40.83799524398143],[33.62393205629667,40.83798901198146],[33.62393761429667,40.83798238598144],[33.62394226429666,40.83797562298146],[33.62422011629661,40.83752602398103],[33.62422420029662,40.83751856098099],[33.62422731129662,40.83751106898099],[33.62422954929661,40.83750339998101],[33.62423089929666,40.83749561098097],[33.62423135129664,40.83748776298095],[33.62423114629666,40.83748247898096],[33.62413732029677,40.8362700819799],[33.62413572329675,40.83625972897984],[33.62413348429673,40.83625205997988],[33.62413037429672,40.83624456697988],[33.62412685229672,40.83623802897984],[33.62412266629672,40.83623171997987],[33.62396679929676,40.8360180889797],[33.62396577329675,40.83601670997968],[33.62396021529676,40.8360100849797],[33.62395391829679,40.83600385297963],[33.62394693129681,40.83599806097968],[33.62393930529678,40.83599275297965],[33.62393109929678,40.83598797097963],[33.62392237529677,40.83598374997963],[33.62391723229682,40.83598162197963],[33.62345876129692,40.83580290397953],[33.62345301529691,40.83580080997952],[33.62308888829697,40.83567716397938],[33.62279010429704,40.83546101997928],[33.62268772629707,40.83531717797914],[33.6221448472972,40.83455443097849],[33.62201978229727,40.83437871597831],[33.62201816229723,40.83437651297836],[33.62201260529723,40.83436988797835],[33.62200630829726,40.83436365597835],[33.62199932129725,40.83435786397833],[33.62199169529725,40.83435255597836],[33.62198348929729,40.83434777397832],[33.62197476629728,40.83434355297834],[33.62196929929728,40.8343412989783],[33.62149495529732,40.83415777997824],[33.62114002529749,40.83349749297763],[33.62113672729746,40.83349190797765],[33.62113293729747,40.83348650497764],[33.62112737929748,40.83347987997762],[33.6211210832975,40.83347364797763],[33.62111409529749,40.8334678559776],[33.62110647029748,40.83346254797764],[33.62109801529748,40.83345763397756],[33.62055964829762,40.83317287297737],[33.6200531962977,40.83276000697707],[33.62000205529774,40.83255548197687],[33.62003268029776,40.83198769197637],[33.62003278029779,40.83198400597635],[33.62003207529779,40.83197420097635],[33.61990572229789,40.83109801897555],[33.61986767129788,40.83083416197532],[33.61986657529786,40.83082832997532],[33.6198643362979,40.83082066097529],[33.61986122629788,40.83081316797529],[33.61985726829788,40.8308059109753],[33.61985249329791,40.83079894197534],[33.61984917029788,40.83079482997531],[33.61921111529808,40.83005054297467],[33.61920258429809,40.83004179797466],[33.61919571029809,40.83003609197468],[33.6191882172981,40.83003085497464],[33.61889617929815,40.82984369797453],[33.61888987929816,40.82983993997453],[33.61888339629816,40.82983657997448],[33.61828934529829,40.82955009197431],[33.61828507729828,40.82954812797432],[33.61827696529824,40.82954488197431],[33.61780364829833,40.82937287597418],[33.61779303029836,40.82936948897421],[33.61778316629838,40.82936712597415],[33.61777306929837,40.82936542597417],[33.61776904729837,40.8293649409742],[33.61752995129844,40.82933931497416],[33.61620186529877,40.82802252597309],[33.61612169329878,40.82787832997296],[33.61612212429877,40.82762501497275],[33.61621228129879,40.82717042797233],[33.6162132732988,40.82716373897229],[33.61621360429883,40.82715701297229],[33.61621315329882,40.82714916497231],[33.61621180329884,40.8271413759723],[33.61620968929879,40.82713406097229],[33.61620678229878,40.82712690597229],[33.61609634329886,40.82689043497207],[33.61609601529886,40.82688974297208],[33.61609205829887,40.82688248597209],[33.61608728229886,40.82687551697205],[33.61608331329887,40.82687065797206],[33.61607894529885,40.82686599897201],[33.61574914229893,40.82653689297176],[33.61574562729894,40.82653355297178],[33.61573864029893,40.82652776097176],[33.61573101529897,40.8265224529718],[33.61572164829894,40.82651706097175],[33.61545777829898,40.82638024197165],[33.61543837129903,40.82631693497159],[33.61552127229902,40.82590721997122],[33.61552230329904,40.8259003999712],[33.61552264829904,40.82589353997121],[33.61552219729901,40.8258856919712],[33.61552084729903,40.82587790297122],[33.61551860929905,40.8258702339712],[33.61551549929904,40.8258627409712],[33.61551179129902,40.82585589397118],[33.61539624129907,40.825665165971],[33.61539121629908,40.82565778697098],[33.61538565929906,40.82565116197102],[33.61537936329909,40.82564492997098],[33.61537237729907,40.82563913797102],[33.61536475229904,40.825633829971],[33.61535654729906,40.82562904797101],[33.61534782529907,40.82562482697096],[33.61533865229909,40.82562119997101],[33.61532909829907,40.82561819397096],[33.61532750829907,40.82561776397096],[33.61509586429911,40.82555653997094],[33.61508677429912,40.82555444397095],[33.61507749329917,40.82555290697093],[33.61506724029913,40.82555188197093],[33.61505690829915,40.82555153897098],[33.61505544429911,40.82555154597094],[33.61433407629928,40.82555831197104],[33.61411407029929,40.82551987397098],[33.61400014029936,40.82511945397068],[33.61391540229941,40.82477371397035],[33.61391321829942,40.82476647497033],[33.61391025629943,40.82475939697034],[33.61390629829938,40.82475213997034],[33.6139015232994,40.8247451709703],[33.61389596729939,40.82473854597034],[33.61388967129941,40.82473231397028],[33.61388268429941,40.8247265219703],[33.61387506029945,40.82472121397028],[33.61386685529941,40.8247164319703],[33.61385813329938,40.82471221097029],[33.6138489242994,40.82470857097027],[33.61341787329947,40.82455601797015],[33.61317752829957,40.82435220697],[33.61317168729954,40.82434759496997],[33.61316542929959,40.82434330897002],[33.61315722529955,40.82433852696997],[33.61314850329958,40.82433430597],[33.61313933029956,40.82433067896997],[33.61312977629959,40.82432767296997],[33.61312125329957,40.82432558896998],[33.61311254729955,40.82432400097001],[33.61278578929964,40.82427420796997],[33.61244592829973,40.82408401096983],[33.61242407529973,40.82393901396969],[33.61248111329975,40.82372823496951],[33.61248174029971,40.82372573996952],[33.61248309029971,40.82371795096952],[33.61248354129971,40.8237101029695],[33.61248309029972,40.8237022549695],[33.61248174029972,40.82369446596945],[33.61247950229975,40.82368679696949],[33.61247639229972,40.82367930396949],[33.61247243529974,40.82367204696947],[33.61246765929973,40.82366507796944],[33.61246210329975,40.82365845296941],[33.61245580829976,40.82365222096944],[33.61244882129976,40.8236464289694],[33.61244119729972,40.82364112096946],[33.61243299229975,40.82363633896942],[33.61242427029973,40.82363211796945],[33.61242101929973,40.82363074296943],[33.61221461329981,40.82354666496938],[33.61220699929978,40.82354382596938],[33.61219913729978,40.82354140596932],[33.6121903632998,40.82353926996937],[33.61218139829978,40.82353765796936],[33.61179242729985,40.82347973396935],[33.61163057529993,40.82329075596915],[33.61146438729994,40.82296023596888],[33.6114606853,40.82295366696889],[33.61145630829995,40.82294734196886],[33.61145075229999,40.82294071696889],[33.61144445729995,40.82293448396886],[33.6114374703,40.8229286929689],[33.61142984629995,40.82292338496886],[33.61142164229999,40.82291860296885],[33.61141292029997,40.82291438196885],[33.6114037473,40.82291075496883],[33.61139419329998,40.82290774796885],[33.61139159229997,40.82290705496887],[33.61103080030005,40.82281445696881],[33.61085965130013,40.82268142596869],[33.6108064953001,40.82258857196861],[33.61083583930008,40.82251784896852],[33.61102989030012,40.82235745196834],[33.6110334183001,40.82235439996839],[33.6110397133001,40.82234816796839],[33.6110452693001,40.82234154296837],[33.61105004430008,40.82233457396836],[33.61105400230004,40.82232731696834],[33.6110571113001,40.82231982396834],[33.61105935030005,40.82231215496834],[33.61106051530008,40.82230583196835],[33.61106108730009,40.82229946296833],[33.6110663413001,40.82217747496823],[33.6110664043001,40.82217452996822],[33.61106595330009,40.82216668196824],[33.61106460330011,40.82215889296822],[33.61106236530007,40.82215122396821],[33.6110592563001,40.82214373096819],[33.61105629930011,40.82213814796817],[33.61105285830012,40.8221327279682],[33.61096263530013,40.82200195596806],[33.61100408030014,40.82186429596797],[33.61113035130011,40.82179157496785],[33.61141888030006,40.82178850896787],[33.61142837930004,40.82178811796783],[33.61143780630005,40.82178714996785],[33.61144790230002,40.82178544996783],[33.61145776430004,40.8217830879678],[33.61146731830007,40.82178008096783],[33.61147649130004,40.82177645396781],[33.61148521230007,40.82177223296782],[33.61149341730003,40.82176745096781],[33.61150104130008,40.82176214296783],[33.61150802730003,40.82175635096778],[33.61151432230002,40.82175011896782],[33.61151987930004,40.8217434939678],[33.61152415030005,40.82173733596775],[33.61162013530002,40.82158494196762],[33.61162459730002,40.82157687396762],[33.61162770630005,40.82156938096762],[33.61162994430003,40.8215617119676],[33.61163129430001,40.82155392296759],[33.61163174530003,40.82154607496759],[33.61163129430001,40.82153822696758],[33.61162994430004,40.82153043796759],[33.61162919930006,40.82152751096762],[33.61157574830004,40.82133477896741],[33.61160979730006,40.82132594696741],[33.61178386530001,40.82128079596736],[33.61178610430004,40.82128019696733],[33.61179676730005,40.82127679196737],[33.61233720829996,40.82108014696712],[33.61282428529987,40.82114480696715],[33.6132132942998,40.82124585196718],[33.61322208829978,40.82124785096717],[33.61323106029977,40.82124932696721],[33.61324131329975,40.82125035196722],[33.61325164429979,40.82125069496717],[33.61326197529979,40.82125035196721],[33.61327222829976,40.82124932696721],[33.61328232429974,40.8212476269672],[33.61329218629977,40.82124526496718],[33.61329947229978,40.82124303996716],[33.61330654829976,40.8212404529672],[33.61340233129975,40.82120242496713],[33.61340669529974,40.82120060296711],[33.61341541729977,40.82119638196715],[33.61342362129975,40.82119159996712],[33.61343124529974,40.82118629196714],[33.61343823129975,40.82118049996712],[33.61344452629975,40.82117426796713],[33.61345008329975,40.8211676429671],[33.61345485829972,40.82116067396711],[33.61345881529977,40.82115341696707],[33.61346236029974,40.82114465296709],[33.61350793829977,40.82100745596695],[33.61350974029975,40.82100105796695],[33.61351134329975,40.82099062496695],[33.6135318842998,40.82072103996669],[33.61355011229978,40.82055275796652],[33.6137961592997,40.82051351696651],[33.61380433429971,40.82051198096649],[33.61381234529974,40.82051000796649],[33.61381553729974,40.82050908496647],[33.61415619629965,40.82040635796635],[33.61461187329962,40.82035119996626],[33.61461380429961,40.82035095396628],[33.61462390029959,40.82034925396624],[33.6146337622996,40.82034689196628],[33.61464331629956,40.82034388496628],[33.61465248929959,40.82034025796627],[33.61466121029957,40.82033603696623],[33.61466941429961,40.82033125496626],[33.61467703829959,40.82032594696623],[33.6146840242996,40.82032015496625],[33.6146899472996,40.82031432496621],[33.61478583829959,40.82021148796614],[33.61479176629958,40.8202044609661],[33.61479654129957,40.82019749196613],[33.61480049829957,40.82019023496612],[33.6148036082996,40.82018274196609],[33.61480584629958,40.82017507296609],[33.61480719629957,40.82016728396609],[33.61480764729956,40.82015943596608],[33.61480719629957,40.8201515879661],[33.61480584629958,40.82014379896609],[33.6148036082996,40.82013612996605],[33.61480049829957,40.82012863696605],[33.61479746629958,40.82012292396605],[33.61479392629956,40.82011738196606],[33.61469844829958,40.8199800449659],[33.61469628829958,40.8199770739659],[33.61469073229962,40.81997044896591],[33.61468443729964,40.81996421596589],[33.61467745029963,40.81995842496592],[33.6146698262996,40.81995311696587],[33.61466305929958,40.81994911096589],[33.61443111929965,40.81982178596581],[33.61424201829971,40.81969538396573],[33.61419713229971,40.81962494896568],[33.61423017029974,40.81954072996555],[33.61448084429966,40.81949582396552],[33.61449418029965,40.81949279796551],[33.61450373329969,40.81948979096549],[33.61451290629966,40.81948616396546],[33.61452162729969,40.8194819429655],[33.61452983129968,40.81947716096546],[33.61453686729966,40.81947229696546],[33.61474800629964,40.81931412296531],[33.61475462029966,40.81930874496533],[33.61503798829963,40.81905860996503],[33.61519513229963,40.818994251965],[33.61519815129956,40.81899297196501],[33.61520687329958,40.81898875096496],[33.61521507629958,40.81898396896499],[33.61522243029958,40.81897886596494],[33.61544829329957,40.81880837896479],[33.61561777829956,40.81871335496472],[33.61562358429956,40.81870988296472],[33.61562990629954,40.81870554996466],[33.61563580129955,40.81870088296467],[33.61593457429953,40.81844672496446],[33.61615449829945,40.81838224696437],[33.61635513729942,40.81839536596432],[33.61668394029935,40.81845512596435],[33.61669093629939,40.81845622896441],[33.61670118829937,40.81845725496443],[33.61671151929937,40.81845759696437],[33.61672185029936,40.8184572549644],[33.61673210229933,40.81845622896439],[33.61674219729932,40.81845452896435],[33.61675205929934,40.81845216696436],[33.61676161329937,40.8184491599644],[33.61677078529934,40.81844553296437],[33.61677950629938,40.81844131196434],[33.61678771029936,40.81843652996436],[33.61679533429933,40.81843122196435],[33.61680232029936,40.81842542996436],[33.61680755329937,40.81842033096434],[33.61692362129933,40.81829844996423],[33.6169302382993,40.81829069196419],[33.61693501329935,40.8182837229642],[33.61693897029933,40.8182764659642],[33.61693976029934,40.81827476496417],[33.61703883029931,40.81805433596401],[33.6172809852993,40.81783431496378],[33.6174709002993,40.81776362496371],[33.61770148729925,40.81774639796367],[33.61771046929924,40.81774546196361],[33.61772056429923,40.81774376196364],[33.61773042629923,40.81774139996367],[33.61773997929922,40.81773839296361],[33.61774915129927,40.81773476596365],[33.61775787229922,40.81773054496362],[33.61776607629921,40.81772576296365],[33.61777555929925,40.8177190099636],[33.61805259829918,40.81749887296341],[33.61867995829909,40.81720436196309],[33.6186817902991,40.8172034849631],[33.61912544129906,40.81698660396283],[33.61912960429902,40.81698447296285],[33.61928590129899,40.81690074996278],[33.61929378829903,40.81689613696273],[33.619301412299,40.81689082896278],[33.61930839729904,40.81688503696272],[33.61931469229902,40.81687880496273],[33.61932024829899,40.81687217996271],[33.61932502329903,40.81686521096274],[33.61932898029902,40.81685795396274],[33.61933208929899,40.81685046096272],[33.61933432729902,40.81684279196269],[33.61933567729901,40.81683500296269],[33.61933612829901,40.8168271549627],[33.61933518529899,40.81681582096269],[33.619305257299,40.81663661496253],[33.61930439929903,40.81663231196252],[33.61930216129901,40.81662464196249],[33.61929905129905,40.81661714996247],[33.61929509429906,40.81660989296247],[33.61929032029902,40.81660292396252],[33.61928476429905,40.81659629896248],[33.61927846929905,40.81659006596246],[33.61927148329904,40.81658427496245],[33.61926386029904,40.8165789669625],[33.61925565629903,40.81657418496244],[33.61924693529906,40.81656996396247],[33.61924489029902,40.81656908696242],[33.61895292629909,40.81644681696238],[33.61894473329912,40.81644369396236],[33.61893624629911,40.81644105996237],[33.61892909429908,40.81643927596237],[33.61857313129917,40.81635988496235],[33.61845344429919,40.81628893596227],[33.6182237802993,40.81589295496193],[33.61809445329931,40.81547390196154],[33.61805092929937,40.81533287396142],[33.61804691029935,40.81532263096141],[33.61804295329935,40.81531537296142],[33.61803817929938,40.81530840496141],[33.61803262329934,40.81530177996139],[33.61802632829937,40.81529554696138],[33.61801934329935,40.81528975596139],[33.61801171929936,40.8152844479614],[33.61800766129935,40.81528197496137],[33.61772585129943,40.81511777596125],[33.61771955829943,40.81511435096125],[33.61771298429942,40.81511124596125],[33.61770965629945,40.81510983996128],[33.6167380472996,40.814714703961],[33.61644436929969,40.81449535296081],[33.61615866929976,40.81400419796037],[33.6160780052998,40.81370052996009],[33.6160295802999,40.8127850719593],[33.61602925429988,40.81278110095928],[33.61597128229995,40.81226020095879],[33.61596475729994,40.81220156795876],[33.61596403729994,40.81219668695876],[33.61591981729997,40.81195637295854],[33.61587581329999,40.81133874395795],[33.61587418530004,40.81132797395799],[33.61587194830002,40.81132030395799],[33.61586883830004,40.81131281195794],[33.61586563230001,40.81130680095798],[33.61586186430001,40.81130098095796],[33.61557042330009,40.8108889679576],[33.61556866730013,40.81088657295756],[33.61556311130011,40.81087994795757],[33.61555681730012,40.81087371495757],[33.61555113830015,40.81086893195755],[33.61554502430012,40.81086446895757],[33.61501892930024,40.81050706695725],[33.61460849730031,40.81019941095705],[33.61460144230036,40.81019453195704],[33.61459035430033,40.81018826195707],[33.61445177630034,40.81011906095696],[33.61445052630039,40.81003958895693],[33.61451627530036,40.81000905495688],[33.61482027830031,40.80991291595678],[33.61482724630031,40.80991050895675],[33.6148339953003,40.80990776495678],[33.6148427153003,40.80990354395673],[33.61485091830034,40.80989876195676],[33.61485854130032,40.80989345395674],[33.61486552630031,40.80988766295675],[33.6148718203003,40.8098814299567],[33.61487737530032,40.80987480495674],[33.61488156730034,40.8098687719567],[33.6150298233003,40.80963427495647],[33.61526827630028,40.8094470609563],[33.61552505130023,40.80924941395609],[33.61553149430024,40.80924403695612],[33.61553778830025,40.80923780395608],[33.61554334330022,40.8092311789561],[33.61554811730021,40.80922420995607],[33.61555207430026,40.80921695295606],[33.61555518330024,40.80920945995607],[33.61555742130021,40.80920179095605],[33.61555894630023,40.80919228295602],[33.61557434930025,40.80902074395586],[33.61557462430024,40.80901461495589],[33.61557417330025,40.80900676695587],[33.61557282330027,40.80899897795589],[33.61557058630026,40.80899130795584],[33.61556747730023,40.80898381595584],[33.61556382530026,40.80897705995584],[33.61444680930058,40.80712733795428],[33.6144462003006,40.80712634595425],[33.61356723230087,40.80571623995304],[33.61356276130085,40.80570975995304],[33.61355720630088,40.80570313495307],[33.61355091230088,40.80569690195301],[33.61354999530086,40.80569608195305],[33.61279530230105,40.80502900895245],[33.61278873230101,40.80502365695249],[33.61278161130101,40.80501872895249],[33.61277870430106,40.80501693395249],[33.61238491930111,40.80478156195227],[33.61185020230125,40.8043161509519],[33.61139781630137,40.80376889595144],[33.61139325630138,40.80376377895141],[33.6113882463014,40.80375891095147],[33.61137968230137,40.80375194095143],[33.61039950730159,40.80303443395088],[33.60982566630174,40.80232973195026],[33.60982091930175,40.80232434595028],[33.60981567430174,40.80231923195029],[33.60980868930177,40.80231343995025],[33.60980106730178,40.80230813295027],[33.60979633730179,40.80230526995025],[33.60785089730221,40.80118818094942],[33.60565652030277,40.79861122494724],[33.60442073230313,40.79707786694594],[33.60441309930314,40.79706949794594],[33.6041818703032,40.79684432294571],[33.60417922630318,40.79684183994569],[33.60417224230315,40.79683604794576],[33.6041646213032,40.79683074094569],[33.60415642030319,40.79682595894574],[33.60414770230319,40.79682173794569],[33.60413853230318,40.79681810994568],[33.60412898230317,40.7968151039457],[33.60412046830318,40.79681302194572],[33.60411177230317,40.79681143394568],[33.60370901830325,40.79675000194567],[33.60370627630326,40.79674960994566],[33.60369602730325,40.7967485839457],[33.60368570030327,40.7967482409457],[33.60367537330328,40.7967485839457],[33.60366512430328,40.79674960994566],[33.60365503230325,40.7967513099457],[33.60364517330327,40.79675367194569],[33.60363779430325,40.79675592894567],[33.60363063030331,40.7967585569457],[33.60319257130334,40.79693329094587],[33.60298663630337,40.79701434494599],[33.60282792530341,40.79701417194602],[33.60278783230344,40.79694015894592],[33.60278694430344,40.79693856294593],[33.60230784330354,40.7961005329452],[33.60230505030357,40.79609552994523],[33.60230373830358,40.79609336494521],[33.60229902430359,40.79608635794521],[33.60229347030354,40.7960797329452],[33.60228717730359,40.79607349994519],[33.6022834423036,40.79607035194519],[33.60228021930357,40.79606767594517],[33.60192616630368,40.79577610694498],[33.60191683030369,40.79576922094495],[33.60066118030395,40.79493970494431],[33.60000812330413,40.79368487494321],[33.60000462630416,40.79367881694321],[33.60000055330416,40.79367296994318],[33.59999239030413,40.79366362294319],[33.5990224103044,40.79269039494235],[33.59901872530438,40.79268688294236],[33.59901463130441,40.79268336494235],[33.59887831130443,40.79257221994225],[33.59886780130444,40.79256463794226],[33.59885960130443,40.79255985594227],[33.59885088330442,40.79255563494228],[33.59884269430446,40.79255235894222],[33.59883419530446,40.79254957894223],[33.59688233530484,40.79197868894186],[33.59594773030505,40.79153006994157],[33.59594370230506,40.79152822094155],[33.59593453330506,40.79152459294153],[33.59592498430503,40.79152158694156],[33.59591541730503,40.79151928394151],[33.59590562930503,40.79151760494155],[33.59548780230512,40.79145993994155],[33.59548720630512,40.79145985894154],[33.59547695930515,40.79145883394153],[33.59546663230512,40.79145849094152],[33.59545630530512,40.79145883394153],[33.59544605830514,40.79145985894153],[33.59543596630514,40.79146155994152],[33.59542610830513,40.79146392194155],[33.59541496030513,40.79146750594153],[33.59500197030524,40.79161961694172],[33.59480981430522,40.79163037394171],[33.59469708430524,40.79154926994166],[33.59470276530525,40.79148209994163],[33.59476171930525,40.79135717694149],[33.59493988430525,40.7912914869414],[33.59529732730518,40.79119047494127],[33.59530647930521,40.79118755094128],[33.59531527630516,40.79118405594127],[33.59532399330517,40.7911798349413],[33.59533219430518,40.79117505294126],[33.59533981430521,40.79116974594128],[33.59534679730518,40.79116395394126],[33.5953516073052,40.79115929494128],[33.59535600330514,40.79115440594125],[33.59547714430516,40.79100967794112],[33.59547978430514,40.79100636894113],[33.59548455730515,40.7909994009411],[33.59548851230516,40.79099214294111],[33.59549162130514,40.79098465094108],[33.59549385830518,40.7909769809411],[33.59549520730518,40.79096919194108],[33.59549565830514,40.79096134394109],[33.59549520730518,40.79095349594107],[33.5954938583052,40.79094570694109],[33.59549337530517,40.79094375294104],[33.59544840130522,40.79077214694092],[33.59544630130518,40.79076547294088],[33.5954435383052,40.79075893894093],[33.59543958330518,40.79075168094087],[33.59543481030519,40.79074471294088],[33.5954292563052,40.79073808794084],[33.59542296430519,40.79073185494091],[33.59541598130518,40.79072606294086],[33.59540811330518,40.79072059894089],[33.59514167430527,40.79055254694072],[33.59499070030532,40.7900670359403],[33.59498673130528,40.79005694794028],[33.5949827753053,40.7900496899403],[33.59497800330534,40.79004272194025],[33.59497342730529,40.79003717494025],[33.59478010630537,40.78982070194009],[33.59477283630535,40.78981339094012],[33.59476585330535,40.78980759894007],[33.59475823230536,40.78980229194008],[33.59475667030539,40.78980131294009],[33.59395021630557,40.7893045959397],[33.59381057030559,40.78910893993948],[33.59376386030562,40.78888030393932],[33.5937634633056,40.78887848393929],[33.59376122630562,40.78887081393928],[33.59375811830564,40.78886332193934],[33.59375416230564,40.78885606393927],[33.59374939030563,40.78884909593929],[33.59374846230561,40.78884789593931],[33.59345716830571,40.78847775893899],[33.5934520153057,40.78847176493899],[33.59344625130572,40.78846610093896],[33.59343926830574,40.78846030893894],[33.59343164730573,40.78845500193896],[33.59342346230571,40.78845022693898],[33.5934147613057,40.78844601193892],[33.59262557790297,40.78789883574154],[33.59144034717133,40.78739828126332],[33.59118802568116,40.78686398803821],[33.59123942230666,40.78125678793249],[33.59125484830663,40.78096815093226],[33.59125494630666,40.78096449593227],[33.59125477230664,40.78095962293229],[33.59122583130669,40.78055365293189],[33.59126126330671,40.78019350993152],[33.5912615813067,40.78018803793153],[33.59126726430671,40.77987543593129],[33.59126727530671,40.77987419193125],[33.59126682430674,40.77986634393125],[33.59126547530676,40.77985855493123],[33.59126323930676,40.77985088493123],[33.5912601313067,40.77984339293121],[33.59125640830675,40.77983651493125],[33.59102058930681,40.77944737893088],[33.59101558530681,40.77944003093089],[33.59101003330682,40.77943340593085],[33.59100374130678,40.77942717293091],[33.59099675930679,40.77942138093084],[33.59098914030681,40.77941607393087],[33.5909816603068,40.77941167693088],[33.59042345230694,40.77910983793062],[33.59041401730697,40.7791052309306],[33.59040485030693,40.77910160293061],[33.59039530230695,40.77909859693061],[33.59038824630694,40.77909683293062],[33.58925360430715,40.77884286793046],[33.58906040630722,40.77876090893042],[33.58888644130727,40.77864230893032],[33.58839565030739,40.77805129392983],[33.58802882430751,40.77732711992921],[33.5880251703075,40.77732066792918],[33.58802086630749,40.77731445292919],[33.58801531430748,40.77730782692915],[33.58800902230751,40.77730159492916],[33.58800788730749,40.77730058092914],[33.58756469330763,40.77691091892888],[33.58726800330767,40.77658729992854],[33.5872240403077,40.7764715979285],[33.58725591830773,40.7760741589281],[33.58725613730775,40.77606867892811],[33.58725568730774,40.7760608309281],[33.58725433830774,40.77605304192812],[33.58725210130774,40.7760453719281],[33.58724899330769,40.77603787992808],[33.58724782130771,40.77603553292806],[33.58714253230776,40.77583335192786],[33.58713904230778,40.77582730692789],[33.58713497930778,40.77582147292785],[33.58712942630778,40.7758148469279],[33.58712313530775,40.77580861492785],[33.58711726230778,40.77580367692789],[33.58711092530778,40.77579908192787],[33.58671378930789,40.77553173392764],[33.58671139930788,40.77553016792766],[33.58670869130785,40.77552849092764],[33.58619094430795,40.7752175289274],[33.58572270930809,40.77478107592702],[33.58560765830811,40.77457101092688],[33.5851995613083,40.77326688192569],[33.58519563330827,40.77325692292568],[33.58519167830833,40.77324966492569],[33.58518690730831,40.77324269692569],[33.5851813553083,40.77323607092566],[33.58517506430835,40.77322983892564],[33.58517007630834,40.77322559992567],[33.58496905930834,40.77306523292551],[33.58495944730833,40.77305837292551],[33.58495192230834,40.77305395092549],[33.58390649830857,40.7724891679251],[33.58197555030909,40.7704932229234],[33.58019290830952,40.76865057692184],[33.57983334230963,40.76799884192131],[33.57975287630968,40.76782376592117],[33.57965975530969,40.76762115792099],[33.5794479123098,40.76711482792052],[33.57940514430979,40.76701260792039],[33.57902607930992,40.76606622191956],[33.57890769830996,40.76568225091923],[33.57880911331004,40.76536248891896],[33.57873632031007,40.76468310491831],[33.57881796931063,40.75748829591166],[33.57881797331058,40.7574875189117],[33.57881752331063,40.75747967091169],[33.57881617431062,40.75747188191164],[33.57881393831061,40.75746421191167],[33.57881083131063,40.75745671991167],[33.57880519631058,40.75744683191163],[33.57861672931066,40.75716386991142],[33.57829777131077,40.75657188091086],[33.57829215531076,40.75656290491084],[33.57646907731125,40.75402090990865],[33.57646863031126,40.75402029190864],[33.57417522631189,40.75088099190592],[33.5741742163119,40.75087963790593],[33.57384682431201,40.75044993590558],[33.57374305931203,40.75049336390562],[33.57363929531202,40.7505367919057],[33.57396871931196,40.75096915890602],[33.57414754631188,40.75121394490623],[33.57482120631171,40.75213608090702],[33.57626139331131,40.75410747490875],[33.57808108831078,40.75664476291097],[33.57839936331067,40.75723548691151],[33.57840329931071,40.75724203391151],[33.57858088231063,40.75750865491172],[33.5784994103101,40.76468559891831],[33.57849940631014,40.76468637591834],[33.57849979731009,40.76469368791835],[33.57857373931007,40.76538381191899],[33.57857514731007,40.765392136919],[33.57857647331009,40.76539705091901],[33.57879633430994,40.76611018191966],[33.57879834630998,40.76611586391963],[33.57893013630994,40.76644489891993],[33.57917875730981,40.76706562192047],[33.57917919230982,40.76706668492049],[33.57943453330974,40.76767698292106],[33.57943559030971,40.76767939092105],[33.57961091130969,40.76806084792135],[33.57961142430965,40.76806194192137],[33.57961350030968,40.76806597392138],[33.57997991430958,40.76873012692194],[33.57998656330958,40.76874031992193],[33.57999372230956,40.768748647922],[33.5837269403086,40.77260753992522],[33.5837316213086,40.77261206692519],[33.58373860230862,40.77261785892522],[33.58374622130857,40.7726231659252],[33.58375374530861,40.77262758692524],[33.58480541230838,40.77319574492564],[33.58497649630833,40.77333223092577],[33.58537939330817,40.77461975892691],[33.58538332130819,40.77462971692695],[33.58538527730818,40.77463353092691],[33.58551064030815,40.77486242492715],[33.58551380430811,40.77486771392714],[33.58551741030811,40.77487283692715],[33.58552249030811,40.77487894592718],[33.58552819830811,40.77488472492717],[33.58601554330801,40.77533899292755],[33.586016598308,40.77533996192754],[33.58602358030797,40.77534575392756],[33.58603119930801,40.77535106092754],[33.58603390630798,40.77535273692755],[33.58655920630787,40.77566823592781],[33.58693267230782,40.77591964992799],[33.58701784030778,40.77608319592817],[33.58698632130775,40.7764761639285],[33.58698610130775,40.77648164492851],[33.58698655230776,40.77648949292851],[33.58698790130774,40.77649728192851],[33.58699075330772,40.77650663392853],[33.58704582430772,40.77665157092866],[33.58704831530771,40.77665738092864],[33.5870522703077,40.77666463892869],[33.58705704230771,40.77667160692868],[33.58706244530769,40.77667806992871],[33.5873738613076,40.77701775092895],[33.58738030130765,40.77702414592896],[33.58738143630765,40.77702515892895],[33.5878151583075,40.77740649592928],[33.58817872930742,40.77812425292994],[33.58818238330737,40.77813070392994],[33.58818668830738,40.7781369189299],[33.5881891063074,40.77813996192988],[33.58869489930726,40.77874904593045],[33.58869939430724,40.77875407393042],[33.58870432530727,40.77875885993044],[33.58870993830726,40.77876359393049],[33.58871597830727,40.77876801493045],[33.58938910217821,40.77995800461182],[33.58935804933836,40.78035342458882],[33.58933696945579,40.7808029747028],[33.58933583036576,40.78124099643723],[33.58933634329629,40.78174840877276],[33.58931793929629,40.78210966803182],[33.58937528953405,40.78249028636678],[33.58969033683476,40.78742051369787],[33.58975056752293,40.78774015736568],[33.59041373730626,40.78806967893886],[33.59042128630629,40.78807397793887],[33.59042926130631,40.78807780693885],[33.59043842930625,40.78808143493887],[33.59044797830628,40.78808444093885],[33.59045783630629,40.78808680293889],[33.59046792730626,40.78808850393885],[33.59047817430631,40.78808952893889],[33.59048850030628,40.78808987193888],[33.59050313730628,40.78808918193883],[33.59085196459326,40.78816960481617],[33.59132768630614,40.78824768593893],[33.59133565230614,40.78825069893897],[33.59134389230613,40.78825324893896],[33.59135375030612,40.78825561093892],[33.59136384130609,40.78825731193894],[33.59137408830607,40.78825833693897],[33.59138441430606,40.78825867993891],[33.59139474030611,40.78825833693897],[33.59140498730609,40.78825731193897],[33.59140564430608,40.78825722193894],[33.591903961306,40.78818823493881],[33.59253997330591,40.78826986393885],[33.59326959730572,40.78859026493911],[33.59353325130569,40.78892528293937],[33.59357956430564,40.78915198393962],[33.59357996130565,40.78915380393955],[33.59358219830563,40.78916147393958],[33.59358530730561,40.7891689659396],[33.59358860730563,40.78917513693959],[33.59359249830562,40.78918110493959],[33.59375316930559,40.78940621793977],[33.5937547053056,40.78940830493982],[33.59376025930558,40.78941492993981],[33.5937665513056,40.78942116293982],[33.59377353430558,40.7894269549398],[33.59378115430562,40.78943226193984],[33.59378271630557,40.78943324093983],[33.59459387530541,40.78993285594019],[33.59476510830537,40.79012459694039],[33.5949201843053,40.79062330394079],[33.59492415330527,40.79063339194082],[33.59492810930527,40.79064064994086],[33.59493288130528,40.79064761794084],[33.59493843530527,40.79065424294081],[33.5949447273053,40.79066047594083],[33.59495171030528,40.79066626794086],[33.5949595783053,40.79067173194083],[33.59522420830524,40.79083864294097],[33.59525168830519,40.7909434969411],[33.59517743130521,40.79103221094114],[33.59485198330524,40.79112418094127],[33.59484156130525,40.79112756594132],[33.59461479830527,40.79121117394135],[33.59460727030531,40.7912142079414],[33.59459855330529,40.79121842894138],[33.59459035230528,40.79122321094141],[33.59458273230531,40.79122851794138],[33.59457574930534,40.79123430994142],[33.59456945630532,40.7912405429414],[33.59456390230529,40.79124716794141],[33.59455913030532,40.79125413594141],[33.5945550803053,40.79126159294145],[33.59447407030532,40.79143325094162],[33.59447107930529,40.79144054994158],[33.59446891330529,40.7914480159416],[33.59446735730532,40.79145787594162],[33.59445703930528,40.79157985794173],[33.59445679530531,40.79158563494175],[33.59445724630532,40.79159348294175],[33.59445859530532,40.79160127194175],[33.59446083230532,40.79160894194176],[33.5944639403053,40.79161643394179],[33.59446789630528,40.79162369194177],[33.59447266930528,40.79163065994175],[33.59447822330528,40.79163728494179],[33.59448451530528,40.79164351794181],[33.59449382630528,40.79165103094177],[33.59468489630526,40.79178849594189],[33.59469018930522,40.7917920819419],[33.59469838930524,40.7917968639419],[33.59470710730525,40.7918010849419],[33.59471627530525,40.79180471294191],[33.59472582530522,40.7918077189419],[33.59473568330522,40.79181008094193],[33.59474577430525,40.79181178194191],[33.59475602230521,40.79181280694191],[33.59476634930525,40.79181314994194],[33.59477505230524,40.79181290594192],[33.59504196330517,40.7917979649419],[33.5950538353052,40.79179684094186],[33.59506392630517,40.79179513994189],[33.59507378430516,40.79179277794189],[33.59508493130518,40.79178919394187],[33.59548350630513,40.79164239294167],[33.59584064830506,40.79169168194171],[33.59676564630485,40.79213568894203],[33.59676967430483,40.79213753794204],[33.59677786130482,40.79214081394206],[33.59678635930484,40.79214359394206],[33.59872359330447,40.79271020494242],[33.5988371613044,40.79280280094251],[33.59979371230416,40.79376255694329],[33.60045144430401,40.79502637494438],[33.60045494030396,40.79503243294439],[33.60045901330398,40.79503827994439],[33.60046456730395,40.79504490494443],[33.60047085930398,40.79505113794441],[33.60047711530399,40.79505637094443],[33.60048389130394,40.79506121594439],[33.60175643630367,40.79590189394508],[33.60209572130358,40.79618124994529],[33.60256912730345,40.79700952994601],[33.60263894530343,40.7971384149461],[33.60264218630343,40.7971438749461],[33.60264589830344,40.79714915994612],[33.60265145330343,40.79715578494616],[33.60265774530345,40.79716201794617],[33.60266472930342,40.79716780994614],[33.60267235130343,40.79717311694617],[33.60268055230342,40.79717789894616],[33.60268927030342,40.79718211994618],[33.60269843930344,40.79718574794616],[33.60270799030344,40.79718875394618],[33.60271784930342,40.79719111594616],[33.60272794130339,40.79719281594614],[33.6027381053034,40.79719383594617],[33.60274834730343,40.79719418394618],[33.60301533730339,40.79719447594613],[33.60302574930337,40.79719413294614],[33.60303599830337,40.79719310694618],[33.60304609030335,40.79719140694613],[33.60305594930333,40.79718904494614],[33.60306303230334,40.79718688694612],[33.60306991630335,40.79718438794612],[33.60330174230332,40.79709314394602],[33.60330231630335,40.79709291594607],[33.60370357230326,40.79693286294587],[33.60402206730318,40.79698144194585],[33.60422214130315,40.79717627794607],[33.6050337403029,40.7981833089469],[33.60545517530282,40.79870622594732],[33.6054567403028,40.79870811494732],[33.60766328330222,40.80129936694948],[33.60767199330224,40.80130832694951],[33.60767897730223,40.80131411894951],[33.60768659930223,40.80131942594952],[33.60769132730225,40.80132228794955],[33.60963577830181,40.8024388109504],[33.61020579830165,40.803138821951],[33.61021054530165,40.803144208951],[33.61021579030165,40.80314932195098],[33.61022435330164,40.80315629095101],[33.6112048193014,40.80387401295155],[33.61165445430127,40.80441794095206],[33.61165901330126,40.804423056952],[33.61166402430131,40.80442792495201],[33.61166553230126,40.80442926395202],[33.61198199030118,40.80470470595228],[33.61221366630112,40.80490635395242],[33.61221996630118,40.80491142695242],[33.61222676430112,40.80491611395245],[33.61222967130114,40.80491790795246],[33.61262309730107,40.80515306595264],[33.61335986030085,40.80580429395316],[33.61423167130063,40.80720292595436],[33.61533581630029,40.80903134495593],[33.61532546030026,40.80914667995602],[33.61509914530033,40.80932088095619],[33.61509832430031,40.80932151795621],[33.61484614230034,40.80951951095639],[33.61484051930035,40.80952425095641],[33.61483422530036,40.80953048395644],[33.61482866930034,40.8095371089564],[33.61482447830031,40.80954314195645],[33.61468747630036,40.80975983795666],[33.61441673730042,40.80984545695674],[33.61440976930039,40.80984786395671],[33.61440302030043,40.80985060795674],[33.61440047030038,40.80985175895673],[33.61426940430042,40.8099126269568],[33.61426202430041,40.80991634895684],[33.61425503130041,40.8099204789568],[33.61424740830043,40.80992578595679],[33.61424042330039,40.80993157795682],[33.6142341293004,40.80993781095685],[33.61422857430043,40.80994443595685],[33.61422380030043,40.8099514039568],[33.61421984330045,40.80995866195687],[33.61421673430042,40.80996615395688],[33.61421449630045,40.80997382395687],[33.61421314630046,40.80998161295687],[33.61421269530045,40.80998946095691],[33.61421270430041,40.80999053695688],[33.6142155133004,40.81016909195705],[33.61421601930039,40.81017639995709],[33.61421730530038,40.81018365295706],[33.61421954230044,40.81019132195708],[33.61422265130041,40.8101988149571],[33.61422660830039,40.81020607195708],[33.61423138230038,40.81021304095711],[33.61423693830039,40.81021966595709],[33.61424323230042,40.81022589895711],[33.61425021730037,40.81023168995708],[33.61425784030041,40.81023699795712],[33.61426892830043,40.81024326795709],[33.61445037430038,40.81033387495718],[33.6148545253003,40.81063682495741],[33.61485876430024,40.81063984995742],[33.61537149630013,40.81098817395772],[33.61564055030004,40.81136854195803],[33.6156833953,40.81196992595856],[33.6156843633,40.81197752695854],[33.61572883230002,40.81221919195878],[33.61579283329996,40.8127942889593],[33.61584152829985,40.81371492796014],[33.61584211529986,40.81372095996011],[33.61584323329985,40.81372694896018],[33.61584377529985,40.81372912596018],[33.61592886129984,40.81404944196047],[33.61593094329982,40.81405600296042],[33.61593366629983,40.81406242696043],[33.61593663329984,40.81406802796041],[33.61623670829972,40.81458389796089],[33.6162424722997,40.81459252296092],[33.61624802829972,40.81459914796091],[33.61625432329971,40.81460538096093],[33.6162620252997,40.81461171196095],[33.61658400229959,40.81485220196112],[33.61659090829965,40.81485696896111],[33.61659911229963,40.81486175096112],[33.61660783229966,40.81486597196109],[33.61661115929967,40.81486737696112],[33.61758926129944,40.8152651549614],[33.61782980129938,40.81540530696154],[33.61799549029934,40.81594218596198],[33.61799950929931,40.81595242896203],[33.61800242329929,40.81595793996198],[33.61824854429924,40.81638229796232],[33.61825436129923,40.81639101296237],[33.61825991729924,40.81639763796236],[33.61826621129924,40.8164038699624],[33.6182731972992,40.81640966196235],[33.61828082129923,40.81641496996239],[33.61828409529923,40.81641698296237],[33.61844513129921,40.81651244396245],[33.61845179629921,40.81651611896245],[33.61845878129918,40.81651943396248],[33.6184679532992,40.8165230609625],[33.61847750629919,40.81652606796247],[33.61848465829921,40.81652785196248],[33.61884986329912,40.81660930396253],[33.61907767129905,40.81670470696258],[33.61909104129907,40.81678476596264],[33.61899503829908,40.81683619096273],[33.61855438929915,40.81705160296296],[33.61791509529925,40.8173517139633],[33.6179079722992,40.8173553349633],[33.61790121229925,40.81735933696326],[33.61789172829921,40.81736608996326],[33.61763457029924,40.8175704299635],[33.61742638329928,40.8175859839635],[33.61741740029927,40.81758691996355],[33.61740730529929,40.81758861996354],[33.61739744329929,40.81759098196351],[33.61738583229931,40.81759473596355],[33.61715406329935,40.81768100496367],[33.61714694829933,40.8176838849636],[33.61713822729936,40.81768810596366],[33.61713002329932,40.81769288796362],[33.61712239929936,40.81769819596367],[33.61711534729935,40.81770404796367],[33.61684284129939,40.81795164396388],[33.61683661929937,40.81795782096394],[33.61683112229935,40.81796438196391],[33.61682634829936,40.81797135096394],[33.61682239029938,40.81797860796392],[33.61682160129935,40.81798030896392],[33.6167211492994,40.81820380896412],[33.61666197029938,40.81826595196423],[33.61640169029943,40.81821864596419],[33.6163946942994,40.81821754296421],[33.61638427529942,40.81821650596421],[33.61614754029949,40.8182010269642],[33.61613737629948,40.81820069596417],[33.6161270452995,40.81820103796419],[33.61611679329945,40.8182020639642],[33.61610669829947,40.81820376396421],[33.61609683629951,40.8182061259642],[33.61609470029947,40.81820673496422],[33.6158225402995,40.8182865279643],[33.61581409129951,40.8182892959643],[33.61580595029954,40.8182925529643],[33.61579722929951,40.81829677396429],[33.61578902529952,40.81830155596432],[33.61578270429953,40.81830588896433],[33.61577680829952,40.81831055596431],[33.61546714829959,40.81857397496461],[33.61530052629962,40.81866739296471],[33.61529472029957,40.8186708659647],[33.61528736629958,40.81867596896469],[33.61506752229961,40.81884191296485],[33.61490619929963,40.81890798196495],[33.61490318029967,40.81890926196495],[33.61489445929964,40.81891348296493],[33.61488625529967,40.81891826496495],[33.61487915629966,40.81892317596499],[33.61487260429965,40.81892850696493],[33.61457809629965,40.81918847396522],[33.61439407929971,40.81932632996536],[33.61410896829977,40.81937740496539],[33.61409563229978,40.81938043096541],[33.61408607929972,40.81938343796544],[33.61407690629977,40.81938706496547],[33.61406818529974,40.81939128596545],[33.61405998129975,40.8193960679654],[33.61405235729978,40.81940137596545],[33.61404537129977,40.81940716696543],[33.61403907629977,40.81941339996547],[33.61403352029976,40.8194200249655],[33.61402874529977,40.81942699396547],[33.61402478829979,40.81943425096547],[33.61402257729974,40.81943933096546],[33.61395679929979,40.81960700796564],[33.61395366229976,40.81961708996563],[33.61395231229978,40.81962487896569],[33.61395186129976,40.81963272696569],[33.61395231229978,40.81964057496569],[33.61395366229976,40.81964836396573],[33.61395590029974,40.81965603296573],[33.61395901029976,40.81966352596572],[33.61396370629978,40.81967196496572],[33.61403906629975,40.81979022096578],[33.61404310129976,40.81979600796581],[33.61404865829976,40.81980263296583],[33.61405495329976,40.81980886496582],[33.6140609612997,40.81981390596582],[33.61406745429971,40.81981858796584],[33.61427878929968,40.81995985196591],[33.61428089829966,40.81996122896597],[33.61428766529965,40.81996523496596],[33.61450175729963,40.82008276196603],[33.61455027329961,40.82015254896611],[33.61452532229961,40.82017930696615],[33.61410597229967,40.82023006796624],[33.61410404029969,40.82023031396619],[33.61409394429972,40.82023201396623],[33.61408408229971,40.82023437596622],[33.61408089029969,40.82023529896623],[33.61373751529975,40.82033884496634],[33.61341487329978,40.82039030296638],[33.6134066972998,40.82039183896641],[33.6133986862998,40.8203938119664],[33.61338913229978,40.82039681896642],[33.61337995929983,40.82040044596639],[33.61337123829981,40.82040466696644],[33.61336303429982,40.82040944896641],[33.61335541029985,40.82041475696642],[33.61334842429982,40.82042054796641],[33.61334212929983,40.82042678096645],[33.61333657229983,40.82043340596643],[33.61333179829983,40.82044037496644],[33.6133278402998,40.82044763196647],[33.61332473129983,40.82045512496646],[33.61332249329984,40.82046279396648],[33.61332109129982,40.82047104596647],[33.6132954912998,40.82070738296667],[33.61329528929978,40.8207095639667],[33.6132753182998,40.82097167696697],[33.61324548229979,40.821061486967],[33.61324184229979,40.82106293196701],[33.61289219529985,40.82097211096694],[33.61288340029988,40.820970111967],[33.61287433829988,40.820968623967],[33.61234063429995,40.82089777396698],[33.61233047029995,40.82089676696695],[33.61232022929998,40.82089642996694],[33.61230989829998,40.82089677296694],[33.61229964529994,40.82089779796694],[33.61228955029996,40.82089949796694],[33.61227968729994,40.82090185996698],[33.61226902429999,40.82090526496696],[33.61170065330006,40.82111207396721],[33.61139981830013,40.82119010696726],[33.61139757930009,40.8211907059673],[33.61138802530014,40.82119371296728],[33.6113788533001,40.82119733996729],[33.61137013130013,40.8212015609673],[33.6113619273001,40.8212063429673],[33.61135430330013,40.82121165096736],[33.61134731730011,40.82121744196735],[33.61134102130013,40.82122367496736],[33.61133546530013,40.82123029996734],[33.61133069030016,40.82123726896737],[33.61132673330014,40.82124452596736],[33.61132362330011,40.82125201896736],[33.61132138530015,40.8212596879674],[33.61132003530009,40.82126747696739],[33.61131958430015,40.8212753249674],[33.61132003530009,40.8212831729674],[33.61132138530015,40.8212909619674],[33.6113221303001,40.82129388896735],[33.61138893030009,40.8215347559676],[33.61134203430008,40.82160920996765],[33.61108810530012,40.82161190896768],[33.61107860630014,40.8216122999677],[33.61106917930013,40.82161326796771],[33.61105908330013,40.8216149679677],[33.61104922130014,40.82161732996772],[33.61103966730017,40.82162033696769],[33.61103049430013,40.82162396396772],[33.61101815130017,40.82163018996769],[33.61082652030019,40.82174055196787],[33.61082193830016,40.82174332896784],[33.6108143133002,40.82174863696785],[33.61080732730019,40.82175442796784],[33.61080103230019,40.82176066096788],[33.61079547530016,40.82176728596784],[33.61079070030019,40.82177425496787],[33.61078674330015,40.82178151196788],[33.61078257830019,40.82179223396789],[33.61072176630018,40.82199422396807],[33.61072058330019,40.82199866396808],[33.6107192333002,40.82200645296809],[33.6107187823002,40.8220143009681],[33.6107192333002,40.82202214896809],[33.61072058330018,40.8220299379681],[33.61072282130017,40.82203760696814],[33.61072593130019,40.82204509996814],[33.61072888730018,40.82205068296815],[33.61073232830017,40.82205610296812],[33.61082836930014,40.82219530796823],[33.61082557530013,40.82226018196832],[33.61064343530016,40.82241073396845],[33.61063990730013,40.82241378496845],[33.61063361230015,40.82242001796848],[33.61062805530013,40.82242664296848],[33.61062328030015,40.82243361196852],[33.61061932330016,40.8224408689685],[33.61061765730017,40.82244459796848],[33.61056706130017,40.82256653996862],[33.61056497430019,40.82257221096862],[33.61056337930015,40.82257797296862],[33.61056202930018,40.82258576196861],[33.61056157830019,40.82259360996862],[33.61056202930016,40.82260145796862],[33.61056337930016,40.82260924696869],[33.61056561730014,40.82261691596865],[33.61056872730016,40.82262440896866],[33.61057141230012,40.82262952096866],[33.61065093430013,40.82276843396875],[33.61065698130013,40.82277754796879],[33.61066253730014,40.82278417296882],[33.61066883330014,40.82279040496883],[33.61067486330013,40.82279546296883],[33.61088113330006,40.82295579196893],[33.61088971330003,40.82296183396894],[33.61089791730009,40.82296661596894],[33.61090663930003,40.82297083696894],[33.61091581230006,40.82297446396895],[33.61092536630004,40.82297746996895],[33.61092796630005,40.82297816396894],[33.61126282930002,40.82306410696902],[33.61141360129994,40.82336396796927],[33.61141730329997,40.82337053696925],[33.61142167929995,40.82337686196928],[33.61142497629994,40.82338094496932],[33.61162105029992,40.82360988096949],[33.61162960429989,40.82361865496946],[33.61163659129989,40.82362444696949],[33.61164421529985,40.82362975496947],[33.61165242029989,40.82363453696949],[33.61166114229985,40.82363875796948],[33.61167031429989,40.82364238496951],[33.61167986929991,40.8236453909695],[33.61168864229989,40.82364752796951],[33.61169760829989,40.82364913996951],[33.61211829229981,40.82371178596954],[33.61223109129974,40.82375773496955],[33.61218803729974,40.82391683496972],[33.61218740929979,40.82391932996968],[33.6121860602998,40.8239271189697],[33.61218560929978,40.82393496696971],[33.61218637829978,40.82394520896976],[33.61221625729976,40.8241434789699],[33.61221728929976,40.82414887396993],[33.61221952729974,40.82415654296991],[33.61222263729971,40.82416403596992],[33.61222659529975,40.82417129296991],[33.61223137029973,40.82417826196993],[33.61223692629974,40.82418488696996],[33.61224322229972,40.82419111896997],[33.61225020829974,40.82419691096999],[33.61225783329976,40.82420221896995],[33.61226371929976,40.82420573596995],[33.61266635829961,40.82443106497014],[33.61267739829962,40.82443655097011],[33.61268657129966,40.82444017797013],[33.61269612529962,40.82444318397012],[33.61270464829963,40.82444526797015],[33.61271335429965,40.82444685597012],[33.61302724929958,40.82449468897014],[33.61325749229948,40.82468993297035],[33.61326333329951,40.82469454497035],[33.6132695902995,40.82469883097032],[33.61327779529954,40.82470361297037],[33.61328651729949,40.82470783397034],[33.61329572629953,40.82471147397033],[33.61369349029938,40.82485224597043],[33.61376736929937,40.82515368497069],[33.61376804229938,40.8251562259707],[33.61389824129932,40.82561383297111],[33.61390021429932,40.8256197789711],[33.61390271529935,40.82562560897112],[33.61390667229936,40.82563286597112],[33.61391144729932,40.8256398339711],[33.61391700429934,40.82564645997114],[33.61392330029931,40.82565269197111],[33.61393028629934,40.82565848397114],[33.61393791129933,40.82566379197117],[33.61394611629932,40.82566857397113],[33.61395483829934,40.82567279497118],[33.6139640112993,40.82567642197115],[33.61397356529933,40.82567942797117],[33.6139875382993,40.82568256797115],[33.61429476929925,40.82573624497117],[33.61430075529928,40.82573716797118],[33.61431100829924,40.82573819297117],[33.61432134029924,40.82573853597117],[33.61432280329927,40.82573852897119],[33.61503758529913,40.82573182497112],[33.6152019542991,40.82577526797115],[33.61528152229907,40.82590660497127],[33.61520055529908,40.82630675297163],[33.61519952429908,40.82631357297164],[33.61519917929908,40.82632043297165],[33.61519963029902,40.82632828097164],[33.61520098029908,40.82633606997165],[33.61520226829905,40.82634085597167],[33.61523733929904,40.82645525897178],[33.61524139929901,40.82646563497175],[33.61524535729905,40.82647289197175],[33.61525013229903,40.82647985997173],[33.61525568929904,40.82648648597175],[33.61526198429903,40.8264927179718],[33.61526897129904,40.82649850997179],[33.61527659629907,40.82650381797183],[33.61528596329901,40.8265092099718],[33.61557212029896,40.82665758397191],[33.61587908129884,40.82696389897213],[33.61597341329883,40.82716588197233],[33.61588636229884,40.82760479797274],[33.61588537629886,40.82761142897276],[33.61588503929884,40.82761809697274],[33.61588456629883,40.82789645297302],[33.61588501729882,40.82790435897303],[33.61588636629882,40.82791214797304],[33.61588860529879,40.82791981697299],[33.61589171529879,40.827927309973],[33.61589390529879,40.82793154497301],[33.61598933929876,40.82810319097319],[33.61599588229879,40.82811318097319],[33.61599995329879,40.82811815597316],[33.61600444129878,40.82812291997323],[33.61725592929845,40.82936376597421],[33.61737123929841,40.82947809597433],[33.61737453129845,40.82948121397434],[33.61738151929845,40.82948700597429],[33.61738914429843,40.82949231397434],[33.61739734929844,40.8294970959743],[33.6174060712984,40.82950131697433],[33.61741524529842,40.82950494397431],[33.61742480029843,40.82950794997436],[33.61743466429843,40.82951031297432],[33.61744476129845,40.82951201297436],[33.61744878329842,40.82951249797434],[33.61771781329833,40.82954133197432],[33.61816823929831,40.82970501897444],[33.61874953429814,40.82998535497465],[33.61902196129811,40.83015994397482],[33.61963505029796,40.83087511197542],[33.61970405829789,40.83135364897584],[33.61979540329781,40.83198708497638],[33.6197645842978,40.8325584429769],[33.61976448429778,40.83256212897692],[33.6197649352978,40.83256997697692],[33.61976628529778,40.83257776597693],[33.61976656629776,40.83257893097694],[33.61982663529776,40.83281916397714],[33.61982879729775,40.83282623997714],[33.61983170329777,40.83283316097715],[33.61983566129775,40.83284041797717],[33.61984043629773,40.83284738597714],[33.61984599429778,40.83285401197718],[33.61985229029776,40.83286024397713],[33.61985636729773,40.83286374697716],[33.62037325329763,40.83328511797751],[33.62039478129761,40.83330266797752],[33.6204053162976,40.83331026397755],[33.6204137712976,40.83331517897749],[33.62093374729751,40.83359021297773],[33.62110718429744,40.83391286397798],[33.62129209229738,40.83425685697829],[33.62129539029742,40.83426244197829],[33.62129918029739,40.8342678439783],[33.62130473729735,40.83427446997833],[33.62131103429737,40.83428070197836],[33.62131802129738,40.83428649397833],[33.62132564729739,40.8342918009783],[33.62133385329736,40.83429658397833],[33.62134257629736,40.83430080497837],[33.62134804229736,40.83430305897834],[33.62182875729724,40.83448904197847],[33.62193625329726,40.83464007497861],[33.62259043829705,40.83555920997937],[33.62259205829704,40.83556141197936],[33.62259761629703,40.83556803797937],[33.62260391229708,40.8355742699794],[33.62261296429706,40.83558159197941],[33.62294010829697,40.83581825497959],[33.622945669297,40.83582203097959],[33.62295387529696,40.83582681397957],[33.62296259929696,40.83583103497956],[33.62297348829696,40.8358352569796],[33.62335332829687,40.83596423797966],[33.62377687029681,40.83612933997978],[33.62390218429677,40.83630109597996],[33.62399265729667,40.837470208981],[33.6237416352967,40.83787639098134],[33.62323222429679,40.83813462098166],[33.62322183429677,40.83814053798161],[33.62321420829676,40.83814584498167],[33.62320722029677,40.83815163698164],[33.62320092329674,40.83815786898166],[33.62319536529676,40.8381644949817],[33.62319058929678,40.83817146298169],[33.62318663129675,40.83817871998168],[33.62318404329677,40.83818477898168],[33.62309801529677,40.83841343798191],[33.62309525429674,40.83842254098194],[33.62309390429676,40.83843032998194],[33.62309345329676,40.83843817798194],[33.62309387429674,40.8384457659819],[33.62309513629673,40.83845329998194],[33.62318834929672,40.83886887298232],[33.62310171529669,40.83918375098258],[33.62310101029671,40.83918653198261],[33.62309966029672,40.83919432098263],[33.62309920829672,40.83920216898261],[33.62309958829668,40.83920936598263],[33.62312937329669,40.83949150498285],[33.62313079529665,40.8394999449829],[33.62313303429669,40.83950761398285],[33.6231361442967,40.8395151059829],[33.62314010329666,40.83952236398289],[33.62314487929668,40.83952933198292],[33.62315171529664,40.83953731798295],[33.62350594529659,40.83990673798323],[33.62379711129652,40.84042743198364],[33.62380356329649,40.84043725698367],[33.6238088512965,40.84044358998366],[33.62381481529646,40.84044956598367],[33.6242686212964,40.84086697898405],[33.62443158729629,40.84119694398431],[33.62441466129628,40.84128000498441],[33.62437031729634,40.8414976189846],[33.62436927129632,40.84150448398459],[33.62436892229631,40.84151138998462],[33.62436897129631,40.84151397998462],[33.6243786492963,40.84176941298481],[33.62437921229627,40.84177596098485],[33.62438040129631,40.84178245998486],[33.62438264029628,40.84179012898482],[33.62438575129629,40.84179762098483],[33.62438733629629,40.84180074698485],[33.62478898529612,40.8425507389855],[33.62589210983614,40.84455944679149],[33.62547958694446,40.84476561732402],[33.62512895371765,40.84499603440505],[33.62480966798456,40.84524992025867],[33.62413916856782,40.84568916273656],[33.62330550137452,40.84641861887911],[33.6216936366849,40.84786680069647],[33.62139471529631,40.84841882299106],[33.62139470929632,40.84841885999105],[33.6211987132963,40.8491008409917],[33.6211987132963,40.84910087599169],[33.6212526992963,40.84926900299183],[33.62125270529628,40.84926903999183],[33.62111181329633,40.84936438499196],[33.62109722629629,40.84958996799213],[33.62109722429631,40.84959000599213],[33.62130029329629,40.8496941639922],[33.62119309029626,40.84983188999232],[33.6210379852963,40.85003115799252],[33.62103795929629,40.85003119099253],[33.62079241329629,40.85013534799266],[33.62072023529632,40.85034819499287],[33.62074880329628,40.85092080699333],[33.62075069329628,40.85095868199344],[33.62014828129635,40.85101402399351],[33.61995222329642,40.85096488499348],[33.61993784329638,40.85105324499357],[33.61971093529648,40.85104681099353],[33.61963924429645,40.85128184299379],[33.61956469029641,40.85167403899416],[33.62083497129603,40.85396931299612],[33.62090710229602,40.85417019999631],[33.62096920829597,40.85429577099635],[33.62094945929599,40.85436529499643],[33.62094573229599,40.85437320699646],[33.62102845629596,40.85442700799649],[33.62099375529597,40.85443902699647],[33.62096358329599,40.85457594299663],[33.620761126296,40.85468880599671],[33.62088604329598,40.85494792199694],[33.62114717229585,40.85537261299732],[33.6211462862959,40.85558624799749],[33.62119251129582,40.85569372299765],[33.62120775429582,40.85579816799772],[33.62120558829579,40.85599419599789],[33.6211776582958,40.85639665299826],[33.62110953129582,40.8565802759984],[33.62077228729585,40.85652726199841],[33.62061389529587,40.85655738899847],[33.62027361229592,40.85659683199849],[33.619928687296,40.85649706699845],[33.61998966829597,40.85666473299861],[33.62004720729594,40.85695160399883],[33.62009795429591,40.85725292799909],[33.62016825229591,40.85742373999928],[33.62022016229586,40.85758503399937],[33.62027670129585,40.85768065799948],[33.62040998329587,40.85775676099951],[33.62056735229579,40.85781493199961],[33.62085609029573,40.85793481599963],[33.62090492429576,40.85796765799967],[33.62098458329572,40.85802122899973],[33.6210718162957,40.85807989299977],[33.62120555729568,40.85809451699977],[33.62131924229564,40.85810654699978],[33.62124990829565,40.85834778900001],[33.62105785368094,40.85867254593764],[33.62238716354642,40.85880596390037],[33.62353857316908,40.85903243437803],[33.62549655906943,40.85958207189201]]],[[[33.72497517141365,41.52322635499875],[33.72658395141268,41.52153196099646],[33.72714915841234,41.52078271199554],[33.72736743641224,41.52085718299558],[33.72736113541225,41.52086683799561],[33.72678931941261,41.52162484899657],[33.7267888524126,41.52162546199656],[33.72678262241261,41.52163273999658],[33.72517595941353,41.52332491199881],[33.7240426004143,41.52506437800098],[33.72382822041445,41.52565758800164],[33.72373018741462,41.5263106440024],[33.72390730241457,41.52668752200273],[33.72454756741447,41.52804992600398],[33.72455047041447,41.52805702200402],[33.72455258541444,41.52806427400401],[33.72455395041445,41.52807206200402],[33.72455440641446,41.52807990900405],[33.72455426241444,41.52808431500398],[33.72446461641468,41.52945927700547],[33.72446311841464,41.52946972200549],[33.72433890541479,41.53002784200615],[33.72433872641481,41.5300286250061],[33.7243364644148,41.53003629400615],[33.7243333204148,41.53004378500614],[33.7243293204148,41.53005104200615],[33.72432449341482,41.53005800900615],[33.72432032441481,41.53006304500617],[33.72431572241482,41.53006786400616],[33.72381522341509,41.53055710800688],[33.72381201541511,41.53056010900684],[33.72381107941511,41.53056093800683],[33.72303764441553,41.53123681100781],[33.72238140141597,41.53252422200933],[33.72237511341602,41.53253455300931],[33.72215391141612,41.53284463400975],[33.72215207341613,41.53284711600977],[33.72214645641613,41.53285374100972],[33.72214009241613,41.53285997200975],[33.72213644641615,41.53286308900974],[33.72150346741652,41.5333795800105],[33.72125593741667,41.53386877801108],[33.72125216941667,41.53387541201108],[33.72124770541669,41.53388179901113],[33.72124627941666,41.53388360601112],[33.72087455641689,41.53434232001164],[33.72063138741704,41.53466039101208],[33.72059493541711,41.53501366401249],[33.7205934734171,41.53502233901248],[33.72059057041711,41.5350317350125],[33.72041162741726,41.53549629801302],[33.72044135341726,41.53574159801326],[33.72044184741727,41.53574976301326],[33.72044139141727,41.53575761001331],[33.72044002641732,41.53576539801332],[33.72043779541728,41.53577297901328],[33.72043470241729,41.53578038801336],[33.72021705441748,41.53623250801385],[33.72010465741756,41.53667015701436],[33.72010249141756,41.53667709901439],[33.72009960141754,41.5366838920144],[33.72009560041756,41.53669114901439],[33.72009077341758,41.5366981160144],[33.72008533841757,41.5367045450144],[33.71963767541784,41.53718762701503],[33.71962034241788,41.53736897401522],[33.71961882941785,41.53737816001522],[33.71961589441785,41.53738763801527],[33.71949364441795,41.53770388501563],[33.71949117341798,41.53770956601559],[33.71948717241795,41.53771682301566],[33.71948234541794,41.53772379001566],[33.719476461418,41.53773069901565],[33.71900739141827,41.5382299070163],[33.71885719141841,41.53888200901704],[33.7188590094184,41.53892984901709],[33.71886015341841,41.53895996701716],[33.7188942104185,41.53985624801808],[33.72034823641814,41.54217154902003],[33.72060324741811,41.54257272902041],[33.7206077194181,41.54258073502039],[33.72061086341812,41.54258822602042],[33.7206131264181,41.54259589502044],[33.72061449141811,41.54260368302046],[33.72061494741813,41.54261153002042],[33.72061449341809,41.54261935802045],[33.72061313541808,41.54262712702045],[33.72042372841826,41.54343615202139],[33.72048181841838,41.54414421402212],[33.72067555941833,41.54456454502248],[33.72096341041824,41.54491202802277],[33.72161621841799,41.54536501102302],[33.72242626241773,41.5459271010234],[33.72243168341771,41.54593111002341],[33.72243675441773,41.54593536802341],[33.72244311941772,41.54594159902341],[33.72244873741771,41.54594822402344],[33.7224535654177,41.54595519102342],[33.72245756641773,41.54596244802345],[33.72246022441771,41.54596861802346],[33.72246228541773,41.54597491602347],[33.7227432114177,41.54699004002443],[33.72274389941771,41.54699273202444],[33.7227452644177,41.54700052002446],[33.72274572041772,41.54700836702442],[33.72274509041771,41.54701758702448],[33.72268554241778,41.54745214502492],[33.72292797941773,41.5477608980252],[33.7229285444177,41.54776162502519],[33.72293337241776,41.54776859202517],[33.72293737341772,41.54777584902519],[33.72293791741772,41.54777699502517],[33.72325269641767,41.54845505702583],[33.72325550341766,41.54846199002582],[33.72325756041767,41.54846907102581],[33.72325892441768,41.54847685902581],[33.72325938041771,41.54848470602584],[33.72325892441769,41.54849255302585],[33.72325756041769,41.54850034102588],[33.72325647741765,41.54850440502587],[33.72310765741778,41.54900300002642],[33.72316299041788,41.54951744302694],[33.7236584054177,41.54997300602729],[33.72366421541769,41.5499788120273],[33.72366938341767,41.54998495002729],[33.72367140441767,41.54998768802727],[33.72415015041754,41.55066384002786],[33.7241538224176,41.55066949402789],[33.72415695941755,41.55067532602789],[33.72416010341755,41.55068281702786],[33.72416243141755,41.55069076402791],[33.72419058641754,41.55081525702801],[33.72426275641757,41.55113436602834],[33.72426384441754,41.55114041102833],[33.72426438541756,41.55114649802836],[33.72427532441758,41.55139731802861],[33.72439207741758,41.55151233402865],[33.72439652641755,41.5515170200287],[33.72440056841754,41.55152191002868],[33.72440539641755,41.55152887702871],[33.72440939841755,41.5515361340287],[33.72441192841757,41.55154196702871],[33.72441392341757,41.5515479170287],[33.72446886141757,41.55173894202894],[33.72446974241758,41.55174232002887],[33.72447110741757,41.55175010802891],[33.72447156341753,41.55175795502893],[33.72447110741759,41.55176580202895],[33.72446974341757,41.55177359002894],[33.72446747941758,41.55178125802894],[33.72446433541758,41.55178875002896],[33.72446208541757,41.55179304702894],[33.72428500741764,41.55210734502933],[33.72439450041765,41.55240462402965],[33.72439701941767,41.55241299802964],[33.72439725841765,41.55241405502967],[33.72448262041772,41.55280484603002],[33.7244838054177,41.55281211102997],[33.72448420141771,41.55281942403002],[33.7244837454177,41.55282727103003],[33.72448238041771,41.55283505903002],[33.72448050441771,41.55284161503006],[33.7244779834177,41.55284804703006],[33.72435606841776,41.55312117603035],[33.72432420141784,41.55322114303052],[33.7246281474177,41.55338279503057],[33.72463593141769,41.55338730603054],[33.72464364141771,41.5533926130306],[33.72465070641769,41.55339840403058],[33.72465707141769,41.55340463503058],[33.72466269041772,41.5534112600306],[33.72466536541767,41.5534149360306],[33.72487504041764,41.55371963903084],[33.72519107541757,41.55411261703123],[33.72519228341751,41.55411415303115],[33.72519711141755,41.55412112003116],[33.72520111341753,41.55412837703121],[33.72520425841752,41.55413586803117],[33.72520652141752,41.55414353703122],[33.72520741541756,41.55414799603124],[33.72525585141756,41.55443884803152],[33.72525677841755,41.5544500240315],[33.72525632241752,41.5544578710315],[33.7252549574176,41.55446565903154],[33.72525269441758,41.55447332703157],[33.7252495504176,41.55448081903153],[33.72524576741758,41.55448772003152],[33.72524123641757,41.55449436303153],[33.72509627641766,41.5546868050318],[33.72509575941767,41.55468748503179],[33.72509014041766,41.55469410903182],[33.72508377441768,41.55470034103182],[33.7250767104177,41.55470613203186],[33.72506900041767,41.55471143903185],[33.7250607044177,41.55471622103188],[33.7250518844177,41.55472044103188],[33.72505105841768,41.55472079603187],[33.72479029141781,41.55483181903205],[33.72478463741783,41.55489184803209],[33.72490054641776,41.55495551203211],[33.72490684341781,41.55495921903214],[33.72491455341778,41.55496452603212],[33.7249216184178,41.55497031703216],[33.72492798441776,41.55497654803214],[33.72493360241776,41.55498317303217],[33.72493843141778,41.55499014003214],[33.72494243341776,41.55499739703216],[33.72494490341778,41.55500307403217],[33.72502580641775,41.5552122630324],[33.72502874441776,41.5552217460324],[33.72503010941776,41.5552295340324],[33.7250305654178,41.55523738103241],[33.72503010941777,41.55524522803238],[33.72502874441776,41.5552530160324],[33.72502801041774,41.5552558700324],[33.72496699741781,41.55547429203269],[33.72496495141785,41.55548050703267],[33.7249623224178,41.5554865980327],[33.72495832141782,41.55549385503271],[33.72495349241785,41.5555008220327],[33.72494830941779,41.5555069760327],[33.72494248041786,41.55551279603273],[33.72463495241802,41.55579530503309],[33.724633980418,41.55579618603312],[33.72462691541802,41.55580197703309],[33.72461920541799,41.55580728403311],[33.72461090941803,41.5558120650331],[33.72460206941803,41.55581629503313],[33.72392589641834,41.55610926003364],[33.72391313841839,41.55611405103364],[33.72356311141854,41.55622649403389],[33.72355405341857,41.5562750440339],[33.72358584341853,41.55630071603393],[33.72351204941858,41.55647509803413],[33.72350669741863,41.55647448303412],[33.72349648741861,41.5564727830341],[33.72348651441862,41.55647042103413],[33.7234768534186,41.55646741503416],[33.72346757741859,41.55646378803416],[33.72345875741865,41.55645956703411],[33.72345046141861,41.55645478603414],[33.72343974041864,41.55644713403411],[33.72333965441867,41.55636630803407],[33.72333560041867,41.55636286203407],[33.72332923441869,41.55635663003407],[33.72332361641865,41.55635000603403],[33.72331878741867,41.55634303803406],[33.72331478541866,41.55633578203407],[33.72331164141865,41.55632829003403],[33.72330937741866,41.55632062203407],[33.72330801241866,41.55631283403405],[33.72330755641865,41.55630498703402],[33.72330784641865,41.55629872403404],[33.72330871641866,41.55629249203399],[33.72333507841865,41.55615119103386],[33.72333574041864,41.55614805103385],[33.72333800341865,41.55614038203383],[33.72334114741863,41.55613289103381],[33.7233451494186,41.55612563403378],[33.72334997841863,41.55611866703382],[33.72335559741861,41.55611204203375],[33.72336196341865,41.5561058110338],[33.72336902741862,41.55610002003379],[33.7233767374186,41.55609471303374],[33.72338503441861,41.55608993103375],[33.72339385341861,41.55608571103376],[33.72340665341859,41.55608090103376],[33.72381229341839,41.55595059503347],[33.72446325141806,41.55566855503301],[33.72473837541789,41.55541581503265],[33.72478723641788,41.55524090203249],[33.72472607741787,41.55508276603231],[33.72458963941794,41.55500782703227],[33.72458334341791,41.55500412003229],[33.72457563341794,41.55499881303224],[33.72456856841796,41.5549930220323],[33.72456220241792,41.55498679003227],[33.72455658441793,41.55498016603225],[33.72455175541795,41.55497319903223],[33.72454775441792,41.55496594203225],[33.72454460941793,41.55495845003223],[33.72454234641793,41.55495078203222],[33.72454098141794,41.55494299403226],[33.72454052541792,41.55493514703223],[33.72454082441794,41.55492879203221],[33.7245556924179,41.55477094503207],[33.72455721441789,41.55476166403204],[33.72455947741788,41.55475399503204],[33.72456262241788,41.55474650403207],[33.7245666244179,41.55473924703203],[33.72457145241788,41.55473228003199],[33.72457707141793,41.55472565503202],[33.7245834374179,41.55471942403201],[33.72459050141788,41.55471363303197],[33.72459821141791,41.55470832603198],[33.72460650741788,41.55470354403197],[33.72461532741788,41.55469932403194],[33.72461615341789,41.55469896903197],[33.72490397041771,41.55457642903175],[33.72501304741768,41.55443162603154],[33.72497270041765,41.55418934203133],[33.72466778541773,41.55381018903099],[33.72466657741776,41.55380865303102],[33.72466390141774,41.55380497703102],[33.7244658034178,41.55351709603074],[33.72411948141794,41.55333290803068],[33.72411169841796,41.55332839703068],[33.72410398841793,41.55332309003065],[33.72409692441791,41.55331729903065],[33.72409055841795,41.55331106703069],[33.72408493941791,41.55330444303065],[33.72408011141793,41.55329747603064],[33.72407610941792,41.55329021903064],[33.72407296541795,41.55328272703061],[33.72407070241796,41.55327505903065],[33.72406933741795,41.55326727103065],[33.72406888141794,41.55325942403061],[33.72406933741795,41.55325157703059],[33.72407070241795,41.5532437890306],[33.72407217641795,41.55323845703061],[33.72412416541788,41.5530753670304],[33.72412708841789,41.55306771103042],[33.72424124441779,41.55281197003006],[33.72416173941775,41.55244798502974],[33.72404283241776,41.55212514002943],[33.7240403134178,41.55211676702945],[33.7240389484178,41.55210897902943],[33.7240384924178,41.55210113202942],[33.7240389484178,41.55209328502939],[33.7240403134178,41.55208549702937],[33.72404257641779,41.55207782802936],[33.7240457214178,41.5520703370294],[33.72404797141782,41.55206604002935],[33.72422653241767,41.55174910902895],[33.72418525041771,41.55160556302883],[33.72406146941772,41.55148362302874],[33.7240570204177,41.55147893702876],[33.7240529784177,41.55147404702873],[33.72404815041772,41.55146708002873],[33.72404414941769,41.55145982302873],[33.72404100441769,41.55145233102871],[33.72403874141769,41.55144466302874],[33.7240375634177,41.55143834302874],[33.72403698441769,41.55143197602867],[33.72402505941768,41.55115850002846],[33.72392940741765,41.55073555202799],[33.72346530341776,41.55008007502747],[33.72295370941795,41.54960963102712],[33.72294789941795,41.5496038260271],[33.72294273141797,41.54959768802708],[33.722937903418,41.54959072102709],[33.72293390241795,41.54958346402708],[33.72293075841795,41.54957597202708],[33.72292849441794,41.54956830402706],[33.72292706341797,41.54955992002709],[33.7228672584179,41.54900388502644],[33.72286686941791,41.54899663402647],[33.72286732541792,41.54898878702652],[33.72286869041792,41.5489809990265],[33.72286977341789,41.54897693402644],[33.72301508741776,41.54849008602592],[33.72271548341787,41.54784470702535],[33.72245905041794,41.54751812902505],[33.72245848641794,41.54751740302505],[33.72245365841788,41.54751043602508],[33.72244965641792,41.54750317902502],[33.72244651241791,41.54749568702506],[33.7224442494179,41.54748801902504],[33.72244288541791,41.54748023102502],[33.7224424284179,41.54747238402499],[33.72244305941792,41.54746316402499],[33.7225047424178,41.54701303002452],[33.72223541641782,41.54603981102358],[33.72078888741832,41.54503606202295],[33.72078346741834,41.54503205502294],[33.7207783964183,41.54502779702293],[33.72077318241831,41.54502277902293],[33.72076845341836,41.54501749602292],[33.72046495241844,41.54465112102261],[33.72046291341846,41.54464856702263],[33.7204580864184,41.54464160002266],[33.72045408441844,41.54463434302266],[33.72045345441844,41.54463301002262],[33.72024995641846,41.54419150502221],[33.72024720241848,41.5441846630222],[33.72024517941844,41.54417767902221],[33.72024358641848,41.54416758302217],[33.72018361741841,41.54343659202147],[33.7201833904184,41.54343105302142],[33.72018384441838,41.54342322502142],[33.7201852024184,41.54341545602139],[33.7203704234182,41.54262432002052],[33.72013171341828,41.54224878302019],[33.71866675241862,41.53991606001817],[33.71866252241863,41.5399084350182],[33.71865937841863,41.53990094301816],[33.71865711541862,41.53989327501812],[33.71865591241861,41.53988676601814],[33.7186553434186,41.53988020901812],[33.71862057541853,41.53896510501718],[33.71861727041852,41.53887812401708],[33.71861722141852,41.5388755550171],[33.71861766141853,41.53886785001711],[33.71861897741853,41.5388602010171],[33.71864541041845,41.53874544101694],[33.71877586841834,41.53817906201633],[33.71877816341834,41.53817125201634],[33.71878130741834,41.53816376101631],[33.71878530741833,41.53815650401634],[33.71879013541833,41.5381495370163],[33.71879601941833,41.53814262701626],[33.71926908441805,41.53763917001563],[33.71938219741795,41.53734656701528],[33.71940098041797,41.537150043015],[33.71940249341791,41.537140857015],[33.7194047564179,41.53713318801504],[33.71940789941792,41.53712569701504],[33.7194119004179,41.53711844001501],[33.71941672741789,41.53711147301504],[33.71942216341792,41.53710504401504],[33.71987414241766,41.53661730501434],[33.71998351041754,41.5361914580139],[33.71998564441753,41.53618460201385],[33.71998848441757,41.53617789201388],[33.72020025941738,41.53573797601329],[33.72017090341739,41.53549573001313],[33.72017041041737,41.5354875660131],[33.72017086641739,41.53547971901309],[33.7201722304174,41.53547193101309],[33.72017513441738,41.53546253401308],[33.72035694141722,41.53499053901254],[33.72039453641715,41.53462620601215],[33.72039599841714,41.53461753101215],[33.72039826041713,41.5346098620121],[33.72040140441715,41.5346023710121],[33.72040534941716,41.53459520301212],[33.72041010141713,41.53458831701212],[33.72066756241696,41.53425155401167],[33.72066905341701,41.53424966201168],[33.72103584541674,41.53379703501106],[33.72128766641659,41.53329936001045],[33.72129143441658,41.53329272601044],[33.7212958974166,41.53328633901047],[33.7213015144166,41.53327971401042],[33.7213078784166,41.53327348301043],[33.72131152541657,41.53327036601041],[33.72194986441619,41.53274950100966],[33.72216031341607,41.53245449700929],[33.72282130741565,41.53115777600779],[33.72282503341565,41.53115124800775],[33.7228294334156,41.53114496200779],[33.7228350494156,41.53113833700775],[33.7228414134156,41.53113210600773],[33.72284235041558,41.5311312760077],[33.72362723441521,41.53044540000682],[33.72410748341488,41.52997595100615],[33.72422560541477,41.52944521000553],[33.72431376141455,41.52809319200411],[33.72349506441468,41.52635109700251],[33.72349216241467,41.52634400100251],[33.72349004741471,41.52633675000249],[33.7234886824147,41.5263289620025],[33.72348822641471,41.52632111500248],[33.72348898241472,41.52631102200246],[33.72359113341454,41.52563055000171],[33.72359219841459,41.5256250080017],[33.72359456641456,41.52561704500166],[33.72381434741437,41.525008895001],[33.72381738441438,41.52500169800101],[33.72382236641438,41.52499289700096],[33.72496509541362,41.52323905899877],[33.72496894041365,41.52323363499875],[33.72497517141365,41.52322635499875]]],[[[33.72319022042097,41.57342400005187],[33.72337692642104,41.57480022405325],[33.72338968242108,41.57489424705337],[33.723637907421,41.57552540505392],[33.72380755142101,41.57587461805423],[33.723810711421,41.57588214005427],[33.72381297542101,41.57588980805424],[33.72381318442101,41.57589072605427],[33.72392494742103,41.57639724505474],[33.72392615642104,41.5764045790548],[33.72392656042104,41.57641196205476],[33.72392628042105,41.57641811105474],[33.72392544242103,41.5764242310548],[33.72380848742116,41.57706268205549],[33.72380778442116,41.57706604805544],[33.72380623042114,41.57707162705547],[33.72380420842116,41.5770771210555],[33.7235789754213,41.57762160905612],[33.72353150542139,41.57788360705639],[33.72362060942135,41.57807561005661],[33.72375439542132,41.57836389305684],[33.72375521342137,41.57836571805687],[33.72421250642126,41.57942337705782],[33.72421480742124,41.57942940805781],[33.72421654442132,41.57943554405784],[33.72421800642132,41.57944420905785],[33.72426466342133,41.57989541705825],[33.72426501342132,41.57990126205831],[33.72428301142143,41.58098265005938],[33.72428302042146,41.58098377505939],[33.72428265842147,41.58099076905943],[33.72428157342146,41.58099772105941],[33.72423016342148,41.5812439250597],[33.72422978842155,41.58124561405969],[33.72422752442149,41.58125328205971],[33.7242243784215,41.58126077305965],[33.7242203754215,41.5812680300597],[33.72421554442153,41.58127499805975],[33.72420992342153,41.58128162205973],[33.72420355542153,41.58128785405976],[33.72419323042151,41.58129600005976],[33.72358544242189,41.58171916206037],[33.72338783542197,41.58190836906066],[33.72239934342257,41.5833235140624],[33.72186119842298,41.58421868006344],[33.72085018742391,41.58795005806758],[33.72074510542406,41.58861248606831],[33.72076227742409,41.5888326970686],[33.72079177842405,41.5889514810687],[33.72097304142399,41.58909803906875],[33.72123145142393,41.58927996706891],[33.72123630842389,41.58928334606886],[33.72123907142389,41.58928539906889],[33.72124618942393,41.58929112606889],[33.72125255942392,41.58929735806888],[33.72125818042385,41.58930398206886],[33.72126301142389,41.58931095006892],[33.72126701542388,41.58931820606892],[33.72126785242389,41.58932012206892],[33.72127027242388,41.58932564806892],[33.72132151242388,41.58943885406904],[33.72132411042387,41.58944542206904],[33.7213260364239,41.58945211906907],[33.7213274024239,41.58945990706899],[33.72132785842391,41.58946775406905],[33.7213274024239,41.58947560106904],[33.7213260364239,41.58948338906906],[33.72132500542389,41.58948727606906],[33.72128573442395,41.58962001306919],[33.72128379042391,41.58962570206924],[33.72128135542393,41.58963128406921],[33.72127735142392,41.58963854106921],[33.72127252042391,41.58964550906926],[33.72126689842393,41.58965213306925],[33.72126052942398,41.58965836506923],[33.72125346042392,41.58966415606929],[33.72124574742394,41.58966946206932],[33.72123744642396,41.58967424406932],[33.72122862242393,41.58967846406932],[33.72122773342397,41.5896788460693],[33.72101153442404,41.58977071606947],[33.72100267842409,41.58977412306947],[33.72099347642408,41.58977696706948],[33.72098173842408,41.58977967206946],[33.72061643842425,41.58984871706964],[33.72060798442425,41.58985007306968],[33.72059761142424,41.58985109806964],[33.72058715842429,41.58985144106968],[33.72057670542429,41.58985109806964],[33.72056633242428,41.58985007306971],[33.72056343342428,41.58984966206965],[33.72024881542443,41.58980199506971],[33.72012065542445,41.58982731706977],[33.71982745542464,41.59002401107004],[33.71982463342464,41.59002584607004],[33.71981633242466,41.5900306280701],[33.71980750842464,41.59003484807008],[33.71979973742462,41.59003793707009],[33.71917562142497,41.59026442007053],[33.71890064842512,41.59046857907078],[33.7186227784253,41.59079720007117],[33.71862043842526,41.59079986207121],[33.71835976942541,41.59108526507158],[33.71830872842548,41.59145150707195],[33.71830755742552,41.59145777307197],[33.71830567142553,41.59146435307198],[33.71830313642548,41.59147080807196],[33.71818423442559,41.59173653407226],[33.7181832444256,41.59173865707227],[33.7181792404256,41.59174591407231],[33.7181744094256,41.59175288107227],[33.71816878742559,41.59175950607232],[33.71816241842559,41.59176573807231],[33.71815534942562,41.59177152907236],[33.7181476354256,41.59177683507237],[33.71813885442558,41.59178186807236],[33.71783933342577,41.59193768107259],[33.71771574042582,41.59209056207279],[33.7176621274259,41.59229531907301],[33.71770876542593,41.59252622407329],[33.71770978142592,41.59253295307324],[33.71771012042592,41.59253972107329],[33.71771004242589,41.5925429680733],[33.717686385426,41.59303514507376],[33.71768579842601,41.59304136107379],[33.71768464142601,41.59304753307382],[33.71768242042597,41.59305507707383],[33.71767934742603,41.5930624500738],[33.71765641342601,41.59311017607389],[33.71751155042611,41.59341164007421],[33.71750748742613,41.59341901807421],[33.71750265642611,41.59342598507422],[33.71750185142609,41.59342701607423],[33.71689141242651,41.59419694307526],[33.71679604942658,41.5944430360755],[33.71676534142662,41.59472800507582],[33.71693375942667,41.59570299207679],[33.71704867842666,41.59603960807708],[33.71759185942651,41.59673286407761],[33.71759234642654,41.59673349107764],[33.71759717842652,41.59674045907759],[33.71760118242649,41.59674771507763],[33.71760192242651,41.59674928707766],[33.71771390542651,41.59699426007786],[33.71749364742659,41.59706575807802],[33.7174897564266,41.59705868507801],[33.71748901642663,41.59705711407795],[33.71737894742662,41.59681632407781],[33.71683331042675,41.59611993107724],[33.71683282342681,41.59611930307722],[33.7168279914268,41.59611233607721],[33.71682398742681,41.59610507907724],[33.71682050842674,41.59609663707723],[33.7166995654268,41.59574237207688],[33.71669763242678,41.59573565507687],[33.71669680642677,41.5957315980769],[33.71652582842674,41.59474176707588],[33.71652508142675,41.59473599007586],[33.71652483242676,41.59473018907587],[33.71652522342671,41.59472292907586],[33.71655793142665,41.59441940407552],[33.71655936342668,41.59441102907552],[33.71656231542666,41.5944015150755],[33.71666535542659,41.59413561407521],[33.71666781442661,41.59412996807521],[33.71667181942662,41.59412271207518],[33.71667665042656,41.5941157440752],[33.71667745642657,41.59411471307518],[33.7172898564262,41.5933423150742],[33.71744734142609,41.59301458507379],[33.71746991942603,41.59254489207336],[33.717421837426,41.59230682407308],[33.717420821426,41.59230009507314],[33.71742048242598,41.59229332707309],[33.717420938426,41.59228548007313],[33.717422304426,41.59227769207312],[33.71742273442599,41.5922759610731],[33.7174844794259,41.59204014607281],[33.71748662342592,41.59203335907284],[33.71748946042593,41.59202671707278],[33.71749346442594,41.59201946107277],[33.71749829542594,41.5920124930728],[33.71749963242595,41.59201079807277],[33.71764751342582,41.59182787507258],[33.71765255742582,41.59182214207254],[33.71765816842582,41.59181671407254],[33.71766523742586,41.59181092307255],[33.71767295142585,41.59180561707252],[33.71768173342581,41.59180058307252],[33.71796952242567,41.59165087307223],[33.71807153742558,41.59142288607202],[33.71812436842551,41.5910438150716],[33.71812553942554,41.59103754907158],[33.71812780442556,41.59102988107155],[33.71813095042553,41.59102238907153],[33.71813495442553,41.59101513307159],[33.71813978542554,41.59100816507155],[33.71814473642553,41.59100226807154],[33.71842140742535,41.59069934507117],[33.71870541142518,41.59036347207076],[33.71870988942517,41.59035854407073],[33.71871479242516,41.59035385007074],[33.71872233142519,41.59034770807072],[33.71902113442503,41.59012585607044],[33.71902837842501,41.59012090107041],[33.71903667942503,41.59011611907039],[33.71904550342498,41.59011189907039],[33.71905327542498,41.59010880907037],[33.7196801874247,41.58988131206993],[33.71998233042453,41.58967861806962],[33.71998515242454,41.58967678306964],[33.71999345342451,41.58967200106964],[33.72000227742453,41.58966778106961],[33.72001155842447,41.58966415406961],[33.72002122442451,41.5896611480696],[33.72003171942447,41.58965868306967],[33.72021470842438,41.58962252806952],[33.7202244064244,41.5896209310695],[33.72023477942437,41.58961990606948],[33.7202452324244,41.58961956306953],[33.72025568542438,41.5896199060695],[33.72026605842439,41.5896209310695],[33.72026895742438,41.58962134206954],[33.72058423742425,41.58966910906945],[33.72090747342406,41.58960801606929],[33.72106314742403,41.58954186506917],[33.72108357742401,41.58947280906913],[33.72105037742401,41.58939926606907],[33.72080597642407,41.58922728906893],[33.72080010542407,41.58922286106893],[33.72059236242419,41.58905489306884],[33.72058837742414,41.5890515040688],[33.72058200842414,41.58904527206882],[33.7205763864242,41.58903864806883],[33.72057155542419,41.58903168006879],[33.72056755142418,41.58902442306883],[33.72056455942416,41.58901735806882],[33.72056235042415,41.58901013206877],[33.72052509642414,41.58886012506865],[33.72052488642415,41.58885925706866],[33.72052326942415,41.58884888406865],[33.72050503342417,41.58861503606843],[33.72050482842417,41.5886097740684],[33.72050567042414,41.5885991260684],[33.720612595424,41.58792509206768],[33.72061357642403,41.58792010506767],[33.72061416142399,41.58791779106762],[33.72162884842305,41.5841728930635],[33.72163094442306,41.58416640306349],[33.72163367442305,41.58416004606348],[33.72163706042304,41.58415380006346],[33.7221821934227,41.58324701306237],[33.72218529542268,41.58324223506235],[33.72251832242247,41.58276547006176],[33.72318052242203,41.58181745606056],[33.72318286942204,41.58181425506063],[33.72318736442203,41.58180885906061],[33.72319235642203,41.58180371506061],[33.72340257342191,41.58160243406029],[33.72340507642196,41.58160011806032],[33.72341540142188,41.58159197206032],[33.72399966642162,41.58118518705972],[33.72404307342156,41.58097731905945],[33.72403642242153,41.58057760905906],[33.72402525442142,41.57990644305838],[33.72398000242137,41.57946881005794],[33.72352751242145,41.57842224805699],[33.72339414542148,41.5781348640567],[33.72329558342151,41.57792248105654],[33.72329278042147,41.57791555805655],[33.72329072742151,41.57790848905655],[33.72328936242151,41.57790070105652],[33.72328890542152,41.5778928540565],[33.72328917942153,41.57788677105648],[33.72329000042147,41.57788071605653],[33.72334268942145,41.57758991705614],[33.72334341642143,41.57758642005613],[33.72334497142141,41.5775808410562],[33.72334699242143,41.57757534705613],[33.72357225342125,41.57703079505554],[33.72368538842113,41.57641321405487],[33.72357842342113,41.57592843005437],[33.72341131542113,41.57558443305408],[33.72340897842112,41.57557910905402],[33.72315653142117,41.57493721305347],[33.7231534434212,41.57492734705348],[33.72315223942119,41.57492083705345],[33.72295171142104,41.57344268505198],[33.72288024542105,41.57295848605148],[33.72287951542104,41.57294856705148],[33.72288023542104,41.57293871805145],[33.7231200464209,41.57294853005141],[33.72319010842097,41.5734232060519],[33.72319022042097,41.57342400005187]]],[[[33.72554485120229,41.90259134777575],[33.72563934320225,41.90242451477559],[33.7254243672023,41.90228247577556],[33.72538288620234,41.90217882977551],[33.72509860620243,41.9011550697749],[33.72509653120244,41.9011487527749],[33.72509385120247,41.90114256377484],[33.72508953920244,41.90113484777491],[33.72485163220254,41.90075923877468],[33.72484706620254,41.90075273177465],[33.72484287120251,41.90074769477465],[33.72469059220259,41.90057760077457],[33.72468273820254,41.9005697817746],[33.72467476320259,41.90056334577457],[33.72413565920267,41.90016871277439],[33.72407790620273,41.90002120477428],[33.7240754852027,41.90001568777426],[33.72407408620271,41.90001295477426],[33.72380766720278,41.89951687777403],[33.72380420120278,41.89951103277399],[33.7238001882028,41.89950538677402],[33.72379562620279,41.89949994077401],[33.72379055520283,41.89949475177398],[33.72351533820286,41.89923326677383],[33.72313285720298,41.89885349177364],[33.72308645720297,41.89868059677355],[33.72316586120299,41.8984378647734],[33.72316747620297,41.8984321237734],[33.72316884820301,41.89842433677337],[33.72316930620299,41.89841648977341],[33.72316884820301,41.89840864277339],[33.72316747620297,41.8984008557734],[33.72316520020299,41.89839318777335],[33.723162039203,41.89838569677339],[33.72315850520296,41.89837923477335],[33.72315431220298,41.89837299677338],[33.72304963420298,41.89823125177328],[33.723048483203,41.89822972877329],[33.72304283520303,41.89822310477327],[33.72303643520302,41.8982168727733],[33.723029332203,41.89821108277329],[33.72302158120299,41.89820577577326],[33.72301324120303,41.89820099477329],[33.723004375203,41.89819677477328],[33.72299504920301,41.89819314777326],[33.72298533720301,41.89819014177326],[33.72297415620302,41.89818755377326],[33.7226790462031,41.89813081077328],[33.72266993720309,41.89812933777328],[33.7226595142031,41.89812831177327],[33.72264901120312,41.89812796977325],[33.7226385082031,41.89812831177326],[33.72262808520313,41.8981293377733],[33.72261824620309,41.89813095277326],[33.72216483020319,41.89822039777338],[33.72164382520327,41.89823366677338],[33.72113520320333,41.89813393077338],[33.72040506220353,41.89780292277325],[33.72040280020352,41.89780192277326],[33.72039347520349,41.89779829577325],[33.72038376320349,41.89779528977327],[33.72038311120351,41.89779511477322],[33.71988604220361,41.89766235977321],[33.7192872692037,41.89743260177312],[33.71906054120376,41.89722477077302],[33.71870295620384,41.89679722577281],[33.71869825220384,41.89679201577275],[33.71869307420388,41.89678706377277],[33.71868317320388,41.89677924877276],[33.71805377820399,41.89633846777254],[33.71791998120402,41.89620144377248],[33.71763108420412,41.89550702377208],[33.71762924820415,41.89550295377205],[33.71762522520412,41.89549569777209],[33.71762037120411,41.89548873077204],[33.71761472220412,41.89548210677205],[33.71760832320415,41.89547587477206],[33.71760122120417,41.89547008477202],[33.71759347020419,41.89546477777205],[33.71758513020415,41.89545999677208],[33.71757626420418,41.89545577677201],[33.71756419420414,41.89545122477207],[33.7174118962042,41.89540158677205],[33.71740492820415,41.89539950577206],[33.71739490220417,41.89539714377203],[33.71738463920421,41.89539544377204],[33.71737421620421,41.89539441877201],[33.71736371420422,41.89539407677204],[33.71735584420422,41.89539426877201],[33.71734800720422,41.895394844772],[33.71706007120425,41.89542312677204],[33.71705485220426,41.8954237257721],[33.71704458920421,41.89542542577207],[33.71703456320424,41.89542778777204],[33.71702908820422,41.89542939077205],[33.71660064020431,41.89556392877221],[33.71658707820431,41.89556895877217],[33.71657749220433,41.8955735577722],[33.71600277820438,41.89587891977242],[33.71574203820443,41.89590168977246],[33.71525850920452,41.8957444947724],[33.7150211122046,41.89562460377236],[33.71479639420461,41.89535419177219],[33.71465839420467,41.89498390577197],[33.7146555432047,41.89497726377199],[33.71465152020469,41.894970007772],[33.71464666620467,41.89496304077201],[33.71464101820466,41.89495641677197],[33.7146346182047,41.89495018477198],[33.71462751620468,41.89494439477198],[33.71461976620473,41.89493908777195],[33.71461142520472,41.89493430677197],[33.7146025592047,41.89493008677198],[33.71459578820473,41.89492737677201],[33.71458880020472,41.89492499477193],[33.71430395020477,41.89483599277193],[33.71400865620482,41.89469163477187],[33.71400293020483,41.89468900377188],[33.71399867620481,41.89468725277187],[33.7136395872049,41.89454645177183],[33.71310356420501,41.89431078477169],[33.71304083220505,41.89414127777159],[33.71290803120508,41.89375234377137],[33.7129045042051,41.89374380677137],[33.71290048120507,41.89373655077136],[33.71289562720506,41.89372958377137],[33.71288997920505,41.8937229597714],[33.7128835792051,41.89371672777136],[33.71287647720505,41.89371093777138],[33.7128687272051,41.89370563077138],[33.71286140820509,41.89370138977139],[33.71285367520508,41.89369758077136],[33.71270013020511,41.89362812977135],[33.71258718420513,41.89357704177129],[33.71258503020513,41.89357609077128],[33.71257570620516,41.89357246377133],[33.71256599420517,41.89356945777128],[33.71255596820513,41.89356709577132],[33.71254570520513,41.8935653957713],[33.71253528320514,41.89356437077131],[33.71252478120513,41.89356402877128],[33.71251442520517,41.89356436177129],[33.7122954672052,41.89357847377134],[33.71228489920522,41.89357950777134],[33.71227631520524,41.89358088177134],[33.71226788820521,41.89358271877131],[33.71193356020525,41.8936655707714],[33.71167325120529,41.89369960577147],[33.71145014320534,41.89363863877142],[33.71129066520537,41.89348743177135],[33.71130538220538,41.89332403877128],[33.71155518320537,41.89286997977094],[33.71155696420534,41.89286654377096],[33.71156012520534,41.89285905277091],[33.71156240020539,41.89285138477094],[33.71156377220538,41.89284359777093],[33.71156423120535,41.89283575077094],[33.71156377220538,41.89282790377092],[33.7115624002054,41.89282011677094],[33.71156028620535,41.89281290077092],[33.71155738620538,41.8928058387709],[33.7114480592054,41.89257393077079],[33.71151134420541,41.89244322277073],[33.71192460320538,41.89209483777048],[33.71192673320536,41.89209299277044],[33.71193313220532,41.89208676077046],[33.71193878020534,41.89208013677045],[33.71194363420535,41.89207316977044],[33.71194765720536,41.89206591377042],[33.71195081820537,41.89205842277044],[33.71195309320536,41.89205075477042],[33.71195475920538,41.8920398217704],[33.7119835202054,41.89162882977015],[33.71198368520536,41.89162412877017],[33.71198323220536,41.89161632777012],[33.71198187620539,41.89160858577014],[33.71191878720545,41.89133963377002],[33.71197330220544,41.89107178576981],[33.71197432920543,41.89106503676983],[33.71197467220545,41.89105824976983],[33.71197421320542,41.8910504027698],[33.71197284120542,41.89104261576978],[33.71197138220546,41.89103735476983],[33.71192046320542,41.89087789676969],[33.71191648720545,41.8908679987697],[33.71191279820544,41.89086128276974],[33.71190839820547,41.89085481076967],[33.71085925620574,41.88945455076895],[33.71086297420572,41.88930954376885],[33.71097532720579,41.88832930976825],[33.71097566820575,41.88832527276826],[33.71098596320582,41.88813546076816],[33.71098606220578,41.88813181476811],[33.7109856042058,41.88812396776811],[33.71098423220583,41.88811618076815],[33.71098377620582,41.88811435976813],[33.71083829120585,41.8875642787678],[33.71082851020593,41.88707130276752],[33.71082798420592,41.88706412676751],[33.71082669320594,41.88705700376751],[33.71082441820589,41.88704933576747],[33.71082125720589,41.88704184476745],[33.71081639520593,41.88703327076745],[33.71073486920592,41.88690796976742],[33.71073085520591,41.8869023207674],[33.71072520720595,41.88689569576737],[33.71071880820593,41.8868894647674],[33.71071170720594,41.88688367376741],[33.71070395820592,41.88687836776737],[33.71069561920595,41.88687358676739],[33.71068675420595,41.88686936676741],[33.71067909220593,41.88686633076737],[33.71067115820594,41.88686371376738],[33.710492709206,41.88681051376737],[33.71048927120597,41.88680953376735],[33.71047924620599,41.88680717176737],[33.71046888020597,41.88680545876735],[33.70996281820604,41.88673946676736],[33.70866618092308,41.88617632781179],[33.70837590048191,41.88611724917982],[33.70828738737939,41.88613402705376],[33.70824455871193,41.88618975020788],[33.70836096974696,41.88624043320839],[33.70849220511972,41.88632213577571],[33.70861071064098,41.88639850611014],[33.7087058501237,41.88648989977025],[33.7089440296033,41.88658446834265],[33.70986571220606,41.88690490976745],[33.70987355320607,41.8869077967675],[33.70988165320608,41.88691025276744],[33.70989167820606,41.88691261476748],[33.70990204520608,41.88691432876747],[33.71041502820601,41.88698122176749],[33.71053854620593,41.88701804576749],[33.71058796120596,41.88709399476756],[33.71059066920597,41.88723051776761],[33.71059750420589,41.88757508376784],[33.7105980302059,41.88758226076786],[33.71059932120589,41.88758938376783],[33.7105997772059,41.88759120476784],[33.71074460720585,41.88813881676816],[33.71073499720583,41.88831596476825],[33.71062253220575,41.88929714776887],[33.71062211520579,41.88930310576885],[33.71061769220577,41.88947550576894],[33.71061767020576,41.88947723076895],[33.71061812920575,41.88948507776896],[33.71061950120578,41.88949286476897],[33.71062177620577,41.889500532769],[33.71062493720579,41.88950802376897],[33.71062862520575,41.88951473876902],[33.71063302520579,41.88952121076902],[33.71075387520572,41.88968250676912],[33.71155349320555,41.8907497397697],[33.71168994120548,41.89093185376977],[33.71173152220547,41.89106206976985],[33.71167757420545,41.89132712676999],[33.71167654720545,41.89133387477006],[33.71167620420545,41.89134066277001],[33.71167665720549,41.89134846377003],[33.71167801320546,41.89135620577002],[33.71174214720545,41.89162962177019],[33.71171629820543,41.89199897077042],[33.71131570320544,41.89233667877066],[33.71131357320546,41.89233852477064],[33.71130717320543,41.89234475677068],[33.71130152520543,41.89235138077064],[33.71129667120545,41.89235834777065],[33.71129260920548,41.89236568677065],[33.71120680520544,41.8925428987708],[33.71120369420544,41.89255030877077],[33.71120144920545,41.89255789277078],[33.71120007720547,41.89256567977079],[33.71119961920542,41.89257352677082],[33.71120007720547,41.89258137377082],[33.71120144920546,41.89258916077083],[33.71120356420543,41.89259637677081],[33.71120646320546,41.89260343777083],[33.71131481420542,41.89283327777094],[33.71119253420541,41.89305554377112],[33.71107502420541,41.89326913777121],[33.71107324220546,41.89327257477124],[33.71107008120539,41.89328006577127],[33.7110678062054,41.89328773377122],[33.71106624720542,41.89329732277126],[33.71104710020542,41.8935099037714],[33.71104682820539,41.89351594877136],[33.71104728620543,41.89352379577137],[33.71104865820543,41.89353158277141],[33.7110509342054,41.89353925077138],[33.71105409520538,41.89354674177138],[33.71105811720543,41.89355399777139],[33.71106297120542,41.8935609647714],[33.7110675692054,41.89356644977143],[33.71107268220538,41.89357167377145],[33.71128201120536,41.89377014777154],[33.71128434820536,41.89377229477153],[33.71129145020534,41.89377808477151],[33.71129920020535,41.89378339177153],[33.71130754020533,41.89378817277153],[33.71131640620535,41.89379239277152],[33.71132564520536,41.89379598977151],[33.71133526620535,41.89379897777153],[33.7116209022053,41.89387702977155],[33.71163101520526,41.89387941577155],[33.71164127820531,41.89388111577159],[33.71165170020526,41.89388214077154],[33.71166220220527,41.89388248277156],[33.71167262620529,41.89388214577155],[33.71168297220526,41.89388113577154],[33.71198392220525,41.89384178777151],[33.71199258220525,41.89384040377147],[33.7120010092052,41.89383856677153],[33.71233030120516,41.89375696177141],[33.71249598920516,41.89374628277143],[33.71268669920509,41.89383254477144],[33.71280760120503,41.89418663477167],[33.71280822020507,41.89418837277165],[33.71282219420503,41.89422613277166],[33.71288427820505,41.89439389377177],[33.71288718720504,41.89440069277178],[33.71289121020501,41.89440794877178],[33.712896064205,41.89441491577178],[33.71290171220502,41.89442153977176],[33.71290811220503,41.89442777177179],[33.71291521420501,41.89443356177179],[33.71292296420501,41.89443886877178],[33.71293089620504,41.89444343577181],[33.71293930820502,41.89444749477179],[33.71351988620489,41.8947027507719],[33.71352074820489,41.89470312577191],[33.71352500220485,41.89470487677193],[33.71388154920481,41.89484468177196],[33.71418126520477,41.89499120077205],[33.71418699020477,41.89499383177202],[33.71419376120478,41.89499654177201],[33.71420075020475,41.89499892377206],[33.71444190120472,41.89507427177208],[33.71456884720465,41.89541489777224],[33.7145716972047,41.89542153977227],[33.71457572020466,41.89542879577228],[33.71458057420467,41.89543576277229],[33.71458255820465,41.89543823777223],[33.71482993820461,41.89573591977243],[33.7148347222046,41.89574124377245],[33.71484000220455,41.89574630077244],[33.71484710420462,41.89575209077243],[33.71485485420457,41.89575739777241],[33.71486483020457,41.89576301977242],[33.71513275120456,41.89589832577249],[33.71513998220455,41.89590170477251],[33.71515215320452,41.89590628977253],[33.71567567520447,41.89607648777256],[33.71568254020446,41.89607853477256],[33.71569256620443,41.8960808967726],[33.7157028292044,41.89608259577258],[33.7157132512044,41.89608362177259],[33.7157237542044,41.89608396377257],[33.71573774320443,41.89608335577256],[33.71606143320439,41.89605508877246],[33.71606836820436,41.89605432877254],[33.71607863120435,41.89605262977253],[33.7160886572044,41.8960502677725],[33.71609837020441,41.89604726177253],[33.71610769520434,41.8960436347725],[33.71611727920433,41.89603903577253],[33.71664907820429,41.89575647677229],[33.71670630520425,41.89572607077226],[33.7171075412042,41.89560007777219],[33.7173462232042,41.89557663377213],[33.71741730320418,41.89559980077213],[33.71769577120407,41.89626915777249],[33.71769760820408,41.89627322777257],[33.71770163120405,41.89628048377256],[33.71770648520404,41.89628745077255],[33.71771349320407,41.89629549677257],[33.71786575020404,41.89645142677265],[33.71787079020399,41.8964562367726],[33.71788069020399,41.89646405077261],[33.71850689120387,41.89690259677283],[33.71886016120376,41.89732498277306],[33.7188689462038,41.89733415377307],[33.71911638020369,41.8975609647732],[33.71911747620371,41.89756195577317],[33.71912457820375,41.89756774577316],[33.71913232920375,41.89757305277318],[33.71914067020376,41.89757783377321],[33.71914953620372,41.89758205377319],[33.71915473420372,41.89758417077319],[33.71924372720373,41.89761831877322],[33.71978297320357,41.89782523477329],[33.7197968112036,41.89782975077331],[33.71979746320358,41.89782992577331],[33.72029047620348,41.89796159777331],[33.72102515520332,41.89829466177348],[33.72102741520337,41.89829566177347],[33.72103674020337,41.89829928877347],[33.72104645320336,41.89830229477347],[33.72105707620334,41.89830477477351],[33.72120168420333,41.89833313077349],[33.72159970520323,41.89841117877347],[33.72160937120327,41.89841275977353],[33.72161979420326,41.89841378577355],[33.72163029720326,41.8984141277735],[33.72163440220322,41.8984140757735],[33.72218659120314,41.89840001277342],[33.72219503220317,41.89839957577347],[33.72220341120313,41.89839869677346],[33.72221324920316,41.89839708177345],[33.72264940120304,41.89831104277339],[33.72286372820306,41.89835225277338],[33.72292057620302,41.89842923177342],[33.72284597120301,41.89865729177355],[33.72284435620303,41.89866303277359],[33.722842984203,41.89867081977356],[33.72284252520301,41.89867866677357],[33.72284298420298,41.89868651377358],[33.72284435620303,41.89869430077361],[33.72284487620299,41.89869636577359],[33.72290193020301,41.89890896377373],[33.722904057203,41.89891557977367],[33.72290684620302,41.89892205777373],[33.72291086920299,41.89892931377376],[33.72291572420297,41.89893628077374],[33.72292379220297,41.89894539577376],[33.72314586220292,41.89916589377383],[33.72332352120291,41.89934229577396],[33.72332508520292,41.89934381577392],[33.72359041520284,41.89959590877407],[33.72384822020275,41.90007594977434],[33.72391316920271,41.90024183677443],[33.72391559020274,41.90024735377446],[33.72391961320271,41.90025460977446],[33.72392446720271,41.90026157677448],[33.72393011620271,41.90026820077445],[33.72393651620271,41.90027443277443],[33.72394449120274,41.90028086777448],[33.72449718020258,41.90068544777468],[33.72463757720253,41.90084227077478],[33.72486552720248,41.90120216177494],[33.72492101020243,41.90140197477503],[33.72500707420242,41.90171191677521],[33.72512666520236,41.90214259977553],[33.72514793520238,41.90221919977555],[33.72515047320238,41.90222670277552],[33.72520329420236,41.90235868077559],[33.72520551120233,41.90236368277562],[33.72520953420236,41.90237093877563],[33.72521438920234,41.90237790577564],[33.72522003820235,41.9023845297756],[33.72522643820236,41.90239076177564],[33.72523244020233,41.90239571877564],[33.72523891720232,41.90240032977567],[33.72549954320227,41.90257253077571],[33.72550191820228,41.90257405977572],[33.72551025920228,41.90257884077574],[33.7255191262023,41.90258306077575],[33.72552845220229,41.90258668777573],[33.7255381652023,41.90258969377572],[33.72554485120229,41.90259134777575]]],[[[33.71168187120678,41.87295526375884],[33.71122933020684,41.87292636675886],[33.71120134020682,41.87292509475883],[33.71105372120689,41.87289507075882],[33.71087056020692,41.87285781875885],[33.71079439020692,41.87284232675879],[33.71076396020691,41.87282045075877],[33.71039181220699,41.87255291175866],[33.71038338520704,41.87254685375864],[33.71037730820702,41.87254277275867],[33.71036897120703,41.87253799175868],[33.71036010820701,41.87253377075864],[33.71035094920701,41.87253020075866],[33.71014835920706,41.87245931975863],[33.7100892032071,41.87232440275854],[33.7101552902071,41.87214097175842],[33.71027120720706,41.8718935917583],[33.71027406120707,41.8718866047583],[33.71027614820709,41.87187946675829],[33.71027751920708,41.87187167975827],[33.71027797820707,41.87186383275826],[33.7102775192071,41.87185598575825],[33.71027614820709,41.87184819875823],[33.71027298420708,41.87183817875823],[33.71012832820715,41.87147446875802],[33.71033805720713,41.87114509975782],[33.71034248320713,41.87113720175778],[33.71034564320712,41.87112971075781],[33.71034791720712,41.87112204275779],[33.71034928920711,41.87111425575777],[33.7103497472071,41.87110640875781],[33.71034928920711,41.87109856175781],[33.71034791720712,41.87109077475778],[33.7103449692071,41.87108130175776],[33.71022143320715,41.87076332375754],[33.71018714020716,41.87067505375752],[33.7101846542072,41.87066936675753],[33.7101806332072,41.87066210975752],[33.7101757802072,41.87065514375752],[33.71017121220719,41.8706496887575],[33.70989607620724,41.87034590375736],[33.70988860120727,41.87033850275737],[33.70988150120727,41.87033271175731],[33.70987375420727,41.87032740575732],[33.70986884220728,41.87032458875734],[33.70980201220729,41.86981330775702],[33.7098072892073,41.86981123675702],[33.70981615120731,41.86980701575705],[33.7098244882073,41.86980223475703],[33.70983125320728,41.86979765475702],[33.70983753420731,41.86979270475701],[33.71000293820725,41.86965205275695],[33.71018581220723,41.86968714375692],[33.71037370420716,41.869862178757],[33.71056058420712,41.87021047575721],[33.71056405220716,41.87021632675725],[33.71056806620712,41.8702219787572],[33.71057157620712,41.87022624475724],[33.71064800220707,41.87031358175726],[33.71065653520715,41.87032217175732],[33.71066363520709,41.87032796275728],[33.71067138220714,41.87033326875729],[33.71067971920711,41.87033804975733],[33.71068858220714,41.8703422707573],[33.71069790320712,41.87034589675728],[33.71070761120712,41.87034890275731],[33.71071763320714,41.87035126475727],[33.7107278922071,41.87035296475727],[33.71073831120714,41.87035398975728],[33.71074880920714,41.87035433275731],[33.71075930720712,41.87035398975728],[33.7107697262071,41.87035296475728],[33.71077830520709,41.8703515917573],[33.71078672820708,41.87034975475726],[33.71092439320707,41.87031562775726],[33.71092767220708,41.87031477575729],[33.71093738020707,41.87031176975723],[33.71094670120706,41.87030814375728],[33.71095556420706,41.87030392275725],[33.71096390120706,41.87029914175722],[33.7109716482071,41.87029383575727],[33.71097874820704,41.8702880447572],[33.71098514520709,41.87028181375723],[33.71099079120707,41.87027518875724],[33.71099564320709,41.87026822175721],[33.71099966420707,41.87026096575724],[33.71100261120706,41.87025406175722],[33.71100480520705,41.87024700275723],[33.71104056320708,41.8701065497571],[33.71104085620706,41.87010535375713],[33.7110422282071,41.87009756675712],[33.71104268620709,41.87008971975708],[33.7110422282071,41.87008187275708],[33.71104085620705,41.87007408575713],[33.71103858220707,41.87006641775707],[33.71103542220706,41.87005892675706],[33.7110321192071,41.87005284275705],[33.71088300120709,41.86980459875694],[33.71073779120718,41.86941623475671],[33.71073497220716,41.86940967475675],[33.71073095020717,41.8694024177567],[33.71072609820716,41.86939545175673],[33.71071902720718,41.8693873387567],[33.71049993120722,41.8691632947566],[33.71049495920722,41.86915855175661],[33.71048786020727,41.86915276075656],[33.71048011220724,41.86914745475657],[33.71047177620722,41.86914267375659],[33.71046291320722,41.86913845275655],[33.71045608120723,41.86913571975656],[33.71044902820725,41.8691333207566],[33.71010752220733,41.86902692675651],[33.71010237820734,41.86902542675648],[33.7100923562073,41.86902306475651],[33.71008209720736,41.86902136475654],[33.7100716792073,41.86902033975654],[33.7100611812073,41.86901999675652],[33.7100506832073,41.86902033975654],[33.71004026520733,41.86902136475655],[33.71003285820733,41.86902252175656],[33.70984421720733,41.86905663275656],[33.70983134320734,41.86905953775661],[33.70982163520734,41.86906254375658],[33.70981231420736,41.86906616975656],[33.70980337720734,41.86907042975658],[33.70960724320742,41.86917324575663],[33.70938891020742,41.86918204875668],[33.70908563920747,41.86908685275663],[33.70891523220757,41.86846519375628],[33.70891313820755,41.86845876675624],[33.70891041920753,41.86845247175626],[33.70890639820754,41.86844521475626],[33.70890154620757,41.86843824875624],[33.70889590020755,41.86843162375627],[33.70888950320754,41.86842539275622],[33.70888240420754,41.86841960175625],[33.70887465620757,41.86841429575626],[33.70886639020757,41.86840955075626],[33.70885760620758,41.86840535875623],[33.70857461120762,41.86828282975616],[33.70862357520764,41.86814753675612],[33.70863180020763,41.86814576075609],[33.70901356520754,41.868052238756],[33.70913328820754,41.86810473175602],[33.70931060020751,41.86820751475606],[33.70931723920751,41.86821110075611],[33.70932419020749,41.86821434075607],[33.70933351020749,41.8682179667561],[33.70934321820749,41.86822097275609],[33.7093532402075,41.86822333475612],[33.70936349920748,41.86822503475609],[33.70937325120752,41.8682260147561],[33.70959245320746,41.8682412657561],[33.70960361620745,41.86824165375611],[33.70961411420745,41.86824131075609],[33.70962453220743,41.86824028575606],[33.70963479120746,41.86823858575608],[33.70964481320743,41.86823622375612],[33.70965259220746,41.86823387475611],[33.70966013320747,41.8682311277561],[33.71028993920733,41.8679809947559],[33.71084859320725,41.86814055275598],[33.71141624920713,41.86845599075607],[33.71142788620712,41.86846170775609],[33.71143659220713,41.86846511775607],[33.7114456412071,41.86846798675609],[33.71167501720704,41.86853258875612],[33.71167629120706,41.86853294175609],[33.71168631320707,41.86853530375612],[33.7116965722071,41.86853700375612],[33.71170699020707,41.86853802875613],[33.71171748820708,41.86853837175613],[33.71172798620706,41.86853802875612],[33.71173840420705,41.86853700375612],[33.71174588420707,41.86853583375607],[33.71175324920706,41.86853431175609],[33.71199798120703,41.86847743675607],[33.71200341620702,41.86847606675605],[33.712013124207,41.86847306075606],[33.71202244520699,41.86846943475604],[33.71203130720701,41.86846521375604],[33.712039644207,41.868460432756],[33.71204739120705,41.868455126756],[33.712054490207,41.86844933575602],[33.71206088720698,41.86844310475603],[33.71206653320702,41.86843647975601],[33.71207138520704,41.86842951275602],[33.71207540620705,41.86842225675599],[33.712078075207,41.86841609375597],[33.712080145207,41.86840980275601],[33.71214142820704,41.86818963375586],[33.71214212420703,41.86818692875586],[33.71214349520701,41.86817914175585],[33.71214395420705,41.86817129475586],[33.71214349520701,41.86816344775584],[33.71214212420703,41.86815566075583],[33.71213984920703,41.86814799275586],[33.71213669020702,41.86814050175582],[33.71213296920703,41.86813373075579],[33.71212852420703,41.86812720775581],[33.71184754020707,41.8677532387556],[33.71164722620717,41.86736217075539],[33.71163169620718,41.86733185275534],[33.71162794820719,41.86732531975537],[33.71162352220718,41.86731902875539],[33.71162044320716,41.86731525875536],[33.71150618620717,41.86718279275531],[33.71153712920719,41.86697937375516],[33.71153790020723,41.86696920175515],[33.7115374422072,41.86696135475514],[33.71153607020719,41.86695356775516],[33.71153450920723,41.86694798875517],[33.71146268120726,41.86672653575504],[33.71150604520725,41.86631233775474],[33.71162320220729,41.86606543475457],[33.71162615420728,41.8660582827546],[33.71162830120724,41.8660509727546],[33.71162967220725,41.86604318575457],[33.71163013120728,41.86603533875457],[33.71163011220725,41.86603375575458],[33.71162364420729,41.86575876675443],[33.71162012720725,41.86560927275431],[33.71161959120732,41.86560222075431],[33.71161831620732,41.86559522175431],[33.71161604220725,41.8655875537543],[33.71161288220733,41.8655800627543],[33.71160737020729,41.86557050175428],[33.71145133920732,41.86533788775414],[33.71148006520737,41.86519651675407],[33.71193298220727,41.86488785575381],[33.71193873520729,41.86488366475386],[33.71194410120728,41.86487919575384],[33.71195049720729,41.86487296475382],[33.71195614320726,41.86486633975386],[33.71196161920727,41.8648583567538],[33.71211226820731,41.86460881275365],[33.71244265420722,41.86447906875357],[33.71244686120724,41.86447733675357],[33.71245572320721,41.86447311675357],[33.71246405920719,41.86446833475357],[33.71246547020724,41.86446743575357],[33.71270003220721,41.86431564775341],[33.71270702120719,41.86431074875344],[33.7127134662072,41.86430544975342],[33.7127198622072,41.86429921875342],[33.71272550820717,41.86429259375341],[33.71273036020717,41.8642856267534],[33.71273438120718,41.8642783707534],[33.71273754020721,41.86427087975343],[33.71273981520719,41.8642632117534],[33.7127411862072,41.8642554247534],[33.71274164420718,41.86424757775339],[33.7127412612072,41.86424040275335],[33.71273111120722,41.86414549275333],[33.71272966420722,41.8641370337533],[33.71272739020724,41.86412936575334],[33.71272423020723,41.86412187475333],[33.71272020920724,41.86411461775332],[33.71271535820721,41.86410765175329],[33.71270971220724,41.8641010267533],[33.71270331620723,41.8640947957533],[33.71269621720721,41.86408900475331],[33.71269551920722,41.86408852675331],[33.71268847020723,41.86408369875332],[33.71268379120721,41.86408090875327],[33.71255638720722,41.86400874475329],[33.71254386820723,41.86400253275325],[33.71253454820723,41.86399890675322],[33.71252484120723,41.86399590075325],[33.71251921620725,41.86399448675324],[33.71215733120732,41.86391086975323],[33.71214267720732,41.86390822175325],[33.71213225920734,41.86390719675322],[33.71212176220733,41.86390685375317],[33.71210778520735,41.86390746275323],[33.71179501120741,41.8639347787533],[33.71130464120748,41.86376418775321],[33.71095232720754,41.86354773375309],[33.71081414620758,41.863398571753],[33.71080739220761,41.86339195675303],[33.71080077420756,41.86338652675305],[33.71079358520758,41.86338151875302],[33.71061013620762,41.86326378175298],[33.71060909720763,41.86326312275297],[33.71060076120762,41.86325834075294],[33.71059190020766,41.86325412075294],[33.71058258020766,41.86325049475295],[33.71057287220768,41.86324748875292],[33.71056285220762,41.86324512675294],[33.71055259320766,41.86324342675295],[33.71054217620766,41.86324240175296],[33.71053167920766,41.86324205875295],[33.71052118220766,41.86324240175296],[33.71051076520765,41.86324342675297],[33.71050261520767,41.86324471975294],[33.71033948120766,41.863275042753],[33.71032735120769,41.86327781175301],[33.7103176432077,41.86328081775299],[33.7103083232077,41.86328444375302],[33.71029946220767,41.86328866375302],[33.71029112620767,41.86329344575297],[33.7102814382077,41.863300236753],[33.7099343462077,41.86357194475322],[33.70984915720773,41.86355943075319],[33.70981593620775,41.8635269307532],[33.70977881520781,41.86325982275299],[33.70977763020777,41.86325349175299],[33.70977578420781,41.86324705475304],[33.70964358620783,41.86285623375281],[33.70966835720787,41.8626755407527],[33.70996738920781,41.86240849475247],[33.71036607920777,41.86224207875232],[33.71036758220772,41.86224144175235],[33.71037644320775,41.86223722175237],[33.71038477920776,41.86223243975234],[33.71039252620773,41.86222713375233],[33.71039962420777,41.86222134275239],[33.71040602020776,41.86221511175231],[33.71041166620775,41.86220848675234],[33.71041540420769,41.86220325575233],[33.71041867420775,41.86219785175231],[33.71057558520772,41.86191396575212],[33.71057627020775,41.86191269975211],[33.71075536020771,41.86157422775188],[33.71099636620768,41.86140190675178],[33.71100538020768,41.86139471575176],[33.71101177620768,41.86138848475175],[33.71101742120767,41.86138185975175],[33.7110222732077,41.86137489275173],[33.71102629420768,41.86136763675173],[33.71102945320771,41.86136014575177],[33.7110317272077,41.86135247775173],[33.7110330972077,41.86134470775178],[33.71103355720769,41.86133687875174],[33.71103364320769,41.86116982575165],[33.71103318420771,41.8611619607516],[33.71103181320771,41.86115417375165],[33.71102953920771,41.86114650575161],[33.7110263792077,41.86113901475164],[33.71102235820772,41.86113175775159],[33.71101750720769,41.86112479175159],[33.71101186220771,41.86111816675162],[33.71100546520773,41.86111193575162],[33.71099836720774,41.86110614475157],[33.7109906212077,41.86110083875158],[33.71097836420772,41.86109408875153],[33.71066241020782,41.86094214875153],[33.71065747020781,41.86093989575154],[33.71064823520777,41.8609362987515],[33.71063861920778,41.86093331175156],[33.71033891320787,41.8608513697515],[33.71013631520793,41.86077667775148],[33.71006830620792,41.86057055775132],[33.71006454720794,41.86056132575136],[33.71006052620789,41.86055406875137],[33.71005567520793,41.86054710275135],[33.71005003020794,41.86054047775132],[33.71004363420794,41.86053424675131],[33.71003489720793,41.86052725475131],[33.70982836620797,41.86037863475124],[33.70982225820797,41.86037452975123],[33.70981392220797,41.86036974775124],[33.70980506120802,41.86036552775126],[33.70979364220798,41.86036118775125],[33.70930215620808,41.86019835075114],[33.70923970720812,41.86007508675112],[33.7092092832081,41.85974703375089],[33.70920774220814,41.85973762675088],[33.70920546820814,41.85972995875091],[33.70920230920815,41.85972246775089],[33.70919755720814,41.85971405975091],[33.70898874820819,41.85939131275069],[33.7089846282082,41.85938549775067],[33.70897898320816,41.8593788727507],[33.70897258720817,41.85937264175071],[33.70897022720816,41.85937060175068],[33.70872567520825,41.85916552775058],[33.70871965220825,41.85916083075055],[33.70871319020825,41.85915647075055],[33.70870485520823,41.85915168875061],[33.70869599420826,41.85914746875055],[33.70868667420827,41.85914384275058],[33.70867696820825,41.85914083675058],[33.70866707720826,41.85913850075057],[33.70865695520827,41.85913680975055],[33.7084094402083,41.85910375675058],[33.70810343220837,41.85903221875057],[33.7079785522084,41.85893913175052],[33.70765151020848,41.85834033775014],[33.70765093220849,41.85833929875015],[33.70751344920853,41.85809629375],[33.70750682720853,41.85808634975],[33.70750118220857,41.85807972475003],[33.70749478620854,41.85807349374998],[33.70748523020854,41.85806591675001],[33.70731296920859,41.85794426674991],[33.70715973320862,41.85761568974976],[33.70715918320865,41.85761453674973],[33.70715516220865,41.85760727974974],[33.70715031120861,41.85760031374976],[33.70714466620863,41.85759368874973],[33.70713827020864,41.85758745774974],[33.70713117220861,41.85758166674976],[33.70712342620862,41.85757636074975],[33.70711509120866,41.85757157874974],[33.70710623020864,41.85756735874975],[33.70709691120862,41.85756373174972],[33.70708720520866,41.85756072674973],[33.70708213220866,41.85755944074975],[33.70688355320866,41.85751277174969],[33.70674344020872,41.8574798427497],[33.70645362820877,41.85722329074957],[33.70624436320886,41.8567983837493],[33.70612903320888,41.85643165674913],[33.70612496720891,41.85642146974912],[33.70612094620891,41.85641421274907],[33.70611609520888,41.85640724574909],[33.7061104502089,41.8564006217491],[33.70610405520889,41.8563943907491],[33.70609695720892,41.85638859974906],[33.70608921120888,41.85638329374906],[33.70607967620892,41.85637789174907],[33.70581253820896,41.85624162574902],[33.70549531920904,41.85581953374879],[33.70549462120905,41.85581861774875],[33.70548897620904,41.85581199374877],[33.70548258120902,41.85580576274879],[33.70547548320906,41.85579997174875],[33.70546773720908,41.85579466574875],[33.70545984220905,41.85579011574878],[33.70545147020903,41.85578606874878],[33.70511674020914,41.8556385937487],[33.70477177020921,41.8554759527486],[33.7047677452092,41.85547413674865],[33.70475842720922,41.85547050974862],[33.70474872020922,41.85546750474864],[33.70473870120923,41.85546514274861],[33.70472844420918,41.85546344274862],[33.70472390320923,41.85546291074861],[33.70433027020926,41.8554225297486],[33.70423593820926,41.85541285274864],[33.70356342420944,41.85502369274845],[33.70355682820945,41.85502013574841],[33.70354992620946,41.85501691874844],[33.70354060720945,41.85501329174844],[33.70353090120943,41.85501028674844],[33.70351975420942,41.85500770274841],[33.70320379120949,41.85494685174841],[33.70320185120949,41.85494649074842],[33.70270347720962,41.85485707174839],[33.70249149220964,41.85470547874833],[33.7023631282097,41.8545236047482],[33.70236932920967,41.85442079874817],[33.7024930602097,41.8543543057481],[33.70268779120963,41.85429778274802],[33.7026962582096,41.85429504174808],[33.70270441920964,41.85429182474806],[33.70271328020962,41.85428760474807],[33.70272161420964,41.85428282274804],[33.70272873120963,41.85427798374806],[33.70273530720961,41.85427273574806],[33.70311267420956,41.85394638774779],[33.70311382420956,41.85394537874782],[33.70312022020957,41.85393914774777],[33.70312586420958,41.85393252274781],[33.70313071520959,41.85392555674781],[33.7031347352096,41.85391829974781],[33.70313789520961,41.85391080874776],[33.70314016820957,41.85390314074781],[33.70314154020961,41.85389535374779],[33.7031419982096,41.85388750674777],[33.70314154020961,41.85387965974776],[33.70314016820957,41.85387187274774],[33.70313824120958,41.85386519274778],[33.70313564120958,41.85385864174776],[33.70292645320966,41.85339657874751],[33.70288815620968,41.85308113774726],[33.7029076022097,41.85291627274718],[33.70290980620969,41.85289758974717],[33.7029158692097,41.85284618074715],[33.70293109320969,41.85272247474706],[33.70269765620979,41.85267264874703],[33.70269549720976,41.85267220274702],[33.70269478120978,41.85267461674708],[33.70269341720975,41.85268234174707],[33.70267395420976,41.85284734274715],[33.70266578720977,41.85291657974718],[33.70264729620971,41.85307334274729],[33.70264683120973,41.85308125174732],[33.70264732420976,41.85308939074732],[33.70268788320968,41.85342347874752],[33.7026892192097,41.85343097374755],[33.7026911472097,41.85343765374753],[33.70269374720967,41.85344420474753],[33.70283128220967,41.8537480027477],[33.70288542120962,41.85386758774779],[33.70265713720964,41.85406500774793],[33.70257269720968,41.854138030748],[33.70248807720971,41.85416259174801],[33.7023916182097,41.85419058974802],[33.70238315120972,41.85419333174801],[33.70237499020968,41.85419654874801],[33.7023649142097,41.85420141374806],[33.70218136720973,41.85430005174811],[33.70217424820969,41.85430418874811],[33.70216650220971,41.85430949474809],[33.70215940420974,41.85431528574811],[33.70215300920973,41.85432151674812],[33.70214736420974,41.85432814074809],[33.70214251320969,41.85433510774816],[33.7021384932097,41.85434236474816],[33.70213533420974,41.85434985574811],[33.70213306020975,41.85435752374814],[33.70213195520972,41.85436329174813],[33.70213135220973,41.85436910174816],[33.70212104820972,41.85453993074827],[33.70212092620971,41.85454398674823],[33.70212138420969,41.85455183374823],[33.70212275520969,41.85455962074828],[33.70212502920973,41.85456728874829],[33.7021281882097,41.85457477974826],[33.70213126020973,41.85458047674829],[33.70213484420975,41.85458600374825],[33.70228760720965,41.85480244674839],[33.70228982220965,41.85480544574839],[33.70229546720969,41.8548120707484],[33.70230186320963,41.8548183017484],[33.70231087320969,41.85482549074844],[33.70256050120963,41.8550040047485],[33.70256633420961,41.85500791274851],[33.70257466920963,41.85501269474853],[33.70258352920962,41.85501691474853],[33.70259284820963,41.85502054174854],[33.70260255420958,41.85502354674853],[33.70261563920961,41.85502649074855],[33.7031447022095,41.85512141574855],[33.70337982020944,41.85516669774853],[33.70343563520941,41.85517744774855],[33.70411396720929,41.85556997674871],[33.70412056320928,41.85557353374875],[33.70412746420928,41.85557674974873],[33.70413678320929,41.85558037674876],[33.7041464902093,41.85558338174873],[33.7041565092093,41.85558574374871],[33.70416676620928,41.85558744374875],[33.70417130720929,41.85558797574875],[33.70466534120917,41.85563865574871],[33.70498978520912,41.85579162074882],[33.70499288020913,41.85579303174879],[33.70530123120906,41.85592888474887],[33.70561637320901,41.85634821374912],[33.70561707020897,41.8563491287491],[33.70562271520897,41.85635575374912],[33.70562911020897,41.85636198474912],[33.70563620820901,41.8563677757491],[33.70564395420899,41.85637308174911],[33.70565348920899,41.85637848374909],[33.70590527720895,41.85650691974916],[33.70601157820887,41.85684494174937],[33.70601572120888,41.8568552857494],[33.70623492720881,41.85730037974962],[33.7062388882088,41.85730747274966],[33.70624364420881,41.85731428774961],[33.70624928920881,41.85732091274965],[33.70625580820881,41.85732725274962],[33.70658197420872,41.85761598574982],[33.7065889612087,41.85762165974978],[33.70659657220873,41.85762686474983],[33.70660490720873,41.85763164674979],[33.70661376820871,41.85763586674979],[33.70662308720871,41.8576394927498],[33.70663279320873,41.8576424987498],[33.70663786620873,41.85764378474979],[33.70695220620867,41.85771765974985],[33.7070952022086,41.85802427874998],[33.70709575120863,41.85802543175002],[33.70709977220863,41.85803268775003],[33.7071046232086,41.85803965475002],[33.70711026820857,41.85804627974999],[33.70711666420858,41.85805251075005],[33.7071262202086,41.85806008775001],[33.70718306020859,41.85810022775002],[33.70730145620857,41.8581838387501],[33.70742879020855,41.85840890475023],[33.70776476720842,41.85902406075056],[33.70776811720845,41.85902964375058],[33.70777196720844,41.85903504375055],[33.70777761220843,41.85904166875057],[33.70778400820842,41.85904789975058],[33.7077912292084,41.85905378275059],[33.70780140920839,41.85906137175063],[33.70795426920837,41.85917531475064],[33.70796189220837,41.85918052875064],[33.70797022720838,41.85918531075068],[33.7079790882084,41.85918953075066],[33.70798840720835,41.85919315675063],[33.70799811420836,41.85919616275068],[33.70800336020835,41.85919748875062],[33.70834482320829,41.85927731475069],[33.7083595902083,41.85928001575069],[33.70857359620824,41.8593085937507],[33.70877923720824,41.85948103875076],[33.70897059920819,41.85977682175092],[33.70900064220815,41.86010078675113],[33.70900218320816,41.86011019375112],[33.70900445720817,41.86011786175116],[33.70900761720817,41.86012535275113],[33.70900816020814,41.86012644775115],[33.70909472120812,41.86029730675123],[33.70909853020807,41.86030399675125],[33.7091030492081,41.86031043475128],[33.70910869520813,41.86031705975123],[33.70911509120812,41.8603232907513],[33.70912218920809,41.86032908175127],[33.70912993520808,41.86033438775127],[33.7091382712081,41.86033916975129],[33.70914713220813,41.86034338975127],[33.7091585512081,41.86034772975125],[33.70967662220797,41.86051937475136],[33.70974277420794,41.86056697775135],[33.70984277720793,41.86063893975136],[33.70991586820793,41.86086046175151],[33.70991962620794,41.86086969375155],[33.70992364720794,41.86087694975155],[33.70992849920794,41.86088391675155],[33.70993414420794,41.86089054175153],[33.70994054020792,41.86089677275156],[33.70994763820791,41.86090256375158],[33.70995538520793,41.86090786975154],[33.7099637202079,41.86091265175158],[33.70997258120794,41.86091687175157],[33.70997952920789,41.86091964775157],[33.71009568220788,41.86096247075155],[33.71023818720785,41.86101500775163],[33.71025008820784,41.86101881575158],[33.7105433332078,41.86109899075159],[33.71079274220774,41.86121893075165],[33.71079270120771,41.86129835875175],[33.71056981320775,41.86145772475184],[33.71056079920775,41.86146491575189],[33.71055440320775,41.86147114675187],[33.71054875820775,41.86147777175183],[33.71054461820777,41.86148361675189],[33.71054106420777,41.86148967275185],[33.71035260920778,41.86184584475208],[33.71021205420776,41.86210013475229],[33.71012797920782,41.86213522775229],[33.70983056820784,41.86225936875241],[33.70982906520781,41.8622600067524],[33.70982020420786,41.86226422675239],[33.70981186820784,41.86226900875244],[33.70980412120786,41.86227431475242],[33.70979697720787,41.86228014675243],[33.70945995220787,41.8625811207526],[33.70945360720791,41.8625873137526],[33.70944800320788,41.86259389475265],[33.70944315120787,41.86260086075265],[33.70943913020788,41.86260811775266],[33.70943597120787,41.86261560875268],[33.70943369720785,41.86262327675264],[33.70943249420792,41.86262973275265],[33.70941543020788,41.86275420475276],[33.70940179020786,41.86285370475282],[33.70940116220785,41.86286288275285],[33.70940162120787,41.86287072975279],[33.70940299220787,41.86287851675282],[33.70940483720786,41.86288495375283],[33.70954011920782,41.86328489075309],[33.7095798462078,41.86357075375321],[33.7095810312078,41.86357708475325],[33.70958330520779,41.86358475275321],[33.70958646420779,41.86359224375324],[33.70959048520779,41.86359949975326],[33.70959533720779,41.86360646675324],[33.70959943120776,41.86361139475326],[33.70960394220781,41.86361611475325],[33.70968545920775,41.86369586075326],[33.70968889620777,41.8636990687533],[33.70969599420774,41.86370485975332],[33.70970374120779,41.8637101657533],[33.70971207720773,41.86371494775326],[33.70972093920774,41.86371916775332],[33.70973025920777,41.86372279375328],[33.70973366120775,41.86372384675332],[33.70978661720773,41.86373375275331],[33.7099526522077,41.86375814275333],[33.70995496120773,41.86375846475333],[33.70996537920772,41.86375948975331],[33.70997587620772,41.8637598327533],[33.70998637320771,41.86375948975329],[33.7099967912077,41.86375846475333],[33.71000704920767,41.86375676475328],[33.71001707020772,41.8637544027533],[33.71002677720772,41.86375139675333],[33.71003609720773,41.8637477707533],[33.71004495920768,41.86374355075331],[33.71005329520769,41.86373876875327],[33.71006298220767,41.8637319777533],[33.71043151820762,41.86344348375307],[33.71050040020766,41.86343067975306],[33.7106249222076,41.86351059875308],[33.71076385520759,41.86366057175319],[33.71077060920755,41.86366718675319],[33.71077770720758,41.86367297775318],[33.71078545420755,41.86367828375316],[33.71078639820757,41.86367886975319],[33.71116349520752,41.86391054975331],[33.71117139020748,41.86391500775334],[33.7111797492075,41.86391896575331],[33.7111891512075,41.86392262075332],[33.71172429720739,41.86410878775339],[33.71173392120737,41.86411176475338],[33.71174394220741,41.86411412675335],[33.71175420020737,41.86411582675341],[33.71176461820735,41.86411685175336],[33.71177511520735,41.86411719475337],[33.71178909220734,41.86411658675338],[33.71211048420734,41.86408851675336],[33.71242781220728,41.86416183775336],[33.71249529220724,41.86420005975338],[33.71249628320721,41.86420933075342],[33.71231831520724,41.86432449675348],[33.7119635272073,41.86446382075359],[33.71195932020729,41.86446555375362],[33.71195045820734,41.8644697737536],[33.71194212220733,41.86447455575357],[33.71193437520735,41.86447986175358],[33.71192727720731,41.86448565275362],[33.71192088020733,41.8644918837536],[33.71191523520734,41.86449850875363],[33.71190975920733,41.8645064917536],[33.71175229120734,41.86476732975378],[33.7112862472074,41.86508493475401],[33.71128049320737,41.86508912675404],[33.71127512720738,41.865093595754],[33.71126873020738,41.86509982675401],[33.7112630852074,41.86510645175403],[33.7112582332074,41.86511341775404],[33.71125421220739,41.86512067475403],[33.71125105220737,41.86512816575408],[33.71124877820738,41.86513583375404],[33.71124831420742,41.86513794775407],[33.71120743120739,41.86533913875418],[33.71120640720736,41.86534587975419],[33.71120606520741,41.86535265975419],[33.7112065232074,41.86536050675424],[33.71120789420738,41.86536829375417],[33.71121016920737,41.86537596175423],[33.71121332820739,41.86538345275419],[33.71121884120736,41.86539301375419],[33.71137975420731,41.86563290875434],[33.71138278820734,41.86576193275446],[33.7113888722073,41.86602061275463],[33.71127368920732,41.86626335575475],[33.71127073720729,41.86627050775475],[33.7112685902073,41.86627781875473],[33.71126712720732,41.86628642875476],[33.71122102220727,41.86672678475504],[33.7112206552073,41.86673380975503],[33.71122111320727,41.86674165675508],[33.71122248520726,41.86674944375501],[33.71122404620729,41.86675502275502],[33.71129536120729,41.86697489575519],[33.71126197120727,41.86719438975531],[33.71126120020723,41.86720456175535],[33.71126165820723,41.86721240875538],[33.71126303020728,41.86722019575531],[33.71126530420725,41.86722786375533],[33.71126846420727,41.86723535475537],[33.71127248520725,41.86724261075532],[33.71127733720721,41.86724957775537],[33.71128041620722,41.86725334775537],[33.71141119820718,41.86740497175543],[33.71162571820716,41.86782377575567],[33.71162916020714,41.86782982475565],[33.71163318420715,41.86783567075569],[33.71189638720707,41.86818597575586],[33.71185873920708,41.86832122875594],[33.7117212382071,41.86835318375597],[33.7115464082071,41.868303943756],[33.71097897720723,41.86798863275585],[33.71096733920724,41.86798291475582],[33.71095888620722,41.86797959375581],[33.71095010720724,41.86797678375582],[33.71032477220737,41.86779818075574],[33.71032297520738,41.86779767975578],[33.71031295420734,41.86779531775577],[33.71030269520739,41.86779361775574],[33.71029227720735,41.86779259275579],[33.71028556820735,41.86779237375576],[33.71028177920734,41.86779224975577],[33.71027128120736,41.86779259275577],[33.71026086320737,41.86779361775577],[33.71025060420735,41.86779531775579],[33.71024058320739,41.86779767975577],[33.71023280320739,41.86780002875575],[33.7102252622074,41.86780277675576],[33.70957890920746,41.86805947975594],[33.7094305082075,41.86804915475597],[33.70927476320755,41.86795887375593],[33.70926846820751,41.86795546175591],[33.70926189120753,41.86795236075593],[33.70908860520758,41.8678763827559],[33.70908788720755,41.86787606975589],[33.70907856620756,41.86787244375586],[33.70906885820756,41.86786943775591],[33.70905883720756,41.86786707575592],[33.70904857820757,41.86786537575588],[33.70903816020758,41.8678643507559],[33.70902766220758,41.86786400775591],[33.7090171642076,41.8678643507559],[33.7090067462076,41.86786537575588],[33.70899837420757,41.86786670975594],[33.70899014920761,41.86786848575593],[33.70862278020764,41.86795848175598],[33.70855974820764,41.86791636375595],[33.7085149882077,41.86767481375579],[33.70851429720767,41.86767153175584],[33.7085120222077,41.8676638637558],[33.70850886320768,41.86765637275583],[33.70850697620769,41.86765274375578],[33.70837456520773,41.86741353675568],[33.70837130420772,41.86740815375569],[33.70836757820774,41.86740294275565],[33.70836193220769,41.86739631775568],[33.70835553520771,41.86739008675569],[33.70834843620775,41.86738429575564],[33.7083406892077,41.86737898975566],[33.7083323532077,41.86737420775563],[33.70832349120776,41.86736998775564],[33.70831417020776,41.86736636175567],[33.70830446220777,41.86736335575564],[33.70829444120773,41.86736099375567],[33.70828418220777,41.86735929375568],[33.70827378920775,41.86735826975566],[33.70826331620777,41.86735792575563],[33.70768822120782,41.86735774675571],[33.70765662220788,41.8673533237557],[33.70745451120789,41.86732503775572],[33.70745325920788,41.86732486775571],[33.70744284120791,41.8673238427557],[33.70743234320791,41.86732349975567],[33.70742184520793,41.86732384275569],[33.70741142720787,41.86732486775571],[33.70740930020792,41.86732516275571],[33.70714929020794,41.86736304275572],[33.70714011420794,41.86736466075576],[33.70713113620797,41.86736680975574],[33.70712142820796,41.86736981575574],[33.70711210720796,41.86737344175575],[33.70710324520797,41.86737766175576],[33.70709490920796,41.86738244375578],[33.70708716220797,41.86738774975579],[33.70708006320796,41.86739354075574],[33.70707401920793,41.86739939775578],[33.70706863820794,41.86740560475581],[33.70696660820794,41.86753464675586],[33.70696599020795,41.86753543875586],[33.70696113820798,41.86754240475585],[33.70695711620795,41.86754966175591],[33.70695395720797,41.86755715275587],[33.70695168220795,41.86756482075589],[33.70695031120795,41.86757260775593],[33.70694985220797,41.86758045475586],[33.70695029220799,41.86758813975587],[33.70695160820799,41.86759576975592],[33.70697707120795,41.86770603075597],[33.70697938220795,41.86771385775595],[33.70698254220795,41.86772134875599],[33.70698656320795,41.86772860475599],[33.70699141520792,41.86773557175598],[33.70699706120794,41.86774219675601],[33.70700345820794,41.86774842775601],[33.70701055720794,41.86775421875598],[33.70701830420793,41.86775952475598],[33.70702664120792,41.86776430575602],[33.70703550320794,41.867768526756],[33.70703735520791,41.86776930875602],[33.70717496520791,41.86782629675601],[33.70718340020789,41.86782947375602],[33.70719214220792,41.86783214675599],[33.7072021632079,41.86783450875605],[33.70721242220792,41.86783620875603],[33.7072228402079,41.86783723375604],[33.7072333382079,41.86783757675605],[33.70724383620789,41.86783723375605],[33.70725425420787,41.86783620875604],[33.70726451320789,41.86783450875605],[33.70727453420788,41.867832146756],[33.70728298020786,41.86782957475603],[33.70759482320783,41.86772413675595],[33.70765662220785,41.86772494975593],[33.70782492920779,41.86772716375592],[33.70790301820778,41.86777027675596],[33.70810943120771,41.86817830575617],[33.7081132492077,41.86818501875617],[33.70811778320773,41.86819147875617],[33.70812342920768,41.86819810375621],[33.70812982520771,41.86820433475618],[33.70813450320773,41.86820826275618],[33.70837909420764,41.86840194875629],[33.70838926320764,41.86840911775633],[33.70839752920765,41.86841386275626],[33.70840631320762,41.86841805475627],[33.70866435020763,41.86852977675638],[33.7086900822076,41.86854091775634],[33.70882921020752,41.86904847375663],[33.70886239520752,41.86916953875675],[33.7088644882075,41.8691759657567],[33.70886720820751,41.86918226075675],[33.70887122920749,41.86918951675669],[33.70887608120751,41.86919648375675],[33.70888172720749,41.86920310875674],[33.70888812420753,41.8692093397567],[33.70889522320748,41.86921513075673],[33.7089029712075,41.86922043675676],[33.70891130720752,41.86922521775672],[33.70892017020753,41.86922943875675],[33.70893375720748,41.86923447775673],[33.70916556020746,41.86930723975676],[33.70924038120744,41.86933072575681],[33.70932113620744,41.86935607475681],[33.70932657820738,41.86935766775679],[33.70933659920743,41.86936002975677],[33.70934685920744,41.86936172975683],[33.70935727720742,41.86936275475677],[33.70936777520741,41.86936309775678],[33.70937426320742,41.8693629667568],[33.70965465720738,41.86935166175677],[33.70966547120738,41.86935073475676],[33.70966937620733,41.86966117775694],[33.70916076420742,41.8698418327571],[33.70872969920745,41.86980356175711],[33.70839368920759,41.86948705275692],[33.70839160420758,41.86948514375695],[33.70838450520757,41.86947935275695],[33.70837675820759,41.86947404675696],[33.70836842120759,41.86946926575693],[33.70835955920759,41.86946504475694],[33.70835392220757,41.86946275975695],[33.70825148720761,41.86942383275694],[33.70809398220765,41.86936397775691],[33.70808058820764,41.86935962975689],[33.70807056720766,41.86935726775693],[33.70806030720766,41.8693555677569],[33.70804988920767,41.86935454275691],[33.70803939120767,41.86935419975688],[33.70803619820767,41.86935423175692],[33.7078475722077,41.8693579697569],[33.70783867720769,41.86935839275692],[33.70782984820767,41.86935930575694],[33.70781958820766,41.86936100575692],[33.70780956720768,41.8693633677569],[33.7077998582077,41.86936637375693],[33.7077905382077,41.86936999975691],[33.70778167520771,41.86937422075696],[33.7077733382077,41.86937900175693],[33.70776559120773,41.86938430775692],[33.7077584922077,41.86939009875698],[33.7077520952077,41.86939632975695],[33.70774644920768,41.86940295475691],[33.7077415972077,41.86940992075694],[33.70773757520767,41.86941717775699],[33.70773465220772,41.86942401875695],[33.70766317220768,41.86961760675708],[33.70766066120769,41.8696259247571],[33.7076592892077,41.86963371175705],[33.70765883120767,41.8696415587571],[33.7076592892077,41.86964940575709],[33.70766066120769,41.86965719275712],[33.70766293520769,41.86966486075714],[33.70766609520769,41.86967235175712],[33.70767035920768,41.86967999575709],[33.70772378120767,41.86976457475719],[33.70772839020768,41.86977115375719],[33.70773403620767,41.86977777875716],[33.70774043320765,41.8697840097572],[33.70774753220767,41.86978980075721],[33.70775528020765,41.86979510675718],[33.70776562420768,41.8698009167572],[33.70825148720757,41.87004441475727],[33.7083392602075,41.87008840375729],[33.7086171782075,41.87037184875749],[33.70862206120747,41.87037650075747],[33.70862451220746,41.8703786157575],[33.70887420220738,41.87058748775755],[33.70888018420739,41.87059214475763],[33.70888659820743,41.87059646875759],[33.70889493520742,41.87060124975758],[33.70890379720739,41.87060547075762],[33.70891311820743,41.87060909675756],[33.7089228272074,41.87061210275762],[33.70893255420742,41.8706144057576],[33.70894250720738,41.87061608475759],[33.70911073120735,41.87063891275758],[33.70911133120737,41.87063899275756],[33.70912175020735,41.8706400177576],[33.70913224820733,41.87064036075761],[33.7091427462074,41.87064001775759],[33.70915316520735,41.87063899275756],[33.70916342420738,41.87063729275759],[33.70917344620733,41.8706349307576],[33.70918424520734,41.8706315397576],[33.70967328120731,41.87045661575742],[33.70971732220727,41.87046974875742],[33.70996107820723,41.87073888675759],[33.71010083920714,41.8710986337578],[33.70991009220717,41.871398191758],[33.70989092120715,41.87142829775801],[33.70988649520719,41.87143619575804],[33.70988333520719,41.87144368675803],[33.7098810602072,41.87145135475806],[33.70987968920719,41.87145914175807],[33.70987923020716,41.87146698875803],[33.70987968920718,41.87147483575804],[33.70988106020719,41.87148262275807],[33.70988422420715,41.87149264275805],[33.71003095120713,41.87186156475828],[33.70992644420711,41.87208459275841],[33.70992381620712,41.87209094275845],[33.70984723120713,41.87230351275856],[33.70984491820715,41.87231128875858],[33.70984354620715,41.87231907575855],[33.70984308820712,41.87232692275856],[33.70984354620715,41.87233476975857],[33.70984491820715,41.87234255675858],[33.70984670220715,41.87234881375859],[33.70984907720714,41.87235495975855],[33.70993564320711,41.87255239275873],[33.7099369182071,41.87255514775871],[33.70994093920711,41.87256240375869],[33.70994579220709,41.87256937075868],[33.70995143820709,41.87257599575873],[33.70995783520706,41.87258222675872],[33.70996493520706,41.87258801775877],[33.70997268220709,41.87259332375874],[33.70998102020709,41.87259810475872],[33.70998988320709,41.87260232575876],[33.7099990422071,41.87260589575874],[33.71023074720703,41.87268696375877],[33.71064956020693,41.8729880497589],[33.71065563620692,41.87299213075894],[33.71066397320692,41.87299691175891],[33.71067283620692,41.8730011327589],[33.71068215820696,41.87300475875894],[33.71069186620696,41.87300776475893],[33.71070143620692,41.87301003575895],[33.71096652520685,41.87306395075893],[33.71103981320685,41.87307885675892],[33.71115003520681,41.87310127375894],[33.71116074620684,41.87310306475892],[33.71117435320685,41.87310426675895],[33.71119412020682,41.87310516475894],[33.71125698120681,41.87310802175892],[33.71156460420679,41.87312200275894],[33.71156895120674,41.87312603475895],[33.71162776320676,41.87303709375888],[33.71168187120678,41.87295526375884]]],[[[33.70159463483076,41.82665370714234],[33.70174072144823,41.82650159235777],[33.70184627755622,41.8261985026807],[33.70208418621176,41.82591695373051],[33.70170012421185,41.82514114673],[33.70167359321187,41.82492353272986],[33.70183559621189,41.8248245237298],[33.70241593421179,41.82491008572984],[33.70265428121174,41.8248630497298],[33.70378340921158,41.82425473872929],[33.70408549521154,41.82417848772923],[33.70500607321141,41.82394612172899],[33.70516686721134,41.8238318157289],[33.70512447221137,41.82374011372888],[33.70498892521139,41.82364649072885],[33.70468218921147,41.82374193272889],[33.7044685262115,41.82378243872894],[33.70425930221154,41.82372991572894],[33.70423473921154,41.82360666072885],[33.7045082822115,41.82336452372866],[33.70510839521145,41.82296058472839],[33.70524276421143,41.82292539172832],[33.7053290622114,41.82291133572833],[33.70532441121145,41.82279797972826],[33.70436234421165,41.82154688072755],[33.70389653421174,41.82169455372771],[33.70361692821177,41.82192769872786],[33.70297017621184,41.82222229272811],[33.702352620212,41.82245365572827],[33.70092195721225,41.82220544772827],[33.70058141321226,41.82222579272829],[33.70058924521222,41.82248297172847],[33.70037581321232,41.82264746472858],[33.70024228121228,41.82314355872889],[33.6992199252124,41.82355174172921],[33.69835665221253,41.82425029272974],[33.69858979721243,41.82479781173005],[33.69909130321232,41.82539212473037],[33.69930550321224,41.82563127073052],[33.70029829321202,41.82612301473072],[33.70052104921198,41.82661036773106],[33.70091428498997,41.8268167606616],[33.70159463483076,41.82665370714234]]],[[[33.71466779521202,41.79159775170784],[33.71573536721188,41.79106981270743],[33.71681348621171,41.79096454070724],[33.71768567121154,41.79117544070732],[33.71769365121156,41.79117714470733],[33.71770176921154,41.79117843370735],[33.71771217521154,41.79117945870735],[33.71772266021155,41.79117980170737],[33.71773314521152,41.79117945870735],[33.71774355121151,41.79117843370733],[33.71775379821155,41.79117673370733],[33.71776380721152,41.79117437170729],[33.71777297121155,41.79117155070735],[33.7177817942115,41.7911681747073],[33.71838109121143,41.79091503370712],[33.71838211021146,41.79091459870709],[33.71839389621142,41.79090879070707],[33.7188532562114,41.79065231570692],[33.71911232121131,41.79063577270687],[33.71981914221117,41.79084748170695],[33.71982269721121,41.79084849770692],[33.7198350822112,41.79085131670698],[33.72016746221111,41.79091256170697],[33.72017533321113,41.79091380470694],[33.72018573921115,41.79091482970696],[33.7201962242111,41.79091517270698],[33.72020670921113,41.79091482970696],[33.72021711521111,41.79091380470695],[33.72022736121112,41.79091210470697],[33.72023737121113,41.79090974270699],[33.72024553021114,41.79090726370693],[33.72044399121108,41.7908405307069],[33.72045483821108,41.79083637770688],[33.72046369021109,41.79083215670688],[33.7204720162111,41.79082737570689],[33.7204797542111,41.79082206970691],[33.7204868452111,41.79081627870688],[33.72049323421105,41.79081004670689],[33.72049887321111,41.79080342270684],[33.72050371921107,41.79079645570685],[33.72050773521107,41.79078919870685],[33.72051145021106,41.79078008670685],[33.72051388021111,41.79077275770683],[33.72056092621106,41.79068437470676],[33.72056221221106,41.79068184870678],[33.7205653682111,41.79067435770679],[33.72056764021105,41.79066668970678],[33.72056901021107,41.79065890270677],[33.72056946721106,41.79065105570675],[33.72056901021107,41.79064320870673],[33.72056764021105,41.79063542170677],[33.7205653682111,41.79062775270679],[33.72056221221106,41.79062026270672],[33.72055819621106,41.79061300570671],[33.72055334921112,41.79060603870674],[33.72054771021107,41.79059941470675],[33.72054132121109,41.79059318270672],[33.72053326521108,41.79058667770673],[33.72031024621118,41.79042350170665],[33.72030347421116,41.79041890970664],[33.72029514721118,41.79041412770663],[33.72028629521116,41.79040990770664],[33.72027569221114,41.79040583670665],[33.71990756921122,41.79028131870659],[33.71977893421124,41.7901523927065],[33.71971664221128,41.78998388470641],[33.71983601421126,41.78958776670613],[33.7198371342113,41.78958359270617],[33.7198385042113,41.78957580570614],[33.7198389612113,41.78956795870613],[33.71983850421131,41.78956011170612],[33.7198371342113,41.78955232470614],[33.71983486221129,41.78954465570615],[33.7198317062113,41.78953716570609],[33.71982769021131,41.7895299087061],[33.71982284421127,41.78952294170611],[33.71981720521129,41.78951631770613],[33.71981081621127,41.78951008570609],[33.71980372521128,41.78950429470611],[33.71979598721132,41.78949898870612],[33.71979318021128,41.78949727870612],[33.71937710821135,41.78925157170595],[33.71937009921135,41.78924773170599],[33.7193627372114,41.78924427970598],[33.71935209421141,41.789240194706],[33.71894009321147,41.78910096370591],[33.71788532221168,41.78874451570577],[33.7178769582117,41.78874196770575],[33.71786694821171,41.78873960570579],[33.71785670221166,41.78873790570574],[33.7178459332117,41.78873685670575],[33.71730311521181,41.78870255770579],[33.7172929942118,41.7887022387058],[33.71728250921179,41.78870258170581],[33.71727210421176,41.78870360670578],[33.71726185821179,41.78870530670584],[33.7172518482118,41.78870766870581],[33.7172421522118,41.78871067370579],[33.71723269021175,41.78871436770579],[33.71698392721185,41.78882258470595],[33.71671657621184,41.788930878706],[33.7164774832119,41.78880450770589],[33.71646823521192,41.7888000787059],[33.71645611921193,41.78879550470589],[33.71625719621196,41.78873066970587],[33.71625030721197,41.78872861070588],[33.71624029721194,41.78872624870591],[33.71623005121196,41.78872454870588],[33.71622117821195,41.78872363070591],[33.71600612021201,41.78870747170588],[33.71599410221202,41.78870702170593],[33.71598361721199,41.78870736470589],[33.71597321221204,41.78870838970592],[33.71596778821203,41.78870920170587],[33.71556767721207,41.78877632470598],[33.71556122821205,41.78877754770602],[33.7154597452121,41.78879904370599],[33.71543744121207,41.78877149270599],[33.71550138721209,41.78862366170588],[33.71550276021212,41.7886202587059],[33.71565657121207,41.78821006970564],[33.71615659321205,41.78786585770536],[33.71616213121202,41.78786179070534],[33.71616730721206,41.78785746570537],[33.71617369621206,41.78785123370533],[33.71617933521205,41.78784460970534],[33.71618418121204,41.78783764270535],[33.71618819721201,41.7878303857053],[33.71619135321206,41.78782289470534],[33.71619362421203,41.78781522670531],[33.71619516021204,41.78780586570532],[33.71622229921206,41.78751504870515],[33.71622255121208,41.78751110570511],[33.71622761021205,41.78736481270502],[33.71635914721206,41.78736401670501],[33.71683601421194,41.78750578170508],[33.71683927821193,41.78750671070509],[33.71684928721192,41.78750907270507],[33.71685953321195,41.78751077270505],[33.71686993821197,41.78751179770508],[33.71688042321193,41.78751214070508],[33.71689266621194,41.78751167370506],[33.71714466221187,41.78749237970503],[33.7171533092119,41.78749147870506],[33.71716355521186,41.78748977870502],[33.71717356421187,41.78748741670503],[33.71718610721189,41.787483382705],[33.71769958421185,41.78729173170487],[33.71847044221167,41.78729339470479],[33.71848110021168,41.78729305170477],[33.71849150521168,41.78729202670482],[33.71850175121166,41.78729032670478],[33.71851176021164,41.78728796470478],[33.71852145621166,41.78728495970479],[33.71853076521167,41.78728133270479],[33.7185320802117,41.78728075570478],[33.71924857821157,41.78696202670452],[33.71925524221157,41.7869588357045],[33.71990052021146,41.78662697670428],[33.71990971621146,41.78662174370423],[33.71991745321149,41.78661643770425],[33.71992454421149,41.78661064670426],[33.71993093221147,41.78660441470422],[33.71993657121146,41.78659779070424],[33.71994141721148,41.78659082370425],[33.71994543321146,41.78658356670426],[33.71994858921147,41.78657607570423],[33.71995086021148,41.78656840770422],[33.71995223021149,41.78656062070423],[33.71995268821149,41.78655277370422],[33.7199519232115,41.78654263570424],[33.7199325042115,41.78641450670413],[33.71993212521149,41.78641222770412],[33.71993111421148,41.78640672270414],[33.71992884221152,41.78639905370415],[33.71992568721152,41.7863915627041],[33.71992167121148,41.78638430670414],[33.71991682521151,41.78637733970409],[33.71991110921148,41.7863707847041],[33.71990840921149,41.78636793770409],[33.71990484121148,41.78636443970407],[33.71976691921156,41.78622850470399],[33.71935183221163,41.78581939770377],[33.71930255821167,41.78560550870363],[33.71930024721167,41.78559767170364],[33.71929709121169,41.78559018070366],[33.71929307521167,41.78558292470365],[33.71928822921166,41.78557595770366],[33.71928259121167,41.78556933370362],[33.71927620221163,41.78556310170365],[33.71927339421166,41.78556068570361],[33.71901165821176,41.78534341270351],[33.71900585021174,41.78533891570351],[33.71899963821173,41.78533473170351],[33.71899131321171,41.7853299497035],[33.71898246221174,41.78532572970349],[33.71897336621177,41.78532217770349],[33.71896389921172,41.78531921870354],[33.71845015621182,41.78517756670345],[33.71843992721183,41.78517514370346],[33.71842968121185,41.78517344370343],[33.71841927621184,41.78517241870349],[33.71840879221186,41.78517207570349],[33.71839830121185,41.7851724187035],[33.71799016321192,41.78519915970355],[33.7179710722119,41.78518241170352],[33.7182697022119,41.78488585970329],[33.71827781421189,41.78487668670326],[33.71828043421187,41.78487310570327],[33.71847366421189,41.78459411870308],[33.71847701421187,41.78458887270308],[33.71847990521188,41.7845834757031],[33.71848306121186,41.78457598470307],[33.71848533321189,41.78456831670308],[33.71848670221186,41.78456052970307],[33.7184871602119,41.78455268270305],[33.71848639521186,41.78454254670303],[33.71843359421191,41.78419374770282],[33.71897628521187,41.78377761570251],[33.71898235121183,41.78377260070251],[33.71898874021186,41.78376636870254],[33.71899437821187,41.78375974470249],[33.71899922421184,41.78375277770248],[33.71900324021182,41.7837455207025],[33.71900544021186,41.78374055170252],[33.71907891221185,41.7835568797024],[33.71908213921184,41.78354669070237],[33.71908350821185,41.78353890370236],[33.71908396621184,41.78353105670234],[33.71908350821185,41.78352320970235],[33.71908213921183,41.78351542270237],[33.71907996621187,41.78350803070233],[33.71888823721194,41.78296558170202],[33.7188849832119,41.78295781370203],[33.7188809672119,41.78295055770202],[33.71887612121194,41.78294359070203],[33.71887048321194,41.78293696670196],[33.71886409421191,41.78293073470201],[33.71885700521192,41.78292494370197],[33.71884926821195,41.78291963770198],[33.71884360421193,41.78291629170201],[33.718577682212,41.78276867570193],[33.718566169212,41.7827630197019],[33.71855686121199,41.78275939270194],[33.71854716621196,41.78275638770189],[33.71853846421197,41.78275429370193],[33.71825149721206,41.78269414070193],[33.71822835221209,41.78229356570162],[33.71822234121212,41.78204863970149],[33.71846913821209,41.78185485370135],[33.71847421621206,41.78185060570135],[33.71848060421207,41.78184437370129],[33.71848624221208,41.78183774970131],[33.71849020121206,41.78183217370136],[33.71849362921206,41.78182640470131],[33.7186409082121,41.78155303670115],[33.71864238321206,41.78155015770112],[33.71864553921205,41.78154266670109],[33.71864781021208,41.78153499870113],[33.71864918021208,41.78152721170111],[33.71864963721209,41.78151936470108],[33.71864920821207,41.78151176470109],[33.71854662121215,41.78060540470052],[33.71854522321215,41.78059737070051],[33.71854295221213,41.78058970170056],[33.71853979621213,41.78058221070054],[33.71853578121214,41.78057495470051],[33.71853093521217,41.78056798770053],[33.71852525921217,41.78056132270051],[33.71837643121219,41.7804024167004],[33.7183700812122,41.78039622570039],[33.7183629912122,41.78039043470039],[33.71835525521217,41.78038512870042],[33.71834692921217,41.78038034670038],[33.71833807921222,41.7803761267004],[33.71833128221218,41.78037340270038],[33.71816332321226,41.78031119570036],[33.71822433421221,41.78010430870025],[33.71833218821224,41.77987191270008],[33.71833622621222,41.77986106470009],[33.71841089221221,41.7795977896999],[33.71841168621225,41.77959472769988],[33.71841305621224,41.77958694069991],[33.71841351421224,41.77957909369992],[33.71841305621224,41.7795712466999],[33.71841168621225,41.77956345969989],[33.71840941521226,41.77955579069985],[33.71840626021227,41.7795482996999],[33.71840244721222,41.77954137169988],[33.71815184321235,41.77913484469965],[33.71803970021237,41.77854557969925],[33.71794884321246,41.77796644569888],[33.71794783621241,41.7779613126989],[33.71794556521243,41.77795364369888],[33.71794241021245,41.77794615269887],[33.71794070321243,41.77794284669889],[33.71786960421247,41.77781280069883],[33.71767806121251,41.77746244969861],[33.71767473121254,41.77745690069858],[33.7176709072125,41.7774515326986],[33.71766526921252,41.77744490769857],[33.71765888121253,41.77743867669857],[33.71765204621251,41.77743307669858],[33.71764460621252,41.77742792669859],[33.7174261822126,41.77728906069854],[33.71742563221257,41.77728871269851],[33.71741730721256,41.77728393069847],[33.71740845721256,41.77727971069847],[33.71739915021256,41.77727608369849],[33.71738945521259,41.77727307869847],[33.71738081721261,41.77727099769847],[33.71737199421257,41.77726940969851],[33.71723404721263,41.7772486776985],[33.71723125621263,41.77724828469852],[33.71722085321262,41.77724725869851],[33.71721037021261,41.7772469166985],[33.71719988721263,41.77724725869851],[33.7171894842126,41.77724828469851],[33.7171792392126,41.77724998469851],[33.7171692322126,41.77725234669848],[33.71715953721262,41.77725535169848],[33.71715023021261,41.77725897869849],[33.71714138021264,41.77726319869851],[33.71713305521264,41.77726798069851],[33.71712668321259,41.77727228169849],[33.71690231621264,41.77743496569867],[33.7168041592127,41.77716099169847],[33.71680101021271,41.77715351869849],[33.71679625821271,41.77714510069847],[33.71627881221286,41.77634452069798],[33.71594073921295,41.7756367496976],[33.71590202921294,41.77530688469734],[33.71601594921299,41.77511685869725],[33.71601923921298,41.77511078969724],[33.71602239421299,41.77510329969719],[33.71602466521296,41.77509563069719],[33.71602603521298,41.77508784369724],[33.71602649221298,41.77507999669722],[33.71602603521297,41.77507214969721],[33.71602466521296,41.77506436269718],[33.71577034021299,41.77503081469722],[33.71578070721301,41.77506944969726],[33.715669740213,41.77525454769735],[33.71566645121301,41.77526061569736],[33.715663296213,41.77526810669738],[33.71566102521303,41.77527577569733],[33.71565965521302,41.77528356269736],[33.71565919721303,41.77529140969737],[33.71565965921303,41.77529928769739],[33.71570246021301,41.77566403969761],[33.71570382621299,41.77567179569763],[33.71570600921299,41.7756792166976],[33.71570902021297,41.7756864736976],[33.71605458621287,41.77640993469804],[33.71605945421285,41.77641859269807],[33.71657475621274,41.7772158606985],[33.71669609221266,41.77755453469876],[33.71669924121267,41.77756200669875],[33.71670325621268,41.77756926369874],[33.71670810221269,41.77757623069873],[33.71671374021269,41.77758285469877],[33.71672012721268,41.77758908669878],[33.71672721621268,41.77759487769875],[33.71673495321266,41.77760018369873],[33.71674327821266,41.77760496569874],[33.71675212721264,41.77760918569874],[33.71675446021264,41.77761016769877],[33.71683760221269,41.77764427569881],[33.71684579321262,41.77764733869876],[33.71685427121268,41.77764992569881],[33.71686427921267,41.77765228769877],[33.71687452321267,41.77765398769876],[33.71688492721265,41.77765501369877],[33.71689541021262,41.77765535569878],[33.71690589321266,41.77765501369878],[33.71691629721261,41.77765398769876],[33.71692654121262,41.77765228769876],[33.71693654921263,41.7776499256988],[33.71694624321265,41.77764692069879],[33.7169555512126,41.77764329369877],[33.71696440021265,41.77763907369879],[33.71697272521261,41.77763429169875],[33.71697909721264,41.77762999069877],[33.7172486602126,41.77743453569865],[33.71729415421261,41.77744137369864],[33.71746652721257,41.77755096369864],[33.71750711321252,41.77762519969875],[33.71771183821247,41.77799966369898],[33.71780094921243,41.77856768669929],[33.71780133021241,41.77856988269932],[33.71791616321237,41.77917329269967],[33.71791678821235,41.77917622969967],[33.71791906021236,41.7791838976997],[33.71792221521237,41.77919138869967],[33.71792602721235,41.77919831669966],[33.71816726821231,41.77958965669993],[33.71810246621225,41.77981815170008],[33.71799477021227,41.78005020670025],[33.71799093721227,41.78006034370026],[33.71790810421223,41.78034122070041],[33.71790710421224,41.78034499370042],[33.7179057352123,41.78035278070047],[33.7179052772123,41.78036062770043],[33.71790573521229,41.78036847470045],[33.71790710421224,41.78037626170043],[33.71790937521229,41.78038392970048],[33.71791253121226,41.78039142070048],[33.71791654721224,41.78039867770048],[33.71792139221228,41.78040564470047],[33.71792703021229,41.78041226870045],[33.71793341821228,41.78041850070049],[33.71794050821225,41.78042429170046],[33.71794824421224,41.78042959770047],[33.71795657021223,41.78043437970049],[33.71796542021227,41.78043859970048],[33.71797221721224,41.78044132370047],[33.71819706821223,41.78052460170051],[33.71830964621216,41.78064480270059],[33.71835721921215,41.78106512770085],[33.71840707121213,41.78150558870109],[33.71827911821214,41.78174308070125],[33.71801409521217,41.78195117770146],[33.71800901721215,41.78195542670144],[33.71800262921212,41.78196165870148],[33.71799699021212,41.78196828270144],[33.71799214521215,41.78197524970145],[33.71798812921215,41.78198250570144],[33.71798497421217,41.78198999670147],[33.71798270221214,41.78199766570144],[33.71798133221213,41.78200545270147],[33.71798087521214,41.78201329970144],[33.71798089521215,41.78201495270148],[33.71798783921214,41.78229796270166],[33.71798793221212,41.78230019970165],[33.71801490921208,41.78276712670192],[33.71801550921212,41.78277301970197],[33.71801662421208,41.78277887070195],[33.7180188952121,41.78278653870197],[33.7180220512121,41.782794029702],[33.71802606721209,41.78280128670199],[33.71803091221206,41.78280825370199],[33.71803655121206,41.78281487770197],[33.71804293921208,41.78282110970203],[33.71805002921209,41.78282690070199],[33.71805776621206,41.78283220670198],[33.71806609121207,41.78283698870202],[33.71807494221209,41.78284120870199],[33.71808425021204,41.78284483570201],[33.71809394521206,41.78284784070203],[33.71810264621207,41.78284993470199],[33.71818942821201,41.78286812570202],[33.71845219921197,41.78292320670201],[33.71866643421198,41.78304213070205],[33.71883871021191,41.78352954670235],[33.71878345121189,41.78366768670249],[33.71822155621192,41.7840985437028],[33.71821548921198,41.78410355970277],[33.71820910121194,41.78410979170282],[33.71820346221195,41.78411641570281],[33.71819861621198,41.7841233827028],[33.71819460021194,41.7841306387028],[33.71819144521192,41.78413812970281],[33.71818917321198,41.78414579870285],[33.71818780321196,41.7841535857028],[33.71818734621196,41.78416143270282],[33.71818811021195,41.78417156870285],[33.71824321421194,41.7845355817031],[33.71807148721194,41.78478352070322],[33.71772085821192,41.78513170970349],[33.71771274521196,41.78514088270348],[33.71770790021199,41.78514784970353],[33.71770388421194,41.78515510570352],[33.71770072821195,41.7851625967035],[33.71769845621198,41.78517026570351],[33.71769708721197,41.78517805270352],[33.71769662921199,41.78518589970356],[33.71769708721196,41.7851937467035],[33.71769845621198,41.78520153370353],[33.71770072821195,41.78520920170353],[33.71770388321195,41.78521669270351],[33.71770789921192,41.78522394970358],[33.71771274521196,41.78523091670356],[33.71771838421195,41.78523754070353],[33.71772477221199,41.78524377270358],[33.71772540821198,41.78524433470354],[33.71784737221195,41.7853513327036],[33.71785417521191,41.78535682070361],[33.71786156421192,41.78536186770359],[33.71786988921194,41.78536664970362],[33.71787874021189,41.78537086970361],[33.7178880492119,41.78537449670363],[33.7178977442119,41.78537750170362],[33.7179077532119,41.78537986370365],[33.71791799921189,41.78538156370365],[33.7179284042119,41.78538258870362],[33.71793888821193,41.78538293170361],[33.71794937821191,41.78538258870361],[33.71839246721186,41.78535355770355],[33.71885285821176,41.78548049970359],[33.71907141321172,41.78566192770374],[33.71911976621164,41.78587181870385],[33.71912207621167,41.78587965470387],[33.71912523221165,41.78588714570384],[33.71912924821169,41.78589440270389],[33.71913409421165,41.78590136970388],[33.71914247521165,41.78591080770388],[33.71969683621152,41.78645709470415],[33.7197047232115,41.78650918970421],[33.7191222472116,41.78680874970447],[33.71843772421168,41.78711325470467],[33.71767159021181,41.78711160170477],[33.71766093121183,41.78711194470478],[33.71765052621186,41.78711296970473],[33.71764028021183,41.78711466970474],[33.71763027121183,41.78711703170476],[33.71761772821185,41.78712106570475],[33.71739516221184,41.78720413670482],[33.71709835821194,41.78731491670494],[33.71689746921192,41.78733029770496],[33.71647309021201,41.78720413670489],[33.71642610521204,41.78719016870491],[33.71642284021202,41.7871892397049],[33.71641283121205,41.78718687770487],[33.71640258521205,41.78718517770489],[33.71639218021204,41.78718415270487],[33.71638169521207,41.78718380970494],[33.71638072221208,41.7871838127049],[33.71610938821207,41.78718545470494],[33.71609939121212,41.78718582670492],[33.7160894702121,41.78718681970497],[33.71607922421213,41.78718851970494],[33.71606921521209,41.78719088170492],[33.71605951921214,41.78719388670493],[33.71605021121211,41.78719751370494],[33.71604135921211,41.78720173370493],[33.71603717521214,41.78720413670495],[33.71603303321212,41.78720651570495],[33.71602529621214,41.78721182170494],[33.71601820621213,41.78721761270491],[33.71601181721212,41.78722384470496],[33.71600617821211,41.78723046870496],[33.7160013322121,41.78723743570495],[33.71599731621212,41.787244692705],[33.71599416021212,41.787252182705],[33.71599188921209,41.78725985170501],[33.71599066421207,41.78726647870501],[33.71599010121212,41.78727315570499],[33.71598210121207,41.78750447170516],[33.7159584792121,41.78775758070529],[33.71546853721218,41.78809485370553],[33.71546299921214,41.78809892070555],[33.71545782221212,41.78810324570558],[33.71545143321217,41.78810947770558],[33.71544579521217,41.78811610170556],[33.71544094921215,41.78812306870555],[33.71543693221216,41.78813032570561],[33.71543415221217,41.78813679170561],[33.71527175121216,41.78856988570585],[33.71519159021213,41.78875520270596],[33.71518930021212,41.78876119870599],[33.71518757021212,41.78876729870601],[33.71518620021212,41.78877508570603],[33.71518574221212,41.78878293270598],[33.71518620021212,41.78879077970599],[33.71518757021212,41.78879856670603],[33.71518984121214,41.78880623470604],[33.71519299721214,41.78881372570601],[33.71519701321213,41.78882098270603],[33.71520185921216,41.78882794970608],[33.71520315321212,41.78882958570604],[33.71530144521209,41.78895100470607],[33.71530652521209,41.78895676870612],[33.7153121802121,41.78896222470613],[33.71531927021208,41.78896801570611],[33.7153270082121,41.78897332170612],[33.71533533421211,41.78897810270615],[33.7153441862121,41.78898232370612],[33.71535349521213,41.78898594970614],[33.71536319121211,41.78898895570615],[33.71537320021211,41.78899131770612],[33.71538344721208,41.78899301770613],[33.7153938522121,41.78899404270609],[33.71540433721211,41.78899438570615],[33.71541482221207,41.7889940427061],[33.71542522721208,41.78899301770615],[33.71543710021208,41.7889909827061],[33.71562355121206,41.78895148770607],[33.71600143621203,41.78888809370601],[33.71617840121198,41.78890139070602],[33.71634875221195,41.78895691470603],[33.71663877021187,41.7891102017061],[33.71664801821189,41.78911463070613],[33.71665732721183,41.78911825670613],[33.71666702321186,41.78912126270611],[33.71667703221183,41.7891236247061],[33.71668727921186,41.78912532470613],[33.71669768421187,41.7891263497061],[33.71670816921184,41.78912669270612],[33.71671865421185,41.78912634970611],[33.71672905921188,41.78912532470613],[33.71673930621184,41.78912362470607],[33.71674931521184,41.7891212627061],[33.71675750721183,41.78911877270612],[33.71676543221186,41.78911583870612],[33.71710005621182,41.788980295706],[33.71710309721177,41.78897902170603],[33.71732066221176,41.78888437570587],[33.71780511921169,41.78891498670587],[33.71923964021138,41.78939976770607],[33.71958462421135,41.78960349470616],[33.71947528721132,41.78996630870643],[33.71947416721134,41.78997048270647],[33.71947279721132,41.7899782697064],[33.71947233921134,41.78998611670642],[33.71947279721132,41.78999396370642],[33.71947416621134,41.79000175070647],[33.71947669421132,41.79001012270642],[33.71955306321129,41.79021671070657],[33.71955596321127,41.79022349770659],[33.7195599792113,41.79023075470661],[33.71956482521127,41.7902377217066],[33.71957261521126,41.79024657170657],[33.71973334221126,41.7904076637067],[33.71973758021123,41.79041166870669],[33.71974467121127,41.7904174597067],[33.71975240821126,41.79042276570668],[33.71976073521122,41.79042754670672],[33.71976958621124,41.79043176770669],[33.71978019021125,41.79043583870666],[33.72015723321115,41.79056337370678],[33.72030772421111,41.79067348270684],[33.72029770121114,41.79069231270679],[33.72018473221112,41.79073029870685],[33.71990075621118,41.79067797270683],[33.71917523221137,41.79046066070674],[33.71917167621133,41.79045964470674],[33.71916166621136,41.79045728270676],[33.7191514202113,41.79045558270678],[33.71914101421137,41.79045455770676],[33.71913052921136,41.79045421470677],[33.71912030121135,41.79045454070678],[33.71879860121136,41.79047508370682],[33.71878793821141,41.79047612570683],[33.71877769221137,41.79047782570682],[33.71876768221139,41.79048018770679],[33.7187579862114,41.79048319370683],[33.7187486762114,41.79048681970681],[33.71873688921139,41.79049262770684],[33.71825615521144,41.79076103670705],[33.71770946021157,41.79099195870718],[33.71686173121174,41.79078697170717],[33.71685375021173,41.79078526770717],[33.71684563221174,41.79078397870717],[33.71683522621176,41.79078295370714],[33.71682474121172,41.79078261070711],[33.71681694221172,41.79078279970717],[33.71680917521173,41.79078336770715],[33.71567667121192,41.79089395070734],[33.71567134421193,41.79089456170732],[33.71566109821195,41.79089626170734],[33.71565108821189,41.79089862370733],[33.7156413922119,41.79090162970729],[33.7156320822119,41.79090525570734],[33.71562590921192,41.7909081127073],[33.71482205621199,41.79130563570762],[33.71452608421209,41.79145200070779],[33.71451507721208,41.79145814670777],[33.71450918021208,41.79146210470775],[33.71369123421215,41.79204854870821],[33.7136823022122,41.7920556887082],[33.71367591221218,41.79206192070823],[33.71367027321219,41.79206854470822],[33.71366461221215,41.79207684770822],[33.71351336621218,41.79233028470842],[33.71351016421215,41.79233620670837],[33.71350700821217,41.79234369670841],[33.71350473621216,41.79235136570843],[33.71350385821218,41.79235571070843],[33.71341561421217,41.79287820870876],[33.71328044921218,41.79304181070889],[33.7129834352122,41.79314142570898],[33.71160665921246,41.79301319470898],[33.71143044621248,41.79291441470895],[33.71142273121257,41.79191992070835],[33.71142224421255,41.79191233670831],[33.71142090521255,41.79190480970828],[33.71142039521255,41.7919027827083],[33.7113332582126,41.79157680870812],[33.71133113221264,41.79157017270809],[33.7113283402126,41.79156367670806],[33.71132432321262,41.79155641970807],[33.71131947721261,41.79154945270808],[33.71131383821261,41.7915428287081],[33.71130744921258,41.79153659670806],[33.7113003582126,41.79153080570806],[33.71129262021264,41.79152549970809],[33.71129254421258,41.79152545570808],[33.71128429321259,41.79152071870804],[33.71127544221265,41.79151649770807],[33.71126952421264,41.7915141037081],[33.71105125921269,41.79143160770803],[33.7110381702127,41.79142736970802],[33.71103649521266,41.79142692370801],[33.71100302121266,41.79141822270801],[33.71062337421274,41.79131954170795],[33.7103535192128,41.79104933470784],[33.71034931421283,41.79104536170786],[33.71034222321285,41.79103957070782],[33.71033448521281,41.79103426470782],[33.71032615921283,41.79102948270787],[33.71031730721282,41.79102526270781],[33.7103079982128,41.79102163670783],[33.71029830121281,41.79101863070783],[33.71028829221283,41.79101626870781],[33.71027804521286,41.79101456870783],[33.71026763921287,41.7910135437078],[33.71025715421283,41.79101320070782],[33.71024666921283,41.7910135437078],[33.71023626321281,41.79101456870783],[33.71022601621284,41.79101626870783],[33.71021600721286,41.79101863070785],[33.71020631021286,41.79102163670784],[33.71019700121286,41.7910252627078],[33.71018814921285,41.79102948270786],[33.71017982321284,41.79103426470782],[33.71016989721284,41.79104125170785],[33.70993565621286,41.79122593470795],[33.70951518721294,41.79132375570806],[33.70950975421292,41.79132512670806],[33.70950005721293,41.79132813270812],[33.70949074821294,41.79133175870805],[33.70948189621297,41.79133597870807],[33.70947356921293,41.79134076070808],[33.70946700421295,41.79134520070809],[33.70946089321294,41.7913499907081],[33.709072404213,41.79167779770833],[33.70874171121303,41.79175293570842],[33.70867408321303,41.79176830170845],[33.70775798921321,41.79167053770842],[33.70774611121318,41.79185115970856],[33.70813177921314,41.79189231670855],[33.70834540221309,41.79191511470853],[33.70866652721306,41.79194938370856],[33.70867499721301,41.79195005970855],[33.70868351021302,41.79195028570854],[33.70869399621303,41.79194994270853],[33.70870440121303,41.79194891770851],[33.70871846121305,41.79194640270852],[33.70878496721303,41.79193129170852],[33.70917482021298,41.79184271270842],[33.70918101621292,41.79184116570845],[33.70919071221293,41.79183815970842],[33.70920002221294,41.79183453370844],[33.70920887421294,41.79183031270846],[33.70921720021293,41.79182553170843],[33.70922376521298,41.7918210917084],[33.70922987621297,41.79181630170842],[33.70961865021291,41.79148825270816],[33.71003703521284,41.79139091670808],[33.71004246821286,41.79138954570806],[33.71005216521284,41.79138653970806],[33.71006147421286,41.79138291370806],[33.71007032621287,41.79137869270805],[33.71007865321284,41.79137391170809],[33.71008857921287,41.79136692470808],[33.71024619621281,41.79124265470796],[33.71045392221279,41.7914506517081],[33.71045812821276,41.79145462470809],[33.71046521821276,41.79146041570807],[33.71047295621278,41.79146572170807],[33.71048128321277,41.79147050270809],[33.71049013521277,41.7914747237081],[33.71049944421277,41.79147834970812],[33.71050914121277,41.79148135570809],[33.71052151521276,41.7914841727081],[33.71052795821278,41.79148536070811],[33.71094995721267,41.79159504970812],[33.71110880121262,41.7916550867082],[33.71118218621261,41.79192961670832],[33.71118461021258,41.79224220270851],[33.71119017721255,41.792960183709],[33.71119066421252,41.792967767709],[33.7111920032125,41.792975294709],[33.71119427521252,41.79298296270901],[33.7111974312125,41.79299045370898],[33.71120144721251,41.79299771070899],[33.71120629421252,41.79300467770905],[33.71121193321251,41.79301130170903],[33.71121832221253,41.793017533709],[33.71122541321253,41.79302332470905],[33.71123315121253,41.79302863070903],[33.71123835621253,41.79303171970905],[33.71148796821247,41.7931716447091],[33.71149994221249,41.79317755770911],[33.71150925221247,41.79318118370914],[33.71151894821248,41.79318418970912],[33.71152895821246,41.79318655170909],[33.71153920521243,41.79318825170906],[33.71154523721246,41.79318892970912],[33.71298709121218,41.79332322370906],[33.71300194921221,41.79332391270905],[33.71301243521221,41.79332356970908],[33.71302284121222,41.79332254470907],[33.71303308821218,41.79332084470909],[33.71304309821219,41.79331848270903],[33.71305115321219,41.79331603870908],[33.71341256121215,41.79319482670898],[33.71342351221212,41.79319063870899],[33.71343236421213,41.79318641770894],[33.71344069121211,41.79318163670895],[33.71344842921214,41.79317633070897],[33.71345552021213,41.79317053970892],[33.71346085821212,41.79316541370895],[33.71346568821215,41.79316001370892],[33.71363402621208,41.7929562597088],[33.7136358862121,41.79295392970876],[33.71364073321212,41.79294696270878],[33.71364474921212,41.7929397057088],[33.7136479052121,41.79293221470874],[33.71365017721212,41.79292454670878],[33.7136510552121,41.79292020170875],[33.71374034021212,41.7923915277084],[33.71387470521212,41.79216637670825],[33.71466779521202,41.79159775170784]]],[[[33.71093647864844,41.77014650169422],[33.71158668558402,41.76972840578674],[33.71199379661952,41.76965802663111],[33.7126460594912,41.76950857492382],[33.7130598029112,41.76945269160041],[33.71361731548539,41.7695170867645],[33.71414111538471,41.76946051587272],[33.71494480115818,41.7695379148355],[33.71561917092592,41.76963065450106],[33.71615667250352,41.76964184590038],[33.71644670706212,41.76952371156456],[33.71652892690442,41.76934870980723],[33.71651414526112,41.7691840068366],[33.71636929230995,41.76896679890899],[33.71610192163825,41.76879397678106],[33.71599607585635,41.76859106597119],[33.71592788830924,41.76828128820714],[33.71578277001637,41.76803984656526],[33.71553595718665,41.76796868027172],[33.71522526823503,41.7679754618103],[33.71449977975601,41.7684443562626],[33.71395379391286,41.76853750830046],[33.71349318105734,41.76889659582465],[33.71335920920009,41.76897877071266],[33.71311237659018,41.76901957211006],[33.71237808629845,41.76834648325369],[33.71192254610468,41.76820112649283],[33.71153909533231,41.76858274759066],[33.71140884025822,41.76873122690343],[33.71122851682083,41.76880315479545],[33.71141945567347,41.76912921430335],[33.7113472212903,41.76916875527461],[33.71098412242451,41.76957121877581],[33.71076156972109,41.76987328479607],[33.71074981718195,41.7699569177379],[33.71093647864844,41.77014650169422]]],[[[33.71257266821857,41.70446454765158],[33.71172088521872,41.70512171065209],[33.71149587221873,41.70546211565235],[33.71144261621872,41.70594260365265],[33.7114412032187,41.70595078465267],[33.71143858121869,41.70595942065268],[33.71124538121868,41.706476629653],[33.71124258321871,41.706483153653],[33.71123857121869,41.70649040965302],[33.7112337322187,41.70649737765301],[33.71122582521871,41.70650635465308],[33.71062556521876,41.70710654965351],[33.71062146021873,41.70711042765349],[33.71061275021877,41.70711741565349],[33.70980898421882,41.70769726665395],[33.70933412921888,41.70809708265427],[33.70932945421892,41.70810080065421],[33.70875959821897,41.70852900965457],[33.708705029219,41.7085700146546],[33.70845275921894,41.70947046765521],[33.70845070921894,41.70947667765525],[33.70844807621896,41.70948276365525],[33.70844320321898,41.70949137565523],[33.70839920121895,41.70955911165526],[33.70794652321899,41.71025596065579],[33.70791961821891,41.7109078326562],[33.7079641472189,41.71132808865643],[33.70854429621871,41.71247069165719],[33.70907456521858,41.7133480256577],[33.70948529921848,41.71390989365808],[33.71043644821827,41.71457007865838],[33.71044683921826,41.71457825565842],[33.71044973021826,41.71458094065839],[33.71116893721808,41.7152755446588],[33.71117320521805,41.71527993365884],[33.71142242321803,41.71555317065898],[33.711427278218,41.71555895265898],[33.71143169521801,41.71556524665898],[33.71143543521803,41.71557178165899],[33.71175833121792,41.71620376165938],[33.71206584421784,41.71656673865959],[33.71239764221776,41.71688353265981],[33.71240265921772,41.71688868865979],[33.71240717521771,41.71689409765978],[33.71241201621773,41.71690106465976],[33.71241602821772,41.71690832165976],[33.71241914021772,41.71691570165977],[33.71242139621774,41.71692325465982],[33.71251043521767,41.71729602666004],[33.71264452621765,41.71753492866016],[33.7128944012176,41.71769707366024],[33.71374255221743,41.71817720766054],[33.71374735321741,41.71818007266053],[33.71375508221743,41.71818537966052],[33.71376216521743,41.71819117066052],[33.71376854721741,41.71819740166056],[33.71377417921742,41.71820402566054],[33.71377541921744,41.71820567466055],[33.71398203721737,41.71848731066071],[33.71408843321733,41.7186323366608],[33.71409256221731,41.71863851466079],[33.7140960462173,41.71864491166077],[33.71409670321733,41.71864630066082],[33.71428831421729,41.71906175466107],[33.7142922692173,41.71907241066106],[33.71436309221725,41.71932162966122],[33.7157361912169,41.7205875876619],[33.71637656921676,41.72107707366219],[33.71638280521675,41.72108222366222],[33.71638918721673,41.72108845466222],[33.71639482021672,41.72109507866222],[33.71639966121674,41.72110204566219],[33.71640367321677,41.72110930266225],[33.71640625821673,41.72111526166221],[33.71640828421673,41.72112134066223],[33.71667045721663,41.7220435286628],[33.7175938852164,41.72338566866363],[33.7175982872164,41.72339281966362],[33.71776911921634,41.72370554666379],[33.7177708252163,41.7237088536638],[33.71777397721634,41.72371634466382],[33.71777624721631,41.72372401366382],[33.71777761521633,41.72373180066385],[33.71777807321634,41.72373964766387],[33.71777741221632,41.72374907066388],[33.71772265621632,41.7241388566641],[33.71784915721629,41.72425925366416],[33.71785423521627,41.72426445966418],[33.71785880221628,41.72426992366415],[33.71786340921626,41.72427651566419],[33.71872688121599,41.72564720866504],[33.71873119921604,41.72565498566497],[33.71891989221596,41.72604753766527],[33.71892295821594,41.72605488766526],[33.71892517421597,41.72606240766524],[33.71892654321593,41.72607019466528],[33.71892700021594,41.72607804166529],[33.71892654321593,41.7260858886653],[33.71892517421598,41.72609367566526],[33.71892362621598,41.72609922366525],[33.71882881821594,41.72639263666547],[33.71882494321594,41.72640224766547],[33.71882093121596,41.72640950366548],[33.71881609021594,41.72641647066548],[33.71881045621596,41.72642309566551],[33.71880407321599,41.7264293266655],[33.71879699021598,41.72643511766552],[33.71878926021598,41.72644042466552],[33.71878094221596,41.72644520566551],[33.71877209921597,41.72644942666555],[33.71876359521597,41.72645277266551],[33.71875476121596,41.72645559866553],[33.71865856721598,41.72648302866553],[33.71816920121605,41.72662257066568],[33.71816755221603,41.7266230306657],[33.71815931921608,41.72662502766568],[33.71815091521606,41.72662657466567],[33.71756517721617,41.72671782066579],[33.71754648921615,41.72679877966587],[33.7177974992161,41.72698607166597],[33.71810679521605,41.72704831466599],[33.71811672021601,41.72705066166596],[33.71812418621602,41.72705291166598],[33.71813143421603,41.72705553166596],[33.71849052121597,41.72719660466604],[33.71849479421596,41.72719836666604],[33.71850363721595,41.72720258766604],[33.71851195621596,41.72720736866606],[33.71851968621595,41.72721267566602],[33.71852677021595,41.72721846666603],[33.71853315221595,41.72722469766608],[33.71853878621592,41.72723132166608],[33.71854362721595,41.72723828966602],[33.71854764021597,41.72724554566606],[33.71855079321593,41.72725303666609],[33.71855306221594,41.72726070566611],[33.71855472921592,41.72727170866611],[33.71856571521591,41.7274315156662],[33.71856587421593,41.72743614666622],[33.71856541721593,41.72744399366618],[33.71856404921589,41.72745178066622],[33.71856177921593,41.72745944966623],[33.7185586262159,41.72746694066623],[33.71855461421593,41.72747419666624],[33.71854977221592,41.72748116366623],[33.71854569021593,41.72748608766624],[33.7185411942159,41.72749080366621],[33.71835398021593,41.72767438466634],[33.71835054221596,41.72767760066636],[33.71834952821595,41.72767849466638],[33.71807237921598,41.72791947466653],[33.71801163121596,41.72831747466685],[33.71801058321594,41.7283228806668],[33.71800875321598,41.72832928466683],[33.71800630721597,41.72833557066679],[33.71791636621599,41.72853886366696],[33.71791522021594,41.72854133366695],[33.71791120821597,41.72854858966694],[33.71790636621594,41.72855555666695],[33.71790073221597,41.72856218166697],[33.71789435021598,41.72856841266696],[33.71788726621598,41.728574203667],[33.71787953521594,41.72857951066698],[33.71787121721597,41.72858429166698],[33.71786237421598,41.72858851266702],[33.71785295321596,41.72859218066701],[33.71723287721605,41.7288081566672],[33.7172233112161,41.72881111966723],[33.71721331121605,41.72881348166719],[33.71720307521607,41.72881518166718],[33.71719267921608,41.72881620666718],[33.71718220421608,41.72881654966723],[33.71717642621608,41.72881644566717],[33.71650479821616,41.72879222766725],[33.71619904221621,41.72914876266749],[33.71611581021622,41.72924581866756],[33.71601871721626,41.72940913566768],[33.71611405621619,41.72956444466776],[33.71638153121615,41.7296130746678],[33.71639429121615,41.72961596466777],[33.71640397821614,41.72961897066782],[33.71641327921616,41.72962259666777],[33.71642133721615,41.72962640866781],[33.71665780221609,41.72974835166783],[33.71666690621612,41.72975354166786],[33.7166746362161,41.72975884866784],[33.71668172021612,41.72976463966791],[33.71668810321607,41.72977087066787],[33.71669373721608,41.72977749566785],[33.71669857921608,41.72978446266789],[33.71670265321607,41.72979184566788],[33.71690068921606,41.73020325566814],[33.71690376621601,41.73021062266813],[33.71690598921604,41.73021816166816],[33.71690735721602,41.73022594866816],[33.71690781521599,41.73023379566812],[33.71690762921602,41.73023880466813],[33.716880663216,41.73060133766842],[33.71687902321601,41.73061196266837],[33.716875584216,41.7306226856684],[33.71651290421598,41.73151004766902],[33.71651092121597,41.73151448366897],[33.716506909216,41.731521739669],[33.71650206721599,41.731528706669],[33.71649796821601,41.73153364866904],[33.71649345221597,41.73153838266907],[33.71633131521602,41.73169719866912],[33.71632791321601,41.73170037866915],[33.71632082921601,41.73170616966915],[33.71631309821603,41.73171147666918],[33.71630477921602,41.73171625766914],[33.71629593621603,41.73172047766914],[33.71628663521599,41.73172410466915],[33.71627694721603,41.73172711066916],[33.716266947216,41.73172947266919],[33.71625671021603,41.73173117266919],[33.71624631421604,41.7317321976692],[33.71623583821604,41.73173254066919],[33.71622784921599,41.73173234166922],[33.7158494362161,41.73171345966921],[33.71583655321609,41.73171229066918],[33.71583584021606,41.73171219466919],[33.71534544721617,41.73164513666923],[33.71527756121621,41.73168717766923],[33.71531488621619,41.73183288666929],[33.71568847321609,41.73236840866962],[33.71569192321605,41.73237378166965],[33.71569489221609,41.73237931366965],[33.71569804521605,41.73238680466969],[33.71570031521609,41.73239447366969],[33.71570168321607,41.73240226066965],[33.71570214121604,41.73241010766966],[33.71570168321605,41.73241795466967],[33.71570031521608,41.73242574166967],[33.71569804521604,41.73243341066971],[33.71569489221608,41.73244090166968],[33.71569087921605,41.73244815766969],[33.71568603721604,41.73245512466967],[33.71568071321607,41.73246141666971],[33.71550174421611,41.7326547226698],[33.71549505021606,41.73266128666987],[33.71548796621607,41.73266707766985],[33.71548023521608,41.73267238466982],[33.71547291721612,41.73267663566985],[33.71442108221626,41.73324037467032],[33.71441123921623,41.7332451246703],[33.71440193821625,41.73324875167032],[33.7143922502162,41.7332517576703],[33.71438225021623,41.73325411967033],[33.71437201221621,41.73325581967032],[33.71436161621623,41.73325684467033],[33.71435114021624,41.73325718767035],[33.71434360521622,41.73325701067034],[33.71399049721633,41.73324039667034],[33.71375120621636,41.73325759967037],[33.71372500021633,41.73333971267042],[33.71377019321631,41.7334704996705],[33.71395124821631,41.73364769667062],[33.71417487221627,41.73366199367064],[33.71418552221625,41.73366303567059],[33.71419576021626,41.73366473567062],[33.71420576021622,41.73366709767059],[33.71421544821621,41.73367010367058],[33.71422475021623,41.73367373067061],[33.71423359321621,41.7336779506706],[33.71424191221623,41.73368273167063],[33.7142490572162,41.7336876026706],[33.71477700821612,41.73407765867085],[33.71478467921612,41.73408388667079],[33.71479106321608,41.73409011767085],[33.71479669721613,41.73409674267083],[33.71480153921607,41.73410370967083],[33.71480555221609,41.73411096567083],[33.71480842521613,41.73411768767086],[33.71481058621612,41.73412455667086],[33.71486627121605,41.73433883367101],[33.71516044821597,41.73468003567122],[33.71516357021599,41.73468386367122],[33.715168412216,41.7346908306712],[33.71517242521602,41.73469808667121],[33.71517557821599,41.73470557767124],[33.715177848216,41.73471324667119],[33.71517921721599,41.73472103367122],[33.71517967421597,41.73472888067124],[33.715179639216,41.73473105467119],[33.71517232321599,41.73495797867133],[33.71517176621597,41.73496473367136],[33.71517053221601,41.73497143867139],[33.71516975121596,41.73497445667137],[33.71497745021598,41.73565465267186],[33.71506420221588,41.73615662567217],[33.71521443921586,41.73639366567231],[33.71521880521583,41.73640148367229],[33.71522195821587,41.73640897467232],[33.71522422821585,41.73641664367234],[33.71522559721585,41.73642443067235],[33.71522605421587,41.73643227767231],[33.71522605021584,41.73643303867232],[33.71521830621585,41.7371193886728],[33.71525442421578,41.73739115067292],[33.71556130321571,41.73759856567307],[33.71556728721574,41.73760290067303],[33.71557285521571,41.73760753567309],[33.71557923621572,41.73761376267306],[33.7155848682157,41.73762038267309],[33.71581632021568,41.73792057267322],[33.71629532421558,41.73815148667339],[33.71630753521556,41.73815822467335],[33.71631526621555,41.7381635316734],[33.71632235121555,41.73816932267337],[33.71632873521557,41.73817555367335],[33.71633437021553,41.7381821786734],[33.71633908921555,41.73818894867338],[33.71639472621553,41.73827775367344],[33.71639886221551,41.73828520667346],[33.71640201621553,41.7382926976734],[33.7164042852155,41.73830036667342],[33.71640565421553,41.73830815367347],[33.71640611221551,41.73831600067347],[33.71640565421552,41.73832384767345],[33.71640428621554,41.73833163467347],[33.71640073421555,41.7383426296735],[33.71629566821555,41.73859679367368],[33.71629379721554,41.73860095867365],[33.71628978421551,41.73860821467362],[33.71628494121552,41.73861518167371],[33.71628293921555,41.73861768467366],[33.71602638421553,41.73892691567388],[33.71594163421556,41.73912081167401],[33.71595414421552,41.73915276867405],[33.71618368521549,41.73921422667409],[33.71643304721543,41.73921831567403],[33.71690782221539,41.73916460067399],[33.71691677421538,41.73916384367395],[33.71692577721537,41.73916359067398],[33.71693625421536,41.739163933674],[33.7169466512154,41.73916495867393],[33.71695688921535,41.73916665867399],[33.71696689121537,41.73916902067395],[33.71697610521535,41.73917186167399],[33.71719568121531,41.73924768067397],[33.71720545821533,41.73925147267401],[33.71721430221528,41.73925569267399],[33.71722262221529,41.73926047367402],[33.71723035421532,41.73926578067403],[33.71723743921532,41.739271571674],[33.71724382321533,41.73927780267399],[33.71724945721531,41.73928442767402],[33.71725561721532,41.73929358567403],[33.71739250221528,41.73952970767417],[33.71739519821525,41.73953477267416],[33.71739835221528,41.73954226367415],[33.71740062221525,41.73954993267419],[33.71740195621523,41.73955742667418],[33.71740244521524,41.73956497767419],[33.71740631721524,41.7400085476745],[33.71742715021525,41.74002018067449],[33.71769393121519,41.7400647406745],[33.71817901721506,41.74006884567445],[33.7181888122151,41.74006922867444],[33.71819853321509,41.74007020767446],[33.71820877221508,41.74007190767446],[33.71821877421508,41.74007426967446],[33.71822846221506,41.74007727567444],[33.71823776421509,41.74008090267447],[33.7182449392151,41.74008426267447],[33.71825178021503,41.74008799167448],[33.71841905321506,41.7401861116745],[33.71842220221507,41.74018802367451],[33.71842993421504,41.74019333067449],[33.71843701921505,41.74019912167452],[33.71844340321504,41.74020535267453],[33.71844903821502,41.74021197767456],[33.71845388021504,41.74021894467454],[33.71845789421504,41.74022620067456],[33.71846104721502,41.74023369167451],[33.71846331721505,41.74024136067454],[33.71846412021503,41.74024527267455],[33.71847691221503,41.74031823467458],[33.71847767921504,41.7403240826746],[33.71847793521501,41.74032995667461],[33.71847747821499,41.74033780367461],[33.71847610921505,41.74034559067459],[33.71847374221501,41.7403535286746],[33.71815815421503,41.74122482667517],[33.71815509721499,41.74123204767521],[33.71815108421503,41.74123930367522],[33.71814624221503,41.74124627067522],[33.71813978821502,41.7412537596752],[33.71797306421505,41.74142769767533],[33.71796749921506,41.74143306367537],[33.71796041421502,41.74143885467536],[33.71795268221504,41.74144416167533],[33.71794436221503,41.74144894267539],[33.71793551721506,41.74145316267537],[33.71793438621504,41.74145364567539],[33.71753941421512,41.74162019067553],[33.71738608221509,41.74173088167561],[33.71737353221509,41.74188848067573],[33.71744371721508,41.74222330067592],[33.71744480821507,41.74223026167591],[33.71744517221509,41.74223726467592],[33.7174447152151,41.74224511167594],[33.71744334621508,41.74225289867592],[33.71744143821507,41.7422595296759],[33.71720403121508,41.74295618767638],[33.71720051521509,41.74296471567641],[33.71719650221506,41.74297197167642],[33.71719165921506,41.74297893867641],[33.71718832121506,41.74298301567645],[33.71703242821508,41.74316250267653],[33.71698179021507,41.74339651567672],[33.71712577021501,41.74403155267711],[33.71719735221496,41.74434727267731],[33.71719862421499,41.74435478167732],[33.71719904921497,41.74436234467731],[33.71719897821498,41.74436544267734],[33.71718639921494,41.74463904467751],[33.71718581521496,41.7446453356775],[33.71718464421495,41.74465158067753],[33.71718254821496,41.74465875667751],[33.71717967921493,41.74466578067753],[33.71710571821494,41.74482349967761],[33.71710526021495,41.74482445967763],[33.71710124621492,41.74483171567763],[33.71709640321494,41.74483868267762],[33.71709076821496,41.74484530767768],[33.71708438421496,41.74485153867767],[33.71707729821496,41.74485732967764],[33.71706956621494,41.74486263667769],[33.71706637221496,41.74486457467766],[33.71664770221502,41.74510989967787],[33.71653874321503,41.74525663567795],[33.71634657321499,41.74578648067832],[33.71634352621496,41.7457936746783],[33.716339513215,41.74580093067831],[33.71633467021501,41.74580789767832],[33.71632903521503,41.74581452267834],[33.71632265021503,41.74582075367832],[33.71631556521498,41.74582654467833],[33.71630783221502,41.74583185167836],[33.71630425921499,41.74583401067834],[33.71593884921509,41.74604636867847],[33.71593220821504,41.7460499636785],[33.71592525621507,41.7460532106785],[33.71591595321506,41.74605683767851],[33.71590626321505,41.74605984367852],[33.71589601721507,41.74606225467853],[33.71554166621512,41.74613276367863],[33.7155316712151,41.74613441467861],[33.71552127321513,41.74613543967864],[33.71551079521516,41.74613578267857],[33.71550031721512,41.74613543967865],[33.71548991921515,41.74613441467862],[33.71547967921516,41.74613271467863],[33.71546967721515,41.74613035267859],[33.71546219621513,41.74612809767862],[33.71545493521514,41.74612547367859],[33.71489116521526,41.74590392867848],[33.71467003921532,41.74591293467856],[33.71455059021532,41.74596419267858],[33.71445393721532,41.74612180067866],[33.71445756821531,41.74627295167878],[33.71460517121523,41.74658182967895],[33.71460818821527,41.74658909867897],[33.71461037521522,41.74659653267894],[33.71461174421525,41.74660431967897],[33.71461220121523,41.74661216667899],[33.71461174421524,41.74662001367902],[33.71461037521522,41.74662780067902],[33.71460810521524,41.74663546967899],[33.71460495121522,41.74664296067899],[33.71460093721527,41.74665021667902],[33.71459595821523,41.74665736067902],[33.71449723221526,41.74678409067909],[33.71449171421524,41.74679052967908],[33.71448548621527,41.74679659367913],[33.71447840021524,41.74680238467913],[33.71447066721528,41.74680769167912],[33.71446234621524,41.74681247267913],[33.71445330321524,41.74681677867913],[33.71410680721528,41.74696528267924],[33.71409769321532,41.74696881067928],[33.71408821021534,41.74697174467924],[33.71407657321534,41.74697442467924],[33.71340748321541,41.7471011716794],[33.71339887921539,41.74710255267942],[33.71338848021544,41.74710357767936],[33.71337800221536,41.74710392067941],[33.71336821321543,41.74710362167938],[33.71246551721562,41.74704838967945],[33.71213201521562,41.74711147867949],[33.71191493721566,41.74721219167957],[33.7116170762157,41.74754362767982],[33.71160982621569,41.74755087867981],[33.71138283721572,41.74775556267996],[33.71137555521569,41.74776152867996],[33.71136782221575,41.74776683467997],[33.7113595012157,41.74777161667996],[33.71135065621571,41.74777583667999],[33.71134334421575,41.74777875168002],[33.71104557621575,41.74788776268007],[33.71103389521575,41.74789148068009],[33.71102389221576,41.74789384268011],[33.71101365221576,41.74789554268012],[33.7110032532158,41.74789656768013],[33.71099277521576,41.74789691068008],[33.71098229721579,41.74789656768012],[33.71097189821578,41.74789554268011],[33.71095983721577,41.7478934656801],[33.71038160721592,41.74777010868011],[33.7102798542159,41.74782979368015],[33.71023231321586,41.74804935768027],[33.71020109521585,41.74850714268059],[33.71019942521589,41.74851818468058],[33.71019715521584,41.74852585368062],[33.71019400121588,41.74853334468057],[33.71018998721588,41.74854060068056],[33.71018514421588,41.7485475676806],[33.71018383221588,41.74854922868062],[33.70994482721588,41.74884443768084],[33.70993976021592,41.74885018868078],[33.70993412021589,41.74885563268079],[33.7099270342159,41.74886142368084],[33.70991930121588,41.74886672968083],[33.7099176002159,41.74886777968079],[33.70944417321594,41.74915436168104],[33.70943664721594,41.74915856368105],[33.70942870721596,41.74916231368107],[33.70941940421595,41.74916594068104],[33.70940971321596,41.74916894668108],[33.70939971021595,41.74917130868106],[33.70938947021595,41.74917300868103],[33.70938014521595,41.74917395968103],[33.70937074821595,41.74917436168109],[33.70887402521608,41.74918102968115],[33.70875104321605,41.74921353868115],[33.70875908221607,41.74925576268113],[33.70904830621603,41.74941139668124],[33.70905542921602,41.74941554168123],[33.70906316221598,41.74942084868125],[33.70907024821602,41.74942663968126],[33.70907663321603,41.74943287068124],[33.70908226921599,41.74943949568127],[33.709087648216,41.74944733468125],[33.70911224921601,41.74948796968131],[33.70917726521599,41.74959535968134],[33.70918074321598,41.74960174268136],[33.70918389721593,41.74960923368139],[33.70918616721598,41.74961690268135],[33.70918753621599,41.74962468968138],[33.70918799421599,41.74963253668137],[33.70918776021595,41.7496381526814],[33.70916829421597,41.74987140568153],[33.70916670221593,41.74988142368156],[33.70916486921593,41.74988783368156],[33.70916241821593,41.74989412668155],[33.70899037321593,41.75028267568182],[33.70898923221594,41.75028513268185],[33.70898521821593,41.75029238868184],[33.70898037521593,41.7502993556818],[33.70897474021594,41.75030598068182],[33.70896835521595,41.75031221168185],[33.70896769921595,41.75031279168186],[33.70863459221597,41.75060502468205],[33.70862780221599,41.75061050268205],[33.70862042921597,41.75061554068203],[33.70861237321601,41.75062018268207],[33.70832898621603,41.75076963168217],[33.70831987421604,41.75077399068218],[33.70831057121603,41.7507776176822],[33.70830088021604,41.75078062368218],[33.70828687521607,41.75078373368221],[33.7074150102162,41.75093487368232],[33.70740877321622,41.75093582568238],[33.70739837421618,41.75093685068234],[33.70738789521616,41.75093719368238],[33.70737741621619,41.75093685068234],[33.70736701721619,41.75093582568238],[33.70735716621616,41.75093420268239],[33.70734753021621,41.75093196768238],[33.70690140321626,41.75081289668231],[33.70670864721631,41.75082682368232],[33.70649774021633,41.7510417066825],[33.70647600421632,41.75136474768272],[33.70644764821629,41.75192635968309],[33.70663592821621,41.75218529868324],[33.70684941421617,41.75234305168331],[33.70692457221617,41.75236038968334],[33.70709773821613,41.75223526168321],[33.70710320121616,41.75223154968325],[33.70747107021612,41.75199658268303],[33.70747181221611,41.75199611368301],[33.70748013321611,41.75199133168307],[33.70748897921607,41.75198711168301],[33.70749634121609,41.75198417868304],[33.7075039562161,41.75198163568304],[33.70794140321601,41.7518489456829],[33.70794542121602,41.7518477886829],[33.70795542421603,41.75184542668292],[33.70796566521601,41.75184372668289],[33.70797606421602,41.75184270168292],[33.70798654321599,41.75184235868289],[33.70799702221603,41.7518427016829],[33.70800742121603,41.75184372668288],[33.70801766221601,41.75184542668292],[33.70802766521602,41.7518477886829],[33.708037356216,41.75185079468287],[33.70804665921602,41.75185442168289],[33.70805550621602,41.75185864168288],[33.708063827216,41.75186342368291],[33.70807148121601,41.7518686706829],[33.70807850321599,41.75187439168294],[33.70839191821592,41.75215303268305],[33.70889692521581,41.75235739668317],[33.70902821321577,41.75240758168323],[33.70962312821571,41.75215693568295],[33.70963167421572,41.75215366368301],[33.70964054121573,41.75215091368295],[33.71039569921557,41.75194269668276],[33.71086671321551,41.75181348468265],[33.71087683421551,41.75181108968268],[33.7108870752155,41.75180938968263],[33.71089747421554,41.75180836468267],[33.71090795321548,41.75180802168266],[33.7109184322155,41.75180836468267],[33.71092883121553,41.75180938968262],[33.71093907221552,41.75181108968268],[33.71094907521551,41.75181345168263],[33.71095876621549,41.75181645768262],[33.71096806921551,41.75182008468266],[33.71097691621552,41.75182430468264],[33.71098523721553,41.75182908668267],[33.7109929712155,41.75183439268265],[33.71100005721551,41.75184018368264],[33.71100780221551,41.75184790068263],[33.71116401021543,41.75202227968276],[33.71116828621545,41.75202741868274],[33.71117312921545,41.7520343856828],[33.71117714321544,41.75204164168276],[33.71118029721547,41.75204913268279],[33.71118256821544,41.75205680168279],[33.71118393721547,41.75206458868279],[33.71118439421545,41.75207243568282],[33.71118431121543,41.75207577768278],[33.71117877221544,41.75218745068284],[33.71117818221543,41.75219361968289],[33.71117702821541,41.75219974268288],[33.71117475821544,41.75220741168289],[33.71117160421542,41.75221490268292],[33.71116759021541,41.75222215868291],[33.71116274621543,41.75222912568292],[33.71115852121543,41.7522342076829],[33.71115385421543,41.75223906868293],[33.71025346821553,41.75311390968356],[33.70987272021553,41.75378594968399],[33.70985356021556,41.75396298468414],[33.70990450121553,41.75401374268414],[33.71026624121546,41.75408047068414],[33.71027860621545,41.75408328668416],[33.71028829621547,41.75408629268414],[33.71029760121546,41.75408991968415],[33.71030394521544,41.75409286268418],[33.71064984021539,41.75426466568428],[33.71066066421541,41.75427072468425],[33.71066839821539,41.75427603068429],[33.71067548421539,41.75428182168425],[33.71068187021536,41.7542880526843],[33.7106875062154,41.75429467768426],[33.7106923492154,41.75430164468425],[33.71069636321534,41.75430890068425],[33.71069798421539,41.7543124666843],[33.71073683321539,41.75440415368435],[33.71073899221533,41.75440990268433],[33.71074063721534,41.75441574768433],[33.71074200621537,41.75442353468434],[33.71074246421535,41.75443138168433],[33.71074200621536,41.75443922868434],[33.71074063721534,41.75444701568436],[33.71073836721534,41.7544546846844],[33.71073521321534,41.75446217568436],[33.71073119821533,41.75446943168437],[33.71072635521534,41.75447639868435],[33.71072071921537,41.75448302368439],[33.71071433421538,41.75448925468437],[33.71070724721534,41.75449504568442],[33.71069951321534,41.75450035168439],[33.71068813021538,41.75450668668439],[33.70997422721545,41.75485699768471],[33.70985446521548,41.75506563168482],[33.70984812921545,41.75507509368483],[33.70984439821546,41.75507961968484],[33.70959196621546,41.75536644568508],[33.70958367621547,41.75537477568503],[33.70957536821545,41.75538146768503],[33.70890458521556,41.75586961868542],[33.70865162021557,41.75620104368566],[33.70818654721559,41.75721730568636],[33.70830810321555,41.75764585668659],[33.70862477121546,41.75798621168683],[33.70906778321537,41.75815194968688],[33.70907416121539,41.75815451868688],[33.70908300921539,41.75815873868687],[33.70909133121538,41.75816352068688],[33.70909931021539,41.75816901068687],[33.70959280821526,41.75854065668709],[33.7099248132152,41.75869243268716],[33.7099323262152,41.75869616368716],[33.70993944521518,41.75870030668717],[33.70994718021518,41.75870561268718],[33.70995426721522,41.75871140368716],[33.70996065321521,41.7587176346872],[33.70996628921517,41.75872425968716],[33.70997113321517,41.75873122668716],[33.70997514721517,41.75873848268716],[33.7099777992152,41.75874461168721],[33.71014327821511,41.75917958368748],[33.71048321121503,41.75959974468768],[33.710484500215,41.75960137668772],[33.71048934421504,41.75960834368771],[33.71049335921506,41.75961559968771],[33.71049629121502,41.75962247868774],[33.71049847821504,41.75962951168772],[33.710510460215,41.75967650968776],[33.71065173921494,41.7602306466881],[33.71065204521495,41.76023189468809],[33.71065298921497,41.76023726268812],[33.71065341421498,41.76023968168811],[33.71065387221493,41.76024752868813],[33.71065295721495,41.76025861268811],[33.71041196021502,41.76025049968816],[33.71031152121507,41.75985654368787],[33.71026630421505,41.75967918668776],[33.70992921121516,41.75926253568753],[33.70992792221514,41.75926090368753],[33.70992307821516,41.75925393668754],[33.70991906421513,41.75924668068754],[33.70991641321515,41.75924055168748],[33.7097593822152,41.75882778368726],[33.70945510721531,41.7586886846872],[33.70944759321529,41.75868495368723],[33.70944047521526,41.75868081068722],[33.70943249621529,41.75867532068717],[33.70894266421536,41.75830643568698],[33.7084898762155,41.75813704168697],[33.70848349921546,41.75813447268693],[33.70847465121547,41.75813025268697],[33.70846632921549,41.75812547068692],[33.70845859521549,41.75812016468694],[33.7084515082155,41.75811437368688],[33.70844495821549,41.7581079656869],[33.70809687421558,41.75773384368669],[33.70809140321558,41.75772739568667],[33.70808655921557,41.75772042868668],[33.70808254521558,41.75771317268668],[33.70807994821558,41.75770718868669],[33.70807791721558,41.75770108368669],[33.70794440221562,41.75723036868636],[33.70794360621562,41.75722729868637],[33.70794223721568,41.75721951168634],[33.70794177921562,41.75721166468637],[33.70794223721568,41.75720381768633],[33.70794360621562,41.75719603068637],[33.70794558721566,41.75718918668633],[33.70794827221562,41.75718247868634],[33.70842782121565,41.75613459468568],[33.70842857921564,41.75613298668561],[33.70843248321563,41.75612590968564],[33.70843717521563,41.75611910568564],[33.70861643821561,41.75588424368544],[33.70870435021559,41.7557690646854],[33.70871011721559,41.75576226868535],[33.70871650321559,41.75575603768536],[33.7087248112156,41.75574934468536],[33.7093983722155,41.75525917368496],[33.70963773921549,41.75498719368481],[33.70976758721552,41.75476099168464],[33.70977392421552,41.75475152868464],[33.70977956021549,41.7547449036846],[33.70978594521549,41.75473867268465],[33.70979303221552,41.75473288168464],[33.70980076521546,41.7547275756846],[33.70981215021547,41.75472123968463],[33.71047710221539,41.75439494968433],[33.71018843321547,41.75425156968428],[33.70987831521552,41.75419436468429],[33.70980536821555,41.75418090868426],[33.70979300421551,41.75417809268427],[33.70978331421556,41.75417508668427],[33.70977400921557,41.75417145968425],[33.70976516321554,41.75416723968425],[33.70975684121558,41.75416245768423],[33.70974910721556,41.75415715168425],[33.70974202121553,41.75415136068425],[33.70973800821557,41.75414757768426],[33.70963391121556,41.75404385368419],[33.70962590321556,41.75403478068419],[33.70962105921557,41.7540278136842],[33.70961704521557,41.75402055768419],[33.70961389121557,41.75401306668417],[33.70961162121557,41.75400539768415],[33.70961025221556,41.75399761068418],[33.70960979421557,41.75398976368415],[33.70961018721555,41.75398249068419],[33.70963460121557,41.75375690668401],[33.70963603521557,41.75374854568397],[33.70963830521562,41.75374087668401],[33.70964146021562,41.753733385684],[33.70964375821558,41.75372901568399],[33.70976307021557,41.75351842568384],[33.71003812621557,41.75303294068349],[33.71004468521557,41.75302308668351],[33.71004891121561,41.75301800368347],[33.71005357821557,41.75301314268347],[33.71023328721557,41.7528385336834],[33.71093989921549,41.75215197168288],[33.71094256121549,41.7520983106828],[33.71086068421549,41.75200690968279],[33.71047860221556,41.75211172568287],[33.70973265721567,41.75231740268306],[33.70908993221578,41.75258819268327],[33.70908118321577,41.75259153368332],[33.70907209921577,41.75259432968331],[33.70906209521577,41.75259669168327],[33.70905185421579,41.7525983916833],[33.70904145521578,41.7525994166833],[33.70903097621574,41.75259975968329],[33.70902049721579,41.75259941668328],[33.70901009821577,41.75259839168331],[33.70899985721579,41.75259669168328],[33.70898985321581,41.75259432968331],[33.70897631121578,41.75258991568332],[33.70878637021583,41.75251731068327],[33.70878387321581,41.75251632768325],[33.70825750421592,41.75230331968316],[33.70825455021596,41.75230208368316],[33.70824570421595,41.75229786368317],[33.70823738221596,41.75229308168315],[33.70822972821595,41.75228783468315],[33.70822270721592,41.75228211368317],[33.70795080021603,41.75204037568303],[33.70761229621606,41.75214305368314],[33.70726206121613,41.75236675768327],[33.70704048221612,41.7525268686834],[33.70703427821613,41.75253104968341],[33.70702595721615,41.75253583168345],[33.70701711021614,41.75254005168343],[33.70700780621613,41.75254367868345],[33.70699811621611,41.75254668468344],[33.70698811221614,41.75254904668342],[33.70697787121616,41.75255074668348],[33.70696747221614,41.75255177168342],[33.70695699321613,41.75255211468345],[33.70694651421615,41.75255177168344],[33.70693611521614,41.75255074668348],[33.70692159421618,41.75254812368347],[33.70682148321619,41.75252502868344],[33.70675050221618,41.75250865368339],[33.70674477921617,41.75250721468344],[33.70673508921615,41.75250420868342],[33.70672578521614,41.75250058168344],[33.70671693921619,41.75249636168345],[33.70670861721617,41.75249157968342],[33.70670145121617,41.75248669568341],[33.70645437921625,41.75230412468333],[33.70644672621625,41.7522979116833],[33.70644034021623,41.75229168068332],[33.70643470521627,41.7522850556833],[33.70643323521624,41.7522830936833],[33.70622065821629,41.75199073868312],[33.7062166582163,41.75198471168314],[33.70621327121631,41.75197847868313],[33.7062101172163,41.75197098768315],[33.70620784621632,41.75196331868312],[33.70620647721631,41.75195553168309],[33.70620602021631,41.75194768468309],[33.70620610621631,41.75194428268307],[33.70623574221636,41.75135735068273],[33.70623580821635,41.75135622168274],[33.70625939921636,41.75100564068249],[33.70626107321634,41.75099453768251],[33.70626334321639,41.7509868686825],[33.70626649821639,41.75097937768246],[33.70627051121637,41.75097212168245],[33.70627535521633,41.75096515468245],[33.70628260021635,41.75095684968244],[33.70654672321635,41.75068774968224],[33.70655149921637,41.75068319868229],[33.70655858521636,41.75067740768225],[33.70656631821637,41.75067210068227],[33.70657463921635,41.75066731968229],[33.70658348621637,41.75066309968223],[33.70659278921631,41.75065947268227],[33.70660248021633,41.75065646668222],[33.70661248321633,41.75065410468223],[33.70662272321631,41.75065240468226],[33.70663205421631,41.75065145368226],[33.70682148321632,41.7506377666822],[33.70690498221627,41.75063173368222],[33.70691652921627,41.75063131668217],[33.70692700821629,41.75063165968219],[33.70693740721632,41.75063268468222],[33.70694725921625,41.75063430768222],[33.70695689421628,41.75063654268222],[33.70739508821623,41.75075349668223],[33.70820974621605,41.75061227268205],[33.70846153221606,41.75047949068198],[33.708769536216,41.75020928268178],[33.70884436621602,41.75004028668168],[33.70892927621601,41.74984852768154],[33.70894590321601,41.74964929568139],[33.70889324921601,41.74956232368133],[33.70888191021599,41.74954359468135],[33.70857713621609,41.74937959068126],[33.7085700132161,41.74937544568129],[33.70856228021609,41.74937013968123],[33.7085551942161,41.74936434868123],[33.70854880921609,41.74935811768125],[33.70854317321607,41.74935149268124],[33.70853833021607,41.74934452568122],[33.70853431621612,41.74933726968123],[33.7085311622161,41.7493297786812],[33.70852889221607,41.74932210968127],[33.70852827021612,41.74931918468124],[33.7084990862161,41.74916590768111],[33.70849818321612,41.74915956868114],[33.7084978822161,41.74915319868114],[33.7084983402161,41.74914535168112],[33.70849970921611,41.74913756468109],[33.7085019792161,41.74912989568107],[33.70850513321611,41.7491224046811],[33.70850914721613,41.74911514868111],[33.70851399021612,41.74910818168113],[33.70851962521608,41.74910155668108],[33.7085260102161,41.74909532568109],[33.70853309621614,41.74908953468106],[33.70854082921611,41.74908422768107],[33.70854915021609,41.7490794466811],[33.70855799621611,41.74907522668109],[33.7085673002161,41.74907159968107],[33.70857699021611,41.74906859368105],[33.70857809221612,41.74906829768104],[33.7088123632161,41.749006370681],[33.70882183021609,41.749004192681],[33.70883150521609,41.749002604681],[33.70884083121607,41.74900165368101],[33.70885022721606,41.74900125168101],[33.70932513821601,41.74899487568096],[33.70975010421592,41.74873762868073],[33.70996250121588,41.74847528568058],[33.70999251221595,41.74803523168026],[33.70999390521594,41.74802541268025],[33.71005003021597,41.74776621468009],[33.71005030621594,41.74776499168012],[33.71005257621592,41.74775732268011],[33.71005573021594,41.74774983168009],[33.71005974421596,41.74774257568007],[33.71006458721596,41.74773560868007],[33.71007022221591,41.7477289836801],[33.71007660721595,41.74772275268006],[33.71008369321598,41.74771696168008],[33.71009142621593,41.74771165468008],[33.71009457121593,41.74770974568003],[33.71028153421594,41.74760007767995],[33.71028837821592,41.74759634667995],[33.71029555521592,41.74759298567997],[33.71030485921591,41.74758935867996],[33.71031454921593,41.74758635267995],[33.71032455121594,41.74758399067995],[33.71033479121592,41.74758229067996],[33.71034519021594,41.74758126567993],[33.71035566821592,41.74758092268],[33.71036614621588,41.74758126567993],[33.71037654521591,41.74758229067995],[33.7103886072159,41.74758436767998],[33.7109813842158,41.74771082867999],[33.71121454921576,41.74762546867991],[33.71142098021572,41.7474393226798],[33.71172989921572,41.74709558367955],[33.71173754121573,41.74708798167955],[33.7117446272157,41.74708219067951],[33.71175235921574,41.74707688367953],[33.71175916021571,41.7470729126795],[33.71176632321568,41.74706931767948],[33.71202121121568,41.74695106267943],[33.71202441421568,41.74694962767945],[33.7120337172157,41.74694600067942],[33.71204340721564,41.74694299467942],[33.71205508221564,41.74694030667942],[33.71242597621559,41.74687014367933],[33.71243454321559,41.74686876967935],[33.71244494221562,41.74686774467934],[33.71245542021559,41.74686740167931],[33.71246521121562,41.74686770067935],[33.71318209821546,41.74691156467927],[33.71336788421544,41.74692293167928],[33.71400165521531,41.74680287667915],[33.7143057562153,41.74667254267908],[33.71435991721528,41.74660301867899],[33.71422452721536,41.74631969767884],[33.71422151021532,41.7463124286788],[33.71421932421536,41.74630499467879],[33.71421805421532,41.74629801367885],[33.7142175172153,41.7462909796788],[33.71421303821534,41.74610450667871],[33.71421301921538,41.74610288767866],[33.71421347621538,41.74609504067869],[33.71421484521533,41.74608725367868],[33.71421711521536,41.74607958467869],[33.71422026921532,41.74607209367866],[33.71422399021538,41.74606531167866],[33.71434815921536,41.74586283467853],[33.71435329521533,41.74585539367855],[33.7143589302153,41.74584876867851],[33.71436531521532,41.74584253767852],[33.71437240021536,41.74583674667846],[33.71438013321534,41.7458314396785],[33.7143884542153,41.7458266586785],[33.71439747021537,41.74582236567851],[33.71457525421529,41.74574607367841],[33.71458439421531,41.74574253167841],[33.71459390621529,41.74573958767846],[33.7146039082153,41.7457372256784],[33.71461414821528,41.74573552567842],[33.71462849621533,41.74573429067842],[33.71491117221526,41.74572277767837],[33.71491770121527,41.74572264467835],[33.71492817921525,41.74572298767837],[33.71493857721527,41.74572401267838],[33.71494881721527,41.74572571267839],[33.71495881921521,41.74572807467842],[33.71496630021524,41.74573032967837],[33.71497356221522,41.74573295467836],[33.71552518621515,41.74594972567851],[33.71567307821509,41.74592029767847],[33.71581070821511,41.74589291167845],[33.71612507921507,41.74571021567827],[33.71631054621506,41.74519885667796],[33.71631359321507,41.74519166267793],[33.71631720121506,41.74518506367791],[33.71632149621507,41.74517869867791],[33.71644939121504,41.74500646167782],[33.71645034421503,41.74500520267776],[33.71645597921506,41.74499857767781],[33.71646236421506,41.74499234667776],[33.71646945021504,41.74498655567779],[33.71647718221501,41.7449812486778],[33.71648037721506,41.74497930967777],[33.71689051421501,41.74473898567758],[33.71694673521498,41.7446190946775],[33.71695826221501,41.74436839067734],[33.71674140921508,41.74341193167674],[33.71674013821512,41.74340442267672],[33.71673971321511,41.74339685967675],[33.71674010121509,41.74338963467672],[33.71674126121511,41.74338245567672],[33.71679915221511,41.74311493467655],[33.71679943021512,41.74311370467657],[33.71680170021509,41.74310603567657],[33.71680485321512,41.74309854467652],[33.71680886721515,41.74309128867653],[33.71681370921509,41.74308432167651],[33.71681704821513,41.74308024467656],[33.71697596921511,41.74289727167638],[33.71720236321509,41.74223293767596],[33.71713399721514,41.74190679867576],[33.71713290721513,41.7418998376757],[33.71713254321516,41.74189283467577],[33.71713275621513,41.74188747467571],[33.71714887321517,41.74168508367561],[33.71715048621516,41.74167480967557],[33.71715275621515,41.74166714067556],[33.71715591021516,41.7416596496756],[33.71715992321519,41.74165239367557],[33.71716476621517,41.74164542667556],[33.71717040121516,41.74163880167554],[33.71717678521517,41.74163257067556],[33.71718544821513,41.74162561967555],[33.71738362221515,41.74148255767545],[33.71738977621511,41.74147841067538],[33.7173980962151,41.74147362967542],[33.71740694121512,41.74146940967544],[33.71740807221512,41.74146892667544],[33.71779326321507,41.74130650567528],[33.71793180421508,41.74116197267521],[33.71803589221508,41.74087460367496],[33.71823540021507,41.7403237936746],[33.71823213921505,41.7403051936746],[33.71813559021508,41.74024855967453],[33.71767866221516,41.74024469267459],[33.71766886621519,41.74024430967463],[33.71765914621515,41.74024333067465],[33.71765385521519,41.74024253967458],[33.7173497372152,41.74019174367458],[33.71734219221524,41.74019028967463],[33.71733478821522,41.74018847267463],[33.71732510021523,41.74018546667458],[33.71731579721524,41.74018183967461],[33.71730405021526,41.74017604867459],[33.71721464721527,41.74012612567456],[33.71720923021526,41.74012291567456],[33.71720149821523,41.74011760867459],[33.71719441321524,41.74011181767452],[33.71718802921528,41.74010558667456],[33.71718239421525,41.74009896167458],[33.71717755221524,41.74009199467453],[33.7171735392153,41.74008473867452],[33.71717038521528,41.74007724767456],[33.71716811521528,41.74006957867454],[33.71716678121523,41.74006208467456],[33.7171662922153,41.74005453267453],[33.71716219221532,41.73958455267426],[33.71705336121532,41.73939682267407],[33.71690813921539,41.73934667767407],[33.71645872221544,41.73939752367416],[33.71644977021546,41.73939828067417],[33.71644076821546,41.73939853367417],[33.71643813721541,41.73939851167417],[33.71615893721551,41.73939393267419],[33.71614978221546,41.73939352067418],[33.71614069521549,41.73939258667415],[33.71613079021547,41.7393909536742],[33.71612110521549,41.73938870067415],[33.71581555421554,41.73930689167412],[33.71581490421552,41.73930671567417],[33.71580521521557,41.73930370967413],[33.71579591321555,41.73930008267417],[33.71578706921558,41.73929586267411],[33.71577874921558,41.73929108167413],[33.71577101721553,41.73928577467417],[33.71576393221556,41.73927998367412],[33.71575754821559,41.73927375267414],[33.71575191421555,41.73926712767412],[33.71574707121555,41.73926016067411],[33.71574305821559,41.73925290467409],[33.71574066421555,41.73924744067413],[33.71570043621558,41.73914467167406],[33.71569740721561,41.73913497567401],[33.71569603821558,41.73912718867406],[33.7156955812156,41.73911934167405],[33.71569603821558,41.73911149467404],[33.71569740721562,41.73910370767403],[33.71569918421557,41.739097463674],[33.7157015472156,41.73909132967398],[33.71573298921555,41.73901939367396],[33.71580240121558,41.73886059067389],[33.71580368521558,41.73885780867386],[33.71580769821561,41.73885055267385],[33.71581254021562,41.73884358567386],[33.71581454321558,41.73884108167383],[33.71607057921555,41.73853247767364],[33.71615730521558,41.73832268067346],[33.71613613421555,41.73828888867349],[33.71566172421566,41.73806018967334],[33.71564951421564,41.73805345167337],[33.71564178321568,41.73804814467331],[33.71563469821567,41.73804235367335],[33.71562831821569,41.73803612667337],[33.71562268621567,41.73802950667333],[33.71538616021575,41.73772273467317],[33.71505887921582,41.73750152967303],[33.71505289521583,41.737497194673],[33.71504732721582,41.73749255967304],[33.71504094321581,41.73748632867304],[33.71503530821581,41.73747970367302],[33.71503046621582,41.73747273667301],[33.7150264532158,41.737465480673],[33.71502330021584,41.73745798967298],[33.71502103021579,41.73745032067304],[33.71501979521585,41.73744360467299],[33.71497843621587,41.73713239567276],[33.71497784521585,41.73712347767277],[33.71497784921586,41.73712271667282],[33.71498541721591,41.73645220167235],[33.71483885121594,41.73622095467221],[33.71483448521596,41.73621313667219],[33.71483133221594,41.73620564567222],[33.71482906221596,41.7361979766722],[33.71482823121592,41.73619390067223],[33.71473640621601,41.73566256067188],[33.71473566021601,41.73565679367187],[33.71473541121601,41.73565100267189],[33.71473586921601,41.73564315567187],[33.71473723721599,41.73563536867186],[33.71473801921601,41.73563235067186],[33.714932260216,41.73494530067141],[33.71493841321603,41.73475442967124],[33.71465174121608,41.73442193067108],[33.71464861921614,41.73441810367108],[33.71464377721613,41.73441113667103],[33.71463976521608,41.73440388067107],[33.71463689121614,41.73439715867105],[33.71463473021614,41.73439028967106],[33.7145817202161,41.73418630167089],[33.71411116021622,41.73383864567074],[33.71387786621627,41.73382373067074],[33.71386721621629,41.73382268867073],[33.71385697821629,41.73382098867075],[33.71384697721626,41.73381862667071],[33.71383729021628,41.73381562067073],[33.71382798821631,41.73381199367071],[33.71381914521627,41.73380777367073],[33.71381082521631,41.73380299267074],[33.71380309421627,41.73379768567069],[33.71379601021626,41.73379189467074],[33.71379263721631,41.73378874267073],[33.71356448321635,41.7335654486706],[33.71355995121635,41.73356070167061],[33.71355583921636,41.73355574467061],[33.71355099721635,41.73354877767056],[33.71354698421634,41.73354152167055],[33.71354357021634,41.7335332876706],[33.7134847752164,41.73336313767048],[33.71348276721637,41.73335621167048],[33.71348139821641,41.73334842467045],[33.7134809412164,41.73334057767046],[33.71348139821641,41.73333273067045],[33.71348276721637,41.73332494367044],[33.71348423521636,41.73331964367042],[33.7135373592164,41.73315318667034],[33.71354131421642,41.73314332667029],[33.71354532721639,41.73313607067033],[33.7135501682164,41.73312910367028],[33.71355580321637,41.7331224786703],[33.7135621862164,41.73311624767033],[33.7135692702164,41.73311045667029],[33.71357700121637,41.73310514967029],[33.7135853202164,41.73310036867027],[33.71359416421637,41.73309614867026],[33.71360346521635,41.73309252167024],[33.71361315321639,41.73308951567026],[33.71362315321637,41.73308715367028],[33.71363339121638,41.73308545367029],[33.71364278021638,41.73308449767028],[33.71397702921633,41.73306046767021],[33.7139885132163,41.73306005567019],[33.71399604921628,41.73306023267021],[33.71431598521626,41.73307528567022],[33.7153160832161,41.73253927466976],[33.71544174821612,41.73240354466967],[33.7150936462162,41.73190455166937],[33.7150901952162,41.73189917966941],[33.7150872272162,41.7318936476694],[33.71508431121625,41.73188680966939],[33.7150821322162,41.73187982066934],[33.71502806021621,41.73166873566924],[33.71502773321626,41.73166740266923],[33.71502636421626,41.73165961566922],[33.71502590721624,41.7316517686692],[33.71502636421625,41.73164392166925],[33.71502773321626,41.73163613466923],[33.71503000221618,41.73162846566921],[33.71503315521623,41.73162097466919],[33.71503716821623,41.73161371866917],[33.71504201021626,41.73160675166918],[33.71504764421625,41.73160012666922],[33.71505402721622,41.73159389566915],[33.71506111121622,41.73158810466917],[33.71506884221626,41.73158279766921],[33.71506951621623,41.73158237766919],[33.71523540121621,41.73147964766907],[33.7152434062162,41.73147509866909],[33.71525189021624,41.73147106566912],[33.71526119021622,41.7314674396691],[33.71527087821618,41.7314644336691],[33.71528087821622,41.73146207166906],[33.71529111521619,41.73146037166908],[33.71530151121619,41.73145934666906],[33.71531198721618,41.73145900366909],[33.71532246321619,41.73145934666904],[33.71533285921622,41.73146037166908],[33.71533357221619,41.73146046766907],[33.71587225621609,41.73153412866909],[33.71617951621602,41.73154946066909],[33.71628937221602,41.73144185566898],[33.71664146021602,41.73058041266842],[33.71666625421605,41.73024709166819],[33.71648968321612,41.72988026866796],[33.71630329021615,41.72978414766794],[33.71600081721619,41.72972915466792],[33.71598805821623,41.72972626466789],[33.71597837121619,41.72972325866791],[33.7159690702162,41.72971963166789],[33.71596022721622,41.7297154116679],[33.71595190821621,41.72971063066792],[33.71594417821621,41.72970532366787],[33.71593709421622,41.72969953266788],[33.71593071121625,41.72969330166792],[33.71592507721619,41.72968667666786],[33.71591996721624,41.72967927566786],[33.71577759321628,41.72944734766772],[33.71577384921625,41.72944052566772],[33.71577069621628,41.72943303466769],[33.7157684272163,41.72942536566774],[33.71576705821627,41.72941757866773],[33.71576660121627,41.72940973166769],[33.71576705821627,41.72940188466769],[33.7157684272163,41.72939409766768],[33.71577069621628,41.7293864286677],[33.71577384921626,41.72937893766768],[33.71577699721628,41.72937310366772],[33.71589994621627,41.72916629466756],[33.71590565321628,41.72915790466754],[33.71590861921625,41.72915425966754],[33.71599679821627,41.72905143566747],[33.71634009121619,41.72865113266717],[33.71634442121623,41.72864641966714],[33.71634914121621,41.72864192266714],[33.71635622521621,41.72863613166715],[33.7163639562162,41.72863082466715],[33.71637227421622,41.72862604366714],[33.71638111721621,41.72862182266715],[33.71639041821618,41.72861819666712],[33.71640010521624,41.72861519066716],[33.7164101052162,41.72861282866716],[33.71642034121619,41.72861112866713],[33.71643073721622,41.72861010366714],[33.71644121221618,41.72860976066716],[33.71644699121625,41.72860986466712],[33.71715839221611,41.72863551666712],[33.71770452521601,41.72844529666689],[33.71775576121601,41.72832948966684],[33.71777422221596,41.72828776366681],[33.71783776221604,41.72787147966653],[33.71783881021604,41.72786607366652],[33.71784107921604,41.72785840466652],[33.71784423221601,41.72785091366655],[33.717848245216,41.72784365766653],[33.71785308621604,41.7278366896665],[33.71785872021604,41.72783006566652],[33.71786510321599,41.72782383466652],[33.71786611721601,41.72782294066647],[33.71816511721596,41.72756296066634],[33.71832338921598,41.72740776066617],[33.71831819721598,41.72733223366615],[33.71803158121605,41.72721963266607],[33.71770420021608,41.72715374966608],[33.71769427521612,41.72715140266606],[33.71768458821612,41.72714839666605],[33.71767528821609,41.72714477066608],[33.7176664452161,41.72714054966605],[33.71765812621608,41.72713576866608],[33.71765056621611,41.72713058866604],[33.71733260021616,41.72689333866594],[33.71732534821618,41.72688742066593],[33.71731896521617,41.72688118966595],[33.71731333221617,41.7268745646659],[33.71730849021621,41.72686759766589],[33.71730447821618,41.72686034166588],[33.71730132521621,41.72685285066594],[33.71729905621621,41.72684518166594],[33.7172976872162,41.72683739466589],[33.7172972302162,41.72682954766589],[33.71729767021621,41.72682184866589],[33.71729898721621,41.72681420566592],[33.71734228321622,41.72662665066575],[33.7173445862162,41.72661883566574],[33.71734773921621,41.72661134466577],[33.71735175221618,41.72660408866568],[33.71735659321621,41.72659712066572],[33.7173622272162,41.72659049666574],[33.71736860921617,41.72658426566574],[33.71737569321618,41.72657847466569],[33.71738342321622,41.72657316766571],[33.71739174121619,41.72656838666575],[33.71740058421619,41.72656416566569],[33.71740988421617,41.72656053966574],[33.71741957121621,41.72655753366571],[33.7174278052162,41.72655553666571],[33.71743620921619,41.72655398966569],[33.71809262421606,41.72645173366558],[33.71861008821603,41.72630417866544],[33.71868151821601,41.72608312166533],[33.71850705721604,41.72572017466509],[33.71765185521631,41.72436260566424],[33.71750359021635,41.72422149366417],[33.71749851221632,41.72421628766421],[33.71749394521638,41.72421082266418],[33.71748910421636,41.72420385566417],[33.71748509121634,41.72419659966417],[33.71748193921635,41.72418910866413],[33.71747966921637,41.72418143966412],[33.71747830121635,41.72417365266416],[33.71747784421636,41.72416580566414],[33.71747850421637,41.72415638166417],[33.71753520521638,41.72375276866389],[33.71737782921643,41.72346467066373],[33.71644944521668,41.72211532066291],[33.71644617021669,41.72211016466287],[33.71644333721669,41.72210486366286],[33.71644075221668,41.72209890466284],[33.71643872621667,41.72209282566284],[33.71618047921681,41.72118443766232],[33.7155606312169,41.72071064366202],[33.7155543962169,41.72070549366204],[33.71555319121693,41.72070440166203],[33.71415831721729,41.71941836466131],[33.71415260121726,41.71941264366132],[33.71414750821728,41.71940660166132],[33.71414266721726,41.71939963466125],[33.71413865521729,41.71939237866125],[33.71413606821725,41.71938641666127],[33.71413404221725,41.71938033366126],[33.7140587352173,41.71911532866113],[33.71387288421733,41.71871235866082],[33.71357717021741,41.7183092766606],[33.71274631521759,41.71783893166038],[33.71274151521759,41.71783606766034],[33.71274008621764,41.71783515466041],[33.71246596121767,41.71765727466026],[33.71245900021767,41.7176523816603],[33.71245257921771,41.71764708966027],[33.71244619721767,41.71764085866028],[33.71244056421769,41.71763423366025],[33.71243386121767,41.71762411866023],[33.71228372321774,41.71735662266008],[33.71228157321773,41.71735251466009],[33.71227846121774,41.7173451346601],[33.71227620621771,41.71733758166009],[33.71219009121778,41.71697705365986],[33.71187306821788,41.71667436465965],[33.71186614921783,41.71666703365968],[33.71154896521793,41.71629264065944],[33.71154635221792,41.71628940765945],[33.71154193521793,41.71628311365945],[33.7115381952179,41.71627657865945],[33.71152651921793,41.71625372565944],[33.71121603421803,41.71564603565903],[33.71097682821809,41.7153837756589],[33.71026589721829,41.7146971616585],[33.70930764021847,41.71403204165816],[33.70929725021847,41.71402386465812],[33.70929086921849,41.71401763365815],[33.70928523621848,41.71401100965814],[33.70928391121851,41.71400924365814],[33.70886159921862,41.71343153365779],[33.70885752821857,41.71342542565778],[33.70832384921874,41.71254244565728],[33.70832100121879,41.71253731865726],[33.70773342221896,41.71138007265657],[33.70773281621895,41.7113788516565],[33.70772966421897,41.71137136065656],[33.70772739521892,41.71136369165651],[33.70772594621896,41.7113551836565],[33.70767953421898,41.71091713965627],[33.70767915721897,41.71091001365624],[33.707679215219,41.71090723065623],[33.70770712321904,41.71023111465576],[33.70770769921903,41.71022466465574],[33.70770889121905,41.71021826265576],[33.70771116021903,41.71021059465577],[33.70771431221901,41.71020310365577],[33.70771918521903,41.71019449165575],[33.70822063021899,41.70942257465518],[33.708477178219,41.70850686465457],[33.70847922821903,41.70850065465458],[33.70848186121904,41.70849456865457],[33.70848587221903,41.70848731165458],[33.708490712219,41.70848034465456],[33.70849634421901,41.70847372065455],[33.70850272521901,41.70846748865459],[33.70850968921902,41.70846178665457],[33.70915688821896,41.70797545965415],[33.70963256721888,41.70757495165388],[33.7096389892189,41.70756994665388],[33.71043909621876,41.70699273665341],[33.71102004321871,41.70641185565303],[33.71120409421873,41.70591914465262],[33.71125830221875,41.70543008965231],[33.71125971521876,41.70542190765231],[33.71126198321876,41.70541423965233],[33.71126513521874,41.7054067486523],[33.71127037521875,41.70539757765232],[33.71151392121872,41.70502913665201],[33.71151753321872,41.70502408365202],[33.71152316421874,41.70501745965203],[33.71152954521873,41.70501122765207],[33.71153540021871,41.70500636965203],[33.71238249321863,41.70435282765154],[33.71245352221863,41.70420770365141],[33.71274822034034,41.70298730122892],[33.71351065841023,41.70272406457874],[33.71259531121859,41.70443996865156],[33.71259053421859,41.70444683465155],[33.71258490321862,41.70445345865159],[33.71257852221862,41.70445969065157],[33.71257266821857,41.70446454765158]]]]}},{"type":"Feature","properties":{"id":"malazgirt-tour","name":"Malazgirt Meydan Muharebesi Tarihî Millî Parkı","source":"T.C. Tarım ve Orman Bakanlığı DKMP Ekotaban CBS","source_url":"https://ekotaban.tarimorman.gov.tr/alan/38","source_record_ids":["2871"]},"geometry":{"type":"Polygon","coordinates":[[[42.52512128297959,39.14112247081472],[42.52484885595558,39.14143897909015],[42.52460073674036,39.14178941661209],[42.52415388680209,39.14185511876035],[42.52371060901321,39.14180975898352],[42.52321138634535,39.1416241632373],[42.52270563836469,39.14133464413026],[42.52208741558922,39.14119510841902],[42.52185086206835,39.14120721776548],[42.52139781997425,39.1419785170669],[42.52091607505405,39.14220831741677],[42.52057091973373,39.14246729455095],[42.52059004332992,39.14268089593264],[42.52086858044639,39.14301461939924],[42.52108685979528,39.14337046214758],[42.5205867840673,39.14353766563016],[42.52041036264199,39.14364649160249],[42.52022231979949,39.1440466172838],[42.51997977110358,39.14451028746314],[42.51949942857939,39.14457815522177],[42.51907611259608,39.14475909476488],[42.51869887551889,39.14499601416593],[42.5184356093245,39.14524137444879],[42.51820178493491,39.14514879335212],[42.51811676963763,39.14497867711921],[42.51810189091389,39.14459832374612],[42.51813032418461,39.14403694366734],[42.51800661429152,39.14399974105695],[42.51776653168461,39.14403382251436],[42.51750708761486,39.144264924956],[42.51729244308802,39.14448610044715],[42.51713106889556,39.14446132653816],[42.5171794806291,39.14416701988414],[42.51703889168026,39.14391422270524],[42.51670633600694,39.1438218638886],[42.5166076247822,39.14380171166307],[42.51631412959697,39.1438016891794],[42.51614124356735,39.14367485031439],[42.51612675686502,39.14342165973349],[42.51600290546266,39.1433337622505],[42.5154655255424,39.14325099279876],[42.51500675506652,39.14330511707873],[42.51471242110075,39.14359588691411],[42.5143682748955,39.14398135385383],[42.51389180317688,39.14429100394208],[42.51337620355253,39.14444991768386],[42.51300297312066,39.14473731699071],[42.5118041975944,39.14486751737947],[42.51108275911974,39.14510379661818],[42.51070245018022,39.14537973450273],[42.51054633445209,39.14589228649108],[42.51037291477054,39.14593149475964],[42.50994616099884,39.14595123893336],[42.50927413937889,39.14599804575842],[42.50889863477384,39.14623890668864],[42.50862194352698,39.14626497996598],[42.50818718836253,39.14643172599877],[42.50748414315054,39.14640988913705],[42.50667193348602,39.14644492053987],[42.50574944928252,39.14631554572263],[42.50523898470585,39.14617536476398],[42.50467357764602,39.14611948244063],[42.50426641291946,39.14619955141347],[42.50398304616484,39.14611295123236],[42.50259817953349,39.14615333342412],[42.5002381808392,39.14491640408582],[42.50105968853077,39.14375812123845],[42.50176775815581,39.14367798115238],[42.50175427939202,39.14288607639859],[42.50393364770554,39.14259814787766],[42.50386510449987,39.14177455765235],[42.50415544664615,39.14166972885627],[42.50346035494839,39.13994813134197],[42.50026803628701,39.14080730449044],[42.4999335625392,39.14059011456801],[42.50205824336364,39.13879911523178],[42.50057537320053,39.13755473821714],[42.50102598982024,39.13711552909152],[42.50085435046722,39.13679261486863],[42.50221399418295,39.1357859683122],[42.50236517680084,39.13555249786947],[42.50492890420575,39.13226694385878],[42.50663515060676,39.13253214811005],[42.50851697493724,39.13272591528597],[42.50896815998112,39.13284378202057],[42.5095909405269,39.13297846275592],[42.51198084347318,39.13359018688495],[42.51349339786652,39.13412143243538],[42.51495113247164,39.13487349961271],[42.51710495025063,39.13570775592658],[42.51932741406512,39.13617893076473],[42.52211760645881,39.13891786418749],[42.52247745207912,39.13945476440161],[42.52247813539057,39.13946991433146],[42.52264068326204,39.13974302505355],[42.52289389333041,39.13990518764933],[42.52345641901341,39.14010568054341],[42.52377214833339,39.1400691434594],[42.52430125736172,39.14002945267372],[42.52474151532365,39.1401456104415],[42.52489961972496,39.14027706067292],[42.52507860690216,39.14047252821212],[42.52534075824915,39.14091921625359],[42.52512128297959,39.14112247081472]]]}},{"type":"Feature","properties":{"id":"sakarya-tour","name":"Sakarya Meydan Muharebesi Tarihî Millî Parkı","source":"T.C. Tarım ve Orman Bakanlığı DKMP Ekotaban CBS","source_url":"https://ekotaban.tarimorman.gov.tr/alan/38","source_record_ids":["38"]},"geometry":{"type":"MultiPolygon","coordinates":[[[[32.46312281600013,39.22703165300005],[32.46304304800009,39.22711589100003],[32.46296015300003,39.22718885600019],[32.46289684400006,39.22723043700011],[32.46281298700011,39.22728148000018],[32.46277189100012,39.22730040700002],[32.46271189700015,39.22731560800013],[32.46260789900006,39.227377475],[32.46250891300018,39.22741768500013],[32.46242969600014,39.22746367100007],[32.46235099900014,39.22751068700008],[32.4622548180001,39.22754013400008],[32.46217633500004,39.22758704400008],[32.46211852300009,39.22760759600014],[32.46202160800011,39.2276515380001],[32.46194435000011,39.22768374200005],[32.46188395000014,39.22774782900012],[32.4618452040001,39.22777170000005],[32.46178690600003,39.22783973200016],[32.46171249300006,39.22787700600009],[32.46163584400016,39.22792538400018],[32.46157789000016,39.22796045600004],[32.46153929200017,39.22798381500014],[32.46146218600002,39.22803047900004],[32.46142303800014,39.22806839200006],[32.46133024800014,39.22810141100008],[32.46123720100015,39.22814927200004],[32.4611626140001,39.22819937100019],[32.46110679000007,39.22823686800017],[32.46101461600012,39.22826962300008],[32.46093884900016,39.22831656900013],[32.46087985900004,39.22834787800012],[32.46081982500011,39.2283925520001],[32.46077841100004,39.22844013400008],[32.46071952400001,39.22847138000003],[32.46062340500016,39.22851159100008],[32.46060501800012,39.2285089660001],[32.45972468000014,39.22837979000008],[32.45962598000017,39.22832969200006],[32.459476114,39.22826113600006],[32.45932933400012,39.22817912100011],[32.45915770900007,39.22812208800006],[32.45904079800003,39.22806089500012],[32.45897191700009,39.22803152400009],[32.45887540900014,39.227959974],[32.4587666820001,39.22786037200012],[32.45868228100014,39.22781679400003],[32.45859790500008,39.2277732270001],[32.45853239600005,39.22773008500008],[32.45845132100002,39.22767269300009],[32.45838367900014,39.22763339900008],[32.45829080200021,39.22761368700004],[32.45822147000011,39.22757808800002],[32.45812906800013,39.22755850900012],[32.45802056600019,39.22752659600015],[32.4578928000001,39.22749657400003],[32.45773362500019,39.22744069300012],[32.45763510400008,39.22738280300013],[32.45755054800003,39.227349339],[32.45748509600013,39.22731469200009],[32.45741958400003,39.22728001200006],[32.4573540150002,39.22724530300015],[32.45725555200012,39.22719317900003],[32.45716784000018,39.22717354500004],[32.45701312300009,39.22712854000015],[32.45698236700002,39.22710513100009],[32.45688307100012,39.22706533000008],[32.45674900100006,39.22701716100005],[32.456680091,39.22700069500009],[32.45653979300018,39.22697443800019],[32.45646947500019,39.22696142900008],[32.45638146100002,39.22694514600005],[32.45627432600016,39.22693463700018],[32.45612953700017,39.22692903700003],[32.45603964100012,39.226921406],[32.45594632600019,39.2269302640001],[32.45585908900013,39.22690689200012],[32.45576497600005,39.22691806900001],[32.45570912100015,39.22692138200004],[32.45557345100011,39.22695740800003],[32.4555001,39.22695526000017],[32.45536558200006,39.22698479600013],[32.45526902700015,39.22700816600015],[32.45516698200014,39.22706309800002],[32.45507041100006,39.22708648000003],[32.45498889100007,39.22713037700002],[32.45490786100016,39.227175419],[32.45484286600013,39.22723592200016],[32.45472497000002,39.22727571700018],[32.45462912600004,39.22729403500006],[32.45454884400015,39.22732914900013],[32.45441018300015,39.22737984900004],[32.45434691900011,39.22742983900007],[32.45426595200001,39.22747388300019],[32.45418694000006,39.22751047000014],[32.45410584300003,39.22756269000018],[32.45404518100013,39.22760175200006],[32.45398247000001,39.22765634900002],[32.45392215000005,39.22769341200017],[32.45385997400019,39.22773391300008],[32.45379987800005,39.22776095900012],[32.45372176900003,39.22778357800011],[32.45360342899998,39.22782527800009],[32.45354129500004,39.2278720560002],[32.45347924700006,39.22791876700007],[32.45341728600017,39.2279654140001],[32.45335541100012,39.22801199600003],[32.4533155200001,39.22803396299997],[32.45321362800019,39.22809746500007],[32.45313155200019,39.22814795900017],[32.45304947300019,39.22819845600003],[32.45298742500005,39.22823957600004],[32.45292538600012,39.22828075400008],[32.45288168200006,39.22832746000007],[32.45280199600006,39.22836860100016],[32.4527242410001,39.22839668500016],[32.45264650000018,39.22842476500017],[32.45253464400012,39.22843492300013],[32.45244446200013,39.22842172700012],[32.45237586300006,39.22838483400018],[32.45229086200005,39.22833204000001],[32.45222379799998,39.22828179800017],[32.45217474400004,39.22823412400015],[32.45214552499998,39.22817578400007],[32.45209910200013,39.22811961700018],[32.45206516600017,39.22810407600017],[32.44846754200006,39.22734326500005],[32.44708092600008,39.22683975100012],[32.44390265300014,39.22463645300007],[32.4417018330001,39.22369895100012],[32.440561139,39.22430537200014],[32.44003268300004,39.2235092590001],[32.43999555500012,39.22345894000013],[32.43997074500002,39.22342531500006],[32.43991781100009,39.22337060500013],[32.43985591700012,39.22328542300004],[32.43978702500009,39.22322579700002],[32.43965059400012,39.22309373100016],[32.43960626900009,39.22306779500013],[32.43957759500019,39.22304627100016],[32.43951272000002,39.22296072700015],[32.43951094900019,39.22289298800018],[32.439509175,39.22282513000005],[32.43948871900011,39.22276523900016],[32.43948692100012,39.22269713200009],[32.43950101300009,39.2226335650001],[32.43949649200016,39.22251726200015],[32.43952622300002,39.22241710000002],[32.43956464000008,39.2222876830001],[32.43959036900001,39.222201005],[32.43961619499999,39.22211400500008],[32.4396774230001,39.222023195],[32.43973009000014,39.22196137800016],[32.43976359700015,39.22189810000008],[32.43979316800016,39.22184894899997],[32.43984918100012,39.22177360100017],[32.43986135700005,39.22173067400006],[32.43988549300009,39.22164493400012],[32.43990484199997,39.22157421600014],[32.43989516900017,39.2214797610002],[32.43984679100009,39.22139174600011],[32.43977584300005,39.22131515200017],[32.43976243300006,39.2212968820001],[32.43972213000016,39.22124196800011],[32.43968460600006,39.22117370700009],[32.43962292600015,39.22111917500002],[32.43954326499999,39.22106103800012],[32.43941602500013,39.22096499100009],[32.43936856900012,39.22092716600004],[32.43930622800021,39.22087208600012],[32.4392320280001,39.22078593800003],[32.4391762270002,39.22070226300018],[32.43911848600013,39.22063017800013],[32.43910704800011,39.2205984910001],[32.43903983000018,39.22049100100004],[32.4390184830001,39.22042476700012],[32.43901536000011,39.22036188000015],[32.43901466500018,39.22027681900015],[32.43899051200002,39.220214214],[32.4389851880001,39.22015422900012],[32.43895542500007,39.22004061400003],[32.43894008300004,39.21994532300002],[32.43890327400011,39.21985992600003],[32.43883026000007,39.21976555000005],[32.43876035500004,39.21965617000007],[32.43871621500018,39.21959909200011],[32.43867196500004,39.21954187000017],[32.43859457200011,39.21946090400007],[32.43854663900014,39.21941807400004],[32.43844708900006,39.2193469270001],[32.43839885699999,39.21930384700006],[32.43831538000011,39.21925712800003],[32.43823203000017,39.21920924900007],[32.43811003399999,39.21914597500015],[32.43805324900017,39.21913454800004],[32.43792054100006,39.21910784000015],[32.43776851399999,39.21907724400013],[32.43768592200007,39.21909169300017],[32.43754287400014,39.21910955600005],[32.43742194499997,39.21911637100006],[32.43732632200017,39.21909721300007],[32.43722740600014,39.21909294800011],[32.43709457800002,39.21906241900002],[32.43698247600014,39.21903102800019],[32.43685120200011,39.21899426500006],[32.43676017400001,39.21895289900004],[32.43670969700003,39.21890695500015],[32.43664016800003,39.21885557300014],[32.43656738400005,39.21881914500016],[32.43646844600006,39.21871127200019],[32.43639848100002,39.21865835700017],[32.43633742200004,39.21855930300013],[32.43630529100018,39.218517221],[32.43629371800019,39.2183752110002],[32.43628580000005,39.21831636200005],[32.43628886100002,39.2182049470001],[32.43630564300001,39.21812255000016],[32.43632497400014,39.2180261790001],[32.43634759600021,39.21791340400004],[32.43637029300005,39.21780025800011],[32.43635724000013,39.21776245300006],[32.43632783100009,39.21770292400009],[32.43627872500007,39.21763779200018],[32.43619977700013,39.21751244300004],[32.43618006500009,39.21750693500015],[32.43511943900011,39.21708743700005],[32.43508393500021,39.21702543000015],[32.43502715200002,39.21697391000016],[32.43498750800011,39.2169250360002],[32.43493047599998,39.21687327700011],[32.43487330600005,39.21682139200017],[32.4348026530002,39.21675294900007],[32.43472777100003,39.21669796000003],[32.43463126900021,39.21665370600009],[32.43450355600003,39.21658995200013],[32.43442006300012,39.21656203400018],[32.43425917400003,39.21648959700014],[32.43415567400018,39.21647045400003],[32.43405553400009,39.21643774500013],[32.43395515100002,39.21640495900005],[32.43385452500009,39.21637209200009],[32.43373988900015,39.21632215400007],[32.43365620700018,39.21629230500012],[32.4336037200002,39.21628266300004],[32.43348104600016,39.21626012900014],[32.43337670900012,39.21623952800011],[32.43327329800019,39.21621745000009],[32.4331523020001,39.2161916180001],[32.43306926100014,39.21615909800005],[32.43293607200019,39.21611229500017],[32.43285826800015,39.21606240500012],[32.4327801530002,39.21601231600017],[32.43273590500006,39.21597093500003],[32.43268132600009,39.21589680400001],[32.43264229800003,39.21583804800014],[32.43259200500006,39.21575643900007],[32.43257077600014,39.21570037900007],[32.43253734700018,39.21561350500015],[32.43251377500015,39.21556020900014],[32.43252096100018,39.21545465200004],[32.43250420300007,39.21537215000013],[32.43252152999999,39.21530006200004],[32.43251139800002,39.21526580300012],[32.43249880900014,39.21516686500013],[32.43248541500007,39.2150776240001],[32.43247498800001,39.21497402600004],[32.43247308200005,39.2149076140001],[32.43247626100008,39.21482363400003],[32.43247627000016,39.21475352100002],[32.43245884500003,39.21467756400001],[32.43245446000015,39.21462316700007],[32.43243248000009,39.21449179600011],[32.43240595200017,39.21437591600012],[32.43237827900016,39.21426968200008],[32.43237130799999,39.21416277300018],[32.43237614500015,39.21408062400002],[32.43238660000002,39.21397893800012],[32.43240275200007,39.21385731700013],[32.43243097300009,39.21376092000003],[32.43246515900007,39.21365300900009],[32.43249354400019,39.21356446200012],[32.43252930600011,39.21345289500004],[32.43257100100008,39.21332083400002],[32.43258010300011,39.21322680200008],[32.43257795200002,39.21310304800015],[32.43259403000015,39.21298514200015],[32.43259900900012,39.21289717500007],[32.43262593000007,39.21280001000014],[32.43265842800012,39.21268272000002],[32.43267475600003,39.2126237880001],[32.43270498200005,39.21251054800017],[32.43271977400008,39.21245446400012],[32.43272452000007,39.21235622300007],[32.43328995400014,39.21220457500015],[32.43337985400014,39.21219457600012],[32.43347448600014,39.21215703200006],[32.43354052700001,39.21215645200013],[32.4336970250002,39.21211230700015],[32.43385241700007,39.21210298400018],[32.43394403700017,39.21207768800001],[32.43405666799998,39.21205796399997],[32.43412227900018,39.21205878600004],[32.43421101000016,39.21204212100002],[32.4343227970001,39.21199838900016],[32.43443253700007,39.21198142600004],[32.43452133300018,39.21196911800013],[32.434607599,39.21197555900007],[32.4347613270001,39.21196342400003],[32.43485229200014,39.21193243800013],[32.4349614580001,39.21192648100004],[32.43504709700016,39.21193294000018],[32.4351798170001,39.21190331800017],[32.43526849500017,39.21188048400008],[32.43531285800005,39.21186906100013],[32.43540464100005,39.21182365300005],[32.43552041900007,39.21176109800011],[32.43560949400005,39.21173814200001],[32.43574322600012,39.21170367600016],[32.4358106370001,39.21168707000006],[32.43589920500012,39.21167051100021],[32.43605687400014,39.21162147800015],[32.4361908310001,39.21158798300014],[32.43634411100016,39.21156990700008],[32.4364552,39.21154787100017],[32.43658174500012,39.21155875900019],[32.43671061300011,39.21155529700007],[32.43694464000005,39.2115585040001],[32.43709664100011,39.21154158200009],[32.43719985199998,39.21155895200013],[32.43728858500013,39.21153894300015],[32.43741841100008,39.21152663100001],[32.43752769400017,39.21151047100012],[32.4376130950002,39.21150817100013],[32.43766087200016,39.21148044500011],[32.43779066800006,39.21146813800005],[32.43792390900013,39.21143810000004],[32.43798880200011,39.21143195000009],[32.43813900600007,39.21142351100019],[32.43842359799999,39.21138106200012],[32.43850921100005,39.21137760100011],[32.43865996300013,39.21136697599999],[32.43868426400006,39.2113524020001],[32.43876595699999,39.21136721900013],[32.43885544100011,39.21134548300013],[32.438941006,39.21134202400009],[32.43905061600004,39.21132495000008],[32.43913541300002,39.21132366700009],[32.43926472500004,39.21131215000013],[32.43939844500012,39.21128144200007],[32.43948313900017,39.21128017000012],[32.43958781000004,39.21128337900011],[32.43963693600007,39.211253941],[32.43971696699997,39.21127187800016],[32.43987069100015,39.21124566300003],[32.43999573700017,39.21125176200009],[32.44010546600011,39.21123426000008],[32.44026009400011,39.21120589200002],[32.44034012900006,39.21122272900008],[32.44049511100009,39.21119357600007],[32.44059000700015,39.21116053700014],[32.44073967400014,39.21116019700007],[32.4408281410001,39.21115013300007],[32.44095752000006,39.21114654800006],[32.44106655100013,39.21113971600001],[32.44121647400014,39.21113937100011],[32.44135925500017,39.21116207500007],[32.4414000220001,39.21116855700008],[32.44148152000009,39.21118151600012],[32.44165164300001,39.21118462600005],[32.44176977200012,39.21121140500003],[32.44184839300015,39.21122922800003],[32.44198572800001,39.21126036200005],[32.44212274300007,39.2112914230001],[32.44225944100003,39.21132241099998],[32.44234571300005,39.21131650200009],[32.4424663120002,39.21132722600014],[32.4425858340001,39.21133938200007],[32.44271756800004,39.21137677800017],[32.44289404500017,39.21140275000015],[32.44295760500008,39.21139730100015],[32.44310340400015,39.21139163700003],[32.44321170800004,39.21137551400006],[32.4433013430001,39.21135415100013],[32.44340968000012,39.21133802300004],[32.44351734000015,39.21132290100002],[32.44362255700003,39.21131134800002],[32.44372770600013,39.21129980300007],[32.44380779500004,39.21130230200004],[32.44390665200019,39.21130954100015],[32.44404902200006,39.21130771400009],[32.44417304900009,39.21130027200019],[32.44430176800019,39.21128626200011],[32.44441131400001,39.21126811400001],[32.44451403100008,39.21126938200011],[32.44466180800016,39.21125962400002],[32.44478304700012,39.21126566400017],[32.4448543160001,39.21123933600011],[32.44497546300005,39.21124538500004],[32.44507753600003,39.21124716100019],[32.44516060199998,39.21124467100014],[32.44530773800012,39.21123542599998],[32.44542919000003,39.21124066800005],[32.44550561900007,39.21125661900005],[32.44562011300011,39.21128051100011],[32.44571538200005,39.21130039300012],[32.44582953600013,39.21132421600001],[32.44590553700011,39.21134007600013],[32.44600042600008,39.21135987700004],[32.44607624500004,39.21137569900016],[32.44617090400008,39.21139545200007],[32.44626543600015,39.21141518000015],[32.44641642800018,39.21144668900011],[32.44649180200001,39.21146241900006],[32.44660344000006,39.21148736900016],[32.44673262800008,39.21151727700015],[32.44682244500012,39.21154103500017],[32.44713795100012,39.21155797000005],[32.44870013900004,39.21134891000014],[32.44882080300011,39.21128664100006],[32.44931547200007,39.20982466500004],[32.45429806800003,39.21066424400016],[32.4556602500001,39.20960774700008],[32.45633690900006,39.20886120400018],[32.45613232200007,39.20840348100008],[32.45720856500007,39.20853135699998],[32.45833752900008,39.20868888500007],[32.45913297900011,39.20855664100016],[32.45868999600015,39.20799409400001],[32.45864812200004,39.20794678400001],[32.45861456400014,39.20790886800004],[32.45846195300003,39.20771532300017],[32.46048770900013,39.20709725900019],[32.46163822,39.20684854800007],[32.46374279400011,39.20676918200014],[32.46385607900009,39.20645010800016],[32.46520394500011,39.20648744400005],[32.46600336700014,39.2065643350001],[32.46704189600018,39.20657596000011],[32.46798001600018,39.20695925100012],[32.46833817000016,39.2074454360001],[32.46864319100006,39.20750497600003],[32.46871108600012,39.20691035600007],[32.46899372900016,39.20616691900011],[32.46902274600012,39.20613194400018],[32.46910368300018,39.20607267600003],[32.46915143400014,39.20603412700012],[32.46922846000012,39.20596016900004],[32.46928696800013,39.20588933300009],[32.46933097300013,39.20583605900008],[32.469408667,39.20576141400006],[32.46952446600007,39.20567963700008],[32.46956897900016,39.20562583900007],[32.46962177700005,39.20560097000009],[32.46972353800003,39.20553656200003],[32.46978751300009,39.2054789080001],[32.46979032800004,39.20541697300006],[32.46976590200018,39.20532909800018],[32.46976870100013,39.20526684400018],[32.46983305700014,39.20520853100003],[32.46989721400018,39.20515016700016],[32.46996514500004,39.20510659000003],[32.47003728800006,39.20507772200012],[32.47003578800013,39.20500026000015],[32.47003840700007,39.20493746300015],[32.47001364400005,39.20484840500005],[32.46998468300006,39.20474424600007],[32.46998732500008,39.20468099100007],[32.47003201000014,39.20462566500017],[32.47013577100013,39.20457593900009],[32.47020207100006,39.20453289500013],[32.47027263700006,39.20450470800015],[32.47034314100006,39.20447654400014],[32.47041787600013,39.20446322400011],[32.47048673300003,39.20449766200009],[32.47055549800012,39.20453205500018],[32.47064705100015,39.20457783800017],[32.47076764400009,39.20458712400001],[32.47085073100009,39.20460315900002],[32.47097101100013,39.20461241500011],[32.47108696300013,39.20460690699998],[32.47118416700015,39.20460478000008],[32.47131842200002,39.20459591100014],[32.47141948300011,39.20460851700007],[32.47150141800005,39.204624619],[32.47156435400011,39.20464417500006],[32.47164947000003,39.20467510700014],[32.47175262300018,39.20470267600015],[32.47185143100012,39.20471555900009],[32.47190972400006,39.20472037000009],[32.47198961100004,39.20473661900004],[32.47202949400003,39.20474473099999],[32.47214571900012,39.20475424400018],[32.47221875800005,39.20474089700007],[32.47233194400019,39.20473552600011],[32.47240508200021,39.2047221440002],[32.47247798,39.2047088130001],[32.47254607200016,39.20468111100008],[32.47262384000004,39.20462113300011],[32.47268765900004,39.20457899500018],[32.47275142400008,39.20453689200014],[32.47282339300013,39.20452381900002],[32.47287749000004,39.204513984],[32.4730607180001,39.20455673800018],[32.4731636740001,39.2045835590002],[32.47323042700003,39.20461695000001],[32.47329292500008,39.20463589100005],[32.47338596600003,39.20469475300017],[32.47345162600011,39.2047282110001],[32.47351957800005,39.20477632600004],[32.47356926800005,39.20482769400006],[32.47363697999997,39.20487562300018],[32.47368315600012,39.20491234700007],[32.47376541900009,39.20494233100003],[32.47384426299998,39.20495783700004],[32.47392300400002,39.20497332300012],[32.47400489100016,39.20500319199999],[32.47405387200001,39.20505407200012],[32.47408478600009,39.20510820100009],[32.47413361200006,39.20515890000012],[32.47419709700007,39.20519185200017],[32.47427598000013,39.20520705200015],[32.47435817400013,39.20523651400015],[32.47444025800017,39.20526593500018],[32.47450412800014,39.20529867000005],[32.47456849600015,39.20533132900004],[32.47465115000007,39.20536058800006],[32.47472154400002,39.2054216060002],[32.47480705200018,39.20546496600019],[32.47485280600005,39.20550079900003],[32.47493810800015,39.20554404600018],[32.47500501700009,39.20559057800011],[32.4750383220001,39.20565785300012],[32.4750563290001,39.20574242800009],[32.47507429400007,39.20582681300003],[32.47509221900004,39.20591100400016],[32.47510712600011,39.20598102000008],[32.47512200500006,39.20605090200019],[32.47519251500018,39.20611075600014],[32.47523938400006,39.20614602500018],[32.47528985300004,39.20619523700014],[32.47535823900007,39.20624107700017],[32.47538705200001,39.20627959900001],[32.4754374060001,39.20632870300015],[32.47547339200008,39.20639502400008],[32.4755093430001,39.20646128300013],[32.47554166400005,39.20651357700018],[32.47566319200012,39.20683823200018],[32.47569721200009,39.20686019800016],[32.47589422900017,39.20708948000015],[32.47590908300016,39.20712406000017],[32.475975296,39.20737564700013],[32.47612687700007,39.20770761900001],[32.47614376699999,39.20772713100007],[32.47615705000017,39.20777739900011],[32.47624912500004,39.20814829800003],[32.47622653100012,39.20817499400012],[32.4761948160001,39.20827973100011],[32.47618308600017,39.20857501200012],[32.47622521700001,39.20864528500018],[32.47640913300012,39.20898303200015],[32.47657159100009,39.20914258100008],[32.47719685900012,39.20940911300015],[32.47818299900018,39.20928976200015],[32.4793627210001,39.20900503300009],[32.48050735900013,39.20857092700003],[32.48058340099998,39.2086341660001],[32.48108277200005,39.20851812700017],[32.48195677900015,39.2081421820002],[32.48199404100019,39.20812217600015],[32.4829546670001,39.20778838500014],[32.48352655499998,39.20750794900004],[32.48403592500007,39.20748243900005],[32.48455339000017,39.20698556700018],[32.48461690900015,39.20693136399998],[32.48475379400004,39.20683059199999],[32.48579516300011,39.20609314900005],[32.48581937000007,39.20607703700011],[32.48663206500009,39.20554956100015],[32.48748398900004,39.2049461460001],[32.48752555600004,39.20490683300009],[32.48757810200011,39.20487555300018],[32.48763069500011,39.20484424300007],[32.48823292300001,39.20442264000012],[32.48832001999999,39.20434448100012],[32.4884216290002,39.20425870300018],[32.48849657000004,39.2042055400001],[32.48923619700009,39.20369210000006],[32.48930047800013,39.20362962000009],[32.48936586800007,39.20358433200006],[32.48996531200011,39.20305604300011],[32.48964829300006,39.20279049800008],[32.49029018600017,39.20250843399997],[32.49032786200009,39.20249461200014],[32.49135990199999,39.20215244100013],[32.49231914400014,39.20129144200003],[32.49274168700005,39.2015520880001],[32.49338707300013,39.20188434200008],[32.49377291500008,39.20218792400015],[32.49438426700002,39.20246326500007],[32.49495856200006,39.20267027100017],[32.49603490000011,39.20304830600007],[32.49543374300005,39.20509466899996],[32.49541026500003,39.20518041600015],[32.49539530200015,39.20525075700017],[32.49495987200017,39.20686043900014],[32.49513299699998,39.20731688000014],[32.49513744600011,39.20740053200011],[32.4949503320001,39.20823637100012],[32.49490378500008,39.20832581900004],[32.49482892000017,39.20846967900004],[32.49348235000014,39.21049421100004],[32.49341955299998,39.21061384800011],[32.49148901400004,39.21326825600015],[32.49105398000013,39.21366267600006],[32.49170692800016,39.21434511300016],[32.49242428600012,39.21496213000013],[32.49224389700003,39.21527038500018],[32.49212754200011,39.21571377200018],[32.49173316999997,39.2163132750001],[32.49154392700007,39.21651285800002],[32.49124616300009,39.21673631300013],[32.49084114600011,39.21714097800012],[32.49081514900012,39.21740682600013],[32.49077812700009,39.21753215400015],[32.49070024200017,39.21764793700006],[32.49045273600011,39.21777931100006],[32.49053748400016,39.2180466930002],[32.49053946900005,39.21825167999997],[32.49037441000019,39.21848903300003],[32.49025697800006,39.2186179780001],[32.49003071500012,39.218837069],[32.48974976900014,39.21907964900005],[32.48963084400013,39.21924570700008],[32.48957302400014,39.21935334200003],[32.48953421700001,39.21949845700005],[32.48949019600001,39.21960637100011],[32.4894534580002,39.21972407000013],[32.48939239100002,39.21989749200009],[32.489335492,39.22004611800012],[32.4892783900001,39.22022265800018],[32.48926537100014,39.22036837700005],[32.48930959000017,39.22051029700008],[32.4892087070001,39.22056568400019],[32.4890116700001,39.22068392000018],[32.48880536200006,39.22076117600017],[32.4887188850001,39.22080918100015],[32.48858461500014,39.22084953100013],[32.48845510400001,39.22089362600014],[32.48831118300014,39.22094510100004],[32.48811444200008,39.22102239600009],[32.48795635700003,39.22104775500011],[32.48783179200012,39.22106953899999],[32.48768316700017,39.22110982600005],[32.48747688200005,39.22118335700002],[32.48725159200007,39.22123819400019],[32.487142111,39.22115955200008],[32.48701429900007,39.22085406400002],[32.48693992000006,39.22059671900011],[32.48679714300004,39.220424744],[32.48663636700009,39.22039767500019],[32.48641604600004,39.22040329400006],[32.48618734900003,39.22039569500003],[32.48597535599999,39.22042112100017],[32.48575479500017,39.22045968900017],[32.48560220100013,39.22047219600005],[32.48545798399999,39.22049792000006],[32.48534174300004,39.22051805200008],[32.48530155400004,39.22053590399996],[32.48411666800008,39.22092756899995],[32.48366054500007,39.22101235400013],[32.48267944400015,39.22106684100017],[32.48200767800016,39.22087542600019],[32.48194340400016,39.22092239700008],[32.48135086100005,39.22208825199998],[32.48068980999999,39.22234725200015],[32.48067086700014,39.2230475830001],[32.47887405300015,39.22366056600011],[32.47824223700008,39.22383314700004],[32.47770117400015,39.22389986000012],[32.47766122000009,39.2233538060001],[32.4776338360001,39.22334159700005],[32.47654203000017,39.22349114000007],[32.47688751999998,39.22628332200004],[32.47685928700008,39.22633483100007],[32.47588047300007,39.22683745300013],[32.47586722200013,39.22684356200016],[32.4758141850001,39.22686801500014],[32.47438717400006,39.2269006810002],[32.47435257500011,39.22692870700001],[32.47380636100008,39.22725473400008],[32.47275974800005,39.22750220200014],[32.47271939400007,39.22750577000011],[32.47162312600017,39.22761907800001],[32.47141492800017,39.22717382900002],[32.47156699500005,39.2266460860002],[32.47150886400015,39.22658786000018],[32.47143799300004,39.22657770400018],[32.47136893700021,39.22655630300013],[32.47133270700004,39.22655283700004],[32.4712387830001,39.22655864200004],[32.47108993300002,39.22656791500005],[32.47099786400015,39.2265698190002],[32.47084944900018,39.22657817400006],[32.47071890900002,39.22658880100018],[32.47060760400016,39.22659175500002],[32.47047460700007,39.22660868500002],[32.47036285100005,39.22661320800008],[32.47026930100014,39.22661930100003],[32.47006430900005,39.22662990100018],[32.46997383800016,39.22662204500006],[32.46988339600011,39.22661419100012],[32.46979015800003,39.22662027500007],[32.46969979500011,39.22661242400005],[32.46959139500017,39.22660300600015],[32.46951638300004,39.22661065900019],[32.46940959300008,39.22659617400011],[32.46930060600005,39.22659359000009],[32.46922702500008,39.22659647100006],[32.46910320900015,39.22657603400004],[32.4690146690001,39.22656142000011],[32.46896150600001,39.22655264400011],[32.46885509000008,39.22653508000009],[32.46876632000005,39.22652042700004],[32.46868063000004,39.22648931700006],[32.46863593300002,39.22643445600012],[32.46863999200007,39.22631414100016],[32.46865631600018,39.22622642400013],[32.46864951900006,39.22616395500016],[32.46859907000008,39.22613773900015],[32.468457004,39.2261069140002],[32.46840363000005,39.22609533400008],[32.46829671800008,39.22607213600016],[32.46822269200003,39.22607140700013],[32.46808975200003,39.22608858900016],[32.46805137900013,39.22609560900002],[32.46791574600018,39.22612756700015],[32.46783921900016,39.22613975800004],[32.46770656500001,39.22615270000007],[32.46755577699997,39.22616098900011],[32.46746355500017,39.22615284300012],[32.46736869700016,39.22615993800007],[32.46725738500014,39.22615474700012],[32.46721856700012,39.22616398499996],[32.4670890460002,39.22615429000016],[32.46696183000011,39.22612731600009],[32.46688899900003,39.22611187300016],[32.46679782300016,39.22609253900016],[32.46670649200012,39.22607317200004],[32.46665162000006,39.22606153700004],[32.46653719800003,39.22607031700004],[32.46643883500012,39.22609900599998],[32.46635886600018,39.22613154800008],[32.46628111800014,39.22614807800001],[32.46618500500006,39.22616074399998],[32.46611145400009,39.22614528100005],[32.46603780400007,39.22612979800009],[32.46596405399997,39.22611429400008],[32.46589425700019,39.22606663200002],[32.46580173899996,39.22604715300009],[32.4657130070001,39.22599562800018],[32.465603632,39.22595969300016],[32.46554785900014,39.22594902600008],[32.46545480300008,39.22593122800005],[32.46539890700005,39.22592053800004],[32.46526828800019,39.22589535500016],[32.46515681700008,39.22588160000014],[32.46502605500013,39.22585885100013],[32.46494929800009,39.22585980400014],[32.4648350460002,39.22585424900011],[32.4647394290002,39.22585194400001],[32.46463994400004,39.22587760100009],[32.46455786200001,39.22592422700007],[32.46443938600015,39.22597119400012],[32.46435774400015,39.22604450800015],[32.46429721800014,39.2261086040001],[32.46421727400008,39.22618788600006],[32.46411888700005,39.22623903000009],[32.46403717000008,39.22625871300001],[32.46395352100016,39.226292046],[32.46385195100015,39.22634870299998],[32.46377242000004,39.22640149300007],[32.46370775700013,39.22648242500001],[32.46364057400012,39.22653052600003],[32.46361743000017,39.22655045699997],[32.4635291790001,39.22660692200016],[32.46343859200012,39.22667514200009],[32.46337298200001,39.22675064000014],[32.46335265800013,39.22676150500008],[32.46328798100017,39.22683976],[32.46324617100011,39.22687664299998],[32.46318459000009,39.22694529700014],[32.46312281600013,39.22703165300005]]],[[[32.25280152000011,39.25440389400005],[32.25254765900017,39.255085319],[32.25284364900016,39.2554039530001],[32.25281577700013,39.25624606800004],[32.25337674300006,39.2572869290001],[32.25282422800007,39.25794858000005],[32.2513208210001,39.25810131900014],[32.24912490600002,39.25752248100005],[32.24754523700017,39.25662027500006],[32.24632881900005,39.25570054800006],[32.24661881900006,39.25456228200017],[32.24675647600002,39.25279869500001],[32.24509898200017,39.25299361800007],[32.24383229100012,39.25331878700008],[32.24326702300003,39.2523662180002],[32.24354613900006,39.25151647700015],[32.24424899600018,39.2512109910001],[32.24465460100009,39.25089235899999],[32.24504900000011,39.25093073000009],[32.24574776700013,39.2508124700001],[32.24644137300017,39.25056115100017],[32.24654198500014,39.25038273600008],[32.24693021100005,39.2502700460001],[32.24720675700006,39.25020662400001],[32.2473171120002,39.25005574000016],[32.24732186300016,39.25003653300008],[32.24733252300012,39.25002072700006],[32.24733859600018,39.25000085400005],[32.24734962900014,39.24998489800017],[32.24736613700011,39.24996102500008],[32.24737711500013,39.24994514800004],[32.24739337100004,39.24992531600004],[32.24740446700008,39.24990559200016],[32.24742064600009,39.24988586000013],[32.24744188400005,39.24986612500005],[32.24745761500004,39.24985046800004],[32.24747329600018,39.24983102300011],[32.24749397500017,39.24981158700014],[32.24750435400007,39.24979995300006],[32.24751483200001,39.24978447500018],[32.24752540700013,39.24976516500006],[32.24753095800016,39.24974590499998],[32.24753139100011,39.24973052700019],[32.24753204000008,39.24970748900008],[32.24753779100008,39.2496806410001],[32.24754321200009,39.24966531600019],[32.24754862600002,39.24965001100008],[32.2475642110001,39.24962707400006],[32.2475798670002,39.24960037500005],[32.2475902180001,39.24958514300003],[32.2476153510001,39.24957373000008],[32.24763571700003,39.24955852700015],[32.24765099000013,39.2495471440002],[32.24767131700013,39.24953199300007],[32.24769151000009,39.24952065400016],[32.24771183900009,39.24950179100004],[32.24771697600004,39.24949425400006],[32.2477322840001,39.24947544400006],[32.24773757399998,39.2494604080001],[32.24775291700013,39.24943791300011],[32.24776304500005,39.2494266930001],[32.24777339700007,39.24940425699997],[32.24777856600018,39.24939305600005],[32.24778880900003,39.24937442100002],[32.24779403800006,39.24935952099999],[32.24780466400006,39.24932982800016],[32.24781006400014,39.2493150470001],[32.24781055300006,39.24930026100008],[32.24781605900016,39.24928184900016],[32.24783144500003,39.24925988500014],[32.24784677800018,39.24923799400016],[32.2478619500002,39.24921983000014],[32.24788193300014,39.24920177],[32.24789690300013,39.24918735299997],[32.24791163500007,39.2491802350001],[32.24792643799998,39.24916950300013],[32.24795095100017,39.24915528300015],[32.24796567600003,39.24914460400011],[32.24798517700017,39.24913400700015],[32.24799975000017,39.24912697500013],[32.24801445800019,39.24911276299999],[32.24802905300004,39.24910217500008],[32.24804376300001,39.24908444400013],[32.24805813400009,39.24905901100006],[32.2480771470001,39.24903717000005],[32.24808672500001,39.24901535800004],[32.24809151200013,39.2490044570001],[32.24809629800016,39.24899355800004],[32.24811060100007,39.24896813100013],[32.24811540500007,39.24895361700005],[32.24812023100015,39.24893548600003],[32.24812976300002,39.24891734900001],[32.2481392920002,39.24889922100015],[32.24814879400007,39.24888471600007],[32.24816302300013,39.24886658500009],[32.24817253800012,39.24884847800011],[32.24818203000019,39.24883398900007],[32.2482057130001,39.24880500900015],[32.24821990200012,39.24879051499999],[32.24822941500007,39.24876883000003],[32.24823413800006,39.24876520400017],[32.24824362800013,39.24874713500016],[32.24825782000006,39.24872905400018],[32.24828145700014,39.24870013200006],[32.24829090500004,39.24868928700016],[32.24830036400007,39.24867484800013],[32.24831454300003,39.24866071000004],[32.24833816200015,39.24864041000008],[32.24834760400002,39.24862676200006],[32.24836171500002,39.24861330600003],[32.24838047300018,39.24859657100013],[32.24839917300012,39.24857989000011],[32.24840850300018,39.24856983700003],[32.248427116,39.24855669000011],[32.24843640200009,39.24854667900008],[32.24845030700008,39.24853686100014],[32.24847341900004,39.24852054200015],[32.24849185100016,39.24850752700007],[32.24851944000005,39.24849491200019],[32.24853777200012,39.24848538800004],[32.24856062100014,39.24847266099999],[32.24858799700012,39.24846356300015],[32.24861977900007,39.24844789399997],[32.24864245800007,39.24844206200005],[32.24865600900007,39.24843586300018],[32.24867859800006,39.2484300580001],[32.24869661300004,39.24842407400021],[32.24872802500015,39.24841194800008],[32.24875497700011,39.24840275399995],[32.24877747200009,39.2483931290002],[32.2488133750001,39.24837708199999],[32.24883581200008,39.24837090200004],[32.24885371900009,39.24836460500012],[32.24887604600009,39.24835504800013],[32.24889838400014,39.24834889800018],[32.24892069000003,39.24834275800003],[32.24892953900012,39.24833624100013],[32.24896502900003,39.24832036200014],[32.24898728600002,39.24831763600007],[32.24901444000012,39.24830721800009],[32.24903264100014,39.24830358500002],[32.24905097200014,39.24829275100005],[32.24910129000007,39.24827103700005],[32.24912874199998,39.24826016600007],[32.24914705300017,39.24825291400003],[32.24919726200017,39.24824198500009],[32.24921559899997,39.24823472600012],[32.24925213600012,39.24822742600004],[32.24928414300017,39.24822013300007],[32.24929787700007,39.24821649000001],[32.24932535400014,39.24820920000009],[32.24934820400007,39.24820553400018],[32.24937114800013,39.2481982480001],[32.24939392099998,39.2481982000001],[32.24941679000007,39.24819453100007],[32.24943511000015,39.24819087200005],[32.24946254900014,39.24818719099999],[32.24949455600007,39.24818349900004],[32.24951289300007,39.24817983800006],[32.24953579600009,39.24817616300015],[32.2495540400002,39.24817612300019],[32.24985731300019,39.24859223600005],[32.25051988100005,39.25013079400013],[32.25344149000018,39.25002957600015],[32.25338273800008,39.25109520700011],[32.25317664300017,39.25172608999999],[32.25308431100017,39.25202586700006],[32.25294171700012,39.25239463600007],[32.25293910100002,39.25264107600004],[32.25281935500011,39.25365693800008],[32.25280152000011,39.25440389400005]]],[[[32.48738999400017,39.27754007100004],[32.48718999400013,39.27755007100019],[32.48709999400016,39.27751007100004],[32.48673999400007,39.27746007100018],[32.48622999400012,39.27741007100011],[32.48576999400007,39.27733007100009],[32.48542999400019,39.27724007100012],[32.48502999400011,39.277110071],[32.48485999400008,39.27705007100018],[32.48458999400015,39.27694007100011],[32.48450999400005,39.27691007100015],[32.48441999400012,39.27687007100004],[32.48428999400015,39.27681007100007],[32.48395999400002,39.27651007100003],[32.48383999400005,39.2764500710001],[32.48360999400005,39.27631007100007],[32.48344999400012,39.27613007100008],[32.48334999400004,39.27598007100006],[32.48328999400002,39.27591007100014],[32.48312960700002,39.27566904500014],[32.48253783000018,39.27499826700004],[32.48256678200006,39.27462863300019],[32.48256573400018,39.27439737500008],[32.48228930900012,39.27377089100013],[32.48234877200013,39.27344512700015],[32.48239200200015,39.27325583700011],[32.48232356900012,39.27258164600005],[32.48224733900001,39.27256800300008],[32.48184999400006,39.27284007100017],[32.48113999400015,39.27282007100011],[32.48041999400009,39.27374007100009],[32.48005999400016,39.27312007100011],[32.47996999400015,39.27296007100018],[32.47893999400002,39.27118007100019],[32.47884999400004,39.27102007100006],[32.47885999400011,39.27049007100009],[32.47885999400011,39.27038007100003],[32.4788699940001,39.27002007100009],[32.47890999399998,39.26808007100017],[32.47897999400009,39.26771007100013],[32.47898999400008,39.26764007100017],[32.47900999400014,39.2675500710002],[32.4790399940001,39.26740007100006],[32.4776999940001,39.26687007100009],[32.47673999400008,39.26710007100006],[32.4763099940002,39.26720007099998],[32.4759199940001,39.26730007100014],[32.47555999400013,39.26738007100016],[32.47480999400007,39.26780007100006],[32.47481999400001,39.26791007100013],[32.47479999400012,39.26808007100017],[32.47471999400005,39.26847007100007],[32.47477999400006,39.26875007100017],[32.4744499940001,39.26887007100014],[32.47367999400018,39.26919007099996],[32.47355999400004,39.26927007100007],[32.47344999400013,39.26943007100016],[32.47350999400014,39.26955007100013],[32.47364999400001,39.2696000710002],[32.47353999400014,39.2696100710001],[32.47341999400017,39.2696100710001],[32.47333999400014,39.26958007100014],[32.47318999400016,39.269500071],[32.47305999400004,39.26938007100006],[32.47299999400007,39.26931007100018],[32.47284999400004,39.26924007100006],[32.47273999400006,39.26915007100006],[32.47255999400003,39.26896007100012],[32.47238999400003,39.26875007100017],[32.47217999400004,39.26851007100006],[32.47205999400007,39.26837007100018],[32.47200999400021,39.26825007100017],[32.47206999400006,39.26822007100004],[32.47190999400009,39.2680200710002],[32.47188999400003,39.26795007100009],[32.47186999399997,39.26766007100007],[32.47181999400011,39.26749007099999],[32.47177999400004,39.2673500710002],[32.47170999400009,39.26721007100013],[32.47159999400002,39.26706007100019],[32.4715299940001,39.26690007100006],[32.47147999400004,39.26668007100016],[32.47143999400009,39.26628007100008],[32.47140999400013,39.26601007100016],[32.47133999400017,39.26556007100005],[32.4712999940001,39.26541007100008],[32.47117999400012,39.26518007100003],[32.47119999400014,39.26507007099996],[32.47128999400014,39.26500007100005],[32.47147999400004,39.26497007100004],[32.47168999400003,39.26497007100004],[32.47184999400012,39.26497007100004],[32.47198999400011,39.26495007099999],[32.47230999400017,39.26471007100003],[32.4722799940002,39.2645800710001],[32.47250999400017,39.26420007100008],[32.47257999400013,39.26403007100008],[32.47245999400015,39.26392007100002],[32.47224999400017,39.26403007100008],[32.47203999400001,39.26415007100006],[32.47167999400004,39.26425007100018],[32.47147999400004,39.26428007099999],[32.47135999400007,39.26427007100003],[32.47114999400007,39.26424007100007],[32.47099999400013,39.26422007100017],[32.4708299940001,39.26423007100009],[32.47068999400006,39.26425007100018],[32.4703599940001,39.2643500710001],[32.47019999400005,39.2643800710001],[32.47004999400003,39.26436007100005],[32.4697199940001,39.26421007100003],[32.46948999400006,39.26408007100014],[32.46934999400003,39.26402007100017],[32.46920999400015,39.26410007100004],[32.46910999400007,39.26401007100003],[32.4691899940001,39.26400007100012],[32.46931999400006,39.26394007100011],[32.4694499940001,39.26379007100013],[32.46960999400003,39.26358007100014],[32.4699399940002,39.26326007100016],[32.47009999400005,39.26314007100019],[32.47030999400004,39.26302007100005],[32.47046999400017,39.2629400710001],[32.47077999400004,39.26286007100008],[32.47109999400006,39.26284007099999],[32.47120999400012,39.26283007100007],[32.47151999400019,39.26284007100002],[32.47230999400017,39.26265007100013],[32.47231999400008,39.26247007100018],[32.47254999400013,39.26226007100016],[32.47263999400013,39.26218007100017],[32.47283999400014,39.26200007100014],[32.47456999400007,39.26094007100005],[32.47688110200001,39.25996329200012],[32.47742577400015,39.25974523800007],[32.4769853390002,39.25945795300012],[32.47630665300016,39.25955521200014],[32.47384312800016,39.25946854100016],[32.47209999400018,39.26044007100005],[32.47201999400016,39.26039007100019],[32.47128999400014,39.26084007100013],[32.46811999400005,39.26190007100006],[32.46802999400008,39.2616500710002],[32.46818999400017,39.26163007100015],[32.46828999400009,39.26162007100016],[32.46840999400006,39.26142007100016],[32.468329994,39.26110007100014],[32.46842999400012,39.26099007100011],[32.46856999400019,39.26093007100006],[32.4687699940002,39.26088007100005],[32.46874999400014,39.26060007100018],[32.46890999400007,39.26055007100012],[32.46910999400007,39.26047007100005],[32.46928999400006,39.26037007100013],[32.46933999400012,39.26032007100007],[32.46996826600002,39.2597178550002],[32.47041178500007,39.25898928500011],[32.46999883900016,39.25772011200018],[32.47051585800004,39.25741779000002],[32.47123111700019,39.25737891900005],[32.47168786100013,39.25695907500015],[32.47220592499995,39.25659499100005],[32.47206268000013,39.25636929600012],[32.47185497300005,39.25599922000004],[32.47151227000008,39.25574691900006],[32.47133089300006,39.25563084500005],[32.471193035,39.25538003400016],[32.47117859700004,39.25509684200015],[32.47107703200011,39.25446518600013],[32.47139193300011,39.25455539500008],[32.47157880400006,39.25482821200019],[32.47188711100007,39.25478975500013],[32.4722637440001,39.25491268800006],[32.4724468080001,39.25491504000006],[32.47269278400007,39.25508686300012],[32.47313091500011,39.25489703199997],[32.47333174800013,39.25496427000005],[32.47359263000006,39.25470684300018],[32.47409069900014,39.25474504600002],[32.47446729500005,39.25490502300007],[32.47484545000016,39.2549832310001],[32.47587396200017,39.25478727100004],[32.47686406500008,39.25428756200014],[32.47726247100003,39.25333454500014],[32.47817589600002,39.25316625200013],[32.47842224700007,39.25284289800003],[32.47966322800015,39.25248217300008],[32.48201633500008,39.25228013200019],[32.48282671099999,39.25280718200008],[32.48410146800006,39.2535688010001],[32.48444577700018,39.25387992800006],[32.48507150100011,39.25434306600017],[32.48572390000017,39.25445484600015],[32.48598406300011,39.25461418100014],[32.48644834800008,39.25462219600017],[32.48672742900015,39.25482384700007],[32.48713697200002,39.25558995900003],[32.48792812500001,39.25568435000012],[32.48861816400015,39.25550685600018],[32.48869877800011,39.2558410140001],[32.48886638700003,39.25599108200008],[32.4891546570001,39.2559159480001],[32.4896270070001,39.25580807500013],[32.48961029500011,39.2560137780002],[32.48967043100009,39.2562156220002],[32.48981815500008,39.25634942800008],[32.49013073800013,39.25626605100017],[32.49048833700009,39.25643383200014],[32.49076251500008,39.25640591800015],[32.49099235100003,39.25633299900004],[32.49123472900002,39.25635058199997],[32.49155516300011,39.25641303600002],[32.49208295500006,39.25648236300016],[32.49240252800013,39.25662520600015],[32.4926848430001,39.25655884500009],[32.49325692500003,39.25711304500011],[32.49383603800011,39.25704833600003],[32.49463446700014,39.25712629100013],[32.4954302720002,39.25715449700014],[32.49536376700006,39.25691121199999],[32.49692346500017,39.25690383100006],[32.49838999400009,39.25715007100018],[32.49887999400018,39.25741007099998],[32.49765999400012,39.25877007100008],[32.49679999400018,39.25972007100019],[32.49575999400007,39.25997007100005],[32.49567999400004,39.25993007100018],[32.49523999400009,39.25973007100009],[32.49400999400007,39.25926007100009],[32.49390999400015,39.25922007100019],[32.49363999400003,39.2591200710001],[32.49137999400005,39.26114007100001],[32.49038999400008,39.26148007100012],[32.48954999400019,39.26177007100018],[32.48899999400017,39.26196007100003],[32.48800999400015,39.26278007100005],[32.48771999400014,39.26302007100005],[32.48750999400015,39.26319007100005],[32.48744905899999,39.26389569000008],[32.48758866800011,39.26401417000012],[32.48780094400009,39.26423505499998],[32.48799203100015,39.26435668000005],[32.48828819100015,39.26452337300001],[32.48836782899998,39.26456915500008],[32.48852615300014,39.26461266800005],[32.48855886600004,39.26468457400016],[32.48876579200014,39.26465380000005],[32.48890033600008,39.26485436800014],[32.4888050110001,39.26510831600005],[32.48857783100017,39.26563229000003],[32.48849683100018,39.26583745800015],[32.48843813400005,39.2663166570001],[32.48831342900012,39.26668941700002],[32.48820554700006,39.26693781900014],[32.48797999400011,39.26725007100004],[32.48771999400014,39.26771007100013],[32.48770999400015,39.26779007100016],[32.48782999400017,39.26784007100017],[32.48796999400004,39.26778007100005],[32.48812999400013,39.26754007100009],[32.48839999400009,39.2673500710002],[32.48848999400006,39.26730007100014],[32.48859999400009,39.26725007100004],[32.48873999400012,39.26736007100011],[32.48890999400016,39.26742007100012],[32.48896999400016,39.26745007100008],[32.48902999400013,39.26752007100004],[32.48907999399999,39.26781007100005],[32.48905999400018,39.26795007100004],[32.48897999400008,39.26812007100008],[32.48857999400003,39.26878007099997],[32.48839999400009,39.26906007100008],[32.48827999400011,39.26920007100011],[32.4877699940002,39.26969007100013],[32.48757999400011,39.26987007100011],[32.48724999400014,39.27013007100012],[32.48691999400017,39.27044007100007],[32.48670999400002,39.2706900710001],[32.48648999400012,39.27102007100006],[32.48624999400018,39.27135007100003],[32.48622999400012,39.2713900710001],[32.48702999400008,39.27174007100012],[32.48698999400013,39.27187007100001],[32.48742999400009,39.2718900710001],[32.48777999400011,39.27196007100018],[32.48803999400012,39.27197007100017],[32.48815999400009,39.27197007100017],[32.48822999400005,39.27190007100005],[32.48830999400008,39.27181007100008],[32.48840999399999,39.27184007100004],[32.48869999400001,39.27195007100011],[32.48879999400013,39.27200007100013],[32.48876999400012,39.27202007100003],[32.48871999400006,39.2720600710001],[32.48874999400011,39.27213007100006],[32.48880999400008,39.27217007100017],[32.48897999400008,39.27223007099997],[32.48901999400003,39.27227007100009],[32.48902999400013,39.2723300710001],[32.48899999400017,39.27252007100003],[32.48901999400003,39.27261007099996],[32.48914999400012,39.27276007100019],[32.48928999400015,39.27293007100018],[32.48934999400019,39.27309007100007],[32.48940999400012,39.27327007100006],[32.48948999399999,39.27337007100017],[32.48951200600005,39.27439635700016],[32.48854247900005,39.27446142400014],[32.48841211000017,39.27497049600014],[32.48860088800016,39.27530768800018],[32.48855573599998,39.27559896300006],[32.48840999399999,39.27577007100011],[32.48829999400017,39.27616007100013],[32.48827999400011,39.2764500710001],[32.48818999400009,39.27672007100006],[32.48814999399998,39.27680007100008],[32.48801999400006,39.27698007100007],[32.48775999400005,39.27690007100004],[32.48758999400017,39.27686007100009],[32.48758999400017,39.2771400710002],[32.48757999400011,39.27722007100002],[32.48758999400017,39.27755007100019],[32.48738999400017,39.27754007100004]]],[[[32.40722820400009,39.28205983400019],[32.40722551100015,39.28201857400009],[32.4072214840001,39.28195683000018],[32.407214104,39.28192441400017],[32.40722794100003,39.28189852200019],[32.40717425899999,39.28155560900011],[32.40718916499998,39.28150165500013],[32.40719979400006,39.28145620800016],[32.40722318900016,39.28138545400014],[32.40736833500006,39.28117553700012],[32.40739670800021,39.28114500300007],[32.40742066100011,39.28112290099996],[32.40770017000009,39.28089528100003],[32.40772189600009,39.2808535750001],[32.40781145800007,39.28051677600009],[32.40833360300019,39.2804111270001],[32.40863901700003,39.27963659400008],[32.4085537470001,39.27860931600014],[32.40839936200003,39.27777348200009],[32.40714233400014,39.27753542100001],[32.40720706600014,39.27703167900006],[32.40630560700009,39.27690007400012],[32.40593234599999,39.27538886000014],[32.40278080100013,39.27426169300005],[32.40409273000005,39.2721571260001],[32.40371474600003,39.27177501200009],[32.4033063610001,39.27156314700007],[32.40256645000007,39.27082994200003],[32.40179197800013,39.27028014600007],[32.40010280500002,39.26913639800004],[32.39932151900008,39.26876987300005],[32.39879727800012,39.26828080900007],[32.39872642500001,39.26818699700014],[32.39839079800006,39.26794626300013],[32.39802151000004,39.26744736300002],[32.39880775900019,39.26694287700001],[32.40087123900001,39.26590424000015],[32.40138778600003,39.26569721000009],[32.40160624400016,39.26543262300014],[32.40191067800016,39.26522770200017],[32.40221695100017,39.26504840000005],[32.40250524800012,39.264803378],[32.40367686500018,39.26442687200018],[32.40426103800011,39.2641480970001],[32.40490993400017,39.26411460000008],[32.40538444000013,39.26424988000009],[32.40578727899997,39.2645816720002],[32.40602222900007,39.26480056100004],[32.40634697300008,39.26487104400012],[32.40653255400013,39.26483997800007],[32.40665469800008,39.26476216800018],[32.40682485200013,39.2643628700002],[32.40745052400002,39.26415316600008],[32.40876418500012,39.26408694000007],[32.40945783700012,39.26428523500005],[32.41010910200009,39.26452419500008],[32.41049194600015,39.26469541000018],[32.41159693100017,39.26531171900005],[32.41222245700009,39.26556713200016],[32.41322027900004,39.2657248440001],[32.41386777200005,39.26590733900009],[32.41439522000021,39.2661489690001],[32.41548794100009,39.2667683140001],[32.41609505000012,39.26720456600007],[32.41626991100012,39.26745495800004],[32.418621909,39.26735449000005],[32.41883253500005,39.26717441500001],[32.41983563200019,39.26680099300001],[32.41990876900012,39.2667312340002],[32.42019940800007,39.2666889520001],[32.42116049600001,39.26724784300006],[32.42158694400013,39.26737747200019],[32.42169260200016,39.26738406700014],[32.42175133100018,39.26739897800001],[32.42186847300008,39.26742871800019],[32.42259465000001,39.26748482700016],[32.42330504900008,39.267649085],[32.42451314800012,39.26797301000011],[32.42510596800012,39.26820452900016],[32.42547877400012,39.26797156900007],[32.4266890710001,39.2677058630001],[32.42699785799999,39.26809559699998],[32.4276837100001,39.2679932410001],[32.42772697300004,39.26798970600001],[32.42832562300001,39.26802494700009],[32.42910644200003,39.26803675300014],[32.42923658100005,39.26802766700003],[32.42951528500005,39.26798730700008],[32.42961368600007,39.26798540000005],[32.42993260000004,39.26793038900001],[32.43004442300014,39.26791854600003],[32.43042230300011,39.26769665400014],[32.43049566500015,39.26766391299999],[32.4305455190002,39.26763800000008],[32.43061517600017,39.26761789600006],[32.43091639000007,39.26747779000018],[32.43098526700017,39.2674309810001],[32.43128823900002,39.26710727000005],[32.43141464000009,39.26710495000003],[32.43152492400014,39.26705308300013],[32.43165293300018,39.26704679900013],[32.43163396500017,39.26711991500014],[32.43155843300016,39.26767317500008],[32.43151002300002,39.26777827600018],[32.43143863300003,39.26788964500004],[32.43152275000012,39.26821248000005],[32.43154900399998,39.26835379300007],[32.4315843560001,39.26853646100012],[32.43186960900016,39.26883403700004],[32.43193942600014,39.26888068600007],[32.4320693320001,39.26895752900007],[32.43270466600007,39.26914029900012],[32.43284459200009,39.26916790400001],[32.43288554600009,39.26916704900002],[32.43359318900013,39.26917541600011],[32.43368284700007,39.2691528],[32.43372403700012,39.26911559300004],[32.43378060900017,39.26910806200005],[32.43416361900004,39.26894317700012],[32.43419198500011,39.26875455600006],[32.4341933860001,39.26865515500015],[32.43421288400016,39.26864934400007],[32.43452995700017,39.26843907900017],[32.43461259800018,39.26839547400004],[32.43467601800007,39.26836968700011],[32.43476128400005,39.26833998000005],[32.43495675800004,39.26820264500004],[32.435018652,39.26820126600016],[32.43511012500006,39.26816175300017],[32.43516723100014,39.26814652500015],[32.43526690400012,39.26815945100014],[32.43565665700015,39.26831759800019],[32.43577258300012,39.26836057300012],[32.43585258200009,39.26838806100007],[32.43617229299997,39.26858101700005],[32.43622732900009,39.26863511500009],[32.43626091300003,39.26865824000016],[32.43648850300004,39.26886260100009],[32.43652377500012,39.2688973400002],[32.43660327000002,39.26894656500008],[32.43704249600011,39.26918098300013],[32.43711786600015,39.26920636000015],[32.4373060960001,39.2693632310001],[32.43810025400006,39.26936749399998],[32.43850296700009,39.26961430400017],[32.4386089580001,39.2697022270001],[32.43866899600003,39.26976241300008],[32.43873624900004,39.26995514200011],[32.4387403660001,39.27002862900008],[32.43874365300014,39.27008727900018],[32.4383505130001,39.27118299200015],[32.43829623900005,39.27144353400016],[32.43820514800007,39.27164594100012],[32.43826243600017,39.27194179500015],[32.43848570000018,39.27199503200019],[32.4388023270002,39.27171509300018],[32.43885511100012,39.27174269400006],[32.43913528700017,39.27200393900013],[32.43916978500006,39.27209168700011],[32.43920417000011,39.27217914200016],[32.43922407100008,39.27224960100015],[32.43892600200019,39.27284268100002],[32.43902838300004,39.27299074800017],[32.43798910500006,39.27371123400007],[32.43991937000018,39.27401484200017],[32.44152934200013,39.27469624000003],[32.44087278700005,39.27490091099998],[32.44083827700007,39.27493918900011],[32.44077600800011,39.27498767400017],[32.44061372300011,39.27518481200013],[32.44055534100012,39.27521506800015],[32.44049905500002,39.27523595700016],[32.44032891600013,39.27529910100007],[32.44031000800016,39.27532346600005],[32.44028143300015,39.27533408700013],[32.4402097570001,39.2753607300001],[32.44013541100014,39.2753970860001],[32.43999148900015,39.27555562600007],[32.43995768699999,39.27558580900018],[32.43988925000012,39.27559401100009],[32.4394509080001,39.27568273500004],[32.43939645100011,39.275717009],[32.43934693300013,39.27573194600011],[32.43915602700012,39.27581658700008],[32.43911986200005,39.27583655700018],[32.43871590400004,39.27617534000019],[32.43865451200008,39.27619833100005],[32.43860855900011,39.27619509000002],[32.43852767200009,39.27622303400006],[32.4381468600002,39.27647998300009],[32.43809592200006,39.2765191410001],[32.43807692900005,39.27655647700003],[32.4380674230001,39.2765751620001],[32.4381558140001,39.27673656600006],[32.43819180900012,39.27675663000012],[32.43839401500014,39.27729227500016],[32.43838103600007,39.27730980299997],[32.43833600300014,39.27733006799997],[32.4380932060002,39.27739926600002],[32.43806338700013,39.27740303600017],[32.43799586800014,39.27739820200013],[32.43795326700009,39.27739910600017],[32.43766455000006,39.2774084080001],[32.43764674300014,39.27741514100018],[32.43757238000011,39.27741992600017],[32.43747169200013,39.27741890900017],[32.43721773700014,39.27737285000015],[32.43716482800012,39.27736100000005],[32.4370817160002,39.27734210600008],[32.43697773400011,39.27732938000015],[32.43650243600003,39.27727888900013],[32.43639329600007,39.27725479700005],[32.43636590000013,39.2772487500002],[32.43629980000013,39.27722272300008],[32.43538750600015,39.27692590500002],[32.43532696200013,39.27691218400008],[32.43521772900004,39.27689926500017],[32.434910493,39.27717435500016],[32.43485674600008,39.27722170500016],[32.43477052700018,39.27726226700015],[32.43436436400003,39.27730716600007],[32.43433037500017,39.27731216400013],[32.43426924800018,39.27734760399998],[32.43417459200015,39.27738779900007],[32.43409807800005,39.27741989900005],[32.43399763000009,39.27745937000004],[32.43344221200014,39.27764114700005],[32.43334576600016,39.27762222600016],[32.43326616800017,39.27761899600014],[32.43247511500014,39.27785587300007],[32.43238287100014,39.27795247000019],[32.43233369899995,39.27798149300011],[32.43219454000011,39.27822210100015],[32.4321630070001,39.27826731099998],[32.432173822,39.27835758800013],[32.43216262600014,39.27844422100007],[32.43223487600005,39.27906130200004],[32.4322340850001,39.27912435000015],[32.43222493600015,39.27919888400008],[32.43218769300018,39.27965136300015],[32.43218651500008,39.27967679599998],[32.43210992500014,39.28026112300012],[32.4321533900001,39.28034174900007],[32.43219102500006,39.2803961410001],[32.43207562600002,39.28108834900014],[32.43074651300016,39.28106703899998],[32.43072222300007,39.28106013000009],[32.43065539900006,39.28105199700017],[32.43038121500008,39.28094134200017],[32.43027930200007,39.28091198300017],[32.43026610700014,39.28090814300002],[32.43003395500012,39.28098229800004],[32.42998936100003,39.2810016600002],[32.42978096300017,39.28110136200014],[32.42947744000003,39.28118355900006],[32.42945828200005,39.2811883210001],[32.42923124900017,39.28141696000011],[32.4292222250001,39.2814358370002],[32.42917474000017,39.28147567500005],[32.42905473900011,39.28142951700015],[32.42861284100012,39.28159678200004],[32.42858733300017,39.28158876899998],[32.42845889700006,39.28144972500007],[32.42839082500006,39.2813738680001],[32.42834856800003,39.28133892200005],[32.42832339000011,39.28133109000008],[32.42808528400011,39.28141957200013],[32.42805179800018,39.28143071100009],[32.42781786900009,39.28154130100017],[32.42778864200007,39.28157562100017],[32.42744475600007,39.28170275100002],[32.42738676800003,39.28170496400016],[32.42728258800012,39.28171205600015],[32.42674692800005,39.28158061600014],[32.42623465600015,39.28162446400005],[32.42618786200011,39.28160990099997],[32.42590488900008,39.28149342600004],[32.42585859400009,39.28147798700009],[32.42582393200006,39.28146642700001],[32.42572315500011,39.28145442300006],[32.42535036000017,39.28154565200005],[32.42530310200009,39.28156220000006],[32.4251563380001,39.28156660900014],[32.42486919600008,39.28161981900011],[32.42481565600013,39.28164952400013],[32.42480406400005,39.28167350400003],[32.4247732510001,39.28171040600005],[32.42441562400004,39.28172924400017],[32.42436712600011,39.28172330600007],[32.42430751600017,39.28171391200014],[32.42425916499997,39.28170799300013],[32.42390413300013,39.28175245700005],[32.42350225100005,39.2816916640001],[32.42345791800006,39.28168933299999],[32.42334935200011,39.28167872400007],[32.42331490400009,39.2816886300002],[32.42322492200017,39.28168262000007],[32.42272044200011,39.28169490900012],[32.42263806200009,39.28170041300015],[32.42225158900017,39.28165725300017],[32.42222990200001,39.28165102800009],[32.42174689500013,39.28162799200015],[32.42165879100016,39.28162185500008],[32.42163658400016,39.28161549000003],[32.42154757700019,39.28160904999998],[32.42150123300007,39.28159577200016],[32.42107575200008,39.28144558700004],[32.42098079200009,39.281399643],[32.42093522200004,39.2813866330002],[32.42026123600003,39.2814825410001],[32.42020308500014,39.28147502000012],[32.42008657600017,39.2814598240001],[32.42003511000019,39.281463442],[32.42000940700006,39.28146524800015],[32.41995090100006,39.2814574420001],[32.41924517300009,39.28141608900012],[32.41912297200002,39.28141624500009],[32.41903705600002,39.28141793399999],[32.41898698900003,39.2814211480001],[32.41896200100012,39.28142275200003],[32.41828454800007,39.28140040200014],[32.41815097400008,39.28138726100001],[32.41802814100008,39.28137722600014],[32.41790208500016,39.28137506900008],[32.41786807400014,39.28137393500003],[32.41726730700003,39.28126705700002],[32.41629609300013,39.28091164300015],[32.4157578350002,39.28090176300005],[32.41416097600017,39.28073016000012],[32.41394400100005,39.28067499399999],[32.4120496020001,39.28148770700017],[32.41132870300004,39.28140118600005],[32.411318149,39.28139815600015],[32.41094444300002,39.28145846500007],[32.41090519300013,39.28146594100013],[32.41057922900018,39.28177807900006],[32.41054216300011,39.28180548300004],[32.41023937900012,39.28188180100013],[32.40932065300012,39.28195202100006],[32.40918001500008,39.28196074500006],[32.40913896700003,39.28196852100018],[32.40908696100017,39.28197324200009],[32.40841703900013,39.28194012000007],[32.40733640600017,39.28225492500006],[32.40722820400009,39.28205983400019]]],[[[32.56270999500008,39.30101007100007],[32.56202999500017,39.30110007100008],[32.56155999500014,39.30126007100013],[32.56120999500011,39.30151007100007],[32.56117999500015,39.30154007100003],[32.56106999500012,39.30181007100015],[32.56048722100002,39.30170712600007],[32.56007090600015,39.3007901800001],[32.56002999500004,39.30070007100016],[32.56002999500004,39.29941007100014],[32.56057999500007,39.29915007100017],[32.56219999500017,39.29832007100004],[32.56476999500018,39.297480071],[32.56528999500004,39.29737007100017],[32.56472999500004,39.29484007100007],[32.56404982500011,39.29490972700016],[32.56306999500006,39.29501007100007],[32.56145999500006,39.29525007100003],[32.56139999500004,39.29497007100019],[32.56039999500012,39.29514007100003],[32.56049999500004,39.29557007100008],[32.56068999500013,39.29605007099999],[32.56006999500016,39.29603007100013],[32.55899999500007,39.29610007100009],[32.55854999500013,39.2956700710002],[32.55839999500019,39.2955900710001],[32.5579999950001,39.2954500710001],[32.55786999500002,39.29535007099999],[32.55781999500016,39.29524007100015],[32.55830999500017,39.29514007100003],[32.55829999500007,39.2949200710001],[32.55804999499996,39.29333007100019],[32.5577753300001,39.29334505300015],[32.5574999950001,39.29336007100016],[32.5572999950001,39.29331007100014],[32.55706999500006,39.29327007099999],[32.55601999500011,39.29312007100005],[32.55538999500014,39.29265007100008],[32.5550499950001,39.29228007100016],[32.55379999500008,39.29144007100013],[32.55303999500006,39.29079007100019],[32.55693999500017,39.28966007100014],[32.5570999950001,39.29002007100006],[32.55704999500004,39.29003007100017],[32.55756999500006,39.29072007100007],[32.55852999500007,39.29064007100004],[32.56008999500005,39.29035007099999],[32.56000999500014,39.28947007100004],[32.56030999500011,39.28934007100008],[32.56030999500011,39.28940007100009],[32.56043999500003,39.28983007100017],[32.56192999500001,39.28938007100002],[32.56200999500008,39.28961007100008],[32.56230999500004,39.28952007100006],[32.56274999500003,39.28936007100013],[32.56270999500008,39.28921007100019],[32.56294999500004,39.28917007100004],[32.56365999500003,39.28993007100005],[32.56383999500014,39.29024007100012],[32.56409999500014,39.29043007100002],[32.56425999500011,39.29058007100019],[32.56461999500004,39.29057007100009],[32.56430999500013,39.29003007100017],[32.56407999500009,39.28944007099999],[32.56406999500018,39.289200071],[32.56485999500016,39.28910007100012],[32.56543999500018,39.28900007100004],[32.56619999500004,39.28934007100008],[32.56607999500006,39.29014007100004],[32.56674999500006,39.29037007100005],[32.56710999500019,39.29021007100016],[32.5680599950001,39.29048007100008],[32.56822999500014,39.29034007100005],[32.56834999500011,39.29021007100016],[32.56864999500004,39.29001007100012],[32.56856999500017,39.28956007099998],[32.57015999500011,39.28963007100009],[32.56931594000002,39.28776974700004],[32.57047999500013,39.28749007100016],[32.57192065500015,39.28751888400011],[32.57197999500006,39.28752007100013],[32.57218999500005,39.28709007100008],[32.5721799950001,39.28700007100015],[32.57206888100014,39.28691117900003],[32.57197999500006,39.28684007100002],[32.57190999500011,39.28671007100006],[32.57305999500005,39.28613007100007],[32.57428999500006,39.28537007100005],[32.57484999500019,39.28601007100009],[32.57635999500008,39.2871400710001],[32.57717999500009,39.28697007100011],[32.57790999500011,39.28670007100015],[32.57859142100017,39.28639855500006],[32.57887382900007,39.28627359600011],[32.57903999500012,39.28620007100018],[32.57893999500003,39.28585007099996],[32.57911999500006,39.28578007100008],[32.57923999500019,39.28569007100008],[32.57949999500001,39.2856000710001],[32.57961999499998,39.28557007100009],[32.57976999500016,39.28578007100008],[32.57996999500016,39.28612007100016],[32.58017999500015,39.28631007100001],[32.58047999500008,39.28632007100016],[32.58116999500017,39.28611007100001],[32.58141999500008,39.28633007100011],[32.58186999499998,39.28614007100001],[32.58192999500019,39.28604007100005],[32.58264999500005,39.28575007100004],[32.58307999500009,39.28563007100006],[32.58311999500005,39.2853800710002],[32.58333118300009,39.28529906800014],[32.58384999500005,39.28510007100009],[32.58417999500018,39.28543007100006],[32.58451999500005,39.28527007100013],[32.58455999500016,39.28526007100002],[32.584669995,39.28547007100018],[32.5847499950001,39.28557007100009],[32.58514999500018,39.28532007099999],[32.58517999500015,39.28519007100011],[32.58609999500005,39.28447007100005],[32.58670999500008,39.28356007100005],[32.58673999500009,39.28353007100009],[32.5870299950001,39.28273007100012],[32.58704999500016,39.28268007100007],[32.58736999500013,39.28204007100003],[32.58785999500003,39.28106007100012],[32.58904999500005,39.28007007100014],[32.58951999500005,39.279680071],[32.58967999500014,39.27983007100015],[32.59058999500013,39.2801100710001],[32.5907099950001,39.28014007100006],[32.59140999500011,39.28258007100014],[32.59177999499995,39.28249007100017],[32.59147999500003,39.28130007100008],[32.59156999500004,39.28127007100011],[32.59306999500013,39.28158007100018],[32.59296999500005,39.28125007100001],[32.59342999500006,39.28122007100005],[32.59389999500006,39.28118007100009],[32.5948199950002,39.28184007100003],[32.59564999500009,39.28194007100011],[32.5954399950001,39.28181007100002],[32.59529999500011,39.2816800710001],[32.5947699950001,39.28096007100004],[32.59446999500018,39.28061007100005],[32.59413999500006,39.28031007100005],[32.59446999500018,39.28023007100007],[32.59465999500007,39.28019007100011],[32.59458709600015,39.28003090900005],[32.59497999500009,39.27994007100006],[32.59531999500012,39.27987007100014],[32.59556999500007,39.28020007100002],[32.59595999500016,39.28033007100015],[32.59618999500005,39.28042007100017],[32.59626999500007,39.28053007100015],[32.59632999500008,39.28058007100005],[32.59635999500004,39.28059007100016],[32.59646999500007,39.28061007100005],[32.59656999500003,39.28065007100012],[32.59665999499997,39.28070007100003],[32.59678999500009,39.28077007100011],[32.5968799950001,39.28083007100015],[32.59693999500007,39.28091007100018],[32.59697999500003,39.28100007100015],[32.59702999500009,39.28119007100008],[32.59735999500005,39.28091007100018],[32.59683999500015,39.28055007100005],[32.59721999500017,39.28036007100011],[32.59765999500013,39.28028007100009],[32.59875999500018,39.2807900710002],[32.59910999500004,39.28114007100002],[32.5993599950001,39.28093007100007],[32.60084999500008,39.28064007100006],[32.60097999500005,39.28048007100013],[32.60130999500018,39.28054007100014],[32.60154999500013,39.28000007100018],[32.60242999500008,39.28020007100002],[32.60247347600004,39.28042503699997],[32.60265999500012,39.28139007100008],[32.60275973300003,39.28201699600004],[32.60279999500015,39.28227007100007],[32.60273999499999,39.28257007099999],[32.60238999500017,39.28304007100019],[32.60286889700019,39.28380343400005],[32.60204999500013,39.28422007100011],[32.60101999500016,39.28467007100001],[32.60054999500016,39.28492007100015],[32.60019999500014,39.28503007100018],[32.60028999500015,39.28529007100019],[32.60035999500007,39.28547007100018],[32.60042999500018,39.28567007100001],[32.60047999500004,39.28601007100009],[32.600489995,39.2860700710001],[32.59882999500014,39.28722007100005],[32.59881999500003,39.28738007100009],[32.59800279200016,39.28653018000004],[32.59781999500006,39.28634007100005],[32.59662999500016,39.28676007100015],[32.59653999499999,39.28682007100012],[32.59631999500009,39.28696007100016],[32.59627999499998,39.28697007100011],[32.59585999500008,39.28710007100007],[32.59567999500005,39.287190071],[32.59548999499997,39.28732007100012],[32.59540167600005,39.28740839000004],[32.59529999500011,39.28751007100006],[32.59488999500008,39.28775007100018],[32.59469999499998,39.287860071],[32.59427999500009,39.28800007100003],[32.59340999500004,39.28830007100004],[32.59307999500008,39.28848007099998],[32.5929599950001,39.28866007100017],[32.59284999500003,39.28891007100003],[32.59277999500011,39.28904007100015],[32.59259999500017,39.28925007100014],[32.59240999500008,39.28944007099999],[32.59187999500011,39.28993007100005],[32.59188197200019,39.28991343100012],[32.59157290700012,39.28986210200002],[32.59120015300017,39.29105661100006],[32.59098999499997,39.29173007100015],[32.59075999500017,39.29271007100005],[32.59067999500014,39.2929400710001],[32.59063999500019,39.29305007100009],[32.590459995,39.29315007099997],[32.59021999500006,39.29321007100002],[32.59009999500007,39.29333007100019],[32.59005999500016,39.29358007100006],[32.59034999500017,39.29395007100013],[32.59034999500017,39.29433007100016],[32.5902299950002,39.29434007100007],[32.59005999500016,39.29433007100016],[32.59025999500017,39.29505007100006],[32.590459995,39.29560007100009],[32.5904499950001,39.29567007100016],[32.59038753600016,39.29576032600011],[32.5900099950001,39.29597007100013],[32.58989191500008,39.29602994300012],[32.58929999500015,39.29633007100006],[32.58880999500009,39.29653007100013],[32.58853999500013,39.29679007100015],[32.58849999500002,39.297040071],[32.58868999500008,39.29763007100019],[32.58889999500007,39.29808007100009],[32.58877999500009,39.29814007100009],[32.58867999500017,39.29800007100006],[32.58838999500016,39.29763007100019],[32.58787999500009,39.29790007100014],[32.58777999500013,39.29778007100016],[32.58745999500015,39.29807007100014],[32.58731999500007,39.29828007100013],[32.5872299950001,39.29841007100005],[32.58710999500012,39.29853007100019],[32.58713999500013,39.2984200710002],[32.58710999500012,39.29838007100005],[32.58709999500017,39.29836007100015],[32.58709999500017,39.29829007100003],[32.58708999500011,39.29821007100001],[32.58705999500006,39.29804007100017],[32.58705999500006,39.29788007100004],[32.58690999500008,39.29791007100005],[32.58676999500005,39.29795007100016],[32.58664999500007,39.29798007100017],[32.58652999500009,39.29800007100006],[32.58644999500007,39.29800007100006],[32.5854499950001,39.29776007100007],[32.58535999500009,39.29737007100017],[32.58433999500011,39.29736007100003],[32.5837799950001,39.29739007100007],[32.58369999500007,39.29683007100002],[32.58347999500018,39.29686007099998],[32.58339999500011,39.29687007100017],[32.58338164700019,39.29690676700017],[32.58175999500015,39.29701007100005],[32.5811299950001,39.29750007100006],[32.5811299950001,39.29752007100011],[32.58108999500011,39.29761007100013],[32.58104999500016,39.29766007100014],[32.58099999500013,39.29771007100005],[32.58039999500005,39.29783007100018],[32.57996999500016,39.29787007100013],[32.57972999500005,39.29791007100001],[32.57952999500005,39.29818007100005],[32.57948999500006,39.29819007100016],[32.57942999500013,39.29819007100016],[32.57911999500006,39.29809007100003],[32.57888999500017,39.29801007100021],[32.57884999500006,39.29801007100021],[32.57878999500009,39.29823007100011],[32.57874999500014,39.29835007100009],[32.57573999500009,39.29809007100003],[32.57578999499999,39.29789007099999],[32.57476999500017,39.29763007100019],[32.57372999500005,39.29768007100004],[32.57386999500012,39.2979200710002],[32.57303999500004,39.29806007100007],[32.57305999500005,39.29847007100006],[32.57303463200003,39.29849339600007],[32.57193999500015,39.29950007100019],[32.57099999500015,39.29954007100007],[32.57065999500008,39.29974007100014],[32.57039861000003,39.29977379800017],[32.57023721900011,39.29979462299998],[32.57003999500014,39.29982007100017],[32.56913999500013,39.2997900710002],[32.56870999500008,39.29924007100014],[32.56747999500003,39.29948007100013],[32.56727999500003,39.29986007100012],[32.56706999500004,39.29980007100011],[32.56618999500005,39.30001007100006],[32.56617999500014,39.30006007100013],[32.56617999500014,39.30012007100017],[32.56617999500014,39.3002000710002],[32.56457999500009,39.30049007100017],[32.56438999500016,39.30022007100006],[32.5636999950001,39.300400071],[32.56270999500008,39.30101007100007]]],[[[32.22080856200017,39.33134825400015],[32.21652451500017,39.32858572400004],[32.21612191600012,39.327660294],[32.21610952000005,39.32732657400009],[32.21545082700015,39.32667717500011],[32.21507161300018,39.32604242800011],[32.21394899500007,39.32576181800015],[32.21380099800013,39.32565902300009],[32.21366390300006,39.32540934400009],[32.21349063800007,39.32391490700018],[32.21301145199999,39.32304584800018],[32.21252565600012,39.32189612400005],[32.21230411900018,39.32145441200007],[32.21145424000012,39.32073392700006],[32.21160028400013,39.32012192700006],[32.21145406000011,39.3197292330001],[32.21111919300002,39.31936832700005],[32.21073633700011,39.31905287800013],[32.21021036500012,39.31879750100006],[32.21003343100007,39.31866149400008],[32.20995123300003,39.31825804300004],[32.20991537599998,39.31709957300011],[32.21006974100004,39.31511074900006],[32.21403367900012,39.31524031999999],[32.21625000000012,39.31420035200011],[32.21898765100018,39.31458068300005],[32.22051821400008,39.31549116300004],[32.22069352500012,39.31821662900016],[32.22367010000012,39.31905072100007],[32.22521363600009,39.31761693200018],[32.22943195699996,39.31591964299996],[32.23021592500003,39.31659908200014],[32.23029251500014,39.31735389000012],[32.23035259100015,39.31783462800005],[32.22991711700017,39.31957584499996],[32.23074624300007,39.3206289660002],[32.23147427900003,39.32002300000014],[32.23227906300019,39.31801879400003],[32.23258862000019,39.3178367160001],[32.23284151500017,39.31797466400013],[32.23293955200005,39.31886628200016],[32.23345175200018,39.31942085800004],[32.23403980500008,39.31821576200021],[32.23405876000009,39.31774415300016],[32.23506161000013,39.31714922000002],[32.23602761700004,39.31774059000014],[32.23775722900015,39.31964206000004],[32.23638243000018,39.32161447700005],[32.2380668240001,39.32320447200007],[32.23889514200005,39.32340519400001],[32.23963542000019,39.32089537900011],[32.23920984300007,39.32004756400006],[32.23822913800018,39.3187182430001],[32.23854496400001,39.31814314100012],[32.23891024400006,39.31809086300007],[32.23959019300008,39.31846599000009],[32.24117386400015,39.31831453200015],[32.24294611200002,39.31792208700009],[32.24445689500008,39.31768736300006],[32.24458165700009,39.31745281600011],[32.24473369100008,39.31722147600016],[32.24326029400012,39.31547641399997],[32.24103286700011,39.31568554100017],[32.2381686770001,39.31511872300015],[32.23686817400004,39.31538612400014],[32.23595070300007,39.31521152800012],[32.23481860400013,39.31431802800005],[32.23270577700013,39.31361516400001],[32.23174291600016,39.31291205400007],[32.23146140400013,39.31203398200012],[32.23134728600012,39.31079328300002],[32.23139296400018,39.3097977070001],[32.23250380400005,39.31007404300003],[32.23522147900012,39.30780267500002],[32.24039182200011,39.30631080100004],[32.241792848,39.30616461700002],[32.2430287300001,39.30535724400012],[32.245207549,39.30526406000008],[32.24608071800002,39.30449976000004],[32.24645005300017,39.30415631500012],[32.24604726800009,39.30340732800006],[32.24532216200017,39.30292183100018],[32.2453126800001,39.30257248800012],[32.24542502700005,39.3023868380002],[32.2466883070001,39.30190031899998],[32.24814460800012,39.30139763400008],[32.24816287600004,39.30167126800014],[32.24874477700014,39.3014983470001],[32.24929543300006,39.30163296600017],[32.24943426900012,39.30337436400005],[32.24882616100012,39.30408193400012],[32.24941687500012,39.30702898500015],[32.25091551800006,39.30697977200008],[32.25173482600014,39.30738873000018],[32.25236036000006,39.30833033000012],[32.25217676200013,39.3095914810001],[32.25408960300001,39.31105578600016],[32.25518209900004,39.31126688400008],[32.25946178300006,39.31128311400015],[32.26179313900008,39.3114921470001],[32.26459739100012,39.31128059700001],[32.26677445100012,39.31097495400002],[32.26696782900013,39.31078402600009],[32.26728421800009,39.31024662999999],[32.26740966000016,39.30993578700014],[32.26791122000009,39.30790103500001],[32.26915341200004,39.30634410600004],[32.27096038500007,39.30483161000008],[32.27430957700004,39.30345303000012],[32.27782408200018,39.30195641299999],[32.27903103900012,39.30414363800007],[32.27796907800007,39.30557315300013],[32.27919938200011,39.30871443700016],[32.28078168700017,39.30830975400017],[32.28591687100015,39.30856429000008],[32.28915546600017,39.31022528300011],[32.29388933700005,39.31082439200004],[32.2944993720002,39.30964151300013],[32.2950501680001,39.30828736700015],[32.2953680860001,39.30810526600012],[32.29677106700012,39.30786605800007],[32.29904609100002,39.30810093200012],[32.30016625500018,39.30767421000014],[32.30273583400007,39.3080611670001],[32.30465965900002,39.30647696600004],[32.30464025700017,39.30582808999999],[32.30503966600009,39.30499287500007],[32.30808603000007,39.30363054900014],[32.312135137,39.30342665100018],[32.31058559800017,39.30197867700008],[32.31371666,39.30118614200013],[32.31486069600005,39.30072860700004],[32.31468526800005,39.30023166900013],[32.3147270000001,39.29905490300013],[32.32118618100013,39.29800174400008],[32.32343006000009,39.29678739999996],[32.32135972800006,39.29475799300015],[32.32185709800017,39.29429292800017],[32.32271099400008,39.29380024800009],[32.32265690900015,39.29344114000003],[32.32676964200004,39.29348169599999],[32.32672742400006,39.29325184600004],[32.32681187000013,39.29275878500017],[32.32694246499999,39.29243179000021],[32.32719062700009,39.29217030200004],[32.32751842100008,39.29182103400012],[32.32773197200004,39.2915431390001],[32.3278825730002,39.29130449700011],[32.32828388300015,39.29077917000009],[32.32864630900011,39.29019959100013],[32.32897743800009,39.28948990000016],[32.32954908000011,39.28913191900012],[32.32982014,39.28933992200018],[32.33035100300015,39.28938885300003],[32.33101770400016,39.28989732300002],[32.332042708,39.28997775800016],[32.33259784800013,39.28985315500012],[32.33270955100006,39.28976436600009],[32.33299399300017,39.28960967400012],[32.33341379000017,39.28946513400003],[32.33455901100012,39.28961875300007],[32.33601190200015,39.28999745300011],[32.33737591000006,39.28997435600008],[32.33940865900011,39.29078928100012],[32.34034761200006,39.28991737500008],[32.34110644400018,39.28933744600018],[32.34175167900005,39.28904767200014],[32.33890091800014,39.28678976300014],[32.33845344600009,39.28603017200003],[32.33899722300004,39.28557906900012],[32.34166800100019,39.28429539800003],[32.3417045700001,39.28388616100005],[32.34419555800014,39.28247691700016],[32.34472599100006,39.28335900200005],[32.34574985500008,39.28399655900012],[32.34882078400005,39.28431505900014],[32.34972227799999,39.28346358700011],[32.35056780999996,39.28250267900013],[32.35067570300014,39.28238723800006],[32.35127121700005,39.28174362400012],[32.35272602300012,39.2806289880001],[32.353056518,39.28041962600005],[32.3546414250002,39.27946458900009],[32.35581326200004,39.27910052200014],[32.35670908700018,39.27866195800001],[32.35753239500007,39.27893396799998],[32.35822237700017,39.27927377000004],[32.35891920500007,39.27980427200009],[32.35973878900005,39.2802314440001],[32.35928848900009,39.27975361500005],[32.35910916000008,39.27945838300013],[32.35897712800015,39.27916624100013],[32.36046383400009,39.27896788400015],[32.36178657200006,39.27694757800013],[32.36496060399998,39.27645804100008],[32.36752872100011,39.27607861199998],[32.36876504900009,39.2761612280001],[32.37007192300007,39.27563695600008],[32.37168339400007,39.27564830700003],[32.37592395200009,39.27534173800012],[32.37802148300018,39.27505285600004],[32.378235228,39.27504254800011],[32.38100364500021,39.2748796680001],[32.38152439300013,39.27533690900005],[32.38160965800019,39.27545547500002],[32.38163433200007,39.27549951200007],[32.38170487800004,39.27554368400016],[32.38195138500009,39.27564598400011],[32.38227501600016,39.2757832130002],[32.3824857670001,39.27587489400003],[32.38260138200015,39.27594137600002],[32.38268645300019,39.27599232300008],[32.38274242400007,39.27603538600016],[32.38279488100005,39.27610110100017],[32.38286287000012,39.27621018100012],[32.38289436500013,39.27627448700012],[32.38293641900009,39.27639270300019],[32.38300428400011,39.27654601100004],[32.38302827100001,39.2766411100002],[32.38303706000011,39.27672722500013],[32.38303674200012,39.2767635790001],[32.38304488400007,39.27681481700007],[32.3830569940002,39.27684901200018],[32.38306609700015,39.27689951499995],[32.38320478500007,39.27697815599999],[32.3832996650001,39.27704469399998],[32.38335259700008,39.27709548700003],[32.38337733700013,39.27714814900015],[32.38339505699999,39.27721769200014],[32.38340012000013,39.27729340000013],[32.38339616100008,39.27735303200011],[32.38338201600011,39.27739836600011],[32.38336454400007,39.27743121600002],[32.38335509900008,39.27746321900008],[32.38335253500003,39.27749436800009],[32.38335451300004,39.27752999300009],[32.38337574000007,39.27759154100006],[32.38337547700013,39.27762136600013],[32.3833502030002,39.27767317000014],[32.38329404700015,39.27776265100015],[32.3831857710001,39.27791714700015],[32.38309791900006,39.27802871900014],[32.38179244200016,39.27900894200015],[32.37809336800018,39.28017209000011],[32.37551013500007,39.28035654700003],[32.37229483300014,39.28043146800007],[32.37050714700019,39.28036486500003],[32.36938889600011,39.28068851300015],[32.36746545900004,39.28126873000008],[32.36597810100007,39.28209774200013],[32.36405166600007,39.28317861400003],[32.36359832600009,39.2833765700001],[32.36425917200005,39.28411512700018],[32.36447025900002,39.28442771600014],[32.36466599300002,39.28460703300015],[32.3650114360001,39.28481006100008],[32.36557760300015,39.28533809500009],[32.363758492,39.28670523600017],[32.35810294000016,39.28963533400009],[32.3571849950001,39.29122334400007],[32.35424517000011,39.29077985100002],[32.35387926400005,39.29139370900005],[32.35392439700018,39.29200217300008],[32.35014500000019,39.29552716000017],[32.34856701300008,39.29560543500013],[32.3430280490001,39.29716068700004],[32.34057083700002,39.29908389100017],[32.33906476400015,39.29990535800003],[32.33796122799997,39.30073912600011],[32.33639917400006,39.30104228300006],[32.33540283000008,39.30114728700003],[32.33468889200016,39.30153919100008],[32.33364058200011,39.30186112300014],[32.33253034400006,39.30179502500015],[32.33007730000013,39.30198619900018],[32.32961315200009,39.30191569300018],[32.32840671300004,39.30170703200006],[32.32766443200017,39.30157864400015],[32.3284678230001,39.30012708700019],[32.328346341,39.29948572800012],[32.32851750600001,39.29903672900019],[32.32946409700016,39.29859219800009],[32.33088180400011,39.29712073900016],[32.33232794200018,39.29645268900005],[32.329994584,39.29657107700013],[32.32476314400009,39.2982477080002],[32.32320024800011,39.29923227700006],[32.3219015110002,39.30040390800008],[32.32072800500011,39.30136750400003],[32.31978243400009,39.30246588700006],[32.31785284500007,39.30384772000009],[32.3170910230001,39.30419051200003],[32.31664643200013,39.30394587500013],[32.31556561499999,39.30505496100005],[32.31433291200007,39.30506875300011],[32.31231051900012,39.30734029800006],[32.31054195800012,39.30830997100007],[32.3088709150001,39.30947556399999],[32.30803012200012,39.31020356900007],[32.30418352400016,39.30984430000012],[32.30241263300007,39.31062555500017],[32.29957523000008,39.31060851900004],[32.29655195800017,39.31194845500004],[32.29752570500005,39.31227868400006],[32.29720261300013,39.31331963200002],[32.296759029,39.31367364400005],[32.29577660300009,39.31444990800014],[32.29540584000006,39.3150625010001],[32.28888693100002,39.31502623800006],[32.28870334900017,39.31462548900004],[32.2884676740001,39.31414708800014],[32.28839177300009,39.31409360599995],[32.28818363100014,39.313619406],[32.28785951400006,39.3129506100001],[32.28757393400002,39.31296274400007],[32.28551327800006,39.313632396],[32.28437044800003,39.31375538700019],[32.28175113700013,39.31375858700005],[32.28094792100006,39.31437701000014],[32.28082584100007,39.31464785100012],[32.28062852500013,39.31471688600004],[32.28042268400004,39.31477527300019],[32.28006843900015,39.3157297600002],[32.27989439500013,39.31751741500007],[32.27958089800006,39.31802064000006],[32.27941901000013,39.31827123300009],[32.27937967499996,39.31838349000002],[32.27935740300011,39.31850096700003],[32.27937593100005,39.31856508900002],[32.27941827100015,39.31910584800012],[32.27968004100019,39.31953812100004],[32.27980771000016,39.3197350800001],[32.27954646700009,39.31998418000013],[32.27958069700008,39.32010739500009],[32.27972219900012,39.32042002100002],[32.27987202900005,39.32106141700017],[32.28001208900008,39.32105136500006],[32.2801020870001,39.32154053400013],[32.27997859900019,39.32156397300002],[32.28002235400013,39.32174944000018],[32.28007253100013,39.32191516700011],[32.28005257200016,39.32199775200014],[32.27999720600017,39.32204613300011],[32.2799509620001,39.3221180120001],[32.28013854500007,39.32302443300004],[32.27943298200005,39.32343264700005],[32.27892060200014,39.32358680100005],[32.27766764500011,39.32381844200011],[32.27668006800017,39.3239354340002],[32.27615161800013,39.32393898900006],[32.27488225700002,39.32376407600001],[32.27332495500014,39.32387104400003],[32.27221390100006,39.32403424800002],[32.27179175000003,39.32391994000015],[32.2676818260001,39.32391116300003],[32.26719017900007,39.32377642900007],[32.26631346300019,39.32348420900004],[32.26600429300014,39.32332844900014],[32.26550696800012,39.32316509500013],[32.26441813700016,39.32322802800014],[32.26195628300006,39.323516612],[32.26133465200007,39.32371711000008],[32.26125067400004,39.32376644000009],[32.26047704300009,39.3237690080001],[32.25954473900005,39.32359853000002],[32.25928486200013,39.32330290700002],[32.25879010900012,39.32243787700003],[32.25724386999997,39.32206126900012],[32.25674593000021,39.32289413000017],[32.25652917000019,39.32303635100015],[32.25623093000016,39.32328297000005],[32.25593809000016,39.32351206600014],[32.25566474900016,39.32370616800006],[32.25545646100016,39.32383314900017],[32.2551858150001,39.32393677200015],[32.2549235350001,39.32407151200011],[32.25468450300007,39.32406507299997],[32.25452707100015,39.32408112500006],[32.25440229500015,39.32408305500006],[32.25403949100014,39.32407936600003],[32.25374307500016,39.32411158500015],[32.25363829400008,39.32413343000007],[32.25355824400005,39.32422571900015],[32.25346267700002,39.32437249800007],[32.25327117900004,39.32445247200017],[32.25314516300004,39.32457107800003],[32.25309210500014,39.32468605700008],[32.25304853500005,39.32473490800008],[32.25296478700007,39.32476166599998],[32.25290969900011,39.32480199000015],[32.25285428900016,39.32485731500002],[32.25280281500018,39.32493886900017],[32.25274899900012,39.32504251700004],[32.25268085700004,39.32510513000017],[32.25258951600016,39.32516841299998],[32.2524456460002,39.32521416300005],[32.25228767000004,39.32529749000007],[32.25205154300016,39.32539341500013],[32.2518212690001,39.3255335940001],[32.25167080300008,39.32560468600015],[32.25148903200007,39.32564527800007],[32.25128950500014,39.32567019800001],[32.25098391300008,39.32565594900019],[32.25069715699998,39.32565492200018],[32.2505572080001,39.32562945600007],[32.25043524200009,39.32559837300006],[32.2502764680001,39.32556615400011],[32.25019184900013,39.32548903800013],[32.25016099900006,39.32537216800005],[32.25014262400001,39.32524470300005],[32.25012235300006,39.32515260000003],[32.25003301400006,39.32513080000015],[32.24993725000013,39.32514197500011],[32.24981512500005,39.32520486100016],[32.24975018200008,39.32531528100006],[32.24969327700005,39.32552597799999],[32.24963932500002,39.32560227500019],[32.24957767200004,39.32565871800018],[32.24949025900015,39.32565438100006],[32.2494113300001,39.32558367900008],[32.24934090400011,39.32553567600007],[32.24926623599997,39.32552085500004],[32.24914500300001,39.32555030900016],[32.248017973,39.32638488399999],[32.24625770200016,39.32593388300005],[32.2461487270001,39.32567866300015],[32.24521864400016,39.32559743900014],[32.24490775300006,39.32568907300009],[32.24307665600003,39.32703787200006],[32.24168501400015,39.32851820000012],[32.23911208600009,39.32892007500008],[32.23907138800008,39.32946668900018],[32.23335238000011,39.32950737800007],[32.2311461230001,39.33116827399996],[32.22690807400016,39.32901608500003],[32.22599454500016,39.33008768200013],[32.22080856200017,39.33134825400015]]],[[[32.68736999800019,39.33573007800015],[32.68756999700015,39.33675007800018],[32.68742049700017,39.33680831000004],[32.68692847700015,39.33698817900005],[32.68663189700015,39.33713272100014],[32.6861404460001,39.33745334000009],[32.6856972840002,39.33769055400018],[32.68534085100008,39.33775634600006],[32.68480085400004,39.33767859400006],[32.68436017200003,39.33736269800006],[32.68384246600016,39.33676725500008],[32.68349874900007,39.33639678600008],[32.6831842640001,39.33603538900012],[32.68294169500017,39.33568004000013],[32.6829399970002,39.33552007799997],[32.68279999700012,39.33374007800017],[32.68269999700004,39.33367007800005],[32.68266999800016,39.33352007800007],[32.68257999800014,39.33350007800006],[32.68245999800017,39.3334900780001],[32.68239999700012,39.33326007800006],[32.68239999700012,39.3332400780002],[32.68261999700017,39.3332300780001],[32.68280999799999,39.3332300780001],[32.68281999700002,39.33320007800005],[32.68285999700013,39.33292007800003],[32.68296999800008,39.33271007800003],[32.68295999800017,39.33264007800012],[32.68285999800009,39.33264007800012],[32.6827799970001,39.33268007800007],[32.68268999800001,39.332740078],[32.68261999700017,39.33269007800014],[32.6825299970002,39.33267007800008],[32.68273999800012,39.33250007800005],[32.68283999700007,39.33241007800007],[32.68282999800005,39.33236007800001],[32.68278999800013,39.33233007800005],[32.68266999800016,39.33228007800015],[32.68242999700009,39.33221007800007],[32.68223999700019,39.33213007800005],[32.68208999800009,39.33204007800003],[32.68196999800011,39.33195007800003],[32.68178999800017,39.33175007800002],[32.68175999700009,39.33170007800016],[32.68173999800011,39.33154007800003],[32.68172999700012,39.33145007800006],[32.68164999800013,39.33145007800006],[32.68160999799998,39.33147007800012],[32.68169999800016,39.33127007800012],[32.68174999700017,39.33114007799999],[32.68176999699999,39.33105007800002],[32.68176999800011,39.33094007800011],[32.68124999800006,39.33096007800005],[32.68092999800007,39.3307000780002],[32.68091999800016,39.33083007800008],[32.68082999800016,39.33071007800007],[32.68066999800003,39.3307000780002],[32.6803699980001,39.33072007800006],[32.68019999700014,39.33076007799996],[32.67996999800006,39.33078007800002],[32.67986999800014,39.33081007800006],[32.6797999970001,39.33081007800006],[32.6794299980001,39.33080007800007],[32.67927999800013,39.33078007800002],[32.67893999700017,39.33076007799996],[32.67870999800004,39.33069007800009],[32.67846999800009,39.33066007800004],[32.67825999700006,39.33060007800007],[32.67811999800011,39.33054007800003],[32.67800999700012,39.33052007800001],[32.67789999799997,39.3305100780001],[32.67772999700009,39.33052007800001],[32.67751999799999,39.33055007800006],[32.67738999699998,39.33057007800011],[32.67712999700017,39.33064007799994],[32.67691999800006,39.33066007800004],[32.67692999700013,39.33075007800006],[32.6769499980001,39.33088007800018],[32.67694999700019,39.3309800780001],[32.6769499980001,39.33109007800009],[32.67697999700015,39.33128007800018],[32.6770199970001,39.33148007800006],[32.6770393550001,39.33155105600007],[32.6770499970001,39.33159007800009],[32.67708999700006,39.33173007800013],[32.67714999700003,39.33201007800007],[32.67711999800014,39.33202007800014],[32.67704999800002,39.33175007800002],[32.67700999800007,39.33164007800016],[32.67690999800016,39.33147007800012],[32.67685999800009,39.33148007800006],[32.67679359400012,39.33133989200017],[32.67649999800016,39.33072007800006],[32.67614999800014,39.33044007800014],[32.67645999800005,39.33011007800002],[32.67625999700009,39.32980007800011],[32.67613999700011,39.3295900780002],[32.67620999800015,39.32948007800013],[32.67614999800014,39.3291200780002],[32.67612999700005,39.3289000780001],[32.67591999700005,39.32837007800013],[32.67591999700005,39.32826007800007],[32.67592999800008,39.32815007800004],[32.67593999799999,39.32807007800014],[32.67597999700002,39.327980078],[32.67604999800006,39.32788007800008],[32.6760699970002,39.32778007800016],[32.67606999800012,39.32771007800005],[32.67604999800006,39.32762007800007],[32.6760099980001,39.32759007800007],[32.67593999799999,39.3275600780001],[32.67586999700019,39.32754007800001],[32.67564999700009,39.32752007800015],[32.67558999700009,39.327510078],[32.67551999700017,39.32754007800001],[32.67556999800011,39.32747007800009],[32.67539999800012,39.32741007800012],[32.67527999700017,39.3275600780001],[32.67518999800012,39.32771007800005],[32.67493999700014,39.32797007800009],[32.67489999700003,39.32799007800011],[32.67474999800017,39.32796007800015],[32.67468999800012,39.32792007800003],[32.67465999800016,39.32787007800017],[32.67453999700006,39.32784007800017],[32.67436999700002,39.32799007800011],[32.67422999699999,39.32796007800015],[32.67425999800007,39.32790007800014],[32.67418999799996,39.32787007800013],[32.67416999700002,39.32754007800001],[32.67397999800005,39.32744007800012],[32.67389999700011,39.32729007800015],[32.67372999700002,39.32705007800019],[32.67369205199996,39.32666582000017],[32.6736371780001,39.32661430000019],[32.67332529500011,39.3263214800001],[32.67301359300006,39.32602020700011],[32.67272157800016,39.32544720200006],[32.67239253300004,39.32491700600008],[32.67191622300003,39.3243720890002],[32.67176405700008,39.32400772600015],[32.6717701410001,39.32368984900003],[32.67180167499999,39.32204239600009],[32.671814821,39.32135555400009],[32.67191574000007,39.32071231400015],[32.67195413299997,39.32046760700008],[32.67195720200015,39.32044804200014],[32.67204438600009,39.31989234200017],[32.67205348700004,39.31983433000012],[32.66727803400012,39.31972496600019],[32.66697848399996,39.31975940200016],[32.66676015800004,39.31978450000011],[32.66637161400006,39.31982916600009],[32.66589253500011,39.31988424000017],[32.66549653200012,39.31992976400007],[32.66474812300011,39.31832183000007],[32.6652216730002,39.3171410880001],[32.66462756800016,39.31572862299998],[32.66618948000006,39.31535533000011],[32.66809339100012,39.31448027300005],[32.67333839500016,39.31198948600012],[32.67329891500009,39.311899704],[32.67310185600017,39.31185771499997],[32.67285136400007,39.31183590300012],[32.6726379,39.31185875700009],[32.67245457300005,39.31189342200004],[32.67236127200005,39.31188107300018],[32.67234502299998,39.31187024200004],[32.67226978500003,39.31181003100018],[32.67215063800017,39.31167835300011],[32.67207681800009,39.31153820400011],[32.67204723200016,39.31140834200004],[32.67200243800018,39.31130267300004],[32.67190324500008,39.31120857700013],[32.67173356500007,39.31112288300012],[32.67163731500006,39.31104521300013],[32.67154829900016,39.31092691100009],[32.67154697600018,39.31091191000021],[32.67152934700004,39.31071188000016],[32.67151389400012,39.31053654000004],[32.671304718,39.31057022400011],[32.6711124710002,39.31057593600006],[32.67106939500019,39.31058688700017],[32.67101028500009,39.31049420700014],[32.67099069800015,39.31037883700002],[32.6709895670001,39.31026221500013],[32.67100700700014,39.31011958600016],[32.67100414400015,39.31001468599999],[32.67096351200018,39.30991619500016],[32.67090532900013,39.30980462500015],[32.67084541500009,39.30970477700005],[32.67063255800018,39.30968081499999],[32.67053451700014,39.30966979700015],[32.67060951200007,39.30962038700014],[32.67067299500009,39.30957856300007],[32.67080834700005,39.30945511000005],[32.67088418200002,39.30935287700003],[32.67092383700002,39.30924041000007],[32.67097845600019,39.30902666400017],[32.67108750000017,39.30862807100009],[32.67123223000004,39.30852317600004],[32.67150774500005,39.30848549000012],[32.67152984100004,39.30840862300012],[32.67176458000008,39.30805184700005],[32.67187642800006,39.30789173800019],[32.67215214400009,39.30759699900007],[32.67270481400006,39.30729189000017],[32.67340575200014,39.30787180000014],[32.67349127300002,39.30794255400012],[32.67369503600009,39.30787692800005],[32.67366547200008,39.30784518100018],[32.67399877000013,39.30780444100004],[32.67454264700012,39.30774931200016],[32.67478764200008,39.30773238600016],[32.67489001300008,39.30772531400009],[32.67529509700007,39.30764800500001],[32.67546827400009,39.3074879700002],[32.67542016800019,39.30718793800008],[32.6754239760001,39.30698864100001],[32.67542526300013,39.30692125100011],[32.67544555200017,39.30686363400006],[32.67550243100015,39.30670210700008],[32.67565445100014,39.30637097000015],[32.67567143900011,39.3062420100001],[32.67573900900015,39.30572906900003],[32.67569884200014,39.30545132200007],[32.67567921200008,39.30531558399999],[32.67591432200003,39.30534483400014],[32.67486999500007,39.30436007100015],[32.67480895800001,39.3042990340001],[32.6747399950001,39.30423007100003],[32.67470018600012,39.30420835700015],[32.67449303400021,39.30384414000015],[32.67396764900015,39.3029204020001],[32.67395081500019,39.302705715],[32.67487744000005,39.30117342800015],[32.67519815400008,39.30064308900008],[32.67543297700009,39.30022497900013],[32.67566994100014,39.29980305800012],[32.67646682600009,39.2988548220002],[32.67711726699996,39.29812488100008],[32.67766470099997,39.29765898500006],[32.67861395900017,39.29685111600008],[32.67868999500007,39.29680007100005],[32.67876999500017,39.29672007100003],[32.67932365000018,39.29679486400006],[32.67955935900006,39.29685417799998],[32.67960364700021,39.29686532300013],[32.67989948700018,39.29693976900002],[32.68066251500004,39.29730743700014],[32.68121278199997,39.29744900900011],[32.68158885700011,39.29742844900017],[32.68168598699999,39.29742313900009],[32.68234849600002,39.29756387500002],[32.68344620500015,39.29741454300009],[32.68518620200012,39.2967327530002],[32.68781032600005,39.29637501800018],[32.69054991400003,39.29608836100016],[32.69097928400002,39.29595915400002],[32.69118645500001,39.29566531700017],[32.69120720700018,39.29566797700015],[32.69189593200021,39.29567697300001],[32.69217845700008,39.29550307300001],[32.69262059700002,39.29542530600009],[32.69314914900006,39.29504278500013],[32.69320148200008,39.2945539860001],[32.69345205700007,39.29397380500014],[32.69353628900012,39.29364265600004],[32.69419700700007,39.29390970600007],[32.69469637300018,39.29390600700005],[32.69520864400004,39.29404842900008],[32.69568106600004,39.29400315800017],[32.69642617100014,39.29430892099997],[32.69670137700017,39.29426961500012],[32.69723763800005,39.29402507800007],[32.69818178900012,39.29404021900012],[32.69845412500007,39.29411885000019],[32.69858842800006,39.29428775400009],[32.69871992000016,39.29438897500007],[32.69897634900015,39.29439478000008],[32.69928556700012,39.29459444200005],[32.69954059200019,39.29456187100016],[32.69984075800009,39.29466851799999],[32.70031877500016,39.29448998600012],[32.7012828440001,39.29437379800014],[32.70306668000006,39.29287838600003],[32.70563085800011,39.29101957700015],[32.70681410000013,39.29016182900004],[32.70728564500018,39.28981999900002],[32.70823521800013,39.28897651000013],[32.7086984250002,39.28819149500008],[32.70954551200003,39.28746773200015],[32.7110117280002,39.28619603200009],[32.71244876500015,39.28596617700001],[32.71346524600017,39.28591452299998],[32.71470781499998,39.28582491000016],[32.71499065400008,39.2856363210001],[32.71520999500017,39.28549007100003],[32.71531067400006,39.28548527700019],[32.71541999500015,39.28548007100012],[32.71549999500018,39.28552007100008],[32.71558999500019,39.2856000710001],[32.7156799950002,39.28564007100005],[32.71582431700007,39.28566893500012],[32.71592079800014,39.28566982800007],[32.71624999500004,39.28557007100009],[32.71637999500017,39.28558007100004],[32.71644999500013,39.28556007100015],[32.71652999500014,39.28552007100008],[32.71663999500006,39.28541007100013],[32.7167599950002,39.28533007100014],[32.71687999500017,39.28529007100019],[32.716989995,39.28526007100002],[32.71728999500016,39.28521007100017],[32.71751999499997,39.28520007100002],[32.71772999500011,39.28522007100008],[32.71784999500009,39.28526007100002],[32.71810999500014,39.2853800710002],[32.71815999500016,39.2854000710001],[32.71825999500008,39.28542007100015],[32.71830275400002,39.28541179500015],[32.71882999500021,39.28556007100015],[32.71887999500007,39.28561007099997],[32.71918999500014,39.28572007100008],[32.71940999500003,39.28576007100003],[32.71957999500011,39.28579007100019],[32.71976999499996,39.28586007100011],[32.71981999500006,39.28574007100013],[32.71996999500004,39.28569007100008],[32.72036999500013,39.28566007100011],[32.72058999500018,39.28559007100019],[32.72085999500014,39.2854000710001],[32.72105999500014,39.28533007100014],[32.72144999500011,39.28534007100005],[32.72174999500004,39.28536007100015],[32.72196999500009,39.28534007100005],[32.72259999500007,39.28536007100015],[32.72484999500006,39.28451007100016],[32.72583999500008,39.28428007100011],[32.72695730700012,39.28414802500002],[32.72703999500004,39.28428007100011],[32.72716999500017,39.28459007099998],[32.72870999500001,39.28461007100008],[32.72925999500008,39.28473007100006],[32.73087999500018,39.28484007100009],[32.73106999500011,39.28548007100012],[32.73090999500015,39.28582007100016],[32.73125999500017,39.28613007100007],[32.73132999500008,39.28559007100019],[32.73158999500009,39.28487007100013],[32.73271999499998,39.28468007100004],[32.73336999500013,39.28458007100004],[32.73416999500006,39.28463007100014],[32.73525999500004,39.28479007100002],[32.73778999500006,39.28510007100009],[32.73801495100004,39.28509404500016],[32.73802585700007,39.28550119100011],[32.7383685450002,39.28621442000021],[32.73937048000005,39.28829972400009],[32.7394527100001,39.2884708670001],[32.73944433200013,39.28850466200014],[32.73939565500005,39.28908863200017],[32.73916420000017,39.29186535500015],[32.73912993800017,39.29227639500007],[32.7391054240001,39.29257048300001],[32.73876260399999,39.29354456699996],[32.73864924200004,39.29386667400007],[32.73766208700015,39.29471645400007],[32.7352295690002,39.29478133499997],[32.73389252500004,39.29513503100014],[32.73183999500004,39.29853007100019],[32.73103697099998,39.30074138200014],[32.72948604500012,39.30198370500013],[32.72700905700016,39.30396782200007],[32.72698999500018,39.30400007100018],[32.72697331800016,39.30399602200009],[32.72629083600013,39.30383031600008],[32.72608815800011,39.30378110600009],[32.72516216600019,39.30355627700003],[32.72455999500004,39.30341007100004],[32.72265021700007,39.30577020300008],[32.72215597700006,39.30645154700018],[32.72211649700019,39.30678689300003],[32.72220389200002,39.30727528200003],[32.72249636800008,39.30775260700015],[32.72270456300016,39.3079947140002],[32.72300431600019,39.30857442600001],[32.7231133970001,39.30892594500008],[32.72343823900012,39.30930741100018],[32.72353816100019,39.30967938600011],[32.72359771900016,39.31010864700005],[32.72355999500008,39.31011007100017],[32.72354999500009,39.31006007100011],[32.72270999500005,39.31004007100005],[32.72260999500013,39.31003007100014],[32.72239999499998,39.31003007100014],[32.7216058620001,39.31038389300012],[32.72080845200003,39.3107391740001],[32.71936999500012,39.31138007100009],[32.71974196800012,39.31262279800016],[32.71918238700006,39.31279408500002],[32.71810042900007,39.31298150000014],[32.71707781300019,39.31333931700005],[32.71619946300018,39.31373463900002],[32.71475999500006,39.31383007100009],[32.71388999500006,39.31401007100011],[32.71375916300003,39.31530969300009],[32.71356400800015,39.31695386600008],[32.71356854599996,39.31750474700006],[32.71236695600002,39.31778822800013],[32.71142982800014,39.31814900800016],[32.71009587000008,39.31825629100005],[32.70904889400014,39.31746429300006],[32.70904119800019,39.31745847200006],[32.70901417400011,39.31743802900001],[32.70752758400005,39.31626961900002],[32.70716396200014,39.31547418600019],[32.70637657800017,39.31443992800007],[32.70074585300016,39.31406575600016],[32.69908202800006,39.31340107500017],[32.69404999500018,39.31240007100011],[32.69431999500014,39.31187007100015],[32.69434999500014,39.31157007100015],[32.69402999500012,39.31104007100002],[32.69358999500012,39.31106007100011],[32.69324999500009,39.31128007100017],[32.69326999500011,39.31158007100009],[32.69311999500012,39.31160007100015],[32.69283999500006,39.31160007100015],[32.69297999500009,39.31220007100003],[32.69311999500012,39.31217007100007],[32.69330999500006,39.31214007100007],[32.69363999500018,39.31216007100016],[32.69377999500006,39.31219007100012],[32.69380999500002,39.31222007100013],[32.69379999500011,39.31234007100011],[32.69377999500006,39.31239007100017],[32.69351999500005,39.31242007100017],[32.69341999500013,39.31264007100011],[32.69323999500011,39.31254007100015],[32.69314999500013,39.31274007100015],[32.69273999500014,39.31278007100014],[32.69270999500014,39.31284007100007],[32.69243999500002,39.31279007100001],[32.69240784200007,39.3128543780001],[32.69237999500017,39.31291007100003],[32.69243950400006,39.31326998900015],[32.69201999500008,39.31320007100004],[32.69194999500012,39.31318007100015],[32.69184999500004,39.31316007100009],[32.69177999500008,39.31355007100007],[32.69187999500001,39.31355007100007],[32.6920699950001,39.31358007100003],[32.69230999500009,39.31364007099999],[32.69264999500017,39.31374007100015],[32.69272999500003,39.31376007099998],[32.69290999499998,39.31374007100015],[32.69332999500011,39.31373007100017],[32.69327999500005,39.31374007100015],[32.69310999500006,39.31387007100004],[32.69353999500011,39.31422007100007],[32.69346999500015,39.31433007100005],[32.69340999500014,39.31434007100008],[32.69322999500004,39.31448007100008],[32.69333999500002,39.31463007100005],[32.69315999500008,39.31494007100012],[32.69351999500005,39.31529007100011],[32.69331999499997,39.31540007100018],[32.69330999500006,39.31548007100004],[32.69274999500009,39.31573007100014],[32.69281999500004,39.31594007100013],[32.69280999500005,39.31622007100016],[32.69283999500006,39.31638007100008],[32.69284999500017,39.31652007100012],[32.69283999500006,39.31660007100015],[32.69277999500009,39.31677007100014],[32.69274999500009,39.31697007100006],[32.69273999500014,39.31718007099997],[32.69274999500009,39.31841007100018],[32.69277999500009,39.31916007100005],[32.69249999500015,39.31980007100008],[32.69247999500009,39.32019007100014],[32.69184999500004,39.32037007100021],[32.69144999800004,39.32172007900015],[32.69219999900002,39.3221300810001],[32.69254999800012,39.32222008100012],[32.69290243700011,39.32196732200011],[32.69292507800011,39.32195108600012],[32.69347996900005,39.32155313400013],[32.69353999900007,39.32151008200008],[32.69432999900004,39.32134008100013],[32.69431999800001,39.32120008200017],[32.69457999900014,39.3211300820001],[32.69459999900004,39.32073008200017],[32.69609999800009,39.32076008199998],[32.69618999800002,39.32076008199998],[32.69708999900019,39.32130008100002],[32.69731085800004,39.32099742600015],[32.69789999800014,39.32019008100018],[32.69831999800004,39.32020008100012],[32.69941445200003,39.31911077500005],[32.69951088100009,39.31901479800002],[32.70142999900009,39.31910008200016],[32.70171999799998,39.31918008100014],[32.70179999900017,39.31918008199999],[32.70180162799998,39.31917967400015],[32.70183999799996,39.319170081],[32.70386999900018,39.32027008200016],[32.70417999900009,39.32045008200015],[32.70435999800015,39.32053008200018],[32.70445999900015,39.32056008100006],[32.70452999900011,39.32056008000018],[32.70423951500005,39.32078109800016],[32.70406999700002,39.32091007800016],[32.70429999700006,39.32132007800011],[32.70451999700016,39.32122007800007],[32.70471999700016,39.32169007800007],[32.70475999700012,39.32188007800016],[32.70525999799996,39.32189007800007],[32.70512999700016,39.32216007800002],[32.70507999700009,39.32232007800012],[32.70508999800012,39.32249007800016],[32.70512999700016,39.32262007800004],[32.70517999800013,39.32275007800016],[32.70519999700007,39.32281007799997],[32.70460999700013,39.32282007800012],[32.70462999800007,39.32298007799997],[32.70481999800016,39.32306007800008],[32.70394999700004,39.32358007800013],[32.70398999700019,39.32373007800011],[32.70497999800013,39.32433007800016],[32.70506999800006,39.32428007800014],[32.70508999800012,39.32440007800012],[32.7058838180001,39.324885621],[32.70611999700001,39.32503007800016],[32.70697717900003,39.3254586700001],[32.70681199500007,39.32576983300002],[32.70658867200014,39.32632238200017],[32.70626731700013,39.3268270020002],[32.70561351299999,39.32755011800016],[32.70507188900014,39.32787298500009],[32.70396567500014,39.32813719700017],[32.70360999800005,39.3282300780001],[32.70315999800015,39.3282300780001],[32.7032299980001,39.32835007800008],[32.70326999800017,39.32848007800017],[32.70328999700011,39.32863007800019],[32.70325999700015,39.32875007800016],[32.70319999800006,39.32893007800007],[32.70318999700003,39.32901007800013],[32.703179998,39.32909007800004],[32.70315999800015,39.32913007800011],[32.70314999700015,39.32919007800012],[32.70303999700009,39.32923007800007],[32.70301999800011,39.32927007800014],[32.70302999800002,39.32938007800001],[32.70305999800002,39.32955007800005],[32.70309999700005,39.32968007799997],[32.70315999700006,39.32994007800018],[32.70265999700006,39.33043007800003],[32.69934999700013,39.33113007800004],[32.69875999800008,39.33182007800014],[32.69893999800002,39.33261007800012],[32.69785999500011,39.33280007100013],[32.69649999500001,39.33312007100011],[32.69626999500021,39.33329007100014],[32.69622999500005,39.33327007100013],[32.69597999800011,39.33325007800016],[32.69579999800009,39.33321007800004],[32.69580999700015,39.33347007800005],[32.69475999800005,39.33403007800018],[32.69425999700012,39.33418007799996],[32.69349999800004,39.33442007800011],[32.69221999800004,39.33465007800016],[32.69184999700001,39.334350078],[32.69115999800007,39.33474007800014],[32.69146999800014,39.335020078],[32.69181999800016,39.33572007800009],[32.69156999800002,39.336190078],[32.69096999800013,39.33647007800011],[32.69094999800011,39.33644007800011],[32.6907999980001,39.33626007800012],[32.69005999799998,39.33634007800003],[32.68975999800006,39.33639007800009],[32.6894599980001,39.33639007800009],[32.68928999700017,39.33635007800013],[32.68844999800018,39.33590007800019],[32.68804999700006,39.33557007800002],[32.68745999800016,39.33572007800009],[32.68736999800019,39.33573007800015]]],[[[32.13513715000005,39.34863056100004],[32.13452214500008,39.3491557290002],[32.1334074340001,39.35060147100004],[32.13130157700004,39.3512050930001],[32.12868254100005,39.35165055200007],[32.12602033800012,39.34899162900005],[32.12485191300016,39.34793138600002],[32.12470856700001,39.34878314700007],[32.12461209300007,39.3489588220001],[32.12446514100014,39.3491237850002],[32.12426098300011,39.34917314000013],[32.12399667200003,39.34906668900011],[32.12362609600006,39.34890586600015],[32.12318321600002,39.34873378400015],[32.12272968900011,39.34858572500008],[32.12229364400012,39.34841904700016],[32.12181503500005,39.34834579600006],[32.12128200500003,39.34836700100009],[32.12025372400012,39.34792845900006],[32.11952203000018,39.34795059900013],[32.11887115200012,39.34780746700012],[32.11422025000007,39.34831012699998],[32.11351335500014,39.34825555700014],[32.11306910400003,39.34912078100011],[32.11253136700002,39.34975352800019],[32.11148628200016,39.34957957700006],[32.11094467200012,39.34909833500001],[32.10981982000017,39.34830129300017],[32.10882615900005,39.34828995700015],[32.10826423600003,39.34737823900018],[32.10684231300009,39.34703275499997],[32.10326868200009,39.34666832400011],[32.1000744100001,39.345798405],[32.10017047400002,39.34382004700014],[32.10028216200003,39.34320190700015],[32.10026210600017,39.34211792100011],[32.10035944200003,39.34123652200016],[32.10058468800004,39.34085578700019],[32.100979832,39.34033215500016],[32.10288305800016,39.338457406],[32.10322299000018,39.33807253100008],[32.10357776300016,39.3376259150001],[32.10401669000015,39.33711416200008],[32.10416926700002,39.33689528200012],[32.10431727900004,39.33658575400013],[32.10481457900018,39.33651613500008],[32.10526428400014,39.33648815700009],[32.10581979099998,39.33641698000015],[32.10661607400012,39.33619361000009],[32.1072068390002,39.33589840700017],[32.10795119900011,39.33529848500005],[32.10868742600007,39.33502119900005],[32.10957678500016,39.33480199300002],[32.11023526400005,39.33455649300014],[32.11110912100013,39.33413764900009],[32.11181187700004,39.33388045800007],[32.11242091300016,39.33365876200003],[32.11300051400003,39.33345947300013],[32.11360925700008,39.33326040400009],[32.11434019000009,39.33303712800012],[32.11492233100017,39.33288197900015],[32.11529076200004,39.33271834300012],[32.1161174870001,39.33253534200013],[32.11668458800006,39.33241603400005],[32.11762140600011,39.33223298100013],[32.11817921400006,39.33210665100011],[32.11914647700007,39.33208268599996],[32.11992257600006,39.33204162300004],[32.12077895300013,39.33202462800016],[32.12127157900005,39.33209875000009],[32.12219912900009,39.33238297300007],[32.12350272300012,39.33252796800008],[32.12594522900002,39.33090176100006],[32.12699605600007,39.33062301600002],[32.1277924530001,39.33045570500012],[32.12852422600002,39.33046118600014],[32.12924257300002,39.33016077000013],[32.12950201899999,39.330059559],[32.12991475800008,39.32988243200005],[32.13038078100003,39.3297264960001],[32.13146289700008,39.32954743000003],[32.13217887000008,39.32938642100006],[32.13368280600014,39.32954048200013],[32.13458542900013,39.32964000100014],[32.13576322400013,39.32966261600013],[32.1364314150001,39.32975768200004],[32.13675140000004,39.32986402400009],[32.13777969100011,39.33043308000008],[32.13838423200013,39.33062470200015],[32.13905846900004,39.33095546000014],[32.14014371100011,39.33196979700018],[32.14038944900005,39.33298040200002],[32.14273946700013,39.33575322900003],[32.1429485510002,39.33633317200013],[32.14288007000017,39.33685614899996],[32.14273272400006,39.33728206400015],[32.14268764300012,39.33760416000014],[32.14269196700012,39.33786271500015],[32.1425855340001,39.33800136000015],[32.14232599700005,39.33811854300017],[32.14213809200005,39.33818977700003],[32.14199019600004,39.33835425800005],[32.14189815500014,39.33853948400007],[32.14188756300019,39.33872284300009],[32.14203181300017,39.33898877800016],[32.14243338000011,39.33932103500019],[32.14245753600019,39.33960755900011],[32.14243385200018,39.34003690400014],[32.14225718800007,39.3404898810001],[32.14178563399999,39.34102718000003],[32.14094325500003,39.34181013300006],[32.14056516000012,39.34250302000008],[32.14010284100012,39.34293327800003],[32.13948139100006,39.3434196020001],[32.13951171800017,39.34377363099997],[32.13983250600005,39.34405742300003],[32.13967265000014,39.3441828630001],[32.13886737500002,39.34444177800014],[32.13936702899999,39.34429514200008],[32.13848953400013,39.34463635700013],[32.13845258300019,39.34466034899999],[32.13802053200005,39.34549610200013],[32.13799503200006,39.34555197800019],[32.13691183500004,39.34715457500018],[32.13645133600003,39.34748061900014],[32.13592152800008,39.34782746100006],[32.13550287499997,39.34813217300001],[32.13513715000005,39.34863056100004]]],[[[32.32080822100015,39.35350237500013],[32.3204423730001,39.35357007100002],[32.32010237299998,39.35295007100008],[32.31984237299997,39.35295007100008],[32.31958237300016,39.35297007100014],[32.31930386200014,39.35218095600011],[32.31916237300003,39.35178007100008],[32.31708237300006,39.35190007100005],[32.31621237300003,39.3518600710001],[32.3160823730001,39.35185007100016],[32.31522237299997,39.35183007100009],[32.31437237300002,39.35188007100016],[32.31390237300002,39.35199007100002],[32.31359237300011,39.35204007100009],[32.31322237300007,39.35207007100005],[32.31278237300012,39.35211007100004],[32.31406237300011,39.35140007100005],[32.31251237300012,39.34995007100014],[32.31194237300004,39.35007007100012],[32.31189237299998,39.35001007100015],[32.31160237300013,39.34970007100004],[32.31088237300006,39.34987007100012],[32.31039237300009,39.34984007100012],[32.31015237300009,39.34950007100008],[32.30980237300007,39.34968007100019],[32.30942918200001,39.34905554700003],[32.30930237300011,39.34884007100015],[32.30941237300014,39.34854007099999],[32.30970237300015,39.34833007100008],[32.31233237300017,39.34679007099999],[32.31243237300009,39.34678007100008],[32.31249237300006,39.34676007100019],[32.31255237300007,39.34669007100007],[32.31363237300006,39.34616007100011],[32.31495237300005,39.34551007100016],[32.31569237300016,39.34494007100004],[32.31623237300012,39.34466007100009],[32.31720237300004,39.34421007100007],[32.31727237300016,39.34426007100014],[32.3181123730002,39.34391007100011],[32.3188923730001,39.34358007100015],[32.32242237300009,39.34208007100005],[32.32440237300017,39.34170007100007],[32.32442455900009,39.34169599100005],[32.3261423730001,39.34138007100001],[32.32740237300003,39.34097007100018],[32.32796237300004,39.34135007100021],[32.32830237300011,39.34129007100007],[32.32898237300002,39.34114007100005],[32.32948237300019,39.34105007100008],[32.32983237300005,39.34094007100001],[32.33029237300006,39.34080007100014],[32.33052237300011,39.34074007100001],[32.33089237300015,39.3406700710001],[32.33124237300017,39.34061007100009],[32.33124237300017,39.34047007100001],[32.3311623730001,39.34021007100001],[32.33108237300008,39.34006007100002],[32.33115237300019,39.33984007100013],[32.3311623730001,39.33967007100009],[32.33126237300007,39.33967007100013],[32.33136237300015,39.33974007100004],[32.33147237300001,39.33979007100007],[32.33177237300013,39.33979007100011],[32.33212237300015,39.33973007100006],[32.33285237300016,39.33948007100004],[32.33325237300005,39.33935007100011],[32.33427237300003,39.33906007100006],[32.33492237299998,39.33885007100015],[32.33563237300012,39.33865007100007],[32.33581237300011,39.3386100710002],[32.33631237300011,39.33850007100013],[32.33657237300009,39.33846007099997],[32.33655237300007,39.33835007100014],[32.33659237300014,39.33812007100006],[32.33754237300009,39.33757007100007],[32.33799237300019,39.337670071],[32.33848237300005,39.33780007100012],[32.33909237300008,39.33795007100007],[32.33951966600018,39.33805848800004],[32.33976237300012,39.3381200710001],[32.340092373,39.33817007100016],[32.34024237300002,39.33803007100009],[32.3407823730001,39.33788007100014],[32.34113237300012,39.33776007100017],[32.34136237300017,39.33773007100017],[32.3417223730001,39.33778007100003],[32.34189237300014,39.33789007100013],[32.34227237300012,39.33822007100002],[32.34276237300014,39.3388100710002],[32.34306237300014,39.33913007100001],[32.34314237300016,39.33916007100002],[32.3432823730002,39.33914007100016],[32.34341237300008,39.33904007100004],[32.34340237300017,39.33898007099999],[32.3432923730001,39.33883007100009],[32.34278237300003,39.33827007100008],[32.34223237300017,39.33771007100011],[32.34216237300005,39.33752007100001],[32.34272237300003,39.33728007100007],[32.34379237300011,39.33694007100019],[32.34387237300013,39.33705007100001],[32.34416237300019,39.33701007100011],[32.34427334700014,39.33696971700017],[32.34438237300009,39.33693007100004],[32.34438374800008,39.33693862100007],[32.34451317100007,39.33690216700005],[32.34513237300011,39.33677007100015],[32.34573237300003,39.33659007100017],[32.34619237300009,39.33649007100009],[32.34660237300004,39.33642007100013],[32.34699237300005,39.33640007100007],[32.34697237300016,39.33621007099998],[32.34679237299997,39.33581007100014],[32.34672237300005,39.33563007100015],[32.34666237300009,39.33548007100017],[32.34659237300013,39.33514007100014],[32.3465423730001,39.33488007100009],[32.34717237300016,39.33441007100009],[32.34738237300014,39.33443007100014],[32.34757237300003,39.33434007100017],[32.34786237300005,39.33426007100014],[32.34819237300017,39.3342000710001],[32.34808237300011,39.33399007100019],[32.34964237300004,39.33364007100017],[32.34967237300009,39.33379007100011],[32.35005237300008,39.33369007100003],[32.35052237300004,39.33358007099996],[32.35097237300018,39.33351007100008],[32.35128237300005,39.33350007100013],[32.35166951100011,39.33354789400009],[32.35298237300002,39.33371007100008],[32.35299237300013,39.33351007100008],[32.35302237300017,39.33342007100011],[32.35312237300009,39.33345007100007],[32.35323237300008,39.33354007100009],[32.3533823730001,39.33361007100017],[32.35352237300014,39.33360007100006],[32.35355237300014,39.33350007100013],[32.35368237300003,39.33348007100004],[32.35410237300017,39.33355007100011],[32.35481083500015,39.33370504700019],[32.35506237300018,39.33376007100014],[32.35552237300003,39.33386007100006],[32.35546237300006,39.33407007100006],[32.35562237300015,39.33415007100008],[32.3558323730001,39.3342200710002],[32.35593237300002,39.33416007100003],[32.35602237300003,39.33416007100003],[32.3561323730001,39.33419007100019],[32.35636237300007,39.33433007100006],[32.35664237300017,39.33452007100016],[32.35676237300015,39.33465007100004],[32.35685237300017,39.33467007100014],[32.35715237300008,39.33463007099999],[32.35748237300005,39.33452007100011],[32.35784237300014,39.33436007100007],[32.35804237299998,39.33423007100014],[32.35832237300009,39.33417007100013],[32.35868237300018,39.33410007100018],[32.35885548300011,39.33407577500012],[32.3592523730001,39.33402007100015],[32.35924237299999,39.33389007100003],[32.36012237300014,39.33382007100015],[32.36014237300004,39.33376007100014],[32.36004237300011,39.33346007099998],[32.36031237300007,39.3333300710001],[32.36052237300002,39.3333000710001],[32.36063237300009,39.33320007100021],[32.36085237300018,39.33308007100003],[32.36083237300009,39.33296007100006],[32.36078237300007,39.33289007100014],[32.36112237300011,39.3327200710001],[32.36131237300004,39.33267007099997],[32.36167237300013,39.33258007100007],[32.36208237300012,39.33247007100012],[32.36280237300018,39.33227007100016],[32.36310237300018,39.33219007100006],[32.36363237300015,39.33202007100006],[32.36388804300016,39.33193157000009],[32.36389237300016,39.33193007100009],[32.36463237300012,39.33165007100018],[32.36510237300008,39.33145007100018],[32.36546237300001,39.33131007100015],[32.36554237300011,39.3313100710001],[32.36676237300014,39.33046007100012],[32.36703237300009,39.33026007100012],[32.3672923730001,39.33002007100016],[32.36767148600013,39.32978312600014],[32.36897237300018,39.32897007100014],[32.36884237300013,39.32878007100005],[32.3688823730002,39.32875007100004],[32.37170237300012,39.32710007100009],[32.37201237300019,39.32726007099998],[32.3716123730001,39.32755007100008],[32.37144237300011,39.32767007100005],[32.37158237300014,39.32778007100008],[32.37186237300005,39.32798007100012],[32.37222237300018,39.32812007100007],[32.37244237300008,39.32815007100012],[32.37302237300006,39.3278300710001],[32.37330237300017,39.32799007100003],[32.3736623730001,39.32784007100009],[32.37397237300017,39.32776007099999],[32.37419237300007,39.32768007100016],[32.37421237300016,39.327640071],[32.37413237300014,39.32752007099999],[32.37401237300012,39.327410071],[32.374381466,39.32716004100014],[32.37463237300006,39.32699007100006],[32.37537237300002,39.32753007100018],[32.37572237300004,39.32774007100016],[32.37686237300004,39.327640071],[32.37706237300004,39.32761007100004],[32.37818237300019,39.32727007100017],[32.37791237300003,39.3269600710001],[32.37770237300008,39.3267400710002],[32.37753237300008,39.32659007099998],[32.37816237300013,39.32626007100006],[32.37823237300005,39.32616007100017],[32.37832237300006,39.32607007100016],[32.37837237300012,39.32603007100005],[32.37852051599999,39.32623612400015],[32.37947237300017,39.32756007100019],[32.37979237300014,39.32750007099997],[32.37984237300005,39.32770007100002],[32.3798623730001,39.32777007100013],[32.38018237300008,39.32779007100003],[32.38149605399998,39.32775207200016],[32.38260237300011,39.32772007100007],[32.38449237300001,39.32734007100009],[32.38465237300011,39.32726007100002],[32.38529237300014,39.32694007100005],[32.38684237300013,39.32714007100004],[32.38692704500006,39.327040004],[32.38719756900019,39.32643513000011],[32.38724237300018,39.32633007100001],[32.38775237300013,39.32677007100017],[32.38893237300004,39.32617007100008],[32.38893561400006,39.32615425600009],[32.38894081300002,39.3261712940001],[32.39031237299999,39.32637007100008],[32.39050609700003,39.32721981200017],[32.39075237300018,39.3283000710001],[32.39108237300015,39.32838007100013],[32.39141237300004,39.32851007100009],[32.39154237300016,39.32853007100015],[32.3919323730001,39.32851007100009],[32.39207237300013,39.32824007100009],[32.39227237299997,39.32802007100003],[32.39255237300008,39.32780007100013],[32.39295237300012,39.32762007100019],[32.39360237300006,39.32755007100003],[32.39390237299999,39.32749007100006],[32.39472237300005,39.32725007100012],[32.39514237300011,39.32709007099999],[32.39526237300008,39.32701007100012],[32.39540237300015,39.32680007100017],[32.39514237300011,39.32678007100007],[32.39539237300005,39.32671007099999],[32.39603237300004,39.32667007100009],[32.39646237300009,39.32662007100002],[32.39659237300002,39.32654007100012],[32.39674237300016,39.32628007100015],[32.39674237300016,39.32617007100008],[32.39674237300016,39.32607007100016],[32.39674237300016,39.32594007100003],[32.39753237300017,39.32622007100014],[32.39859237300011,39.3264600710001],[32.39947237300009,39.32659007099998],[32.39981237299997,39.32667007100009],[32.40128237300014,39.32758007100004],[32.40287237300004,39.32770007100005],[32.40547237300006,39.32821007100009],[32.40735237299997,39.32867007099998],[32.40745237300013,39.32864007100017],[32.40777550700001,39.3289502730001],[32.40805714800013,39.32883406800016],[32.40824860400015,39.32876039700018],[32.40857890700006,39.32870238800005],[32.40889421300005,39.32846579000006],[32.40920610700012,39.32844505000011],[32.40974102900009,39.32826818700018],[32.41007772400017,39.32804856800016],[32.41022855000006,39.32796526600001],[32.4104120760001,39.32761001900004],[32.41047201700018,39.32745462900017],[32.41086706600009,39.32729597800004],[32.411124851,39.32717336700016],[32.41136273600006,39.32698418800005],[32.41174477200009,39.32693495200006],[32.4120530930001,39.32664954400006],[32.41276917000012,39.32664200700004],[32.41328967700006,39.32662948600017],[32.41359350300018,39.32651526700007],[32.41391001300007,39.32644780200008],[32.41415854200013,39.32662473500001],[32.41448716300006,39.32669310900019],[32.41481328500002,39.32688605200009],[32.41521711900003,39.32689943500004],[32.41546629300006,39.32694113200001],[32.41592179600018,39.32684722100015],[32.41724171800011,39.32680600100014],[32.41825371000004,39.32646579200013],[32.41884842400004,39.32628780300007],[32.41945411300016,39.32616055099997],[32.41971176200009,39.32609651700007],[32.41990469500011,39.32575472300001],[32.42180224800016,39.32541120000008],[32.42293575200018,39.32521497300012],[32.42393152600015,39.32517498800009],[32.42489188700012,39.32514807600018],[32.42562112900003,39.3255694110001],[32.42595891900008,39.32591891100009],[32.42693550400003,39.32613829200005],[32.42741286400008,39.32631647100008],[32.42875209600005,39.32636913900004],[32.43001278000008,39.32715768100006],[32.43050482600011,39.32756112000015],[32.43096180300019,39.32792086200006],[32.43102465300007,39.32830328700005],[32.431486011,39.32849811500018],[32.43690259300016,39.32909261200009],[32.44045245000019,39.32871875400021],[32.44033999400013,39.328550071],[32.44019999400005,39.32838007100013],[32.44007999400007,39.32823007100018],[32.43989999400013,39.3281000710001],[32.43960999400016,39.32798007100012],[32.43937999400011,39.32790007100006],[32.4392899940001,39.32781007100004],[32.43926999400004,39.32765007100016],[32.43927999400019,39.32733007100013],[32.43927999400019,39.32718007100011],[32.4392599940001,39.32710007100009],[32.43923999400004,39.32704007100013],[32.43907999400015,39.32680007100017],[32.43877999400019,39.32640007100013],[32.43857999400019,39.32614007100012],[32.43849999400008,39.32606007100001],[32.43834999400014,39.32592007099994],[32.43816999400019,39.325800071],[32.43786999400003,39.32562007100006],[32.43742999400008,39.32529007100009],[32.43707999400006,39.32500007100008],[32.43678999400004,39.32475007100005],[32.43637999400005,39.32434007099999],[32.43615999400015,39.32405007099997],[32.43561999400004,39.32346007100008],[32.43519999400006,39.32305007100008],[32.43773999400015,39.32311007100002],[32.43947877900017,39.32354709200008],[32.44096467300005,39.32392055200005],[32.44147999400013,39.32405007099997],[32.4441599940002,39.32467007100011],[32.44496999400008,39.32324007100014],[32.44872999400015,39.32383007100007],[32.44840999400009,39.32426007100012],[32.44837999400009,39.32434007099999],[32.44835999400004,39.32446007099996],[32.44831999400016,39.32454007100007],[32.44825999400011,39.32461007100018],[32.44815999400003,39.32467007100011],[32.44805999400011,39.32472007100002],[32.44791999400008,39.32478007100018],[32.44784999400012,39.32482007100013],[32.44780999400017,39.32487007100019],[32.44777999400004,39.32495007100006],[32.44775999400015,39.32502007100013],[32.4477699940001,39.32507007100003],[32.4477999940001,39.32511007100015],[32.44784999400012,39.32514007100015],[32.44791999400008,39.32515007100006],[32.44803999400006,39.32514007100015],[32.44813999400014,39.32512007100006],[32.44832999400007,39.32512007100006],[32.44843999400014,39.3251000710002],[32.44854999400012,39.32506007100012],[32.44872999400015,39.32499007100017],[32.44894999400005,39.32489007100001],[32.44907999400009,39.32486007100005],[32.44922999400011,39.32485007100014],[32.44939999400015,39.32483007100008],[32.44959999400015,39.32479007100013],[32.44973999400003,39.32477007100003],[32.44982999400004,39.32476007100013],[32.44997999400014,39.32477007100003],[32.45018999400013,39.32480007100008],[32.45037999400006,39.32480007100008],[32.45053999400011,39.32481007100019],[32.45041999400014,39.32487007100019],[32.45010999400007,39.32496007100013],[32.44982999400004,39.32507007100003],[32.44965999400016,39.32514007100015],[32.44930999400014,39.32534007100016],[32.44889999400015,39.32553007100005],[32.44882999400004,39.3255700710002],[32.44851999400016,39.32583007100005],[32.44844999400004,39.32590007100016],[32.44837999400009,39.32603007100005],[32.44829999400007,39.32629007100006],[32.44825999400011,39.32641007100003],[32.44826999400006,39.32661007100008],[32.44827999400017,39.32667007100009],[32.44829999400007,39.32673007100006],[32.44844999400004,39.32705007100007],[32.4484699940001,39.32714007100004],[32.44845999400012,39.32725007100012],[32.44839999400018,39.32749007100006],[32.44837995800009,39.32761028900006],[32.44835999400004,39.32773007100018],[32.44836999400018,39.32801007100012],[32.44835999400004,39.32817007099997],[32.44834999400013,39.32821007100013],[32.44833927099999,39.32823834100011],[32.44839221600006,39.32823192300014],[32.44881999400008,39.32818007100012],[32.44904999400013,39.32837007100006],[32.44936999400011,39.3279100710002],[32.44956031400007,39.32789685400007],[32.44980224900014,39.32788005300016],[32.45008999400001,39.32786007100015],[32.45100999400011,39.32861007100017],[32.45097999400015,39.32876007100015],[32.45107999400007,39.32902007100016],[32.45119999400004,39.32904007100006],[32.45144999400011,39.328780071],[32.45155999400014,39.32859007100011],[32.45163999400016,39.32849007100003],[32.45319999400009,39.32865007100012],[32.45322999400014,39.32932007100016],[32.45410999400009,39.32963007099999],[32.45516309200018,39.32930501000003],[32.45591364000013,39.32910825700002],[32.45635581700002,39.32909125100017],[32.45668213400012,39.32905723300008],[32.45705628600018,39.32901822900005],[32.45753492900006,39.32904907000016],[32.4578914490001,39.32899351300012],[32.45803724600017,39.32919445500004],[32.45796158699999,39.32945158500017],[32.4581933360001,39.32965292700017],[32.4586111790001,39.32960718900006],[32.45883050400006,39.32982754600006],[32.45885991500013,39.32986042100011],[32.45906181600002,39.33008610200015],[32.45945517600007,39.33003071100013],[32.45980059600003,39.32982251500017],[32.45997374500008,39.32966120000005],[32.46050312000004,39.32948246500005],[32.46083596300021,39.32931235200008],[32.46102211800018,39.32905573300011],[32.46126212399997,39.32899483200015],[32.46139276100007,39.32896168400005],[32.46146502500017,39.32894334700005],[32.46233802500011,39.32825103300012],[32.46328285100014,39.32721287300007],[32.46410363100019,39.32674338900011],[32.4661001210002,39.32587368800018],[32.46707060800007,39.32491567100005],[32.46747265700004,39.32429267499998],[32.4686060980001,39.32407427500006],[32.46866295400001,39.32405138900008],[32.46876214400002,39.32404175500005],[32.46929535100002,39.32350162400019],[32.47071033400015,39.32271009400005],[32.47111278600003,39.32300191400002],[32.47104166799998,39.3232441000002],[32.47124184800008,39.32330371500005],[32.47162326600019,39.32317604300012],[32.47161120100014,39.32298971700005],[32.47186621100014,39.32286184399998],[32.472369309,39.32263207700012],[32.47289237500011,39.32250466400012],[32.47311140100009,39.32241098500008],[32.47289549100002,39.32202749099993],[32.47243418800014,39.32139423400009],[32.47325508400019,39.32123418300008],[32.47320893300001,39.32070806800015],[32.47362312900002,39.3201523790001],[32.47366931000001,39.31991825600015],[32.47382827199998,39.31965517300016],[32.47401910700005,39.3197876330001],[32.47431029100001,39.32003521300015],[32.47463558000003,39.32022365500008],[32.47500607900002,39.32029598800015],[32.4755689620002,39.32053731700017],[32.47593795200015,39.32062977200007],[32.47636888900019,39.32072280500005],[32.47646850800016,39.32123462800016],[32.47707124600011,39.32157921500005],[32.47789170100005,39.32140566900004],[32.47823335700006,39.32081573000015],[32.47865679700008,39.32127432200012],[32.47891985100007,39.32136248900018],[32.47883888200016,39.32176183100005],[32.4793851630002,39.32224313900007],[32.48000227000018,39.32251496700017],[32.48024681800011,39.32302937900009],[32.48054541200015,39.32348096400005],[32.48108893700008,39.32394632400002],[32.48138573200002,39.32446296500008],[32.48189683700014,39.32496282700004],[32.48227159900006,39.32530094900011],[32.48304725200001,39.32594461999997],[32.48317234899996,39.32671987200017],[32.48311762400015,39.3273610640001],[32.48425545200017,39.32756618800001],[32.48511742100015,39.32773401600006],[32.48542310700002,39.32766280700013],[32.48538950100012,39.32797667400008],[32.4853563580001,39.32828621800012],[32.48528380199997,39.32850217700012],[32.4851520540001,39.32867742100007],[32.48510493800011,39.32882323800014],[32.4851805210001,39.32898151800009],[32.48542099000013,39.32915542800009],[32.48590317500013,39.329400771],[32.48624341000015,39.3295077340001],[32.48672948000008,39.32967974500003],[32.4869611150001,39.32978897100003],[32.48752821000006,39.32991472000004],[32.48787090300011,39.33006881000016],[32.48804713900011,39.33031753100004],[32.48826516900004,39.33072855300016],[32.48840530000017,39.33087698200004],[32.48865559500017,39.33107357799997],[32.48880904800016,39.33107902000013],[32.48890321900008,39.3310551330002],[32.48909854000017,39.33095155000002],[32.48922160800004,39.33091394500018],[32.48938106100012,39.3309384850001],[32.48949094800007,39.33102479500013],[32.48955140700004,39.33115380100013],[32.48958089000007,39.33132081700012],[32.48965921399996,39.33152619200008],[32.48980065500007,39.331708215],[32.48992728100008,39.33180036200007],[32.49017247600018,39.33190917900012],[32.4904478290001,39.33195756200013],[32.49076808300014,39.33186005200009],[32.49098317600011,39.33183238400004],[32.49124117100008,39.33189204900014],[32.49127739100003,39.33190042500011],[32.49149189600012,39.33195381200014],[32.49171613800016,39.33198364300004],[32.49244441800003,39.33192435200005],[32.49248769600005,39.33192082800012],[32.49254598400012,39.33191608300017],[32.49257565100014,39.33191366700013],[32.49255999400005,39.33190007100009],[32.49268999400009,39.33180007100016],[32.4927799940001,39.33173007100005],[32.49281999400005,39.33170007100004],[32.49289999400008,39.33162007100002],[32.49295999400005,39.33153007100005],[32.49301999400005,39.33142007100014],[32.49309999400008,39.3312700710002],[32.49318999400009,39.33109007100001],[32.49322999400005,39.33098007100018],[32.4932499940001,39.330830071],[32.49326999400012,39.33068007100002],[32.49332999400012,39.33049007100009],[32.495949994,39.32957007100002],[32.4960099940002,39.32955007100013],[32.49632999400018,39.3308800710001],[32.4966999940001,39.33042007099997],[32.496619994,39.32980007100007],[32.49753809700006,39.33016930800017],[32.49753999400014,39.33017007100011],[32.49767483800007,39.33008142900009],[32.49795467200016,39.32990159000015],[32.49881439000007,39.32980765400002],[32.49980036200007,39.32930765500014],[32.50049319500016,39.32894270800007],[32.50092575100006,39.32884507300007],[32.50135247300016,39.32874875500009],[32.50193241800014,39.32850336200018],[32.50276770500007,39.32827963900016],[32.50327535000002,39.32817464500003],[32.50356995400006,39.32811371400003],[32.50396603700005,39.32832553500009],[32.50440366500005,39.32833603900008],[32.50475075000008,39.32834420400012],[32.50495451500011,39.32834899700011],[32.50545624500005,39.32845531700019],[32.50607379300003,39.32769367700001],[32.50625224600013,39.32863156100019],[32.50630578600008,39.32879396900012],[32.50639331600005,39.32905948200015],[32.507211419,39.33014984000011],[32.50732482500011,39.33058253500014],[32.50758871000004,39.33158937600004],[32.50710620200009,39.3321834150001],[32.5066447610002,39.33250540500005],[32.50626291800013,39.33368060800008],[32.50641687400008,39.33461162400017],[32.50686146300018,39.33537739500019],[32.50762008600016,39.33564707500012],[32.50882725700012,39.33571502300011],[32.50946570500003,39.33600182600009],[32.50940171900005,39.33692041300016],[32.50932999400003,39.33743007100004],[32.50928999400016,39.33760007100004],[32.50907999400017,39.33791007100011],[32.50904999400016,39.33796007100001],[32.50895999400019,39.33800007100012],[32.50860999400017,39.33814007100015],[32.50847999400008,39.33836007100005],[32.50843999400013,39.33868007100011],[32.50834999400012,39.33884007100016],[32.50822999399998,39.33897007100013],[32.50831999400015,39.33908007100011],[32.50886999400018,39.33905007100015],[32.50910999400013,39.3390900710001],[32.50970999400005,39.33911007100016],[32.50986379199999,39.33898922999995],[32.5099959900001,39.33900698600007],[32.51025021400015,39.33912744700019],[32.51045124900003,39.33929692900015],[32.51049269900007,39.3394218940001],[32.51087824000007,39.33963376500017],[32.5111169510002,39.33976590100003],[32.51145976600007,39.33988078900014],[32.51192640100003,39.34003717400005],[32.51193499100002,39.34004309500006],[32.51214524100003,39.34018802900014],[32.51221579499999,39.34032112300012],[32.51268122700013,39.34052997700017],[32.51342142700007,39.34049027900009],[32.51391093400004,39.34031080300019],[32.51413027100013,39.34037883500014],[32.51433640600003,39.34020145000009],[32.5147347340001,39.34052719900019],[32.51470999400005,39.34060007100014],[32.51444351000002,39.34099696300012],[32.51423999400005,39.34130007100015],[32.51420999400005,39.3413400710001],[32.51368999399999,39.34191007099998],[32.51410999400012,39.34208007100005],[32.51343999400012,39.34341007100011],[32.51291999400006,39.34376007100013],[32.51281999400015,39.34411007100011],[32.51286999400004,39.34443007100013],[32.51277570500016,39.34473710800007],[32.51237231300019,39.34512576800002],[32.51207909400015,39.34534506700014],[32.51160878700005,39.34564110500013],[32.51103735900001,39.34579256600016],[32.51055725500009,39.34599867800018],[32.51009005900017,39.34613418800016],[32.50986365900006,39.34623694300007],[32.5094293300001,39.34643537600002],[32.50929469100011,39.34655627099999],[32.50912806200007,39.34670589100018],[32.50892778999997,39.34702332200003],[32.50866779400012,39.34731904300008],[32.50858353400014,39.34739127699998],[32.50846854600017,39.34748985500018],[32.50826942300016,39.34764278800017],[32.5078949040002,39.34784862000009],[32.50763545300011,39.34806566700002],[32.50739920300011,39.34825777800001],[32.50726380300006,39.3485182620001],[32.50730872200018,39.34879278400007],[32.50733808800008,39.34897225300005],[32.50608999400001,39.34862007100009],[32.50542999400012,39.34826007100015],[32.50535999400001,39.34822007100016],[32.50524999400018,39.34817007100015],[32.50485999400009,39.34802007100016],[32.50467999400006,39.34796007100016],[32.50429999400007,39.34781007100001],[32.50411999400013,39.34775007100001],[32.50315999400011,39.34733007100011],[32.50308999400016,39.34728007100005],[32.5025999940001,39.34702007100004],[32.50226999400014,39.34681007100001],[32.50172999400006,39.34657007100009],[32.50157999400012,39.34645007100008],[32.50137999400004,39.34629007099999],[32.50135999399998,39.34627007100018],[32.50133999400016,39.34587007100009],[32.50134999400007,39.34578007100008],[32.50129999400017,39.34570007100005],[32.5010199940001,39.34553007100006],[32.50097888500018,39.34548591700008],[32.50074999400015,39.34524007100004],[32.50071999400019,39.34515007100003],[32.5007299940001,39.34500007100009],[32.50079999400005,39.34474007100004],[32.50086999400013,39.34456007100005],[32.50085999399998,39.34455007100014],[32.50048999400014,39.3444900710001],[32.49970999400007,39.34431007100015],[32.4989499940001,39.34419007100018],[32.49862108400002,39.34388910800006],[32.49747918600006,39.34292731500017],[32.49747814800014,39.34284328400001],[32.49741999400016,39.34279007100012],[32.49690999400001,39.34264007100018],[32.49597999400004,39.34252007100001],[32.4955299940001,39.34244007100018],[32.49547999400004,39.34242007100009],[32.49539999399997,39.34236007100008],[32.49523999400009,39.34229007099997],[32.49508999400006,39.34221007100014],[32.4950599940001,39.34217007099998],[32.49494999400007,39.34216007100008],[32.49453999400004,39.34205007100001],[32.49456999400009,39.34181007100002],[32.49391999400014,39.34162007100012],[32.49357999400003,39.34139007100016],[32.49353999400012,39.34101007100013],[32.49285999400013,39.34091007100005],[32.4925799940001,39.34093007100011],[32.49250999400014,39.34097007100018],[32.49233999400015,39.34105007100008],[32.49211999400001,39.34114007100005],[32.49172999400007,39.34104007100014],[32.49118495700002,39.34168784600018],[32.4910590580002,39.34224620000005],[32.49040594900003,39.34273887300004],[32.48945237100003,39.34333597100005],[32.48816070700008,39.34357107700008],[32.48690217300002,39.34357832800008],[32.48610711000011,39.34384701900001],[32.48529932400005,39.34404979500012],[32.48486526700007,39.34403359500006],[32.48446318600013,39.34392449400014],[32.48425234899996,39.34377707600002],[32.48394068800007,39.34343900700002],[32.48321518400007,39.3433568380001],[32.48251779000008,39.34345121100015],[32.48130008400005,39.3432517890002],[32.48055300100015,39.34319356200006],[32.47956857800019,39.34300024800005],[32.47858175000003,39.34278528300013],[32.47790894600012,39.34291198000006],[32.47707400600018,39.34315807200016],[32.47536027600012,39.34333078600002],[32.47486390800009,39.34323407700013],[32.47405570200001,39.34294551900004],[32.47268224100016,39.34268736100015],[32.47169704400005,39.34254726500014],[32.47088688200017,39.34219903600018],[32.47064632000017,39.34263366099997],[32.4708426480001,39.34333383100003],[32.46953850900007,39.34406887800002],[32.46866454100007,39.34432690300014],[32.46806582400016,39.34469244500018],[32.46700495400016,39.34441020100004],[32.46612938400018,39.34426750500019],[32.46520667600005,39.34377987800009],[32.46399677200014,39.34353156200012],[32.46205909000001,39.34324200600011],[32.45986992400009,39.34315800300003],[32.46174319599997,39.33963797000003],[32.46010922900007,39.33876741800015],[32.45971597600014,39.33828943700009],[32.45854758500019,39.33789636799997],[32.45590324600015,39.33802979900007],[32.45486062800005,39.33801350000012],[32.45442995100019,39.33823421100015],[32.45351261700019,39.33869506700007],[32.45200218500003,39.33880416200014],[32.45017205000004,39.33947507199998],[32.44935885900003,39.33992018100004],[32.44879480200012,39.34030698700003],[32.44812053700001,39.34047453900003],[32.44764034500008,39.34053510300008],[32.44731564300007,39.34045031099994],[32.44686213200008,39.34041103000005],[32.44630426000016,39.34063773700006],[32.44569906600013,39.34104102400009],[32.44507320700018,39.34122812300003],[32.44428059800003,39.34127859800009],[32.44333365800002,39.34136768400015],[32.44211629800002,39.34141600500014],[32.44071370600011,39.34181898700012],[32.43878351600011,39.3424769150002],[32.4373322560001,39.34329423300012],[32.43660294600015,39.34335205600019],[32.43537419900021,39.34399633700014],[32.43384015200017,39.34456458500007],[32.43250891400002,39.34476942600007],[32.43119237100008,39.34516484800005],[32.43061839600011,39.34530844700014],[32.42967126800004,39.34558285300011],[32.42948187100012,39.34480421699999],[32.42922999400015,39.34428007100018],[32.42894999400004,39.3442900710001],[32.42850999400008,39.34441007100007],[32.42839999400002,39.34413007100017],[32.42767999400012,39.34420007100008],[32.4276899940001,39.34444007100008],[32.42696999400004,39.34463007100017],[32.42649999400004,39.34473007100009],[32.42643999400003,39.34474007100004],[32.42672999400008,39.34387007099996],[32.42743999400016,39.34343007100016],[32.42732999400017,39.34333007100008],[32.42658999400005,39.34358007100015],[32.42647999400015,39.34338007100014],[32.42548999400013,39.34345007100002],[32.42555999400008,39.34358007100015],[32.42657999400006,39.34365007100006],[32.42614999400002,39.34440007100017],[32.42593999400007,39.3444900710001],[32.42577999400014,39.34564007100005],[32.42558999400005,39.34557007100013],[32.42568999400017,39.34444007100008],[32.4253799940001,39.34445007100003],[32.42495999400016,39.34634007100009],[32.42457999400018,39.3454600710001],[32.42384999400012,39.34564007100005],[32.42372999400015,39.34582007100003],[32.42357999400021,39.34590007100005],[32.42325999400003,39.34599007100007],[32.42249999400018,39.3461500710002],[32.42244999400015,39.34617007100001],[32.42209999400013,39.34629007099999],[32.42163999400008,39.34644007100017],[32.42157999400008,39.34661007100005],[32.42137999400007,39.34664007100001],[32.42098999400014,39.34670007100006],[32.42089999400012,39.34647007100018],[32.41976999400008,39.34688007100016],[32.41983999400003,39.34723007100019],[32.41868999400008,39.34750007100015],[32.41865999400004,39.34743007100019],[32.41833999400006,39.34748007100005],[32.41812999400007,39.34683007100011],[32.41832999400015,39.34687007100005],[32.4183099940001,39.34682007100004],[32.41803999400014,39.34677007100014],[32.41790999400018,39.34674007100013],[32.41778999400004,39.34677007100014],[32.41759999400011,39.34677007100014],[32.41762999400011,39.34691007099997],[32.41777999400013,39.34690007100006],[32.41772999400007,39.34701007100009],[32.41774999400008,39.3472700710001],[32.41743999400001,39.34736007100008],[32.41759999400011,39.34767007100015],[32.41751415400012,39.34769791100017],[32.41748372000011,39.3477077810001],[32.41722999400007,39.34779007100012],[32.41721999400012,39.34775007100001],[32.41681999400007,39.34782007100012],[32.41661999400003,39.34785007100012],[32.41659999399998,39.34745007100008],[32.41572999400014,39.3474700710001],[32.41547999400007,39.34693007100002],[32.41551999400015,39.34685007100016],[32.41569999400013,39.34672007100004],[32.4148599940001,39.34656007100018],[32.41484999400011,39.34674007100013],[32.41382999400012,39.34660007100006],[32.41358999400017,39.34733007100011],[32.41249999400003,39.34730007100011],[32.41236999400014,39.34704007100009],[32.41229999400019,39.34692007100012],[32.41223331700007,39.34682839100012],[32.41160999400013,39.34676007100019],[32.41085999400007,39.34761007100018],[32.40980999400004,39.34759007100012],[32.40975999400018,39.34744007100018],[32.408029994,39.34719007100008],[32.40805999400005,39.34793007100019],[32.40807999400006,39.34807007100007],[32.4073099940001,39.34813007100004],[32.40715999400016,39.34808007100013],[32.40674999400017,39.34816007100004],[32.40668999399996,39.34813007100004],[32.40583999400017,39.348190071],[32.40558999400007,39.34815007100005],[32.40468999400007,39.34816007100004],[32.4041599940001,39.34830007100003],[32.40386999400009,39.34787007099998],[32.40333999400008,39.34804007100006],[32.40328715200019,39.34805768500004],[32.40317999400003,39.34793007100019],[32.40266999400008,39.34681007100005],[32.40188999400005,39.34691007099997],[32.40153999400019,39.34694007100018],[32.40118999400005,39.34702007100004],[32.40104999400018,39.34710007100006],[32.4009399940001,39.34720007099998],[32.40091999400005,39.34724007100009],[32.39995999400004,39.3470500710002],[32.39976351600013,39.34690271199996],[32.39971999400008,39.34687007100005],[32.39947999400009,39.34712007100012],[32.39895999400007,39.34671007100013],[32.39944999400012,39.34660007100006],[32.3995699940001,39.34639007100015],[32.39951999400004,39.34627007100018],[32.39924999400012,39.34580007100018],[32.39912999400015,39.34568007100016],[32.39897999400013,39.34557007100013],[32.39884999400004,39.34548007100015],[32.39866999400006,39.34541007100008],[32.39901199100002,39.34546992100019],[32.39900843300008,39.34546588400014],[32.39910766800006,39.34542031700017],[32.39918570000008,39.3454774530001],[32.39934999400005,39.34545007100012],[32.3993699940001,39.34501007100016],[32.3992899940002,39.34494007100004],[32.39933769700015,39.34480173300018],[32.39938999400012,39.34465007100003],[32.3989775250002,39.34428056800011],[32.39887804700017,39.34433180200011],[32.39880927800003,39.34426746700019],[32.39873999400017,39.34430007100001],[32.39778999400011,39.34341007100011],[32.39772999400009,39.34339007100005],[32.39771849700014,39.34338751600012],[32.39760513600004,39.3434218350002],[32.39758597000009,39.34335806600016],[32.39754999400015,39.34335007100014],[32.3975299940001,39.34330007100012],[32.39691616500015,39.34292982500018],[32.3967861170001,39.34283119100017],[32.39648999400013,39.34260007100004],[32.39624634000008,39.34228422400012],[32.39619158900007,39.34227346300003],[32.39570999400015,39.34267007100015],[32.39440999400002,39.34195007100009],[32.39310999400009,39.34239007100012],[32.39254999400016,39.34260007100004],[32.39188999400007,39.34277007100007],[32.39181999400011,39.34253007100008],[32.39169999400013,39.3418400710001],[32.39173999400008,39.34165007100017],[32.39167999400008,39.34112007099996],[32.39161999400011,39.34053007100006],[32.39121999400002,39.34043007100014],[32.39089999400005,39.3402000710001],[32.39062728100011,39.34011065700013],[32.39039158400003,39.34007123800019],[32.38897904300018,39.3397033570002],[32.38903465000003,39.33923291600005],[32.38898659000017,39.33920354600014],[32.38864682099999,39.33920373100008],[32.38866355800005,39.33912007100007],[32.38850999400018,39.33912007100007],[32.38853999400015,39.33904007100004],[32.38707999400012,39.33858007099995],[32.38634353000015,39.33792968700018],[32.38544159200013,39.337967704],[32.38544838500006,39.33795540400003],[32.38521999400007,39.33797007100016],[32.38471999400014,39.33802364200004],[32.38437999400003,39.33806007100013],[32.38414999400003,39.33801007100011],[32.38372999400008,39.33806007100013],[32.38366999400012,39.33816007100005],[32.38387999400003,39.33838007100015],[32.3840199940001,39.33849007100018],[32.38429999400017,39.33838007100011],[32.38449999400001,39.33839007100006],[32.38460999400007,39.3384200710001],[32.3851599940001,39.33931007100016],[32.38504999400003,39.3395900710001],[32.38489999400009,39.339540071],[32.38480999400008,39.339540071],[32.3844599940001,39.33967007100013],[32.38415999400013,39.33975007100015],[32.38399999400001,39.33992007099999],[32.38346999400004,39.3406700710001],[32.38295999400017,39.34052007100008],[32.38281999400009,39.34039007100019],[32.3829099940001,39.34028007100012],[32.38293999400007,39.3400000710001],[32.3828499940001,39.33984007100013],[32.38269999400011,39.33983007100006],[32.38224999400001,39.33983007100006],[32.38146999400014,39.33987007100013],[32.380789994,39.33987007100013],[32.37996999400017,39.33981007100017],[32.37973999399997,39.33977007100005],[32.37941999400015,39.33968007100004],[32.37937999400004,39.33977007100005],[32.37916999400013,39.34014007100013],[32.37890999400008,39.34029007100007],[32.37856999400005,39.34050007100006],[32.37852999400009,39.34064007100005],[32.37812999400017,39.34063007100014],[32.37785999400005,39.34057007100017],[32.37759999400004,39.34053007100006],[32.37739999400004,39.34054007100013],[32.37707999399998,39.34064007100005],[32.37677999400006,39.34069007100015],[32.37660999400002,39.34068007100016],[32.37675999400017,39.34065007100004],[32.37675999400017,39.34057007100017],[32.37634999400017,39.34048007100017],[32.375789994,39.34030007100018],[32.3755699940001,39.34027007100018],[32.3751699940001,39.34025007100012],[32.37480999400013,39.34024007100005],[32.37453999400013,39.3402000710001],[32.37428999400011,39.3401300710001],[32.37401999400015,39.34002007100015],[32.37370999400008,39.34027007100018],[32.3735299940001,39.34028007100012],[32.37336999399997,39.34030007100014],[32.37330999400016,39.34027007100018],[32.37339999400017,39.33987007100013],[32.37366999400013,39.33966007099998],[32.37373999400005,39.33963007100014],[32.37355999400006,39.33949007100011],[32.37323999400009,39.33918007100004],[32.37317999400004,39.33914007100016],[32.3730899940001,39.3390300710001],[32.37305999400006,39.33897007100013],[32.37295999400014,39.33872007100018],[32.37286999399997,39.33841007100011],[32.37276999400009,39.33818007100011],[32.37269999400013,39.33796007099997],[32.37180247600013,39.33786604500006],[32.37082876400006,39.33804289500011],[32.37024999400013,39.33737007100007],[32.36997999400018,39.33687007100004],[32.36844059900007,39.33707532400007],[32.36772999400018,39.337170071],[32.36597999400015,39.33752007100001],[32.36636999400008,39.33860007100004],[32.36669999400005,39.33965007100004],[32.36654999400003,39.33990007100017],[32.36652999400017,39.34005007100011],[32.36279999400011,39.34128007100009],[32.36258999400012,39.34093007100011],[32.36217999400012,39.34074007100001],[32.36081999400007,39.34034007100009],[32.35942999400017,39.34027007100018],[32.35940999400007,39.34152007100001],[32.3595899940001,39.34165007100017],[32.35941999400006,39.34189007100012],[32.35982230600013,39.34216750600005],[32.35963999400012,39.34244007100018],[32.35896999400011,39.34295007100005],[32.35710999400006,39.34236007100004],[32.35480999400016,39.34180007100015],[32.35464999400007,39.34181007100005],[32.35449999400009,39.34190007100007],[32.35434999400015,39.34205007099997],[32.35268999400005,39.34268007100014],[32.35059999400014,39.34241007100014],[32.35054999400013,39.34235007100017],[32.3501899940002,39.34239007100008],[32.34964999400007,39.34263007100008],[32.34946999400013,39.34273007100016],[32.34930999400017,39.34284007099998],[32.34924999400003,39.34294007100015],[32.34925999400014,39.34300007100012],[32.34932999400006,39.34305007100018],[32.3492999940001,39.34323007100016],[32.34917999400012,39.34329007100013],[32.34905999400014,39.34336007100005],[32.34891999400007,39.34354007100007],[32.34878999400019,39.34361007100015],[32.34889999400017,39.34376007100013],[32.34887999400011,39.34442007100002],[32.35019447400005,39.34565488500003],[32.35020110500011,39.34565923800015],[32.35020237300006,39.3456600710001],[32.35004155200018,39.34667525700009],[32.34972237300015,39.34869007100016],[32.34939237300019,39.34906007100005],[32.34884411700011,39.34908456400007],[32.34640696100006,39.34920202700012],[32.34383838700016,39.34932582300017],[32.34250725200009,39.34938998000008],[32.34081237300011,39.34878007100018],[32.33929237300008,39.34906007100005],[32.33922237300016,39.34928007100014],[32.33915237300005,39.34943007100016],[32.33901237300002,39.34967007100012],[32.33892991100014,39.34988574300017],[32.33774237300009,39.35016007100013],[32.3366623730001,39.35081007100008],[32.33677237300013,39.35102007100006],[32.33674496700018,39.35105625800014],[32.33625991899997,39.35233608500004],[32.33354204600011,39.35306214500008],[32.33104699900019,39.35319163900017],[32.33053907800013,39.35304298700009],[32.33040182200016,39.35300281700017],[32.32894551200013,39.35221869000004],[32.32811334200018,39.35203365800015],[32.32786421500008,39.35200901700016],[32.32785237300017,39.35199007100002],[32.32746237300007,39.35204007100009],[32.3266423730001,39.35220007099993],[32.32630237299998,39.35229007100015],[32.32602237300011,39.3523300710001],[32.3259323730001,39.35236007100006],[32.32541594700018,39.35231238100003],[32.32502621399999,39.35237684700005],[32.32345269500013,39.35255277600015],[32.32250211300013,39.35291757800015],[32.32172301800006,39.35376264000008],[32.32080822100015,39.35350237500013]]],[[[32.6244530890001,39.35498645900014],[32.62394150500005,39.35510543200012],[32.62304920700012,39.35520061100008],[32.62249003300006,39.35481989700003],[32.62244244400012,39.35441538900018],[32.62214501100009,39.35432020999998],[32.6212884060002,39.35436779900012],[32.62103856200015,39.35404657200008],[32.62063405400006,39.35410605900012],[32.62009867500008,39.35397518800005],[32.61970606400017,39.35404657200008],[32.61949073400014,39.35375402600005],[32.61922669300004,39.35347750400008],[32.61881890200015,39.35242307700013],[32.61703999500013,39.34730007100011],[32.62145999500005,39.34554007100012],[32.62139999500012,39.34517007100008],[32.62128999500005,39.34478007100011],[32.62120999500019,39.34464007100012],[32.62098999500013,39.344540071],[32.61942999500019,39.34404007099999],[32.61920999500006,39.34396007100013],[32.61901999499996,39.34405007100014],[32.61851999500004,39.34439007100018],[32.61787999500016,39.34447007100004],[32.61761999500015,39.3447900710001],[32.61683999500008,39.34506007100002],[32.61525999500009,39.34536007100018],[32.61344999500012,39.34419007100018],[32.61235803100015,39.34278892900003],[32.61212999500015,39.34250007100011],[32.61207999500008,39.34217007099998],[32.61183999500013,39.34183007100011],[32.61270999500017,39.34165007100017],[32.61284999500005,39.34141007100006],[32.61312999500007,39.34117007100006],[32.61456999500007,39.34061007100009],[32.61463999500019,39.34002007100011],[32.61501999500013,39.34005007100011],[32.61487999500014,39.33934007100017],[32.61433999500019,39.33934007100017],[32.6143499950001,39.33860007100001],[32.61386999500003,39.33855007100015],[32.61405999500012,39.33740007100004],[32.61379999500007,39.33741007100015],[32.61356999500011,39.33768007100014],[32.61313999500005,39.33803007100009],[32.61227999500012,39.33837007100004],[32.61148999500011,39.33832007100018],[32.61074185900004,39.33825163600004],[32.61033999500016,39.33600007100007],[32.60968999500005,39.33633007100012],[32.60881999499998,39.33668007100018],[32.60789532700004,39.33707575200015],[32.60737999500001,39.33651007100014],[32.60670999500017,39.33666007100008],[32.60622999500011,39.33646007100008],[32.6053299950001,39.33669007100008],[32.60557999500016,39.33746007100005],[32.60535999500006,39.33795007100007],[32.60570999500005,39.33863007100001],[32.60538999500007,39.33870007100013],[32.60341999500014,39.33833007100009],[32.60192999500016,39.33754007100007],[32.60219999500008,39.33744007100019],[32.60204999500013,39.33702007100005],[32.60126999500007,39.33643007100012],[32.60047999500004,39.33544007100006],[32.60031999500012,39.33547007100002],[32.60029999500006,39.33466007100003],[32.60026999500005,39.33424007100005],[32.60021999500004,39.33391007100013],[32.60036999499998,39.33373007100014],[32.60049999500011,39.33365007100004],[32.60042387100004,39.33231366600013],[32.60040999500013,39.33207007100008],[32.59967204600007,39.33231366600013],[32.59937999500016,39.33241007100003],[32.59871999500007,39.33282007100019],[32.59802999500005,39.33303007100017],[32.59819999500009,39.33238007099999],[32.59829960300009,39.33231366600013],[32.59846999500021,39.33220007100005],[32.59981999500012,39.33098007100018],[32.6000681050001,39.330315137],[32.60006999500006,39.33031007100014],[32.60198999500012,39.32992007100005],[32.60245999500012,39.33005007100013],[32.6032499950001,39.32985007100009],[32.60375999500017,39.32990007100015],[32.6038899950001,39.32964007100014],[32.60235999499996,39.32981007100017],[32.60195999500012,39.32961007100018],[32.60014999500008,39.32990007100015],[32.60031999500012,39.32964007100014],[32.60051037100008,39.32937454700004],[32.60069999500014,39.32911007100017],[32.60033779800011,39.3285391500001],[32.59951999500003,39.32725007100012],[32.59903999500013,39.3279100710002],[32.59871882099997,39.32712556500008],[32.59842999500005,39.32642007099999],[32.5976899950001,39.32428007100002],[32.59771999500014,39.32426007100012],[32.59871882099997,39.32372736400005],[32.59876999500017,39.32370007100019],[32.60520999500012,39.32420007100019],[32.60523999500008,39.32427007100011],[32.60529999500005,39.32440007100019],[32.60536999500017,39.32457007100003],[32.60541999500003,39.32472007100002],[32.60565999499998,39.32458007100018],[32.60580999500021,39.32454007100007],[32.60593999500009,39.32453007100008],[32.60605999500007,39.32451007100006],[32.60627999500012,39.32449007100017],[32.60654999500012,39.32445007100006],[32.60665999500015,39.32447007100011],[32.60686999500014,39.32445007100006],[32.60739999500011,39.32420007100019],[32.60755999500004,39.32414007100014],[32.60760999500006,39.32415007100013],[32.60762999500015,39.32415007100013],[32.60768999500008,39.32417007099999],[32.60792999500008,39.32420007100019],[32.60846999500019,39.32424007100006],[32.60865999500008,39.32426007100012],[32.60919999500016,39.32434007099999],[32.60947999500006,39.32439007100009],[32.60955999500009,39.32440007100019],[32.60965999500001,39.32444007100015],[32.60987999500015,39.32452007100017],[32.60994999500006,39.32450007100012],[32.61112999500018,39.32454007100007],[32.61186999500013,39.32475007100005],[32.61224999500012,39.32485007100014],[32.61251999500008,39.32495007100006],[32.61269999500002,39.32509007100009],[32.6127899950002,39.32519007100017],[32.61279999500015,39.32523007100012],[32.612819995,39.32525007099998],[32.61307999500001,39.3253800710001],[32.61323999500014,39.32545007100002],[32.61362999500007,39.32561007100015],[32.61402999500012,39.32574007100003],[32.61416999500015,39.32579007100009],[32.61422999500012,39.32583007100005],[32.61425999500016,39.32586007100021],[32.61427999500002,39.32592007099998],[32.61427999500002,39.32611007100007],[32.61435999500008,39.32615007100003],[32.61447999500006,39.32620007100009],[32.61469999500016,39.32627007100016],[32.61506999499999,39.32637007100008],[32.61525999500009,39.32641007100003],[32.61529999500004,39.32648007100015],[32.61533999500016,39.32650007100005],[32.61547999500002,39.32651007100016],[32.61868999500008,39.32603007100005],[32.6187399950001,39.32604007100019],[32.61899999500015,39.32606007100001],[32.61932999500003,39.32607007100016],[32.61934999500013,39.32571007100007],[32.61932999500003,39.32516007100005],[32.61930999500005,39.32495007100006],[32.6192499950002,39.32460007100003],[32.6192499950002,39.32452007100017],[32.61928999500016,39.32453007100008],[32.61938999500008,39.32452007100017],[32.61953999500002,39.32452007100017],[32.6197399950001,39.32453007100008],[32.6199399950001,39.32454007100007],[32.62005999500008,39.32457007100003],[32.62015999500016,39.32460007100003],[32.62027999500014,39.32462007100009],[32.62038999500005,39.32464007100015],[32.62048999500013,39.32464007100015],[32.6206099950001,39.32466007100005],[32.62067999500006,39.32469007100021],[32.62072999500008,39.32479007100013],[32.62081999500009,39.32478007100018],[32.62096999500003,39.32473007100016],[32.62113999500007,39.32458007100018],[32.62111999500017,39.32452007100017],[32.62124999500014,39.32452007100017],[32.62138999500017,39.32448007100006],[32.62144999500014,39.32448007100006],[32.6214999950002,39.32456007100012],[32.62147999500014,39.32469007100017],[32.62125999500005,39.3250800710001],[32.62123999500015,39.32514007100015],[32.62123999500015,39.32540007100016],[32.62124999500014,39.32568007100003],[32.62133999500007,39.32610007100013],[32.62148999500009,39.32609007100006],[32.62172999500009,39.32604007100019],[32.62204999500006,39.32594007100003],[32.62224999500007,39.32587007100012],[32.62237999500019,39.325800071],[32.62249999500017,39.32581007100015],[32.6226899950001,39.32584007100012],[32.62292999500006,39.32588007100007],[32.62316999500017,39.32589007100017],[32.62331999500014,39.32588007100007],[32.62356999500009,39.3258500710001],[32.62366999500017,39.32582007100006],[32.62379999500006,39.32581007100015],[32.62390999500013,39.32579007100009],[32.62399999500013,39.32575007100014],[32.62418999499999,39.32593007100009],[32.62482999500003,39.32598007100019],[32.62503999500018,39.32602007100014],[32.62503999500018,39.3260500710001],[32.62418999499999,39.32627007100016],[32.62518999500016,39.32704007100013],[32.6242299950001,39.32734007100009],[32.62413999500013,39.32794007100017],[32.62698999500005,39.32680007100017],[32.62730999500007,39.32700007100005],[32.62856999500001,39.32712007100002],[32.62879999500005,39.3271600710001],[32.6290599950001,39.3271600710001],[32.62920999500004,39.32706007100018],[32.62968999500015,39.3267400710002],[32.63001999500011,39.32663007100013],[32.6301699950001,39.3266300710001],[32.63035999500015,39.3266600710001],[32.6303999950001,39.32695007100015],[32.63046999500006,39.32709007099999],[32.63049999500002,39.32720007100001],[32.63043999500009,39.32731007100012],[32.63046999500006,39.327380071],[32.63147714400014,39.32751349700005],[32.63172588000013,39.32754644900014],[32.63222513800003,39.32761259000017],[32.63280999500006,39.32769007100007],[32.63285999500012,39.32879007100011],[32.63303999500003,39.32992007100005],[32.63426239500013,39.3301394990001],[32.63550435400013,39.33069256500018],[32.63669504000005,39.33111222200012],[32.63737753100013,39.33128022200003],[32.63738330500009,39.33129899600015],[32.63682547300009,39.33170314900013],[32.63671339600017,39.33248946300017],[32.63584176100003,39.33332430700018],[32.63567654200016,39.3337937810001],[32.6357126300001,39.33547098500014],[32.63558970000008,39.33600307300008],[32.63449475900017,39.33633685200012],[32.63440965500008,39.33601836900007],[32.63149999500018,39.33656007100016],[32.63141999500016,39.33753007100017],[32.63137999500005,39.33775007100006],[32.63085263300006,39.33827743299997],[32.63084211900007,39.33829542100006],[32.63083678200015,39.33829328400017],[32.63078999500004,39.338340071],[32.63037999500004,39.33815007100007],[32.62763999500003,39.33831007100015],[32.62758999500017,39.33895007100007],[32.62853999500004,39.34013007100014],[32.62695465000008,39.34038216500006],[32.62576999499998,39.34059007099999],[32.62642999500008,39.34158007100005],[32.62729999500012,39.34333007100008],[32.62927999500015,39.34351007100003],[32.6317899950002,39.34582007100003],[32.63108999500004,39.34636007100011],[32.63183999500006,39.34785007100017],[32.63235148500014,39.34825554000003],[32.63232910500004,39.34885934700014],[32.63210305600004,39.34915678000017],[32.63209115800014,39.34953749400006],[32.63176993100014,39.34990631000016],[32.63147249900003,39.35033461300002],[32.63122265500014,39.3507867110001],[32.63078245500013,39.35125070500016],[32.63011620599996,39.35167900800011],[32.62965221100006,39.3519288520002],[32.62931908600011,39.352119209],[32.62914062700001,39.35253561400016],[32.62891457800001,39.35254751200003],[32.6284624800001,39.35273786900007],[32.62796279400016,39.35318996600011],[32.62755828500018,39.35366585800007],[32.62653511700006,39.35395139400003],[32.62622578700005,39.35420123699997],[32.62592835400006,39.35428451800006],[32.62492898100002,39.35485558900011],[32.6244530890001,39.35498645900014]]],[[[32.03393568400014,39.37383908200015],[32.03269634200011,39.37417377800011],[32.0309689800002,39.37408274000016],[32.03020624500004,39.372095871],[32.02851770300014,39.37158346300009],[32.02814018600008,39.37031533500016],[32.02791789300007,39.3697257120001],[32.02738268600011,39.36914625200011],[32.0289673840001,39.36920460300006],[32.03032519500009,39.36867453399997],[32.03143474799997,39.36892567500009],[32.03301967400005,39.36860480600011],[32.03415538300013,39.36857392300012],[32.03618958500006,39.3674158540001],[32.03741860300011,39.36717252500016],[32.03864081500016,39.36687596800004],[32.04038849300004,39.36667317600013],[32.04142404000015,39.36678393100018],[32.04261965000011,39.36722821100017],[32.04610682300012,39.36742295900013],[32.04643306200017,39.3676428500001],[32.04589348500021,39.36858396500007],[32.04481140600012,39.36946951400004],[32.04397385600009,39.36932208300003],[32.04305422600002,39.36970318300011],[32.04300673300008,39.37033609500008],[32.04259714500013,39.37187744300007],[32.04177375200015,39.37251114600019],[32.04018845700016,39.37406971400004],[32.03795429700007,39.37371904800013],[32.03454527100006,39.37380580900007],[32.03393568400014,39.37383908200015]]],[[[32.52424999400019,39.39000007100014],[32.52420999400003,39.39016007100003],[32.5226799940001,39.390250071],[32.52150999400009,39.39038007100009],[32.52152999400015,39.39018007100009],[32.52051999400011,39.38974007100013],[32.52046999400005,39.38988007100016],[32.52044999400016,39.39001007100005],[32.51939999400013,39.38965007100012],[32.51952999400005,39.38950007100014],[32.51930999400016,39.38939007100011],[32.51903999400004,39.389280071],[32.51886999400016,39.38923007099994],[32.51878999400014,39.38925007100004],[32.51875999400009,39.3893000710001],[32.51875999400009,39.38937007100002],[32.51871999400002,39.38945007100012],[32.51830999399999,39.38938007100016],[32.51828999400018,39.38950007100014],[32.51805999400013,39.38943007100002],[32.51790999400015,39.38936007100011],[32.51773999400011,39.389280071],[32.51761999400014,39.38920007100018],[32.51742999400004,39.38909007100015],[32.51730999400007,39.389050071],[32.51720999400015,39.38899007100003],[32.51706999400011,39.38890007100009],[32.51696999400019,39.38882007100015],[32.51676999400011,39.38858007100004],[32.51671999400009,39.38846007100003],[32.51670999400018,39.38833007100014],[32.51672999399999,39.3881600710001],[32.51671999400009,39.38801007100012],[32.51678999400021,39.38754007100016],[32.51790999400015,39.38763007100017],[32.51823999400011,39.38775007100015],[32.51830822500013,39.38788328400006],[32.51844999400002,39.3881600710001],[32.51885319200001,39.38824161700013],[32.5202299940001,39.38852007100007],[32.52065999400015,39.38868007100012],[32.52324999400002,39.38958007100017],[32.52330999399999,39.38922007100008],[32.52462999400017,39.3894400710001],[32.5245499940001,39.38959007100011],[32.52441999400002,39.3897700710001],[32.52424999400019,39.39000007100014]]],[[[32.46164429400018,39.41513172700013],[32.46093999400018,39.41555007100009],[32.4564499940001,39.41449007100016],[32.45632999400008,39.41446007100011],[32.45629999400012,39.41452007100012],[32.45626999400015,39.41453007100007],[32.45610999400002,39.41454007100002],[32.45597999400014,39.41455007100012],[32.45588999400012,39.41455007100012],[32.45584999400018,39.41455007100012],[32.45579999400012,39.41454007100002],[32.45569999400004,39.41452007100012],[32.45557999400005,39.41450007100006],[32.45546999400019,39.41449007100016],[32.45535999400016,39.41450007100006],[32.45527999400009,39.41450007100006],[32.45523999400018,39.41450007100006],[32.45521999400012,39.41450007100006],[32.45512403700006,39.41446808500014],[32.45506999400015,39.41445007100005],[32.45205999400014,39.41383007100006],[32.45216999399997,39.41285007100015],[32.45118999400005,39.41288007100012],[32.45129999400012,39.412140071],[32.450469994,39.41201007100012],[32.44949999400007,39.41182007100019],[32.44923999400002,39.4140000710001],[32.44701999400019,39.41438007100005],[32.44614999400015,39.41260007100005],[32.4447699940002,39.41218007100015],[32.44464999400002,39.41234007100008],[32.44458999400005,39.41245007100007],[32.44452999400004,39.41256007100014],[32.44426999400004,39.41251007100008],[32.44408999400009,39.41248007100012],[32.44377999400018,39.4124100710002],[32.44356999400003,39.41238007099996],[32.44344999400005,39.41254007100008],[32.44334999400013,39.41264007100001],[32.44328999400012,39.41269007100003],[32.44325999400012,39.41271007100012],[32.4432099940001,39.41272007100007],[32.44308999400013,39.41262007100015],[32.44266999399998,39.41272007100007],[32.44251999400016,39.41281007100004],[32.44239999400003,39.41286007100014],[32.44232999400011,39.41288007100012],[32.44230999400001,39.41285007100011],[32.44208999400011,39.41267007100005],[32.44195999400007,39.41257007100005],[32.44184999400017,39.41250007100017],[32.44168999400011,39.41238007099996],[32.4416199940002,39.41234007100008],[32.44146121700009,39.41222411000012],[32.44138825000017,39.41217081900011],[32.44072999400002,39.41169007100014],[32.44056999400017,39.41168007100015],[32.44041999399995,39.41164007100008],[32.43990999400008,39.41194007100016],[32.43967999400007,39.41206007100013],[32.439509994,39.41215007100015],[32.43937304900014,39.4122064600001],[32.43933999400012,39.41222007100006],[32.43918999400017,39.41225007100003],[32.43787999400014,39.41315007100012],[32.43774999400006,39.41328007100004],[32.43739999400003,39.41327007100013],[32.43729999400011,39.41326007100015],[32.43699999400019,39.41322007100007],[32.43675999400003,39.41321007100009],[32.43666999400006,39.41321007100009],[32.43669999400003,39.4128300710001],[32.43596999400006,39.41183007100017],[32.43711999400017,39.41128007100015],[32.43661999400017,39.41056007100001],[32.43624999400009,39.41039007100001],[32.43612999400011,39.41034007100011],[32.43595999400007,39.41022007100013],[32.43585999400015,39.41016007100016],[32.43571999400012,39.41009007100008],[32.43556999400018,39.41000007100003],[32.43511999400003,39.40976007100012],[32.43473999400005,39.40949007100012],[32.43461999400007,39.40945007100005],[32.43441999400007,39.40940007100015],[32.43431999400015,39.40936007100004],[32.43419999400017,39.40924007100006],[32.43406999400001,39.40911007100014],[32.43396999400013,39.40897007100011],[32.43339999400017,39.40831007100001],[32.43289999400005,39.40786007100011],[32.43258999400013,39.40800007100018],[32.43229999400012,39.40816007100007],[32.43209999400012,39.40794007100018],[32.43189999400012,39.40772007100008],[32.4317499940001,39.40755007100008],[32.43165999400012,39.40744007100017],[32.43149999400003,39.40711007100005],[32.43142999400008,39.40691007100001],[32.4313399940001,39.40658007100008],[32.4313399940001,39.40632007100002],[32.43125483600017,39.40592266700004],[32.43115726600006,39.40546734200014],[32.43198999400005,39.40492007100006],[32.43220222400002,39.40481293600015],[32.43224999400006,39.40466007100017],[32.43232999400016,39.40451007100007],[32.4326799940001,39.40347007100015],[32.4324999940002,39.40347007100015],[32.43235999400013,39.40344007100011],[32.43239999400004,39.40322007100009],[32.43263999399999,39.40314007099998],[32.43292999400005,39.40303007100015],[32.43317999400011,39.40297007099998],[32.43325999399998,39.40297007099998],[32.43328999400018,39.40298007100013],[32.43329999400009,39.40299007100004],[32.43331999400014,39.40302007100001],[32.43332999400009,39.40314007099998],[32.43333999400004,39.40322007100009],[32.43350999400008,39.40315007100013],[32.43374999400003,39.4030100710001],[32.43395999400018,39.40291007100018],[32.43421999399999,39.40282007100016],[32.43498999400015,39.4023200710002],[32.43484999400012,39.40224007100018],[32.43620999400002,39.40219007100011],[32.43651999400009,39.40208007100005],[32.43685999400016,39.40194007100001],[32.4365399940001,39.40145007100016],[32.43576999400018,39.40103007100002],[32.43573999400017,39.40090007100014],[32.43573999400017,39.40068007100008],[32.43572999400011,39.40059007100007],[32.4356699940001,39.40024007100004],[32.43525999400011,39.3991700710002],[32.43359999400009,39.39789007100013],[32.43383999400004,39.39769007100013],[32.43397999400003,39.39755007100005],[32.43424999400003,39.39729007100004],[32.43438999400006,39.39709007100004],[32.43443999400013,39.39697007100007],[32.43443999400013,39.39692007100017],[32.43441999400007,39.39691007100001],[32.43438999400006,39.39689007099996],[32.43422999400013,39.3968300710002],[32.43395999400018,39.39673007100011],[32.43385999400006,39.39668007100005],[32.43367999400012,39.39659007100004],[32.4324199940001,39.39378007100003],[32.4320099940001,39.39275007100007],[32.43207999400006,39.39221007100019],[32.43190999400019,39.39198007100014],[32.43189999400012,39.39198007100014],[32.43232455300011,39.39153484799999],[32.43317921900012,39.39153927500012],[32.43352693600004,39.39151850200004],[32.43382880700003,39.39136835099997],[32.43423370200009,39.39151483700006],[32.43450931900006,39.39180601300017],[32.43482112900013,39.39195703900003],[32.43502177900018,39.3922027950001],[32.43529717900002,39.39223698800006],[32.4355463450001,39.39272334900005],[32.43696999399999,39.39347007099996],[32.43697999400013,39.39352007100006],[32.43705999400016,39.39364007100004],[32.43710999400002,39.39370007100017],[32.43716999400003,39.39373007100001],[32.4372099940001,39.39374007100012],[32.43728999400005,39.39375007100003],[32.43743999400014,39.39375007100007],[32.43756999400007,39.39376007100002],[32.43758999400013,39.39377007100013],[32.43759999400012,39.39378007100003],[32.43834999400014,39.39405007099999],[32.43862999400005,39.39417007100017],[32.4387899940001,39.39406007100014],[32.43892999400017,39.39400007100017],[32.4390699940002,39.39399007100018],[32.43914999400006,39.39398007100012],[32.43919999400016,39.39397007100013],[32.43926999400004,39.39396007100002],[32.43931999400014,39.39397007100013],[32.43937999400011,39.39399007100018],[32.43949999400009,39.39405007100003],[32.43966999400008,39.3940900710001],[32.43972999400013,39.39412007100015],[32.43974999400019,39.39414007099997],[32.43972999400013,39.39416007100006],[32.43970999400004,39.39420007100017],[32.44005999400002,39.39437007100001],[32.44019999400005,39.39433007100006],[32.44026999400017,39.39431007100008],[32.44034999400007,39.39432007100015],[32.44037999400008,39.39433007100006],[32.44038999400014,39.39434007100004],[32.44038999400014,39.39435007100011],[32.44036999400009,39.39438007100016],[32.44026999400017,39.39442007100007],[32.44013999400012,39.39447007100013],[32.44010999400012,39.39449007100015],[32.44140999400001,39.39484007100005],[32.44158999399995,39.39494007100013],[32.44223245400019,39.39514924400005],[32.44265999400004,39.39526007100011],[32.44321999400001,39.39571007100005],[32.4461899940001,39.39579007100007],[32.44830999400017,39.39615007100001],[32.44929999399999,39.39688007100006],[32.44986999400011,39.39675007100017],[32.45032676300013,39.39664757499996],[32.45495999400008,39.397560071],[32.45523999400018,39.3977500710001],[32.45580999400006,39.39767007100003],[32.45618999400005,39.397730071],[32.45738999400005,39.39825007100006],[32.45849999400009,39.39880007100008],[32.46133999400002,39.39927007100012],[32.46127355600004,39.39950305400009],[32.46140870000004,39.39965096100018],[32.46145577900013,39.39986356400011],[32.46216537400009,39.39998646500004],[32.46249498300011,39.39999856300012],[32.46285927000015,39.3998248960001],[32.46323638900002,39.40010974000001],[32.46298345000015,39.40040622300012],[32.46311791600004,39.40084458600006],[32.46348554200013,39.40108330000011],[32.46366001700005,39.4014908760001],[32.46364980900013,39.40163665200005],[32.4637528830001,39.4017261570001],[32.46393687800014,39.40266756699997],[32.46423520400016,39.40278374200012],[32.46403209000007,39.40311531500009],[32.4641701660001,39.40324160800015],[32.46444311499998,39.40345911200008],[32.4648899480001,39.40356082800007],[32.46526327300002,39.40367824000003],[32.46562708600002,39.40372797500014],[32.46586550800004,39.40392487600021],[32.46619040000007,39.40387076500009],[32.46647463600016,39.40398125100016],[32.46684635999998,39.40432591200017],[32.4669303190001,39.4046639980001],[32.46708241600017,39.40485596300003],[32.46730434500019,39.40492989300015],[32.46737750500017,39.40527008600016],[32.46723721600019,39.4056925520001],[32.46684893400004,39.40582538500014],[32.46672460000006,39.40610298500001],[32.46684223100009,39.40617370900003],[32.46696696700013,39.40626535100017],[32.46700182300014,39.40672872399999],[32.46713351300001,39.40702009100004],[32.46711590400007,39.40724034400007],[32.46724621700014,39.40753504400016],[32.467273516,39.40775278500014],[32.46750999400018,39.40795007100008],[32.46685999400007,39.40815007100012],[32.46628999400016,39.40815007100012],[32.46596999400013,39.40820007100018],[32.46589999400002,39.40826007099999],[32.46583999400001,39.40832007100016],[32.46571999400003,39.40844007100014],[32.4656299940001,39.40852007100016],[32.465549994,39.40856007100011],[32.46550999400013,39.40858007100017],[32.46544999400007,39.40858007100017],[32.46523999400013,39.40858007100017],[32.46501999400003,39.40855007099996],[32.46489999400006,39.40853007100011],[32.4637499940001,39.40869007100004],[32.46372999400005,39.40866007100004],[32.46369999400009,39.40864007100014],[32.46361999400006,39.40857007100006],[32.46347999400019,39.40853007100015],[32.46324999400014,39.40841007100013],[32.46296999400012,39.40828007100005],[32.462629994,39.40812007100016],[32.46235999400005,39.40800007100018],[32.46223999400007,39.40796007100003],[32.4621799940001,39.40796007100003],[32.46215999400005,39.40796007100003],[32.46210999400019,39.40782007100016],[32.46147999400006,39.40765007100016],[32.46131999400016,39.40766007100007],[32.46119999400003,39.40768007100012],[32.45971999400012,39.40746007100007],[32.45953999400013,39.40746007100007],[32.45923999400005,39.40748007100012],[32.45807999400012,39.40789007100011],[32.45786999400021,39.40816007100007],[32.45760999400015,39.40830007100011],[32.45634999400018,39.40894007100014],[32.45447999400017,39.40898007100002],[32.45419999400006,39.40915007100013],[32.45384999400012,39.40939007100008],[32.45357999400012,39.40961007100014],[32.45335999400002,39.40977007100003],[32.45306999400001,39.40992007100005],[32.45281999400015,39.41002007100013],[32.45260999400016,39.41011007100015],[32.45252999400009,39.41015007100002],[32.45250999400008,39.41016007100016],[32.45248999400018,39.41018007100006],[32.45248999400018,39.41020007100003],[32.45249999400009,39.41022007100013],[32.45250999400008,39.41025007100018],[32.45253999400005,39.41026007100008],[32.45272999400014,39.41030007100004],[32.45282999400006,39.41031007100015],[32.45301999400015,39.41028007100014],[32.45319999400009,39.41029007100009],[32.45354999400012,39.41033007100004],[32.45368999400015,39.41037007100015],[32.45381999400008,39.41041007100007],[32.45400999400017,39.41049007100013],[32.45429999399998,39.41063007100012],[32.45434489800014,39.41066115800014],[32.45442999400011,39.41072007100014],[32.45445999400011,39.4107500710001],[32.45446999400002,39.410800071],[32.45443999400005,39.41084007100011],[32.45433999400014,39.41095007100018],[32.45427999400017,39.41101007100015],[32.45421999400016,39.41108007100006],[32.45418999400015,39.41114007100008],[32.4541699940001,39.41121007100003],[32.4541699940001,39.41123007100005],[32.45417999400001,39.41124007100019],[32.45418999400015,39.41124007100019],[32.45420999400005,39.41124007100019],[32.45435999400019,39.41119007100014],[32.45452999400003,39.41115007100018],[32.45469999400007,39.41111007100007],[32.45492999400011,39.41107007100016],[32.4550399940001,39.41106007100001],[32.45514999400017,39.41133007100017],[32.45531932000019,39.4117284860002],[32.45532572900004,39.41172937800008],[32.45639254000014,39.41160042300015],[32.45713999400016,39.41151007100012],[32.45709999400005,39.41141007100003],[32.45705999400013,39.41127007100016],[32.45836999400013,39.41120007100005],[32.45878999400006,39.41127007100016],[32.45889999400013,39.41126007100009],[32.45905999400002,39.4112500710001],[32.45916999400009,39.4112500710001],[32.45923599600004,39.4112500710001],[32.45930999400012,39.4112500710001],[32.45936999400009,39.41127007100016],[32.45945999400011,39.41129007100002],[32.45954999400012,39.41132007100002],[32.4596499940002,39.41136007100017],[32.45978999400008,39.41142007100014],[32.45990999400005,39.411470071],[32.46001999400004,39.41151007100012],[32.46008070400011,39.411532837],[32.46009999400015,39.41154007100008],[32.46021999400012,39.41157007100016],[32.46033999400009,39.41162007100018],[32.46046999400018,39.41167007100005],[32.46059999400011,39.4117200710001],[32.46068999400008,39.41175007100006],[32.46080999400006,39.41178007100007],[32.46093999400018,39.41182007100019],[32.46108999400012,39.41186007100013],[32.46121999400005,39.41189007100014],[32.46391999400014,39.41266007100006],[32.46409765100002,39.41277273100015],[32.46432999399997,39.41292007100007],[32.46416999400009,39.41324007100005],[32.46274447700016,39.41438048500017],[32.46226999400007,39.41476007100012],[32.46164429400018,39.41513172700013]]],[[[32.12389215800009,39.40010267100006],[32.1216380330002,39.40281017900006],[32.12213136500012,39.40454859100002],[32.12147025000006,39.40889528700011],[32.12818526599999,39.40949432900015],[32.1314172440001,39.40992098000005],[32.13709757500014,39.41127948700006],[32.13752294699997,39.41148178200017],[32.13478948200002,39.41363062300007],[32.13048846000014,39.41608279200005],[32.12725703600012,39.41711076800017],[32.1272224660001,39.41718725500006],[32.12650109200013,39.41857396500017],[32.12642052100009,39.41864399500013],[32.12521223800008,39.42121937400011],[32.1228242910001,39.41983750900012],[32.12063065600005,39.4190841350001],[32.11857300800019,39.41877070200018],[32.11728591300017,39.41825928500008],[32.116369893,39.41766455300007],[32.11548275600006,39.4170359890001],[32.11480522700007,39.41668251700003],[32.11459152500014,39.41633954500003],[32.11369804500011,39.41428698800014],[32.1132662740002,39.41303560000016],[32.11218044800005,39.40993991900005],[32.11115984700005,39.40838373300011],[32.10982886400019,39.40650610100015],[32.10876238400004,39.40493007900017],[32.10822938200015,39.40382374700008],[32.10791190200018,39.4024656740001],[32.1080050860001,39.40156051800018],[32.10830440800016,39.40113838400003],[32.10619933500017,39.39998779900015],[32.10575306800006,39.3984737570001],[32.10594624600009,39.39770898800013],[32.10750528100003,39.39604614700012],[32.10852850700012,39.39546288300006],[32.10902178300012,39.39439390700007],[32.10820379600015,39.39277227000006],[32.10825956300009,39.39200491999996],[32.10917055700013,39.3919515290001],[32.10971553400001,39.39069997800006],[32.10950318800003,39.38992265400002],[32.1102373270001,39.38901925500013],[32.11059878800011,39.38870917600013],[32.11120199300018,39.38853080200016],[32.1117570150001,39.38855274900006],[32.11228877000013,39.38860993200011],[32.11320530100006,39.38891795900014],[32.11388709400004,39.38914155300013],[32.11421918400014,39.38927454599999],[32.11451167600001,39.38927677200009],[32.11482483100009,39.38937459400019],[32.11600961200012,39.38894780700009],[32.11674073700014,39.38886620300009],[32.11724614100007,39.38887003800017],[32.11805380700007,39.38917686000013],[32.11955399900006,39.38912285500002],[32.12099905500008,39.38943447700007],[32.12286305399999,39.38961994600002],[32.12340372100008,39.38986004600015],[32.12504061300019,39.38969115100012],[32.12594143000018,39.38957457200019],[32.12875085100018,39.3924905690001],[32.13168462100008,39.39172139600012],[32.13235504300015,39.39059076400009],[32.13433444700014,39.39044910900013],[32.13723384600015,39.39079782700004],[32.13808896300008,39.39130065100012],[32.13944024699997,39.39165628100001],[32.14041071300002,39.39176543600009],[32.14126944400008,39.39133325000002],[32.14191093500016,39.38986699300013],[32.14410766899999,39.39094752800008],[32.15016740300013,39.3917708930001],[32.15344496500006,39.39005891000009],[32.15593169300006,39.38849422600013],[32.15672368700007,39.38856148799998],[32.15887233500008,39.39097780100019],[32.16034345600018,39.38990127300012],[32.16095750300006,39.39062714800003],[32.16114619700005,39.39026805300009],[32.1613066800001,39.38988304000014],[32.16167284900014,39.38952047400015],[32.16117368500004,39.38875261600005],[32.16366122200007,39.38851928600008],[32.16359079000011,39.38656280600004],[32.16461063100021,39.38664711300014],[32.16612779800003,39.38722120300007],[32.16731296700018,39.3875231910002],[32.17062486200018,39.38517276100005],[32.17077225899999,39.38513123600005],[32.17400460000005,39.38343901900009],[32.17709372100013,39.38710942700006],[32.17976290900015,39.38583785700017],[32.17924257000015,39.38422225199999],[32.18035957300016,39.38267383600012],[32.17977995000008,39.38055916700006],[32.1816862390001,39.37699735400011],[32.18393993500008,39.37239080100006],[32.18396826100015,39.37234554500007],[32.18533222200005,39.36994646900018],[32.18609942800014,39.36642865400016],[32.1903164750001,39.36996380200009],[32.1916035730002,39.37129074600013],[32.19167985500007,39.37137468500004],[32.19184440200014,39.37157340300013],[32.19240603000004,39.37290356000016],[32.19246339800004,39.37305621500008],[32.19250061400004,39.3730970310001],[32.19559752000016,39.372613173],[32.19651335800008,39.37100069700015],[32.19783642400012,39.36900186600008],[32.19794711000004,39.36890422000015],[32.19901282600014,39.36827175800002],[32.19912581700017,39.36820854200014],[32.20099467500005,39.36732760400015],[32.201996973,39.36711316600012],[32.2026227810001,39.36765326200004],[32.20325763300007,39.36825378900009],[32.20367211500007,39.36771327400005],[32.20434556300016,39.36748393699998],[32.20533716600011,39.36749071299998],[32.20667669900019,39.36768097100013],[32.20759982800007,39.36772499300002],[32.20882415900017,39.36778615000004],[32.20949044300011,39.36819064600014],[32.2105511010001,39.36838994600009],[32.21188195400014,39.36859673400016],[32.21364119100014,39.3689289370002],[32.21472032000002,39.36798166200003],[32.21632336700004,39.36705355599998],[32.21973913200013,39.36507782300002],[32.21958989200005,39.36458550900017],[32.21945151800015,39.36438077500006],[32.21940221700003,39.36417664100007],[32.22028890900005,39.3641243560001],[32.22044950100019,39.3637581390001],[32.22182182800015,39.36342705400016],[32.22232391800012,39.36231592600008],[32.22232524600003,39.36226283400008],[32.2218975570001,39.36122158500018],[32.21959321500005,39.35909106000003],[32.21879037300005,39.35752208900016],[32.21860764500019,39.35615721600009],[32.21822411300008,39.35488246900006],[32.2185765270001,39.35363476500002],[32.2186355000001,39.35354675100001],[32.2188638100002,39.35227105299997],[32.22004925800021,39.34981110499999],[32.22087695100002,39.348097773],[32.22146490500019,39.34747569600017],[32.22265807600007,39.34692660400002],[32.22318095100009,39.3468288110002],[32.22385111600015,39.34638762900011],[32.22458717100005,39.3455576560001],[32.22468994300004,39.34553512300012],[32.2249737250001,39.34459501900011],[32.22568369100001,39.34354740300008],[32.22588489000004,39.34350941300017],[32.22602899100021,39.34330286900011],[32.22640299400014,39.34283454800005],[32.22669255500016,39.34255458300002],[32.22670991600011,39.34253076900018],[32.2274807320001,39.34303398900013],[32.22847594700011,39.34386231800016],[32.22848394000017,39.3440156950001],[32.22953339400016,39.34473577000012],[32.22974662100013,39.34502569200013],[32.23027415000013,39.34495309200016],[32.23091999500018,39.3445166700001],[32.23318445600005,39.34541933500009],[32.23387448600015,39.34583059000011],[32.23449702100006,39.34625698800005],[32.23505939900019,39.34680853700012],[32.23525111200018,39.34720166400007],[32.2369456550001,39.34863187400006],[32.2380287300001,39.3496848590001],[32.23862751900005,39.35034903900014],[32.23923244000006,39.35100453300002],[32.23896952000017,39.35132300900007],[32.23727888800009,39.35249059299999],[32.2360017940001,39.35371672200016],[32.23491700800007,39.35470870100006],[32.23345316700018,39.35564786000008],[32.23344298900002,39.35673719700004],[32.23267587900018,39.35841221900007],[32.23258897900006,39.35904302300002],[32.23199952400005,39.35924069500003],[32.23069758300012,39.36008627900004],[32.23087867100016,39.36059464699999],[32.23031961599998,39.36132516900003],[32.22930725800007,39.36123566600002],[32.2288071280001,39.36185337800013],[32.22843034800017,39.36191706100017],[32.22777062300003,39.36305231900013],[32.22685993300018,39.36403885700003],[32.22636766600005,39.364362675],[32.22578786900008,39.36524383900009],[32.22512536500018,39.36685711200012],[32.22388300000019,39.36784876900015],[32.22140787900007,39.37026492100006],[32.21893243100008,39.37238315100019],[32.21896342300018,39.37461021600012],[32.21996329500013,39.37479744900007],[32.21998934200001,39.37567247400013],[32.22103687500011,39.37801242900021],[32.22128256900005,39.38005539200002],[32.22277145800018,39.3815803720001],[32.22285325200004,39.38144684800004],[32.22292834800005,39.38321461300018],[32.22430728400008,39.3825976910001],[32.22517902100002,39.38258341000007],[32.22594191100008,39.38226704000004],[32.22688385600008,39.38214606300006],[32.22801307899999,39.38162094000005],[32.22818235200008,39.38198008800008],[32.23424165400011,39.38232905200005],[32.23745154000015,39.3828795150002],[32.24111276300016,39.38232980800008],[32.24389563200008,39.38210060899998],[32.24647233200009,39.38127379299995],[32.2466134300001,39.38122128700012],[32.2480843180001,39.38073309900006],[32.24818920600006,39.38063622200011],[32.24920652500014,39.37993724100011],[32.24930729600005,39.37989412200019],[32.24945329600001,39.37978602100004],[32.24952637500014,39.37973191000007],[32.25080866800009,39.37876165100017],[32.25086965900006,39.37867401600011],[32.25097264500007,39.37862976100008],[32.25183298500019,39.37817515800005],[32.251906023,39.37817462400016],[32.25381132800005,39.37668296100016],[32.25594428100003,39.37774765500012],[32.25658369700018,39.37751757600019],[32.25636036300016,39.37842354400017],[32.25651603000018,39.37909704800011],[32.25617435600016,39.37954368400013],[32.25616110900019,39.37984411200012],[32.25665252000012,39.38045218400012],[32.25717181300012,39.38080284600004],[32.25757004900005,39.38095562400004],[32.25854979700011,39.38151060300008],[32.25961337699998,39.38173769900005],[32.26029881200014,39.38175868600006],[32.26066796000014,39.38180260400014],[32.26139121800016,39.38202743200008],[32.26200417300015,39.38242042100002],[32.26270225400008,39.38301058800009],[32.26289638100007,39.38339631500015],[32.26287449099998,39.38362726499999],[32.26167646900017,39.38595434600013],[32.26039469900019,39.38759167200003],[32.26052433600017,39.38821143300012],[32.25934521700005,39.38989921700011],[32.25836632200015,39.39009072200009],[32.25583338000017,39.39130493700007],[32.25203348900011,39.39182984899998],[32.25067759800012,39.39152451300014],[32.24956289200001,39.39097244399998],[32.24635406700002,39.39036537500015],[32.24630296800011,39.39034368700015],[32.24617497300011,39.39028997800007],[32.24312286400009,39.38907123700015],[32.23812422900009,39.38945401900008],[32.23799072700012,39.3895507810001],[32.23575302500007,39.39009366300005],[32.23516838500017,39.3902871600002],[32.23216656400008,39.39102975300005],[32.23147069200018,39.39126265300013],[32.23108098099998,39.39124459000016],[32.23021190700006,39.39131486800009],[32.2287837050002,39.39147776000011],[32.2268281680001,39.39182459500011],[32.22477421700007,39.39211863600018],[32.21750741100008,39.393639048],[32.21618322300016,39.39390422800011],[32.21548765400008,39.39416931600002],[32.2132112690001,39.39456134400012],[32.21272706000008,39.39453569200016],[32.21131328200001,39.39384453500009],[32.21084813900018,39.39374663000007],[32.21063686500008,39.39371989600017],[32.20868143100012,39.39390725000001],[32.20658462600013,39.39358715800018],[32.20552201700018,39.3936209300001],[32.20428259800003,39.39356397800002],[32.20326498300012,39.39344513200014],[32.20139151000011,39.39335396900015],[32.2001964650001,39.39320476500007],[32.19758533200013,39.39319451799999],[32.19634738400002,39.39311122000005],[32.19348370300013,39.39350348700009],[32.18978406200017,39.39430957200008],[32.18970243700009,39.39405966800018],[32.18991020800014,39.39154973799999],[32.18923710300016,39.3900401210001],[32.18779879700014,39.391170186],[32.18774258800004,39.39209463100007],[32.18226866900017,39.3916444920002],[32.18167571200006,39.38957674900009],[32.17797989700007,39.390223444],[32.17574829700015,39.38957832200014],[32.17199185300002,39.38974594900002],[32.17363202000011,39.39169469100015],[32.17401183700001,39.39346303200006],[32.17396755800018,39.394653499],[32.17320198500015,39.39546342400018],[32.16968003000019,39.39855901100004],[32.16588573000007,39.39846734300009],[32.16391820100011,39.39861746500008],[32.16235891500003,39.39875648400015],[32.16040191000002,39.39895201700003],[32.15908840900017,39.3991789320001],[32.15857475300012,39.39934471300006],[32.15765390200006,39.39979215900011],[32.15610990300009,39.40038243799999],[32.15600666200014,39.40045437500003],[32.15516636400008,39.40063845000007],[32.15489414800014,39.39963592300018],[32.15468325600011,39.398598076],[32.15468846300006,39.39622417800006],[32.15369707000021,39.39597677800001],[32.15326964900009,39.39589603000009],[32.15233919900005,39.39603967800007],[32.15192775000002,39.39624028300003],[32.15147863700007,39.39632172400014],[32.15043864299999,39.39610283400013],[32.14998185000012,39.39592375000007],[32.14965327600008,39.39611096100005],[32.14852110700013,39.39658229900007],[32.147282901,39.39636289700007],[32.14461880300019,39.39644931200019],[32.14391157700015,39.39687168100004],[32.14339231500015,39.39739359300002],[32.14326075600017,39.39804906600006],[32.14389907700019,39.3985068850002],[32.14386334100003,39.39898007300007],[32.14285730400021,39.39904548300017],[32.14243983900004,39.39923090700007],[32.14238792100018,39.39921940200009],[32.14159732700011,39.39912991400011],[32.14108728400016,39.40091535200008],[32.14103858000001,39.4015670520002],[32.13975018700008,39.40087276600008],[32.13839295800013,39.40027849700002],[32.1374487170001,39.39991096500019],[32.13473479700009,39.39937477800015],[32.13268278300005,39.39921016900012],[32.13189629400012,39.399085518],[32.12977266000007,39.39894038400006],[32.12848336399999,39.39809979100006],[32.1277290980001,39.39736360500005],[32.12659687400001,39.39740727100015],[32.12389215800009,39.40010267100006]]],[[[32.08677142500009,39.42354444100004],[32.08762258900005,39.42425485099999],[32.08754182300008,39.42564954400007],[32.08856328000014,39.425900218],[32.09015840300003,39.42594910600012],[32.09081574700006,39.42653057699999],[32.09036385300016,39.42759477300011],[32.09011057099995,39.42842392200009],[32.09064016900009,39.42860399600004],[32.0898394290001,39.42942279400008],[32.09114082600006,39.43040970000008],[32.09054393300016,39.43179429300018],[32.09155209700008,39.43307616400005],[32.09164879800016,39.43491847300004],[32.08669108500003,39.435921253],[32.08601630900016,39.43541779500007],[32.08542789200003,39.43426589400013],[32.07960374800008,39.43305758100007],[32.0695175970002,39.43032048400018],[32.06496725500012,39.4285177950001],[32.0675337210002,39.42476807200012],[32.06590732700005,39.42342636500002],[32.06693387500009,39.42241016400003],[32.06812159400004,39.42170418699997],[32.06918786200013,39.42204813600014],[32.07126392400016,39.4207869690001],[32.07221173000005,39.42074661600008],[32.07370800000007,39.41972035900018],[32.07209295900009,39.41727973800012],[32.06905123300014,39.41529087300011],[32.06423676800011,39.41274435000004],[32.06240681900014,39.41266649000015],[32.06163621600005,39.41248142300003],[32.06127414900003,39.41217340000004],[32.06046823700017,39.41158825300007],[32.05987959700015,39.41098381400018],[32.05950808300015,39.41037060800012],[32.05861053300011,39.40954272900009],[32.05678521100008,39.40912815400016],[32.05717091100017,39.40878137300012],[32.05770132700017,39.40787738600007],[32.05806961900011,39.40618291900007],[32.05901500800007,39.4058183220002],[32.06045595300004,39.40428141600005],[32.06264293400005,39.40435861900013],[32.06425429800017,39.40298682800005],[32.0670755810001,39.4015502730001],[32.06834625300009,39.40413641500005],[32.06760985500006,39.40466655200007],[32.06837926000001,39.40598303100008],[32.06997751800017,39.40810345400006],[32.06980263600001,39.4087251290001],[32.07049863100019,39.40959421400015],[32.07239851000008,39.40898247900009],[32.07358916900007,39.40875925500005],[32.07661637100011,39.40761500900005],[32.07875083300013,39.40681670200019],[32.08057506000019,39.40668766200002],[32.08180543300011,39.40674547800018],[32.08231399500006,39.40668765100006],[32.08316839900006,39.40646904200004],[32.08455153400018,39.40635900500005],[32.08489671700005,39.40651288400012],[32.08676528000006,39.40664244200021],[32.08634804400015,39.40781193200012],[32.08640597600015,39.4084392880002],[32.08671463500018,39.40899452400009],[32.08778786099997,39.41063858600007],[32.09067828000012,39.41322580800006],[32.09029338200009,39.4134450640001],[32.09143625700005,39.41426326800013],[32.09632276800016,39.4170596930001],[32.0964151650001,39.41843959000016],[32.09579125100015,39.41895905800014],[32.09402026800006,39.41897377400011],[32.09063954900007,39.41846867000009],[32.08969818300017,39.4185353960001],[32.08703158200007,39.41870188300008],[32.08635393400012,39.42003589299999],[32.08552665600006,39.42018696000009],[32.08547162600014,39.42051151200018],[32.08662321100006,39.42111662100004],[32.08738287600016,39.42104371700008],[32.08774658800008,39.42134383600013],[32.08757744299999,39.42171864000005],[32.08618857499999,39.42265413400003],[32.08677142500009,39.42354444100004]]],[[[32.3777726660001,39.44941155100013],[32.37228913899999,39.44950229400008],[32.36975826100017,39.45096559500013],[32.36424869200007,39.45134688100006],[32.36133505400004,39.44789892000011],[32.35972056000003,39.44777454000013],[32.35861408200017,39.44854633500012],[32.35529040200014,39.44899138300017],[32.35427795700014,39.44882025700008],[32.35302936800007,39.44924539900005],[32.35246937200014,39.44936046500018],[32.35195890600015,39.44961368100018],[32.35137703200017,39.44993132500012],[32.35003996000001,39.44976736700011],[32.34873668300009,39.4493976740001],[32.34774356499997,39.44880732100005],[32.34666116700014,39.44754107100012],[32.34577285500018,39.44710778300016],[32.34434404900007,39.44720570900002],[32.34350645400015,39.44734871100019],[32.34238288000012,39.44677579500019],[32.34148029800017,39.44668695500015],[32.33956892900006,39.44614666600013],[32.33847525900018,39.44834839100009],[32.33597107700005,39.44853109000017],[32.33373012300013,39.44775009300015],[32.33333041200019,39.44790043500015],[32.33094790300014,39.44704152300015],[32.33024085700008,39.44669248500005],[32.33115541100005,39.44601183200012],[32.32920854400003,39.44521536500001],[32.32911969100003,39.44524159700003],[32.32747513000013,39.44442751600013],[32.32630013100015,39.44385044500007],[32.32624369800004,39.44379953000005],[32.32614948400004,39.44371452600014],[32.32536937300004,39.44301062600017],[32.32523482100014,39.44288921500015],[32.3241474760001,39.44204675800019],[32.32227783200016,39.44139677600005],[32.32058780500006,39.4414312510001],[32.31983273300009,39.44135916600005],[32.31933785100016,39.44114355500012],[32.31883288800002,39.44091832300011],[32.31792122400009,39.44070843800005],[32.31699365400012,39.44061513],[32.31541443400015,39.44066210500005],[32.31391036900016,39.44029227800015],[32.312392993,39.43989161100005],[32.3119739660001,39.43993495600004],[32.31175577300007,39.43944210000011],[32.31060083100003,39.43849775900003],[32.3099988040001,39.4382798350001],[32.30902317300007,39.43780113700011],[32.30860403900004,39.4375334660001],[32.30932395000018,39.43638562600017],[32.31024813100002,39.43487269900017],[32.31060290700008,39.43428750100004],[32.312127942,39.43355890400006],[32.31320285900006,39.43227200500006],[32.31453498300016,39.43112838300011],[32.31839268900013,39.42874632400014],[32.32079384500004,39.42755792200002],[32.3220900880001,39.42727433200002],[32.32519831300012,39.42679046100007],[32.32599530500016,39.42670360700016],[32.32765126800012,39.42672843600013],[32.32845233000018,39.42672925200004],[32.32877267200018,39.42663581499998],[32.3304474510001,39.42700313800016],[32.3313200790002,39.42742701400006],[32.33273353300008,39.42876589800017],[32.33323480800011,39.4294751650001],[32.33339984900014,39.42963178799999],[32.33391821000014,39.43034712400002],[32.33714455300002,39.42867588700003],[32.33826715400011,39.4281071490001],[32.33902208200006,39.42771557300016],[32.34154313800006,39.42645097800012],[32.342083538,39.426303189],[32.34446856400018,39.42485220500005],[32.34706812300004,39.42362317400003],[32.34725194400011,39.42370512299998],[32.3479918490001,39.42267602900013],[32.35351358200017,39.42204846400016],[32.35615781900005,39.42114932600003],[32.35782832400014,39.42302839400006],[32.36007723000004,39.42069953700018],[32.36600721499996,39.42156238500019],[32.37067211100013,39.42244266500016],[32.37412119400017,39.42157939200008],[32.37824664900019,39.42206401200017],[32.38235911000017,39.42182778400016],[32.38802462000019,39.42148144900005],[32.38901983100016,39.42181479900013],[32.39523727700016,39.42175032000015],[32.40090876600004,39.42126223700001],[32.40717427499999,39.42167164300016],[32.41163259700012,39.42262545500002],[32.41502034200005,39.42209202000005],[32.41619272900009,39.42245096700013],[32.41751992000007,39.42264270500001],[32.41883879300001,39.42188239000009],[32.42008868800014,39.42062294300008],[32.42105093800019,39.42073564500013],[32.42213015300007,39.42094022600016],[32.42296849700013,39.4211996650002],[32.4239129610001,39.4214873860001],[32.42341142300017,39.42280476000019],[32.42453367200006,39.42327741700013],[32.42624360200013,39.42330097600008],[32.42628023700009,39.42330878700005],[32.42674592400017,39.42358473000005],[32.42676073000011,39.42360611300018],[32.42683759600012,39.42408106600011],[32.42728744000017,39.42471176700018],[32.42735494000011,39.42476798200011],[32.427994012,39.42531996400015],[32.42803167800015,39.42536011699999],[32.42853003500007,39.4256164430001],[32.42861040400004,39.42563830700011],[32.42927073400012,39.42602358400005],[32.42929959600003,39.42606309200016],[32.42931714700016,39.42613017100011],[32.42941663000012,39.42668709400011],[32.4294425420001,39.42673751799997],[32.42946206400016,39.42679677300004],[32.42994873899998,39.42735295800013],[32.42996527800007,39.42738041300017],[32.43000572400018,39.42742681400016],[32.430744034,39.42798652300007],[32.43180977800004,39.42849744200014],[32.43204815800011,39.42923171400014],[32.43202659200004,39.4292660620001],[32.43174387200015,39.42985146500018],[32.43174369700002,39.42986831800005],[32.43168708500013,39.43023948000003],[32.43170121700005,39.43025393300007],[32.43193617800007,39.43048227600001],[32.43197733500016,39.43050041000016],[32.43202291700005,39.43052895100008],[32.43230183299999,39.43078152500004],[32.43233246500005,39.43081253300012],[32.43253751000011,39.43112072100021],[32.4325600850001,39.43117452700006],[32.43270760500019,39.43146428100005],[32.43275748000012,39.43149681500007],[32.43281320800014,39.43152311900008],[32.43313102300006,39.43167312600018],[32.43320042300012,39.43170588200002],[32.43322365900008,39.43171684900017],[32.43362060000015,39.4318652880001],[32.43364318400006,39.43187555600003],[32.43400542400018,39.43221344500001],[32.43482892300005,39.43361914600005],[32.43491121000019,39.4345221330001],[32.43533444400003,39.43630815900008],[32.43446416600017,39.43748854800014],[32.43476292600019,39.4399960780001],[32.43698016100006,39.44026496700009],[32.43863868700016,39.43939014600004],[32.43896137200012,39.4401117410002],[32.43977853000003,39.44099535700013],[32.43748349000003,39.44276255600003],[32.43746108900005,39.4430528520001],[32.43703226700006,39.44319014900015],[32.43608176900012,39.44407296300001],[32.43571843500007,39.44459387000007],[32.43428515400007,39.44708544600014],[32.43298746900009,39.44768996800008],[32.42878046500016,39.44578326100016],[32.42661764200018,39.44482300200021],[32.42656271300019,39.44480623000001],[32.42406433800011,39.44356516400016],[32.42262120499997,39.44310936800014],[32.42058937600017,39.44287320900003],[32.41546678100006,39.44257622300015],[32.41331060400012,39.44291988300013],[32.41330909300011,39.44291983900017],[32.41176060500004,39.44774159700016],[32.41079302200016,39.44768850400008],[32.41076033400014,39.44792899200012],[32.41020139000013,39.4478705490002],[32.41025278200011,39.44768070000003],[32.41041983700014,39.44768924300006],[32.41057307000011,39.44723887400005],[32.41019288699999,39.44717860800006],[32.41003101500014,39.44764980000012],[32.40962131400006,39.44760816900015],[32.40941860700007,39.44824124000017],[32.40906327000005,39.44814893600005],[32.4074490980001,39.4474906760001],[32.40736743899998,39.44746887400009],[32.40636227900011,39.44720027600005],[32.40626491000016,39.44720095800011],[32.405362555,39.44738009500006],[32.40531543100002,39.44741277000001],[32.4052154090001,39.44744377700006],[32.40499108200008,39.44752238500013],[32.40363809800009,39.44797792900017],[32.40348041500011,39.4480398360001],[32.39907025100008,39.4504179230001],[32.39757074100015,39.44856389600005],[32.39333612500005,39.44808860400018],[32.38994570600011,39.44802554100004],[32.38906888800006,39.45135255400005],[32.3777726660001,39.44941155100013]]],[[[32.07112541000009,39.4592044550002],[32.07121632900002,39.46029537700009],[32.06990656800013,39.46003168800018],[32.06892038000007,39.45921254899999],[32.06837746800007,39.45796265400001],[32.06835358200005,39.4579576560002],[32.06717065600002,39.45768301800014],[32.06655091800014,39.45793908400002],[32.06633363600007,39.45761043500013],[32.06519700400003,39.45737247800006],[32.06428841100007,39.45725278800011],[32.06519675100009,39.45542587499999],[32.06536143200008,39.45540667200012],[32.06901678700013,39.45240290300019],[32.06841760600003,39.45164256200007],[32.06960423800013,39.45080255800019],[32.07232763300017,39.44958759900014],[32.07364578800008,39.44888993700017],[32.07430540900002,39.44859915000017],[32.07479681100016,39.44847434800008],[32.07546174400005,39.44840884400001],[32.07605401800001,39.44818830400011],[32.07651383100013,39.44794096600003],[32.0767310730002,39.4478332840002],[32.07693281900015,39.44764181600014],[32.07726606600011,39.4480239090001],[32.07669541400013,39.4490060080001],[32.07579128200014,39.44999328700013],[32.0745307550002,39.45099132000018],[32.0735337180002,39.45182428300011],[32.07298668400006,39.45232435800016],[32.0726408790001,39.45353790300017],[32.0723922710002,39.45429701400015],[32.07113613000006,39.45614491100001],[32.07133117400002,39.45727662400017],[32.07122215400007,39.45852241300004],[32.07112541000009,39.4592044550002]]],[[[32.07120999400014,39.5001400710001],[32.06883999400013,39.50079007100004],[32.06494999400017,39.50165007100014],[32.06358999400011,39.50147007099999],[32.06265235600011,39.50144578000002],[32.0616599940001,39.50142007100009],[32.06012634400003,39.50122958600008],[32.05851999400016,39.50103007100016],[32.05546999400008,39.50059007100004],[32.05372999400016,39.50039007100016],[32.05200999400014,39.499890071],[32.05079999399998,39.49934007100013],[32.05006999400017,39.49857007100017],[32.04986228900013,39.49852145900007],[32.04865999400005,39.49824007100005],[32.04782999400008,39.49762007100014],[32.04783999400007,39.49745007100007],[32.04748999400005,39.49606007100001],[32.04601999400013,39.4966900710001],[32.04481999400016,39.49666007100005],[32.04735999400016,39.49441007100005],[32.04755957100001,39.4939894250001],[32.04812438000018,39.49279898100021],[32.04865999400005,39.49167007100004],[32.04875970300003,39.49115158700011],[32.04885999400005,39.49063007100017],[32.04878999400017,39.49038007100007],[32.04874999400006,39.49017007100008],[32.04873999400008,39.48997007100007],[32.04875999400014,39.48984007100019],[32.048809994,39.48971007100007],[32.04842999400001,39.48975007100014],[32.0485899940001,39.4895800710001],[32.04877999400003,39.48950007100008],[32.04894999400007,39.48940007100015],[32.0488899940001,39.48920007100016],[32.04882999400009,39.48910007100003],[32.04870999400007,39.48902007100013],[32.0486199940001,39.48896007100016],[32.04856999400004,39.4889400710001],[32.04842999400001,39.4888800710001],[32.04832999400008,39.48882007100013],[32.0481999940002,39.48845007100005],[32.0482199940001,39.4882700710001],[32.0482199940001,39.48796007100003],[32.04818999400005,39.48774007100014],[32.04815999400005,39.48755007100004],[32.04830999400003,39.48759007100016],[32.04836999400004,39.48763007100007],[32.04844999400007,39.48758007100001],[32.0484199940001,39.48748007100009],[32.04840999400015,39.4873800710002],[32.04836999400004,39.48720007100018],[32.04834999400014,39.48687007100006],[32.04826773299997,39.48648226900014],[32.04820999400011,39.4862100710002],[32.04810999400019,39.48602007100011],[32.04799999400016,39.48590007100013],[32.0479799940001,39.48586007100014],[32.0479799940001,39.48581007100012],[32.0479799940001,39.48578007100011],[32.04798999400005,39.48572007100011],[32.0479799940001,39.48566007100014],[32.04796999400016,39.48559007100006],[32.04798999400005,39.48550007100005],[32.04800999400011,39.4854300710001],[32.04803999400007,39.48536007100002],[32.04808999400014,39.48528007100015],[32.04817999400011,39.48516007100017],[32.04826999400012,39.48505007100011],[32.04827999400003,39.48496007100017],[32.04825999399997,39.48489007100006],[32.04823999400016,39.48483007100005],[32.04825999399997,39.48478007100015],[32.04827999400003,39.48466007100017],[32.04827999400003,39.484540071],[32.04828999400017,39.4843800710001],[32.04828999400017,39.48432007100014],[32.04827999400003,39.48426007100009],[32.04820999400011,39.48425007100018],[32.04785999400013,39.48417007100016],[32.04793999400015,39.48412007100013],[32.04794999400006,39.48401007100007],[32.04794999400006,39.483900071],[32.04793999400015,39.48373007100012],[32.04792999400009,39.48350007100016],[32.0479799940001,39.4834500710001],[32.04799999400016,39.48336007100012],[32.04801999400001,39.48327007100011],[32.04804999400006,39.48318007100006],[32.04811999400017,39.48308007100018],[32.04817999400011,39.48302007100001],[32.04827999400003,39.48294007100014],[32.04840999400015,39.48287007100003],[32.04854999399998,39.48284007100006],[32.04868999400001,39.48281007100006],[32.04884999400014,39.48280007100011],[32.04897999400003,39.48277007100011],[32.0490899940001,39.48284007100006],[32.04906999400004,39.48307007100011],[32.04901999400014,39.48322007100005],[32.04901999400014,39.48329007100017],[32.0490899940001,39.48344007100011],[32.04920999400008,39.48370007100016],[32.04924999400003,39.48396007100017],[32.04938999400006,39.48414007100011],[32.04959999400001,39.48427007100008],[32.0497599940001,39.48459007100006],[32.04970999400008,39.48480007100004],[32.04978999400011,39.48496007100017],[32.05003999400004,39.48514007100012],[32.05029999400006,39.48537007100016],[32.0504499940002,39.48550007100005],[32.0504499940002,39.48578007100011],[32.05051999400011,39.48592007100019],[32.05049999400006,39.48606007100006],[32.05057999400008,39.48617007100005],[32.05055999400003,39.48639007100011],[32.05054999400011,39.48657007100013],[32.05060999400013,39.48674007100017],[32.05059999400014,39.48685007100004],[32.05065999400018,39.48701007100009],[32.05069929800004,39.48709850600005],[32.05108912800012,39.48695675000003],[32.05217999400013,39.48656007099999],[32.05294999400009,39.48628007100012],[32.05328999400017,39.48626007100003],[32.05403999400004,39.48879007100017],[32.0545699940002,39.48883007100004],[32.05526999400021,39.48872007100005],[32.05743999400018,39.48966007100017],[32.05929999400007,39.48841007100014],[32.06021999400014,39.48792007100008],[32.06174999400007,39.4879900710002],[32.06251999400019,39.48812007100013],[32.06495999400012,39.48866007100004],[32.06682999400009,39.48843007100003],[32.06759999400005,39.48784007100006],[32.06623999400015,39.48666007100014],[32.06625999400001,39.48574007100017],[32.06674999400006,39.48597007100005],[32.06710999400019,39.48535007100007],[32.06831999400011,39.48529007100006],[32.07026999400018,39.48589007099999],[32.07046999400018,39.48576007100006],[32.07055323300003,39.48572781700007],[32.07046999400018,39.48570007100009],[32.070349994,39.48564007100008],[32.07027999400009,39.48559007100006],[32.07020999399997,39.48555007100011],[32.070089994,39.48549007100014],[32.06998999400007,39.4854300710001],[32.06985999400019,39.48537007100016],[32.06976999400018,39.4853200710001],[32.06963999400009,39.48523007100009],[32.06953999399997,39.48516007100017],[32.06942999400015,39.48509007100006],[32.06929999400002,39.4850200710001],[32.06920999400005,39.48499007100014],[32.06913999400013,39.48499007100014],[32.06906999400017,39.48499007100014],[32.0689599940001,39.48499007100014],[32.06887999400008,39.48499007100014],[32.06879999400002,39.48498007099999],[32.06871999400015,39.48496007100017],[32.06865999400002,39.48495007100015],[32.06860999400016,39.48493007100013],[32.06854999400016,39.48489007100006],[32.06845999400014,39.4848200710001],[32.06834999400012,39.48472007100002],[32.0681999940001,39.484540071],[32.06811999400007,39.48444007100012],[32.06805999400014,39.48439007100006],[32.06787999400012,39.48423007100013],[32.06774999400007,39.48413007100005],[32.06756999400005,39.48397007100007],[32.06747999400007,39.48377007100007],[32.06658999400013,39.48310007100007],[32.06636999400008,39.48291007100014],[32.06673999400012,39.482760071],[32.06795999399998,39.48317007100019],[32.0680299940001,39.4831800710001],[32.06810999400016,39.48321007100014],[32.06826999400005,39.4832600710002],[32.06838999400003,39.48332007100013],[32.06847999400004,39.48338007100018],[32.06905999400003,39.48280007100007],[32.06896999400009,39.48264007100006],[32.06891999399999,39.48245007100013],[32.06876999400005,39.48196007100007],[32.06870999400009,39.48172007100008],[32.06865999400002,39.48149007100012],[32.06797999400003,39.48145007100016],[32.06717999400011,39.4790900710001],[32.06710672700017,39.47880762099999],[32.06648999400005,39.47643007100012],[32.06643999400019,39.47633007100019],[32.06608999400017,39.47577007100002],[32.06551999400005,39.47538007100009],[32.06543999400003,39.47535007100009],[32.06535999400016,39.47531007099997],[32.06525999400008,39.47524007100009],[32.06521999400013,39.4752000710001],[32.06519999400007,39.47517007100014],[32.06514999400001,39.47508007100016],[32.06513999400011,39.47503007100011],[32.06512999400012,39.47497007100006],[32.06512999400012,39.47486007100007],[32.06511999400005,39.47482007100012],[32.065089994,39.47479007100015],[32.06504999400009,39.47474007100005],[32.06497999400018,39.47471007100005],[32.06478999400008,39.47463007100002],[32.06472999400007,39.47460007100006],[32.06468769400017,39.47457657100007],[32.0646399940001,39.47455007100019],[32.06455999400004,39.47449007100015],[32.06452999400008,39.47447007100009],[32.06447999400017,39.47444007100013],[32.06444999400005,39.47442007100008],[32.06443999400006,39.47439007100003],[32.06442999400015,39.47437007100017],[32.06443999400006,39.4743300710001],[32.06453999399998,39.47342007100015],[32.06428999400008,39.4726900710001],[32.06350999400001,39.47270007100001],[32.06295999399999,39.47300007100017],[32.06303999400005,39.47313007100006],[32.06275999400015,39.47332007099999],[32.06276999400013,39.47281007100008],[32.06269999400018,39.47169007100013],[32.06285999400006,39.47171007100019],[32.06306999400005,39.47173007100008],[32.06319999400018,39.47173007100008],[32.06327999400004,39.47173007100008],[32.06449999400007,39.47216007100013],[32.06437999400009,39.47168007100002],[32.06414999400005,39.47070007100011],[32.06407999400013,39.47054007100019],[32.06400999400002,39.4704100710001],[32.0639699940001,39.47033007100003],[32.06394999400005,39.47025007100017],[32.06394999400005,39.47018007100005],[32.06394999400005,39.47002007100021],[32.06397999400021,39.46979007100016],[32.06401999400016,39.46959007100016],[32.06405999400003,39.469490071],[32.06411999400008,39.46937007100002],[32.06421999400016,39.46917007100018],[32.06423999400006,39.46913007100007],[32.06423999400006,39.46908007100016],[32.06420999400005,39.46902007100004],[32.06411999400008,39.46887007100002],[32.06406999400018,39.46879007100015],[32.06403999400005,39.46872007100008],[32.06403999400005,39.46866007100011],[32.06403999400005,39.46862007100015],[32.06405999400003,39.46856007100015],[32.06409999400019,39.46852007100007],[32.064419994,39.46688007100003],[32.066669994,39.46644007100008],[32.0669329920001,39.46695995200001],[32.06709999400005,39.46729007100002],[32.06800999400004,39.46735007100007],[32.06851999400015,39.46757007100013],[32.068509994,39.4676600710001],[32.06801999400015,39.46948007100009],[32.06807999400012,39.47031007100002],[32.06800999400004,39.47069007099996],[32.0686999940001,39.47129007100013],[32.06844999400003,39.47173007100008],[32.06848999400019,39.47181007100011],[32.06872999400014,39.47210007100012],[32.0687799940002,39.47217007100004],[32.06881999400007,39.47224007100016],[32.06883999400013,39.47229007100002],[32.06887999400008,39.47240007100008],[32.06894999400004,39.47251007100015],[32.06896999400009,39.47256007100001],[32.0689799940002,39.47259007100018],[32.06896999400009,39.47263007100013],[32.06892999400014,39.47271007100015],[32.06889999400018,39.47277007100012],[32.06886999400013,39.47285007100002],[32.06885999400002,39.472940071],[32.06887999400008,39.47308007100003],[32.06889999400018,39.47322007100006],[32.06888999400019,39.47327007100013],[32.06889999400018,39.47333007100013],[32.06893999400005,39.47337007100005],[32.06898999400011,39.47338007100019],[32.06903999399997,39.47340007100009],[32.06908999400007,39.47343007100005],[32.06910999400009,39.47345007100011],[32.06916999400009,39.47350007100017],[32.0691999940001,39.47353007100013],[32.06921999400016,39.47356007100014],[32.06922999400006,39.47359007100015],[32.06922999400006,39.47361007099996],[32.06921999400016,39.47363007100002],[32.06917999400005,39.47368007100012],[32.06914999400004,39.47373007099993],[32.06915999400019,39.47378007100004],[32.0691999940001,39.47388007100016],[32.06938999400019,39.47413007100006],[32.06943999400005,39.47423007100014],[32.06949999400006,39.47435007100007],[32.06955999400003,39.47449007100015],[32.06955999400003,39.4745300710001],[32.06955999400003,39.47457007100005],[32.06954999400012,39.47466007099999],[32.06952999400006,39.47475007100016],[32.06951999400012,39.47480007100006],[32.06953999399997,39.47483007100003],[32.06957999400009,39.47483007100003],[32.06960999400009,39.47484007100017],[32.06964999400005,39.47484007100017],[32.06972999400007,39.47484007100017],[32.06978999400008,39.47484007100017],[32.06984999400004,39.47485007100012],[32.06989999400007,39.47487007100014],[32.06993999400006,39.47487007100018],[32.06997999400017,39.47488007100012],[32.07002999400003,39.47488007100012],[32.07006999400018,39.47487007100018],[32.07051999400004,39.47512007100012],[32.07052999400003,39.47531007099993],[32.07050999400013,39.47541007100013],[32.07050999400013,39.47553007100011],[32.07050999400013,39.47563007100019],[32.07049999399999,39.47568007100005],[32.07043999400002,39.47584007100014],[32.07037999400001,39.47603007100007],[32.070349994,39.47615007100005],[32.070349994,39.47622007100016],[32.07070999400014,39.47649007100012],[32.07140999400018,39.47664007100006],[32.07162999400008,39.47672007100009],[32.07168999400005,39.47675007100009],[32.07173999400011,39.47679007100005],[32.07176999400015,39.47682007100009],[32.07181999400017,39.47689007100016],[32.07187999400014,39.47697007100003],[32.0719499940001,39.47705007100006],[32.07197999400006,39.47709007100021],[32.07198999400005,39.47714007100006],[32.07198999400005,39.47718007100018],[32.07197999400006,39.47721007100019],[32.07193999400015,39.47724007100015],[32.07186999400007,39.4772800710001],[32.07179999400012,39.47732007099997],[32.07171999400005,39.47737007100011],[32.07165999400009,39.47741007100019],[32.07160999400002,39.4774800710001],[32.07160999400002,39.47750007100016],[32.07160999400002,39.47752007100006],[32.07161999400013,39.47755007100002],[32.07163999400019,39.47757007100012],[32.07167999400014,39.47759007100017],[32.07176999400015,39.47763007100009],[32.07182999400008,39.47766007100013],[32.0719299940002,39.47769007100009],[32.07201999400017,39.47769007100009],[32.07205999400013,39.477700071],[32.07207999399998,39.47771007100015],[32.07209999400004,39.47773007100005],[32.0721199940001,39.47776007100005],[32.07213999400015,39.47779007100017],[32.07213999400015,39.47782007100002],[32.0721499940001,39.47788007100019],[32.07216999400016,39.47793007100005],[32.0721999940002,39.47797007100016],[32.07225999400017,39.47803007100016],[32.07234999400014,39.47810007100009],[32.07250999400003,39.47821007100015],[32.07260999400019,39.47829007100013],[32.07265999400005,39.47833007100013],[32.07269999400012,39.47843007100005],[32.07273999400007,39.47850007100016],[32.07277999400003,39.47855007100002],[32.07282999400009,39.47860007100009],[32.07286999399996,39.47862007100014],[32.07293999400007,39.47864007100004],[32.07301999400018,39.47866007100005],[32.0730899940001,39.47866007100005],[32.07315999400005,39.47867007100016],[32.07319999400013,39.47868007100011],[32.07323999400008,39.47870007100016],[32.0732899940001,39.47874007100012],[32.07335999400006,39.47879007100018],[32.07341999400002,39.47886007100006],[32.0734899940001,39.47897007100012],[32.07356999400005,39.47911007100016],[32.07364999400007,39.47922007100003],[32.07370999400008,39.47933007100006],[32.0737899940001,39.4795600710001],[32.07381999400007,39.47973007100013],[32.07384999400007,39.47983007100006],[32.07404999400011,39.48015007100008],[32.07431999400007,39.48011007100013],[32.07429999400017,39.47984007100017],[32.07429999400017,39.47972007100003],[32.07430999400016,39.47961007100012],[32.07433999400013,39.47952007099999],[32.07437999400008,39.47942007100006],[32.07441999400015,39.4793600710001],[32.0744899940001,39.47926007100014],[32.07496999400017,39.47975007100015],[32.07500999400013,39.47985007100012],[32.07502999400002,39.47988007100007],[32.07507999400008,39.47993007100018],[32.0751299940001,39.47996007100018],[32.07516999400009,39.47998007100004],[32.07521999400011,39.47998007100004],[32.07526999400017,39.48002007100011],[32.07528999400007,39.4800400710002],[32.07542999400006,39.48031007100013],[32.07552999400018,39.48057007100017],[32.07558999400015,39.48077007100002],[32.0756299940001,39.48101007100017],[32.07566999400002,39.48127007099998],[32.07568999400007,39.48139007100019],[32.07571999400012,39.48148007100013],[32.075789994,39.48162007100016],[32.07587999400017,39.4818100710001],[32.07594999400008,39.48195007100013],[32.07598999400004,39.4820100710001],[32.076049994,39.48208007100006],[32.07609999400007,39.48214007100006],[32.07612999400011,39.48221007100017],[32.07613999400018,39.48227007100014],[32.07614999400016,39.48234007100006],[32.07616999399998,39.48247007100019],[32.07621999400004,39.48303007100012],[32.0762399940001,39.48333007100012],[32.0762399940001,39.4834800710001],[32.0762399940001,39.48352007099997],[32.07637999400013,39.48347007100011],[32.07688999400004,39.48295007100013],[32.0774099940001,39.4819000710001],[32.07746999400011,39.48170007100003],[32.07823999400007,39.48164007100006],[32.07779999400004,39.48291007100018],[32.07847999400018,39.48360007100008],[32.07871999400014,39.48389007100009],[32.07896999400004,39.48424007100012],[32.07917999400019,39.48431007099999],[32.07943999400004,39.48440007100017],[32.07947999400015,39.48442007100006],[32.07952999400005,39.48444007100012],[32.07957999400007,39.48448007100006],[32.07962999400013,39.48451007100003],[32.07966999400008,39.48454007100003],[32.07972999400005,39.48456007100009],[32.07978999400006,39.48458007100015],[32.07985999400017,39.48459007100006],[32.07991999400014,39.48459007100006],[32.07998999400006,39.48459007100006],[32.08004999400003,39.48459007100006],[32.08011999399999,39.484600071],[32.08017999400015,39.48460007100005],[32.08022999400001,39.48460007100005],[32.08029999400013,39.48460007100005],[32.0803599940001,39.48461007100016],[32.08041999400011,39.48463007100001],[32.08047999400008,39.4846500710001],[32.08053999400008,39.48466007100017],[32.08059999400005,39.48468007100007],[32.08064999400015,39.48470007100013],[32.08070999400012,39.48473007100013],[32.08074999400007,39.48477007100004],[32.08078999399999,39.48481007099996],[32.08081999400003,39.48485007100007],[32.08084999400015,39.48490007100013],[32.08086999400005,39.48495007100015],[32.08088999400015,39.48499007100014],[32.08092999400002,39.48503007100009],[32.08096999400017,39.48506007100009],[32.08101999400003,39.48510007099997],[32.08092999400002,39.48523007100009],[32.0806299940001,39.48555007100011],[32.08055999400018,39.485770071],[32.08014999400019,39.48608007100007],[32.0794899940001,39.48679007100003],[32.07946999400021,39.48703007100014],[32.07940999400007,39.48737007100006],[32.07941999400014,39.48759007100016],[32.07958999400018,39.4879900710002],[32.07951999400007,39.488690071],[32.07949999400001,39.48921007100006],[32.07935999400017,39.48943007100012],[32.07947999400015,39.49003007100004],[32.07950999400015,39.49044007100007],[32.07889999400008,39.49020007100012],[32.07805999400004,39.49206007100014],[32.07751999400017,39.49365007100008],[32.0763199940002,39.49497007100007],[32.07635999400007,39.49661007100003],[32.07595999400007,39.49729007100018],[32.07617999400013,39.49914007100013],[32.07633999400002,39.49980007100002],[32.07610999400005,39.49979007100008],[32.07552999400018,39.49981007100013],[32.07521999400011,39.49983007100019],[32.07497999400016,39.49985007100008],[32.07485999400019,39.49990007100014],[32.07481999400003,39.49995007100016],[32.07371999400014,39.50010007100015],[32.07300999400003,39.49974007100018],[32.07197999400006,39.49918007100008],[32.07159999400004,39.49908007100017],[32.07131999400021,39.49901007100004],[32.0715099940001,39.49955007100008],[32.07120999400014,39.5001400710001]]],[[[32.2809899940001,39.51243007100015],[32.28135999400018,39.51275007100001],[32.28072999400005,39.51293007100016],[32.2803199940001,39.51268007100009],[32.27993999400007,39.51240007100019],[32.28044999399999,39.51224007100002],[32.28122999400006,39.51186007100007],[32.28159999400013,39.51142007100007],[32.28196999400017,39.51109007100011],[32.2816599940001,39.51089007100011],[32.28090999400008,39.51141007100017],[32.28082999399997,39.51136007100011],[32.2809899940001,39.51124007100013],[32.28087999400003,39.51101007100009],[32.28094999399999,39.51080007100013],[32.28090999400008,39.51065007100016],[32.2805699940002,39.51029007100003],[32.27967999400006,39.51070007100002],[32.27925999400013,39.51104007100009],[32.27922999400016,39.5111000710001],[32.27928999400013,39.51115007100016],[32.27889999400004,39.51095007100007],[32.27924999400002,39.51047007099997],[32.27920999400011,39.51029007100003],[32.27936999399999,39.51003007100017],[32.28012999400016,39.50945007100019],[32.28063999400008,39.50912007100002],[32.28057999400011,39.50892007100002],[32.28017999400003,39.50896007100009],[32.27995999400013,39.50888007100006],[32.27993999400007,39.50860007100016],[32.27908999400013,39.50863007099996],[32.27728999399999,39.50917007100009],[32.27727999400009,39.50933007100021],[32.27690011200007,39.50971204100016],[32.27691999400016,39.50979007100006],[32.27641999400015,39.50992007100011],[32.2759799940002,39.51003007100017],[32.27596999400005,39.51003007100017],[32.27521999400019,39.51051007100012],[32.27466999400012,39.51095007100007],[32.27467999400007,39.51103007100018],[32.2745899940001,39.51093007100006],[32.27450999400003,39.51086007100015],[32.27379999400012,39.51137007100006],[32.27385999400009,39.51140007100002],[32.27310999400002,39.51190007100018],[32.27299999400016,39.51176007100011],[32.27253999400011,39.51194007100013],[32.2718399940001,39.51201007100009],[32.27214999400017,39.5113300710001],[32.2727599940002,39.51046007100006],[32.27277999400006,39.51042007100011],[32.27340999400015,39.50995007100015],[32.27405999400013,39.50969007100014],[32.27439999400021,39.50874007100003],[32.27416999400016,39.50845007100002],[32.27430999400019,39.50845007100002],[32.27483999400016,39.50775007100002],[32.27488087300011,39.50767769300006],[32.27523999400005,39.50785007100014],[32.27541999399999,39.50749007100016],[32.275709994,39.50752007100017],[32.27611999400007,39.50727007100011],[32.27681999400004,39.50643007100007],[32.27721999400012,39.50628007100005],[32.27751999400004,39.50644007100014],[32.27808999400012,39.505850071],[32.27806999400006,39.50573007100003],[32.27784999400016,39.5056000710001],[32.27753999400009,39.50519007100011],[32.27742999400003,39.50495007100016],[32.27725999400019,39.50487007100009],[32.27721999400012,39.50476007100006],[32.2765699940001,39.50438007100008],[32.27631999400008,39.50429007100003],[32.27672999400006,39.50403007100006],[32.27753999400009,39.50421007100004],[32.27868999400005,39.50378007100015],[32.27938999400005,39.5037600710001],[32.27963999400015,39.5026500710001],[32.27906999400007,39.50239007100009],[32.27923999400006,39.50227007100012],[32.27993999400007,39.50186007100012],[32.28088999400018,39.50172007100009],[32.28184999400003,39.50182007100013],[32.28287999400016,39.50087007100007],[32.2821299940001,39.49923007100011],[32.28159999400013,39.49836007100002],[32.28073999400004,39.49728007100003],[32.28004999400014,39.49731007100007],[32.27974999400014,39.49711007100019],[32.28010999400011,39.49666007100005],[32.28016999400012,39.49641007100019],[32.28014999400006,39.49606007100001],[32.28052999400005,39.49570007099999],[32.28036999400012,39.49515007100001],[32.28043999400008,39.49312007100011],[32.28219999400005,39.49195007100015],[32.28404999400017,39.4887400710001],[32.28256213200012,39.48723421099997],[32.28156999400013,39.4862300710001],[32.27689999400006,39.48487007100016],[32.27048999400011,39.48477007100004],[32.27019999400009,39.48461007100016],[32.27506999400005,39.48138007100005],[32.27582999399998,39.48131007100009],[32.27583999400012,39.4814000710001],[32.275709994,39.48228007100009],[32.27658999400019,39.48220007099999],[32.27707999400009,39.4820900710002],[32.27748999400008,39.48216007100012],[32.27805999400016,39.48213007100007],[32.27889999400004,39.4819000710001],[32.2789299940002,39.48180007100019],[32.28005999400005,39.48195007100013],[32.2804899940001,39.48230007100015],[32.28123999399996,39.48256007100012],[32.28113999400004,39.48277007100011],[32.28104999400011,39.48321007100014],[32.28161999399999,39.48371007100007],[32.28176999400017,39.48357007100007],[32.2823499940002,39.48297007100015],[32.28267999400016,39.4831500710001],[32.28273999400009,39.48352007099997],[32.28301999400004,39.48367007100019],[32.28317999400013,39.48353007100012],[32.28348999399999,39.48374007100011],[32.28347999400005,39.4838700710002],[32.28311999400012,39.48426007100009],[32.28407999400013,39.48446007100017],[32.28432999400007,39.48392007100006],[32.2851099940001,39.48420007100016],[32.28550999400014,39.48381007100006],[32.28591999400014,39.48379007100017],[32.28543999400007,39.48431007099999],[32.28570999400019,39.48451007100003],[32.28573999399999,39.48467007100012],[32.28661999400014,39.48494007100008],[32.28676999400016,39.48492007100002],[32.28808999400015,39.48528007100015],[32.28769999399997,39.48537007100016],[32.28888999400003,39.48580007100001],[32.28864999400008,39.48654007100017],[32.28948999400011,39.48689007100007],[32.28973999400006,39.4864300710001],[32.2901999940001,39.48647007100006],[32.29051999400009,39.48638007100004],[32.29259999400004,39.48691007100017],[32.29272999400017,39.48715007100012],[32.29293999400012,39.48728007100009],[32.29301999400018,39.48741007100017],[32.29307999400015,39.48776007100003],[32.29275999400017,39.48788007100013],[32.29255999400009,39.48820007100015],[32.29330999400004,39.48835007100013],[32.2935299940001,39.48805007100005],[32.29363999400016,39.48800007100014],[32.29490999400009,39.48774007100014],[32.29512999400014,39.48789007100008],[32.29557999400009,39.4882100710001],[32.29608999400016,39.48858007100017],[32.29621999400008,39.4888800710001],[32.29613999400006,39.49126007100006],[32.29608999400016,39.49128007100007],[32.29574999400013,39.49154007100016],[32.29571999400008,39.49162007100018],[32.29578999400004,39.49194007100017],[32.29552999399998,39.49216007100006],[32.29523999399997,39.49226007100003],[32.29506999400014,39.4923800710002],[32.29442999400014,39.4923800710002],[32.29401999400011,39.49247007100013],[32.29324999400019,39.49233007100014],[32.2928399940002,39.49292007100007],[32.29300999400004,39.49323007100014],[32.29271999400002,39.4935500710002],[32.29198999400005,39.49405007100012],[32.292199994,39.49421007100005],[32.29155999400017,39.49477007099999],[32.29069999400007,39.49557007100015],[32.29100999400014,39.49583007100016],[32.29129999400016,39.49626007100005],[32.29167999400018,39.49607007100012],[32.29192999400004,39.49621007100019],[32.29210999400003,39.49649007100005],[32.29230999400003,39.49664007100007],[32.29278999400014,39.49713007100009],[32.29294999400007,39.49725007100007],[32.29252999400013,39.49747007100012],[32.29248999399998,39.4975900710001],[32.29268999400006,39.49784007100004],[32.29247999400007,39.49799007100018],[32.29195999400001,39.49830007100005],[32.29165999400009,39.49847007100009],[32.29076999400019,39.49825007099999],[32.29037999400006,39.49699007100002],[32.29025999400004,39.4969200710001],[32.28745999400002,39.49694007100015],[32.28730999400004,39.49703007100017],[32.28672396000007,39.49759752600012],[32.28701486000016,39.49815082500014],[32.28693839000002,39.49885601100005],[32.28690106500005,39.49947258100006],[32.28657579900016,39.50017311400008],[32.28625977900008,39.50059729100004],[32.2855799940001,39.50126007100004],[32.28564999400006,39.50231007100003],[32.28571999400013,39.50242007100006],[32.28526999400003,39.50332007100015],[32.28598999400009,39.50680007100011],[32.28590999400006,39.50687007100002],[32.28567999400018,39.50711007100018],[32.28479999400003,39.50806007100009],[32.28427999399997,39.50849007100017],[32.28404999400017,39.50867007100008],[32.28382999400007,39.50895007100019],[32.2834999940001,39.50933007100021],[32.28337999400013,39.5095200710001],[32.28327999400005,39.50989007100014],[32.28317999400013,39.51006007100018],[32.28301999400004,39.51032007100019],[32.28251999400003,39.51083007100006],[32.28140999400004,39.51213007100007],[32.2809899940001,39.51243007100015]]],[[[32.1756799940001,39.53851007100015],[32.17512999400008,39.53842007100013],[32.17537999400014,39.53774007100002],[32.17242999400014,39.5373600710002],[32.17252776100015,39.5367352440001],[32.17180999400016,39.53656007100007],[32.17042390400006,39.53624291500013],[32.1694499940001,39.53602007100016],[32.16891999400013,39.53532007100015],[32.16890999400006,39.53532007100015],[32.16672999400014,39.53525007100004],[32.16627999400004,39.5360000710001],[32.16585999400006,39.5355000710001],[32.16477999400007,39.53520007100018],[32.16555999400014,39.53360007100012],[32.16461999400018,39.53317007100008],[32.16440999400003,39.53312007100006],[32.16438999400013,39.53301007100015],[32.16413999400003,39.53276007100009],[32.16347999400018,39.53254007099999],[32.163299994,39.53216007100021],[32.16283999400014,39.53247007100003],[32.16271999400017,39.5327800710001],[32.16210999400018,39.53269007100018],[32.1619899940002,39.53237007100012],[32.16183999399998,39.53158007100014],[32.16084999400016,39.53137007099998],[32.16070420800001,39.5313798980002],[32.16067703600004,39.53124243399998],[32.16068426700004,39.53077927400007],[32.16064907600008,39.53044020100015],[32.16074592100018,39.53015214700009],[32.16087091300005,39.53000044400009],[32.16087789200015,39.52973681900006],[32.16054087100008,39.52959782900007],[32.16034494000014,39.52931155300017],[32.16023353600016,39.52893867400017],[32.16013445500003,39.52870508500011],[32.16011514200011,39.52851166800017],[32.15998880400013,39.52826921400002],[32.15972937300005,39.5278301040001],[32.15908978900012,39.52720057200008],[32.1585658990001,39.52702561800016],[32.15831993500017,39.52703323300015],[32.15790350900017,39.52682193599997],[32.15765136300006,39.52676735600009],[32.15745156600019,39.52659569600011],[32.15744403600009,39.52628348800006],[32.15740006900005,39.52594721899998],[32.15727940600017,39.525729618],[32.1569506040001,39.52551294400006],[32.15621275300008,39.52485459100002],[32.15613914500007,39.52468983200014],[32.15617765900002,39.52438283700008],[32.15610590300016,39.52411156900018],[32.15629521800007,39.52395363199998],[32.15619762900008,39.52372625100007],[32.15618214500007,39.5233687680001],[32.15611671400006,39.52306787400003],[32.15610035300002,39.52280169100015],[32.15609847000015,39.52263423100016],[32.15601478900005,39.52246704900016],[32.1578799940001,39.52299007100011],[32.16229999400007,39.52252007100015],[32.16245999400012,39.52290007100014],[32.16300999400018,39.52289007100015],[32.16324361100005,39.52316833800007],[32.163969994,39.52321007100004],[32.16569999400021,39.52331007100013],[32.16594999400007,39.52266007100018],[32.16785999400003,39.52256007100006],[32.16804999400013,39.52183007100005],[32.16829513200015,39.52233725400005],[32.16878999400009,39.52234007100017],[32.16890718900003,39.52203482800001],[32.16882637400006,39.52161482900003],[32.16878985000007,39.5210282980001],[32.16906058000005,39.52040937100009],[32.16938142700002,39.5198872910001],[32.16970208900009,39.51941952300008],[32.17002933000011,39.51909481900004],[32.17076403800015,39.51915623900016],[32.17204832600014,39.51929206100005],[32.1727976530001,39.51935517700007],[32.17307554600008,39.51963449900013],[32.17458999400016,39.52085007100014],[32.1758999940002,39.52046007100004],[32.17651999400018,39.5204500710001],[32.17892999400006,39.51956007100016],[32.18015999400008,39.51939007100017],[32.18587999400013,39.51410007100016],[32.18953999400008,39.51119007100003],[32.19151999400007,39.51096007100006],[32.19262999400011,39.51082007100019],[32.19271999400009,39.51081007100009],[32.19584999400007,39.50992007100011],[32.19600999400016,39.50929007100006],[32.19637999400004,39.50922007100014],[32.19662999400014,39.50923007100009],[32.19730999400009,39.50888007100006],[32.19706999400013,39.50866007100017],[32.19748999400007,39.5085700710002],[32.19785999400011,39.5085700710002],[32.19815999400011,39.50799007100017],[32.19857999400017,39.50794007100011],[32.19900999400006,39.50785007100014],[32.1994399940001,39.50772007100001],[32.19993999400011,39.50774007100003],[32.20023999400007,39.50735007100013],[32.20067999400003,39.50770007100016],[32.20084999400007,39.50763007100004],[32.20181005400008,39.51103142500009],[32.20223999400012,39.51091007100017],[32.20357999400017,39.51070007100002],[32.20688999400009,39.51178007100005],[32.20726999400012,39.51254007100006],[32.20813999400021,39.51369007100017],[32.20816999400017,39.51388007100006],[32.20836999400017,39.51409007100005],[32.20851999399999,39.51426007100009],[32.20856999400009,39.51434007100011],[32.20866999400017,39.514530071],[32.20882999400006,39.51492007100014],[32.20885999400006,39.51508007100007],[32.20892999400018,39.51528007100007],[32.20904999400015,39.51562007100019],[32.20910999400012,39.51574007100016],[32.20917999400008,39.51590007100005],[32.20912999400018,39.51619007100003],[32.20909999400006,39.51634007100004],[32.20912999400018,39.51651007100004],[32.20921999400019,39.51672007099999],[32.20917999400008,39.51698007100004],[32.20916999400013,39.51720007100018],[32.20917999400008,39.51737007100017],[32.20927999400016,39.5175600710001],[32.20929999400006,39.51765007100004],[32.20927999400016,39.51778007100017],[32.20914999400008,39.51798007100017],[32.20904999400015,39.51817007100006],[32.20899999400014,39.51835007100009],[32.20901999400012,39.51865007100001],[32.20903999400021,39.51879007100008],[32.20905999400011,39.51892007099997],[32.20898999400015,39.51916007100008],[32.20880619300017,39.52001834599999],[32.208980907,39.5221255050002],[32.20943999400009,39.52235007100011],[32.21041999400016,39.5224800710002],[32.21051999400008,39.52247007100009],[32.21086999400011,39.52252007100015],[32.213391746,39.52038762799997],[32.21391292600016,39.52078531000006],[32.21442930700016,39.52107261500009],[32.21485714400011,39.52170714400011],[32.21533758200009,39.52205991300008],[32.21576779700008,39.52267281000007],[32.21564691899999,39.5229301530001],[32.21603684300015,39.52375842200017],[32.21608755500007,39.52422863700007],[32.21634051100006,39.52486491500019],[32.21834050600008,39.52474243900014],[32.21864040300007,39.52502732200004],[32.21912463800008,39.52512752300002],[32.21960415500007,39.52557749200008],[32.22150999400009,39.5266200710001],[32.22221999400004,39.52616007100004],[32.22339999400015,39.52544007100015],[32.22704999400003,39.52503007100015],[32.22906660800002,39.52430993200016],[32.23098999400001,39.52320007100005],[32.2343999940001,39.52126007100014],[32.23535681200001,39.521337723],[32.23621999400005,39.52240007100017],[32.23821999400015,39.52260007100017],[32.23765029300017,39.52386940400017],[32.23807731700013,39.52386510200009],[32.23850999399995,39.52386007100019],[32.2402999940001,39.52279007100011],[32.24105985200011,39.52274008000013],[32.24105998400012,39.52274003200012],[32.24334324000006,39.52163835400014],[32.24516115900008,39.51967979300016],[32.24563999400017,39.51904007100011],[32.24750473300002,39.51830960500013],[32.25212999399999,39.51664007100013],[32.25230999400013,39.51664007100017],[32.25240999400005,39.5158900710001],[32.25231999400008,39.51566007100006],[32.25227999400016,39.51537007100008],[32.25296999400002,39.51398007100018],[32.25309999400015,39.51398007100018],[32.25338999400016,39.51398007100014],[32.25365999400007,39.51396007100008],[32.25393999400018,39.51394007100003],[32.25392999400007,39.51384007100011],[32.25404999400005,39.51388007100006],[32.25423999400014,39.51401007100014],[32.25437999399998,39.51427007100015],[32.25459999400012,39.51432007100001],[32.25494999400006,39.51473007100005],[32.25536999400003,39.51493007100009],[32.255839994,39.51500007100005],[32.25636999400016,39.51477007100016],[32.256769994,39.51477007100016],[32.25693999400004,39.51445007100018],[32.25704999400011,39.51410007100016],[32.25841999400011,39.51443007100012],[32.25869999400003,39.51382007100005],[32.25880999400005,39.51384007100011],[32.25886999400006,39.51386007100017],[32.25892999400003,39.51376007100009],[32.25920999400013,39.51387007100011],[32.25919655899998,39.513920455],[32.25916999399998,39.51402007100009],[32.25947999400005,39.51416007100016],[32.25906999400006,39.51507007100012],[32.25944999400009,39.51515007100014],[32.25966999399999,39.5147500710001],[32.26021999400001,39.51436007100017],[32.26064999400005,39.51443007100012],[32.26146999400007,39.51494007100015],[32.26140999400007,39.51521007100011],[32.2615699940002,39.51558007100003],[32.26215999400013,39.51619007100003],[32.26272347000003,39.51560781300005],[32.26275999400001,39.51557007100008],[32.26300059100014,39.51542695700015],[32.26391999400011,39.51488007100006],[32.26455731500017,39.51522324400008],[32.26457792800015,39.5151988410001],[32.26526767200007,39.51438229100005],[32.26533999600018,39.51432007500006],[32.26718999400013,39.51489007100014],[32.26746999400019,39.51528007100007],[32.26621395000019,39.51563564200011],[32.26474999400004,39.51605007099999],[32.26523999400005,39.51642007100007],[32.26416999399997,39.51665007100011],[32.26441999400008,39.51707007100006],[32.26391999400011,39.5172800710002],[32.26499999400011,39.51746007100014],[32.264049994,39.5177300710001],[32.26378999399999,39.51841007100005],[32.26425999400015,39.51844007100006],[32.26418999400003,39.51847007100006],[32.26330999400004,39.5184500710002],[32.26277999400007,39.51693007100018],[32.26218999400014,39.51692007100007],[32.2615799940001,39.51721007100009],[32.26170999400007,39.5177000710001],[32.26175999400009,39.51842007099997],[32.26155999400005,39.51856007100004],[32.26145999400013,39.51894007100002],[32.26185999400017,39.51895007100013],[32.26123999400003,39.51987007100007],[32.26100999400003,39.51993007100008],[32.26026999400007,39.52007007100007],[32.25977999400006,39.52040007100004],[32.25928999399996,39.52072007100006],[32.2584299940001,39.5213900710001],[32.25789999400006,39.52180007100009],[32.25847999400013,39.52196007100014],[32.258379994,39.52246007100014],[32.26043999400014,39.52214007100012],[32.26075999400013,39.52195007100003],[32.26073999400007,39.52222007100015],[32.26084999400014,39.52357007100018],[32.2599899940002,39.52431007100013],[32.26114999400006,39.52487007100007],[32.26177999400014,39.52499007100004],[32.26189999400016,39.52502007100004],[32.26188999400017,39.52520007100003],[32.26182999400005,39.52543007100004],[32.26173999400003,39.52559007100012],[32.2617899940001,39.52575007100005],[32.26187999400007,39.52586007100004],[32.26199999400009,39.525960071],[32.26211999400006,39.52603007100008],[32.26222999400005,39.52607007100003],[32.26233999400011,39.52627007100007],[32.26249999400004,39.52725007099998],[32.26303999400012,39.52701007099999],[32.26317999400015,39.52697007100012],[32.26319999400005,39.52699007100017],[32.2631599940001,39.52732007100006],[32.26290999400004,39.52747007100008],[32.26313999400004,39.52793007100014],[32.2631299940001,39.52805007100011],[32.26291999400014,39.52808007100008],[32.2629599940001,39.52855007100007],[32.26286999400008,39.52871007099996],[32.26248999400006,39.52871007099996],[32.2624599940001,39.52939007100011],[32.26322999400001,39.52945007100012],[32.26298999400007,39.53028007100005],[32.26259999400013,39.53042007100008],[32.26212999400013,39.53076007100015],[32.26163999400011,39.53108007100013],[32.2610799940001,39.53147007100011],[32.26080999400018,39.53192007100001],[32.25989999400019,39.53170007100012],[32.25944999400009,39.53215007100005],[32.25928999399996,39.53229007100009],[32.2585699940001,39.5320800710001],[32.25817999400016,39.53207007100019],[32.25740999400004,39.53268007100019],[32.25657999400011,39.53351007100015],[32.25732999400002,39.53404007100012],[32.25713999400013,39.53430007100013],[32.25732999400002,39.53437007100008],[32.25685999400002,39.534840071],[32.25657999400011,39.53476007100018],[32.25479999400012,39.53565007100008],[32.25489999400003,39.53576007100015],[32.25507999400002,39.53588007100012],[32.25484999400014,39.5360000710001],[32.25434999400017,39.53590007100014],[32.25343999400018,39.53561007100016],[32.25330999400013,39.53564007100017],[32.25278999400008,39.53615007100008],[32.25306999400014,39.53646007100015],[32.25086999400005,39.5368400710001],[32.25001999400018,39.53689007100016],[32.24902999400016,39.53688007100009],[32.24877999400006,39.53679007100008],[32.24838999400016,39.53662007100008],[32.24809999400015,39.53641007100009],[32.24797999400018,39.53636007100003],[32.25071099100008,39.53471111900001],[32.25107052500017,39.53386855100012],[32.251072863,39.53343879700009],[32.25116999400013,39.53285007100006],[32.25131999400015,39.53250007100008],[32.25102999400009,39.53173007100015],[32.24723999400006,39.53066007100004],[32.24727999400017,39.5309400710001],[32.24565999400006,39.53148007100002],[32.24537070500003,39.53104061900007],[32.24327294600012,39.5311627870001],[32.24249282800004,39.53161464500016],[32.24249261199999,39.53162540400005],[32.24150266700009,39.53228706800012],[32.2407572110002,39.53232413000019],[32.2396224440002,39.53212544400002],[32.23949422200006,39.53282644400014],[32.2390266580001,39.53351745600013],[32.23771735600012,39.5341832240001],[32.23751999400014,39.53474007100009],[32.23718999400018,39.53643007100015],[32.23660999400015,39.53655007100012],[32.23598999400021,39.536420071],[32.23418999400011,39.53607007100005],[32.23437999400004,39.53586007100007],[32.23362999400018,39.53492007100011],[32.2325599940001,39.5350000710001],[32.23219999400017,39.5351100710002],[32.23187999400011,39.5358000710001],[32.23173314800003,39.53586031599997],[32.23148999400018,39.53596007100015],[32.22997999400014,39.53564007100013],[32.22789999400014,39.53551007100005],[32.22586999400004,39.53570007100014],[32.2241099940001,39.53557007100005],[32.22240999400013,39.53573007100015],[32.22072999400006,39.53611007100013],[32.22067999400019,39.53612007100008],[32.21939999400013,39.53534007100001],[32.21638999400012,39.53459007100015],[32.21651999400008,39.53438007100016],[32.21608999400019,39.53438007100016],[32.21545999400006,39.53434007100005],[32.2154299940001,39.53552007100019],[32.21531999400008,39.53586007100007],[32.2138199940001,39.53613007099999],[32.2129499940001,39.53633007100007],[32.21258999400017,39.53573007100015],[32.21117999400018,39.53573007100015],[32.21120999400018,39.53579007100011],[32.21140999400018,39.53633007100003],[32.21057999400013,39.53663007100015],[32.21049999400002,39.5366700710001],[32.20943999400009,39.53675007100013],[32.20886999400017,39.53593007100019],[32.20864999400011,39.53602007100016],[32.20861999400011,39.53636007100003],[32.20840999400012,39.53654007099998],[32.20653999400015,39.53628007100016],[32.20630999400011,39.53630007100002],[32.20625999400005,39.53646007100015],[32.20657999400002,39.53680007100003],[32.20615999400012,39.53691007100009],[32.2047199940002,39.53629007100012],[32.20416999400014,39.53612007100008],[32.20413999400017,39.53611007100017],[32.20330999400004,39.53569007100003],[32.20321999400004,39.53561007100016],[32.2028499940002,39.53560007100002],[32.201909994,39.53570007100014],[32.20145999400013,39.5353300710001],[32.2017699940002,39.53516007100006],[32.20584999400005,39.53510007100006],[32.20578999400005,39.5327800710001],[32.206029994,39.53188007100006],[32.20578999400005,39.53080007100011],[32.20596999400003,39.53065007100009],[32.20633999400007,39.53090007100019],[32.20713999400004,39.53115007100005],[32.20683999400008,39.53041007100013],[32.20772172700008,39.53051110800006],[32.20806591800011,39.53048643000017],[32.20860999400016,39.53005007099996],[32.20929524300011,39.52945973600008],[32.21028519400004,39.5291484680001],[32.21095768099997,39.52829063400003],[32.2114583300001,39.52771513500009],[32.21072366800007,39.52757526000015],[32.20988419700019,39.52748266900001],[32.20955553800006,39.52719329700012],[32.20870120300015,39.52702975000018],[32.20769015300015,39.52702268400007],[32.20691354500001,39.52690602200006],[32.20625373000009,39.52660953900011],[32.20534750600009,39.52626996100007],[32.20454434200018,39.52622460700007],[32.20338740000005,39.52581474800013],[32.20012286300005,39.52525801600011],[32.19957947900018,39.52684287900006],[32.19916300500001,39.52802165800016],[32.19866542800013,39.52883418800008],[32.19809121100014,39.53018062700017],[32.19800444500011,39.53209107100013],[32.19794345100019,39.5330974290001],[32.19798653899999,39.53392633700014],[32.19717006300014,39.53390693000001],[32.196313875,39.53387257800001],[32.19581374099999,39.53361794800009],[32.19527945600014,39.53338015400016],[32.19475999400017,39.53324007100016],[32.1944299940002,39.53335007100002],[32.1941499940001,39.53370007100005],[32.19402999400012,39.53443007100002],[32.19331073900004,39.53448572800011],[32.19286323300015,39.53452035600013],[32.19234999400005,39.53456007100014],[32.19173365600001,39.53548518900015],[32.1916521690001,39.53543158000003],[32.19133345900003,39.53526948100004],[32.19086249000007,39.53502994200001],[32.1900544100002,39.53472909200018],[32.18934211400006,39.53409512600012],[32.18828223300017,39.53366187799996],[32.18744035200005,39.53372248000007],[32.18675728300013,39.53407971800009],[32.18652376400008,39.53436122600012],[32.18614931399999,39.5344477880002],[32.18473662900009,39.53433477600009],[32.1845299940001,39.53427007100017],[32.18433999400005,39.53425007100007],[32.18397999400008,39.53431007100004],[32.1838599940001,39.53409007100014],[32.18339999400009,39.53428007100008],[32.1829899940001,39.53428007100008],[32.18256999400012,39.53437007100008],[32.18195999400012,39.53437007100008],[32.18194999399998,39.53407007100009],[32.18148999400013,39.53412007100015],[32.18154736400008,39.53446163400007],[32.1812645960001,39.53453880400006],[32.18081777900007,39.53472745700016],[32.18024675700018,39.53475246600015],[32.17988367800012,39.53472929000003],[32.17939916100003,39.53483825300005],[32.17907093399997,39.53471345700008],[32.17872160000009,39.53462754100001],[32.17838925800009,39.53472974900019],[32.178163138,39.53482293500003],[32.17822690700008,39.53516285200001],[32.17836256900011,39.53540848000011],[32.17846061200015,39.53558296200012],[32.17857210900019,39.53577451300011],[32.17840096900006,39.53629197200019],[32.17839601500005,39.53632566200015],[32.17838496800009,39.53632403799997],[32.17828935400017,39.53630739700015],[32.17828999400007,39.53631007100017],[32.17796156400003,39.53625035300018],[32.17795917100011,39.53625282400015],[32.17794664500011,39.53627606700019],[32.17792872700011,39.53631095900005],[32.17781621000012,39.53653007100007],[32.17779447800007,39.53657239300001],[32.17776999400017,39.53662007100008],[32.17761999400007,39.53688007100009],[32.1774899940001,39.53683007100007],[32.1774339640001,39.53691411600015],[32.17720999399999,39.53725007100013],[32.17718999400018,39.53731007100014],[32.17699999400008,39.53774007100002],[32.17666999400012,39.53775007100013],[32.1768199940001,39.53753007100003],[32.17662999400017,39.53746007100012],[32.17656411600007,39.53753820600007],[32.17619801200016,39.53797462600016],[32.17619964300017,39.53797035600013],[32.17582999400008,39.53827007100016],[32.1756799940001,39.53851007100015]]],[[[32.12703923100013,39.53824624000002],[32.12695782000011,39.53825593900006],[32.12687120100009,39.53827035200005],[32.126861893,39.53827186200006],[32.12672530500009,39.53829344800005],[32.12658307900008,39.53835251600014],[32.12649716600016,39.53838919200014],[32.12642748400007,39.53842320200011],[32.12578550400007,39.53875723600005],[32.12553215300017,39.53888905700005],[32.12447047100006,39.5394413630001],[32.12410742800012,39.53959045800009],[32.12408868100012,39.53959639700014],[32.12385679700008,39.53967091000015],[32.12363528200014,39.53974142000015],[32.12337642800002,39.53982227000004],[32.12301542900009,39.53993142300016],[32.12255663900014,39.54006654100012],[32.12247084899995,39.54004068000001],[32.1218600590001,39.53909750900003],[32.12167218300014,39.53881775400011],[32.12092457700011,39.53795243500021],[32.12049979900014,39.53757437200002],[32.12049571600004,39.53757070400012],[32.12041937500004,39.53750859100005],[32.12032133100012,39.53746012400001],[32.12031588000015,39.53745774700009],[32.11989599000002,39.53727665800009],[32.11983200800005,39.53723620800014],[32.11978359500007,39.53718823000009],[32.11975052800005,39.53713514400017],[32.11940215600005,39.53620371900008],[32.11938205200011,39.53616479900006],[32.11934556000012,39.53613298900007],[32.11929849000011,39.53611188100012],[32.1192439360001,39.53610473100009],[32.11921559,39.53610765400005],[32.11840803300009,39.53618594499997],[32.11836140500014,39.53616274500006],[32.11826524000011,39.53592535900015],[32.1181710940001,39.535676114],[32.11810231600009,39.53544061600005],[32.1180806640001,39.53523096000013],[32.11808359900006,39.53508258200013],[32.11816542900011,39.53503134900004],[32.11823044100014,39.53504132400007],[32.11832941600006,39.53506020600003],[32.11842716500007,39.53508259300001],[32.11852348100009,39.53510843600015],[32.11861816100009,39.53513768000005],[32.11871100500014,39.53517026300019],[32.11880181600009,39.53520611700016],[32.11882872100004,39.53502653400012],[32.11902965400008,39.5341625910001],[32.11903340900015,39.53408625500003],[32.11901249700002,39.53403564399999],[32.11897396300003,39.5339914980001],[32.11892534599996,39.53395193200002],[32.11885801700003,39.53393092900012],[32.1184932000001,39.53382752300012],[32.11847175300004,39.53379149300014],[32.11857030700004,39.53363542700005],[32.11867060100015,39.53348806600017],[32.11877441000014,39.53335546500011],[32.11888040399997,39.5332302650001],[32.11898686700006,39.5331082380002],[32.11909184700015,39.53298936600015],[32.11916694600005,39.53290494700013],[32.11927517400017,39.5328925040001],[32.11978993000016,39.53321009600008],[32.11984066000008,39.53323950100015],[32.11990493,39.5332488810002],[32.11997030500005,39.53325341900006],[32.12003213900017,39.53323529200004],[32.12009020700003,39.53321201500019],[32.12013048400008,39.533170536],[32.12017682700007,39.53311834800012],[32.12025346500018,39.53303738500013],[32.12042338600013,39.53295209500015],[32.12052224300004,39.53290835200013],[32.12075108600003,39.53282563500016],[32.12075677600018,39.53282354400007],[32.12081215300005,39.53280569700014],[32.12081808100005,39.53280404600005],[32.12132594800003,39.53266047000012],[32.12142456300012,39.53262961400004],[32.12151141499999,39.53260221800009],[32.12156941200011,39.532578819],[32.12161616200006,39.53254377800006],[32.12164921600016,39.5324979220001],[32.12166488999998,39.53244727800006],[32.1216643560001,39.53239418400011],[32.12163704800003,39.53234490699999],[32.12132791500012,39.53186235400011],[32.12135638700015,39.53180593300016],[32.12163677600017,39.53172290300004],[32.12199121400016,39.53161585900006],[32.122127943,39.53157226700001],[32.12223363700007,39.53155865900016],[32.12230207600014,39.53156305600005],[32.12239551800008,39.53159417400011],[32.12254211900002,39.53167204300011],[32.12271768300012,39.53176085600007],[32.12307411100015,39.531934472],[32.12875263400009,39.53442185200014],[32.12883540600019,39.53446986600007],[32.12890368500008,39.53452376900013],[32.12895701400009,39.53458863500003],[32.12901023400006,39.53469418100005],[32.12905122700018,39.53483688200002],[32.12913711300017,39.53514610700011],[32.12922930400008,39.53550458300015],[32.12926503200003,39.53565885],[32.12924033900003,39.53576606500008],[32.12915698200017,39.5358483780001],[32.12903937300007,39.53590571700009],[32.12891627600008,39.535968805],[32.12868218400013,39.53609051400019],[32.12838899399998,39.53624365000007],[32.1280813720001,39.53640607100012],[32.12778811700014,39.53656585400011],[32.12736494799998,39.53682338200008],[32.12736101000002,39.53682575400011],[32.12728264200013,39.53687129100008],[32.12719811200004,39.53696902600002],[32.1271524350001,39.53708237200004],[32.12714887800009,39.53720006700007],[32.1271823150001,39.53727942799996],[32.12758232200002,39.53823749600001],[32.12754396900016,39.53826889200013],[32.12753031200003,39.5382661120001],[32.12744956200011,39.53825353100002],[32.12736799700019,39.53824463100017],[32.12728590100011,39.53823943900009],[32.12720355300006,39.53823797600005],[32.12712123600012,39.53824024600009],[32.12703923100013,39.53824624000002]]],[[[32.13603608100009,39.5882697880001],[32.13551247300013,39.58847328500015],[32.13533553100019,39.58854204700016],[32.13515858700014,39.58861080800006],[32.13498164500005,39.58867956900019],[32.1348150610001,39.58874428000015],[32.13464105300013,39.58881562300006],[32.13476490400011,39.58901794700013],[32.13466933000007,39.58905727800011],[32.13459982800016,39.58909742600019],[32.13396018400014,39.58953953500008],[32.13366323600012,39.58963832800002],[32.13329425600016,39.58975748400009],[32.13313337500004,39.58979247300007],[32.13302259000007,39.58981331300003],[32.13288965000002,39.58983563700008],[32.13273840800014,39.58985572200002],[32.1325457470001,39.58987206900009],[32.13229239900012,39.58989212700012],[32.13213345900008,39.58989357600019],[32.13193502200009,39.58990172300003],[32.13162099200009,39.58990983900002],[32.13146783200001,39.58991054400012],[32.13132237600008,39.58991348600004],[32.13118366600015,39.58991419400007],[32.13105844000006,39.58991341500012],[32.13093514500009,39.58990667500012],[32.13078199100005,39.58989545400015],[32.13061728100006,39.5898745410001],[32.13048050700013,39.58985139900018],[32.13030809600013,39.58982228600014],[32.13014917000017,39.58979243000014],[32.12997387200006,39.58975511700017],[32.12979953799998,39.58971929500009],[32.12964350600002,39.58968347800004],[32.12956067600016,39.58965960400018],[32.12942294899999,39.58961857400014],[32.12922743800009,39.58955069800005],[32.12904253200009,39.58946419100012],[32.12888012100009,39.58940442900013],[32.12857947400011,39.58914778200012],[32.12815238600015,39.58878742300004],[32.12812394299999,39.58876053600005],[32.12810069500006,39.58873217399999],[32.12807851300015,39.58870064400001],[32.12806300600006,39.58866876700017],[32.12805009000003,39.58863492600009],[32.12804319300006,39.58860362500014],[32.12794286700012,39.58800465900011],[32.12794290000004,39.58793563200015],[32.12795846800009,39.58777771500019],[32.12797383000008,39.58760597600009],[32.12802384700006,39.5874297700001],[32.12812343300015,39.58721552600008],[32.12819434400006,39.58709220000002],[32.12825658100013,39.58700614000002],[32.12832441000019,39.58692420600016],[32.12871469300006,39.58660152700003],[32.12871332700011,39.5865950640001],[32.1293469410001,39.58612038200011],[32.13161994600016,39.58568828900013],[32.13239068200019,39.58558579500016],[32.13233515700011,39.58533542600015],[32.13235726400006,39.58534894000019],[32.13240265600005,39.58534805200016],[32.13253767600008,39.58532016800013],[32.1325703820001,39.58531486300013],[32.13254000700015,39.58503892600016],[32.13251786300015,39.58483791700012],[32.13248748700012,39.58456152900015],[32.13246870700016,39.58439104800015],[32.13244969300019,39.58421876700005],[32.13268712600017,39.58419901600009],[32.13269877100014,39.58418461000014],[32.13283261900006,39.58417023399998],[32.13302349800011,39.58415317200017],[32.13321006699999,39.58413926100018],[32.13342060900003,39.58413931300002],[32.13352745000007,39.58413843900011],[32.13359146200001,39.58413890400011],[32.13371712100006,39.58422538900003],[32.13408023500005,39.58424078700003],[32.13419839700008,39.58416516800013],[32.13488842900017,39.58419856300013],[32.13545009300008,39.58422580100007],[32.13539489000003,39.58461978100017],[32.13535100900004,39.58493343500002],[32.13488173900014,39.58493512600005],[32.13490920700009,39.58523078500009],[32.13492380900006,39.5853889260001],[32.13528717000003,39.58538756900007],[32.13507710800003,39.58564498900011],[32.13524883600002,39.58572418000018],[32.13526207700015,39.58574474100013],[32.13534201400013,39.58576781700016],[32.13586269000001,39.58593269100009],[32.13648442300005,39.58612409000006],[32.13656332500018,39.58613872600019],[32.13665000700009,39.58615078400011],[32.13678892500019,39.58615855400007],[32.13689339500011,39.58615427700012],[32.13697897500008,39.58614053700006],[32.13704625900017,39.58612184400003],[32.13733414600014,39.58616739200004],[32.13734569900009,39.58616860100007],[32.13735701700011,39.58617076800017],[32.13736796300013,39.58617387100014],[32.13741159600011,39.58618835000006],[32.13691552099999,39.5863665390001],[32.13677983600007,39.58664944500008],[32.13726551900005,39.58681201000014],[32.1373403310002,39.58683705000006],[32.13861125500016,39.58726243400008],[32.13866270900014,39.58719022600014],[32.13887481900015,39.58725941300007],[32.13911094800007,39.58733643900005],[32.13923962700012,39.58737841300017],[32.13944337,39.58744487800003],[32.13962757800017,39.58756000600016],[32.13977907800007,39.58768584200006],[32.13991428100015,39.58781780000003],[32.14004726900016,39.58797047000003],[32.14017723000012,39.58812070700015],[32.14025744500016,39.58823654200003],[32.14029042600009,39.58828417900013],[32.14029821000002,39.58833145900012],[32.14029120600016,39.58839783000002],[32.14012700899996,39.5886620210001],[32.14007629100009,39.58864480200003],[32.1395263500001,39.58847968800008],[32.13928984600012,39.58842291100006],[32.1392043590002,39.58868210400012],[32.13888535500014,39.58859874000014],[32.138609647,39.58852664000005],[32.13853851300019,39.58850547300018],[32.13821686000011,39.58842092300013],[32.13800202000012,39.58836423400007],[32.13777624100014,39.58830465900007],[32.13756687200016,39.58824950200005],[32.13710652600008,39.58829713200004],[32.13678308300006,39.58827094600019],[32.1364762830001,39.58824611300002],[32.13638817000016,39.58825807100008],[32.13603608100009,39.5882697880001]]],[[[32.09494228000017,39.62527545800009],[32.09392689700009,39.6258769380001],[32.09239911700018,39.62635906800002],[32.09132375400009,39.62649327500002],[32.08850228700014,39.62617575500004],[32.08687167500007,39.62595921200019],[32.08499544200015,39.62538927200007],[32.08177501600015,39.62486471000015],[32.08011300500005,39.62474360900001],[32.07903804700011,39.62449411900019],[32.076539314,39.62459715800008],[32.07515613000015,39.62433769000012],[32.06897422000009,39.62402319900007],[32.06860138100005,39.62415129500004],[32.06826456300008,39.62411054800015],[32.06762985900012,39.6237467290001],[32.0669803920001,39.62328870800017],[32.06649611800004,39.62318452100015],[32.06617969800016,39.62247702700004],[32.06516044600016,39.6206122410001],[32.06074501200005,39.61968399600016],[32.05752738600013,39.61892174300004],[32.05608070400014,39.61813984300005],[32.05297166200013,39.61654793300011],[32.05144663300013,39.61553466600004],[32.0497639180001,39.61454713800003],[32.04879636600015,39.61347978800017],[32.04816716000012,39.61260680200008],[32.04736323500016,39.61066167700017],[32.0457308290001,39.60519557800006],[32.04256921400002,39.60564983700012],[32.04211824600003,39.60399943400002],[32.04104614800013,39.60335700100013],[32.03893661900013,39.60396607100005],[32.03821235100008,39.60363792200012],[32.03723452499999,39.60282443600016],[32.0371399050002,39.60213907400016],[32.03641791000017,39.60181972],[32.03864585400014,39.60054879300008],[32.03970160200008,39.6003598660002],[32.04080007500012,39.59262179800015],[32.04008816100001,39.58926132699996],[32.0425484600001,39.58625364600011],[32.04036342300008,39.58641735900007],[32.03824015900006,39.58571511100003],[32.03748506200002,39.58523661200009],[32.03232290600012,39.58538911900008],[32.03164025400014,39.58203534300004],[32.03264748200012,39.58176828800005],[32.03358433900013,39.58080075500006],[32.033154808,39.57867208500011],[32.03355691899998,39.57842044800014],[32.03387824900011,39.57612500000007],[32.03359071100009,39.57611501000016],[32.03300127800013,39.57630126600014],[32.03235185200003,39.57636246600005],[32.03185734500004,39.57625229600017],[32.03107991500003,39.57619455900011],[32.03060694400006,39.57589839599999],[32.03043665900008,39.57586683100013],[32.03033312400015,39.5757824270001],[32.03032679800015,39.575478781],[32.03061346600008,39.57499256800001],[32.03125268200005,39.57503352100013],[32.03223010300019,39.57502638600018],[32.03228710399999,39.57447680500007],[32.0355965470002,39.57430568800006],[32.03550688600013,39.57400104900019],[32.04096675200016,39.57378079700003],[32.04188628500015,39.57379315300002],[32.04188424400002,39.571948226],[32.04092718400005,39.57168130600014],[32.03873006999999,39.57096949300016],[32.03672252500007,39.57016639100018],[32.03498079700005,39.56936060000017],[32.03354284700009,39.5686425850002],[32.03360508100009,39.56839831300005],[32.03387441700015,39.56735047600012],[32.03401707100004,39.56619563300005],[32.03346608800002,39.56438948099997],[32.03601934700016,39.56267915300003],[32.03756127000013,39.56067332900017],[32.03757842300018,39.5606252590001],[32.0374657170001,39.56056193300002],[32.03693336400005,39.5605499920002],[32.03600827900017,39.56060955900005],[32.03517277200018,39.56004059500002],[32.0345563730001,39.55830085100019],[32.03373411600018,39.5578128050001],[32.03434577700006,39.55655155500006],[32.03464674200018,39.55549585900004],[32.034267769,39.55526772400015],[32.03269126400006,39.55591090900013],[32.03225563400007,39.555640298],[32.03236525400006,39.55383659100012],[32.03177128900008,39.55260701600007],[32.03200732700002,39.55161096800011],[32.03209860200002,39.55069608400003],[32.02983425400008,39.54564346700004],[32.02839231400016,39.54339795900002],[32.02717918600014,39.54211185200015],[32.02605436600016,39.54084451099997],[32.02479573400014,39.53838835600011],[32.02225416100003,39.53230942000017],[32.02117940100008,39.52956575200018],[32.02067846300008,39.52820602900006],[32.01963390700014,39.52561709800016],[32.01855828700011,39.52247899000002],[32.01982637800016,39.52170424399999],[32.02001685800013,39.52145106000007],[32.02108085300012,39.51889187100015],[32.02171876000006,39.51818788600006],[32.02209805800003,39.51753094300014],[32.02279530600017,39.51712566899998],[32.02320729400016,39.51653559000015],[32.02368409600012,39.51532066200015],[32.02409355600007,39.51491006700019],[32.02514725000008,39.51339935200017],[32.02563755300005,39.51307087599997],[32.02708029100008,39.51236428600011],[32.02919620600004,39.51207796600011],[32.02966519700004,39.51217597999999],[32.03039558799996,39.5117950150002],[32.03112742700004,39.51162015900012],[32.03310867200014,39.51116279400001],[32.0353441370001,39.51088012400008],[32.03778372700015,39.51174556300003],[32.03847024500011,39.51237130000004],[32.03964528300013,39.51316200600004],[32.04195507000004,39.514392841],[32.04302772500007,39.51497131800006],[32.04364877500013,39.51548072900017],[32.04391682000016,39.51652276900005],[32.04402511500017,39.51691596600017],[32.04401787500014,39.51740948100004],[32.04436890000012,39.51842394000004],[32.04462798700013,39.51885449000009],[32.0449908210001,39.51932279000015],[32.04615972700002,39.5212790010001],[32.04629846800002,39.52157606899998],[32.04665843200019,39.52229475600005],[32.04754247600015,39.52318242600012],[32.04766973000017,39.52366872800007],[32.04790702299998,39.52504670600017],[32.04818703100013,39.52652110800018],[32.04841427700006,39.52717069699997],[32.0487359820001,39.52823014800014],[32.04898389300011,39.52941916000016],[32.04913420400004,39.52969906600002],[32.04938755400018,39.53033981700003],[32.04970459300007,39.53086307000004],[32.04972705800002,39.53156366700001],[32.04987064600006,39.532242223],[32.05013439700006,39.53291146400007],[32.05028879200017,39.53363153000013],[32.05099155200004,39.53487094500012],[32.05150830600019,39.53635759800011],[32.05139203700008,39.53721640800011],[32.05129987300005,39.53868285600009],[32.05128447800013,39.53956857700008],[32.05121404400018,39.54100001600017],[32.05144123500004,39.54181910900016],[32.05169730300008,39.54287935700019],[32.05176305900005,39.54363609100005],[32.05194421800017,39.54407292600007],[32.05236517900011,39.54550177300003],[32.05247200100007,39.54629869799997],[32.05248672500005,39.54691936700009],[32.05266988599998,39.547249071],[32.05263979100009,39.54734327500019],[32.05261798800016,39.54740204400018],[32.05252720900016,39.54808289300012],[32.05033088700002,39.54835463700006],[32.04828097900003,39.54837313100011],[32.04809085700016,39.54895339900004],[32.0484383450001,39.55019042000016],[32.04828701899997,39.55126467500007],[32.04813121900007,39.55278124800009],[32.04791940700017,39.55316581900018],[32.04788158900003,39.55387733200018],[32.04704222200013,39.55519976400016],[32.046975459,39.55551317400015],[32.04592064200006,39.55603585400007],[32.04522818400016,39.55647760600006],[32.04463574600014,39.55696927800005],[32.04583027700009,39.55719165800014],[32.04641260200007,39.55700158600008],[32.0471255850002,39.55729676000017],[32.04780037500007,39.55728375100005],[32.05255050100017,39.55940738300006],[32.0570859650001,39.5598734990001],[32.05827718500006,39.56009545800008],[32.06002507800004,39.56135801699999],[32.06121489100012,39.56150997000005],[32.06420602000009,39.56244160800004],[32.06547505800013,39.56262347500005],[32.06638501100012,39.56312286300017],[32.06741255700009,39.56307968900019],[32.06959826900008,39.56184087500013],[32.07498950800003,39.56143847800017],[32.07590838600004,39.56326724900004],[32.07696518200011,39.56333717900015],[32.07891343000016,39.56396760800015],[32.0806827030001,39.56419936300007],[32.0813164630001,39.56520599800015],[32.07781912400002,39.56928438600006],[32.07775426400021,39.57003132200007],[32.07710878500016,39.57015381200006],[32.07567972500002,39.57066452000002],[32.07652421200003,39.57196382800009],[32.07669563000019,39.57229565200005],[32.07662957000019,39.57272653300005],[32.07614248700014,39.57381445200006],[32.07637179100009,39.57466701100002],[32.07656365900014,39.57538036700009],[32.07705466700016,39.5763218960001],[32.07506675100011,39.57721942200009],[32.07822464300012,39.57795101100015],[32.07939627300006,39.57905977800009],[32.0793709000002,39.57993489000008],[32.07983944300015,39.57997062500012],[32.08022906600014,39.58009059000017],[32.08081807400004,39.58114905000014],[32.08019319599997,39.58242857000017],[32.07973076400008,39.58401541500009],[32.08031148600004,39.58495937200014],[32.07994023500014,39.5869525710001],[32.080372769,39.58762849100007],[32.07968125299998,39.58984331700003],[32.08009167800016,39.59114885900006],[32.08090288400014,39.59131488700005],[32.08192745700006,39.59097837800002],[32.0827032470001,39.59098450500009],[32.08388585600019,39.59173863900014],[32.08500148200012,39.59212539000008],[32.08644311800002,39.59175877500001],[32.08729979500016,39.59107628600013],[32.08934809400005,39.59155925000017],[32.08971057000019,39.59240694200012],[32.08974686300007,39.59451941100021],[32.08966931100009,39.59604961800004],[32.08973355400013,39.59641502400014],[32.08978757400017,39.59668245],[32.09007862000011,39.59729883700012],[32.09041568200006,39.59791558100015],[32.09084268500013,39.59869323100003],[32.09136822700013,39.59985435200009],[32.09146998700004,39.60025045000001],[32.09187785500018,39.60086231300012],[32.09255938100013,39.60176385799998],[32.09563294400012,39.60467615200009],[32.09880071200003,39.60406201800008],[32.1016921310001,39.60501694500011],[32.10183843300014,39.60479764799999],[32.10271190599998,39.60412187700011],[32.10516303400011,39.6040064850002],[32.10587930600007,39.60400419500017],[32.10657360100004,39.60414219500008],[32.10702988400002,39.60435032700003],[32.10735888699999,39.60459976300009],[32.10773148700008,39.60492879900009],[32.10782027500015,39.60550875000008],[32.10776559500006,39.60597874],[32.10749501900005,39.60633670500012],[32.10806795700006,39.60639797500015],[32.11157833300006,39.60617046500015],[32.11282396600017,39.60737274500018],[32.11333219100005,39.6083430920001],[32.11348537600002,39.60894120800003],[32.11310793400004,39.60941943600019],[32.11298591300014,39.61025147200009],[32.11303233900011,39.61144154700003],[32.11188301300005,39.61260196500012],[32.11255604900015,39.61310983600013],[32.11269068200017,39.61373429300004],[32.11227680800006,39.61493766200005],[32.11188919200008,39.61533894400004],[32.11167168000004,39.61606212900004],[32.11155828800008,39.61678611000016],[32.1114918080001,39.61791314399996],[32.11109002900015,39.61897762500007],[32.11011006399996,39.62021087000007],[32.1080008460001,39.62198552500006],[32.10627227600008,39.62294703500004],[32.10345946400001,39.62419878100009],[32.1034683510001,39.62402058200013],[32.10189839200018,39.62369775800013],[32.10105042200021,39.62407829600008],[32.09923960899998,39.62455323200017],[32.09802478700006,39.62449405000007],[32.0969282170001,39.62472714600017],[32.09494228000017,39.62527545800009]]],[[[32.17149577300018,39.62956787100005],[32.17145773600015,39.62955493600014],[32.17142477099998,39.62954706500012],[32.17117323000007,39.62937160100012],[32.17076618700005,39.6292810810001],[32.17076116800007,39.62927602000012],[32.17014252100012,39.62935265200007],[32.17007804100015,39.62935886300018],[32.17006927000001,39.62936616400015],[32.16946343700009,39.62941885900015],[32.16756834000005,39.62884117100015],[32.16644471400012,39.62860899600001],[32.164526082,39.6282287440002],[32.16255859600012,39.62761158600009],[32.16249245000017,39.62727596600003],[32.16224559199996,39.62713664800005],[32.16269461100011,39.62643028700012],[32.1634118870001,39.62592372600005],[32.16384140000003,39.62565350100015],[32.16382659200008,39.62542578900014],[32.16418392000015,39.62525809100013],[32.16416067799999,39.62505792400003],[32.16394662600002,39.62443190900019],[32.16387129600002,39.62439133200008],[32.16469203600007,39.62415119600011],[32.16485988000012,39.62464516700005],[32.16514692800006,39.62462003799997],[32.16593949600009,39.62458644000007],[32.1670009710001,39.62446903699999],[32.16698445900018,39.62495041199998],[32.16992020500003,39.62497142800015],[32.17047913700008,39.62494528299999],[32.17106001900006,39.62495704700012],[32.17243844700004,39.62546311900007],[32.17479261400002,39.62710471800004],[32.17445186200008,39.62751272700019],[32.17425318100011,39.62778874400001],[32.17425181400004,39.62780284900006],[32.17424807400009,39.62783193500015],[32.1742641670001,39.62799875600012],[32.17426039700011,39.62802899800018],[32.17415695700011,39.62819081500014],[32.17412478300012,39.62821795500007],[32.17411985700003,39.62822212600013],[32.17395812299996,39.62825823800012],[32.17394876700014,39.62825184200011],[32.17380531700015,39.6282550670001],[32.17377736100015,39.62827021500016],[32.17360440300007,39.6283859830001],[32.17359359200013,39.62839478700015],[32.17344217600004,39.6285613450001],[32.17343160200004,39.62857757100016],[32.17333239400018,39.62865935700017],[32.17314599300011,39.62884267500012],[32.1731378370002,39.62885692300018],[32.17289027900009,39.62923144900007],[32.17287712500008,39.62924725800006],[32.17284254900007,39.62928101599998],[32.17261760500008,39.62937907600009],[32.17260350100003,39.62939496400001],[32.17215333600019,39.62944603600016],[32.17213337499998,39.6294473260001],[32.17190580400013,39.62945381500005],[32.17187546600006,39.62947537699999],[32.17183662200004,39.62947495100019],[32.17181729700012,39.62949510000014],[32.17149577300018,39.62956787100005]]]]}},{"type":"Feature","properties":{"id":"karacabey-longoz-tour","name":"Karacabey Longoz Ormanı","source":"OpenStreetMap","source_url":"https://www.openstreetmap.org/relation/17861535"},"geometry":{"type":"MultiPolygon","coordinates":[[[[28.3897181,40.3918203],[28.3901564,40.3914864],[28.3909016,40.3911415],[28.390434,40.3902846],[28.3903898,40.3899769],[28.3911108,40.3887478],[28.3920721,40.3870611],[28.391334,40.3863551],[28.3931021,40.3852306],[28.3937544,40.3848645],[28.3941704,40.3846296],[28.3944654,40.3847399],[28.3946907,40.3846909],[28.395074,40.3847468],[28.3957583,40.3843068],[28.3961888,40.3842148],[28.3966702,40.3843966],[28.3970868,40.3846781],[28.3971945,40.3844282],[28.3974086,40.3839312],[28.3977163,40.3834691],[28.3975553,40.3831749],[28.3971047,40.382709],[28.3971155,40.3822677],[28.3977914,40.3823903],[28.3983077,40.3827544],[28.3987669,40.3822101],[28.3991961,40.3816609],[28.3990931,40.3812032],[28.3991274,40.3806409],[28.3994879,40.3801832],[28.3992476,40.3796733],[28.3996252,40.3793333],[28.4000029,40.3789933],[28.4008268,40.3783525],[28.401668,40.3778294],[28.4027151,40.377921],[28.4042944,40.378771],[28.4034018,40.3773064],[28.4049326,40.3768595],[28.4052385,40.3767702],[28.4047579,40.3759332],[28.404918,40.3758637],[28.4071096,40.3749132],[28.407659,40.3749786],[28.4082941,40.3754232],[28.4088091,40.3761033],[28.4094614,40.3760509],[28.4100107,40.3758286],[28.4101652,40.3752663],[28.4095833,40.3748759],[28.4090151,40.3744947],[28.4084314,40.3738408],[28.4085688,40.3732],[28.4086889,40.37235],[28.4086718,40.3709768],[28.4120878,40.3706236],[28.4120535,40.3689888],[28.4164113,40.3685896],[28.4161737,40.368347],[28.4160875,40.3680384],[28.416564,40.3677673],[28.4172574,40.367703],[28.4178427,40.3677705],[28.418038,40.3680927],[28.4180603,40.3684148],[28.4192118,40.3682564],[28.4191259,40.3677202],[28.4187038,40.3669816],[28.4186625,40.3669093],[28.4182557,40.3664463],[28.4181734,40.3659339],[28.41838,40.3659002],[28.4186804,40.3659206],[28.4188038,40.365941],[28.4189272,40.3659574],[28.4190506,40.3659778],[28.419174,40.3660064],[28.4192705,40.3660759],[28.4193456,40.3661536],[28.4194583,40.3661863],[28.4195816,40.3662149],[28.4196943,40.3662517],[28.4198016,40.3662925],[28.4199089,40.3663416],[28.4200001,40.3664111],[28.4200752,40.3664806],[28.4201503,40.3665582],[28.42022,40.366644],[28.4202844,40.3667258],[28.4203595,40.3668034],[28.4204346,40.3668811],[28.4204936,40.3669629],[28.4204292,40.3673389],[28.4204346,40.367437],[28.4204507,40.3675269],[28.4204721,40.3676127],[28.420499,40.3677067],[28.4205311,40.3678089],[28.4205902,40.3678988],[28.4206599,40.3679683],[28.4207243,40.36805],[28.4207886,40.3681359],[28.4208584,40.3682135],[28.4209442,40.368283],[28.4210515,40.3683525],[28.4211588,40.3683934],[28.4212929,40.3683934],[28.4214216,40.3683934],[28.4215504,40.3683934],[28.4216738,40.3683934],[28.4218025,40.3683934],[28.4219313,40.3683934],[28.42206,40.3683934],[28.4221941,40.3683934],[28.4223175,40.3683852],[28.4224409,40.3683688],[28.422575,40.3683607],[28.4226984,40.3683484],[28.4228218,40.3683361],[28.4229451,40.3683239],[28.4230632,40.3683075],[28.4231812,40.3683075],[28.4233153,40.3682994],[28.4234333,40.3682871],[28.423562,40.3682707],[28.4236854,40.3682462],[28.4238142,40.3682217],[28.4239376,40.3681972],[28.4240556,40.3681808],[28.424179,40.3681645],[28.424297,40.36814],[28.4244204,40.3681277],[28.4245491,40.3681113],[28.4246778,40.3680868],[28.4251982,40.3678743],[28.4253269,40.3678416],[28.425445,40.3678089],[28.4255791,40.3677885],[28.4257024,40.3677476],[28.4258151,40.3677108],[28.4259385,40.3676822],[28.4260672,40.3676577],[28.4261906,40.3676372],[28.4263194,40.3676127],[28.4264374,40.3675923],[28.4265608,40.36758],[28.4266895,40.36758],[28.4268129,40.3675718],[28.426947,40.3675596],[28.4270757,40.3675473],[28.4271616,40.3675187],[28.4272796,40.3675024],[28.4274137,40.367486],[28.4275424,40.3674656],[28.4276605,40.3674329],[28.4277892,40.3674165],[28.4279287,40.3674165],[28.4280574,40.3674165],[28.4281754,40.3674043],[28.4282988,40.367392],[28.4284168,40.3673838],[28.428551,40.3673634],[28.428669,40.367347],[28.4287924,40.3673225],[28.4289104,40.3673021],[28.429023,40.3672653],[28.4291357,40.3672203],[28.4292591,40.3671713],[28.4293771,40.3671263],[28.4294844,40.3670773],[28.4296077,40.3670282],[28.4297258,40.3669792],[28.4298277,40.366922],[28.4299135,40.3668484],[28.4300798,40.366644],[28.4300476,40.366546],[28.4301174,40.3664683],[28.4302032,40.3663866],[28.4303158,40.3663334],[28.4304392,40.3663334],[28.4305733,40.3663334],[28.4307074,40.3663457],[28.4308416,40.3663579],[28.4309703,40.3663661],[28.4310937,40.3663784],[28.4312224,40.3664029],[28.4313405,40.3664356],[28.4314424,40.3664887],[28.4315443,40.366546],[28.4316462,40.3666032],[28.4317481,40.3666522],[28.4318393,40.3667054],[28.431952,40.3667667],[28.4320378,40.3668321],[28.4321344,40.3669015],[28.432247,40.3669383],[28.4323865,40.3669547],[28.4325099,40.3669751],[28.4326494,40.3669915],[28.4327728,40.3670037],[28.4329015,40.367016],[28.4330249,40.3670364],[28.4331322,40.3670732],[28.4331858,40.3671549],[28.4332448,40.3672408],[28.4333628,40.3672857],[28.4334916,40.3672857],[28.433615,40.3672776],[28.4337437,40.3672735],[28.4338778,40.3672653],[28.4340066,40.3672653],[28.4341353,40.3672653],[28.4342694,40.3672653],[28.4343928,40.3672735],[28.4346396,40.3672367],[28.4347629,40.3672203],[28.4348917,40.3672163],[28.4350204,40.3672163],[28.4351385,40.3672122],[28.4352672,40.3671999],[28.4353852,40.3671999],[28.4355247,40.3671999],[28.4356481,40.3671958],[28.4357822,40.3671917],[28.4359002,40.3671836],[28.436029,40.3671836],[28.4361577,40.3671836],[28.4362864,40.3671836],[28.4364098,40.3671754],[28.4365386,40.367159],[28.436662,40.3671468],[28.4367907,40.3671263],[28.4369141,40.3671304],[28.4370375,40.3671345],[28.4371662,40.3671345],[28.4372735,40.3670814],[28.437311,40.3669955],[28.4373057,40.3668975],[28.437295,40.3667994],[28.4372789,40.3667054],[28.4372574,40.3666154],[28.4371911,40.3665415],[28.437295,40.3664846],[28.4373969,40.3664274],[28.4374988,40.3663661],[28.4375954,40.366313],[28.4376866,40.3662558],[28.4377885,40.3662026],[28.4378904,40.3661536],[28.4379816,40.3661004],[28.4380889,40.3660391],[28.4381962,40.3659819],[28.4382927,40.3659329],[28.4383893,40.3658756],[28.4384966,40.3658143],[28.4386039,40.3657653],[28.4387112,40.3657162],[28.4388345,40.3656795],[28.4389418,40.3656427],[28.4390384,40.3655977],[28.4391403,40.3655487],[28.4392744,40.3655323],[28.4393978,40.3655323],[28.4395105,40.365516],[28.4396231,40.3654669],[28.4397143,40.3654056],[28.4398162,40.3653525],[28.4399342,40.3653361],[28.4400469,40.3653034],[28.4401274,40.3652339],[28.4401917,40.3651563],[28.4401703,40.3650623],[28.4402776,40.3650132],[28.4403956,40.3649969],[28.4405136,40.3650255],[28.440637,40.3650296],[28.4407604,40.3650255],[28.4408784,40.3650255],[28.4409857,40.3650664],[28.441093,40.3651072],[28.4412003,40.3651563],[28.4412861,40.3652217],[28.4413826,40.3652748],[28.4414685,40.3653361],[28.441565,40.3653974],[28.4416991,40.3654015],[28.4418118,40.365377],[28.4419244,40.3653198],[28.4422839,40.3652176],[28.4423858,40.3651808],[28.4425038,40.365144],[28.4426272,40.3651154],[28.4427506,40.365095],[28.4428632,40.365095],[28.442992,40.365095],[28.44311,40.3651113],[28.4432334,40.3651113],[28.4433567,40.3651113],[28.4434855,40.3650991],[28.4436142,40.3650745],[28.4437162,40.3650296],[28.4438235,40.3649846],[28.4439522,40.3649642],[28.4440863,40.3649437],[28.4442043,40.3649315],[28.4443223,40.3649315],[28.4444511,40.3649315],[28.4445798,40.3649315],[28.4446925,40.3649151],[28.4450358,40.3647762],[28.4450358,40.364674],[28.4450036,40.3645759],[28.445127,40.3643592],[28.4452343,40.3643102],[28.4453577,40.3643265],[28.4454703,40.3643674],[28.4455186,40.3644573],[28.4455401,40.3645554],[28.445583,40.3646576],[28.4456259,40.3647435],[28.4456688,40.3648293],[28.4457815,40.3648824],[28.4458941,40.364907],[28.4460175,40.3649233],[28.4461462,40.3649437],[28.4462643,40.3649478],[28.4463984,40.3649478],[28.4465218,40.3649233],[28.4466505,40.364911],[28.4467685,40.3648906],[28.4468865,40.364862],[28.4469992,40.3648211],[28.4471065,40.3647884],[28.4472513,40.3647394],[28.4473532,40.3646862],[28.4474659,40.3646494],[28.4475785,40.3646086],[28.4476858,40.3645636],[28.4478038,40.3645309],[28.4479219,40.3645023],[28.4480506,40.3644819],[28.448174,40.3644573],[28.4483081,40.364441],[28.4484422,40.3644206],[28.4485549,40.3643919],[28.4486729,40.3643756],[28.4487909,40.3643592],[28.4489089,40.364347],[28.4490216,40.3643429],[28.4491503,40.3643429],[28.4492737,40.3643388],[28.4493917,40.3643225],[28.4495205,40.3642857],[28.4496278,40.3642448],[28.4497243,40.3641957],[28.4499496,40.3640813],[28.4500676,40.3640486],[28.4501749,40.3640118],[28.4502876,40.3639873],[28.4504056,40.363975],[28.4505236,40.3639832],[28.450647,40.3640118],[28.4507543,40.3640568],[28.450883,40.3640731],[28.4510118,40.3640731],[28.4511191,40.3640241],[28.451221,40.3639709],[28.4513229,40.3639219],[28.4514195,40.3638769],[28.4515053,40.3638034],[28.4515697,40.3637257],[28.4515911,40.3636358],[28.4515858,40.3635377],[28.4515858,40.3634437],[28.4516072,40.3633578],[28.4516287,40.363272],[28.4517091,40.3631984],[28.4518272,40.3631739],[28.4519559,40.3631575],[28.4520739,40.3631453],[28.4522027,40.363133],[28.4523261,40.3631167],[28.4524494,40.3631085],[28.4525621,40.3631003],[28.4526908,40.3631003],[28.4528035,40.3631943],[28.4527928,40.3632883],[28.4528303,40.3633864],[28.4529376,40.3634396],[28.4530663,40.3634478],[28.4531951,40.3634437],[28.4533131,40.3634273],[28.4534258,40.3634069],[28.4535438,40.3633987],[28.4536672,40.3633864],[28.4537744,40.3634151],[28.4538817,40.3634641],[28.4540051,40.3634845],[28.4541178,40.3634886],[28.4542358,40.3634927],[28.4543538,40.3634927],[28.4544879,40.3634927],[28.4546113,40.3634927],[28.4547239,40.3634927],[28.4548473,40.3634927],[28.4549653,40.3634845],[28.4550288,40.3633635],[28.4550404,40.3632679],[28.4550565,40.3631657],[28.4551531,40.3630921],[28.4552711,40.3631085],[28.4553891,40.3631289],[28.4555072,40.3631575],[28.4556305,40.3631862],[28.4557539,40.3632025],[28.4558773,40.3632148],[28.4560007,40.3632229],[28.4561348,40.3632393],[28.4562689,40.3632475],[28.4563976,40.3632638],[28.4586703,40.3634249],[28.4613651,40.3635295],[28.4614831,40.3635459],[28.4616119,40.3635459],[28.4617406,40.3635459],[28.4618747,40.363554],[28.4620035,40.363554],[28.4621322,40.363554],[28.462261,40.363554],[28.4623951,40.363554],[28.4625184,40.363554],[28.4626526,40.363554],[28.4627759,40.363554],[28.4629047,40.363554],[28.4630388,40.363554],[28.4631622,40.363554],[28.4632963,40.363554],[28.463425,40.363554],[28.4635538,40.3635581],[28.4636825,40.3635622],[28.4638059,40.3635745],[28.4639239,40.3635908],[28.4640527,40.3635949],[28.4641707,40.3636031],[28.4642887,40.3636072],[28.4644175,40.3636194],[28.4645408,40.3636399],[28.4646642,40.3636603],[28.4647876,40.363693],[28.4649217,40.3637134],[28.4650505,40.3637339],[28.4651899,40.3637461],[28.4653079,40.3637666],[28.4654421,40.3637952],[28.4655601,40.3638238],[28.4656727,40.3638524],[28.4657371,40.3639301],[28.46578,40.3640118],[28.4658176,40.3640977],[28.4658498,40.3641876],[28.4667787,40.364655],[28.4679804,40.3651266],[28.4694977,40.3651266],[28.4698254,40.3648214],[28.4714824,40.3652094],[28.4723622,40.3652769],[28.4724426,40.3655037],[28.4724855,40.3656835],[28.4724855,40.3658716],[28.4726894,40.3659697],[28.4729361,40.3660105],[28.4731829,40.3660923],[28.4733438,40.3662312],[28.4733438,40.3664193],[28.4733438,40.3666236],[28.47314,40.3667135],[28.472904,40.3667626],[28.4726357,40.3668443],[28.4724104,40.3669261],[28.4721637,40.3670078],[28.4719276,40.3669342],[28.4718311,40.3667626],[28.4716272,40.3666563],[28.4713912,40.3665664],[28.4711552,40.3665173],[28.4708762,40.3665173],[28.470608,40.3665092],[28.470372,40.3664765],[28.4702217,40.3663293],[28.4700501,40.3661904],[28.4698141,40.3661577],[28.4695887,40.3661495],[28.469342,40.3661413],[28.4690845,40.3661413],[28.4682047,40.3661577],[28.4680331,40.3660105],[28.4679043,40.3658552],[28.4677756,40.3656917],[28.4676683,40.3655282],[28.4675395,40.3653647],[28.4674001,40.3652094],[28.4671748,40.3651358],[28.4669602,40.3650704],[28.4667241,40.3650541],[28.4664881,40.3650704],[28.4662628,40.3651031],[28.4660268,40.3651685],[28.4658015,40.3652339],[28.465544,40.3652993],[28.4652865,40.3653647],[28.4650504,40.3654138],[28.4647715,40.365471],[28.4644925,40.3655364],[28.4642672,40.3655854],[28.4640312,40.3656427],[28.4637952,40.3656754],[28.4635377,40.3657081],[28.4633124,40.3657162],[28.4630442,40.3657162],[28.4628081,40.3657081],[28.4625614,40.3656917],[28.4623039,40.3656754],[28.4620249,40.3656427],[28.4617674,40.36561],[28.4615421,40.3655936],[28.4612954,40.3655364],[28.4610593,40.3654792],[28.4608233,40.3654056],[28.460598,40.3653566],[28.4603512,40.3652912],[28.4601045,40.3652339],[28.4598684,40.3651767],[28.4597504,40.364907],[28.4596217,40.3647516],[28.4594607,40.3646127],[28.4592783,40.36449],[28.4590638,40.3643919],[28.458817,40.3643429],[28.4585702,40.3643429],[28.4583235,40.3643592],[28.4580767,40.3644083],[28.4578514,40.3644328],[28.4576046,40.3644328],[28.4573471,40.3644328],[28.4571004,40.3644328],[28.4568322,40.3644328],[28.4565747,40.3644328],[28.4563172,40.3644246],[28.4560704,40.3644246],[28.4558451,40.3644246],[28.4555983,40.3644778],[28.4554803,40.364441],[28.4553623,40.3644246],[28.4552711,40.36449],[28.4551477,40.3645146],[28.4550244,40.364535],[28.4548956,40.3645432],[28.4547669,40.3645554],[28.4546167,40.3645718],[28.4544826,40.3645922],[28.4543484,40.3646045],[28.4542304,40.3646372],[28.4540963,40.3646699],[28.4539461,40.3646862],[28.453812,40.3646903],[28.453694,40.3646903],[28.4535599,40.3646903],[28.4534419,40.3647067],[28.4533077,40.3647189],[28.453179,40.3647394],[28.4530503,40.3647435],[28.4526265,40.3647639],[28.4525084,40.3647802],[28.4523958,40.3647884],[28.4522617,40.3648129],[28.4521329,40.364817],[28.4520096,40.3648048],[28.4518754,40.3648048],[28.4517306,40.3648211],[28.451618,40.3648497],[28.4514892,40.3648906],[28.4513712,40.3649396],[28.4512532,40.3649478],[28.4511083,40.364956],[28.4509903,40.3649805],[28.4509635,40.3650704],[28.4509957,40.3651604],[28.451044,40.3652421],[28.4510279,40.3653484],[28.4508991,40.3653361],[28.4507811,40.3653075],[28.4506631,40.3652748],[28.4505665,40.3652258],[28.4505075,40.3651481],[28.4504861,40.3650541],[28.4504163,40.3649642],[28.4502929,40.3649642],[28.4501588,40.3649805],[28.4500837,40.3650623],[28.4500354,40.3651563],[28.4500194,40.3652421],[28.4499872,40.3653239],[28.4499282,40.3654056],[28.4498584,40.3654751],[28.4497619,40.3655323],[28.4497136,40.36561],[28.4497511,40.3656999],[28.4498584,40.3657489],[28.4499925,40.365798],[28.4501052,40.3658429],[28.4502125,40.365892],[28.450309,40.3659615],[28.4503788,40.3660514],[28.4503895,40.3661413],[28.4503895,40.3662394],[28.4504002,40.3663416],[28.4504539,40.3664356],[28.4504539,40.3665337],[28.450411,40.3666236],[28.450309,40.3667094],[28.4502929,40.3667299],[28.4502286,40.3668198],[28.4501427,40.3668934],[28.4500247,40.3669015],[28.4499067,40.3669097],[28.4497994,40.3669547],[28.4497404,40.3670405],[28.4497404,40.3671345],[28.4497887,40.3672203],[28.4498423,40.3673021],[28.4498316,40.3673961],[28.4497404,40.3674492],[28.4496438,40.3675105],[28.4495473,40.3675759],[28.4494346,40.3675964],[28.4493059,40.3676168],[28.4491986,40.3676781],[28.4491342,40.3677558],[28.4490484,40.3678293],[28.4489411,40.3678702],[28.4488338,40.3679233],[28.4487319,40.3679683],[28.4486085,40.3680378],[28.4484905,40.3680419],[28.4483725,40.3680133],[28.4482598,40.3679846],[28.4481472,40.3679601],[28.4480989,40.3678743],[28.4481955,40.3678212],[28.4483242,40.3677599],[28.4484744,40.3677026],[28.4485173,40.3676127],[28.44841,40.36758],[28.4483296,40.3675146],[28.4483725,40.3674288],[28.4484315,40.3673348],[28.4485173,40.3672571],[28.44863,40.3671917],[28.4487694,40.3671263],[28.4488875,40.3671141],[28.4489948,40.3671713],[28.4490967,40.3672285],[28.4492201,40.3672367],[28.4493488,40.3671999],[28.4494561,40.3671386],[28.449558,40.367065],[28.4496438,40.3669915],[28.4496599,40.3668934],[28.4496599,40.3667953],[28.4496331,40.3666767],[28.4495205,40.366644],[28.4494024,40.3666808],[28.449322,40.3667503],[28.4492201,40.3668198],[28.4491128,40.3667871],[28.448984,40.3667462],[28.4488445,40.366689],[28.448748,40.3666236],[28.4487158,40.3665255],[28.4487694,40.3664356],[28.448866,40.3663661],[28.4489733,40.3663089],[28.4490859,40.3662639],[28.4491932,40.3662149],[28.4493005,40.3661413],[28.4493434,40.3660432],[28.4493703,40.3659492],[28.449322,40.3658634],[28.4492093,40.3658143],[28.4490859,40.3658143],[28.4489626,40.3658266],[28.4488285,40.3658634],[28.4487265,40.3659124],[28.4486246,40.3659574],[28.4484959,40.3660187],[28.4483939,40.36608],[28.4482813,40.3661413],[28.4481794,40.3662067],[28.4480828,40.3662598],[28.4479648,40.3662435],[28.4478468,40.3662108],[28.4478253,40.3663048],[28.447777,40.3663988],[28.4478736,40.366456],[28.447997,40.3664846],[28.4481096,40.3665173],[28.4482115,40.3665787],[28.4481955,40.3666686],[28.448174,40.3667748],[28.4481096,40.3668648],[28.4480506,40.3669588],[28.4480184,40.3670609],[28.4480023,40.3671549],[28.4479755,40.3672612],[28.4479487,40.3673593],[28.4479272,40.3674615],[28.4478629,40.3675678],[28.4478307,40.3676699],[28.4477878,40.3677721],[28.4477395,40.3678498],[28.4476697,40.3679233],[28.4475732,40.3679846],[28.4474766,40.3680623],[28.4474283,40.368144],[28.4473854,40.3682258],[28.4473157,40.3683239],[28.4472084,40.368377],[28.4471065,40.368422],[28.4469831,40.3684547],[28.4468651,40.3684301],[28.4467739,40.3683484],[28.4468436,40.3682707],[28.4469402,40.3682094],[28.4470421,40.3681195],[28.4471279,40.3680296],[28.4471923,40.3679479],[28.4472781,40.3678539],[28.4471494,40.3678825],[28.4470206,40.3679152],[28.4468973,40.3679479],[28.4468275,40.3680173],[28.4467632,40.3681236],[28.4466773,40.3682135],[28.44657,40.3682585],[28.4464413,40.3682585],[28.4463555,40.3683198],[28.446275,40.3683974],[28.4462053,40.368471],[28.4457815,40.3687285],[28.4457117,40.3688143],[28.4456313,40.368892],[28.445524,40.3689369],[28.4454328,40.3688797],[28.4453684,40.3687939],[28.4452558,40.3688225],[28.4451967,40.3689124],[28.4451753,40.3690105],[28.4450895,40.3690718],[28.4449822,40.3691045],[28.4448588,40.369125],[28.44473,40.369129],[28.444612,40.369129],[28.4444886,40.3691086],[28.444376,40.3691086],[28.4442633,40.3691086],[28.4441507,40.3691413],[28.4440434,40.3691944],[28.4439415,40.3692476],[28.4438449,40.3692966],[28.4437376,40.3693252],[28.4436142,40.3693252],[28.4432387,40.3693334],[28.4431207,40.3693497],[28.4429812,40.3693661],[28.4428632,40.3693906],[28.4427237,40.3694233],[28.4425896,40.3694437],[28.4424609,40.3694437],[28.4423429,40.3694356],[28.4422034,40.3693988],[28.4421337,40.3693293],[28.4420478,40.3692598],[28.4419352,40.3692026],[28.4418172,40.3692353],[28.4417313,40.369313],[28.4416509,40.3693784],[28.4415436,40.3694274],[28.4414256,40.3694151],[28.4413022,40.3693784],[28.4412914,40.3692803],[28.4413075,40.3691822],[28.4412324,40.3691127],[28.4411466,40.3690269],[28.4410286,40.3690636],[28.4410179,40.3691536],[28.4409696,40.3692435],[28.4408891,40.3693293],[28.4408408,40.3694151],[28.4405082,40.3693947],[28.4404546,40.3694928],[28.4403634,40.3694397],[28.4403688,40.3693416],[28.440417,40.3692353],[28.4404117,40.3691372],[28.4402937,40.3691127],[28.4401756,40.3691127],[28.4400684,40.3690636],[28.4401917,40.3690309],[28.4403259,40.3689901],[28.4404117,40.3689206],[28.4403634,40.3688389],[28.4402454,40.3688143],[28.4401166,40.3688348],[28.4400362,40.3689042],[28.4399611,40.3689737],[28.439886,40.3690596],[28.4398001,40.3691454],[28.4397089,40.3690882],[28.439725,40.368986],[28.4396285,40.3689247],[28.4395105,40.3689288],[28.4393924,40.3689451],[28.4392852,40.368986],[28.4391671,40.3690105],[28.4390384,40.3689819],[28.4389526,40.3689083],[28.4388882,40.3688348],[28.4388131,40.3687571],[28.4387594,40.3686508],[28.4387165,40.3685568],[28.4386897,40.3684506],[28.4385931,40.3683852],[28.4384483,40.3683852],[28.4382874,40.3683852],[28.4382123,40.3684588],[28.4383249,40.3685037],[28.4384376,40.3685609],[28.438459,40.3686508],[28.4385019,40.3687367],[28.4385931,40.3688062],[28.4386361,40.3688961],[28.4385127,40.369125],[28.4385019,40.369223],[28.4385556,40.369313],[28.4386414,40.3693824],[28.4387702,40.3694029],[28.4388989,40.3694029],[28.4390277,40.3694029],[28.439151,40.3693824],[28.4393012,40.3693416],[28.4394354,40.3693048],[28.4395695,40.3692721],[28.4396928,40.3692557],[28.4398162,40.3692557],[28.4399664,40.3692803],[28.4399825,40.3693702],[28.4400094,40.3694642],[28.4401005,40.3695296],[28.440181,40.3696113],[28.4401005,40.3696808],[28.4399825,40.3696726],[28.4398806,40.3696317],[28.439768,40.3695991],[28.4396392,40.3695664],[28.4395212,40.3695664],[28.4393924,40.3695664],[28.4392691,40.3695909],[28.439135,40.3696277],[28.4390116,40.3696644],[28.4388775,40.3696808],[28.4387648,40.369644],[28.4386468,40.3696481],[28.4385288,40.3696604],[28.4384054,40.3696808],[28.4382713,40.3696767],[28.4381264,40.3696563],[28.4380031,40.3696481],[28.4378743,40.3696481],[28.4378046,40.3697176],[28.437767,40.3698157],[28.4377187,40.3699097],[28.4376061,40.3698974],[28.4374934,40.3698688],[28.4374613,40.369783],[28.4372467,40.3696604],[28.4371179,40.3696726],[28.4370106,40.3697053],[28.4369248,40.3697666],[28.4368658,40.3698484],[28.4368014,40.369926],[28.4367263,40.3699914],[28.436619,40.3700486],[28.4365064,40.3700895],[28.4363884,40.370114],[28.436265,40.370114],[28.4361523,40.3701263],[28.4360397,40.3701467],[28.4359163,40.3701753],[28.4357929,40.3701917],[28.4356803,40.3701998],[28.4355569,40.3701998],[28.4354228,40.370208],[28.4353048,40.3702244],[28.4351867,40.3702407],[28.4350258,40.3702612],[28.434881,40.3702898],[28.4347308,40.3703102],[28.434602,40.3703184],[28.434484,40.3703184],[28.4343713,40.3702938],[28.4344464,40.3702203],[28.4345323,40.3701467],[28.4346449,40.3700813],[28.4347629,40.3700405],[28.4348863,40.3700078],[28.4350151,40.3699832],[28.4351331,40.3699178],[28.4352565,40.3698647],[28.4353799,40.3698116],[28.435514,40.3697544],[28.4356427,40.3697135],[28.4357876,40.3696767],[28.4359163,40.3696563],[28.436045,40.3696563],[28.4361738,40.3696563],[28.4362757,40.3696072],[28.4361631,40.3694029],[28.436265,40.3693334],[28.4363884,40.3692966],[28.4364581,40.369219],[28.4363347,40.3692108],[28.4362221,40.3691699],[28.4361041,40.3691495],[28.435986,40.3691209],[28.4358519,40.3691045],[28.4357285,40.3690841],[28.4355998,40.3690841],[28.4354818,40.3690841],[28.4353638,40.3690841],[28.4352404,40.3690923],[28.4351116,40.3691004],[28.4349883,40.3691127],[28.4348541,40.3691209],[28.4347254,40.3691372],[28.434602,40.3691576],[28.434484,40.3691699],[28.434366,40.3691903],[28.4342319,40.369219],[28.4341031,40.3692394],[28.4339583,40.369268],[28.4338134,40.3692925],[28.433674,40.3693007],[28.4335399,40.3693007],[28.4333897,40.3693007],[28.433218,40.3693007],[28.4330624,40.3693007],[28.432939,40.3693007],[28.4328049,40.3693007],[28.4326762,40.3693007],[28.4324992,40.3693007],[28.4323651,40.3693007],[28.4322363,40.3692762],[28.4322792,40.3691863],[28.4323114,40.3690963],[28.4323436,40.3690023],[28.4323972,40.3689165],[28.432467,40.3688429],[28.4325635,40.3687857],[28.4327084,40.3687449],[28.4328532,40.3687244],[28.4329766,40.3686999],[28.4331161,40.3686876],[28.4332663,40.3686713],[28.4334165,40.368659],[28.4335506,40.3686508],[28.4337169,40.3686468],[28.4338725,40.3686304],[28.4340173,40.3686141],[28.4341407,40.3685936],[28.4342587,40.3685609],[28.4343821,40.3685241],[28.4345216,40.3684669],[28.4346396,40.3684342],[28.4347898,40.3684015],[28.4349078,40.3683729],[28.4350473,40.3683443],[28.435176,40.3683239],[28.4352887,40.3682871],[28.435412,40.3682217],[28.4355193,40.3681645],[28.4356266,40.3681236],[28.4357393,40.3680827],[28.435868,40.3680541],[28.4359914,40.3680337],[28.4361201,40.3680255],[28.4362489,40.368001],[28.4363615,40.367956],[28.4364366,40.3678784],[28.4364635,40.3677885],[28.436442,40.3676985],[28.436383,40.3676127],[28.4362811,40.3675718],[28.4361684,40.3675678],[28.4360504,40.3675514],[28.4359324,40.3675555],[28.4358197,40.3675759],[28.435691,40.3676045],[28.4355569,40.3676291],[28.4354389,40.3676332],[28.4346986,40.3676372],[28.4345752,40.3676536],[28.4344304,40.3676536],[28.4342802,40.3676536],[28.4341353,40.3676536],[28.4339905,40.3676577],[28.4338564,40.3676781],[28.4337276,40.3676945],[28.433615,40.3677149],[28.4334862,40.3677353],[28.4333682,40.3677558],[28.4332502,40.3677721],[28.4331214,40.3677885],[28.4329981,40.3678089],[28.43288,40.3678416],[28.4327674,40.3678825],[28.4326816,40.3679724],[28.4321237,40.3679765],[28.432011,40.3679846],[28.4318662,40.3679969],[28.4317642,40.368046],[28.4318232,40.3681277],[28.4319305,40.3682176],[28.4318662,40.3682994],[28.4317589,40.3683402],[28.4316677,40.3684056],[28.431555,40.3684301],[28.4314424,40.3684628],[28.431319,40.3684751],[28.4311742,40.3684669],[28.4310561,40.3684383],[28.4309381,40.3683729],[28.4308255,40.3683116],[28.4307128,40.3682707],[28.4305894,40.3682707],[28.4304714,40.3682789],[28.4303534,40.3682994],[28.4302354,40.3683198],[28.4300744,40.3683402],[28.4299564,40.3683566],[28.4297901,40.3683607],[28.4296507,40.3683607],[28.4295863,40.3682871],[28.4296775,40.3682217],[28.4297955,40.368189],[28.429935,40.3681563],[28.4301066,40.3681113],[28.4302139,40.3680623],[28.4300959,40.3680623],[28.4299833,40.3680623],[28.4298491,40.3680746],[28.4296775,40.3680991],[28.4295219,40.3680909],[28.4295326,40.368001],[28.4296346,40.3679438],[28.4297633,40.3679519],[28.4298867,40.3679601],[28.4300262,40.3679642],[28.4301603,40.3679601],[28.430289,40.3679438],[28.4304124,40.3678947],[28.430509,40.3678375],[28.4306216,40.3677639],[28.4307182,40.3676945],[28.4308523,40.3676372],[28.4309757,40.3675882],[28.4311044,40.3675882],[28.4312278,40.3675923],[28.4313512,40.367625],[28.4314799,40.367674],[28.431614,40.3677312],[28.4317428,40.3677476],[28.4318608,40.3677435],[28.4319735,40.3677108],[28.4319144,40.3676291],[28.4318125,40.3675759],[28.4317911,40.3674697],[28.431834,40.3673675],[28.4318662,40.3672735],[28.4318662,40.3671795],[28.431834,40.3670896],[28.4317589,40.3670201],[28.4316516,40.3669792],[28.4315228,40.3669629],[28.4313941,40.3669424],[28.4312439,40.366922],[28.4311312,40.3668729],[28.4310132,40.3668321],[28.4308952,40.3668157],[28.4307718,40.3668157],[28.430627,40.366828],[28.4305143,40.3668443],[28.4304017,40.3668688],[28.430289,40.3669138],[28.4301925,40.3669629],[28.4300798,40.3670119],[28.4299618,40.3670691],[28.4298545,40.36711],[28.4297419,40.3671468],[28.4296131,40.367204],[28.4294736,40.367253],[28.4293556,40.3672898],[28.4292322,40.367343],[28.4291196,40.3674084],[28.4291249,40.3675024],[28.4291464,40.3676005],[28.429141,40.3676904],[28.4290552,40.3677517],[28.4289318,40.3677517],[28.4287816,40.3677435],[28.4286582,40.3677312],[28.4285402,40.3677149],[28.4284061,40.3677067],[28.4282881,40.3676985],[28.4281486,40.3676822],[28.4280199,40.367674],[28.4278911,40.367674],[28.4277517,40.367674],[28.4276336,40.367674],[28.4274995,40.367674],[28.4273761,40.367674],[28.4272474,40.367674],[28.4271187,40.367674],[28.4269953,40.367674],[28.4268612,40.367674],[28.4267324,40.3676822],[28.4266144,40.3676863],[28.4264857,40.3676985],[28.4263623,40.3677149],[28.4262389,40.3677353],[28.4260994,40.3677558],[28.4259707,40.3677966],[28.425858,40.3678416],[28.4257454,40.3678947],[28.4256434,40.3679356],[28.4255469,40.3679887],[28.4254396,40.3680419],[28.4253591,40.3681236],[28.4253967,40.3682054],[28.4255147,40.3682217],[28.4256595,40.3682217],[28.4257936,40.3682217],[28.425917,40.3682217],[28.4260458,40.3682094],[28.4261799,40.3681931],[28.426314,40.3681767],[28.4264481,40.3681686],[28.426609,40.36814],[28.4267378,40.3681154],[28.4268612,40.3680868],[28.4269845,40.3680746],[28.4271187,40.3680419],[28.4272689,40.3680255],[28.4273976,40.3679928],[28.427521,40.3679765],[28.4276766,40.3679765],[28.4278053,40.3679765],[28.4279555,40.3680092],[28.427918,40.3681032],[28.4278053,40.36814],[28.4276926,40.3681767],[28.4275693,40.3682094],[28.4274512,40.3682258],[28.427285,40.3682462],[28.4271294,40.3682707],[28.4270006,40.3683075],[28.4268933,40.3683525],[28.4267324,40.3684015],[28.4266198,40.3684383],[28.4264964,40.3684751],[28.4263676,40.368516],[28.4262443,40.368565],[28.426137,40.3686059],[28.4260082,40.3686631],[28.4259063,40.3687081],[28.4257722,40.368753],[28.4254825,40.368986],[28.4253806,40.3690228],[28.4252304,40.3690514],[28.4250802,40.3690923],[28.4249461,40.3691168],[28.424812,40.3691454],[28.4246564,40.3691658],[28.4245384,40.3691822],[28.4244257,40.3691985],[28.4243184,40.3692312],[28.4242004,40.3692925],[28.4241092,40.369362],[28.4240127,40.3694397],[28.4239912,40.3695255],[28.4241092,40.3695255],[28.424238,40.3695173],[28.4243667,40.3694969],[28.4245008,40.3694683],[28.4246349,40.3694356],[28.4247851,40.3693865],[28.4249085,40.3693457],[28.4250319,40.369313],[28.4251714,40.3692843],[28.4253269,40.3692476],[28.4254503,40.3692271],[28.4256005,40.3692271],[28.4257454,40.3692353],[28.425799,40.3693293],[28.4257185,40.3693947],[28.4256273,40.3694519],[28.4255147,40.369505],[28.4253913,40.3695418],[28.4252733,40.3695745],[28.4251338,40.3696072],[28.424989,40.3696236],[28.424828,40.3696522],[28.4246671,40.369689],[28.4245008,40.3697258],[28.4243452,40.3697707],[28.4242326,40.3698034],[28.4241146,40.3698402],[28.4239912,40.3698851],[28.4238946,40.3699505],[28.4237981,40.3700159],[28.4236747,40.3700813],[28.4235513,40.3701508],[28.4234494,40.370208],[28.4233367,40.370253],[28.4231865,40.3703061],[28.4230685,40.3703633],[28.4229988,40.3704287],[28.4229451,40.3705227],[28.4229934,40.3706045],[28.4231222,40.3706331],[28.4232455,40.3706085],[28.4233797,40.3705881],[28.4235138,40.3705554],[28.4236425,40.3704941],[28.4237659,40.3704246],[28.4238946,40.3703715],[28.4240127,40.3703347],[28.4241414,40.3703061],[28.4243077,40.370302],[28.4244525,40.370302],[28.424592,40.370302],[28.425048,40.3701508],[28.4251767,40.3701508],[28.4253216,40.3701508],[28.4254503,40.3701508],[28.4255952,40.3701508],[28.4257346,40.3701385],[28.4258366,40.3701181],[28.4259599,40.3701181],[28.4260833,40.3701181],[28.4262067,40.3701181],[28.4263354,40.3701385],[28.4264427,40.3701794],[28.4265447,40.3702325],[28.4266198,40.370302],[28.4266627,40.3704001],[28.4266841,40.37049],[28.4267271,40.3705881],[28.4267914,40.3706944],[28.4268826,40.3707802],[28.4269953,40.3708333],[28.4271294,40.3708497],[28.4272635,40.3708497],[28.4274191,40.3708333],[28.4275639,40.370817],[28.4276873,40.3707598],[28.4276283,40.370678],[28.4275317,40.3706085],[28.4273976,40.3705391],[28.4272742,40.3704737],[28.4271347,40.3704165],[28.4270382,40.3703552],[28.4270596,40.3702612],[28.4271669,40.3702121],[28.4273064,40.3701794],[28.427462,40.3701426],[28.4275854,40.370114],[28.4277463,40.3700691],[28.4278911,40.3700323],[28.428036,40.3700118],[28.428154,40.3700078],[28.4283042,40.3699914],[28.4284329,40.3699914],[28.4285563,40.3700078],[28.4286797,40.3700323],[28.4288031,40.3700772],[28.4289157,40.3701467],[28.4290177,40.3702203],[28.4291732,40.3702325],[28.4292912,40.3702652],[28.4294146,40.3703102],[28.4295273,40.370347],[28.429656,40.370347],[28.4297848,40.3703306],[28.4299135,40.3703143],[28.4300369,40.3702979],[28.4301603,40.3702816],[28.4302837,40.3702734],[28.4304231,40.3702571],[28.4305465,40.3702489],[28.4306645,40.3702285],[28.4307986,40.3701917],[28.4309113,40.3701385],[28.4310186,40.3700813],[28.4311259,40.3700282],[28.4312332,40.3699751],[28.4313512,40.3699301],[28.4314853,40.3698729],[28.4315979,40.3698402],[28.431716,40.3698279],[28.4317589,40.3699178],[28.4317267,40.3700078],[28.4318072,40.3700854],[28.431952,40.370114],[28.4320754,40.3701181],[28.4322202,40.3701181],[28.4323382,40.3700895],[28.432467,40.3700527],[28.432585,40.37002],[28.432703,40.3699914],[28.432821,40.3699546],[28.4329498,40.3699138],[28.4330732,40.3698729],[28.4331965,40.3698157],[28.4333306,40.3697707],[28.4334433,40.3697217],[28.4335506,40.3696808],[28.4336954,40.369644],[28.4338081,40.3696113],[28.4339476,40.3695909],[28.4341031,40.3695909],[28.434248,40.3696358],[28.4341782,40.3697094],[28.4341729,40.3697952],[28.4341407,40.3698811],[28.4340388,40.3699342],[28.4339315,40.3699751],[28.4338188,40.3700323],[28.4337598,40.3701099],[28.4336632,40.3701794],[28.4335774,40.3702489],[28.4334648,40.3703306],[28.4334004,40.3704124],[28.4334862,40.3704818],[28.4335828,40.3705391],[28.4337115,40.3706004],[28.4338242,40.3706412],[28.4339476,40.3706944],[28.4340709,40.3707679],[28.4340012,40.3708415],[28.4338832,40.3708865],[28.4337652,40.3708701],[28.4336579,40.3708252],[28.4335452,40.3707884],[28.4334487,40.3707189],[28.4333521,40.3706412],[28.4332341,40.3706085],[28.4331053,40.3706249],[28.4329873,40.3706249],[28.4328318,40.3706249],[28.4326708,40.3706249],[28.4325528,40.3706004],[28.4324348,40.370535],[28.4323114,40.3705145],[28.4321773,40.3705268],[28.43207,40.3705963],[28.431952,40.3706412],[28.4318501,40.3706821],[28.4317803,40.3707557],[28.4317428,40.3708701],[28.4316838,40.3709478],[28.431555,40.3709682],[28.4314316,40.3709519],[28.4313136,40.3709192],[28.431201,40.3709519],[28.4311902,40.3710418],[28.4311849,40.3711317],[28.430922,40.3712788],[28.4307986,40.3712461],[28.4307504,40.3711603],[28.4307182,40.3710663],[28.4306055,40.3710132],[28.4304821,40.3710254],[28.4303802,40.3710663],[28.4303319,40.3711521],[28.4303534,40.3712461],[28.4304178,40.3713279],[28.4304392,40.3714178],[28.4303802,40.3714954],[28.4302568,40.3715526],[28.4301388,40.3715363],[28.4300101,40.371524],[28.4298813,40.371524],[28.4297579,40.3715281],[28.4296453,40.3715526],[28.4295273,40.3715935],[28.42942,40.3716221],[28.429302,40.3716344],[28.4291732,40.3716262],[28.4290659,40.3715894],[28.4289586,40.3715363],[28.4288406,40.3715118],[28.4287012,40.3715118],[28.42861,40.371569],[28.4285563,40.3716548],[28.4285241,40.3717406],[28.4284866,40.3718224],[28.4284437,40.3719041],[28.4284007,40.3719899],[28.4283042,40.372039],[28.4280091,40.3721085],[28.4278911,40.3721044],[28.4277838,40.3720717],[28.4276926,40.3720104],[28.42758,40.3719695],[28.4274512,40.3719409],[28.4273118,40.3719123],[28.4271777,40.3719123],[28.4270328,40.3719123],[28.4269148,40.3719205],[28.4267968,40.3719491],[28.4266841,40.3719858],[28.4265554,40.3720022],[28.4264052,40.3720185],[28.4262603,40.3720512],[28.4261477,40.3720921],[28.4260833,40.3721698],[28.4260565,40.3722638],[28.4260243,40.3723537],[28.4259707,40.3724599],[28.4258848,40.3725376],[28.4257615,40.3725417],[28.4252196,40.3726684],[28.4251016,40.372697],[28.4249729,40.3727174],[28.4248549,40.3727256],[28.4247154,40.3727419],[28.4246081,40.3727787],[28.4245169,40.37284],[28.4243935,40.3728441],[28.424238,40.3728441],[28.4241092,40.3728441],[28.4239697,40.3728482],[28.4238464,40.3728604],[28.4237283,40.3728809],[28.4236425,40.3729463],[28.4235835,40.3730239],[28.4234977,40.3730934],[28.4233689,40.3731547],[28.4232295,40.3731751],[28.4231061,40.3732037],[28.4229934,40.373216],[28.4228486,40.373261],[28.4228754,40.3733468],[28.4229827,40.3733876],[28.4231061,40.3734285],[28.4232455,40.3734735],[28.4232348,40.3735634],[28.4231275,40.3736288],[28.4230095,40.3736696],[28.42287,40.3736982],[28.4227413,40.3737432],[28.4225482,40.3737268],[28.4224248,40.3737268],[28.4222853,40.3737105],[28.422178,40.3736778],[28.4220815,40.3736124],[28.4219634,40.3735552],[28.4218508,40.3735961],[28.4218079,40.3736942],[28.4217703,40.3737922],[28.4217328,40.373874],[28.4216684,40.3739516],[28.4216362,40.3740538],[28.4216416,40.3741478],[28.421663,40.3742377],[28.4216577,40.3743317],[28.4216309,40.3744216],[28.4215289,40.3744666],[28.4214216,40.3745033],[28.4213197,40.3745524],[28.4212232,40.3746014],[28.4211641,40.3746872],[28.4212071,40.3747731],[28.4213197,40.3748262],[28.4214431,40.3748221],[28.4215879,40.3748017],[28.421706,40.3747812],[28.4218401,40.374769],[28.4219795,40.3747567],[28.4220815,40.3748221],[28.4220922,40.3749161],[28.4220225,40.375006],[28.4218991,40.3750183],[28.4218132,40.3750837],[28.4218186,40.3751736],[28.4217381,40.375243],[28.421604,40.3752716],[28.421486,40.3752676],[28.4213626,40.3752349],[28.4212393,40.3751981],[28.4211105,40.3751572],[28.4209925,40.3751204],[28.4208745,40.3750877],[28.4207672,40.3750387],[28.4206653,40.3749815],[28.4205848,40.3749038],[28.4205097,40.3748221],[28.4204239,40.3747526],[28.4203273,40.3746872],[28.42022,40.37463],[28.4201449,40.3745606],[28.4200805,40.374487],[28.4200215,40.3744053],[28.4199572,40.3743153],[28.4198391,40.3742949],[28.4197104,40.3742663],[28.4195816,40.3742377],[28.4194314,40.3742009],[28.4193242,40.3741723],[28.41919,40.3741355],[28.4190613,40.3740947],[28.4189379,40.3741151],[28.4188092,40.3741151],[28.418659,40.3741151],[28.4185141,40.3741355],[28.4186375,40.3741396],[28.4187823,40.374156],[28.4189165,40.3741682],[28.4190398,40.374205],[28.4191632,40.37425],[28.4192812,40.3742663],[28.4194046,40.3742949],[28.4194207,40.3743848],[28.4193456,40.3744625],[28.419233,40.374487],[28.4191096,40.3744993],[28.4190291,40.3745728],[28.4190881,40.3746668],[28.4191471,40.3747485],[28.4192115,40.3748262],[28.4192973,40.3748957],[28.4193832,40.3749611],[28.4193939,40.375055],[28.4193724,40.375145],[28.4193456,40.375239],[28.4192759,40.3753084],[28.41919,40.3753902],[28.4191096,40.3754678],[28.4190613,40.3755495],[28.4190345,40.3756435],[28.4190237,40.3757702],[28.4190559,40.3756762],[28.4191096,40.3755822],[28.4192491,40.3755781],[28.419351,40.3755168],[28.41941,40.375431],[28.4194261,40.375337],[28.4194583,40.375239],[28.4195334,40.3751531],[28.4196138,40.3750755],[28.4197372,40.3750714],[28.4197801,40.3751572],[28.419823,40.3752512],[28.4199518,40.3752676],[28.4200484,40.3752063],[28.420161,40.3751531],[28.4202522,40.3750796],[28.4203809,40.3750959],[28.420499,40.3751327],[28.4206116,40.3751695],[28.4207082,40.3752185],[28.420735,40.3753084],[28.4207135,40.3754024],[28.4206009,40.3754351],[28.4204775,40.3754678],[28.4203488,40.3754842],[28.4202254,40.3755128],[28.4201127,40.3755536],[28.4200001,40.3756149],[28.4199089,40.3756721],[28.4199035,40.375762],[28.4199518,40.3758601],[28.4200323,40.37595],[28.4201556,40.3759909],[28.4202844,40.3759623],[28.4203702,40.3758928],[28.4204668,40.3758233],[28.4205419,40.3757457],[28.4206063,40.375664],[28.4206814,40.37557],[28.4208155,40.3755986],[28.4208798,40.3756967],[28.420971,40.3757661],[28.4210998,40.3758152],[28.4212285,40.3758152],[28.4213573,40.3757907],[28.4215718,40.3758806],[28.4216523,40.3759582],[28.4216416,40.3760522],[28.4215772,40.3761298],[28.4213787,40.3762647],[28.4212875,40.3763301],[28.4211749,40.3763628],[28.4210783,40.3764159],[28.420971,40.376469],[28.4208637,40.3765385],[28.4208798,40.3766366],[28.4209496,40.3767183],[28.4210086,40.3768123],[28.4210086,40.3769104],[28.420971,40.3770044],[28.4208637,40.377033],[28.420735,40.377033],[28.4206063,40.377033],[28.4204829,40.3770412],[28.4203649,40.3770739],[28.4204507,40.3771392],[28.4205365,40.3772169],[28.4206331,40.3772904],[28.4207511,40.3772537],[28.4208691,40.3772864],[28.4209871,40.3773191],[28.4210515,40.3774008],[28.42103,40.3774907],[28.4209764,40.3775724],[28.4209067,40.3776501],[28.4208691,40.3777604],[28.4208745,40.3778748],[28.4209067,40.3779729],[28.4208798,40.3780628],[28.4208262,40.3781445],[28.4207511,40.3782181],[28.4206706,40.3782917],[28.4207833,40.3783039],[28.4209228,40.3782835],[28.4210515,40.3782753],[28.4211641,40.3783039],[28.4212553,40.3783652],[28.4213626,40.3784143],[28.4214753,40.3784469],[28.4215987,40.3784633],[28.421722,40.378451],[28.421765,40.3783611],[28.4218401,40.3782835],[28.4219634,40.3782549],[28.4220707,40.3781977],[28.4221297,40.3781159],[28.4221995,40.3780465],[28.4222907,40.3779811],[28.4224033,40.3779361],[28.4225213,40.3779688],[28.4226233,40.3780179],[28.4226555,40.3781118],[28.4227037,40.3781977],[28.4227949,40.3782712],[28.4229129,40.3783243],[28.4230256,40.3783407],[28.423149,40.3783897],[28.4232455,40.3784592],[28.4232724,40.3785532],[28.4232134,40.3786349],[28.4231168,40.3786962],[28.4231865,40.378778],[28.4232992,40.3788188],[28.4234011,40.3788679],[28.4234226,40.3789618],[28.4232885,40.3789904],[28.4231651,40.3789945],[28.4230417,40.3789496],[28.4229451,40.3789005],[28.4228486,40.3788433],[28.422752,40.3787698],[28.4226662,40.3787003],[28.4225428,40.3786472],[28.4224248,40.378639],[28.4222799,40.3786554],[28.4221566,40.3787167],[28.4220385,40.378778],[28.4219795,40.3788679],[28.4218776,40.3789292],[28.4217596,40.3789659],[28.4216416,40.3789823],[28.4215236,40.3789986],[28.4213895,40.3789986],[28.4213304,40.3789169],[28.4212768,40.3788352],[28.4211963,40.3787657],[28.421073,40.3787453],[28.420912,40.3787739],[28.420794,40.3788025],[28.4206974,40.3788597],[28.420676,40.3789496],[28.420676,40.3790477],[28.4206331,40.3791416],[28.4205151,40.3791948],[28.420397,40.3792275],[28.4202683,40.3792275],[28.4201771,40.3791703],[28.4201395,40.3790804],[28.4200805,40.3789945],[28.4199572,40.3790272],[28.4198767,40.3791212],[28.4198123,40.3792029],[28.4197801,40.379301],[28.4197801,40.379395],[28.4197962,40.379489],[28.4197587,40.3795871],[28.4199679,40.3795258],[28.4200913,40.3794972],[28.4202039,40.3794604],[28.4203166,40.3794318],[28.4204346,40.37944],[28.4204829,40.3795258],[28.420456,40.3796361],[28.4204131,40.3797383],[28.4203917,40.3798323],[28.4204239,40.3799303],[28.4204346,40.3801142],[28.4204024,40.3802041],[28.4203756,40.3802981],[28.4202844,40.3803676],[28.4202254,40.3804534],[28.420279,40.3805351],[28.4203863,40.3805801],[28.420499,40.3806128],[28.420617,40.3806168],[28.420735,40.3806209],[28.420853,40.3806332],[28.420971,40.3806618],[28.4210139,40.3807558],[28.4209067,40.3808171],[28.4207725,40.3808212],[28.4206545,40.3808089],[28.4205258,40.3808457],[28.4204346,40.3809029],[28.4203488,40.3809724],[28.4203649,40.3810704],[28.4204346,40.3811399],[28.4205258,40.3812012],[28.4206063,40.3811399],[28.420676,40.3810704],[28.4207672,40.3810132],[28.4208852,40.3809601],[28.4210032,40.3809315],[28.421309,40.3807231],[28.4212768,40.3808171],[28.4212768,40.3809029],[28.4212822,40.381001],[28.4212983,40.381099],[28.4213197,40.3811889],[28.4213304,40.3812788],[28.4213036,40.3813728],[28.4212393,40.3814464],[28.4212446,40.3815363],[28.421309,40.381618],[28.421427,40.3815976],[28.4214485,40.3815077],[28.4215343,40.3814341],[28.4216469,40.381475],[28.421663,40.381569],[28.4216416,40.3816916],[28.4216523,40.3817815],[28.4216577,40.3818754],[28.4216148,40.3819613],[28.4215772,40.3820593],[28.4215772,40.3821615],[28.4216309,40.3822555],[28.4217596,40.3823004],[28.4218615,40.3823454],[28.4219527,40.3824189],[28.4220117,40.3825006],[28.4219795,40.3825946],[28.4219044,40.3826804],[28.4218508,40.3827622],[28.421824,40.3828562],[28.4217757,40.382946],[28.4217811,40.3830441],[28.4218347,40.3831381],[28.421883,40.3832321],[28.421883,40.3833261],[28.421765,40.3833424],[28.4216577,40.383277],[28.4215987,40.3831912],[28.4215289,40.3831095],[28.4214807,40.3830237],[28.4214807,40.3829379],[28.421486,40.3828521],[28.4214914,40.3827581],[28.4214914,40.3826641],[28.4214055,40.3825946],[28.4212822,40.3825865],[28.4211641,40.3825865],[28.4210408,40.3825456],[28.4209335,40.3824966],[28.4208155,40.382468],[28.4206814,40.3824966],[28.4205741,40.3825456],[28.4205365,40.3826314],[28.4206438,40.3826804],[28.4207672,40.3826927],[28.4208798,40.3827254],[28.4208208,40.3828112],[28.4207404,40.3828807],[28.4207511,40.3829706],[28.4207994,40.3830645],[28.4208208,40.3831544],[28.4206974,40.3831544],[28.4205848,40.3831054],[28.4204936,40.3830237],[28.4203702,40.3829869],[28.4202415,40.3829706],[28.4201181,40.3829747],[28.4200162,40.3830319],[28.4199196,40.382946],[28.4198445,40.3828725],[28.4197855,40.3827826],[28.4196943,40.3827213],[28.4195602,40.3826968],[28.4194207,40.3826968],[28.419292,40.382709],[28.419174,40.3827254],[28.4190667,40.3827826],[28.4189755,40.3828521],[28.4188789,40.3829501],[28.4187823,40.3830155],[28.4186643,40.3830441],[28.4185678,40.3829869],[28.4185141,40.3830727],[28.4184283,40.3831585],[28.4183049,40.3831708],[28.4181869,40.3831831],[28.4182996,40.3833792],[28.4182781,40.3834773],[28.4183425,40.3835549],[28.4184605,40.3835712],[28.4185785,40.3835917],[28.4185946,40.3836897],[28.4186321,40.3837796],[28.4187287,40.383845],[28.4188038,40.3839145],[28.4188789,40.3839839],[28.4190023,40.3839553],[28.4191149,40.3839227],[28.419233,40.3839145],[28.419351,40.38389],[28.4194636,40.3838614],[28.419587,40.3838491],[28.419705,40.3838368],[28.4200162,40.3838736],[28.4201556,40.3839022],[28.4202951,40.3839227],[28.4204185,40.3839145],[28.4205311,40.3838859],[28.4206545,40.3838859],[28.4207725,40.3838859],[28.4208959,40.3839022],[28.4210247,40.3839227],[28.4211481,40.383939],[28.4212661,40.383939],[28.4213787,40.3839553],[28.4214807,40.3840166],[28.4215504,40.3841024],[28.4216148,40.3841842],[28.421722,40.3842209],[28.4218401,40.384225],[28.4222048,40.3841515],[28.4223121,40.3841106],[28.4224516,40.3841229],[28.4225696,40.3841597],[28.4226984,40.3841883],[28.4228218,40.3842128],[28.4229398,40.3841964],[28.4230202,40.3841188],[28.4229559,40.3840452],[28.4228378,40.3840248],[28.4227091,40.384033],[28.422575,40.3840003],[28.4225106,40.3839186],[28.422398,40.3838736],[28.4222853,40.3839186],[28.4221673,40.3839513],[28.4220332,40.3839349],[28.4220546,40.3838368],[28.4220922,40.383751],[28.4221405,40.3836611],[28.4220761,40.3835753],[28.4221673,40.3835099],[28.4222692,40.3834609],[28.4223551,40.3834037],[28.4224302,40.3834773],[28.4225374,40.3835345],[28.4226716,40.3835672],[28.4227949,40.3835386],[28.422811,40.3836489],[28.4228486,40.3837429],[28.4229451,40.3838042],[28.4230417,40.3838614],[28.4231597,40.3839145],[28.4232724,40.3839553],[28.4233957,40.3839839],[28.4235245,40.3840003],[28.4236425,40.3840085],[28.4237605,40.3839921],[28.4238839,40.3839839],[28.4240019,40.3839594],[28.4241199,40.3839553],[28.4242326,40.3839839],[28.4243399,40.3839472],[28.4243613,40.3838532],[28.4243399,40.3837633],[28.424415,40.3836775],[28.4245223,40.3836366],[28.4245545,40.3835426],[28.4245115,40.3834446],[28.4244847,40.3833506],[28.4245652,40.3832811],[28.4246618,40.3832198],[28.424769,40.3831871],[28.4248924,40.3832607],[28.4250051,40.3832893],[28.4251177,40.3833138],[28.4252304,40.3833465],[28.4253323,40.3834037],[28.425445,40.3834405],[28.4255093,40.3835263],[28.4256005,40.3835917],[28.4257293,40.3836121],[28.425858,40.3836203],[28.4259546,40.3836734],[28.4260404,40.3837306],[28.4261531,40.3837347],[28.4262228,40.3836652],[28.4264803,40.3836611],[28.4265929,40.3836693],[28.4267163,40.3836407],[28.4268773,40.3836489],[28.427006,40.3836775],[28.4271347,40.3836775],[28.4272528,40.3836857],[28.4272903,40.3837837],[28.4272528,40.3838736],[28.4271401,40.3839104],[28.4270006,40.3839431],[28.4268719,40.3839676],[28.4267592,40.3839962],[28.4266359,40.3840003],[28.4265125,40.3840003],[28.4263945,40.3840044],[28.426255,40.3840534],[28.4260994,40.384082],[28.425976,40.3841024],[28.4258473,40.3841188],[28.4257185,40.384131],[28.4255898,40.3841433],[28.425461,40.3841433],[28.4253269,40.3841433],[28.4252036,40.3841678],[28.4250802,40.384176],[28.4249461,40.3841923],[28.4248227,40.3842087],[28.4246886,40.3842373],[28.4245706,40.3842577],[28.4244472,40.3842782],[28.4243238,40.3842904],[28.4242058,40.384319],[28.4241468,40.3844007],[28.4242594,40.3844253],[28.4243828,40.3844253],[28.4245008,40.3844416],[28.4246188,40.3844457],[28.4247369,40.3844661],[28.4246832,40.3845478],[28.4245652,40.3845764],[28.4244311,40.3845928],[28.4243184,40.3846377],[28.4242326,40.3847113],[28.4241092,40.3847235],[28.4239805,40.3847235],[28.423841,40.3847235],[28.423723,40.3847195],[28.4235996,40.384744],[28.4234816,40.3848053],[28.4233689,40.384838],[28.4232348,40.384838],[28.4231114,40.384838],[28.422972,40.3848339],[28.4228539,40.384838],[28.4227627,40.3849033],[28.422634,40.3849278],[28.4225053,40.3849401],[28.4223819,40.3849524],[28.4222585,40.3849687],[28.4221297,40.3849605],[28.422001,40.3849891],[28.421883,40.3850014],[28.4217542,40.3850096],[28.4216309,40.3850137],[28.4215075,40.3850259],[28.4213841,40.3850423],[28.42125,40.3850423],[28.4211266,40.3850423],[28.4210086,40.3850504],[28.4208798,40.3850668],[28.4207618,40.3850954],[28.4207135,40.3851853],[28.4205902,40.3852139],[28.4204721,40.3852302],[28.4203488,40.3852425],[28.42022,40.385222],[28.4201288,40.3851608],[28.4200269,40.3851076],[28.4198928,40.3850954],[28.419764,40.3850954],[28.4196353,40.3851158],[28.4195119,40.3851403],[28.4193885,40.3851567],[28.4192759,40.3852057],[28.4192437,40.3853079],[28.41919,40.3853978],[28.4190345,40.3854223],[28.4189111,40.3854345],[28.418777,40.3854468],[28.4186536,40.385459],[28.4185302,40.3854754],[28.4183907,40.3854836],[28.4182566,40.3854713],[28.4181547,40.3854264],[28.4180635,40.3853691],[28.4180421,40.3852752],[28.4179777,40.3851975],[28.4178758,40.3851485],[28.4177417,40.3851485],[28.417629,40.3851975],[28.4175324,40.3852547],[28.4174305,40.3853038],[28.4173179,40.3853405],[28.4171945,40.3853814],[28.4170711,40.3854141],[28.4169424,40.3854427],[28.4168082,40.3854754],[28.4166849,40.3854999],[28.4165454,40.3855122],[28.4164166,40.3855285],[28.4160572,40.3855285],[28.4159338,40.3854999],[28.4157944,40.3854999],[28.4156603,40.3854999],[28.4155369,40.3854958],[28.4154081,40.3854672],[28.4153223,40.3854059],[28.4151936,40.3854059],[28.4150702,40.385455],[28.4149522,40.3854836],[28.4148127,40.3854876],[28.4146893,40.3854795],[28.4145713,40.3854509],[28.414464,40.385504],[28.4143352,40.3855162],[28.4142172,40.3855285],[28.4140992,40.3855653],[28.4141153,40.3856593],[28.414228,40.3856674],[28.414346,40.3856593],[28.4144962,40.3856593],[28.4146249,40.3856593],[28.4147429,40.3856511],[28.4148824,40.3856429],[28.4150112,40.3856225],[28.4151238,40.3856021],[28.4152418,40.385598],[28.4153759,40.385598],[28.4155047,40.3856061],[28.4156281,40.3856266],[28.4157515,40.3856388],[28.4158695,40.3856552],[28.4159875,40.3856674],[28.4161162,40.3856919],[28.4162342,40.3857001],[28.4163523,40.3857083],[28.4164917,40.3857246],[28.4166312,40.3857287],[28.4167546,40.3857451],[28.4168673,40.3857492],[28.4169853,40.3857655],[28.4172267,40.3856797],[28.4173608,40.3856797],[28.4175003,40.3856633],[28.4176236,40.3856552],[28.417747,40.3856429],[28.4178919,40.3856266],[28.4180152,40.3856266],[28.4181386,40.3856266],[28.4182727,40.3856266],[28.4183907,40.3856225],[28.4185195,40.3856225],[28.4186375,40.3856266],[28.4187609,40.3856266],[28.419174,40.3856102],[28.4193242,40.3856102],[28.4194529,40.3855939],[28.419528,40.3855285],[28.4196192,40.3854672],[28.4197372,40.3854304],[28.4198713,40.3854141],[28.4199893,40.38541],[28.4201074,40.38541],[28.4202307,40.3854018],[28.420499,40.3854304],[28.4206223,40.3854182],[28.4207511,40.38541],[28.4208745,40.38541],[28.4209925,40.38541],[28.4211159,40.3854427],[28.4214055,40.385459],[28.4215236,40.385459],[28.4216577,40.3854345],[28.4217757,40.38541],[28.4218937,40.3853732],[28.4220171,40.3853528],[28.4221512,40.3853528],[28.4222799,40.3853528],[28.422398,40.3853528],[28.422516,40.3853324],[28.422634,40.3853038],[28.4227574,40.3852956],[28.4228915,40.3852874],[28.4230202,40.3852915],[28.423149,40.3853119],[28.4232724,40.3853528],[28.4233743,40.3854059],[28.4232724,40.3854999],[28.4231436,40.3855203],[28.4229988,40.3855367],[28.4228647,40.3855489],[28.4227359,40.3855489],[28.4226018,40.3855489],[28.4224355,40.3855408],[28.4222799,40.3855408],[28.4221512,40.3855408],[28.4220225,40.3855735],[28.4218991,40.385598],[28.4217757,40.3856143],[28.4216469,40.3856307],[28.4215182,40.3856511],[28.4214646,40.3857328],[28.421368,40.3858023],[28.4212339,40.3858023],[28.4211051,40.3857778],[28.4210032,40.3857287],[28.4209067,40.3856593],[28.4207779,40.385647],[28.4206384,40.3856429],[28.4205204,40.3856756],[28.4204721,40.3857655],[28.4204775,40.3858595],[28.42044,40.3859453],[28.4203219,40.3859698],[28.4201771,40.3859698],[28.4200537,40.3859535],[28.4199196,40.3859412],[28.4197909,40.3859371],[28.4196675,40.3859412],[28.4195495,40.3859535],[28.4194368,40.3859085],[28.4193993,40.3858268],[28.4193027,40.3857696],[28.4191418,40.3857778],[28.4190077,40.3857982],[28.4188896,40.3858186],[28.4187663,40.3858309],[28.4187287,40.3859249],[28.4187287,40.386027],[28.4186375,40.3860965],[28.4185034,40.3860924],[28.4183961,40.386027],[28.4181815,40.3859943],[28.4180367,40.3859821],[28.4179079,40.3859821],[28.4178704,40.3860801],[28.4178275,40.3861741],[28.4176934,40.3861578],[28.4175754,40.3861046],[28.4174681,40.3860474],[28.41735,40.3859984],[28.417232,40.3859821],[28.4171355,40.3860393],[28.4170282,40.3861046],[28.4168994,40.3861373],[28.41676,40.3861373],[28.4166419,40.3861414],[28.4165132,40.3861414],[28.4163845,40.3861537],[28.4162557,40.3861823],[28.416127,40.3861864],[28.4159875,40.3861864],[28.4158695,40.3861578],[28.4157568,40.386121],[28.4156495,40.3860842],[28.4155261,40.3860474],[28.4154081,40.3860474],[28.4152847,40.3860474],[28.4151453,40.3860638],[28.4150326,40.3861087],[28.4149092,40.3861292],[28.4147751,40.3861292],[28.4146249,40.3861292],[28.4144854,40.3861128],[28.4143674,40.3860801],[28.4142494,40.3860556],[28.4141207,40.3860311],[28.4139919,40.3860229],[28.4138846,40.386072],[28.413949,40.3861496],[28.4140831,40.38617],[28.4142119,40.3861864],[28.4143352,40.3862027],[28.4142923,40.3862885],[28.4142226,40.3863702],[28.4141207,40.3864234],[28.4139973,40.3864397],[28.4138739,40.3864479],[28.4137505,40.3864193],[28.413713,40.3863294],[28.413595,40.3863416],[28.4134769,40.3863825],[28.4134448,40.3864724],[28.4133482,40.3865337],[28.4132302,40.3865255],[28.4131068,40.3865092],[28.4130049,40.3865664],[28.4131229,40.3865909],[28.4132409,40.3865786],[28.4132677,40.3866685],[28.4131551,40.3867175],[28.4130317,40.3867625],[28.412919,40.3868156],[28.412801,40.3868483],[28.412683,40.386881],[28.4125489,40.3868851],[28.4124416,40.3869341],[28.412345,40.3870036],[28.4122109,40.387024],[28.4120822,40.3870199],[28.4119588,40.3869872],[28.4118515,40.3869423],[28.4117871,40.3868646],[28.4118569,40.386787],[28.411932,40.3867175],[28.4119642,40.3866767],[28.411814,40.3866767],[28.4116852,40.3866767],[28.4115511,40.3866889],[28.4114277,40.3867298],[28.4112936,40.3867502],[28.4111541,40.3867584],[28.4110308,40.3867748],[28.4109342,40.386832],[28.410843,40.3868973],[28.4107786,40.3869831],[28.4106874,40.3870485],[28.4105426,40.3870812],[28.4104246,40.3871016],[28.4102905,40.3871261],[28.4101564,40.3871507],[28.4100598,40.3872079],[28.4100383,40.3872978],[28.4101349,40.3873713],[28.4102368,40.3874163],[28.4103548,40.3874285],[28.4104943,40.3874285],[28.4106231,40.3874326],[28.4107572,40.3874408],[28.4108806,40.3874203],[28.4109932,40.3873876],[28.4111381,40.3873386],[28.4112561,40.3873182],[28.4113795,40.3873018],[28.4114975,40.3872732],[28.4116262,40.3872569],[28.4117657,40.3872446],[28.4118837,40.3872365],[28.4119964,40.3872242],[28.4121519,40.3871997],[28.4122807,40.3871793],[28.4123987,40.3871629],[28.4125221,40.3871425],[28.4126401,40.3871261],[28.4127527,40.3871016],[28.4128654,40.3870894],[28.4138739,40.3870567],[28.4140992,40.3869913],[28.414346,40.3869586],[28.4145927,40.3869586],[28.4148288,40.3869341],[28.4150648,40.3868769],[28.4153008,40.3868197],[28.4155261,40.3867707],[28.4157622,40.3867298],[28.4160197,40.3866808],[28.4162664,40.3866644],[28.4165025,40.3866236],[28.4167492,40.3866236],[28.4169853,40.3866236],[28.4172213,40.3866236],[28.4174359,40.3865745],[28.4176719,40.3865419],[28.4179079,40.3865173],[28.4179723,40.3866971],[28.4178972,40.3868606],[28.4178221,40.387024],[28.4178007,40.3872038],[28.4178007,40.3873999],[28.4176397,40.3875388],[28.4177363,40.3877104],[28.4177363,40.3878902],[28.4178543,40.3880537],[28.4181118,40.3881027],[28.4182942,40.3878534],[28.4184122,40.3878453],[28.4185356,40.3878167],[28.4186482,40.3877636],[28.4187609,40.3877309],[28.4188789,40.3877064],[28.4190077,40.3877145],[28.4191257,40.3876982],[28.4192437,40.3876696],[28.419351,40.3876287],[28.4194851,40.3876287],[28.4196085,40.3876369],[28.4197319,40.3876573],[28.4198499,40.3876737],[28.4199732,40.3876737],[28.4200966,40.3876614],[28.42022,40.3876532],[28.4202146,40.3877431],[28.4203327,40.3877513],[28.420456,40.3877186],[28.4205741,40.3877023],[28.4207028,40.3877023],[28.4208208,40.3876614],[28.4209067,40.3875879],[28.4210247,40.3875797],[28.4211481,40.3876001],[28.42125,40.3876369],[28.421368,40.3876737],[28.421486,40.3876655],[28.421604,40.3876369],[28.421722,40.3876083],[28.4218401,40.3875838],[28.4219581,40.387547],[28.422001,40.3874571],[28.4220976,40.3873999],[28.4222156,40.3874244],[28.4222692,40.3875061],[28.4223819,40.3874775],[28.4224999,40.3874326],[28.4226233,40.3874203],[28.4227574,40.3873999],[28.4228754,40.3873795],[28.4229451,40.3874326],[28.423031,40.3875021],[28.4230792,40.387596],[28.423149,40.3876696],[28.4232563,40.3876246],[28.4233046,40.3875388],[28.4233957,40.3874735],[28.4235084,40.3874367],[28.4234655,40.3873509],[28.4233797,40.3872855],[28.423444,40.3871997],[28.4235191,40.387118],[28.4235889,40.3870403],[28.4236854,40.3869791],[28.4238088,40.386975],[28.4239268,40.3870036],[28.4240448,40.3870281],[28.4241682,40.3870322],[28.424297,40.3870077],[28.4244096,40.3869586],[28.4245223,40.3869178],[28.4246457,40.386881],[28.424769,40.3868606],[28.4248924,40.3868442],[28.4250158,40.3868238],[28.4251392,40.3867788],[28.4253645,40.3867625],[28.4254825,40.3867829],[28.4256059,40.3868074],[28.4257293,40.3868156],[28.4258473,40.3868197],[28.4259814,40.3868197],[28.4261048,40.3867952],[28.426196,40.3867298],[28.4263247,40.3867012],[28.4264481,40.3866971],[28.4265715,40.386693],[28.4267056,40.386693],[28.4268343,40.3866889],[28.4269524,40.3866644],[28.4270704,40.3866399],[28.4271991,40.3866277],[28.4273225,40.3866113],[28.4274191,40.38655],[28.4275317,40.3865092],[28.4276551,40.3864846],[28.4277892,40.3864642],[28.4279126,40.3864438],[28.4280413,40.3864438],[28.4281594,40.3864356],[28.4282827,40.3864274],[28.4284007,40.3864111],[28.4285134,40.3863784],[28.4285778,40.386452],[28.4285724,40.3865418],[28.4285617,40.3866317],[28.4286851,40.3866236],[28.428787,40.3866726],[28.4288299,40.3867625],[28.4288192,40.3868483],[28.4288031,40.3869382],[28.4287977,40.3870363],[28.4288192,40.3871221],[28.4288299,40.387212],[28.4289479,40.3872283],[28.4290552,40.3871793],[28.4291518,40.3871261],[28.4292698,40.3870853],[28.4293985,40.3870853],[28.4295273,40.3871016],[28.4296346,40.3870608],[28.4297365,40.3870077],[28.4298277,40.3869464],[28.4299189,40.3868851],[28.4300369,40.3868483],[28.4301495,40.3868074],[28.4302676,40.3867829],[28.4303856,40.3867502],[28.4304661,40.3866808],[28.4305894,40.3866563],[28.4307021,40.3866236],[28.4308147,40.3865909],[28.4309006,40.3865173],[28.4309757,40.3864356],[28.4311044,40.3864397],[28.4312224,40.386456],[28.4312868,40.3863743],[28.4313619,40.3863008],[28.4314585,40.3862477],[28.4315818,40.3862477],[28.4316999,40.3862558],[28.431775,40.3861782],[28.431657,40.3861496],[28.4315336,40.3861496],[28.4314102,40.3861496],[28.4312868,40.3861659],[28.4311634,40.3861782],[28.43104,40.3861986],[28.4309167,40.3862231],[28.4307986,40.3862272],[28.4306753,40.386215],[28.4305894,40.3861537],[28.4306806,40.3860842],[28.4307986,40.3860679],[28.4309274,40.3860515],[28.4310508,40.3860393],[28.4311795,40.386027],[28.4312975,40.3860066],[28.4314156,40.3859902],[28.4315336,40.3859739],[28.431657,40.3859535],[28.4317911,40.3859494],[28.4319305,40.3859494],[28.4320593,40.3859494],[28.432188,40.3859575],[28.432306,40.3859698],[28.4324348,40.3859698],[28.4325635,40.3859535],[28.4326494,40.385884],[28.4326708,40.3857941],[28.4327728,40.385741],[28.4328854,40.385696],[28.4330034,40.3856919],[28.4331322,40.3856919],[28.4332502,40.3857042],[28.4333789,40.3857124],[28.4335023,40.3857246],[28.4336203,40.3857287],[28.4337383,40.3856919],[28.4336632,40.3856184],[28.4335452,40.3856061],[28.4334272,40.385598],[28.4333038,40.3855816],[28.4331804,40.385553],[28.4332716,40.3854958],[28.4334004,40.3854672],[28.4335291,40.3854672],[28.4336525,40.3854795],[28.4337705,40.3855162],[28.4338885,40.3854713],[28.4340012,40.3854264],[28.4341139,40.3853855],[28.4342319,40.385361],[28.4343606,40.3853365],[28.434484,40.3853242],[28.434602,40.3853119],[28.4346825,40.3853119],[28.4348166,40.3852956],[28.4349453,40.3852874],[28.4350687,40.3852833],[28.4351921,40.3852711],[28.4353208,40.3852629],[28.4354496,40.3852425],[28.435573,40.3852302],[28.435691,40.3852261],[28.435809,40.385218],[28.4359378,40.3852139],[28.4360665,40.3852016],[28.4362006,40.3851894],[28.436324,40.3851771],[28.436442,40.3851648],[28.43656,40.3851567],[28.4366941,40.3851199],[28.4368068,40.3850872],[28.4369355,40.3850668],[28.4370536,40.3850545],[28.4372038,40.3850504],[28.4370857,40.3850586],[28.4369677,40.3850709],[28.436839,40.3850831],[28.4367424,40.3851322],[28.4367585,40.3851975],[28.4367907,40.3852874],[28.4367585,40.3853732],[28.4366405,40.3853528],[28.4365278,40.385361],[28.4364098,40.3853732],[28.4362918,40.3853855],[28.4361738,40.3853978],[28.4360558,40.3854141],[28.4359592,40.3854672],[28.4358412,40.3854795],[28.4357232,40.3854754],[28.4355998,40.385455],[28.4354764,40.385455],[28.435353,40.3854631],[28.435235,40.3854754],[28.4351224,40.3854917],[28.4350043,40.3854917],[28.4348756,40.3854958],[28.4347629,40.385504],[28.4346396,40.3855203],[28.4345269,40.3855571],[28.4343982,40.3855571],[28.4342802,40.3855244],[28.4341729,40.385553],[28.4340924,40.3856225],[28.4341997,40.3856633],[28.4343284,40.3856633],[28.4344464,40.3856756],[28.4345698,40.3856838],[28.4346932,40.3856919],[28.4348166,40.3857206],[28.4348863,40.3858064],[28.4347898,40.3858676],[28.4346825,40.3859167],[28.4345752,40.3859575],[28.4344625,40.3860066],[28.4343553,40.3860474],[28.4342426,40.3860842],[28.4341192,40.3861128],[28.4340012,40.3861292],[28.4338671,40.3861292],[28.4338081,40.3860515],[28.4336954,40.3860229],[28.433674,40.3861128],[28.433674,40.3862068],[28.433556,40.386215],[28.4334433,40.3862231],[28.4333682,40.3861537],[28.4333521,40.3860638],[28.4332448,40.3860229],[28.4331375,40.3860679],[28.4330249,40.3860801],[28.4329015,40.3861006],[28.4327888,40.3861292],[28.4326976,40.3861864],[28.432585,40.3862109],[28.4324616,40.3861864],[28.4323382,40.3861618],[28.4322846,40.3862436],[28.4323704,40.3863212],[28.4324938,40.3863416],[28.4326118,40.3863294],[28.4327352,40.3863375],[28.4328639,40.3863621],[28.4329873,40.3863988],[28.4331,40.3864397],[28.4332341,40.3864479],[28.4333736,40.3864479],[28.4334969,40.3864111],[28.4336042,40.3863702],[28.4337169,40.3863294],[28.4338349,40.3863008],[28.4339583,40.3862885],[28.4340924,40.3862803],[28.4342211,40.3862436],[28.4342802,40.3861618],[28.4343982,40.3861292],[28.4345216,40.3861332],[28.4345537,40.3861251],[28.4346235,40.3860515],[28.4346825,40.3859698],[28.4348005,40.3859902],[28.4348595,40.3860679],[28.4349614,40.3861169],[28.4350902,40.3861373],[28.4352136,40.3861332],[28.4353048,40.386072],[28.4352887,40.3859821],[28.4352297,40.3858963],[28.4351438,40.3858227],[28.4350741,40.385741],[28.4350043,40.3856633],[28.4350687,40.3855857],[28.4351867,40.3856143],[28.4352511,40.3856919],[28.4353208,40.3857655],[28.4354228,40.3858186],[28.4355247,40.3858717],[28.4356266,40.3859453],[28.4357178,40.3860025],[28.4358197,40.3860556],[28.4359431,40.3860801],[28.4360665,40.3860965],[28.4361845,40.3860842],[28.4363133,40.3861046],[28.4364259,40.3861496],[28.4365547,40.38617],[28.4366834,40.3861537],[28.4368068,40.3861455],[28.4369302,40.3861292],[28.4369999,40.3860515],[28.4370857,40.3859861],[28.4372038,40.3859739],[28.4373218,40.385978],[28.4374398,40.3860025],[28.4375632,40.3860352],[28.4376597,40.3859821],[28.4377617,40.385933],[28.4378904,40.385933],[28.4380138,40.3859371],[28.4381425,40.3859575],[28.4382659,40.3859739],[28.4384108,40.385978],[28.4385234,40.3860066],[28.4386414,40.3859575],[28.4387326,40.3858922],[28.4388667,40.3858963],[28.4389472,40.3858268],[28.4390438,40.3857614],[28.4391671,40.3857287],[28.4392691,40.3857818],[28.4393173,40.3858758],[28.4393978,40.3859412],[28.4395212,40.3859698],[28.4396446,40.3859616],[28.439768,40.3859412],[28.4398913,40.3858922],[28.4400147,40.3858513],[28.4400952,40.3859249],[28.4401917,40.3859821],[28.4402347,40.3858881],[28.44024,40.38579],[28.440299,40.3857001],[28.4404331,40.3857001],[28.4405565,40.3857328],[28.4406424,40.3858023],[28.4407228,40.3858758],[28.4407711,40.3859616],[28.4408355,40.3860434],[28.4409106,40.386121],[28.441093,40.3862272],[28.4411842,40.3862885],[28.4413075,40.3863008],[28.4414309,40.3862926],[28.4415489,40.3862803],[28.4416777,40.3862517],[28.4418011,40.386215],[28.4418654,40.3861292],[28.4419405,40.3860556],[28.4420156,40.3859861],[28.4421068,40.3859289],[28.4422249,40.3858963],[28.4423429,40.3858676],[28.4424609,40.385835],[28.4425843,40.3858145],[28.4427023,40.385835],[28.4428042,40.3858963],[28.442772,40.3859861],[28.4426969,40.3860556],[28.4425789,40.3860638],[28.4424609,40.386072],[28.4423375,40.3860924],[28.4422141,40.3861006],[28.4420907,40.3861006],[28.4419781,40.3861169],[28.4419244,40.3861945],[28.4419084,40.3862844],[28.441903,40.3863784],[28.4420264,40.3863621],[28.44208,40.3862803],[28.442021,40.3861986],[28.4421444,40.3861618],[28.4422678,40.3861496],[28.4423965,40.3861332],[28.4425199,40.3861292],[28.4426379,40.3861169],[28.4427613,40.3860965],[28.4428525,40.386027],[28.4429544,40.3859698],[28.4430832,40.3859739],[28.4431958,40.3860107],[28.4432548,40.3860924],[28.4432763,40.3861782],[28.4431851,40.3862313],[28.4430563,40.3862313],[28.442933,40.3862395],[28.4428149,40.3862517],[28.4426862,40.386264],[28.442595,40.3861945],[28.442477,40.3861904],[28.4424394,40.3862722],[28.4425092,40.3863457],[28.4426433,40.3863784],[28.4427667,40.3863661],[28.44289,40.3863539],[28.4430134,40.386358],[28.4431368,40.3863621],[28.4432656,40.3863621],[28.4433943,40.3863702],[28.4435391,40.386358],[28.4436464,40.3863089],[28.4437591,40.3862558],[28.4438664,40.3862068],[28.4439629,40.386264],[28.4441292,40.3862844],[28.4442419,40.3862395],[28.4443545,40.3862109],[28.4444618,40.3862517],[28.4445852,40.3862517],[28.4447032,40.3862558],[28.4448212,40.3862354],[28.44495,40.3862477],[28.4450144,40.3863294],[28.445127,40.3863702],[28.4452611,40.3863702],[28.4453899,40.3863702],[28.4455132,40.3863702],[28.445642,40.3863498],[28.4457439,40.3863008],[28.445878,40.3863008],[28.4460121,40.3863008],[28.4461302,40.3862926],[28.4462482,40.3862599],[28.4463608,40.3862191],[28.4464842,40.3862109],[28.4466129,40.3862109],[28.446731,40.3862027],[28.4468597,40.3861864],[28.4469026,40.3861006],[28.4468812,40.3860107],[28.4469992,40.3860229],[28.4471172,40.3860515],[28.4472299,40.3860842],[28.4473586,40.3861046],[28.447482,40.3861332],[28.4476,40.3861537],[28.447718,40.3861904],[28.4478307,40.3862354],[28.4479541,40.386264],[28.4480613,40.386313],[28.4481633,40.3863743],[28.4482759,40.3863988],[28.4484047,40.3864274],[28.4485334,40.3864642],[28.4486407,40.3865051],[28.4487694,40.3865296],[28.4488875,40.3865418],[28.4490055,40.3865582],[28.4491181,40.3865991],[28.4492201,40.3866563],[28.4492415,40.3867461],[28.4493327,40.3868034],[28.4494561,40.3868074],[28.4495205,40.3868932],[28.4494024,40.3869178],[28.4492844,40.3869259],[28.4491289,40.3869259],[28.4490055,40.3869341],[28.4488821,40.3869668],[28.4487641,40.3869954],[28.4486407,40.3870077],[28.4485227,40.3870117],[28.4483993,40.3870077],[28.4482759,40.3869831],[28.4481472,40.3869791],[28.4480077,40.3869791],[28.447879,40.3869791],[28.4477395,40.3869872],[28.4476161,40.3870077],[28.4474927,40.387024],[28.4473693,40.3870526],[28.4472513,40.3870853],[28.4471387,40.3871425],[28.447085,40.3872406],[28.4471494,40.3873264],[28.4471601,40.3874163],[28.4470421,40.3874489],[28.4469134,40.3874489],[28.44679,40.3874489],[28.4466559,40.3874489],[28.4465271,40.3874489],[28.446393,40.3874489],[28.4462535,40.387453],[28.4461355,40.387453],[28.445996,40.387453],[28.4458297,40.3874489],[28.4456742,40.3874571],[28.4455562,40.387453],[28.445422,40.3874203],[28.4452987,40.3873836],[28.4451699,40.387359],[28.4450412,40.387359],[28.44495,40.3874163],[28.4448266,40.3874244],[28.4446925,40.3874244],[28.4445637,40.3874244],[28.4444404,40.3874244],[28.4443009,40.3874122],[28.4441668,40.3873958],[28.4440327,40.3873754],[28.4439093,40.3873509],[28.4437913,40.3873345],[28.4436625,40.387359],[28.4435499,40.3873958],[28.4434265,40.3874122],[28.4432924,40.3873999],[28.4431636,40.3874122],[28.4430188,40.3874163],[28.4428954,40.3874244],[28.4427667,40.3874326],[28.4426755,40.3875061],[28.4425789,40.3875633],[28.4424609,40.3875633],[28.442316,40.3875633],[28.4421658,40.3875633],[28.4419942,40.3875633],[28.4418654,40.3875674],[28.4417367,40.3875674],[28.4416133,40.3875674],[28.4414685,40.3875674],[28.441329,40.3875838],[28.4411734,40.3875879],[28.4410447,40.3875879],[28.4409159,40.3875879],[28.4407926,40.3875879],[28.4406584,40.3875879],[28.4405297,40.3875756],[28.440401,40.3875429],[28.4402776,40.3875225],[28.4401542,40.3875143],[28.440063,40.3875838],[28.4399933,40.3876614],[28.4399718,40.3877513],[28.4401005,40.3877595],[28.44024,40.3877431],[28.440358,40.3877431],[28.4404707,40.3877431],[28.4405941,40.3877431],[28.4407228,40.3877472],[28.440873,40.3877636],[28.4410179,40.3877758],[28.441152,40.3877758],[28.4412807,40.3877758],[28.4414363,40.3877758],[28.441565,40.3877758],[28.4416938,40.3877758],[28.4418225,40.3877922],[28.4419674,40.3878085],[28.4421122,40.3878167],[28.4422463,40.387833],[28.4423751,40.3878453],[28.4425092,40.3878575],[28.4426326,40.3878739],[28.4427613,40.3878739],[28.4428954,40.3878739],[28.4430134,40.3878739],[28.4431314,40.3878616],[28.4431475,40.3879556],[28.4430939,40.3880496],[28.4430563,40.3881436],[28.442933,40.3881844],[28.4428096,40.3881844],[28.4426755,40.3881844],[28.4425414,40.3881844],[28.4424072,40.3881844],[28.4422785,40.3881926],[28.4421551,40.3881926],[28.4420317,40.3882008],[28.4419084,40.3882171],[28.4417689,40.388258],[28.4416509,40.3882947],[28.4417582,40.3883601],[28.4418762,40.3883601],[28.4419566,40.3884296],[28.4420317,40.3885031],[28.4421605,40.3885113],[28.4422946,40.3885113],[28.4424126,40.3884786],[28.4425414,40.3884459],[28.4426218,40.3883805],[28.4427077,40.3883152],[28.442831,40.3882825],[28.4429544,40.3882784],[28.4430885,40.3882661],[28.4430698,40.3883009],[28.4430912,40.3883335],[28.4431502,40.3883295],[28.4432173,40.3883172],[28.4432763,40.3883049],[28.4433407,40.3882763],[28.4434855,40.3882641],[28.4435472,40.3882702],[28.4436116,40.3882763],[28.4436733,40.3882845],[28.4437349,40.3882927],[28.4437993,40.3883049],[28.443861,40.3883254],[28.443912,40.3883519],[28.4437805,40.3883519],[28.4436518,40.3883805],[28.4435391,40.3884296],[28.4434211,40.3884582],[28.4432924,40.3884868],[28.4431797,40.3885235],[28.4431153,40.3886012],[28.4431422,40.3886911],[28.4432495,40.3887238],[28.4433675,40.3887442],[28.4434855,40.3887524],[28.4435981,40.3887687],[28.4437323,40.3887687],[28.4438556,40.3887687],[28.443979,40.3887687],[28.4440917,40.388736],[28.4442043,40.3887156],[28.4443116,40.388687],[28.4444296,40.3886461],[28.4445369,40.3886053],[28.4446549,40.3885889],[28.4447783,40.3885889],[28.444891,40.3885767],[28.4450036,40.3885767],[28.445127,40.3886012],[28.445245,40.3886012],[28.4453684,40.3885848],[28.4454864,40.3885685],[28.4457225,40.3885154],[28.4457815,40.3884337],[28.4458727,40.3883805],[28.4460068,40.3883683],[28.4461462,40.388356],[28.4462911,40.3883519],[28.4464145,40.3883683],[28.4465432,40.3883724],[28.4466666,40.388405],[28.44679,40.3884255],[28.4469241,40.3884459],[28.4470367,40.3884623],[28.4471708,40.3884663],[28.4472889,40.3884663],[28.4474176,40.3884582],[28.4478253,40.3884623],[28.4479541,40.3884623],[28.4480828,40.3884745],[28.4481955,40.3884868],[28.4483188,40.3884909],[28.4484422,40.3884827],[28.4485549,40.38845],[28.4486729,40.3884337],[28.4487909,40.3884255],[28.4489036,40.3883969],[28.4488767,40.3883029],[28.4487694,40.3882457],[28.4486514,40.3882212],[28.448571,40.3881558],[28.4486622,40.3880986],[28.4487855,40.3881027],[28.4489143,40.3881231],[28.4490484,40.3881599],[28.4491664,40.3881885],[28.4492844,40.388213],[28.4494132,40.3882294],[28.4493273,40.3883029],[28.4493381,40.3883928],[28.4494454,40.3884418],[28.4495634,40.3884704],[28.4496331,40.3883969],[28.4496492,40.3883029],[28.4497404,40.3882416],[28.449837,40.3881844],[28.4499228,40.388119],[28.4500408,40.3881149],[28.4500945,40.3882008],[28.4499979,40.388258],[28.4499174,40.3883315],[28.4498638,40.3884173],[28.4499496,40.3884827],[28.450073,40.3884909],[28.450191,40.388499],[28.450309,40.3885154],[28.4503788,40.388593],[28.4503519,40.388687],[28.4503412,40.3887769],[28.4504002,40.3888545],[28.4504861,40.3889321],[28.4505665,40.3889648],[28.4506899,40.3889771],[28.4508079,40.3889975],[28.4509367,40.3890261],[28.4510601,40.3890302],[28.4511888,40.3890302],[28.4513229,40.3890302],[28.4514517,40.3890384],[28.4515858,40.3890384],[28.4517091,40.3890384],[28.4518379,40.3890424],[28.4519666,40.3890588],[28.4521007,40.3890751],[28.4522402,40.3890915],[28.452369,40.3891078],[28.4525031,40.3891242],[28.4526318,40.3891364],[28.4527767,40.3891569],[28.4529108,40.3891609],[28.4530288,40.3891569],[28.4533936,40.3891895],[28.4535223,40.3892018],[28.4536403,40.3892141],[28.4537637,40.3892263],[28.4538925,40.3892386],[28.4540158,40.3892508],[28.45415,40.3892672],[28.4542733,40.3892794],[28.4543914,40.3892958],[28.4545255,40.3893162],[28.4546596,40.3893489],[28.454783,40.3893693],[28.4549063,40.3893979],[28.4550351,40.3893979],[28.4552389,40.3894306],[28.4553623,40.3894469],[28.4554911,40.3894592],[28.4556144,40.3894715],[28.4557378,40.3894837],[28.4558612,40.389496],[28.4559953,40.3895042],[28.4561187,40.3895164],[28.4562421,40.3895287],[28.4563601,40.389545],[28.4564835,40.3895614],[28.4566122,40.3895777],[28.4567517,40.3895859],[28.4568751,40.38959],[28.4569931,40.3895777],[28.4571218,40.389545],[28.4572345,40.3895123],[28.4573096,40.3895123],[28.457433,40.3895287],[28.4575617,40.3895532],[28.4576797,40.3895859],[28.4577924,40.3896145],[28.4579104,40.389639],[28.4580231,40.389688],[28.4581357,40.3897248],[28.4582645,40.3897411],[28.4583932,40.3897616],[28.458522,40.3897738],[28.45864,40.3897861],[28.4587634,40.3897942],[28.4588867,40.3898147],[28.4590155,40.3898228],[28.4591496,40.3898228],[28.459273,40.3898392],[28.4594017,40.3898555],[28.4595197,40.3898719],[28.4596378,40.3898882],[28.4597665,40.3899086],[28.4598952,40.3899413],[28.460024,40.3899536],[28.4601098,40.3899495],[28.4602332,40.3899536],[28.4603512,40.3899659],[28.46048,40.3899904],[28.4605873,40.3900016],[28.4606248,40.3900108],[28.4607536,40.390019],[28.4608769,40.3900394],[28.4610057,40.3900557],[28.4611398,40.390068],[28.4612685,40.390068],[28.4613866,40.3900762],[28.4615099,40.3900803],[28.4616387,40.3900966],[28.4617567,40.3901252],[28.4618747,40.3901415],[28.4619981,40.390162],[28.4621322,40.3901865],[28.462261,40.3902069],[28.4623843,40.3902192],[28.4625131,40.3902314],[28.4626365,40.3902519],[28.4627491,40.3902927],[28.4628725,40.3903295],[28.4630066,40.3903663],[28.46313,40.3903867],[28.4632266,40.3903989],[28.4633446,40.3904357],[28.4634894,40.3904725],[28.4636235,40.3905052],[28.4637469,40.3905338],[28.4638703,40.3905501],[28.4639883,40.3905787],[28.464101,40.3906196],[28.4642243,40.3906604],[28.4643316,40.3907095],[28.4644496,40.3907462],[28.4644818,40.3908361],[28.4643692,40.3908811],[28.4642458,40.3909056],[28.4642672,40.3909955],[28.4643692,40.3910445],[28.4644818,40.3910894],[28.4645837,40.391163],[28.4644657,40.391163],[28.4643531,40.3911589],[28.4642243,40.3911466],[28.4641278,40.3912079],[28.4642297,40.391257],[28.4643477,40.3912856],[28.4644604,40.3913223],[28.464573,40.3913632],[28.4647232,40.3914081],[28.4648681,40.3914531],[28.4649968,40.3915021],[28.465088,40.3915675],[28.4651953,40.3916247],[28.4653079,40.3916614],[28.4654313,40.3916941],[28.4655493,40.3917227],[28.4656674,40.3917513],[28.4657961,40.3917799],[28.4659195,40.3918044],[28.4660429,40.391829],[28.4661663,40.3918494],[28.4663004,40.3918739],[28.4664291,40.391878],[28.4665471,40.391878],[28.4666705,40.391878],[28.4667993,40.3918739],[28.466928,40.3918739],[28.4670567,40.3918698],[28.4671855,40.3918616],[28.4673196,40.391878],[28.4674323,40.3919352],[28.4675074,40.3920128],[28.4674913,40.3921068],[28.4673625,40.3920986],[28.4672391,40.3920741],[28.467105,40.3920496],[28.4669709,40.3920292],[28.4668475,40.3920087],[28.4667134,40.3919842],[28.4665847,40.3919679],[28.4664452,40.3919597],[28.4663272,40.3919434],[28.4661823,40.391927],[28.466016,40.3919148],[28.4658819,40.3919066],[28.4657586,40.3918984],[28.4654099,40.3918535],[28.4652972,40.3918494],[28.4651685,40.3918371],[28.4650505,40.391829],[28.4649217,40.3918126],[28.4647983,40.3917963],[28.4646589,40.391784],[28.4645408,40.3917718],[28.4644121,40.3917595],[28.4642833,40.391735],[28.4641546,40.3917186],[28.4640098,40.3916941],[28.4638917,40.3916696],[28.4637845,40.3916369],[28.4634519,40.3914939],[28.4633285,40.3914612],[28.4632105,40.3914326],[28.4630978,40.3913959],[28.4629583,40.3913632],[28.4628296,40.3913305],[28.4626955,40.3912978],[28.4625882,40.391257],[28.4624916,40.3911957],[28.4623736,40.391163],[28.4622502,40.391118],[28.4621268,40.3910568],[28.4622073,40.3909832],[28.4623414,40.3909505],[28.4624594,40.3909301],[28.4625989,40.390926],[28.4627438,40.390926],[28.4628886,40.3909138],[28.4630227,40.3908974],[28.4631461,40.3908566],[28.4632534,40.3908157],[28.4633285,40.390734],[28.4632158,40.3907136],[28.4630817,40.3906809],[28.4629691,40.3906686],[28.4628457,40.3906441],[28.4627277,40.3906155],[28.4626096,40.3905951],[28.4624702,40.3905787],[28.4620625,40.3905011],[28.4619445,40.3904725],[28.4618157,40.3904725],[28.461687,40.3904684],[28.4615475,40.3904521],[28.461408,40.3904439],[28.4612793,40.3904357],[28.4611505,40.3904071],[28.4610218,40.3903867],[28.4608877,40.3903785],[28.4607589,40.3903622],[28.4606141,40.390354],[28.4604853,40.390354],[28.4603459,40.3903458],[28.4602278,40.3903295],[28.4601098,40.3903172],[28.4599757,40.3903009],[28.4598577,40.3902805],[28.459729,40.3902641],[28.4596056,40.3902437],[28.4594929,40.3902028],[28.4593749,40.3901661],[28.4592622,40.3901375],[28.459112,40.3901334],[28.4590208,40.3901987],[28.4591389,40.3902192],[28.4592622,40.3902314],[28.4593964,40.3902559],[28.4595144,40.3903091],[28.4596431,40.3903377],[28.4597665,40.3903703],[28.4599543,40.3904071],[28.4600723,40.3904316],[28.4602225,40.3904684],[28.4603727,40.3905011],[28.4605229,40.3905501],[28.4606355,40.3905869],[28.4607536,40.3906277],[28.460893,40.3906809],[28.4610057,40.3907217],[28.4611505,40.3907667],[28.4612632,40.3908075],[28.4613597,40.3908606],[28.4614724,40.3909178],[28.4615153,40.3910077],[28.4614778,40.3910935],[28.4613705,40.3911426],[28.4612471,40.3911344],[28.4611183,40.3911344],[28.4610003,40.3911303],[28.4608823,40.391114],[28.4607589,40.3911017],[28.4606463,40.3910894],[28.4605229,40.3910772],[28.4603888,40.3910772],[28.4602654,40.3910649],[28.460142,40.3910527],[28.4600186,40.3910282],[28.4599113,40.3909832],[28.4597772,40.3909505],[28.4596592,40.390926],[28.4595358,40.3908933],[28.4594125,40.3908525],[28.458876,40.3907095],[28.4587473,40.3907013],[28.4586132,40.3907013],[28.4584898,40.3907013],[28.4583664,40.390689],[28.4582269,40.3906686],[28.4580821,40.3906604],[28.4579533,40.3906482],[28.4578192,40.3906196],[28.4577066,40.390591],[28.4575832,40.3905624],[28.4574759,40.3905215],[28.4573847,40.3904561],[28.4573257,40.3903744],[28.4572345,40.3903213],[28.4571004,40.3902805],[28.4569824,40.3902764],[28.456859,40.3902723],[28.456741,40.39026],[28.4566283,40.3902314],[28.4565103,40.390211],[28.4559417,40.390162],[28.4558183,40.3901579],[28.4556949,40.3901497],[28.4555769,40.3901211],[28.4554589,40.3901089],[28.4552926,40.3901007],[28.4551585,40.3901007],[28.4550083,40.3900966],[28.4548849,40.3900803],[28.4547561,40.3900721],[28.454622,40.3900557],[28.4545094,40.3900394],[28.4543914,40.3900271],[28.4542733,40.3900149],[28.4541446,40.3900108],[28.4540266,40.3899904],[28.4539139,40.3899822],[28.4538013,40.3899822],[28.4536779,40.3899699],[28.4535384,40.3899577],[28.4534043,40.3899372],[28.4532809,40.3899291],[28.4531468,40.3899127],[28.4530342,40.3898964],[28.4529215,40.389876],[28.4528089,40.3898474],[28.4523958,40.389831],[28.4522778,40.3898147],[28.4521437,40.3897861],[28.4520149,40.3897493],[28.4518808,40.3897289],[28.4517896,40.3896717],[28.4518218,40.3895818],[28.4517306,40.3895246],[28.4516019,40.3895082],[28.4514731,40.3895042],[28.4513444,40.3895001],[28.4512263,40.3895001],[28.4510976,40.3894878],[28.4509689,40.3894878],[28.4508294,40.3895001],[28.450706,40.3895123],[28.4505826,40.3895287],[28.4504646,40.3895368],[28.4503359,40.3895205],[28.4502178,40.3894796],[28.4502071,40.3893897],[28.4502339,40.3892876],[28.4503412,40.3892263],[28.450427,40.3891528],[28.450309,40.3891242],[28.4501857,40.3891242],[28.4500623,40.3891201],[28.4499496,40.3890751],[28.4498155,40.3890384],[28.4496653,40.3890465],[28.4495526,40.389067],[28.4494454,40.3891037],[28.4493917,40.3891895],[28.4494346,40.3892713],[28.4494883,40.3893489],[28.4493864,40.3893897],[28.4492522,40.3894265],[28.4491289,40.3894265],[28.4490001,40.3894143],[28.4488767,40.3894102],[28.4487641,40.3893979],[28.4486461,40.3893979],[28.448512,40.3893938],[28.4483832,40.3893652],[28.4482652,40.3893244],[28.4481579,40.3892427],[28.4482276,40.3891609],[28.448351,40.3891691],[28.4484744,40.3891814],[28.4486031,40.3891814],[28.4487373,40.3891691],[28.4488445,40.3891201],[28.4487373,40.3890833],[28.4486246,40.3890302],[28.4485012,40.3889812],[28.4483832,40.388973],[28.4482652,40.3889934],[28.4481418,40.3890098],[28.4480077,40.389022],[28.4478468,40.3890302],[28.4477234,40.3890302],[28.4475893,40.3890302],[28.4474659,40.3890179],[28.4473532,40.388973],[28.4472352,40.3889321],[28.4471279,40.3888749],[28.447026,40.3888177],[28.4468973,40.3887973],[28.4468973,40.3888913],[28.4468436,40.3889852],[28.4467202,40.3890057],[28.4466022,40.3890179],[28.4464735,40.389022],[28.4463286,40.389022],[28.4461999,40.389022],[28.4460765,40.389022],[28.4459478,40.3890384],[28.445819,40.3890384],[28.4456903,40.3890384],[28.4455615,40.3890465],[28.4454274,40.3890424],[28.445304,40.3890424],[28.445186,40.3890424],[28.4450626,40.3890384],[28.4448588,40.3890711],[28.44473,40.3890711],[28.4446174,40.3890629],[28.4444833,40.3890506],[28.4443653,40.389022],[28.4442472,40.3889934],[28.4441024,40.3889607],[28.443979,40.3889485],[28.443861,40.3889362],[28.4437215,40.388928],[28.4436035,40.388928],[28.4434801,40.388928],[28.4433567,40.388928],[28.443228,40.3889362],[28.4431046,40.3889444],[28.4429866,40.3889689],[28.4428203,40.3890016],[28.4426701,40.3890261],[28.4425521,40.3890465],[28.4424287,40.3890465],[28.4422839,40.3890424],[28.4421498,40.3890179],[28.4420264,40.3889975],[28.4419137,40.388973],[28.4417903,40.388973],[28.4416455,40.388973],[28.4415114,40.3889852],[28.4413934,40.3890179],[28.4409213,40.3890016],[28.4408033,40.3890057],[28.4406692,40.3890384],[28.4405458,40.3890751],[28.4404063,40.3890997],[28.4402883,40.3890997],[28.4401596,40.3890833],[28.4400362,40.3890465],[28.4399128,40.3890138],[28.439784,40.3889852],[28.4396607,40.3889321],[28.4395426,40.3888913],[28.4394193,40.3888504],[28.4392798,40.3888504],[28.439151,40.3888545],[28.4390277,40.3888954],[28.4389311,40.3889607],[28.4388453,40.3890261],[28.4387487,40.3890751],[28.4386361,40.3891119],[28.4385127,40.3891364],[28.4383517,40.3891569],[28.4382337,40.3891405],[28.4381425,40.3890833],[28.4380192,40.3890792],[28.4378904,40.3891078],[28.4377778,40.3891405],[28.4376651,40.3891364],[28.4375471,40.3891242],[28.437413,40.3891242],[28.4372896,40.389116],[28.4370106,40.3890874],[28.4368819,40.3891323],[28.4367692,40.3891691],[28.4366566,40.3892222],[28.4365493,40.3892508],[28.4364313,40.3892508],[28.4363079,40.3892386],[28.4361952,40.3892059],[28.4360719,40.3891609],[28.4360021,40.3890874],[28.4359163,40.389022],[28.4357983,40.3889934],[28.4356695,40.3890016],[28.4355622,40.3890424],[28.4354442,40.3890792],[28.4353262,40.3890874],[28.4352136,40.3890833],[28.4350902,40.3890547],[28.4349722,40.3890547],[28.4348595,40.3890792],[28.4347629,40.3891405],[28.4346557,40.3891936],[28.4345376,40.3892018],[28.434425,40.3892141],[28.4342909,40.3892141],[28.4341675,40.3891855],[28.4340388,40.3891855],[28.4339261,40.38921],[28.4338027,40.3892181],[28.4336847,40.3892345],[28.433572,40.3892549],[28.4334487,40.3892672],[28.4332824,40.389259],[28.433159,40.3892631],[28.433041,40.389259],[28.4329122,40.3892467],[28.4327728,40.3892386],[28.4326547,40.3892304],[28.4325367,40.3892181],[28.4324187,40.3891855],[28.4322953,40.389165],[28.4321719,40.3891977],[28.4320539,40.3892141],[28.4319144,40.3892304],[28.4317857,40.389259],[28.4316784,40.3892917],[28.4315711,40.3893407],[28.4314424,40.3893611],[28.4312975,40.3893652],[28.4311742,40.3893652],[28.4310508,40.3893652],[28.4309274,40.3893734],[28.4308201,40.3893979],[28.4307289,40.389451],[28.4306538,40.3895246],[28.4305412,40.3895328],[28.4304231,40.3895491],[28.4303051,40.3895736],[28.4302032,40.3896186],[28.4300905,40.3896553],[28.4299725,40.3896758],[28.4296453,40.389688],[28.4295273,40.3896758],[28.42942,40.3896472],[28.429302,40.3896145],[28.4291732,40.389594],[28.4290498,40.3895736],[28.4289372,40.3895409],[28.4288138,40.3895082],[28.4283686,40.3895123],[28.4282505,40.3895042],[28.4281379,40.3895001],[28.4280091,40.3894796],[28.4280199,40.3893857],[28.4281486,40.3893734],[28.4282291,40.3892999],[28.4281272,40.389259],[28.4280091,40.3892386],[28.4279394,40.389165],[28.4278697,40.3890915],[28.427757,40.3890751],[28.427639,40.3890833],[28.4275263,40.3891201],[28.427521,40.38921],[28.4274083,40.3892263],[28.427285,40.3892059],[28.4272152,40.3891242],[28.427124,40.3890547],[28.4270114,40.389022],[28.4268933,40.3890302],[28.4267753,40.3890302],[28.4266573,40.3890424],[28.4263837,40.3891814],[28.4263247,40.3892549],[28.4262282,40.389308],[28.4261209,40.389353],[28.4260136,40.3893938],[28.4259009,40.3894183],[28.4257722,40.3894183],[28.4256488,40.3894265],[28.4255308,40.3894388],[28.4254128,40.3894429],[28.4252948,40.3894388],[28.4251767,40.3894224],[28.4250694,40.3893775],[28.4249622,40.3893244],[28.4248549,40.3892753],[28.4247369,40.3892263],[28.4246242,40.3891773],[28.4245169,40.3891323],[28.4244043,40.3890956],[28.4242862,40.3890997],[28.4241736,40.389116],[28.4240609,40.3891364],[28.4239429,40.3891569],[28.4238249,40.3891569],[28.4237069,40.3891732],[28.4235835,40.3891773],[28.4234708,40.3891977],[28.4233421,40.38921],[28.4232241,40.3892222],[28.42309,40.3892386],[28.4229612,40.3892386],[28.4228325,40.3892345],[28.4226984,40.3892181],[28.422575,40.3892181],[28.4224516,40.3891977],[28.4224087,40.3891037],[28.4223443,40.3889893],[28.4223175,40.3888994],[28.4223175,40.3888055],[28.422339,40.3887074],[28.4224033,40.3886134],[28.4224731,40.3885358],[28.4224248,40.38845],[28.4223819,40.3883601],[28.4224194,40.3882743],[28.4225321,40.3882334],[28.4226662,40.3882294],[28.4227842,40.3882171],[28.4229076,40.3881967],[28.4230256,40.3881681],[28.4231543,40.3881762],[28.4232563,40.3882294],[28.4233743,40.3882661],[28.4234977,40.3882334],[28.4235942,40.3881558],[28.4237069,40.3881149],[28.4238249,40.388119],[28.4239536,40.3881354],[28.4240717,40.3881517],[28.4242004,40.388119],[28.4241307,40.3880414],[28.4240395,40.3879842],[28.4239161,40.3879556],[28.4237981,40.3879229],[28.4236801,40.3878943],[28.423546,40.3878902],[28.4231651,40.387833],[28.4218347,40.3877799],[28.4205794,40.3878821],[28.4203488,40.3879311],[28.4202415,40.3879719],[28.4201288,40.3880128],[28.4200215,40.3880537],[28.419925,40.3882171],[28.4197426,40.3883315],[28.4195495,40.3884868],[28.4193349,40.388593],[28.4190881,40.3885767],[28.4188843,40.3884786],[28.4186482,40.3884296],[28.4184122,40.3884377],[28.4181938,40.388501],[28.4177219,40.3891704],[28.4176075,40.3892059],[28.4174895,40.3892427],[28.4173769,40.3892753],[28.4172535,40.3892958],[28.4171408,40.3893285],[28.4170175,40.3893407],[28.4168941,40.3893571],[28.4167761,40.3893693],[28.4166473,40.3893816],[28.4165239,40.3893979],[28.4164005,40.3894143],[28.4162718,40.3894224],[28.4161323,40.3894265],[28.4160089,40.3894347],[28.4158909,40.3894429],[28.4157568,40.3894633],[28.4156388,40.3894756],[28.4155101,40.3895082],[28.4153974,40.3895409],[28.4153116,40.3896063],[28.4152311,40.389688],[28.4151721,40.3897697],[28.4151131,40.3898637],[28.4150823,40.3899459],[28.4150058,40.3900231],[28.4149468,40.3901129],[28.4148717,40.3901906],[28.4147859,40.39026],[28.4146786,40.3903091],[28.4145498,40.3903336],[28.4144211,40.3903581],[28.4143031,40.3903377],[28.4142655,40.3902519],[28.4142494,40.3901579],[28.4142333,40.3900639],[28.4141046,40.3900803],[28.4140187,40.3901456],[28.4139597,40.3902396],[28.4139007,40.3903213],[28.4137881,40.3903622],[28.413654,40.3903377],[28.4135628,40.3902641],[28.4134233,40.3902396],[28.4132945,40.3902396],[28.4131765,40.3902437],[28.4130531,40.3902764],[28.4129405,40.390305],[28.412962,40.3903989],[28.41308,40.3904194],[28.4132034,40.3903989],[28.4133428,40.3904398],[28.4134662,40.3904929],[28.4135628,40.3905542],[28.413595,40.3906482],[28.4134662,40.3906727],[28.4133375,40.390685],[28.4132194,40.3906482],[28.4131014,40.3906196],[28.4130371,40.3907013],[28.4129244,40.3907422],[28.412801,40.3907667],[28.4126455,40.3907503],[28.4125274,40.3907258],[28.4124094,40.3906972],[28.412286,40.3906727],[28.4121787,40.3906237],[28.412109,40.3905501],[28.41205,40.3904684],[28.4119374,40.3905093],[28.4118354,40.3905583],[28.4117281,40.3906114],[28.4116155,40.39064],[28.4114975,40.3906768],[28.4113795,40.3907013],[28.4112507,40.3907095],[28.411122,40.3907217],[28.4109825,40.3907258],[28.4108645,40.3907422],[28.410725,40.3907585],[28.410607,40.3907708],[28.4104836,40.3907871],[28.4103602,40.3908034],[28.4102368,40.3908116],[28.4101134,40.3908116],[28.4099847,40.3908116],[28.409856,40.3908116],[28.4096897,40.3907585],[28.4095555,40.3907544],[28.4094322,40.390734],[28.4093088,40.3907258],[28.40918,40.3907422],[28.4090459,40.3907503],[28.4089279,40.3907626],[28.4087992,40.3907708],[28.4086704,40.3907748],[28.4085363,40.3907748],[28.4084129,40.390783],[28.4082627,40.390783],[28.408134,40.390783],[28.4079999,40.390783],[28.4078604,40.390783],[28.4077263,40.3907953],[28.4075975,40.3908075],[28.4074795,40.3908116],[28.4073508,40.3908116],[28.4072328,40.390783],[28.4071255,40.390734],[28.4070075,40.3907299],[28.4068787,40.390734],[28.4067875,40.3907912],[28.4066749,40.3908239],[28.4064335,40.3908361],[28.4063476,40.3909097],[28.4063183,40.3909261],[28.4061974,40.3909669],[28.4061009,40.3910363],[28.4059882,40.3910772],[28.4058648,40.3911017],[28.4057361,40.391118],[28.4056181,40.3910854],[28.4054893,40.3910608],[28.4053713,40.3910772],[28.405264,40.3911221],[28.4051889,40.3912038],[28.4050709,40.3912447],[28.4049529,40.3912733],[28.4048188,40.3912978],[28.4046954,40.3913305],[28.404572,40.391355],[28.4044379,40.3913714],[28.4043145,40.3913918],[28.4042019,40.3914245],[28.4040838,40.3914735],[28.4039766,40.3915184],[28.4038746,40.3915716],[28.4037459,40.3916002],[28.4036279,40.3916288],[28.4035098,40.3916492],[28.4033865,40.3916574],[28.4032685,40.3916574],[28.4031022,40.3917309],[28.4029788,40.391784],[28.4028715,40.3918249],[28.4027749,40.3918821],[28.4026676,40.391927],[28.4025603,40.391972],[28.4024477,40.3920169],[28.4023297,40.3920455],[28.4022063,40.3920741],[28.4020829,40.3920782],[28.4019595,40.3920782],[28.4018308,40.3920782],[28.4017074,40.3920618],[28.4015787,40.3920618],[28.4014553,40.3920659],[28.401348,40.3921109],[28.4012461,40.392164],[28.4011388,40.3922171],[28.4010208,40.3922334],[28.4008974,40.3922375],[28.4007364,40.3922375],[28.4006077,40.3922498],[28.4004843,40.3922743],[28.4003556,40.3922906],[28.4002376,40.3922947],[28.4003288,40.3922294],[28.400259,40.3921476],[28.4001464,40.3921231],[28.4000283,40.3921068],[28.399905,40.3921027],[28.3997869,40.3920659],[28.3997172,40.3919883],[28.3996528,40.3920823],[28.3996582,40.3921762],[28.3997548,40.3922375],[28.3997762,40.3923274],[28.3996528,40.3923519],[28.3995348,40.3923764],[28.3994275,40.3924255],[28.3993041,40.3924622],[28.3991808,40.3924949],[28.3990467,40.3925194],[28.3989286,40.3925317],[28.3988106,40.392548],[28.3986872,40.3925603],[28.3985531,40.3925848],[28.3984351,40.3926052],[28.3983171,40.3926298],[28.3981991,40.3926461],[28.3980703,40.3926747],[28.3979523,40.3926992],[28.3978021,40.3927278],[28.3976734,40.3927523],[28.3975607,40.3927809],[28.3974427,40.3927891],[28.3973193,40.3928013],[28.3971959,40.3928136],[28.3970672,40.3928422],[28.3969438,40.3928504],[28.3968043,40.3928626],[28.3966809,40.392879],[28.3965468,40.3928953],[28.3964288,40.3929076],[28.3963108,40.3929239],[28.3961821,40.392928],[28.3960533,40.392928],[28.3959138,40.392928],[28.3957958,40.3929117],[28.3955598,40.3928953],[28.3954257,40.3928953],[28.3953023,40.392879],[28.3951789,40.3928626],[28.3950609,40.3928299],[28.3949429,40.3928218],[28.3948141,40.3928218],[28.3946854,40.3928218],[28.3945513,40.3928381],[28.3944333,40.3928667],[28.3943206,40.3928381],[28.3943313,40.3927441],[28.394385,40.3926624],[28.3941221,40.3927033],[28.3940685,40.3927932],[28.3940095,40.3928831],[28.3939666,40.3929729],[28.3938914,40.3930547],[28.3937734,40.3930873],[28.3936554,40.3931323],[28.393532,40.3931445],[28.3934033,40.3931486],[28.3932799,40.3931486],[28.3931404,40.3931568],[28.3930224,40.3931731],[28.3928883,40.3931854],[28.3927703,40.3932017],[28.3926362,40.3932058],[28.3925182,40.3932099],[28.3923894,40.3932099],[28.392266,40.3932017],[28.3921587,40.3931895],[28.3920354,40.3932017],[28.3919173,40.3932263],[28.391794,40.3932385],[28.3916759,40.3932385],[28.3916008,40.3931731],[28.3916974,40.3931159],[28.3918047,40.3930669],[28.3919012,40.3930179],[28.3920085,40.3929566],[28.3920997,40.3929076],[28.3921695,40.392834],[28.392148,40.392736],[28.3920622,40.3926584],[28.3920032,40.3925644],[28.391971,40.3924704],[28.3919495,40.3923805],[28.391912,40.3922906],[28.3918637,40.3922089],[28.3917832,40.3921354],[28.3916867,40.3920864],[28.3915633,40.3920618],[28.3914399,40.3920537],[28.3913219,40.3920537],[28.3911931,40.3920945],[28.3910751,40.3921354],[28.3909839,40.3922008],[28.3909035,40.3922702],[28.3907962,40.3923233],[28.3906674,40.392356],[28.3905441,40.3923642],[28.3904314,40.3923315],[28.3903134,40.3922988],[28.3901954,40.3922825],[28.390098,40.3923767],[28.3897181,40.3918203]],[[28.3902302,40.3917146],[28.3902302,40.3917677],[28.3902651,40.3918106],[28.3903268,40.3918167],[28.3903858,40.3918024],[28.3904448,40.3917881],[28.3905145,40.3917697],[28.3905709,40.3917534],[28.3906326,40.3917248],[28.3906916,40.3916941],[28.3907452,40.3916676],[28.3907989,40.3916471],[28.3908606,40.3916308],[28.3909437,40.3916042],[28.3910027,40.3915859],[28.3910644,40.3915654],[28.3911288,40.3915491],[28.3912066,40.3915409],[28.3912817,40.3915246],[28.3913434,40.3915164],[28.3914024,40.3915021],[28.3914775,40.3914817],[28.3915499,40.3914612],[28.3916062,40.3914388],[28.3916786,40.3913836],[28.391735,40.3913673],[28.3917913,40.3913468],[28.3918449,40.3913244],[28.3918986,40.3912958],[28.3919576,40.3912896],[28.3920166,40.3912917],[28.3920729,40.3913142],[28.3921266,40.3913366],[28.3921185,40.3913816],[28.3920944,40.3914265],[28.3920863,40.3914755],[28.3921131,40.3915164],[28.3921668,40.3914898],[28.392199,40.3914449],[28.3922285,40.391402],[28.3922687,40.3913571],[28.3923009,40.3913142],[28.392317,40.3912651],[28.3923304,40.3912202],[28.3923814,40.3911957],[28.392435,40.3911671],[28.3925047,40.3911426],[28.3925664,40.3911323],[28.3926254,40.3911221],[28.3926979,40.391116],[28.392773,40.3911017],[28.39284,40.3910956],[28.392899,40.3910874],[28.3929634,40.3910813],[28.3930251,40.3910772],[28.3930948,40.391069],[28.3931565,40.3910649],[28.3932316,40.3910568],[28.3933067,40.3910486],[28.3933657,40.3910404],[28.3934274,40.3910302],[28.3934864,40.3910118],[28.3935481,40.3910016],[28.3936071,40.3909832],[28.3936715,40.3909628],[28.3937278,40.3909383],[28.3937895,40.390926],[28.3938512,40.3909219],[28.3939129,40.3909076],[28.3939719,40.3908831],[28.3940202,40.3908525],[28.3940685,40.3908157],[28.3941033,40.3907769],[28.3941114,40.3907299],[28.3941087,40.3906829],[28.3940738,40.390638],[28.3939129,40.3905889],[28.3938485,40.390593],[28.3937868,40.390593],[28.3937252,40.390593],[28.3936822,40.3905583],[28.3936796,40.3905133],[28.3936688,40.3904664],[28.3936447,40.3904255],[28.3936125,40.3903846],[28.3935884,40.3903417],[28.3935481,40.3903029],[28.3934891,40.3902866],[28.3934274,40.3902866],[28.3933657,40.3902866],[28.393296,40.3902784],[28.3930895,40.390258],[28.3930305,40.3902621],[28.3929715,40.3902621],[28.3929151,40.3902559],[28.3928561,40.3902457],[28.3927998,40.3902294],[28.3927435,40.390213],[28.3926818,40.3902008],[28.3926174,40.3902008],[28.3925611,40.390209],[28.3924887,40.3902192],[28.3924296,40.3902335],[28.3923706,40.3902498],[28.392317,40.3902682],[28.3922526,40.3902866],[28.3921936,40.390305],[28.3921346,40.390307],[28.3920702,40.390307],[28.3920112,40.390307],[28.3919495,40.390307],[28.3918878,40.390307],[28.3918262,40.390307],[28.3917591,40.390307],[28.3916947,40.390307],[28.3916277,40.390307],[28.391566,40.390307],[28.3915016,40.3903091],[28.3914453,40.3903315],[28.3914104,40.3903663],[28.3914292,40.3904112],[28.3914587,40.3904541],[28.3914909,40.390495],[28.3915338,40.3905276],[28.3915874,40.3905562],[28.3916572,40.3905767],[28.3917055,40.3906032],[28.391743,40.390642],[28.3917671,40.390687],[28.3917859,40.390734],[28.3918101,40.390781],[28.3918557,40.3908218],[28.3919093,40.3908484],[28.3919039,40.3910036],[28.3919361,40.3910425],[28.3919844,40.3910833],[28.39203,40.3911221],[28.3920568,40.391165],[28.3920756,40.39121],[28.3920273,40.3912386],[28.3919683,40.3912386],[28.3918959,40.3912467],[28.3918369,40.391261],[28.3917806,40.3912896],[28.3917457,40.3913223],[28.3916867,40.3913366],[28.3916357,40.3913571],[28.3915767,40.391355],[28.3915177,40.391353],[28.391456,40.3913591],[28.3914024,40.3913816],[28.391346,40.3913938],[28.3912817,40.3914081],[28.3912227,40.3914224],[28.3911583,40.3914367],[28.391102,40.391451],[28.3910456,40.3914612],[28.3909813,40.3914776],[28.3909222,40.3914919],[28.3908579,40.3915123],[28.3907935,40.3915307],[28.3907372,40.391545],[28.3906701,40.3915409],[28.3906513,40.391498],[28.3906299,40.3914531],[28.390587,40.3914245],[28.3905253,40.3914306],[28.3904636,40.3914429],[28.3904046,40.3914592],[28.390359,40.3914919],[28.3903268,40.3915348],[28.3903697,40.3915675],[28.3903456,40.3916104],[28.3902946,40.3916369],[28.3902597,40.3916717],[28.3902302,40.3917146]],[[28.391,40.3919188],[28.3911288,40.3918943],[28.3912468,40.3918821],[28.3913702,40.3919066],[28.3914936,40.3919311],[28.3916062,40.3919597],[28.3917135,40.3920087],[28.3917993,40.3920782],[28.3919173,40.3921027],[28.3919012,40.3920087],[28.3918101,40.3918943],[28.3917457,40.3918126],[28.3916384,40.3917799],[28.3915096,40.3917554],[28.3913916,40.3917636],[28.391279,40.3917799],[28.391161,40.3917963],[28.3910483,40.391829],[28.391,40.3919188]],[[28.3920729,40.3922048],[28.3921158,40.3922906],[28.3922392,40.3922947],[28.3923572,40.3922947],[28.392486,40.392307],[28.3926308,40.3923111],[28.3927381,40.3923642],[28.3927971,40.3924418],[28.3929205,40.3924582],[28.3930385,40.3924459],[28.3931512,40.3924132],[28.3932745,40.3923764],[28.3933818,40.3923274],[28.3935106,40.3923274],[28.39365,40.3923274],[28.3937681,40.3923356],[28.3938968,40.3923601],[28.3939934,40.3924214],[28.3940899,40.3924827],[28.3941972,40.3925235],[28.3943152,40.3924827],[28.394267,40.3923928],[28.3942401,40.3923029],[28.3941865,40.3922212],[28.3941221,40.3921354],[28.3941543,40.3920455],[28.3942723,40.3920373],[28.3944118,40.3920373],[28.3945405,40.3920373],[28.3946854,40.3920332],[28.3948302,40.3920169],[28.3949804,40.3919965],[28.3951038,40.391972],[28.3952379,40.3919638],[28.3953559,40.3919597],[28.39549,40.3919556],[28.3956134,40.391927],[28.3959031,40.3918698],[28.3959836,40.3918004],[28.3960372,40.3917105],[28.3961606,40.3916982],[28.3963108,40.3917023],[28.3964395,40.3917023],[28.3965737,40.391686],[28.3966756,40.3916165],[28.3966756,40.3915225],[28.3967185,40.3914367],[28.3968258,40.3913877],[28.3969545,40.3913795],[28.3970725,40.3913591],[28.3971637,40.3912978],[28.3972871,40.3913142],[28.3973515,40.3914],[28.3974695,40.3914367],[28.3975661,40.3914081],[28.3976787,40.3913795],[28.397786,40.3913264],[28.3978879,40.3912733],[28.3979791,40.3912079],[28.3980757,40.3911507],[28.3981937,40.3911221],[28.3982795,40.3911916],[28.3983976,40.3911834],[28.3985102,40.3911262],[28.398639,40.3911099],[28.3987623,40.391114],[28.3988857,40.3911466],[28.3990091,40.3911426],[28.3991378,40.3911099],[28.3992505,40.391069],[28.3992988,40.3909832],[28.399213,40.3909097],[28.3991861,40.3908116],[28.3992505,40.390734],[28.3993417,40.3906768],[28.399449,40.3906359],[28.3995938,40.3906359],[28.3996957,40.3906809],[28.3998191,40.3907176],[28.3999532,40.3907176],[28.4000766,40.3907054],[28.4000659,40.3906032],[28.4000069,40.3905133],[28.4001088,40.3904602],[28.4002376,40.390448],[28.4003609,40.390448],[28.4004843,40.3904521],[28.4006023,40.3904725],[28.4007096,40.3905174],[28.4008384,40.390546],[28.4008008,40.3904521],[28.4007043,40.3903908],[28.4006184,40.3903172],[28.4005487,40.3902355],[28.400495,40.3901538],[28.4004468,40.390068],[28.4003878,40.3899904],[28.4002697,40.3899413],[28.4001464,40.389925],[28.4000927,40.3898392],[28.4000874,40.389737],[28.4000874,40.389639],[28.4001088,40.3895491],[28.4001625,40.3894674],[28.4002644,40.3894061],[28.4003663,40.3893489],[28.4004575,40.3892876],[28.4005594,40.3892304],[28.4006023,40.3891405],[28.4003073,40.3891242],[28.4001946,40.3891405],[28.4000874,40.3891691],[28.3999586,40.3891936],[28.3998513,40.3892304],[28.3997333,40.3892713],[28.3996367,40.3893244],[28.3995295,40.3893652],[28.3994168,40.3893938],[28.3988321,40.3894715],[28.3987462,40.389545],[28.3987033,40.3896349],[28.3986551,40.3897207],[28.3985478,40.3897616],[28.3984297,40.3897942],[28.3983225,40.389831],[28.3982152,40.3898882],[28.3980864,40.3899127],[28.397963,40.3899127],[28.397845,40.3899005],[28.3977163,40.3898882],[28.3976036,40.3898596],[28.3975071,40.3898065],[28.397389,40.3897779],[28.3972442,40.3897983],[28.397212,40.3898841],[28.3973247,40.3899168],[28.3974534,40.3899454],[28.3975768,40.3899781],[28.3977002,40.390019],[28.3978236,40.390019],[28.3979416,40.3900026],[28.3980757,40.3900026],[28.3982259,40.3900026],[28.39836,40.3899863],[28.3984888,40.3899781],[28.3986229,40.3899536],[28.3987677,40.3899291],[28.3988965,40.3899291],[28.3990306,40.3899372],[28.3990896,40.3900149],[28.3991164,40.3901007],[28.3991969,40.3901742],[28.3992827,40.3902519],[28.3993095,40.3903458],[28.3992988,40.3904357],[28.3992666,40.3905297],[28.3992076,40.3906032],[28.3991164,40.3906564],[28.3990198,40.3907054],[28.3989125,40.3907503],[28.3987999,40.3908034],[28.3987087,40.3908606],[28.3986175,40.3909178],[28.3984834,40.390926],[28.39836,40.3909138],[28.3982688,40.3908525],[28.3981562,40.3908484],[28.3980381,40.3908729],[28.3979148,40.3909015],[28.3978289,40.3909628],[28.3977592,40.3910363],[28.3976465,40.3910568],[28.3975178,40.3910608],[28.3972442,40.3910813],[28.3971155,40.3910813],[28.3969867,40.3910731],[28.396858,40.3910731],[28.3967453,40.3910813],[28.3966219,40.3910976],[28.3965039,40.391118],[28.3963859,40.3911507],[28.3962518,40.3911916],[28.3961445,40.3912324],[28.3960426,40.3912815],[28.3959353,40.3913305],[28.3958119,40.3913795],[28.3956885,40.3913959],[28.3955705,40.3914163],[28.3954632,40.3914572],[28.3953452,40.391498],[28.3952272,40.3915184],[28.3951145,40.3915389],[28.3949858,40.3915511],[28.3948678,40.3915675],[28.3947551,40.3915797],[28.3946264,40.3916002],[28.394503,40.3916288],[28.3943903,40.3916492],[28.3942616,40.391686],[28.3941382,40.3917146],[28.3940041,40.3917432],[28.3938914,40.3917718],[28.3937681,40.3918004],[28.3936608,40.3918371],[28.3935535,40.3918698],[28.3934408,40.3919025],[28.3933175,40.3919229],[28.3932048,40.3919393],[28.3930868,40.3919556],[28.3929688,40.391972],[28.3928561,40.3919965],[28.3927381,40.3920128],[28.3926094,40.3920332],[28.3924967,40.3920455],[28.392368,40.3920537],[28.3922446,40.3920823],[28.3921319,40.392119],[28.3920729,40.3922048]],[[28.3927166,40.3925297],[28.3927274,40.3925746],[28.3927327,40.3926236],[28.3927891,40.3926338],[28.3928347,40.3926093],[28.3929044,40.3925909],[28.392958,40.3925787],[28.3930171,40.3925746],[28.3930814,40.3925746],[28.3931404,40.3925685],[28.3931994,40.3925644],[28.3932611,40.3925542],[28.3933282,40.392548],[28.3933926,40.392544],[28.3934516,40.392544],[28.3935133,40.392544],[28.393575,40.3925378],[28.393634,40.3925358],[28.3936983,40.3925358],[28.3937627,40.3925358],[28.393819,40.3925297],[28.3938432,40.3924868],[28.3938479,40.3924613],[28.3938512,40.3924439],[28.393819,40.392405],[28.39376,40.3923928],[28.3936956,40.3923887],[28.393634,40.3923887],[28.3935642,40.3923969],[28.3934972,40.392405],[28.3934355,40.3924132],[28.3933711,40.3924336],[28.3933148,40.39245],[28.3932531,40.3924663],[28.393186,40.3924806],[28.3931217,40.3924908],[28.39306,40.392499],[28.3929956,40.3925031],[28.3929339,40.3925031],[28.3928749,40.3925031],[28.3928132,40.392497],[28.3927515,40.3924929],[28.3927166,40.3925297]],[[28.3943152,40.3922539],[28.3944064,40.3923152],[28.3945405,40.3923764],[28.3946586,40.392356],[28.3947819,40.392356],[28.3948624,40.3924255],[28.3949697,40.3924622],[28.3950984,40.3924377],[28.3952272,40.3924296],[28.3953452,40.3924377],[28.3954686,40.3924704],[28.3955491,40.3925399],[28.3956671,40.392544],[28.3957851,40.3925399],[28.3959085,40.3925276],[28.3960319,40.3925154],[28.3961552,40.3925072],[28.3962732,40.392548],[28.3963913,40.3925603],[28.3965361,40.3925644],[28.3966649,40.3925644],[28.3967882,40.3925848],[28.3969063,40.392642],[28.3970833,40.3926298],[28.3972174,40.3926298],[28.3973408,40.3926298],[28.3974695,40.3926298],[28.3975983,40.3926175],[28.3977163,40.3926012],[28.3978397,40.3925685],[28.3979577,40.3925358],[28.3980703,40.3924949],[28.3981937,40.3924704],[28.3983171,40.3924541],[28.3984405,40.3924418],[28.3985585,40.3924336],[28.3986872,40.3924214],[28.3988213,40.3924214],[28.3989501,40.392405],[28.3990681,40.3923887],[28.3991861,40.3923805],[28.3993041,40.3923601],[28.3994222,40.3923233],[28.3994758,40.3922416],[28.3995134,40.3921476],[28.3994758,40.3920618],[28.3993685,40.3920169],[28.3993256,40.3919842],[28.3992076,40.3919474],[28.3990949,40.391927],[28.3989769,40.3919107],[28.3988589,40.3918984],[28.3987355,40.3918984],[28.3986175,40.3918698],[28.3985156,40.3918167],[28.3984029,40.391784],[28.3982903,40.3917718],[28.3981723,40.3917472],[28.3981615,40.3916574],[28.3982849,40.3916328],[28.3983976,40.3916042],[28.3985102,40.3915675],[28.3986336,40.3915634],[28.398757,40.3915593],[28.3988804,40.3915511],[28.3989984,40.3915184],[28.3991271,40.3914898],[28.3992559,40.3914572],[28.3993578,40.3914],[28.3993953,40.3913142],[28.3995134,40.3912815],[28.3996314,40.391261],[28.3997548,40.3912488],[28.3998728,40.3912324],[28.3999962,40.3912202],[28.4001356,40.391212],[28.400259,40.3911998],[28.4003717,40.391163],[28.4004843,40.3911262],[28.4005862,40.3910772],[28.400656,40.3910077],[28.4006077,40.3909955],[28.4004843,40.3910282],[28.4003663,40.3910322],[28.4002376,40.3910322],[28.4001088,40.3910322],[28.3999747,40.3910322],[28.3998513,40.3910322],[28.3997172,40.3910322],[28.3995938,40.3910404],[28.3994758,40.3910813],[28.3993685,40.3911221],[28.3992559,40.3911589],[28.3991432,40.3912038],[28.3990252,40.3912365],[28.3989072,40.3912529],[28.3987731,40.3912529],[28.3986497,40.391261],[28.3985263,40.3912733],[28.3983815,40.391306],[28.3982634,40.3913509],[28.3981401,40.3913877],[28.3980274,40.3914163],[28.397904,40.3914572],[28.397786,40.3914858],[28.3976626,40.3915144],[28.3975393,40.391547],[28.3974159,40.3915756],[28.3972979,40.3915961],[28.3971691,40.3916165],[28.3970565,40.3916451],[28.3969331,40.3916655],[28.3968151,40.3917023],[28.3967078,40.3917595],[28.3965898,40.3918004],[28.3964664,40.3918167],[28.396343,40.3918167],[28.3962142,40.3918167],[28.3961177,40.3918902],[28.3960211,40.3919474],[28.3959085,40.3919842],[28.3957851,40.392021],[28.3955222,40.3920332],[28.3953988,40.3920455],[28.3952755,40.3920578],[28.3951414,40.3920618],[28.395018,40.3920659],[28.3949,40.3920864],[28.3947766,40.3921109],[28.3946532,40.3921272],[28.3945191,40.3921517],[28.3943957,40.3921803],[28.3943152,40.3922539]],[[28.4001785,40.3909056],[28.4003019,40.3908933],[28.4004307,40.3908892],[28.4005594,40.3908892],[28.4006882,40.390877],[28.4008115,40.3908606],[28.4009403,40.3908443],[28.4010583,40.3908116],[28.4011817,40.3907871],[28.4013158,40.3907789],[28.4014338,40.3907708],[28.4015411,40.3907258],[28.4014714,40.3906564],[28.401348,40.3906237],[28.40123,40.3905991],[28.4011656,40.3905215],[28.4011227,40.3904316],[28.4011173,40.3903377],[28.4011012,40.3902437],[28.4010637,40.3901579],[28.4010637,40.3900598],[28.401069,40.3899618],[28.4010905,40.3898719],[28.401171,40.3897125],[28.4011495,40.3896186],[28.401069,40.3895368],[28.4010744,40.3894429],[28.4011924,40.3894633],[28.4013319,40.3894633],[28.4014499,40.3894551],[28.4015787,40.3894143],[28.4016967,40.3893857],[28.4018254,40.3893693],[28.4019488,40.3893325],[28.4020722,40.3892958],[28.4021956,40.3892549],[28.4023297,40.3892263],[28.4024745,40.3892263],[28.4025925,40.3892304],[28.4027213,40.389259],[28.4028017,40.3893285],[28.4028983,40.3893816],[28.4030217,40.3894102],[28.4031451,40.3894102],[28.4032738,40.3894102],[28.4034187,40.3894061],[28.403542,40.3893857],[28.4037083,40.3893775],[28.4038424,40.3893611],[28.4039658,40.389353],[28.4040946,40.3893366],[28.404234,40.3893203],[28.4043682,40.3892999],[28.4044969,40.3892876],[28.4046203,40.3892672],[28.4047544,40.3892386],[28.4048831,40.38921],[28.4050226,40.3891814],[28.4051514,40.3891487],[28.4052747,40.389116],[28.4053981,40.3890874],[28.4055215,40.3890874],[28.4059131,40.3890465],[28.4060526,40.3890179],[28.4061921,40.3890016],[28.4063154,40.3889934],[28.4064442,40.3889893],[28.4065676,40.3889893],[28.406707,40.3889893],[28.4068412,40.3889852],[28.4069806,40.3889812],[28.4071201,40.3889566],[28.4072435,40.388928],[28.4073722,40.3889199],[28.4074956,40.3889199],[28.4076244,40.3889362],[28.4077424,40.388973],[28.4078658,40.3890016],[28.4079838,40.3889975],[28.4080803,40.388928],[28.4081876,40.3888708],[28.408311,40.3888136],[28.408429,40.3888136],[28.4085631,40.3888096],[28.4086758,40.3888463],[28.4085846,40.3889117],[28.4084719,40.3889526],[28.4083646,40.3890179],[28.4083968,40.3891037],[28.4085149,40.389116],[28.4086168,40.3890629],[28.4087294,40.3890179],[28.4088528,40.3889975],[28.4089762,40.3889648],[28.4090942,40.388924],[28.4092069,40.3888668],[28.4092981,40.3888014],[28.4092551,40.3887074],[28.4091318,40.3887074],[28.4090084,40.3887074],[28.4088957,40.3887074],[28.4087563,40.3887074],[28.4086436,40.3887156],[28.4085095,40.3887319],[28.4083968,40.3887483],[28.4082788,40.3887646],[28.4081447,40.3887646],[28.4080213,40.3887646],[28.4076136,40.3887238],[28.4074902,40.3887278],[28.4073615,40.3887442],[28.4072488,40.3887769],[28.4071362,40.3887932],[28.4070021,40.3888096],[28.4068787,40.3888177],[28.4067285,40.3888177],[28.4066051,40.3888177],[28.4064656,40.3888177],[28.4059507,40.3888831],[28.405838,40.3889035],[28.4057146,40.3888668],[28.4056663,40.388781],[28.4055322,40.3887687],[28.4054142,40.3888055],[28.4053123,40.3888545],[28.4052211,40.3889117],[28.4051299,40.3889648],[28.4050441,40.3890261],[28.4049207,40.3890384],[28.4048027,40.3890261],[28.4046847,40.3890098],[28.4045505,40.3889934],[28.4044218,40.3889771],[28.4042931,40.388928],[28.4041804,40.3888913],[28.4040785,40.38883],[28.4040195,40.3887483],[28.4039283,40.388687],[28.4038103,40.3886829],[28.4036815,40.388687],[28.4035581,40.3886911],[28.4034401,40.3886992],[28.403306,40.3887074],[28.4031773,40.3887238],[28.4030485,40.388736],[28.4029305,40.3887524],[28.4028125,40.3887646],[28.4026837,40.388781],[28.402555,40.3887973],[28.4024209,40.3888096],[28.4022921,40.3888341],[28.4021795,40.3888627],[28.4020561,40.3888913],[28.4019327,40.3889158],[28.4018201,40.3889403],[28.4016806,40.3889607],[28.4015679,40.3889812],[28.4014285,40.3890016],[28.4013051,40.3890179],[28.4011871,40.389022],[28.4010583,40.389022],[28.4009242,40.3890098],[28.4008866,40.3889199],[28.4009939,40.3888708],[28.4011173,40.3888259],[28.4012353,40.3887973],[28.4013587,40.3887687],[28.4014982,40.3887442],[28.4016323,40.3887197],[28.4017557,40.3887115],[28.4018952,40.388687],[28.4020239,40.3886502],[28.4021419,40.3886093],[28.4022546,40.3885562],[28.402378,40.3885154],[28.402496,40.3884868],[28.4026194,40.3884541],[28.4027481,40.3884255],[28.4028768,40.3884132],[28.4030056,40.3883846],[28.403129,40.388356],[28.4032416,40.3883233],[28.4033704,40.3883029],[28.4034991,40.3882825],[28.4036386,40.3882661],[28.403762,40.3882498],[28.40388,40.3882375],[28.4041589,40.3882375],[28.4042931,40.3882294],[28.4044164,40.388213],[28.4045505,40.3881885],[28.4046739,40.3881599],[28.4048027,40.3881313],[28.4049314,40.3881027],[28.4050548,40.3880782],[28.4051728,40.3880414],[28.4052962,40.3879965],[28.4054035,40.3879515],[28.4055322,40.3879107],[28.4056503,40.3878821],[28.4057897,40.3878453],[28.4059238,40.3878085],[28.4060633,40.3877676],[28.4061867,40.3877472],[28.4062993,40.3876982],[28.4064281,40.3876696],[28.4065568,40.3876451],[28.4066909,40.3876246],[28.4068197,40.3876001],[28.4069431,40.3875797],[28.4070879,40.387547],[28.407222,40.3875143],[28.4073669,40.3874816],[28.4074849,40.3874408],[28.4075922,40.3873999],[28.4077156,40.3873427],[28.4080911,40.387261],[28.4082252,40.3872528],[28.4083539,40.3872446],[28.4084988,40.3872242],[28.4086329,40.387212],[28.4087563,40.387212],[28.4088904,40.3872079],[28.4090298,40.3872079],[28.4091532,40.3871997],[28.4092873,40.3871956],[28.4094161,40.3871793],[28.4095663,40.3871629],[28.4096843,40.3871302],[28.4097755,40.3870689],[28.4097755,40.3869668],[28.409754,40.3868646],[28.4097058,40.3867707],[28.4096414,40.3866889],[28.4095663,40.3866072],[28.4094751,40.38655],[28.4093571,40.3865418],[28.4092283,40.3865418],[28.4091103,40.3865664],[28.409003,40.3866154],[28.4089011,40.3866685],[28.4087884,40.3866889],[28.4086758,40.3866481],[28.4086651,40.3865582],[28.4087026,40.386456],[28.4088099,40.386407],[28.4089225,40.3863702],[28.4090459,40.3863212],[28.40918,40.3862763],[28.4093249,40.3862722],[28.4094483,40.3862844],[28.4095716,40.3863049],[28.4096897,40.386313],[28.409813,40.3863294],[28.4099472,40.3863294],[28.4100813,40.3863294],[28.4102046,40.3863294],[28.4103388,40.3862967],[28.4105211,40.38617],[28.4106445,40.3861496],[28.4107679,40.3861292],[28.4108913,40.3861169],[28.4110093,40.3860965],[28.411122,40.3860679],[28.4112453,40.3860597],[28.411358,40.3860311],[28.4114975,40.3860107],[28.4116208,40.3859821],[28.4117496,40.3859494],[28.4118783,40.3859289],[28.4120178,40.3858963],[28.4121466,40.3858676],[28.4122753,40.385835],[28.4124094,40.3858186],[28.4125328,40.3857941],[28.412683,40.3857778],[28.4128332,40.3857778],[28.412962,40.3857778],[28.4130907,40.3857778],[28.4132355,40.3857778],[28.4133697,40.3857859],[28.4135038,40.3857859],[28.4136271,40.3857696],[28.4137398,40.3857369],[28.413831,40.3856715],[28.4138364,40.3855816],[28.4137559,40.3855122],[28.4136057,40.3854958],[28.413493,40.3855081],[28.4133697,40.3855244],[28.413257,40.3855408],[28.4131283,40.385553],[28.4130049,40.3855735],[28.4128869,40.385598],[28.4127688,40.3856102],[28.4126508,40.3856347],[28.4125274,40.3856552],[28.4124094,40.3856552],[28.4122914,40.3856593],[28.4121627,40.3856715],[28.4120446,40.3857001],[28.411932,40.3857369],[28.4118301,40.3857818],[28.4117228,40.3858104],[28.4116048,40.3858268],[28.4114653,40.3858595],[28.4113473,40.3858758],[28.4112292,40.3858963],[28.4111005,40.3859044],[28.4109878,40.3859167],[28.4108591,40.3859167],[28.4107518,40.3858758],[28.4106713,40.3857941],[28.4105587,40.3857941],[28.4104353,40.3858186],[28.4103227,40.3858595],[28.4102154,40.3859085],[28.4103334,40.3859085],[28.4104407,40.3859535],[28.4104729,40.3860434],[28.4103656,40.3860842],[28.4102529,40.3861128],[28.4101349,40.3861128],[28.4100115,40.3861046],[28.4098881,40.3860924],[28.4097594,40.386076],[28.4096414,40.3860638],[28.4094912,40.3860393],[28.4093732,40.3860147],[28.4092444,40.3859861],[28.4091318,40.3859453],[28.4090137,40.3859208],[28.4089011,40.3859003],[28.4087777,40.3858758],[28.4083861,40.3858676],[28.4082735,40.3858431],[28.408193,40.3857696],[28.4080964,40.3856879],[28.4080428,40.3856021],[28.408016,40.3855081],[28.407973,40.38541],[28.4078711,40.3853446],[28.4077907,40.3852588],[28.4076995,40.3851812],[28.4075761,40.3851322],[28.4074688,40.3850995],[28.4073561,40.3850545],[28.4072381,40.3850177],[28.4071201,40.3849687],[28.4070128,40.3849278],[28.4068894,40.3848911],[28.4067714,40.3848502],[28.4066534,40.3848175],[28.4065407,40.384793],[28.4064227,40.3847685],[28.4063047,40.3847358],[28.406176,40.3847031],[28.4061314,40.3847328],[28.4060901,40.3847603],[28.406176,40.3848257],[28.4062886,40.3848706],[28.4063905,40.3849197],[28.4064871,40.3849728],[28.4066051,40.3850259],[28.406707,40.3850831],[28.406809,40.3851608],[28.4069055,40.3852261],[28.4070075,40.3852793],[28.4070986,40.3853651],[28.4071416,40.3853814],[28.4072059,40.385459],[28.4072703,40.3855612],[28.4073293,40.3856429],[28.4074044,40.3857206],[28.4074688,40.3857982],[28.4075278,40.3858799],[28.4075922,40.3859698],[28.4076887,40.3860393],[28.4078121,40.3860556],[28.4079409,40.3860556],[28.4080696,40.3860556],[28.4081662,40.3861087],[28.4082842,40.3861251],[28.4084022,40.3861537],[28.4084022,40.3862477],[28.4084022,40.3863457],[28.4084076,40.3864356],[28.4084076,40.3865296],[28.4084719,40.3867707],[28.4085846,40.3868197],[28.408708,40.3868442],[28.4088206,40.3868115],[28.408944,40.3867952],[28.4090888,40.3867666],[28.409223,40.3867543],[28.409341,40.3867748],[28.4093946,40.3868646],[28.4093034,40.3869218],[28.4092015,40.3869627],[28.4090728,40.3869954],[28.4089547,40.3870117],[28.4088314,40.3870281],[28.408708,40.3870322],[28.40859,40.3870444],[28.4084719,40.3870567],[28.4083486,40.3870649],[28.4082252,40.3870812],[28.4080964,40.3870975],[28.407973,40.3871016],[28.4078604,40.3871302],[28.4077424,40.3871547],[28.4076244,40.3871752],[28.4075063,40.3871915],[28.407383,40.387216],[28.4072703,40.3872406],[28.4071362,40.3872773],[28.4070235,40.3873141],[28.4069109,40.387359],[28.4067982,40.387404],[28.4066909,40.3874408],[28.4065837,40.3874775],[28.4064764,40.3875102],[28.4063637,40.3875552],[28.4062564,40.3875838],[28.4061491,40.3876124],[28.4060311,40.3876369],[28.4059185,40.3876778],[28.4058058,40.3877064],[28.4053338,40.3878044],[28.405205,40.3878208],[28.405087,40.3878371],[28.4049636,40.3878616],[28.4047973,40.3879025],[28.4046686,40.3879433],[28.4045291,40.3879842],[28.4044111,40.388021],[28.4042877,40.3880496],[28.4041697,40.3880659],[28.4040409,40.3880823],[28.4039122,40.3880863],[28.4037673,40.3881068],[28.403644,40.3881231],[28.4034938,40.3881476],[28.4033543,40.388164],[28.4032309,40.3881844],[28.4031022,40.3882089],[28.4029734,40.3882294],[28.402555,40.388307],[28.4024316,40.3883397],[28.4023082,40.3883805],[28.4021956,40.3884296],[28.4020829,40.3884623],[28.4019756,40.3884949],[28.401863,40.3885276],[28.4017342,40.3885603],[28.4016108,40.3885848],[28.4014821,40.3886134],[28.4013694,40.388642],[28.4012461,40.3886665],[28.4011227,40.3886911],[28.4010154,40.3887197],[28.4009027,40.388736],[28.4007794,40.3887524],[28.4006667,40.3887605],[28.4006292,40.3888463],[28.4006131,40.3889362],[28.4006453,40.3890302],[28.4007472,40.3891977],[28.4006613,40.3892672],[28.4005755,40.3893325],[28.400479,40.3893897],[28.4004092,40.3894674],[28.4003878,40.3895573],[28.4005111,40.3895736],[28.4006399,40.3896022],[28.4007472,40.3896553],[28.4008062,40.3897411],[28.4008115,40.389831],[28.4008115,40.389925],[28.4008115,40.3900149],[28.400833,40.3901048],[28.4008545,40.3901906],[28.4008866,40.3902886],[28.4009242,40.3903785],[28.4009725,40.3904684],[28.4010154,40.3905583],[28.4009725,40.3906482],[28.4008652,40.3906768],[28.4007525,40.3907136],[28.4006399,40.3907544],[28.4005272,40.3907789],[28.4003985,40.3907994],[28.4002697,40.390832],[28.4001785,40.3909056]],[[28.4006667,40.3856674],[28.4008384,40.3858064],[28.4010744,40.3858963],[28.4013104,40.3859616],[28.4015465,40.3860025],[28.4017932,40.3860924],[28.4018254,40.386264],[28.401761,40.3864438],[28.4019112,40.3865745],[28.4021473,40.3865173],[28.4023297,40.3863866],[28.4025764,40.3864111],[28.4028232,40.3863621],[28.4030485,40.3862803],[28.403188,40.3861332],[28.4032202,40.3859453],[28.4034562,40.3858881],[28.4037137,40.3858881],[28.4038639,40.3857328],[28.4041107,40.3857737],[28.404336,40.3857001],[28.404175,40.385553],[28.404175,40.3853569],[28.4044218,40.3853405],[28.4046364,40.3852343],[28.4048188,40.3851036],[28.4050763,40.3851036],[28.4052265,40.3852588],[28.4054732,40.385267],[28.4056449,40.3851362],[28.4058809,40.3850382],[28.4059238,40.3848584],[28.4057844,40.3847848],[28.4056771,40.3848666],[28.4054625,40.3849565],[28.4052372,40.3849728],[28.4050012,40.3849728],[28.4047651,40.3849728],[28.4045184,40.3849728],[28.4042823,40.3850218],[28.4040999,40.3851526],[28.4038854,40.3852343],[28.403703,40.3853569],[28.4036922,40.3855285],[28.4034777,40.3856184],[28.4032953,40.3854876],[28.4031558,40.3853405],[28.4029198,40.3853896],[28.402909,40.3855694],[28.402909,40.3857655],[28.4029198,40.3859616],[28.4027052,40.386027],[28.4024799,40.3860434],[28.4022331,40.3860188],[28.4020185,40.3859535],[28.4017825,40.3859371],[28.4015465,40.3858636],[28.4013641,40.3857492],[28.4011602,40.3856593],[28.400892,40.3856184],[28.4006667,40.3856674]]],[[[28.3918074,40.3905869],[28.3918208,40.3905419],[28.3918583,40.390499],[28.3919093,40.3904684],[28.3919737,40.3904623],[28.392038,40.3904623],[28.3921024,40.3904521],[28.3921614,40.3904296],[28.3922178,40.390403],[28.3922794,40.3903867],[28.3923358,40.3903724],[28.3924082,40.3903601],[28.3924779,40.390356],[28.3925396,40.390356],[28.3925986,40.390356],[28.3926603,40.390356],[28.3927274,40.3903581],[28.3927864,40.3903663],[28.3928481,40.3903724],[28.3929124,40.3903724],[28.3929715,40.3903663],[28.3930331,40.3903642],[28.3930948,40.3903663],[28.3931619,40.3903724],[28.3932289,40.3903785],[28.393288,40.3903949],[28.3933416,40.3904255],[28.3933818,40.3904602],[28.3934274,40.390495],[28.3934757,40.3905256],[28.393524,40.3905603],[28.3935589,40.3905971],[28.3935964,40.3906359],[28.3936313,40.3906747],[28.3936742,40.3907135],[28.3937278,40.3907483],[28.3937708,40.390783],[28.3937439,40.3908259],[28.3936956,40.3908566],[28.3936447,40.390879],[28.3935857,40.3908954],[28.3935267,40.3909097],[28.3934677,40.3909199],[28.3934087,40.3909281],[28.3933523,40.3909362],[28.3932853,40.3909362],[28.3932209,40.3909362],[28.3931592,40.3909362],[28.3931002,40.3909424],[28.3930412,40.3909444],[28.3929849,40.3909546],[28.3929259,40.3909628],[28.3928668,40.3909771],[28.3928132,40.3909975],[28.3927515,40.3910159],[28.3926871,40.3910363],[28.3926254,40.3910588],[28.3925611,40.3910792],[28.3925021,40.3910915],[28.3924404,40.3911058],[28.3923706,40.3911242],[28.3923143,40.391118],[28.3922768,40.3910997],[28.3922258,40.3910751],[28.3921936,40.3910363],[28.3921695,40.3909934],[28.3921105,40.3909771],[28.3920541,40.3909587],[28.3920085,40.3909301],[28.3919683,40.3908913],[28.3919603,40.3908463],[28.3919415,40.3908034],[28.3919254,40.3907564],[28.3919013,40.3907095],[28.391861,40.3906747],[28.3918262,40.3906318],[28.3918074,40.3905869]]]]}},{"type":"Feature","properties":{"id":"igneada-longoz-tour","name":"İğneada Longoz Ormanları Millî Parkı","source":"OpenStreetMap","source_url":"https://www.openstreetmap.org/relation/1715854"},"geometry":{"type":"MultiPolygon","coordinates":[[[[27.9184115,41.826136],[27.9197375,41.8255335],[27.9236508,41.824931],[27.9253002,41.8248828],[27.9280493,41.8261119],[27.9290195,41.8253648],[27.9288255,41.8248105],[27.9289225,41.8229788],[27.9302808,41.8222558],[27.931057,41.8210507],[27.9319626,41.8206651],[27.9343235,41.8206651],[27.9353584,41.8203758],[27.936458,41.819701],[27.9365551,41.8187369],[27.9370725,41.8182789],[27.9376223,41.8187128],[27.937687,41.8198215],[27.9381721,41.8205687],[27.9398539,41.8207856],[27.9422795,41.8181825],[27.9426353,41.8173389],[27.9434761,41.8171461],[27.9436378,41.8157722],[27.9431851,41.814808],[27.9438319,41.8142536],[27.9430557,41.8105896],[27.9434115,41.8086611],[27.9439613,41.8078415],[27.9425059,41.8076004],[27.9445434,41.8073835],[27.9497827,41.8082995],[27.954925,41.8070701],[27.9572213,41.8052861],[27.9574477,41.8042736],[27.9563157,41.8026101],[27.9547957,41.8020074],[27.9547957,41.801477],[27.9557659,41.80126],[27.9559923,41.8005849],[27.954925,41.7991142],[27.9566068,41.7995],[27.9587219,41.8006332],[27.960533,41.800421],[27.9613868,41.7993987],[27.9618526,41.7976435],[27.9635343,41.7977207],[27.9644916,41.8007103],[27.9654748,41.8017711],[27.9661475,41.8009803],[27.9657335,41.8001124],[27.9667943,41.7986851],[27.9678293,41.7978364],[27.9703907,41.7975085],[27.9716692,41.7965969],[27.9747486,41.7967147],[27.9766436,41.7958317],[27.9786176,41.7958317],[27.9804336,41.7953608],[27.9839868,41.7957728],[27.9858028,41.7947721],[27.9884874,41.7951842],[27.9899087,41.793477],[27.9933039,41.792594],[27.9946462,41.7935359],[27.9955937,41.7931827],[27.9955937,41.791711],[27.9944093,41.7901803],[27.9959885,41.787119],[27.9973308,41.7858826],[27.9951199,41.7849406],[27.9990679,41.7837631],[28.0002522,41.7813491],[28.0020683,41.7815257],[28.0033316,41.7834098],[28.0033316,41.7845874],[28.004437,41.7846462],[28.0065689,41.7827033],[28.0090167,41.7789939],[28.0087008,41.7780518],[28.0087008,41.7769919],[28.0110696,41.7767564],[28.01407,41.7748132],[28.0144648,41.7724578],[28.0154913,41.7706911],[28.0184917,41.7719278],[28.018484,41.772279],[28.0182159,41.7725119],[28.0177116,41.773048],[28.017025,41.7737041],[28.0166495,41.7743362],[28.0162954,41.7747923],[28.0164885,41.7754804],[28.016746,41.7756965],[28.017457,41.775793],[28.017684,41.775879],[28.017688,41.776136],[28.017345,41.776139],[28.017225,41.775971],[28.017001,41.776013],[28.016662,41.776273],[28.0162354,41.7762767],[28.0157161,41.7760405],[28.014949,41.776417],[28.014729,41.7768166],[28.0143964,41.7771686],[28.0140531,41.7775367],[28.0137098,41.7780807],[28.013265,41.778357],[28.013095,41.778487],[28.0126369,41.7788488],[28.0122614,41.7792168],[28.0111349,41.7803609],[28.010396,41.781334],[28.0095255,41.782121],[28.0091309,41.7826169],[28.00871,41.783146],[28.0083215,41.783791],[28.0073946,41.7848711],[28.0049447,41.7877259],[28.0048238,41.7880149],[28.0045903,41.788313],[28.00434,41.788832],[28.004001,41.789091],[28.0035496,41.7895849],[28.0030668,41.7901449],[28.0027342,41.7907288],[28.0020046,41.7915767],[28.0016506,41.7920967],[28.000975,41.792968],[28.0004704,41.7936805],[28.0000474,41.7943551],[27.9995477,41.7950003],[27.9993331,41.7952802],[27.998904,41.7959521],[27.998389,41.796688],[27.997956,41.797358],[27.9975092,41.7979517],[27.9971552,41.7985436],[27.9969299,41.7989755],[27.996616,41.799423],[27.9961359,41.7998473],[27.9958141,41.8004152],[27.9956961,41.8007991],[27.99561,41.800972],[27.9952884,41.8012549],[27.9950738,41.8016308],[27.9948699,41.8021827],[27.9944944,41.8028625],[27.9940224,41.8033024],[27.9937566,41.803754],[27.9933419,41.80442],[27.9931104,41.8050459],[27.9928207,41.8054217],[27.9925418,41.8059895],[27.9921234,41.8065414],[27.9917478,41.8073091],[27.9913831,41.8080368],[27.9911363,41.8087566],[27.9908574,41.8091484],[27.9903531,41.8099881],[27.9896986,41.8109797],[27.9895699,41.8114435],[27.9891622,41.8119713],[27.9889476,41.812523],[27.9887438,41.8129868],[27.988615,41.8135306],[27.988261,41.81387],[27.9880504,41.814229],[27.9876602,41.81477],[27.9875421,41.8151219],[27.9871911,41.8161937],[27.986933,41.816705],[27.9866042,41.8174443],[27.98627,41.818251],[27.9859864,41.8189715],[27.985607,41.819797],[27.9853692,41.8204465],[27.9851257,41.8210863],[27.9846883,41.8215665],[27.984613,41.822116],[27.983951,41.823662],[27.9837012,41.824061],[27.983288,41.825208],[27.9827464,41.8265394],[27.9824352,41.8273789],[27.982302,41.82804],[27.981931,41.8287379],[27.9817593,41.8292736],[27.9813825,41.8304059],[27.981319,41.831128],[27.9810574,41.8318153],[27.980996,41.832415],[27.9801358,41.8354917],[27.9793569,41.8387466],[27.979035,41.8400687],[27.979062,41.840645],[27.9787392,41.8422644],[27.9785661,41.8431324],[27.9785994,41.8438134],[27.978369,41.8464433],[27.9782295,41.8482575],[27.978133,41.8525731],[27.978255,41.855284],[27.9784867,41.8569199],[27.978641,41.858104],[27.9789698,41.8610835],[27.979761,41.863998],[27.9809037,41.8682403],[27.9799759,41.8681736],[27.9796494,41.8682641],[27.9794556,41.8683248],[27.9784353,41.8676449],[27.9780161,41.8675536],[27.9776619,41.8677457],[27.9774569,41.8678775],[27.977343,41.8680626],[27.9776122,41.8683787],[27.9775823,41.8685926],[27.9772584,41.8689836],[27.9763177,41.8688183],[27.9746194,41.8682014],[27.9727128,41.8687305],[27.9717749,41.8688509],[27.9717749,41.8720059],[27.9675382,41.8721022],[27.9676676,41.8740769],[27.965436,41.8741733],[27.9611022,41.8746308],[27.957383,41.873523],[27.9533079,41.8730655],[27.9488125,41.8737639],[27.9441965,41.8735798],[27.9436076,41.8739788],[27.9412015,41.8745697],[27.9396379,41.8746019],[27.9380104,41.8758349],[27.9359082,41.8744382],[27.9345499,41.8730173],[27.9335796,41.8710907],[27.9331916,41.8666593],[27.9303455,41.8660331],[27.9300544,41.8648529],[27.9308953,41.8635282],[27.9303455,41.8625407],[27.9305719,41.8616735],[27.9318332,41.8616495],[27.93248,41.8625407],[27.9353908,41.8633355],[27.9381075,41.8625166],[27.942991,41.8628538],[27.9438642,41.8622757],[27.9455137,41.8620108],[27.9465162,41.860975],[27.9479069,41.8598911],[27.949718,41.8596502],[27.9509794,41.8579882],[27.9542458,41.8561093],[27.9592588,41.854399],[27.9629134,41.8539654],[27.9635925,41.8529536],[27.9608112,41.8521827],[27.9605848,41.8493882],[27.9597439,41.8477982],[27.9599703,41.8457022],[27.9615874,41.8456781],[27.9625899,41.8441361],[27.9629457,41.8421845],[27.961555,41.8422086],[27.9587737,41.8418231],[27.9576094,41.8406425],[27.9585149,41.8383294],[27.9577711,41.8364258],[27.9558306,41.8346668],[27.9524671,41.8354861],[27.9491682,41.8356066],[27.9463869,41.8355102],[27.9419561,41.836209],[27.9403714,41.8358475],[27.937687,41.836474],[27.9362963,41.8382089],[27.9345176,41.8384981],[27.932286,41.8377511],[27.9306689,41.8366668],[27.9261411,41.8362813],[27.9251709,41.8366186],[27.9229716,41.8345222],[27.9226806,41.833221],[27.9251709,41.8323535],[27.9238449,41.8311486],[27.9221308,41.8275579],[27.9204814,41.8267867],[27.9184115,41.826136]]],[[[27.9399349,41.9098656],[27.9416686,41.9089859],[27.9430871,41.9060534],[27.9426931,41.905115],[27.9436387,41.903942],[27.9437176,41.9028275],[27.9454513,41.9024756],[27.9477366,41.9032968],[27.9508888,41.9026516],[27.9514405,41.9015371],[27.9530954,41.9015371],[27.9556172,41.9006573],[27.9576661,41.900716],[27.9593998,41.900364],[27.9612911,41.8990736],[27.9633401,41.8989563],[27.9657042,41.8979004],[27.9669651,41.8964926],[27.9660983,41.895378],[27.9672804,41.8946741],[27.971457,41.8958473],[27.9730331,41.8950261],[27.9750821,41.8950261],[27.9804408,41.8927969],[27.9828838,41.8920929],[27.9841447,41.8904503],[27.9839083,41.8892183],[27.9845387,41.8864023],[27.9870588,41.8862063],[27.9919526,41.8842448],[27.9938535,41.8851468],[27.9948407,41.8860507],[28.0033898,41.8938776],[28.0040036,41.8944395],[28.0007726,41.8976071],[27.9980144,41.8974311],[27.9958079,41.8968445],[27.9933649,41.8977244],[27.9911584,41.8990149],[27.9896611,41.8989563],[27.9881638,41.8980177],[27.9872181,41.8993082],[27.9862724,41.8998361],[27.9817805,41.9001881],[27.979968,41.9015371],[27.9798104,41.90359],[27.9788647,41.9049977],[27.9781555,41.9068745],[27.9765794,41.9068745],[27.9764218,41.9077543],[27.9742152,41.9071678],[27.9723239,41.9080475],[27.9716146,41.9096311],[27.9704326,41.9095138],[27.9692505,41.9113318],[27.9696445,41.9121529],[27.967832,41.9135603],[27.9668863,41.9125047],[27.9657831,41.9119769],[27.9643646,41.9129152],[27.9641281,41.9146159],[27.9627096,41.9147919],[27.962158,41.913619],[27.9606607,41.9125634],[27.9616064,41.911625],[27.9598726,41.9103935],[27.9605031,41.9086927],[27.961764,41.9068745],[27.9627096,41.9069918],[27.9638129,41.9067572],[27.9648374,41.905291],[27.9669651,41.905291],[27.96862,41.9045871],[27.9688565,41.9035314],[27.9676744,41.9032968],[27.9634977,41.9042352],[27.9626308,41.9053496],[27.9594786,41.9063467],[27.9544351,41.9087513],[27.9514405,41.9086927],[27.9484459,41.9103348],[27.9453725,41.9104521],[27.9444268,41.9122701],[27.9424567,41.9107454],[27.9414322,41.9113318],[27.9399349,41.910804],[27.9399349,41.9098656]]]]}},{"type":"Feature","properties":{"id":"kapadokya","name":"Göreme Millî Parkı ve Kapadokya Peribacaları","source":"OpenStreetMap","source_url":"https://www.openstreetmap.org/relation/252585"},"geometry":{"type":"Polygon","coordinates":[[[34.7829513,38.632194],[34.7875838,38.6258782],[34.8070613,38.6056176],[34.8250386,38.6023963],[34.8382229,38.6055108],[34.8563057,38.6064404],[34.8625296,38.6163008],[34.8757295,38.6222323],[34.8778895,38.6223174],[34.8792748,38.622372],[34.8799806,38.6225713],[34.8806548,38.6219738],[34.8829691,38.6227558],[34.8856885,38.6233069],[34.8933717,38.6204327],[34.8955366,38.6200555],[34.8968292,38.6177342],[34.900504,38.6166349],[34.9037231,38.6165344],[34.9110457,38.6151386],[34.9129085,38.6192241],[34.9148839,38.6202527],[34.9191445,38.6221712],[34.9208846,38.6259572],[34.9212586,38.6291332],[34.9196655,38.6293407],[34.9195999,38.6293492],[34.9179869,38.633028],[34.9134092,38.6393284],[34.9122671,38.6414307],[34.9138828,38.6480555],[34.9155298,38.6518994],[34.9149766,38.6638286],[34.9195913,38.673766],[34.9174623,38.6818875],[34.9104481,38.682877],[34.8936011,38.6963576],[34.8880594,38.6976029],[34.8738779,38.6971516],[34.8662505,38.69313],[34.8622827,38.6980414],[34.8574721,38.697861],[34.8232275,38.6965764],[34.816658,38.6912997],[34.8139258,38.6895153],[34.8120755,38.6866268],[34.8122562,38.6851303],[34.8117805,38.6837172],[34.8097426,38.6829009],[34.809579,38.681475],[34.8084905,38.6783826],[34.8088633,38.6735882],[34.8096578,38.6720997],[34.7988617,38.6584436],[34.7969475,38.6528557],[34.7870367,38.6417281],[34.788536,38.6383743],[34.7829513,38.632194]]]}},{"type":"Feature","properties":{"id":"pamukkale","name":"Pamukkale Travertenleri","source":"OpenStreetMap","source_url":"https://www.openstreetmap.org/way/15494594"},"geometry":{"type":"Polygon","coordinates":[[[29.1170451,37.9235611],[29.1189429,37.922245],[29.1204861,37.9224632],[29.1205529,37.9222525],[29.1204502,37.9220418],[29.1200496,37.9216286],[29.1198544,37.9210452],[29.1209792,37.921341],[29.1219447,37.9214949],[29.1225021,37.9216275],[29.1232385,37.9211781],[29.1235071,37.9202976],[29.1240443,37.9197788],[29.1240798,37.9197564],[29.1245587,37.9194545],[29.1266521,37.9188713],[29.1273989,37.918906],[29.1276874,37.9195557],[29.126408,37.9214816],[29.1256014,37.9218326],[29.1248789,37.9228473],[29.125177,37.9230339],[29.1248651,37.9235003],[29.1238859,37.9244425],[29.1234791,37.9242835],[29.1231832,37.9246501],[29.122327,37.924258],[29.1220398,37.9241264],[29.1213267,37.9242351],[29.1211526,37.9242305],[29.121004,37.9242265],[29.1204472,37.9243811],[29.1204102,37.9245236],[29.1206136,37.9248256],[29.1209592,37.9249571],[29.1211126,37.9249919],[29.1211198,37.9250499],[29.1213199,37.9251827],[29.1214509,37.9252197],[29.1215719,37.9251946],[29.1217846,37.9251148],[29.1218741,37.9250985],[29.1231956,37.9255485],[29.1232758,37.9267052],[29.1230419,37.9273715],[29.1225325,37.9272808],[29.1224076,37.9273845],[29.122355,37.9275348],[29.1220908,37.9276695],[29.1223556,37.9288007],[29.1219336,37.9297819],[29.1208698,37.9301359],[29.1205324,37.9300105],[29.1207737,37.9294596],[29.1208508,37.9287709],[29.1203937,37.9285359],[29.1200599,37.9280741],[29.1181243,37.9272468],[29.1175308,37.9256532],[29.1179234,37.9250115],[29.1170451,37.9235611]]]}},{"type":"Feature","properties":{"id":"gelibolu-tour","name":"Çanakkale Savaşları Gelibolu Tarihî Alanı","source":"OpenStreetMap","source_url":"https://www.openstreetmap.org/relation/1715983"},"geometry":{"type":"Polygon","coordinates":[[[26.166108,40.0532566],[26.1661395,40.0530041],[26.1662686,40.0523154],[26.1664408,40.0518532],[26.1665083,40.0515891],[26.1665793,40.0514341],[26.1667164,40.0513652],[26.1668405,40.0513993],[26.1669706,40.0514726],[26.167396,40.051342],[26.1675597,40.0511941],[26.1676752,40.0510503],[26.1679641,40.0506789],[26.1682751,40.0502321],[26.1685253,40.0500792],[26.1690622,40.049388],[26.1692684,40.0489666],[26.1695082,40.0486388],[26.169639,40.0481817],[26.1696909,40.0479039],[26.1697536,40.047687],[26.1698922,40.0475432],[26.1700335,40.0474343],[26.1701201,40.0470994],[26.1701531,40.0470519],[26.1703723,40.0468649],[26.170541,40.0467837],[26.1706264,40.0467045],[26.1707789,40.046299],[26.170968,40.0461143],[26.1713382,40.0458634],[26.171643,40.0456759],[26.1719384,40.0455296],[26.1722866,40.0454987],[26.1723881,40.0454473],[26.17265,40.045218],[26.1727577,40.0450248],[26.172924,40.0447931],[26.1728033,40.044702],[26.1725619,40.0446108],[26.1725697,40.0445607],[26.1728499,40.0445501],[26.173061,40.0445037],[26.1732508,40.0443792],[26.173505,40.0442114],[26.1736214,40.0441277],[26.1740735,40.0438196],[26.1745397,40.0436132],[26.1748609,40.0432854],[26.1752383,40.0430167],[26.1757647,40.0429919],[26.176351,40.043061],[26.1768025,40.0432359],[26.1778496,40.0433657],[26.1789332,40.0435106],[26.1795093,40.0435505],[26.180019,40.0436],[26.1808645,40.0437962],[26.1818743,40.0441025],[26.1820672,40.0440489],[26.182689,40.043876],[26.1830226,40.0437796],[26.1834103,40.0436044],[26.184032,40.043244],[26.1842913,40.0430205],[26.1844308,40.0428568],[26.1845876,40.0426692],[26.1848233,40.0425789],[26.1849508,40.0424839],[26.1850496,40.0423899],[26.1851547,40.0422334],[26.1852017,40.0420765],[26.1852362,40.0419982],[26.1853046,40.0419266],[26.1853118,40.0418562],[26.185276,40.0418163],[26.1853018,40.0417724],[26.1853814,40.0418288],[26.1854498,40.04186],[26.185637,40.0418852],[26.1857056,40.0418822],[26.1858197,40.0418388],[26.1858857,40.0418138],[26.1861663,40.0417071],[26.1862947,40.041697],[26.1864344,40.0416711],[26.1867551,40.0416114],[26.1870577,40.0415463],[26.1871709,40.0415128],[26.1872318,40.0414695],[26.1872278,40.0413725],[26.1872419,40.041281],[26.1873379,40.0411496],[26.1877136,40.0408729],[26.1879765,40.0407729],[26.1882919,40.040738],[26.1886759,40.0408202],[26.1892725,40.041158],[26.1896247,40.0412919],[26.1898184,40.0414312],[26.1901139,40.0417217],[26.1911179,40.0414531],[26.1912128,40.0414873],[26.1912261,40.0416119],[26.19073,40.0417235],[26.1901175,40.0418572],[26.1897676,40.0416646],[26.1894424,40.0419982],[26.1896388,40.0421814],[26.1898965,40.0420451],[26.1905487,40.0419494],[26.1905728,40.04203],[26.1904277,40.0420773],[26.1903936,40.0422049],[26.1906391,40.0423881],[26.1905763,40.0425448],[26.1909083,40.0428627],[26.1914088,40.0430428],[26.1918485,40.0433261],[26.1923235,40.0434735],[26.192713,40.04369],[26.1937038,40.0439294],[26.1939617,40.0440776],[26.1941301,40.0444177],[26.1946843,40.0451305],[26.1948432,40.0454327],[26.1946345,40.0457522],[26.194852,40.046401],[26.1950417,40.0466298],[26.1951963,40.0468163],[26.1955258,40.047033],[26.195846,40.047178],[26.1961162,40.0475965],[26.196505,40.047953],[26.196836,40.048212],[26.1968564,40.0482279],[26.197167,40.048471],[26.197498,40.04873],[26.197829,40.048989],[26.1981076,40.0492969],[26.1982959,40.049505],[26.1995201,40.0509365],[26.2002851,40.051448],[26.2008549,40.0516551],[26.2012796,40.05181],[26.2017778,40.0520206],[26.2023795,40.0522457],[26.2026544,40.05241],[26.2029662,40.0525743],[26.2035406,40.0528133],[26.2038669,40.0529667],[26.2042734,40.0531107],[26.2048409,40.053277],[26.2053837,40.0533726],[26.2058201,40.0534261],[26.2061272,40.0534182],[26.2075979,40.0534342],[26.2094974,40.0533178],[26.2101282,40.0532529],[26.2107714,40.0531502],[26.2120804,40.0528668],[26.2127838,40.052634],[26.2134059,40.0523443],[26.2141108,40.0519484],[26.214361,40.0516557],[26.2145309,40.051415],[26.2145708,40.0510318],[26.2143022,40.0508832],[26.2137993,40.0508015],[26.2137272,40.0507759],[26.2136891,40.0507228],[26.2136861,40.0506716],[26.2137278,40.0506204],[26.2138161,40.0506076],[26.2139222,40.0506249],[26.2142828,40.0507712],[26.2146212,40.050866],[26.2153006,40.0506077],[26.2155605,40.0504333],[26.2157802,40.050244],[26.2157558,40.050209],[26.2159196,40.0500867],[26.2160624,40.0499895],[26.2160962,40.0497964],[26.2161127,40.0496146],[26.2160642,40.0494162],[26.2161302,40.0491499],[26.216373,40.048988],[26.2167438,40.0488445],[26.2174189,40.0487656],[26.2177921,40.0486831],[26.2183987,40.0487846],[26.2189474,40.0489483],[26.2196273,40.049151],[26.2202951,40.0492503],[26.2206873,40.0493087],[26.2212774,40.049359],[26.2217738,40.0494674],[26.2219571,40.0495728],[26.222199,40.0496602],[26.2224851,40.0497676],[26.2227796,40.0499116],[26.2230964,40.0500894],[26.2235527,40.0502262],[26.2240189,40.0503949],[26.2244056,40.0504947],[26.2247601,40.0506684],[26.2253479,40.0508791],[26.2258425,40.051155],[26.2261138,40.0513363],[26.226367,40.051622],[26.2265234,40.0518279],[26.2267569,40.0519507],[26.2269368,40.0521433],[26.2273694,40.0524407],[26.227854,40.053045],[26.2279899,40.0532851],[26.2281185,40.0535124],[26.2281716,40.0536869],[26.2283016,40.0539612],[26.2284211,40.0541362],[26.2284939,40.0543905],[26.2285537,40.0545177],[26.2286536,40.0546116],[26.2289061,40.054745],[26.2289773,40.0547967],[26.2290117,40.0548842],[26.2289936,40.0549979],[26.2289607,40.055174],[26.2290661,40.0553292],[26.2290958,40.0556225],[26.2293171,40.0557897],[26.2293941,40.0560034],[26.2297177,40.0561525],[26.229815,40.05691],[26.229812,40.057166],[26.229472,40.057678],[26.229469,40.057934],[26.2295403,40.0581456],[26.229798,40.05845],[26.2299554,40.0587356],[26.2304928,40.0591945],[26.230919,40.0595056],[26.2313161,40.0598607],[26.231977,40.060226],[26.2323766,40.0603667],[26.2328601,40.0605003],[26.2333296,40.0605642],[26.2340136,40.0605638],[26.2343912,40.0605997],[26.2346155,40.0607778],[26.2350592,40.0608935],[26.2357715,40.0609923],[26.2364936,40.0610288],[26.2376513,40.0610791],[26.2383087,40.0611129],[26.2391383,40.060998],[26.239625,40.061211],[26.240049,40.0613508],[26.240291,40.061472],[26.240625,40.061474],[26.240956,40.061733],[26.2410994,40.0620299],[26.241619,40.062251],[26.24195,40.06251],[26.24295,40.062773],[26.2433808,40.0630717],[26.243912,40.0631728],[26.2443271,40.063289],[26.244912,40.0634368],[26.24528,40.063559],[26.2456859,40.0637708],[26.246277,40.0640507],[26.2466359,40.0644525],[26.2470525,40.0646728],[26.247439,40.0649742],[26.2478235,40.0652299],[26.2480004,40.0655737],[26.2483129,40.0658799],[26.248753,40.066791],[26.249079,40.067564],[26.249241,40.068078],[26.249574,40.068208],[26.2498927,40.0685896],[26.2508311,40.068863],[26.2512841,40.0689434],[26.2515118,40.0689302],[26.2516069,40.0688682],[26.2517161,40.0688598],[26.2517864,40.0689258],[26.2517609,40.0690123],[26.2518007,40.0690846],[26.2518729,40.0691124],[26.2519592,40.0691152],[26.2520805,40.0690858],[26.2521995,40.0690568],[26.2523372,40.0690654],[26.2525683,40.0691398],[26.252671,40.0691994],[26.2527503,40.0692697],[26.2530982,40.0694186],[26.2535842,40.0696536],[26.254159,40.0698851],[26.2545133,40.070063],[26.254898,40.070297],[26.2556645,40.0707225],[26.2559636,40.0708718],[26.2562906,40.0709817],[26.2568787,40.0710907],[26.2572595,40.0711801],[26.257561,40.071341],[26.2576905,40.0714549],[26.2578388,40.0715117],[26.2584624,40.0717313],[26.2595415,40.0720768],[26.2597408,40.0721833],[26.2599074,40.0722934],[26.260223,40.0724279],[26.2605737,40.072585],[26.2615822,40.073003],[26.2622509,40.0732593],[26.262886,40.073429],[26.2636588,40.0736085],[26.264554,40.073697],[26.2650018,40.073958],[26.2653279,40.074071],[26.2657109,40.0741456],[26.266554,40.074223],[26.2668318,40.074418],[26.2669982,40.0746008],[26.267246,40.0747524],[26.2678218,40.0749803],[26.2681382,40.0752984],[26.26888,40.075522],[26.2694094,40.0758231],[26.269877,40.076041],[26.2706305,40.076403],[26.27098,40.0765866],[26.2713182,40.0768762],[26.271871,40.077081],[26.2722246,40.0771773],[26.2725581,40.0774254],[26.2730508,40.0776517],[26.27347,40.0778093],[26.273868,40.0779209],[26.2742065,40.0779472],[26.2747005,40.0779489],[26.2749704,40.0779321],[26.275297,40.0779641],[26.2754843,40.0780543],[26.2756345,40.0781211],[26.2758343,40.0782366],[26.2760945,40.0784902],[26.2763304,40.0785328],[26.2766503,40.0785375],[26.276868,40.078653],[26.277534,40.078914],[26.277866,40.079173],[26.2782,40.079175],[26.278534,40.079177],[26.2792,40.079438],[26.279531,40.079697],[26.280197,40.079958],[26.280529,40.080216],[26.281195,40.080477],[26.282195,40.08074],[26.282526,40.080999],[26.283192,40.08126],[26.283524,40.081519],[26.283855,40.081778],[26.284187,40.082036],[26.284853,40.082297],[26.285853,40.08256],[26.288524,40.082833],[26.288884,40.082838],[26.2893688,40.0827166],[26.2897819,40.0827367],[26.290195,40.082844],[26.2905839,40.0830657],[26.2909104,40.0832835],[26.2917085,40.0833395],[26.2920603,40.0836783],[26.2925559,40.0839017],[26.2926846,40.0841918],[26.292854,40.084401],[26.294522,40.084668],[26.2949847,40.0848013],[26.2954807,40.0848772],[26.2957765,40.0851167],[26.2961934,40.0853305],[26.2966933,40.0854723],[26.2970171,40.085686],[26.2973084,40.0857442],[26.2974919,40.0859169],[26.297958,40.0862611],[26.298299,40.0867389],[26.2991854,40.0872155],[26.2994825,40.0874489],[26.2996911,40.0876536],[26.2999828,40.0878772],[26.30017,40.08804],[26.3005971,40.0882788],[26.3010537,40.088583],[26.3014062,40.0887801],[26.3016731,40.0889963],[26.3020725,40.0892223],[26.3024365,40.089462],[26.3031187,40.0897747],[26.3034574,40.0899378],[26.3037891,40.0900593],[26.3041336,40.0902008],[26.3045939,40.0904381],[26.3048238,40.0906207],[26.3051743,40.0907872],[26.3054337,40.0909449],[26.3058464,40.091099],[26.3063665,40.0913018],[26.3068748,40.0917133],[26.3075061,40.0920598],[26.3078609,40.0923212],[26.3082758,40.0925158],[26.308649,40.092585],[26.30898,40.092843],[26.309312,40.093102],[26.3095474,40.0935005],[26.3100422,40.093982],[26.3105561,40.0945075],[26.310634,40.094651],[26.310869,40.0950323],[26.3109265,40.0954565],[26.3108078,40.0959779],[26.3110868,40.09712],[26.311274,40.097479],[26.311598,40.098508],[26.311922,40.0992727],[26.312254,40.099796],[26.312341,40.1001494],[26.3124846,40.1003899],[26.3125681,40.1004598],[26.3127425,40.1005645],[26.31297,40.1006394],[26.3133366,40.1007189],[26.313569,40.1008487],[26.3137765,40.1009108],[26.314082,40.100962],[26.314602,40.1010602],[26.3150724,40.1011909],[26.3153944,40.1013635],[26.3155909,40.1013658],[26.3157315,40.1012953],[26.3158251,40.1012499],[26.3158697,40.1012439],[26.3158825,40.1012922],[26.3158691,40.1013696],[26.3157979,40.1014711],[26.315786,40.1015457],[26.315835,40.101621],[26.3159373,40.1016897],[26.3160522,40.1016889],[26.3160821,40.101726],[26.3162807,40.1020427],[26.3164186,40.1021491],[26.3165848,40.1022159],[26.316744,40.102261],[26.317708,40.1025732],[26.3186516,40.1028656],[26.3193215,40.1030612],[26.3200879,40.103139],[26.3203581,40.1032042],[26.3206238,40.1033109],[26.3207835,40.1033715],[26.3209002,40.1034012],[26.3212812,40.103573],[26.3216459,40.1037917],[26.3221628,40.1040259],[26.3223729,40.1041154],[26.3225169,40.1041037],[26.3226957,40.1041268],[26.3229174,40.1041476],[26.3231872,40.1041938],[26.3233677,40.1042262],[26.3235682,40.1043027],[26.3238038,40.1043578],[26.3239503,40.1044124],[26.3240592,40.1044628],[26.3242404,40.1045184],[26.3246416,40.1047618],[26.3247949,40.1048148],[26.3248944,40.1048762],[26.3249884,40.1049478],[26.3252175,40.1050352],[26.3253253,40.1050851],[26.325409,40.105137],[26.325729,40.105263],[26.326055,40.1053353],[26.3262072,40.1053909],[26.3263487,40.1054158],[26.3266584,40.105447],[26.3269559,40.1056906],[26.327716,40.1060168],[26.3280318,40.106131],[26.32819,40.1062183],[26.3282933,40.1063137],[26.3284861,40.1065944],[26.3287468,40.1069771],[26.3291057,40.1072265],[26.3292044,40.1074032],[26.3293062,40.1075398],[26.3294356,40.1076388],[26.3296036,40.107726],[26.32982,40.1078565],[26.3299374,40.1079253],[26.330021,40.108013],[26.330321,40.1084573],[26.330401,40.1085254],[26.3304778,40.1085911],[26.3306592,40.1087379],[26.3308741,40.1088419],[26.3310798,40.1089352],[26.3314069,40.1090713],[26.3316389,40.1091454],[26.3318848,40.1092467],[26.3320406,40.1093643],[26.3324812,40.1095839],[26.3326427,40.1097686],[26.332697,40.1100683],[26.3328698,40.1106429],[26.3331084,40.1109572],[26.3334134,40.1111844],[26.3338245,40.1114746],[26.3340632,40.1116183],[26.3342781,40.1117001],[26.3345298,40.1118216],[26.3348766,40.1122113],[26.3353738,40.112582],[26.3356201,40.1128774],[26.3359236,40.1132187],[26.3363697,40.1134667],[26.3367021,40.1137667],[26.3375631,40.1140873],[26.3376978,40.1143899],[26.3376955,40.1147424],[26.3377447,40.1151237],[26.3378172,40.1152875],[26.3379411,40.1154435],[26.3381145,40.1156049],[26.3383993,40.1157255],[26.3386332,40.1158732],[26.3389077,40.1160566],[26.3390878,40.1161586],[26.3392096,40.1162403],[26.3392803,40.1163272],[26.3393191,40.1164249],[26.3393632,40.1165675],[26.3395221,40.1169502],[26.3395317,40.1170884],[26.3395252,40.1171889],[26.339609,40.1173666],[26.3398682,40.1175647],[26.3401462,40.1179669],[26.3403112,40.1181885],[26.3404655,40.1184183],[26.3405671,40.1185826],[26.3407117,40.1187285],[26.3408576,40.1188539],[26.3410893,40.1189978],[26.3413564,40.119264],[26.3414259,40.1193106],[26.3415007,40.119349],[26.3416584,40.1194032],[26.3420028,40.1195243],[26.3420918,40.1195851],[26.3421832,40.1196842],[26.3422666,40.1197382],[26.3427418,40.119954],[26.3430058,40.1201156],[26.3434327,40.1203839],[26.3439172,40.1206184],[26.344151,40.120779],[26.3443757,40.1210421],[26.3444532,40.1211552],[26.3445483,40.1212497],[26.3446809,40.1213216],[26.3450665,40.1214658],[26.3451429,40.1215734],[26.3451683,40.1217118],[26.3452862,40.1220399],[26.3453886,40.1226056],[26.345439,40.1230424],[26.3454857,40.1232874],[26.3455485,40.1235283],[26.3455179,40.1238823],[26.3455518,40.1241305],[26.3456023,40.1243079],[26.3456554,40.1244444],[26.3458144,40.1250126],[26.3460436,40.1254109],[26.3464389,40.1258009],[26.3469417,40.1263323],[26.3469911,40.1264475],[26.3470717,40.1265367],[26.3471616,40.1265751],[26.3472796,40.1266443],[26.3473798,40.1267172],[26.347832,40.1268964],[26.3483966,40.1270058],[26.3490784,40.1270985],[26.3493442,40.1270823],[26.34961,40.127101],[26.3499882,40.1271864],[26.350281,40.1272466],[26.3505232,40.1274054],[26.3506878,40.1275343],[26.3509641,40.1276288],[26.3511278,40.1277315],[26.3512111,40.1278088],[26.3512595,40.1279069],[26.351273,40.128004],[26.351355,40.1281352],[26.3514397,40.1282202],[26.3515442,40.1283202],[26.3516594,40.1283976],[26.3518897,40.1285073],[26.3521376,40.128715],[26.3523306,40.1289196],[26.3524001,40.1289785],[26.3525127,40.1290521],[26.3526038,40.1291318],[26.352767,40.129301],[26.3528727,40.1293688],[26.3530293,40.1294305],[26.3532777,40.1295323],[26.353342,40.1295788],[26.3533567,40.1296358],[26.3533554,40.1296929],[26.3533607,40.1297568],[26.3533687,40.1298207],[26.3535011,40.1301643],[26.3536509,40.1304877],[26.3537283,40.13059],[26.3538138,40.1306841],[26.3540341,40.1308636],[26.3542434,40.131004],[26.3544364,40.131108],[26.3545891,40.1311771],[26.3547829,40.1313844],[26.3549046,40.1314894],[26.3550531,40.1316056],[26.355253,40.131754],[26.3554634,40.1318469],[26.3555802,40.1318846],[26.3556147,40.1318904],[26.3556425,40.1318777],[26.3556626,40.1318478],[26.3556879,40.1317991],[26.3557222,40.1317952],[26.3556923,40.1318619],[26.3556775,40.1319295],[26.3556971,40.1319826],[26.3557358,40.1320185],[26.3557862,40.1320544],[26.355929,40.13212],[26.3562089,40.1322072],[26.3565956,40.1323255],[26.3567315,40.1323471],[26.3568324,40.1323606],[26.3569485,40.1323973],[26.3570393,40.1324416],[26.3571101,40.1324627],[26.357218,40.1324754],[26.3573235,40.1324757],[26.3574576,40.1324974],[26.357587,40.132537],[26.3578222,40.1326252],[26.3581313,40.1327099],[26.3586062,40.1328964],[26.3590037,40.133059],[26.3591692,40.1331087],[26.3594728,40.1331531],[26.3597875,40.1331759],[26.3599934,40.133215],[26.3601349,40.13326],[26.360256,40.133322],[26.360588,40.133581],[26.3609092,40.133761],[26.3612581,40.1338585],[26.362214,40.1341576],[26.3629528,40.1343452],[26.3632617,40.134416],[26.363621,40.1345471],[26.363813,40.1346658],[26.3640965,40.1349212],[26.364469,40.1350879],[26.3651793,40.1354468],[26.3655624,40.1356654],[26.3658944,40.1359398],[26.3663115,40.1362405],[26.3666438,40.1363697],[26.3670621,40.1364611],[26.3674465,40.1364835],[26.367752,40.136574],[26.3680748,40.1368508],[26.3682652,40.1370887],[26.3684494,40.1372277],[26.3686873,40.137335],[26.3690362,40.1374377],[26.369429,40.1377064],[26.369656,40.1379887],[26.3698036,40.1382246],[26.3699763,40.1385147],[26.3701443,40.1386655],[26.3704524,40.1388028],[26.3711273,40.1390823],[26.371823,40.1392841],[26.3724505,40.1394135],[26.3730138,40.1395745],[26.373223,40.1396817],[26.3733884,40.1398267],[26.3737775,40.1399651],[26.3740475,40.140035],[26.3743068,40.1401336],[26.3748484,40.1403527],[26.3754939,40.1405996],[26.37571,40.1407063],[26.37591,40.140854],[26.3763601,40.1411209],[26.3766372,40.1412326],[26.376909,40.141373],[26.3770422,40.1414324],[26.3771701,40.1415143],[26.3773963,40.1416782],[26.3774846,40.1417476],[26.3775837,40.1418093],[26.3776119,40.1418792],[26.3776718,40.1420314],[26.3780407,40.1423214],[26.3782399,40.1424406],[26.3783936,40.1425082],[26.3785935,40.1425885],[26.3787597,40.1426295],[26.3788287,40.1426644],[26.3789224,40.1427425],[26.3789967,40.1427828],[26.3790816,40.142815],[26.3793392,40.1429148],[26.3795389,40.1429883],[26.3797079,40.1430651],[26.3798664,40.1431337],[26.379977,40.143172],[26.3799972,40.143179],[26.3800207,40.1431951],[26.3800538,40.1432177],[26.3800896,40.1432718],[26.3801621,40.1433817],[26.3802728,40.1435116],[26.3803509,40.1435887],[26.3805639,40.1437009],[26.3810079,40.1439092],[26.3810949,40.1439459],[26.3811666,40.1439935],[26.3812197,40.1440607],[26.3812816,40.144235],[26.381325,40.1444349],[26.3813244,40.1445312],[26.3813076,40.1446258],[26.3810114,40.1451614],[26.3811025,40.1452084],[26.3808566,40.1454653],[26.3807729,40.1456149],[26.3807056,40.1457506],[26.3806658,40.1458532],[26.3807404,40.145955],[26.3806684,40.1460429],[26.3806305,40.1461261],[26.380566,40.1463389],[26.380754,40.1465265],[26.3809275,40.1465302],[26.3810248,40.1465153],[26.3810274,40.1466091],[26.3809236,40.1465883],[26.3808128,40.1465851],[26.3808149,40.1467382],[26.3806697,40.1468129],[26.3806568,40.1469095],[26.3806324,40.1469127],[26.3805536,40.1473846],[26.38041,40.1481764],[26.3803687,40.1482803],[26.3803222,40.1483481],[26.3804171,40.14839],[26.3803027,40.1485392],[26.3801546,40.1485784],[26.3799739,40.1484922],[26.3796366,40.1489478],[26.3799045,40.1490626],[26.3801171,40.1488407],[26.3801562,40.1488065],[26.3803382,40.1486687],[26.3803837,40.148656],[26.3803616,40.1486279],[26.3805549,40.1485617],[26.380593,40.1485804],[26.3805804,40.1486297],[26.380412,40.1487073],[26.3803407,40.148772],[26.3802372,40.1488715],[26.3800731,40.1490563],[26.3800231,40.149108],[26.3799746,40.1491605],[26.3798845,40.149173],[26.379824,40.1491605],[26.3795841,40.1493385],[26.3794754,40.1495845],[26.3792058,40.1499857],[26.3788907,40.1503348],[26.3788244,40.1504092],[26.3788228,40.1504467],[26.3788444,40.1504783],[26.3792551,40.1506463],[26.3792088,40.1507109],[26.3791589,40.1507807],[26.3789005,40.1506876],[26.3787621,40.1508048],[26.3786726,40.1507006],[26.3785195,40.1508584],[26.3784531,40.150974],[26.3783691,40.1510571],[26.3782775,40.151174],[26.3780242,40.1514285],[26.3779064,40.1513853],[26.3777178,40.1517888],[26.3776466,40.1520863],[26.3775983,40.1522677],[26.3774408,40.1528219],[26.3774056,40.1533709],[26.3774695,40.1535262],[26.3776001,40.1536782],[26.3778295,40.1536089],[26.377938,40.1535144],[26.3780593,40.153462],[26.3781075,40.1534565],[26.3781767,40.1534356],[26.3783267,40.1535327],[26.3788419,40.1534292],[26.3791875,40.1532741],[26.3793991,40.1530691],[26.3795355,40.1528705],[26.3796561,40.1528977],[26.3796205,40.1530311],[26.3795725,40.153167],[26.3792357,40.153439],[26.3789317,40.153576],[26.3786879,40.1536656],[26.3781558,40.1537791],[26.3776072,40.153902],[26.3773804,40.1540278],[26.3773331,40.1541525],[26.3773054,40.1543005],[26.3772558,40.1547261],[26.3771882,40.1549721],[26.3770986,40.1554243],[26.3770653,40.1556222],[26.3770695,40.155673],[26.3770901,40.1557185],[26.3771733,40.1557898],[26.3772961,40.1558947],[26.3773152,40.1559626],[26.3771622,40.1562004],[26.3773106,40.1567928],[26.3773017,40.1568555],[26.3772606,40.1569425],[26.3771761,40.1570505],[26.3770604,40.1571964],[26.3770326,40.157261],[26.377178,40.1573111],[26.3771538,40.1573511],[26.3770357,40.1573311],[26.3770091,40.1573922],[26.3769367,40.1573846],[26.376663,40.1578316],[26.376521,40.158007],[26.3763702,40.1582229],[26.3761929,40.1585262],[26.3761654,40.1586464],[26.3761946,40.1587423],[26.3761136,40.1589306],[26.3759831,40.159119],[26.3757648,40.159605],[26.3757395,40.1596558],[26.3755743,40.1599621],[26.3754979,40.1601017],[26.3753985,40.1602277],[26.375292,40.160326],[26.3750988,40.1604566],[26.3749683,40.1605487],[26.3748379,40.1606597],[26.3747238,40.1607773],[26.3746646,40.1608733],[26.3745919,40.1609634],[26.3744709,40.1610931],[26.3742655,40.161282],[26.3741136,40.1614054],[26.3740193,40.1615498],[26.3739708,40.1616721],[26.3739501,40.1618014],[26.3739611,40.1620435],[26.3739893,40.1622994],[26.3739746,40.1625716],[26.3738714,40.1628321],[26.3736485,40.1631575],[26.3735493,40.1633431],[26.373492,40.1635034],[26.3732783,40.1638772],[26.3728745,40.1644165],[26.3725629,40.1647903],[26.372438,40.1650806],[26.3723687,40.1654123],[26.3724383,40.1656428],[26.3725998,40.1659519],[26.3727589,40.1664533],[26.3726392,40.166637],[26.3723889,40.1670994],[26.3721116,40.1673448],[26.371861,40.1675912],[26.3716616,40.1681815],[26.3714739,40.1686898],[26.3712888,40.1689398],[26.3710822,40.1691612],[26.3708824,40.1691551],[26.3707416,40.169194],[26.3704331,40.1693477],[26.3700348,40.1695984],[26.3698645,40.1697166],[26.3696687,40.1698375],[26.3694997,40.1699564],[26.3693764,40.1700835],[26.3692315,40.1701983],[26.3691671,40.1703705],[26.3694286,40.1705447],[26.3693576,40.1706021],[26.3690746,40.1704156],[26.3687997,40.1706369],[26.3685395,40.1708767],[26.368437,40.170985],[26.368269,40.171112],[26.3681188,40.1712646],[26.3679816,40.1713809],[26.3678689,40.1715018],[26.367708,40.1716555],[26.3675015,40.1718461],[26.3672414,40.1721219],[26.3671101,40.1722692],[26.3667658,40.1727095],[26.3665951,40.1729205],[26.3665227,40.1730792],[26.36636,40.1733732],[26.3661216,40.1738247],[26.3657934,40.1743121],[26.3654212,40.1748641],[26.3651416,40.1753349],[26.3649373,40.1755031],[26.3647683,40.175629],[26.3645902,40.1757524],[26.3642602,40.17611],[26.3642413,40.1761305],[26.364036,40.176353],[26.3636584,40.1768312],[26.363528,40.176991],[26.36341,40.177119],[26.363292,40.1772483],[26.3631534,40.1774068],[26.362629,40.1780344],[26.362461,40.1782413],[26.362343,40.178398],[26.3619528,40.1789024],[26.3616396,40.1794866],[26.3617274,40.1795793],[26.361556,40.1798938],[26.3615829,40.1799412],[26.3620169,40.1801074],[26.3620629,40.1801386],[26.3620843,40.1801745],[26.3620877,40.1802172],[26.3620665,40.1802623],[26.3613628,40.181524],[26.3604719,40.1826802],[26.3605143,40.1826872],[26.3606134,40.1827367],[26.3605637,40.1828716],[26.3608641,40.1829306],[26.3608479,40.182988],[26.360537,40.1829321],[26.3602087,40.18393],[26.3601973,40.1841726],[26.3608007,40.1841741],[26.3608077,40.1844071],[26.3600906,40.1843945],[26.3600826,40.1845842],[26.3598625,40.1845623],[26.3596392,40.1851733],[26.3599162,40.1852607],[26.3599295,40.1852279],[26.3601886,40.1852376],[26.360189,40.1852803],[26.3609898,40.1852767],[26.3621455,40.1847704],[26.3623434,40.1842297],[26.3624146,40.1842451],[26.3622016,40.184803],[26.3611493,40.1852536],[26.360834,40.1866924],[26.3607863,40.1868063],[26.360688,40.18692],[26.3605331,40.187062],[26.3604659,40.1870515],[26.3604411,40.1870139],[26.3604583,40.1869874],[26.3604722,40.1869658],[26.3606567,40.1867605],[26.3609068,40.1854522],[26.3608523,40.1854254],[26.3600812,40.1854347],[26.3598559,40.1854965],[26.3593978,40.1863756],[26.3594558,40.1863932],[26.3599378,40.1864958],[26.3599706,40.1865602],[26.360012,40.1866135],[26.3599907,40.186674],[26.3599346,40.1867054],[26.359369,40.1865794],[26.3591465,40.1870945],[26.3593136,40.1871228],[26.3593342,40.1871302],[26.3593548,40.1871705],[26.3594392,40.187164],[26.3594649,40.1871812],[26.3594867,40.1871993],[26.3594886,40.1872269],[26.3594625,40.1872551],[26.359364,40.1872166],[26.3593272,40.1872275],[26.3592138,40.1876651],[26.3597026,40.1876887],[26.3597722,40.1876326],[26.3598455,40.1875534],[26.3598792,40.1874405],[26.359888,40.1873953],[26.3598922,40.1873737],[26.3599221,40.1873469],[26.3599581,40.1873341],[26.3599961,40.1873415],[26.360028,40.187366],[26.3600243,40.1874569],[26.359994,40.1875496],[26.3599378,40.1876443],[26.3598694,40.1877267],[26.35983,40.1877636],[26.3597743,40.1877959],[26.3597089,40.1878145],[26.3596334,40.1878191],[26.3591154,40.1877839],[26.3589836,40.1881401],[26.3587299,40.1888908],[26.3584921,40.1896375],[26.358307,40.1902103],[26.3582262,40.190443],[26.3581693,40.1905812],[26.3580985,40.1906383],[26.3580463,40.1908631],[26.3580261,40.1910717],[26.3580232,40.1912029],[26.358053,40.1913198],[26.3582481,40.1916158],[26.3587701,40.1922043],[26.3590334,40.1924475],[26.3594037,40.1927303],[26.3596789,40.1930176],[26.3598917,40.1933635],[26.3604094,40.1939914],[26.3606715,40.1942961],[26.3609262,40.194616],[26.3612924,40.1951253],[26.3613614,40.195235],[26.3614215,40.1953484],[26.3614627,40.1956272],[26.3614492,40.1959922],[26.3613694,40.1963582],[26.3612842,40.1966026],[26.3611929,40.1968156],[26.3609705,40.1972781],[26.3607077,40.1975966],[26.360418,40.1978789],[26.3601554,40.19813],[26.3599266,40.1983447],[26.3597749,40.1984888],[26.3595398,40.1986538],[26.3591954,40.1987882],[26.3587767,40.1988968],[26.3582673,40.1991424],[26.3581934,40.1992601],[26.3581476,40.1994313],[26.3580038,40.1996128],[26.3579363,40.19977],[26.3578798,40.1999763],[26.3578516,40.2002828],[26.3578144,40.2004945],[26.3583278,40.2005749],[26.3583136,40.200649],[26.3577415,40.2005622],[26.3576639,40.2005898],[26.3575677,40.2008251],[26.35751,40.2010295],[26.3574872,40.2012313],[26.3575009,40.2014014],[26.3575947,40.2016652],[26.357607,40.2018563],[26.3576475,40.2020906],[26.3578206,40.2025053],[26.3581736,40.2029889],[26.358449,40.2032644],[26.3587006,40.2035505],[26.3588552,40.2036947],[26.359185,40.2038998],[26.3592697,40.2040043],[26.359328,40.2041498],[26.3594368,40.204305],[26.3596181,40.2044278],[26.3599165,40.2046209],[26.3600925,40.2047111],[26.3602368,40.2047716],[26.3605905,40.204878],[26.3606513,40.2048775],[26.3607122,40.2048607],[26.3607713,40.2048237],[26.3607986,40.2047867],[26.360922,40.2045596],[26.3612355,40.2046995],[26.3617435,40.2049471],[26.362358,40.2050961],[26.3626684,40.205156],[26.3629815,40.2051548],[26.3634065,40.2050876],[26.3637502,40.2049859],[26.3643639,40.2048058],[26.36511,40.2044858],[26.3653566,40.2042596],[26.3656347,40.2040533],[26.3659292,40.2038749],[26.3663004,40.2037838],[26.366627,40.2036192],[26.3669681,40.2034197],[26.367325,40.203202],[26.3675545,40.2029515],[26.3677647,40.2028026],[26.3679895,40.2026998],[26.3682915,40.2026204],[26.3686231,40.2025402],[26.3690347,40.2025357],[26.3699969,40.2026765],[26.370653,40.2027432],[26.3744658,40.2036803],[26.3747678,40.2036641],[26.3750389,40.2037327],[26.375176,40.203861],[26.3753118,40.2040583],[26.3758811,40.2044015],[26.3762367,40.2046666],[26.3771879,40.2054736],[26.3775114,40.2057425],[26.3777023,40.2059055],[26.3779446,40.2060916],[26.3781659,40.2062984],[26.3783951,40.2065188],[26.3788588,40.2070931],[26.37915,40.207504],[26.3795335,40.2080431],[26.3797929,40.2082936],[26.3800581,40.2085158],[26.3802386,40.2086323],[26.3804296,40.2087082],[26.3806387,40.2087788],[26.3809257,40.2088358],[26.3814112,40.2089283],[26.3819219,40.2089884],[26.3824934,40.2090306],[26.3835756,40.2090723],[26.3840405,40.2090914],[26.3843057,40.2090974],[26.3845008,40.2091141],[26.3846093,40.20914],[26.3847318,40.2092051],[26.3848894,40.2092916],[26.3850959,40.2093407],[26.3852744,40.2093506],[26.3853928,40.209385],[26.3856467,40.2094836],[26.386103,40.2096242],[26.3862826,40.2097521],[26.3864168,40.2098019],[26.386551,40.2098319],[26.3866666,40.2099684],[26.386829,40.210112],[26.3870981,40.2103888],[26.3873822,40.2106784],[26.3874338,40.2108353],[26.3875158,40.2109547],[26.3877615,40.2112327],[26.3881291,40.2117264],[26.3883923,40.2120114],[26.3886714,40.2121924],[26.3888527,40.2124061],[26.3890994,40.2126197],[26.3895544,40.2128271],[26.3896551,40.2128835],[26.3898072,40.2130183],[26.3900295,40.2132361],[26.3902401,40.2133857],[26.3904647,40.2135246],[26.3909909,40.2137625],[26.391238,40.2138351],[26.391553,40.2138917],[26.3918442,40.213971],[26.3924436,40.2142438],[26.3928002,40.2143775],[26.3934087,40.2145962],[26.3942543,40.2148582],[26.3952211,40.2151049],[26.3961139,40.2153554],[26.3965486,40.2154743],[26.3968805,40.215604],[26.3973069,40.2157927],[26.3975861,40.2159191],[26.3980324,40.2162004],[26.3988234,40.2166568],[26.3989899,40.2167364],[26.3991518,40.2167786],[26.3994919,40.2168273],[26.3998681,40.2169071],[26.4002116,40.217012],[26.4005492,40.217091],[26.4006994,40.2171127],[26.4008402,40.2171273],[26.4026237,40.2171187],[26.4031568,40.2170652],[26.4035957,40.2170236],[26.404123,40.2170325],[26.4045976,40.2170307],[26.405022,40.217011],[26.4057027,40.2169847],[26.406048,40.2170245],[26.4064985,40.2171053],[26.4067497,40.2171729],[26.4069823,40.2172905],[26.407697,40.217538],[26.4081575,40.2177197],[26.4084359,40.2178558],[26.408731,40.2179479],[26.4090412,40.2180378],[26.4095612,40.2181442],[26.4100749,40.2182283],[26.4104369,40.2183052],[26.4107708,40.2184106],[26.4111234,40.2184804],[26.4113875,40.2185298],[26.4116608,40.2185648],[26.4122216,40.2185993],[26.4127342,40.2187768],[26.4129713,40.218854],[26.4132453,40.2189153],[26.4137307,40.2189789],[26.414452,40.2190809],[26.4147964,40.219107],[26.4150929,40.2191132],[26.4152871,40.2191447],[26.4154611,40.2191979],[26.415639,40.2192882],[26.4160943,40.2194771],[26.4170982,40.2197197],[26.4172728,40.2197583],[26.4174553,40.2197843],[26.417601,40.2197771],[26.4178005,40.2197456],[26.4181343,40.2196702],[26.4183442,40.2196217],[26.4185634,40.2195983],[26.419011,40.21958],[26.4193645,40.219594],[26.4196759,40.2196419],[26.4198926,40.2197305],[26.4199934,40.2198161],[26.4200381,40.2199123],[26.4201137,40.220062],[26.4201999,40.2202831],[26.4202444,40.2203616],[26.4203172,40.2204239],[26.4203651,40.2204516],[26.420484,40.2204811],[26.4208161,40.2205362],[26.4217744,40.2206365],[26.421983,40.220642],[26.4221846,40.2206637],[26.4226938,40.2207935],[26.4231676,40.22093],[26.4236325,40.2211503],[26.423908,40.221344],[26.4242565,40.2215989],[26.4246024,40.2219624],[26.4249738,40.2223588],[26.4252921,40.2227818],[26.4255931,40.223191],[26.425976,40.2239167],[26.4261614,40.2242909],[26.4262163,40.2244736],[26.4262191,40.2246751],[26.4260815,40.2264644],[26.4259976,40.2269735],[26.4259756,40.2270692],[26.4261062,40.2272305],[26.4262262,40.2272986],[26.4265912,40.2273466],[26.426615,40.2270282],[26.4267564,40.2270311],[26.4266964,40.2278962],[26.4267697,40.2280438],[26.4266492,40.2281047],[26.4265611,40.2282585],[26.4265705,40.2284277],[26.4265753,40.2285463],[26.4266292,40.2286817],[26.4267063,40.2288135],[26.4269331,40.2290551],[26.4271603,40.2291664],[26.4274737,40.2293417],[26.427866,40.2296292],[26.4282676,40.2298526],[26.4288829,40.2300484],[26.429368,40.2302058],[26.4298492,40.2303131],[26.4303818,40.2304078],[26.4307044,40.230454],[26.4309001,40.230458],[26.4309989,40.2304262],[26.4310977,40.2303458],[26.4311137,40.2303502],[26.4310413,40.2304411],[26.4310576,40.2304726],[26.4312271,40.2305677],[26.4314089,40.2305915],[26.4315012,40.2307084],[26.4315511,40.2310205],[26.4314313,40.2312637],[26.4314233,40.2313798],[26.4314437,40.2314673],[26.431491,40.2315203],[26.4315666,40.2315268],[26.4316111,40.231494],[26.4317296,40.2314807],[26.431687,40.2314058],[26.4316347,40.2313201],[26.4316313,40.2312157],[26.431665,40.2310039],[26.43173,40.2308211],[26.4316087,40.2305892],[26.431515,40.2304544],[26.4315257,40.2304061],[26.4316158,40.2303533],[26.4318723,40.2303032],[26.4327738,40.2302571],[26.4331812,40.2302566],[26.4336027,40.2302103],[26.43388,40.2301648],[26.43416,40.2300989],[26.4341284,40.2299993],[26.4344509,40.2299528],[26.4345174,40.2298784],[26.4344923,40.2298403],[26.4345662,40.2298104],[26.434542,40.2297686],[26.4345764,40.2297527],[26.4345443,40.2297057],[26.4343822,40.2297707],[26.4343622,40.2297397],[26.4348075,40.2295535],[26.4348273,40.2295746],[26.4347762,40.2295997],[26.4347976,40.2296261],[26.4350779,40.2294746],[26.4352495,40.2293812],[26.4351649,40.2292096],[26.4351282,40.2292029],[26.4343059,40.229474],[26.4342934,40.2294387],[26.4351706,40.2291522],[26.4352652,40.2291899],[26.435525,40.2296122],[26.435896,40.229876],[26.4362982,40.2302041],[26.4366226,40.230462],[26.4367573,40.2306313],[26.437057,40.231422],[26.4373642,40.2317228],[26.4376962,40.2318251],[26.4335264,40.2348812],[26.4223083,40.239734],[26.4170731,40.2460134],[26.4125859,40.2485822],[26.4110901,40.2517786],[26.4037559,40.2538966],[26.402851,40.2541579],[26.4000216,40.254975],[26.3874573,40.2568014],[26.3848971,40.2576772],[26.3829403,40.2583466],[26.3787819,40.2597692],[26.3757904,40.2647913],[26.3757904,40.2679871],[26.3841666,40.2695849],[26.3865696,40.2730851],[26.3874573,40.2743781],[26.3901496,40.2832788],[26.388953,40.2889838],[26.3778845,40.301533],[26.3778845,40.3065521],[26.3838675,40.3083771],[26.3877564,40.3152204],[26.3925428,40.31887],[26.4011823,40.3212603],[26.400225,40.3230119],[26.396013,40.3222821],[26.3877606,40.3218344],[26.3814229,40.3233525],[26.3738041,40.3222821],[26.3672946,40.3202385],[26.3575303,40.317027],[26.3429797,40.317173],[26.3397249,40.3179029],[26.3385762,40.3205304],[26.3402993,40.326807],[26.3418309,40.3294342],[26.3406822,40.3316235],[26.3309179,40.3349802],[26.3278547,40.3390665],[26.3290034,40.3453413],[26.3328325,40.3513237],[26.3359222,40.3543699],[26.3375462,40.3547394],[26.338401,40.3580423],[26.3408737,40.3659128],[26.3344192,40.3678462],[26.3347096,40.3672455],[26.3348148,40.3668324],[26.3346735,40.3662151],[26.334399,40.365678],[26.3333687,40.3649161],[26.3331202,40.3647132],[26.3328779,40.3646935],[26.3328061,40.364654],[26.332872,40.3644764],[26.3324,40.364126],[26.3320567,40.3637237],[26.3316452,40.3634974],[26.3303935,40.3633922],[26.3301726,40.3633994],[26.3297951,40.3634118],[26.3295532,40.3634197],[26.3295273,40.3634205],[26.3287228,40.3635006],[26.3285186,40.363513],[26.3283883,40.3634081],[26.3281739,40.3632124],[26.3278286,40.3629698],[26.3269565,40.3625611],[26.3266482,40.3625539],[26.3254877,40.3623607],[26.3252182,40.3623017],[26.3249364,40.3622991],[26.3243665,40.3624207],[26.3238129,40.3625654],[26.3225788,40.3629646],[26.3222904,40.3630986],[26.3222079,40.3632008],[26.3221685,40.3633029],[26.3221832,40.3633738],[26.3222411,40.3634446],[26.3224923,40.3635347],[26.3219966,40.3639027],[26.3215311,40.3641065],[26.321321,40.364318],[26.3211195,40.3645651],[26.3210966,40.3648826],[26.3212704,40.3651112],[26.3220051,40.3652419],[26.3219723,40.3653242],[26.3213055,40.3652885],[26.321308,40.365602],[26.320965,40.36637],[26.3209491,40.3666729],[26.3215093,40.3668057],[26.3215718,40.367163],[26.3218685,40.3672432],[26.3222662,40.3675435],[26.322553,40.3677156],[26.3228741,40.3679597],[26.3225083,40.3680034],[26.3223114,40.3679368],[26.3221576,40.3680491],[26.321788,40.368044],[26.3215296,40.3682226],[26.3211665,40.3683356],[26.320144,40.3683703],[26.3193677,40.3683924],[26.318764,40.368283],[26.3168228,40.3677429],[26.3161784,40.3674466],[26.315418,40.367236],[26.3143853,40.3670552],[26.3134707,40.3669488],[26.3127317,40.3668167],[26.311732,40.366573],[26.311532,40.3663256],[26.3110826,40.366043],[26.3104401,40.3657377],[26.3103153,40.3655316],[26.3098453,40.365612],[26.3096431,40.3654346],[26.30941,40.3654684],[26.3089501,40.3653295],[26.3088185,40.3650846],[26.3084035,40.3651403],[26.3080541,40.3648994],[26.3082907,40.3645169],[26.3079716,40.3643175],[26.3076273,40.3641371],[26.307394,40.364107],[26.3066696,40.3640396],[26.3063881,40.3638309],[26.3066816,40.3638248],[26.3066516,40.3636496],[26.3066524,40.3635027],[26.3065608,40.3633651],[26.3062495,40.3631458],[26.3058395,40.3627951],[26.3058254,40.3626969],[26.3057249,40.3626128],[26.3056029,40.3625827],[26.3054809,40.3626277],[26.3051597,40.3623508],[26.3044758,40.3618837],[26.3041308,40.3616244],[26.3038228,40.361304],[26.3035389,40.3608711],[26.3031825,40.3607369],[26.3028579,40.3605829],[26.3025764,40.3605651],[26.3021643,40.3604508],[26.3024494,40.3603399],[26.3023235,40.3601556],[26.3021545,40.3599901],[26.3019578,40.3598505],[26.3017426,40.3597624],[26.3015614,40.359719],[26.3013803,40.3597225],[26.3012454,40.3597823],[26.3012091,40.3599314],[26.300622,40.3597273],[26.3003092,40.3595326],[26.3007165,40.3595221],[26.3008835,40.3594505],[26.300971,40.3592745],[26.3009698,40.3587047],[26.3009599,40.358387],[26.3008145,40.3581631],[26.3004876,40.357836],[26.3000796,40.3574533],[26.2996456,40.3571402],[26.2993659,40.3569343],[26.2989242,40.3565537],[26.2986032,40.3564244],[26.2985164,40.3562623],[26.2983724,40.3556748],[26.29822,40.354944],[26.2979439,40.3546567],[26.2974147,40.3541996],[26.2969009,40.3538377],[26.2966872,40.3536427],[26.2965351,40.3534382],[26.296431,40.353129],[26.2961115,40.3524938],[26.2958018,40.3522038],[26.2953373,40.3518603],[26.2944802,40.3514235],[26.2939539,40.3512165],[26.2934818,40.3510757],[26.2930108,40.3509269],[26.2914837,40.3504697],[26.2910643,40.3501923],[26.2906789,40.3500108],[26.2896264,40.3498209],[26.2889313,40.3496907],[26.2882854,40.3494994],[26.2876465,40.34924],[26.286788,40.3489284],[26.2862507,40.3487831],[26.285665,40.3486582],[26.2838256,40.3482522],[26.2831756,40.3482805],[26.2825501,40.3483557],[26.2817242,40.348301],[26.2803262,40.3482632],[26.2796272,40.3481738],[26.279033,40.348014],[26.2784328,40.3478503],[26.2782042,40.3477659],[26.2779426,40.347704],[26.2771085,40.3475705],[26.2760645,40.3475705],[26.2758433,40.3474711],[26.2749996,40.3473575],[26.2743183,40.3472586],[26.2735425,40.3470714],[26.2729698,40.3469764],[26.2722953,40.346872],[26.2716613,40.3466679],[26.2710647,40.3466034],[26.2698735,40.346621],[26.2694409,40.3466953],[26.2688074,40.3468162],[26.2683276,40.3469388],[26.267275,40.3473078],[26.267008,40.3472354],[26.2668746,40.3470811],[26.2666152,40.3470106],[26.2663619,40.3468979],[26.2661147,40.3467735],[26.26596,40.346649],[26.265292,40.346388],[26.2646879,40.3462769],[26.2639068,40.3461831],[26.2634408,40.3461711],[26.2632953,40.3460558],[26.2626148,40.3454301],[26.2620378,40.3445487],[26.2618676,40.3443719],[26.261379,40.3441351],[26.2608535,40.3440158],[26.2600651,40.3440759],[26.2595376,40.3437614],[26.2593442,40.3434943],[26.2591165,40.3432633],[26.2586392,40.3431133],[26.2581772,40.3430667],[26.2581345,40.3431284],[26.2579567,40.3431343],[26.2578127,40.3429947],[26.2576379,40.3429349],[26.257169,40.3428774],[26.2570527,40.3428187],[26.2569796,40.3427083],[26.256969,40.3424641],[26.2570277,40.3422574],[26.2572227,40.3418878],[26.25724,40.3415668],[26.2572143,40.3412974],[26.2569742,40.3408374],[26.2567279,40.3406499],[26.256297,40.340425],[26.255629,40.340163],[26.2551795,40.3400812],[26.2547608,40.3400463],[26.25449,40.3400607],[26.254287,40.340155],[26.2537896,40.3405068],[26.2535803,40.3404236],[26.2532785,40.3398566],[26.2530819,40.339404],[26.252789,40.33899],[26.252362,40.338638],[26.2517945,40.3384668],[26.2515088,40.3384155],[26.2512304,40.3384392],[26.2509931,40.3382715],[26.250842,40.3380428],[26.2506078,40.3378812],[26.2503319,40.3375682],[26.2502093,40.3374281],[26.2500622,40.3373632],[26.2497245,40.3373034],[26.2493862,40.3374285],[26.2491157,40.3374362],[26.2490891,40.3373843],[26.2493838,40.3372832],[26.2494999,40.3371585],[26.2496438,40.3369091],[26.2496111,40.3366637],[26.2495328,40.3361792],[26.2494402,40.3358794],[26.2492799,40.3356312],[26.2489223,40.3352311],[26.2485656,40.3349029],[26.2480499,40.334639],[26.2474387,40.3343962],[26.2467444,40.3341171],[26.245967,40.333939],[26.2456141,40.3338553],[26.2453659,40.333734],[26.244966,40.333419],[26.2443576,40.3329953],[26.2439425,40.3328139],[26.2435582,40.3326796],[26.2426202,40.3326065],[26.2422093,40.332428],[26.2415663,40.3322742],[26.2412684,40.3321204],[26.240738,40.3319921],[26.2403432,40.3318404],[26.2396798,40.3314711],[26.238924,40.331184],[26.2382914,40.3310942],[26.2378937,40.3308728],[26.2374988,40.3305955],[26.2370779,40.3301909],[26.2369575,40.3300141],[26.2367387,40.329797],[26.2365954,40.3295655],[26.2363978,40.3293845],[26.2360434,40.3291711],[26.235768,40.328974],[26.235458,40.328606],[26.235091,40.3280793],[26.2345834,40.3274985],[26.2340963,40.327107],[26.2339414,40.326855],[26.232844,40.3263466],[26.2321572,40.3258702],[26.230966,40.325367],[26.2302693,40.3249991],[26.2299323,40.3249113],[26.2290593,40.3244647],[26.2285091,40.3240789],[26.2282784,40.323902],[26.227632,40.323547],[26.227465,40.323418],[26.2270946,40.3231952],[26.2269737,40.3230161],[26.226635,40.32277],[26.226468,40.322641],[26.2261058,40.3223994],[26.2252815,40.3221532],[26.2247588,40.3219004],[26.224343,40.3215853],[26.2236896,40.3214058],[26.2232024,40.3212963],[26.2226145,40.3211001],[26.221962,40.320685],[26.2208766,40.3201955],[26.2207221,40.3202491],[26.2203704,40.3201241],[26.2199365,40.3195027],[26.2195593,40.3195204],[26.219293,40.319383],[26.2190482,40.319248],[26.2189452,40.3191365],[26.2191259,40.3191365],[26.2194055,40.3190077],[26.2194622,40.3188872],[26.2194376,40.3187295],[26.2193885,40.3186275],[26.2192907,40.3185194],[26.2191537,40.3184094],[26.2189435,40.3183304],[26.218572,40.3181911],[26.218471,40.317966],[26.2181853,40.3176217],[26.2181549,40.3175159],[26.2184844,40.3174397],[26.2185579,40.3174322],[26.2185903,40.3173095],[26.2186136,40.3170424],[26.21852,40.3169323],[26.2182352,40.3169168],[26.2175676,40.3169103],[26.2166389,40.3166123],[26.215972,40.316536],[26.215638,40.316406],[26.2150352,40.3161273],[26.2164257,40.3162461],[26.2167636,40.3163257],[26.2169612,40.3163099],[26.2170711,40.3163054],[26.2172912,40.3162202],[26.2177118,40.3162964],[26.2177584,40.316355],[26.2178659,40.3164471],[26.2184791,40.3166609],[26.2190593,40.3167585],[26.2197282,40.3168973],[26.219643,40.3170242],[26.219731,40.3171158],[26.2198733,40.3171849],[26.2206024,40.3173259],[26.2206306,40.3173812],[26.2212544,40.3175389],[26.2215062,40.3175625],[26.2217509,40.3175524],[26.2220088,40.3176621],[26.2221368,40.3177142],[26.2222931,40.317734],[26.222515,40.3178352],[26.2227651,40.3179094],[26.2228399,40.3178529],[26.2228122,40.3178046],[26.2229347,40.3178262],[26.2230431,40.3178129],[26.2231855,40.3176612],[26.222844,40.3173978],[26.2234498,40.3175002],[26.2236159,40.3173463],[26.224013,40.317361],[26.224682,40.317494],[26.2248256,40.3175084],[26.2249936,40.3173244],[26.2250259,40.3171098],[26.2249241,40.3170099],[26.2245122,40.3169966],[26.2243604,40.3167261],[26.2242071,40.3166059],[26.224359,40.316465],[26.2258228,40.3167261],[26.2259306,40.3166343],[26.2259472,40.3165289],[26.225862,40.3165114],[26.2257979,40.316475],[26.2257781,40.316428],[26.2256437,40.3163445],[26.2252527,40.3161827],[26.2258546,40.3163452],[26.2267356,40.3166326],[26.2277263,40.3169619],[26.2284482,40.3169593],[26.2288232,40.3167475],[26.2287453,40.3164709],[26.229056,40.316367],[26.229391,40.31637],[26.2321471,40.3175279],[26.2324459,40.3176226],[26.2327354,40.3176461],[26.2331494,40.3174586],[26.2334217,40.3172651],[26.2335166,40.3171357],[26.2335594,40.31691],[26.2342976,40.3169377],[26.2347457,40.3168436],[26.235087,40.316921],[26.235421,40.317052],[26.2356734,40.3170238],[26.2358011,40.3170096],[26.2360457,40.316631],[26.2362812,40.3162457],[26.2363439,40.3158569],[26.2355517,40.3155045],[26.235403,40.315232],[26.2360388,40.315166],[26.2368894,40.315449],[26.237114,40.31565],[26.2378667,40.3158343],[26.2386194,40.3158406],[26.2389668,40.3155581],[26.239466,40.315281],[26.2398135,40.3150011],[26.240482,40.31445],[26.240849,40.3141407],[26.241272,40.3138598],[26.2416921,40.3134704],[26.2420866,40.313214],[26.2422415,40.3130389],[26.2425198,40.3127413],[26.2427724,40.312478],[26.2431632,40.3120414],[26.244039,40.311203],[26.244512,40.3104505],[26.244908,40.3099942],[26.2451362,40.309669],[26.2454528,40.3092479],[26.245742,40.308903],[26.2460223,40.3083599],[26.246441,40.307624],[26.2467306,40.3070418],[26.2470046,40.3063058],[26.2471829,40.3056036],[26.2471604,40.3053394],[26.2470704,40.3051286],[26.2468589,40.3050959],[26.2467536,40.305173],[26.2463094,40.3050111],[26.2467659,40.3047941],[26.247297,40.304805],[26.24747,40.304293],[26.2473622,40.3022176],[26.2472474,40.3016288],[26.2471126,40.3010992],[26.2468572,40.300096],[26.2466812,40.2997643],[26.2463885,40.2993419],[26.245853,40.29889],[26.245688,40.29876],[26.244014,40.298493],[26.243681,40.298234],[26.242343,40.297968],[26.242176,40.297839],[26.2420245,40.2974014],[26.241861,40.29604],[26.241543,40.294497],[26.240985,40.2935439],[26.2402035,40.2933063],[26.2396769,40.292804],[26.2391318,40.2926355],[26.2390087,40.2925554],[26.2390521,40.2924774],[26.238886,40.2919763],[26.238227,40.291138],[26.237729,40.290749],[26.237062,40.290487],[26.235388,40.29022],[26.233377,40.290206],[26.233038,40.290461],[26.2328622,40.2904282],[26.2327916,40.2901717],[26.2323678,40.2899148],[26.231706,40.289682],[26.2296363,40.289525],[26.2287886,40.2894705],[26.2284218,40.2891446],[26.22903,40.28915],[26.2293443,40.2892565],[26.2297,40.289155],[26.230038,40.2889],[26.231385,40.288396],[26.231972,40.2882837],[26.232667,40.2879778],[26.2330822,40.2877672],[26.2335367,40.2875484],[26.2340129,40.2873347],[26.234417,40.287132],[26.2346656,40.2869653],[26.2348993,40.286843],[26.2353003,40.2866354],[26.2360329,40.2862769],[26.236844,40.285895],[26.237452,40.2855872],[26.2378475,40.2853639],[26.2382672,40.2851735],[26.238801,40.28485],[26.239475,40.2845422],[26.2401876,40.2841417],[26.240824,40.283836],[26.2413944,40.2835641],[26.241835,40.2833577],[26.2423041,40.2830378],[26.2428267,40.2827145],[26.2439352,40.282121],[26.244535,40.281807],[26.2452729,40.2812896],[26.2460025,40.2809775],[26.246327,40.2807959],[26.2467978,40.2805135],[26.247572,40.280029],[26.2479472,40.2798151],[26.2485631,40.2794832],[26.2492844,40.2789975],[26.2503147,40.2783079],[26.2507874,40.2780361],[26.251115,40.27787],[26.2515221,40.2776646],[26.2520092,40.2773201],[26.2526747,40.2768445],[26.2544266,40.2757266],[26.2548862,40.2754723],[26.2555021,40.275133],[26.2561183,40.2747258],[26.2564743,40.2744553],[26.2568719,40.2741377],[26.2573122,40.2738369],[26.2576502,40.2736161],[26.2581881,40.2732449],[26.2589975,40.2727007],[26.259389,40.272402],[26.2604315,40.2716607],[26.2608107,40.2714281],[26.2612345,40.2710817],[26.2614867,40.2708974],[26.2618658,40.2706192],[26.2621418,40.2704394],[26.262492,40.2702041],[26.2629648,40.2699095],[26.2632679,40.2696638],[26.2635395,40.2693834],[26.263783,40.269092],[26.264459,40.268583],[26.264882,40.2683266],[26.2653423,40.2679806],[26.265683,40.2676909],[26.265979,40.267438],[26.266529,40.2668887],[26.2670357,40.2664449],[26.2680131,40.265684],[26.268499,40.2652408],[26.268856,40.264888],[26.2691927,40.2646392],[26.269701,40.264124],[26.2701477,40.2636523],[26.2712842,40.2625661],[26.2717939,40.2619563],[26.2721005,40.2617212],[26.272751,40.261062],[26.2731886,40.2605779],[26.2734087,40.260296],[26.2743224,40.2593382],[26.2748592,40.2586358],[26.275808,40.2574648],[26.2761704,40.2570029],[26.2764872,40.2565282],[26.2768857,40.2560857],[26.2774291,40.2554411],[26.277808,40.2549043],[26.278201,40.2543042],[26.278524,40.253908],[26.2789324,40.2532301],[26.279206,40.252885],[26.279546,40.252374],[26.2799802,40.2517411],[26.280227,40.251351],[26.2807929,40.250371],[26.2811178,40.2497249],[26.2813019,40.2490479],[26.2814718,40.2485195],[26.2815865,40.2478367],[26.2817719,40.2472438],[26.2818422,40.2460077],[26.281979,40.244173],[26.281984,40.243659],[26.2816342,40.2423667],[26.2815438,40.2421346],[26.281336,40.241601],[26.2809783,40.2411509],[26.280341,40.240568],[26.2800321,40.2402694],[26.279511,40.23992],[26.279344,40.239791],[26.279179,40.239661],[26.278512,40.2394],[26.278177,40.239398],[26.2776586,40.2395399],[26.2769369,40.2394043],[26.2766365,40.2390067],[26.2766286,40.2384942],[26.2766911,40.2382565],[26.276914,40.2374005],[26.276967,40.2372336],[26.2771607,40.2367247],[26.2773133,40.2361925],[26.2773268,40.2356667],[26.277275,40.2350737],[26.2769335,40.2346608],[26.2766301,40.2342223],[26.2763121,40.233867],[26.2759904,40.233095],[26.27594,40.2322822],[26.2762,40.2316164],[26.2763796,40.2312811],[26.2764626,40.2307778],[26.27643,40.230273],[26.2765077,40.2295276],[26.2767009,40.2291989],[26.276779,40.228991],[26.2768874,40.2287327],[26.2771707,40.22771],[26.277279,40.2274411],[26.2775685,40.2267222],[26.2779247,40.2256569],[26.278097,40.2251278],[26.2783286,40.2244447],[26.2784251,40.2240993],[26.278574,40.2236255],[26.2786857,40.2233],[26.2787831,40.2229558],[26.2788031,40.2223389],[26.2788117,40.2220824],[26.278865,40.221815],[26.278868,40.221558],[26.278873,40.221044],[26.2788916,40.2205523],[26.2789241,40.220182],[26.2789398,40.2195304],[26.2789489,40.2192656],[26.2788017,40.2177143],[26.2787732,40.2173471],[26.278648,40.2164272],[26.2786113,40.2161303],[26.278536,40.2158443],[26.2784271,40.2155746],[26.2782735,40.2153111],[26.2780042,40.2149992],[26.277602,40.214617],[26.277436,40.214487],[26.27727,40.214359],[26.277104,40.214229],[26.2770224,40.2140829],[26.2769326,40.213926],[26.276793,40.2136818],[26.2765701,40.2134633],[26.2762976,40.2132745],[26.2760242,40.2130821],[26.275885,40.2129763],[26.2758163,40.2128678],[26.2757797,40.2126616],[26.2756439,40.2123331],[26.2754943,40.2120591],[26.2753073,40.2118721],[26.2751628,40.2117452],[26.2750832,40.2116754],[26.2749292,40.2114902],[26.274743,40.2113623],[26.274586,40.2113015],[26.2744441,40.2112181],[26.2743483,40.2111034],[26.2743163,40.2109725],[26.2742825,40.2106175],[26.2740522,40.2101355],[26.2737663,40.2097191],[26.27348,40.2093712],[26.272973,40.20894],[26.272808,40.20881],[26.272469,40.2085532],[26.2720554,40.2083038],[26.271642,40.208161],[26.270475,40.207768],[26.2698823,40.2075719],[26.2697261,40.2075534],[26.2688676,40.2074519],[26.268136,40.20724],[26.267969,40.207111],[26.2679154,40.2068756],[26.2678622,40.2065363],[26.2678506,40.2063103],[26.267981,40.206084],[26.267983,40.205827],[26.268321,40.205572],[26.2686475,40.2053259],[26.2687083,40.2050081],[26.2687077,40.2047617],[26.2686969,40.2045428],[26.2686726,40.2044005],[26.2659501,40.2038948],[26.2657449,40.203898],[26.2655816,40.2038832],[26.2655177,40.2038321],[26.2655033,40.2037624],[26.2655925,40.2037035],[26.2657214,40.2037034],[26.2659648,40.2037567],[26.2689049,40.204263],[26.2690258,40.204265],[26.2691868,40.2041523],[26.269737,40.2033554],[26.2697644,40.2032436],[26.2695555,40.2032119],[26.269331,40.2031661],[26.2692854,40.2031223],[26.269336,40.2030731],[26.2695057,40.2030795],[26.2696626,40.2031152],[26.2699267,40.2024063],[26.2697781,40.2023088],[26.2696897,40.2022004],[26.2696736,40.2019898],[26.2697977,40.2017228],[26.2698446,40.2015521],[26.2699336,40.2015068],[26.2699573,40.2015986],[26.2700437,40.2016201],[26.2700729,40.2016246],[26.2699169,40.2020897],[26.2706534,40.2022333],[26.2708902,40.2016253],[26.2709358,40.2015082],[26.2711724,40.2008189],[26.270938,40.2007688],[26.2709537,40.2007237],[26.2703438,40.2005641],[26.2703953,40.200469],[26.2687805,40.2001446],[26.2687389,40.2002701],[26.2685534,40.2002346],[26.2684781,40.2003637],[26.2683868,40.20033],[26.2682983,40.2003118],[26.2681084,40.2006149],[26.2679059,40.2009681],[26.2676787,40.2008972],[26.2671775,40.2017695],[26.2671399,40.2018453],[26.267149,40.20195],[26.2671449,40.2020036],[26.2670717,40.2020508],[26.2669994,40.2020592],[26.2669011,40.2020366],[26.266861,40.2019995],[26.2668364,40.2019306],[26.2669527,40.2017346],[26.2677681,40.2002877],[26.2678516,40.2001395],[26.268015,40.1999678],[26.2682173,40.199857],[26.2685112,40.1997717],[26.2687854,40.1997443],[26.2690725,40.1997777],[26.269496,40.199889],[26.2706226,40.2001702],[26.2709178,40.199694],[26.2711773,40.19917],[26.2712656,40.198711],[26.2712764,40.1986551],[26.2713052,40.1981494],[26.2713222,40.1979408],[26.2713334,40.1978028],[26.271431,40.196605],[26.2714153,40.1963373],[26.271101,40.1949202],[26.2710293,40.1946203],[26.2709762,40.1943063],[26.270794,40.19352],[26.2704618,40.1927628],[26.2701381,40.1925693],[26.2697831,40.1923917],[26.2696968,40.1923775],[26.2694756,40.1923145],[26.2688815,40.192094],[26.2686258,40.1919462],[26.2684888,40.1918279],[26.2683545,40.1917238],[26.2680774,40.1915082],[26.2677114,40.1914501],[26.2674342,40.1914812],[26.2673,40.191572],[26.2671047,40.1914761],[26.2669827,40.1914162],[26.2671205,40.1912502],[26.2671462,40.1910842],[26.2671135,40.1907451],[26.2669641,40.1903238],[26.2663896,40.18922],[26.2663347,40.1887342],[26.2659288,40.1882073],[26.2655343,40.1878148],[26.2652032,40.1875116],[26.264669,40.18719],[26.264502,40.187061],[26.264173,40.186545],[26.2637676,40.1858444],[26.2636203,40.185668],[26.263515,40.185514],[26.263332,40.1853028],[26.263149,40.1849988],[26.2628999,40.1847082],[26.2625178,40.1844579],[26.2621733,40.1842254],[26.2618355,40.1839991],[26.2614384,40.1836459],[26.2612754,40.1833057],[26.2612772,40.1832985],[26.2613858,40.1828632],[26.2613835,40.1826346],[26.2614185,40.1824167],[26.2615072,40.1822092],[26.2614605,40.1818412],[26.2613578,40.181516],[26.2610488,40.1808224],[26.2608641,40.1804676],[26.2607214,40.1802744],[26.2603831,40.1797976],[26.2600933,40.1794298],[26.2597279,40.1789717],[26.2596273,40.1788262],[26.2594014,40.1785576],[26.2590398,40.1781129],[26.2588374,40.1778902],[26.2585757,40.1775655],[26.2580391,40.1771121],[26.257584,40.176746],[26.257419,40.176616],[26.2568923,40.176275],[26.256326,40.1758563],[26.256091,40.1756371],[26.2559063,40.1755188],[26.2556843,40.1753113],[26.2543279,40.1746608],[26.253334,40.1740367],[26.2528482,40.1736109],[26.252436,40.173118],[26.2521479,40.1724256],[26.2521346,40.1717907],[26.2522615,40.1711772],[26.252305,40.169779],[26.2520617,40.1693666],[26.2520387,40.1690784],[26.2515321,40.1685384],[26.2512579,40.1683172],[26.2510023,40.1676993],[26.2507475,40.1671089],[26.2504028,40.1664409],[26.2499962,40.1658491],[26.2497249,40.1655328],[26.2492258,40.1650233],[26.2475283,40.1633914],[26.2474191,40.1632864],[26.2470402,40.1627931],[26.246529,40.162423],[26.245196,40.161901],[26.2448096,40.1617181],[26.2449399,40.1614974],[26.2448396,40.1613372],[26.2444768,40.1610693],[26.24436,40.1610117],[26.2439858,40.1608271],[26.2432844,40.1605174],[26.2425319,40.1602077],[26.2421978,40.16004],[26.2419557,40.1598588],[26.2413723,40.1594423],[26.2408531,40.1591192],[26.2404215,40.1586583],[26.2400375,40.1582542],[26.2396208,40.1578886],[26.2389856,40.1574531],[26.2382372,40.1569635],[26.2375889,40.1564834],[26.237207,40.1560974],[26.236864,40.1555388],[26.2364424,40.1549345],[26.2361476,40.1547174],[26.2358952,40.1542677],[26.2357131,40.1534842],[26.2355433,40.1529736],[26.2353083,40.1516659],[26.235109,40.15118],[26.2348355,40.1504043],[26.234454,40.149891],[26.2340442,40.149331],[26.233804,40.1489429],[26.2335668,40.148451],[26.2333649,40.1479213],[26.2332197,40.1475007],[26.2327629,40.1468747],[26.2324882,40.1467566],[26.2323878,40.1465913],[26.2321954,40.1462042],[26.2317102,40.1455929],[26.231443,40.145067],[26.2309606,40.1442731],[26.2308955,40.1434588],[26.230852,40.142935],[26.2307378,40.1424636],[26.2305855,40.1420501],[26.2302,40.14139],[26.229871,40.140874],[26.2295465,40.1405203],[26.2293001,40.1402336],[26.2290738,40.1398672],[26.2288687,40.1396523],[26.2284256,40.1391356],[26.2281276,40.1387695],[26.2278833,40.1383948],[26.2276045,40.1380151],[26.227266,40.1375823],[26.2269519,40.1372085],[26.2267399,40.1368278],[26.2262995,40.1359179],[26.2261169,40.1355579],[26.2259959,40.1353451],[26.2258007,40.1349166],[26.225549,40.1345207],[26.225384,40.1343636],[26.225264,40.134167],[26.225098,40.134038],[26.2248931,40.1337402],[26.2247811,40.1333048],[26.2246147,40.1331827],[26.2244413,40.1332067],[26.2242501,40.1330329],[26.2241725,40.1324097],[26.2239228,40.1320273],[26.2238217,40.131791],[26.2237241,40.1314519],[26.2235982,40.1312319],[26.2235405,40.1309587],[26.2234014,40.1306081],[26.2232789,40.1304267],[26.2232216,40.1302273],[26.2230841,40.1299003],[26.2229502,40.1296409],[26.2227954,40.1294917],[26.2227751,40.129272],[26.222646,40.129014],[26.2224743,40.1288332],[26.2223733,40.1286145],[26.22232,40.128242],[26.2222416,40.1280878],[26.222179,40.1278761],[26.2220621,40.1276573],[26.221995,40.127469],[26.2217664,40.1271373],[26.221623,40.1269162],[26.221458,40.1267077],[26.221337,40.126438],[26.2209341,40.125896],[26.2206953,40.1254839],[26.2204581,40.1251135],[26.2203762,40.1248478],[26.2201923,40.1245539],[26.2198489,40.1242387],[26.219694,40.1239375],[26.2195076,40.1236823],[26.2192152,40.1234214],[26.2190588,40.1232572],[26.2189079,40.1230984],[26.2187207,40.1229251],[26.2184299,40.1227252],[26.2182247,40.1225156],[26.217816,40.1223483],[26.217705,40.122305],[26.21754,40.122175],[26.217374,40.122046],[26.2169189,40.1216978],[26.2166372,40.121475],[26.2162607,40.1210854],[26.2160387,40.1208243],[26.2157764,40.1204881],[26.2154713,40.1200617],[26.2153053,40.1199148],[26.2151543,40.1197491],[26.214992,40.1195416],[26.2146266,40.1190791],[26.2144896,40.1188991],[26.214402,40.118688],[26.2143163,40.1185524],[26.2142025,40.118325],[26.213885,40.1178616],[26.2136547,40.1174903],[26.2134467,40.1172944],[26.213085,40.116882],[26.2128433,40.1166487],[26.2126166,40.1164056],[26.2124435,40.1160929],[26.2123887,40.1154075],[26.2122474,40.1150812],[26.2120629,40.1147692],[26.2121152,40.1146206],[26.2122845,40.1144672],[26.2124052,40.1142164],[26.2125259,40.1138714],[26.2125521,40.1137243],[26.2125289,40.1135395],[26.212458,40.113283],[26.2123418,40.1130162],[26.2122896,40.1127628],[26.2123271,40.1124416],[26.212473,40.111999],[26.212476,40.1118975],[26.2124181,40.1117076],[26.212311,40.111612],[26.2122334,40.1114706],[26.2121958,40.111226],[26.212153,40.110713],[26.2121275,40.1098614],[26.2119664,40.1090003],[26.2117447,40.1087542],[26.2115476,40.1084233],[26.2116525,40.1082196],[26.2116218,40.1078651],[26.211379,40.1072643],[26.211197,40.106598],[26.21112,40.1064104],[26.2107559,40.1059027],[26.2105624,40.1055463],[26.2103218,40.1049795],[26.2101918,40.1045697],[26.2099399,40.104222],[26.209619,40.1036874],[26.2092056,40.1031817],[26.208901,40.102731],[26.2087853,40.1025727],[26.2084407,40.1022882],[26.2080088,40.1020073],[26.207579,40.1014878],[26.2074059,40.1013391],[26.2071023,40.1010956],[26.2069621,40.1009221],[26.2068299,40.1007422],[26.2068194,40.1005159],[26.2066046,40.1001428],[26.2062645,40.0997825],[26.2060598,40.0991273],[26.205863,40.0987699],[26.2054033,40.0983498],[26.20509,40.0981493],[26.2048975,40.0979116],[26.2047051,40.0977422],[26.2044994,40.0975375],[26.204118,40.097177],[26.203952,40.097048],[26.2036894,40.0969367],[26.2033164,40.0965498],[26.2029928,40.096314],[26.2024783,40.0959722],[26.201794,40.0956961],[26.2008741,40.0944968],[26.200797,40.094368],[26.2007169,40.0942558],[26.2006545,40.094122],[26.200648,40.0939152],[26.200636,40.0936002],[26.2005892,40.0935132],[26.2004889,40.0933271],[26.2000834,40.0929823],[26.1998106,40.0928131],[26.1995863,40.0927233],[26.1993966,40.092573],[26.199303,40.0924183],[26.198997,40.091878],[26.19884,40.0916832],[26.1986656,40.0914925],[26.198485,40.0913175],[26.1982424,40.0911125],[26.1980448,40.0909794],[26.1974307,40.0905634],[26.1971771,40.090292],[26.1967519,40.0899652],[26.1963008,40.0895156],[26.1960941,40.0893337],[26.1958404,40.089167],[26.1953565,40.0888723],[26.1949501,40.0886556],[26.194461,40.0884152],[26.1939332,40.0880972],[26.1937265,40.0879807],[26.193529,40.08786],[26.193363,40.087731],[26.1929459,40.0873715],[26.1926407,40.0871234],[26.1924584,40.0868918],[26.1920318,40.0863925],[26.1917293,40.0861335],[26.1914586,40.0859506],[26.1912388,40.0857284],[26.1911354,40.085432],[26.191053,40.0852185],[26.1907941,40.0848083],[26.19056,40.084501],[26.1904241,40.0842793],[26.190185,40.083973],[26.1897461,40.0834219],[26.189406,40.083081],[26.1889162,40.0826449],[26.188379,40.0820659],[26.188251,40.081917],[26.188085,40.081788],[26.187257,40.08114],[26.187091,40.081011],[26.1868629,40.0807692],[26.1866591,40.0804591],[26.1863108,40.0797649],[26.1862333,40.079467],[26.1861313,40.0788642],[26.1860745,40.0784766],[26.1859314,40.0781928],[26.1855535,40.077567],[26.1853157,40.0765486],[26.1850623,40.0762018],[26.1847859,40.0758626],[26.1846225,40.0756256],[26.1844053,40.0754307],[26.1841677,40.0752617],[26.1840388,40.0749623],[26.1839632,40.0747803],[26.1837529,40.0742742],[26.1836068,40.0736697],[26.1835322,40.0730926],[26.1834705,40.0729087],[26.1830766,40.0724383],[26.18281,40.0719799],[26.1825434,40.0716241],[26.1823793,40.0713825],[26.1822619,40.0710635],[26.1822354,40.0704739],[26.1821482,40.0701884],[26.1820769,40.0700496],[26.1819686,40.0699108],[26.1817328,40.0697107],[26.1816104,40.0696013],[26.1814406,40.0694949],[26.1812711,40.0693656],[26.1811334,40.0692284],[26.181043,40.0690756],[26.1809998,40.068846],[26.1810264,40.0687341],[26.1810161,40.0686222],[26.1809401,40.0684691],[26.1805804,40.0680295],[26.1801055,40.0677027],[26.1799221,40.0675184],[26.1797227,40.0673342],[26.1795354,40.066647],[26.1793976,40.0663938],[26.1789344,40.0659302],[26.1787933,40.065674],[26.1785683,40.0654254],[26.1782769,40.0651421],[26.1778971,40.064834],[26.177825,40.0647331],[26.1778045,40.0646664],[26.1778001,40.0645916],[26.1778789,40.0643722],[26.1778947,40.0641937],[26.1778338,40.0640287],[26.1777145,40.0638458],[26.1775775,40.0636494],[26.177306,40.0633248],[26.1772564,40.0632656],[26.1770943,40.0631008],[26.176946,40.062965],[26.176781,40.062835],[26.176615,40.062706],[26.1761655,40.0623498],[26.1757176,40.0621249],[26.1755912,40.0620947],[26.1754672,40.062011],[26.1752689,40.0619012],[26.1751994,40.06183],[26.1751183,40.0617558],[26.174956,40.061667],[26.1748071,40.0615801],[26.1745879,40.0614985],[26.1745146,40.0614594],[26.174446,40.0613917],[26.1741817,40.0609844],[26.1740819,40.0608261],[26.173951,40.0606737],[26.1738589,40.0605214],[26.1737786,40.0603452],[26.1736129,40.0599613],[26.1734385,40.0598112],[26.1732161,40.0596841],[26.1729724,40.0594786],[26.1728392,40.0593053],[26.1727799,40.0591319],[26.1727261,40.0589852],[26.1727267,40.0588384],[26.1726697,40.0586075],[26.1725083,40.0583649],[26.1723119,40.0581373],[26.1721018,40.0579334],[26.1719385,40.0577445],[26.1717683,40.0576553],[26.1715767,40.0575811],[26.1714123,40.0575352],[26.1712363,40.0575041],[26.1710745,40.0575282],[26.1707416,40.0574969],[26.1705594,40.0574548],[26.1703608,40.0573259],[26.1702662,40.0571771],[26.1700805,40.0569612],[26.169908,40.056793],[26.1697153,40.056641],[26.1694604,40.0564454],[26.1692099,40.056263],[26.1690521,40.0561368],[26.1688244,40.0559844],[26.1685804,40.0558251],[26.1682493,40.0556729],[26.1678675,40.055404],[26.1674949,40.0551421],[26.1673636,40.0549808],[26.1674727,40.054862],[26.1673884,40.0546754],[26.1671333,40.0544296],[26.16694,40.0542969],[26.1667888,40.0540919],[26.166697,40.053905],[26.166532,40.053775],[26.166366,40.053646],[26.1662277,40.0534702],[26.166108,40.0532566]]]}}]}
