{"type":"FeatureCollection","name":"MEB Türkiye Bitki Formasyonları","source":"https://ogmmateryal.eba.gov.tr/panel/upload/etkilesimli/kitap/cografya/10/unite1/bolum2/files/mobile/41.jpg","features":[{"type":"Feature","id":"forest-shrub-map","properties":{"id":"forest-shrub-map","name":"Ormanlar ve Çeşitli Çalılar","source":"MEB","source_url":"https://ogmmateryal.eba.gov.tr/panel/upload/etkilesimli/kitap/cografya/10/unite1/bolum2/files/mobile/41.jpg","source_rgb":[26,175,85]},"geometry":{"type":"MultiPolygon","coordinates":[[[[44.30972918756268,37.40457746478873],[44.14002006018054,37.419366197183095],[44.00802407221664,37.4637323943662],[43.8383149448345,37.59683098591549],[43.6308926780341,37.61161971830985],[43.61203610832497,37.59683098591549],[43.51775325977934,37.59683098591549],[43.49889669007021,37.582042253521124],[43.48004012036108,37.59683098591549],[43.38575727181545,37.59683098591549],[43.234904714142424,37.64119718309859],[43.140621865596785,37.64119718309859],[43.121765295887656,37.655985915492955],[42.93319959879639,37.64119718309859],[42.9049147442327,37.69295774647887],[42.86720160481444,37.722535211267605],[42.86720160481444,37.752112676056335],[42.82948846539618,37.78169014084507],[42.838916750250746,37.80387323943662],[42.857773319959875,37.80387323943662],[42.882411267132866,37.77882996328891],[42.867687240119416,37.727157588340916],[42.8871324149951,37.7843169951962],[42.88605817452357,37.79647887323944],[42.838916750250746,37.83345070422535],[42.81063189568706,37.82605633802817],[42.75406218655968,37.91478873239436],[42.68806419257773,37.96654929577465],[42.60353847670341,37.973685754916865],[42.65850074329191,38.00151144605647],[42.673615765593,38.036516255125],[42.65977933801404,38.0330985915493],[42.67863590772317,38.04788732394366],[42.6692076228686,38.055281690140845],[42.612637913741224,37.99612676056338],[42.55606820461384,37.99612676056338],[42.53721163490471,37.98133802816901],[42.480641925777334,38.01091549295774],[42.480641925777334,37.98133802816901],[42.40521564694082,38.01091549295774],[42.34864593781344,38.01091549295774],[42.23550651955867,37.96654929577465],[41.97151454363089,37.98133802816901],[41.87723169508525,37.922183098591546],[41.76409227683049,37.90739436619718],[41.735807422266795,37.885211267605634],[41.773520561685054,37.8112676056338],[41.811233701103305,37.78169014084507],[41.811233701103305,37.7669014084507],[41.74523570712136,37.72992957746479],[41.70752256770311,37.72992957746479],[41.68176373248759,37.750131582743],[41.7024611932079,37.8147048852347],[41.698094282848544,37.80288310117063],[41.698094282848544,37.84084507042253],[41.6777266963067,37.8561431974068],[41.679237713139415,37.79647887323944],[41.69529219052908,37.794281262852394],[41.68108389493536,37.75066476220176],[41.679237713139415,37.7669014084507],[41.660381143430286,37.7669014084507],[41.660381143430286,37.73732394366197],[41.698094282848544,37.722535211267605],[41.65095285857572,37.685563380281685],[41.51895687061183,37.64119718309859],[41.33039117352056,37.64119718309859],[41.27382146439318,37.655985915492955],[41.245536609829486,37.6781690140845],[41.245536609829486,37.78169014084507],[41.264393179538615,37.8112676056338],[41.33039117352056,37.83345070422535],[41.38696088264794,37.83345070422535],[41.50010030090271,37.892605633802816],[41.547241725175525,37.9443661971831],[41.547241725175525,37.988732394366195],[41.566098294884654,38.00352112676056],[41.547241725175525,38.018309859154925],[41.547241725175525,38.07746478873239],[41.622668004012034,38.09225352112676],[41.61323971915747,38.12922535211268],[41.584954864593776,38.121830985915494],[41.603811434302905,38.10704225352113],[41.59438314944835,38.09964788732394],[41.528385155466395,38.09225352112676],[41.528385155466395,38.180985915492954],[41.547241725175525,38.21056338028169],[41.57552657973922,38.23274647887324],[41.61323971915747,38.217957746478874],[41.6320962888666,38.23274647887324],[41.70752256770311,38.23274647887324],[41.773520561685054,38.28450704225352],[41.74523570712136,38.3362676056338],[41.65095285857572,38.3362676056338],[41.603811434302905,38.35845070422535],[41.584954864593776,38.388028169014085],[41.61323971915747,38.41021126760563],[41.63533440824982,38.392295804976854],[41.65095285857572,38.41021126760563],[41.76409227683049,38.41021126760563],[41.82066198595787,38.3806338028169],[41.93380140421264,38.43978873239436],[41.98094282848545,38.49154929577465],[41.89608826479438,38.528521126760566],[41.839518555667,38.528521126760566],[41.70752256770311,38.587676056338026],[41.61323971915747,38.60246478873239],[41.48124373119358,38.66161971830986],[41.38696088264794,38.66161971830986],[41.33039117352056,38.63204225352113],[41.16068204613841,38.64683098591549],[41.12296890672016,38.61725352112676],[41.06639919759277,38.60246478873239],[40.93440320962888,38.60246478873239],[40.88726178535607,38.624647887323945],[40.8778335005015,38.64683098591549],[40.85897693079237,38.63204225352113],[40.72698094282848,38.69119718309859],[40.613841524573715,38.70598591549296],[40.59498495486459,38.720774647887325],[40.444132397191574,38.720774647887325],[40.217853560682045,38.64683098591549],[39.991574724172516,38.63204225352113],[39.935005015045135,38.60246478873239],[39.82186559679037,38.61725352112676],[39.71815446339017,38.71338028169014],[39.71815446339017,38.787323943661974],[39.803009027081245,38.82429577464789],[39.83129388164493,38.8612676056338],[39.71815446339017,38.93521126760563],[39.71815446339017,38.96478873239437],[39.88786359077231,39.09788732394366],[39.89729187562688,39.12007042253521],[39.9529734277122,39.0990740214439],[39.9375955405175,39.1072338534179],[39.96328986960882,39.1274647887324],[39.9444332998997,39.157042253521126],[39.953861584754264,39.16443661971831],[40.048144433299896,39.19401408450704],[40.104714142427284,39.19401408450704],[40.11414242728184,39.186619718309856],[40.09528585757272,39.17183098591549],[40.13980296920714,39.16443661971831],[40.1190850010944,39.1587485485822],[40.16128385155466,39.16443661971831],[40.28385155466399,39.1274647887324],[40.22728184553661,39.053521126760565],[40.25956838720943,39.06405391530581],[40.24421332287397,39.0398022618512],[40.29902140194208,39.12270386650279],[40.28385155466399,39.10015271778692],[40.28385155466399,39.112676056338024],[40.312136409227676,39.13485915492958],[40.38756268806419,39.149647887323944],[40.45356068204613,39.20140845070422],[40.47241725175526,39.26056338028169],[40.425275827482444,39.26795774647887],[40.368706118355064,39.253169014084506],[40.312136409227676,39.19401408450704],[40.274423269809425,39.19401408450704],[40.16128385155466,39.223591549295776],[40.02928786359077,39.282746478873236],[40.00100300902708,39.319718309859155],[40.0198595787362,39.33450704225352],[40.010431293881645,39.3419014084507],[39.991574724172516,39.3419014084507],[39.97271815446339,39.31232394366197],[39.935005015045135,39.32711267605634],[39.82186559679037,39.32711267605634],[39.76529588766299,39.31232394366197],[39.708726178535606,39.26795774647887],[39.520160481444336,39.26795774647887],[39.46359077231695,39.253169014084506],[39.416449348044125,39.20140845070422],[39.44473420260782,39.179225352112674],[39.61444332998997,39.149647887323944],[39.62387161484453,39.112676056338024],[39.48244734202608,39.04612676056338],[39.33159478435306,39.03133802816901],[39.31273821464393,39.016549295774645],[39.22788365095286,39.083098591549295],[39.22788365095286,39.17183098591549],[39.26559679037111,39.21619718309859],[39.26559679037111,39.24577464788732],[39.20902708124373,39.319718309859155],[39.0864593781344,39.415845070422534],[38.99217652958876,39.415845070422534],[38.945035105315945,39.37887323943662],[38.982748244734196,39.319718309859155],[39.01103309929789,39.31232394366197],[39.06760280842528,39.3419014084507],[39.10531594784353,39.3419014084507],[39.13360080240722,39.30492957746479],[39.13360080240722,39.27535211267605],[39.0864593781344,39.23838028169014],[38.99217652958876,39.23838028169014],[38.93560682046138,39.29753521126761],[38.879037111334,39.29753521126761],[38.86018054162487,39.282746478873236],[38.794182547642926,39.33450704225352],[38.775325977933804,39.39366197183099],[38.756469408224675,39.40845070422535],[38.756469408224675,39.46760563380282],[38.775325977933804,39.482394366197184],[38.794182547642926,39.541549295774644],[38.89789368104313,39.62288732394366],[39.02988966900702,39.652464788732395],[39.10531594784353,39.69683098591549],[39.27502507522567,39.74119718309859],[39.32216649949849,39.73380281690141],[39.32216649949849,39.68943661971831],[39.303309929789364,39.67464788732394],[39.303309929789364,39.63028169014085],[39.284453360080235,39.615492957746476],[39.284453360080235,39.556338028169016],[39.31273821464393,39.53415492957747],[39.35045135406219,39.53415492957747],[39.40702106318957,39.5637323943662],[39.45416248746238,39.615492957746476],[39.45416248746238,39.64507042253521],[39.47301905717151,39.65985915492958],[39.47301905717151,39.68943661971831],[39.49187562688064,39.70422535211267],[39.49187562688064,39.73380281690141],[39.510732196589764,39.748591549295774],[39.53901705115346,39.82992957746479],[39.59558676028084,39.82992957746479],[39.72758274824473,39.75598591549296],[39.803009027081245,39.72640845070423],[39.859578736208626,39.72640845070423],[39.9444332998997,39.792957746478876],[39.9444332998997,39.822535211267606],[39.90672016048144,39.8669014084507],[39.90672016048144,39.97042253521127],[39.953861584754264,39.99260563380282],[40.142427281845535,39.97781690140845],[40.236710130391174,40.02218309859155],[40.349849548645935,40.00739436619718],[40.37813440320963,39.955633802816905],[40.349849548645935,39.93345070422535],[40.330992978936806,39.948239436619716],[40.236710130391174,39.948239436619716],[40.217853560682045,39.918661971830986],[40.142427281845535,39.90387323943662],[40.13299899699097,39.88169014084507],[40.16128385155466,39.85950704225352],[40.312136409227676,39.85950704225352],[40.425275827482444,39.80035211267606],[40.51013039117352,39.778169014084504],[40.4629889669007,39.74119718309859],[40.368706118355064,39.74119718309859],[40.349849548645935,39.75598591549296],[40.217853560682045,39.77077464788732],[40.18956870611835,39.748591549295774],[40.217853560682045,39.72640845070423],[40.368706118355064,39.69683098591549],[40.43470411233701,39.64507042253521],[40.425275827482444,39.60809859154929],[40.406419257773315,39.62288732394366],[40.349849548645935,39.62288732394366],[40.32156469408224,39.60070422535211],[40.38756268806419,39.59330985915493],[40.406419257773315,39.60809859154929],[40.41584754262788,39.585915492957746],[40.38756268806419,39.5637323943662],[40.274423269809425,39.54894366197183],[40.16128385155466,39.50457746478873],[40.02928786359077,39.50457746478873],[39.991574724172516,39.519366197183096],[39.9444332998997,39.482394366197184],[39.9444332998997,39.452816901408454],[39.97271815446339,39.415845070422534],[40.067001003009025,39.40105633802817],[40.142427281845535,39.445422535211264],[40.277513909298214,39.46021126760564],[40.30270812437312,39.42323943661972],[40.26499498495486,39.37887323943662],[40.2934900296602,39.365842026202],[40.32156469408224,39.40845070422535],[40.32156469408224,39.42323943661972],[40.280669519469704,39.46021126760564],[40.349849548645935,39.46021126760564],[40.4629889669007,39.519366197183096],[40.500702106318954,39.519366197183096],[40.500702106318954,39.53415492957747],[40.45356068204613,39.541549295774644],[40.47241725175526,39.556338028169016],[40.47241725175526,39.585915492957746],[40.54784353059177,39.65985915492958],[40.613841524573715,39.69683098591549],[40.66098294884654,39.68943661971831],[40.64212637913741,39.67464788732394],[40.66098294884654,39.65985915492958],[40.64212637913741,39.615492957746476],[40.66098294884654,39.60070422535211],[40.58555667001003,39.511971830985914],[40.66098294884654,39.43802816901408],[40.632698094282844,39.4306338028169],[40.576128385155464,39.46021126760564],[40.576128385155464,39.4306338028169],[40.6286257982856,39.4140501240255],[40.708124373119354,39.415845070422534],[40.72698094282848,39.40105633802817],[40.84012036108325,39.40105633802817],[40.95325977933801,39.4306338028169],[41.13625965872633,39.42983753984774],[41.12296890672016,39.445422535211264],[41.05697091273821,39.452816901408454],[41.132397191574725,39.49718309859155],[41.15125376128385,39.52676056338028],[41.15125376128385,39.57112676056338],[40.96268806419258,39.68943661971831],[40.97211634904714,39.71161971830986],[41.06639919759277,39.72640845070423],[41.12296890672016,39.71161971830986],[41.16068204613841,39.66725352112676],[41.21725175526579,39.66725352112676],[41.27382146439318,39.69683098591549],[41.31153460381143,39.69683098591549],[41.35867602808425,39.65985915492958],[41.38696088264794,39.60809859154929],[41.48124373119358,39.60809859154929],[41.55667001003009,39.682042253521125],[41.65095285857572,39.72640845070423],[41.72637913741224,39.74119718309859],[41.78294884653962,39.71161971830986],[41.79237713139418,39.68943661971831],[41.735807422266795,39.65985915492958],[41.46238716148445,39.4306338028169],[41.36810431293881,39.40105633802817],[41.12296890672016,39.40105633802817],[41.06639919759277,39.386267605633805],[41.01925777331996,39.349295774647885],[41.01925777331996,39.26056338028169],[40.95325977933801,39.19401408450704],[40.85897693079237,39.19401408450704],[40.78355065195586,39.23838028169014],[40.708124373119354,39.23838028169014],[40.5667001003009,39.14225352112676],[40.52898696088265,39.09788732394366],[40.52898696088265,39.053521126760565],[40.51013039117352,39.02394366197183],[40.53841524573721,38.986971830985915],[40.65155466399197,38.92781690140845],[40.74583751253761,38.91302816901408],[40.81183550651956,38.95],[40.89669007021063,39.04612676056338],[41.00982948846539,39.09049295774648],[41.01925777331996,39.053521126760565],[41.00040120361083,39.0387323943662],[41.00040120361083,39.00915492957746],[40.96268806419258,38.97957746478873],[40.92497492477432,38.9056338028169],[40.97211634904714,38.853873239436616],[41.02868605817452,38.83908450704225],[41.07582748244734,38.8612676056338],[41.132397191574725,38.920422535211266],[41.132397191574725,38.97957746478873],[41.15125376128385,38.9943661971831],[41.113540621865596,39.0387323943662],[41.16068204613841,39.04612676056338],[41.21725175526579,39.10528169014084],[41.23610832497492,39.10528169014084],[41.28550895312218,39.06181973729571],[41.264393179538615,39.09788732394366],[41.27382146439318,39.10528169014084],[41.36810431293881,39.10528169014084],[41.50010030090271,39.149647887323944],[41.66980942828485,39.149647887323944],[41.68866599799398,39.16443661971831],[41.99037111334002,39.179225352112674],[42.03751253761284,39.14225352112676],[42.03751253761284,39.083098591549295],[42.00922768304915,39.06091549295775],[41.95265797392176,39.06091549295775],[41.85837512537613,39.10528169014084],[41.79237713139418,38.97957746478873],[41.79237713139418,38.95],[41.811233701103305,38.93521126760563],[41.71695085255767,38.846478873239434],[41.71695085255767,38.816901408450704],[41.735807422266795,38.80211267605634],[41.78294884653962,38.79471830985916],[41.839518555667,38.83908450704225],[41.91494483450351,38.86866197183099],[41.92437311935807,38.846478873239434],[41.84894684052156,38.7725352112676],[41.89608826479438,38.73556338028169],[41.9432296890672,38.75774647887324],[42.03751253761284,38.846478873239434],[42.03751253761284,38.920422535211266],[42.01865596790371,38.93521126760563],[42.01865596790371,38.97957746478873],[42.14122367101304,39.03133802816901],[42.1506519558676,38.890845070422536],[42.11293881644934,38.846478873239434],[42.13179538615847,38.83169014084507],[42.094082246740214,38.816901408450704],[42.12236710130391,38.80950704225352],[42.14122367101304,38.82429577464789],[42.178936810431296,38.80950704225352],[42.19779338014042,38.82429577464789],[42.27321965897693,38.82429577464789],[42.29207622868606,38.80950704225352],[42.367502507522566,38.80950704225352],[42.41464393179538,38.846478873239434],[42.45235707121364,39.112676056338024],[42.55606820461384,39.12007042253521],[42.5654964894684,38.920422535211266],[42.54663991975927,38.890845070422536],[42.574924774322966,38.88345070422535],[42.593781344032095,38.89823943661972],[42.60320962888666,38.890845070422536],[42.60320962888666,38.87605633802817],[42.4900702106319,38.787323943661974],[42.43350050150451,38.69859154929577],[42.43350050150451,38.59507042253521],[42.480641925777334,38.558098591549296],[42.518355065195585,38.54330985915493],[42.68806419257773,38.54330985915493],[42.706920762286856,38.558098591549296],[42.876629889669005,38.57288732394366],[42.92377131394182,38.60985915492957],[42.92377131394182,38.683802816901405],[42.96148445336008,38.74295774647887],[43.084052156469404,38.79471830985916],[43.234904714142424,38.79471830985916],[43.32918756268806,38.76514084507042],[43.38575727181545,38.69119718309859],[43.46118355065195,38.67640845070422],[43.489468405215646,38.654225352112675],[43.489468405215646,38.624647887323945],[43.46118355065195,38.60246478873239],[43.40461384152457,38.61725352112676],[43.31033099297893,38.720774647887325],[43.234904714142424,38.73556338028169],[43.121765295887656,38.69119718309859],[43.05576730190572,38.63943661971831],[43.084052156469404,38.60246478873239],[43.13119358074222,38.58028169014084],[43.13119358074222,38.53591549295775],[43.10290872617853,38.513732394366194],[42.725777331995985,38.513732394366194],[42.706920762286856,38.49894366197183],[42.612637913741224,38.49894366197183],[42.499498495486456,38.43978873239436],[42.40521564694082,38.43978873239436],[42.376930792377124,38.417605633802815],[42.376930792377124,38.37323943661972],[42.480641925777334,38.321478873239435],[42.68806419257773,38.39542253521127],[42.763490471414244,38.3806338028169],[42.79177532597793,38.34366197183098],[42.77291875626881,38.32887323943662],[42.75406218655968,38.26971830985915],[42.820060180541624,38.26232394366197],[42.86720160481444,38.24014084507042],[42.86720160481444,38.225352112676056],[42.782347041123366,38.18838028169014],[42.75406218655968,38.151408450704224],[42.820060180541624,38.11443661971831],[42.93319959879639,38.11443661971831],[42.970912738214636,38.084859154929575],[43.027482447342024,38.07007042253521],[43.07462387161485,38.07746478873239],[43.09348044132397,38.09225352112676],[43.09348044132397,38.121830985915494],[42.99919759277833,38.180985915492954],[42.99919759277833,38.19577464788732],[43.01805416248746,38.225352112676056],[43.121765295887656,38.291901408450705],[43.19719157472417,38.291901408450705],[43.272617853560675,38.26232394366197],[43.423470411233694,38.27711267605633],[43.489468405215646,38.254929577464786],[43.489468405215646,38.225352112676056],[43.44232698094282,38.18838028169014],[43.34804413239719,38.18838028169014],[43.26318956870612,38.151408450704224],[43.24433299899699,38.121830985915494],[43.34804413239719,38.055281690140845],[43.40461384152457,38.055281690140845],[43.47061183550652,38.10704225352113],[43.47061183550652,38.16619718309859],[43.53660982948846,38.217957746478874],[43.59317953861584,38.217957746478874],[43.61203610832497,38.23274647887324],[43.772316950852556,38.225352112676056],[43.72517552657973,38.217957746478874],[43.659177532597795,38.16619718309859],[43.640320962888666,38.13661971830986],[43.640320962888666,38.09225352112676],[43.66860581745236,38.07007042253521],[43.81945837512537,38.07007042253521],[43.9703109327984,38.20316901408451],[44.02688064192577,38.20316901408451],[44.0457372116349,38.217957746478874],[44.08345035105316,38.20316901408451],[44.12116349047141,38.217957746478874],[44.23430290872618,38.217957746478874],[44.262587763289865,38.180985915492954],[44.092878635907724,37.97394366197183],[44.10230692076229,37.96654929577465],[44.19658976930792,38.01091549295774],[44.25315947843531,38.01091549295774],[44.262587763289865,38.00352112676056],[44.24373119358074,37.988732394366195],[44.24373119358074,37.93269365913893],[44.2245789831185,37.8903212674501],[44.2663082958894,37.8681421475658],[44.3192347487662,37.8777852247324],[44.3885294716609,37.8628981560556],[44.40449293144528,37.84861659071284],[44.394670245825,37.8223081668614],[44.4252335251078,37.7991819570882],[44.4490945329029,37.8023451704288],[44.43501698170782,37.76742083541936],[44.5606743476101,37.7806916769098],[44.6179177652948,37.7296830717292],[44.620862587763284,37.70774647887324],[44.56429287863591,37.66338028169014],[44.5703091825775,37.639186782301],[44.6141870539703,37.6025731589021],[44.602006018054155,37.589436619718306],[44.612559916172,37.5442206346898],[44.58314944834503,37.485915492957744],[44.554864593781346,37.4637323943662],[44.422868605817456,37.419366197183095],[44.32858575727181,37.419366197183095],[44.30972918756268,37.40457746478873]],[[44.23740414145876,37.74019969355008],[44.2443580978944,37.7422990010963],[44.2652170444272,37.760860708314],[44.23740414145876,37.74019969355008]],[[44.224874623871614,37.752112676056335],[44.23430290872618,37.74471830985915],[44.262587763289865,37.7669014084507],[44.25315947843531,37.77429577464788],[44.224874623871614,37.752112676056335]],[[44.14002006018054,37.72992957746479],[44.19658976930792,37.72992957746479],[44.2102670431921,37.7320073622203],[44.19658976930792,37.74471830985915],[44.14002006018054,37.74471830985915],[44.14002006018054,37.72992957746479]],[[44.074022066198594,37.7669014084507],[44.12116349047141,37.75950704225352],[44.130591775325975,37.7669014084507],[44.08345035105316,37.77429577464788],[44.074022066198594,37.7669014084507]],[[44.117502940183215,37.757371828827715],[44.124717584619454,37.755168323125865],[44.1235819870526,37.7563073005003],[44.117502940183215,37.757371828827715]],[[43.6308926780341,37.789084507042254],[43.60974544217622,37.76130355398398],[43.57208344522046,37.742961907873116],[43.58375125376128,37.752112676056335],[43.57432296890671,37.75950704225352],[43.54603811434303,37.73732394366197],[43.555466399197584,37.72992957746479],[43.6368666827312,37.7745117807525],[43.6218322550303,37.7671899132293],[43.640320962888666,37.78169014084507],[43.6308926780341,37.789084507042254]],[[43.41404212637913,37.61901408450704],[43.434935536139704,37.60504214272654],[43.45703865619729,37.626608616760045],[43.44232698094282,37.64119718309859],[43.41404212637913,37.61901408450704]],[[43.19509813301085,37.73485005681434],[43.1953078823957,37.7348047127629],[43.19556786929895,37.73482434985402],[43.19509813301085,37.73485005681434]],[[42.91608449436431,37.783004306780406],[42.9473412957788,37.7596013711737],[42.9193032434198,37.7828583685718],[42.91608449436431,37.783004306780406]],[[42.75794181802543,37.987810759237696],[42.75953634317297,37.98411146122701],[42.7592761679489,37.9869987710923],[42.75794181802543,37.987810759237696]],[[42.67863590772317,38.29929577464789],[42.75406218655968,38.34366197183098],[42.725777331995985,38.351056338028165],[42.65977933801404,38.31408450704225],[42.6692076228686,38.26232394366197],[42.67863590772317,38.279014903488424],[42.68687058684871,38.259726894141764],[42.67863590772317,38.29929577464789]],[[42.667401827921324,38.11585285918532],[42.69749247743229,38.180985915492954],[42.73520561685055,38.19577464788732],[42.68806419257773,38.20316901408451],[42.64092276830491,38.121830985915494],[42.650351053159476,38.09964788732394],[42.68806419257773,38.084859154929575],[42.69749247743229,38.09225352112676],[42.667401827921324,38.11585285918532]],[[42.73025835620692,38.18837835289503],[42.72316184104779,38.18647216904477],[42.7300677938678,38.18783282152],[42.73025835620692,38.18837835289503]],[[42.7103175536532,38.015200490284016],[42.71418915252454,38.01443544373116],[42.7121405290571,38.0156820867149],[42.7103175536532,38.015200490284016]],[[42.59468781585839,38.896732565044296],[42.581322974376036,38.88704451342452],[42.5924139127648,38.8918057741255],[42.59468781585839,38.896732565044296]],[[42.481198622132766,38.02619722712589],[42.48428163761258,38.020545031896596],[42.4841355783751,38.025364989014],[42.481198622132766,38.02619722712589]],[[42.4396490350352,38.0379710320663],[42.34864593781344,38.11443661971831],[42.33921765295887,38.10704225352113],[42.4396490350352,38.0379710320663]],[[42.22607823470411,38.180985915492954],[42.268346807128346,38.16341397570727],[42.23550651955867,38.18838028169014],[42.22607823470411,38.180985915492954]],[[42.21664994984955,38.2475352112676],[42.12236710130391,38.2475352112676],[42.094082246740214,38.225352112676056],[42.244934804413234,38.225352112676056],[42.21664994984955,38.2475352112676]],[[42.23671008969169,38.21412075305456],[42.23744104278089,38.21271765922258],[42.2373129109145,38.2135421523279],[42.23671008969169,38.21412075305456]],[[42.1186898615394,38.8074917277849],[42.11816380596616,38.80709103512527],[42.12695361040132,38.809207339647394],[42.1186898615394,38.8074917277849]],[[42.01865596790371,38.19577464788732],[42.0469408224674,38.17359154929577],[42.0822951218356,38.1858636658606],[42.06114465559114,38.18473125764578],[42.07522567703109,38.19577464788732],[42.06579739217653,38.20316901408451],[42.01865596790371,38.19577464788732]],[[41.96467103124823,38.156121276229946],[41.9687493865736,38.1546226035521],[41.96971025904515,38.15507265074481],[41.96467103124823,38.156121276229946]],[[41.905516549648944,38.19577464788732],[41.95265797392176,38.15880281690141],[41.962086258776324,38.16619718309859],[41.91494483450351,38.20316901408451],[41.905516549648944,38.19577464788732]],[[41.92437311935807,38.59507042253521],[41.9432296890672,38.59507042253521],[41.93380140421264,38.63204225352113],[41.92437311935807,38.624647887323945],[41.92437311935807,38.59507042253521]],[[41.940665530035645,38.58851206829047],[41.93750311241196,38.58617586792521],[41.940452446913,38.5864773331063],[41.940665530035645,38.58851206829047]],[[41.911341916140486,38.58350181051708],[41.885954783790154,38.583912384404435],[41.8949631587734,38.5818276616357],[41.911341916140486,38.58350181051708]],[[41.8502708524594,38.1957292653523],[41.87397858438951,38.19499350824418],[41.8728338424807,38.1954552208086],[41.8502708524594,38.1957292653523]],[[41.82066198595787,38.61725352112676],[41.698094282848544,38.60985915492957],[41.830090270812434,38.60985915492957],[41.82066198595787,38.61725352112676]],[[41.8170811578365,38.6001938650468],[41.81460349090463,38.60042453727705],[41.82512142956808,38.59799047050556],[41.8170811578365,38.6001938650468]],[[41.6296615847777,38.218511307276],[41.63020496796784,38.2174105481983],[41.63518983486954,38.229330882445076],[41.6296615847777,38.218511307276]],[[41.618443221138314,38.08344738008142],[41.58205050704586,38.08101579541986],[41.6175739231103,38.0814543556769],[41.618443221138314,38.08344738008142]],[[41.5772182654186,38.0806929284693],[41.57338176046685,38.07799875366327],[41.57866940677044,38.08078988669681],[41.5772182654186,38.0806929284693]],[[41.50010030090271,38.986971830985915],[41.34924774322968,39.04612676056338],[41.283249749247744,39.0387323943662],[41.283249749247744,39.00915492957746],[41.34924774322968,38.97218309859155],[41.40581745235707,38.957394366197185],[41.509528585757266,38.96478873239437],[41.50010030090271,38.986971830985915]],[[41.2478148693821,38.660190554252],[41.247588174278754,38.66076744252474],[41.247628886719596,38.65876313764122],[41.2478148693821,38.660190554252]],[[41.1587138125512,38.6972397615482],[41.1557934020942,38.7470505169129],[41.154739504462796,38.74740050529168],[41.1587138125512,38.6972397615482]],[[41.132397191574725,38.75774647887324],[41.132397191574725,38.69859154929577],[41.14182547642929,38.69119718309859],[41.15125376128385,38.75774647887324],[41.132397191574725,38.75774647887324]],[[40.89570347195066,38.62507606213074],[40.89024573633447,38.624358295460624],[40.8952527830359,38.6246050195385],[40.89570347195066,38.62507606213074]],[[40.54638931518333,39.531368997002986],[40.553785538550514,39.53216917315677],[40.5498430276786,39.5328854119594],[40.54638931518333,39.531368997002986]],[[40.47948171631063,39.514463638758315],[40.5040146099344,39.5148253032447],[40.50481391274351,39.5152375956957],[40.47948171631063,39.514463638758315]],[[40.217853560682045,38.70598591549296],[40.34042126379137,38.7725352112676],[40.312136409227676,38.779929577464785],[40.20842527582748,38.71338028169014],[40.217853560682045,38.70598591549296]],[[40.2545932656265,38.7243122984063],[40.252641017976345,38.722139117376585],[40.33101051779964,38.761095572968955],[40.2545932656265,38.7243122984063]],[[40.22728184553661,38.920422535211266],[40.20842527582748,38.920422535211266],[40.20842527582748,38.890845070422536],[40.236710130391174,38.83908450704225],[40.24613841524574,38.85873710243014],[40.25252086015232,38.84498116539813],[40.22728184553661,38.920422535211266]],[[40.2510065253769,39.9619260176295],[40.25146926821636,39.956110125123566],[40.252092050589034,39.96292455583722],[40.2510065253769,39.9619260176295]],[[40.20842527582748,38.9943661971831],[40.20842527582748,38.96478873239437],[40.217853560682045,38.957394366197185],[40.24613841524574,38.9943661971831],[40.20842527582748,38.9943661971831]],[[40.2105256486512,38.6744387971635],[40.2361193599356,38.703747724342534],[40.209874305954635,38.6745325510365],[40.2105256486512,38.6744387971635]],[[40.227543748301464,38.950116832668066],[40.22815728322932,38.965678305355084],[40.2276577674441,38.9631150004413],[40.227543748301464,38.950116832668066]],[[40.1541800126149,38.6597813170437],[40.17118509168528,38.67808780478703],[40.170741061063,38.6781507559676],[40.1541800126149,38.6597813170437]],[[40.13299899699097,38.66901408450704],[40.142427281845535,38.66161971830986],[40.17071213640922,38.683802816901405],[40.16128385155466,38.69119718309859],[40.13299899699097,38.66901408450704]],[[40.15260838492469,39.57654347798101],[40.1516205317118,39.5766344638246],[40.1361528039264,39.5651678527732],[40.15260838492469,39.57654347798101]],[[40.11414242728184,39.57112676056338],[40.123570712136406,39.5637323943662],[40.1518555667001,39.585915492957746],[40.142427281845535,39.59330985915493],[40.11414242728184,39.57112676056338]],[[40.048144433299896,39.31232394366197],[40.06997382038358,39.31465544940707],[40.11473952469022,39.304459483597356],[40.072393975919496,39.316553516400454],[40.048144433299896,39.3419014084507],[40.048144433299896,39.31232394366197]],[[40.021560666259674,39.330993847629806],[40.02222635718399,39.330881558998875],[40.0216970750162,39.3310327237868],[40.021560666259674,39.330993847629806]],[[39.944203467939225,39.11166866553977],[39.9564582189212,39.1198932592341],[39.95654959819528,39.12114515458132],[39.944203467939225,39.11166866553977]],[[39.86900702106318,39.00915492957746],[39.86900702106318,38.97957746478873],[39.87843530591775,38.97218309859155],[39.90672016048144,39.00915492957746],[39.86900702106318,39.00915492957746]],[[39.88697914294931,38.97684353907604],[39.8866271942911,38.972745858117825],[39.8867798522715,38.9730228089015],[39.88697914294931,38.97684353907604]],[[39.859578736208626,38.957394366197185],[39.85015045135406,38.920422535211266],[39.81243731193581,38.890845070422536],[39.82186559679037,38.88345070422535],[39.85015045135406,38.890845070422536],[39.88548081032194,38.97066609826629],[39.86900702106318,38.94154572041385],[39.859578736208626,38.957394366197185]],[[39.870011536145704,38.92944525608505],[39.87153378743957,38.914194862904985],[39.8732667103437,38.9153158397666],[39.870011536145704,38.92944525608505]],[[39.85799954826675,39.59936628163044],[39.8488531886262,39.6053741845347],[39.848189890115655,39.6053450438119],[39.85799954826675,39.59936628163044]],[[39.847864857509556,38.883147984065985],[39.84693739935446,38.881621466060864],[39.848225848265,38.8819042769337],[39.847864857509556,38.883147984065985]],[[39.828957961788,38.8782080001002],[39.82858644895337,38.87759348461904],[39.83522841825665,38.87905137799819],[39.828957961788,38.8782080001002]],[[39.784152457372116,39.60809859154929],[39.81243731193581,39.615492957746476],[39.784152457372116,39.63767605633803],[39.77472417251755,39.63028169014085],[39.784152457372116,39.60809859154929]],[[39.79358074222668,39.57112676056338],[39.75586760280842,39.585915492957746],[39.77472417251755,39.57112676056338],[39.77472417251755,39.541549295774644],[39.73701103309929,39.52676056338028],[39.74643931795386,39.519366197183096],[39.78711250919993,39.53647642362598],[39.7839619375869,39.5254207815701],[39.79358074222668,39.541549295774644],[39.79358074222668,39.57112676056338]],[[39.774444094299,39.5189486472467],[39.77481065129439,39.51919790603775],[39.7474134170171,39.5168547220376],[39.774444094299,39.5189486472467]],[[39.6310101872416,39.4488021385693],[39.5975073773842,39.440521613761],[39.57594893653564,39.44359341235542],[39.5940809532757,39.439474651746],[39.6310101872416,39.4488021385693]],[[39.55787362086259,39.46021126760564],[39.54844533600802,39.511971830985914],[39.520160481444336,39.53415492957747],[39.510732196589764,39.52676056338028],[39.52958876629889,39.511971830985914],[39.53901705115346,39.445422535211264],[39.62387161484453,39.452816901408454],[39.55787362086259,39.46021126760564]],[[39.3044529647095,39.4535610603934],[39.307088886859326,39.45446448327644],[39.296291695159766,39.45970946057066],[39.3044529647095,39.4535610603934]]],[[[42.70997888426372,38.323877281234246],[42.725777331995985,38.3362676056338],[42.73617065318661,38.3362676056338],[42.70997888426372,38.323877281234246]]],[[[42.65977933801404,38.121830985915494],[42.6688406958029,38.12893758046245],[42.66627248404409,38.11673857512619],[42.65977933801404,38.121830985915494]]],[[[42.160080240722166,40.776408450704224],[41.93380140421264,40.76161971830986],[41.86780341023069,40.79859154929578],[41.88665997993982,40.813380281690144],[41.86780341023069,40.85774647887324],[41.92437311935807,40.90211267605634],[41.92437311935807,41.02042253521127],[41.97151454363089,41.05739436619719],[42.028084252758276,41.05739436619719],[42.11293881644934,41.0056338028169],[42.094082246740214,40.97605633802817],[42.13179538615847,40.93169014084507],[42.178936810431296,40.89471830985916],[42.21664994984955,40.89471830985916],[42.244934804413234,40.8725352112676],[42.244934804413234,40.82816901408451],[42.160080240722166,40.776408450704224]]],[[[42.12236710130391,38.23274647887324],[42.12707228738554,38.23274647887324],[42.11511451147122,38.227058455449246],[42.12236710130391,38.23274647887324]]],[[[40.47241725175526,40.842957746478874],[40.43538709811804,40.887859592197245],[40.47241725175526,40.93169014084507],[40.47241725175526,40.9612676056338],[40.43470411233701,41.0056338028169],[40.473144880156454,41.0357819282228],[40.5460843868496,41.028526733751],[40.7108049789723,41.0836371163465],[40.8023874534698,41.1610024946942],[40.8778023584107,41.1823609708642],[40.930401877204,41.1764407617003],[41.0558594081279,41.2148309580501],[41.1536171009327,41.2824108994388],[41.3407633243287,41.3720457348475],[41.35867602808425,41.375352112676055],[41.339819458375125,41.36056338028169],[41.36810431293881,41.33838028169014],[41.40581745235707,41.33838028169014],[41.7085917474073,41.4959577277295],[41.7140923199274,41.4737433625782],[41.7851303939513,41.461465533827],[41.8221113164571,41.4322076363945],[41.85837512537613,41.441901408450704],[42.00922768304915,41.35316901408451],[42.03751253761284,41.316197183098595],[42.03751253761284,41.25704225352113],[41.99979939819458,41.19788732394366],[41.93380140421264,41.146126760563384],[41.72637913741224,41.13133802816901],[41.65095285857572,41.08697183098592],[41.61323971915747,41.042605633802815],[41.566098294884654,41.05],[41.566098294884654,41.079577464788734],[41.71695085255767,41.183098591549296],[41.754663991975924,41.2274647887324],[41.74523570712136,41.279225352112675],[41.70752256770311,41.279225352112675],[41.57552657973922,41.220070422535215],[41.38696088264794,41.07218309859155],[41.35867602808425,41.06478873239437],[41.35867602808425,41.05],[41.2926780341023,41.013028169014085],[41.27382146439318,40.983450704225355],[41.25496489468405,40.99823943661972],[41.19839518555666,40.95387323943662],[41.12296890672016,40.96866197183099],[41.06639919759277,41.013028169014085],[40.93440320962888,41.02781690140845],[40.78355065195586,40.983450704225355],[40.51955867602808,40.820774647887326],[40.481845536609825,40.80598591549296],[40.43470411233701,40.813380281690144],[40.43470411233701,40.82816901408451],[40.47241725175526,40.842957746478874]],[[41.34924774322968,41.16091549295775],[41.35867602808425,41.178639234673135],[41.3658356157246,41.1634289520896],[41.34924774322968,41.20528169014084],[41.34924774322968,41.16091549295775]],[[40.44650170331314,40.82983633155043],[40.437200787201,40.8249039956686],[40.43717413911317,40.824570017169634],[40.44650170331314,40.82983633155043]]],[[[41.76409227683049,40.89471830985916],[41.679237713139415,40.99084507042254],[41.679237713139415,41.02042253521127],[41.74523570712136,41.05739436619719],[41.830090270812434,41.03521126760563],[41.830090270812434,40.97605633802817],[41.811233701103305,40.9612676056338],[41.79237713139418,40.90211267605634],[41.76409227683049,40.89471830985916]]],[[[40.5667001003009,37.82605633802817],[40.54784353059177,37.885211267605634],[40.51013039117352,37.92957746478873],[40.51013039117352,37.988732394366195],[40.576128385155464,38.055281690140845],[40.74583751253761,38.07007042253521],[40.97211634904714,38.12922535211268],[41.01925777331996,38.180985915492954],[41.00040120361083,38.21056338028169],[41.02868605817452,38.23274647887324],[41.06639919759277,38.217957746478874],[41.16068204613841,38.217957746478874],[41.170110330992976,38.21056338028169],[41.15125376128385,38.19577464788732],[41.16702937909368,38.188126971355814],[41.17953861584754,38.20316901408451],[41.20782347041123,38.16619718309859],[41.188966900702106,38.151408450704224],[41.20782347041123,38.121830985915494],[41.15125376128385,38.04788732394366],[41.10411233701103,38.01091549295774],[41.00040120361083,37.97394366197183],[41.00040120361083,37.959154929577466],[41.06639919759277,37.93697183098591],[41.086763526792005,37.906211868428066],[41.03376384408996,37.88106638357305],[41.087045424611304,37.90599078307285],[41.113540621865596,37.885211267605634],[41.09468405215647,37.8556338028169],[41.02868605817452,37.818661971830984],[40.915546639919754,37.83345070422535],[40.80240722166499,37.87781690140845],[40.708124373119354,37.863028169014086],[40.613841524573715,37.80387323943662],[40.5667001003009,37.82605633802817]]],[[[40.68926780341023,39.682042253521125],[40.698696088264796,39.64507042253521],[40.68926780341023,39.63767605633803],[40.68926780341023,39.682042253521125]]],[[[40.38756268806419,37.70035211267606],[40.274423269809425,37.74471830985915],[39.97271815446339,37.77429577464788],[39.92557673019057,37.8112676056338],[39.92557673019057,37.84084507042253],[39.953861584754264,37.863028169014086],[40.123570712136406,37.87781690140845],[40.217853560682045,37.83345070422535],[40.274423269809425,37.87781690140845],[40.330992978936806,37.87781690140845],[40.425275827482444,37.848239436619714],[40.49127382146439,37.79647887323944],[40.49127382146439,37.73732394366197],[40.4629889669007,37.71514084507042],[40.38756268806419,37.70035211267606]]],[[[40.406419257773315,40.80598591549296],[40.34042126379137,40.8725352112676],[40.38756268806419,40.89471830985916],[40.45356068204613,40.85774647887324],[40.406419257773315,40.80598591549296]]],[[[39.83129388164493,40.31056338028169],[39.840722166499496,40.347535211267605],[39.935005015045135,40.37711267605634],[40.048144433299896,40.46584507042254],[40.085857572718155,40.46584507042254],[40.16128385155466,40.42147887323944],[40.198996990972915,40.42147887323944],[40.236710130391174,40.45105633802817],[40.37813440320963,40.443661971830984],[40.37813440320963,40.414084507042254],[40.330992978936806,40.37711267605634],[40.180140421263786,40.33274647887324],[40.085857572718155,40.317957746478875],[40.067001003009025,40.347535211267605],[40.02928786359077,40.347535211267605],[39.991574724172516,40.317957746478875],[39.935005015045135,40.30316901408451],[39.83129388164493,40.31056338028169]]],[[[40.274423269809425,39.93345070422535],[40.31311069923193,39.93268659312935],[40.32156469408224,39.92605633802817],[40.312136409227676,39.918661971830986],[40.255566700100296,39.918661971830986],[40.24613841524574,39.92605633802817],[40.274423269809425,39.93345070422535]],[[40.275690557198,39.9319366761788],[40.2745002537431,39.9312434521752],[40.28314396388561,39.929610068903614],[40.275690557198,39.9319366761788]],[[40.2540677193898,39.9234520018252],[40.25545027133849,39.92397920440703],[40.253815212385696,39.92662558651985],[40.2540677193898,39.9234520018252]]],[[[40.30270812437312,39.39366197183099],[40.31002226449038,39.39939826759196],[40.30270812437312,39.38624987243573],[40.30270812437312,39.39366197183099]]],[[[39.9444332998997,40.517605633802816],[39.92557673019057,40.53239436619718],[39.935005015045135,40.554577464788736],[39.991574724172516,40.53978873239436],[40.039275727808,40.5701462490137],[40.02928786359077,40.59894366197183],[39.991574724172516,40.554577464788736],[39.953861584754264,40.554577464788736],[39.92557673019057,40.57676056338028],[40.00100300902708,40.60633802816901],[40.00100300902708,40.63591549295775],[40.0400599249829,40.649890338626825],[40.02928786359077,40.67288732394366],[40.010431293881645,40.6580985915493],[39.89729187562688,40.68767605633803],[39.840722166499496,40.68767605633803],[39.82186559679037,40.67288732394366],[39.61444332998997,40.67288732394366],[39.586158475426274,40.709859154929575],[39.6332998996991,40.746830985915494],[39.68986960882648,40.76161971830986],[40.104714142427284,40.79119718309859],[40.11414242728184,40.73943661971831],[40.180140421263786,40.73204225352113],[40.20842527582748,40.709859154929575],[40.11414242728184,40.63591549295775],[40.104714142427284,40.59894366197183],[40.07642928786359,40.60633802816901],[40.12730271655797,40.57229311419592],[40.11885163566,40.5468959421216],[40.13299899699097,40.57676056338028],[40.11414242728184,40.59154929577465],[40.123570712136406,40.59894366197183],[40.255566700100296,40.59894366197183],[40.28385155466399,40.56197183098592],[40.236710130391174,40.53978873239436],[40.198996990972915,40.5693661971831],[40.18956870611835,40.56197183098592],[40.20842527582748,40.547183098591546],[40.16128385155466,40.525],[40.067001003009025,40.525],[40.048144433299896,40.510211267605634],[39.9444332998997,40.517605633802816]],[[40.039275727808,40.5701462490137],[40.011529289649175,40.55188781632313],[40.0188123639448,40.5546321631225],[40.039275727808,40.5701462490137]],[[40.101571248811915,40.53854513389705],[40.0989593414074,40.5372829203814],[40.097767402082184,40.533873419366245],[40.101571248811915,40.53854513389705]],[[39.840722166499496,40.73204225352113],[39.75586760280842,40.709859154929575],[39.76529588766299,40.70246478873239],[39.809449918189905,40.717253521126764],[39.85130580838258,40.70975342136854],[39.840722166499496,40.73204225352113]]],[[[40.11414242728184,40.177464788732394],[40.010431293881645,40.22922535211268],[39.87843530591775,40.22922535211268],[39.86900702106318,40.251408450704226],[39.97271815446339,40.28838028169014],[40.236710130391174,40.28838028169014],[40.28385155466399,40.23661971830986],[40.28385155466399,40.207042253521124],[40.198996990972915,40.155281690140846],[40.11414242728184,40.177464788732394]]],[[[40.26499498495486,39.07212097165352],[40.274423269809425,39.09049295774648],[40.280625887322266,39.09535751434171],[40.26499498495486,39.07212097165352]]],[[[40.22728184553661,38.908598941130734],[40.23682696816399,38.88335907130472],[40.22728184553661,38.890845070422536],[40.22728184553661,38.908598941130734]]],[[[29.7580546067884,38.4530333247439],[29.78074222668004,38.47676056338028],[29.75245737211635,38.4693661971831],[29.73360080240722,38.49894366197183],[29.695887662988966,38.454577464788734],[29.648746238716146,38.49154929577465],[29.592176529588766,38.74295774647887],[29.545035105315947,38.79471830985916],[29.394182547642927,38.79471830985916],[29.318756268806418,38.76514084507042],[29.243329989969908,38.76514084507042],[29.233901705115347,38.782754061869326],[29.259435775332836,38.790667250345635],[29.233901705115347,38.78321810349242],[29.252758274824473,38.80211267605634],[29.233901705115347,38.816901408450704],[29.2528148429886,38.8186534937444],[29.252758274824473,38.846478873239434],[29.215045135406218,38.8612676056338],[29.215045135406218,38.87605633802817],[29.111334002006018,38.957394366197185],[29.01705115346038,39.00176056338028],[28.979338014042128,39.04612676056338],[28.922768304914744,39.06091549295775],[28.847342026078234,39.12007042253521],[28.78134403209629,39.112676056338024],[28.867693845026245,39.0893202714521],[28.86619859578736,39.07570422535211],[28.60220661985958,39.06091549295775],[28.489067201604815,39.016549295774645],[28.37592778335005,39.00176056338028],[28.28164493480441,38.957394366197185],[28.22507522567703,38.957394366197185],[28.130792377131392,39.04612676056338],[28.09307923771314,39.06091549295775],[27.979939819458373,39.04612676056338],[27.913941825476428,39.083098591549295],[27.913941825476428,39.112676056338024],[27.979939819458373,39.19401408450704],[28.049672842395,39.1820097752953],[28.001919662655585,39.19646358919014],[27.989368104312938,39.27535211267605],[27.923370110330993,39.35669014084507],[27.923370110330993,39.32711267605634],[27.791374122367102,39.3419014084507],[27.565095285857574,39.4306338028169],[27.50852557673019,39.415845070422534],[27.414242728184554,39.4306338028169],[27.3765295887663,39.386267605633805],[27.35767301905717,39.40105633802817],[27.28224674022066,39.40105633802817],[27.216248746238715,39.46760563380282],[27.216248746238715,39.49718309859155],[27.25396188565697,39.541549295774644],[27.25396188565697,39.60070422535211],[27.20682046138415,39.652464788732395],[27.037111334002006,39.652464788732395],[26.961685055165496,39.682042253521125],[26.697693079237713,39.66725352112676],[26.697693079237713,39.71161971830986],[26.641123370110332,39.682042253521125],[26.556268806419258,39.748591549295774],[26.556268806419258,39.80774647887324],[26.707121364092277,39.9112676056338],[26.725977933801403,39.94084507042253],[26.707121364092277,40.02957746478873],[26.669408224674022,40.07394366197183],[26.669408224674022,40.11830985915493],[26.650551654964893,40.147887323943664],[26.810832497492477,40.19964788732394],[26.886258776328987,40.19964788732394],[26.961685055165496,40.22922535211268],[27.037111334002006,40.22922535211268],[27.05596790371113,40.24401408450704],[27.263390170511535,40.27359154929577],[27.395386158475425,40.317957746478875],[27.65937813440321,40.30316901408451],[27.678234704112338,40.28838028169014],[27.829087261785357,40.28838028169014],[27.913941825476428,40.32535211267606],[27.85799994813792,40.384999434902745],[27.866800401203612,40.39190140845071],[27.89901706282,40.39190140845071],[27.9589217311109,40.352156124302],[27.980043101653916,40.362242942038954],[28.036509528585757,40.317957746478875],[28.09307923771314,40.317957746478875],[28.111935807422267,40.30316901408451],[28.922768304914744,40.317957746478875],[28.94162487462387,40.33274647887324],[29.01705115346038,40.33274647887324],[29.073620862587763,40.39190140845071],[29.130190571715147,40.347535211267605],[29.262186559679037,40.347535211267605],[29.318756268806418,40.37711267605634],[29.394182547642927,40.37711267605634],[29.488465396188566,40.347535211267605],[29.50732196589769,40.36232394366197],[29.5827482447342,40.33274647887324],[29.73360080240722,40.33274647887324],[29.80902708124373,40.36232394366197],[29.818455366098295,40.31056338028169],[29.799598796389166,40.29577464788733],[29.799598796389166,40.26619718309859],[29.818455366098295,40.26619718309859],[29.830446126951518,40.30517869943003],[29.8229335982954,40.2563035879925],[29.83731193580742,40.31056338028169],[29.83731193580742,40.35492957746479],[29.799598796389166,40.39929577464789],[29.818455366098295,40.414084507042254],[29.799598796389166,40.56197183098592],[29.88445336008024,40.59894366197183],[29.95987963891675,40.67288732394366],[30.03530591775326,40.67288732394366],[30.091875626880643,40.70246478873239],[30.101303911735204,40.72464788732395],[30.054162487462385,40.746830985915494],[29.94158025303031,40.746830985915494],[29.88445336008024,40.776408450704224],[29.80902708124373,40.776408450704224],[29.73360080240722,40.80598591549296],[29.648746238716146,40.8725352112676],[29.620461384152456,40.92429577464789],[29.488465396188566,40.92429577464789],[29.460180541624872,40.946478873239435],[29.49789368104313,40.99084507042254],[29.488465396188566,41.013028169014085],[29.431895687061182,40.93908450704225],[29.394182547642927,40.95387323943662],[29.328184553660982,41.0056338028169],[29.309327983951857,41.05],[29.224473420260782,41.11654929577465],[29.186760280842527,41.11654929577465],[29.1679037111334,41.146126760563384],[29.0883906182315,41.1779555457253],[29.1661370948518,41.2234910804945],[29.2545260441653,41.2339633786543],[29.5664054574585,41.1726242846729],[29.6151895351888,41.1795192195313],[29.8403466178685,41.1394737222504],[30.0713990876466,41.1344353942865],[30.1900223358076,41.1457550436141],[30.2702912070682,41.20919716075],[30.363451858387098,41.18165236586196],[30.308726178535608,41.153521126760566],[30.31815446339017,41.11654929577465],[30.33861117852974,41.160888592086124],[30.327582748244733,41.153521126760566],[30.337011033099298,41.16091549295775],[30.355867602808424,41.16091549295775],[30.38169829187565,41.17570422535211],[30.487863590772317,41.146126760563384],[30.6484715618796,41.1273014252457],[30.7793774420174,41.0843405708434],[30.9613592497564,41.0733940174536],[30.949849548645936,41.06478873239437],[30.968706118355065,41.03521126760563],[30.93099297893681,41.0056338028169],[30.949849548645936,40.99084507042254],[30.93099297893681,40.97605633802817],[30.94011717078855,40.968900464309264],[30.865884747061006,40.91917888118379],[30.94042126379137,40.96866197183099],[30.962139766055085,40.9856952458007],[30.961674556336,40.9833518264034],[30.97768020863432,41.01512521556815],[30.968706118355065,41.02042253521127],[30.97813440320963,41.02781690140845],[31.00641925777332,41.03521126760563],[31.0104595331272,41.0469805319789],[30.9653203133227,41.0735204356491],[31.2780506343556,41.1111034187406],[31.279839518555665,41.08697183098592],[31.347144901901395,41.08873638003467],[31.2793362249633,41.1114783185943],[31.3378184707197,41.134980701974],[31.4092110213078,41.2112899552017],[31.4034096887481,41.2554408555906],[31.42115443129,41.2716077184725],[31.39409863469304,41.293135933676645],[31.3985508113318,41.3145513398221],[31.6135335250525,41.3795443821879],[31.7572780245664,41.4549068953662],[31.7859871176626,41.4533040993362],[31.8458565963072,41.4996351647755],[32.0006999817252,41.5489965862663],[32.0533689198902,41.581867282505],[32.0874429605139,41.5884996237966],[32.12443676972619,41.56258536045995],[32.0908519922063,41.5865017926817],[32.1533691386619,41.6093184555183],[32.22660550215,41.6697386034559],[32.2256373563063,41.6850383019522],[32.2848838600224,41.7191384645293],[32.3364141852352,41.7223787479039],[32.3816650984746,41.7508795448477],[32.4143103691554,41.7393436513108],[32.4344618002688,41.7648112841591],[32.5125821203465,41.8048135159369],[32.5728528499831,41.8116061132928],[32.5799641768853,41.8266050246212],[32.6750715658878,41.830423010579],[32.9594336755717,41.8871332745018],[33.0390086021537,41.9302061955626],[33.1635723172356,41.9538776030495],[33.3378603577449,42.0191584014874],[33.7845497062934,41.9732677419649],[34.0953767371015,41.9792444718396],[34.2262479498599,41.954819550237],[34.2257493232643,41.93595099176737],[34.2275113357278,41.953020478185],[34.3144438837019,41.9413508207642],[34.4917039060765,41.976142343412],[34.5117006227136,41.9579829777523],[34.6154679203173,41.9424172067515],[34.7201758959639,41.9436855224383],[34.798858393322,41.9545534098917],[34.8442383673997,41.9779357799446],[34.9079982799811,42.0252494476458],[34.9494852972305,42.0757056779095],[34.9460099933249,42.0975939115352],[35.0154082655587,42.0919098410335],[35.04172517552658,42.06854632740307],[35.051153460381144,42.03345070422535],[35.1095491751866,42.02309818209],[35.1886985626531,42.0412114658248],[35.204165967950814,42.020355966099274],[35.11715145436309,42.011267605633805],[35.0901317281605,41.9219246486986],[35.1357392529538,41.8527835855677],[35.19741509041456,41.80801916946395],[35.2074118521835,41.768122454714],[35.2634467755727,41.7388634485529],[35.2734087775948,41.7179776456283],[35.4129790418531,41.6834255367603],[35.40121677432972,41.676123224437966],[35.4167184593368,41.6814863351327],[35.5144735981332,41.6357251231512],[35.6067190250882,41.6351360401835],[35.7548337687368,41.6675983186904],[35.9569346847835,41.7346479717507],[36.067308596421,41.6791639361881],[36.1149215053946,41.6248330951243],[36.1331385524379,41.5472683820835],[36.116549648946844,41.49366197183099],[36.1324116370421,41.4617692967394],[36.2464789942363,41.3517930320577],[36.3365338097126,41.3186916068629],[36.3379272003853,41.2945619503193],[36.389725297444,41.253713888049],[36.4472485562166,41.2441689242275],[36.5144003236987,41.2600195245118],[36.5658033766745,41.290909457059],[36.6250429049392,41.3686078054066],[36.6613111878308,41.3806761745639],[36.8422186606087,41.3465589340769],[37.0029773845073,41.2810480942723],[37.02166499498495,41.26303810432881],[37.0336433692631,41.1874779329299],[37.14896148571398,41.149835429517296],[37.09709127382146,41.0943661971831],[37.10651955867603,41.08697183098592],[37.16406540857784,41.146892323171805],[37.28565697091274,41.14453661247568],[37.2978338902916,41.1215085887407],[37.3936150832746,41.1043376292126],[37.534141383946,41.0216135193434],[37.6094875879473,41.0479836987247],[37.6822499195692,41.1326602608073],[37.7043388344076,41.1142538931563],[37.7854211366811,41.1158583694483],[37.7750197153918,41.0640074258727],[37.8062870398591,41.0268009409881],[37.8666158164073,41.0141173659927],[37.8811359907286,40.9860082461404],[38.111968290779735,40.9586185235262],[38.07763289869609,40.946478873239435],[38.09648946840522,40.93169014084507],[38.087061183550645,40.92429577464789],[38.00220661985958,40.887323943661976],[38.01163490471414,40.879929577464786],[38.06820461384152,40.89471830985916],[38.124774322968904,40.95387323943662],[38.1914801300834,40.9387786330466],[38.2852324336012,40.9440884589298],[38.3609508932639,40.9089742600739],[38.3858532259505,40.9214749544444],[38.5327778765169,40.918166472691],[38.624968068856,40.9727489854347],[38.6745559516837,40.9489792703484],[38.7110758731179,40.9497597852219],[38.8157107890926,41.0100364271553],[38.8710073827896,41.0100104442575],[38.9333542619339,41.0427372215554],[39.0134312801221,41.0315531930408],[39.1471417743159,41.06895762178409],[39.167871506040285,41.05739551918614],[39.1732967879415,41.0741775639632],[39.282823513045,41.0502850868164],[39.41950893376504,41.10675537360508],[39.487239535094,41.0911038382627],[39.567151466067,41.0254927219843],[39.6451551566081,40.9962669326758],[39.7205225564559,41.0129789784736],[39.7888534076003,40.9988305020833],[39.8766332302609,40.9540382386149],[40.01762412298259,40.959514394024815],[39.840722166499496,40.90950704225352],[39.652156469408226,40.89471830985916],[39.6332998996991,40.879929577464786],[39.61444332998997,40.89471830985916],[39.53901705115346,40.89471830985916],[39.4258776328987,40.93908450704225],[39.21845536609829,40.93908450704225],[39.14302908726178,40.89471830985916],[39.13442362799343,40.92127472969367],[39.13360080240722,40.90211267605634],[39.13360080240722,40.946478873239435],[39.152457372116345,40.97605633802817],[39.13360080240722,40.99084507042254],[39.153627444683096,41.01711912726297],[39.14302908726178,41.02781690140845],[39.114744232698094,40.99084507042254],[39.13360080240722,40.97605633802817],[39.114744232698094,40.9612676056338],[39.114744232698094,40.887323943661976],[39.095887662988964,40.8725352112676],[39.114744232698094,40.85774647887324],[39.114744232698094,40.82816901408451],[39.04874623871615,40.820774647887326],[39.04874623871615,40.80598591549296],[39.18967461704891,40.79705289790356],[39.13360080240722,40.82816901408451],[39.14302908726178,40.850352112676056],[39.510732196589764,40.813380281690144],[39.44473420260782,40.746830985915494],[39.34102306920762,40.69507042253521],[39.34102306920762,40.680281690140845],[39.284453360080235,40.63591549295775],[39.246740220661984,40.57676056338028],[39.246740220661984,40.547183098591546],[39.19959879638917,40.49542253521127],[38.89789368104313,40.49542253521127],[38.879037111334,40.525],[38.80361083249749,40.525],[38.78475426278836,40.53978873239436],[38.775325977933804,40.53239436619718],[38.794182547642926,40.517605633802816],[38.775325977933804,40.50281690140845],[38.72818455366098,40.49542253521127],[38.662186559679036,40.443661971830984],[38.70932798395185,40.39190140845071],[38.78475426278836,40.36232394366197],[38.97331995987964,40.347535211267605],[39.001604814443326,40.32535211267606],[38.97331995987964,40.28838028169014],[38.91675025075226,40.25880281690141],[38.74704112337011,40.19964788732394],[38.737612838515545,40.1330985915493],[38.775325977933804,40.10352112676056],[38.681043129388165,40.0887323943662],[38.72818455366098,40.081338028169014],[38.76589769307924,40.051760563380284],[38.78475426278836,40.06654929577465],[38.82975080401832,40.060837107292045],[38.850752256770306,40.044366197183095],[38.83189568706118,39.985211267605635],[38.74704112337011,39.948239436619716],[38.52076228686058,39.948239436619716],[38.50190571715145,39.96302816901409],[38.31334002006018,39.96302816901409],[38.256770310932794,39.948239436619716],[38.11534603811434,39.822535211267606],[38.124774322968904,39.80035211267606],[38.21905717151454,39.80035211267606],[38.26619859578736,39.778169014084504],[38.21905717151454,39.72640845070423],[38.087061183550645,39.72640845070423],[37.93620862587763,39.62288732394366],[37.823069207622865,39.60809859154929],[37.747642928786355,39.53415492957747],[37.615646940822465,39.475],[37.540220661985956,39.489788732394366],[37.427081243731195,39.5637323943662],[37.332798395185556,39.5637323943662],[37.31394182547643,39.54894366197183],[37.03109327983952,39.54894366197183],[36.93681043129388,39.50457746478873],[36.908525576730185,39.52676056338028],[36.927382146439314,39.541549295774644],[36.94623871614844,39.60070422535211],[36.993380140421266,39.63767605633803],[37.16308926780341,39.69683098591549],[37.200802407221666,39.69683098591549],[37.427081243731195,39.80035211267606],[37.51193580742226,39.88169014084507],[37.53079237713139,39.9112676056338],[37.53079237713139,39.955633802816905],[37.559077231695085,39.99260563380282],[37.8136409227683,40.07394366197183],[37.559077231695085,40.06654929577465],[37.351654964894685,40.14049295774648],[37.18194583751254,40.14049295774648],[37.125376128385156,40.12570422535211],[37.06880641925777,40.081338028169014],[36.89909729187563,40.02218309859155],[36.63510531594784,40.03697183098591],[36.61624874623871,40.06654929577465],[36.59739217652959,40.051760563380284],[36.52196589769308,40.051760563380284],[36.50310932798395,40.06654929577465],[36.29568706118355,40.06654929577465],[36.18254764292878,40.03697183098591],[36.135406218655966,40.0],[36.097693079237715,39.94084507042253],[36.097693079237715,39.89647887323944],[36.116549648946844,39.88169014084507],[36.116549648946844,39.778169014084504],[36.059979939819456,39.76338028169014],[36.078836509528585,39.748591549295774],[36.059979939819456,39.719014084507045],[35.89027081243731,39.57112676056338],[35.77713139418255,39.43802816901408],[35.75827482447342,39.39366197183099],[35.65456369107322,39.3419014084507],[35.56028084252758,39.3419014084507],[35.49428284854564,39.40845070422535],[35.49428284854564,39.43802816901408],[35.47542627883651,39.452816901408454],[35.47542627883651,39.63028169014085],[35.49428284854564,39.64507042253521],[35.49428284854564,39.70422535211267],[35.17372116349047,40.02957746478873],[35.17372116349047,40.05915492957747],[35.07943831494483,40.11830985915493],[35.02286860581745,40.19225352112676],[34.89087261785356,40.280985915492955],[34.87201604814443,40.31056338028169],[34.900300902708125,40.347535211267605],[35.04172517552658,40.42887323943662],[35.04172517552658,40.443661971830984],[34.9851554663992,40.47323943661972],[35.032296890672015,40.525],[35.22086258776329,40.584154929577466],[35.315145436308924,40.584154929577466],[35.33400200601805,40.59894366197183],[35.428284854563685,40.59894366197183],[35.447141424272814,40.5693661971831],[35.49661210048054,40.56591252374278],[35.4674972010809,40.5686142218001],[35.49428284854564,40.57676056338028],[35.45656970912738,40.59154929577465],[35.522567703109324,40.59894366197183],[35.56970912738215,40.63591549295775],[35.56970912738215,40.66549295774648],[35.6074222668004,40.72464788732395],[35.67342026078234,40.746830985915494],[35.74884653961885,40.80598591549296],[36.10712136409228,40.76161971830986],[36.54082246740221,40.62852112676056],[36.569107321965895,40.650704225352115],[36.55025075225677,40.66549295774648],[36.55025075225677,40.69507042253521],[36.44653961885657,40.746830985915494],[36.361685055165495,40.813380281690144],[36.342828485456366,40.842957746478874],[36.342828485456366,40.887323943661976],[36.361685055165495,40.90211267605634],[36.35225677031093,40.90950704225352],[36.22026078234704,40.93908450704225],[36.18254764292878,40.96866197183099],[36.16369107321966,40.95387323943662],[36.08826479438315,40.95387323943662],[35.93741223671013,40.879929577464786],[35.918555667001,40.89471830985916],[35.86198595787362,40.89471830985916],[35.86198595787362,40.879929577464786],[35.90912738214644,40.8725352112676],[35.8697877357901,40.8745484061101],[35.9043425101656,40.8687825567627],[35.84312938816449,40.83556338028169],[35.7111334002006,40.83556338028169],[35.69227683049147,40.820774647887326],[35.597993981945834,40.820774647887326],[35.56028084252758,40.80598591549296],[35.45656970912738,40.8725352112676],[35.43771313941825,40.916901408450705],[35.55085255767302,41.03521126760563],[35.56970912738215,41.0943661971831],[35.51313941825477,41.12394366197183],[35.428284854563685,41.220070422535215],[35.36228686058175,41.24225352112676],[35.37934865640115,41.25761969583041],[35.36228686058175,41.24843241059512],[35.38114343029087,41.27183098591549],[35.37171514543631,41.279225352112675],[35.23029087261785,41.19788732394366],[35.23029087261785,41.1387323943662],[35.24914744232698,41.109154929577464],[35.30571715145436,41.06478873239437],[35.36228686058175,40.99084507042254],[35.33400200601805,40.95387323943662],[35.258575727181544,40.95387323943662],[35.13600802407221,41.03521126760563],[35.088866599799395,41.08697183098592],[35.051153460381144,41.10176056338028],[34.956870611835505,41.10176056338028],[34.94052508091081,41.11457995133991],[34.95414004412972,41.12786777736504],[34.919157472417254,41.11654929577465],[34.90972918756269,41.109154929577464],[34.92858575727182,41.0943661971831],[34.83430290872618,41.05],[34.8531594784353,41.03521126760563],[34.8531594784353,40.99084507042254],[34.79658976930792,40.916901408450705],[34.79658976930792,40.85774647887324],[34.824874623871615,40.83556338028169],[34.938014042126376,40.820774647887326],[34.94744232698094,40.78380281690141],[34.806018054162486,40.68767605633803],[34.768304914744235,40.68767605633803],[34.71173520561685,40.746830985915494],[34.62688064192577,40.72464788732395],[34.62688064192577,40.60633802816901],[34.58916750250752,40.57676056338028],[34.53259779338014,40.488028169014086],[34.53259779338014,40.443661971830984],[34.56088264794383,40.42147887323944],[34.806018054162486,40.4362676056338],[34.83430290872618,40.414084507042254],[34.81544633901705,40.36971830985915],[34.730591775325976,40.317957746478875],[34.65516549648947,40.317957746478875],[34.52316950852558,40.27359154929577],[34.37231695085256,40.25880281690141],[34.35346038114343,40.24401408450704],[34.29689067201605,40.24401408450704],[34.249749247743225,40.280985915492955],[34.2308926780341,40.31056338028169],[34.2308926780341,40.35492957746479],[34.249749247743225,40.36971830985915],[34.249749247743225,40.414084507042254],[34.32517552657974,40.50281690140845],[34.36288866599799,40.57676056338028],[34.40060180541625,40.60633802816901],[34.41945837512537,40.66549295774648],[34.4383149448345,40.680281690140845],[34.4383149448345,40.709859154929575],[34.37231695085256,40.76161971830986],[34.29689067201605,40.76161971830986],[34.07061183550652,40.67288732394366],[33.86318956870612,40.67288732394366],[33.816048144433296,40.69507042253521],[33.816048144433296,40.73943661971831],[33.76890672016048,40.776408450704224],[33.54262788365095,40.776408450704224],[33.44834503510531,40.746830985915494],[33.420060180541626,40.76901408450704],[33.420060180541626,40.842957746478874],[33.45777331995988,40.90211267605634],[33.44834503510531,40.93908450704225],[33.33520561685055,40.93908450704225],[33.12778335005015,40.879929577464786],[32.939217652958874,40.879929577464786],[32.7506519558676,40.95387323943662],[32.637512537612835,40.95387323943662],[32.505516549648945,40.89471830985916],[32.448946840521565,40.89471830985916],[32.392377131394184,40.850352112676056],[32.279237713139416,40.83556338028169],[32.260381143430294,40.820774647887326],[31.996389167502507,40.80598591549296],[31.949247743229687,40.76901408450704],[31.93039117352056,40.69507042253521],[31.949247743229687,40.680281690140845],[31.958676028084252,40.62852112676056],[31.977532597793378,40.613732394366195],[32.03410230692076,40.613732394366195],[32.147241725175526,40.67288732394366],[32.316950852557675,40.79119718309859],[32.392377131394184,40.820774647887326],[32.5432296890672,40.83556338028169],[32.580942828485455,40.80598591549296],[32.61865596790371,40.80598591549296],[32.69408224674022,40.746830985915494],[32.788365095285855,40.717253521126764],[32.83550651955868,40.680281690140845],[32.83550651955868,40.59154929577465],[32.920361083249745,40.510211267605634],[33.09007021063189,40.42147887323944],[33.14663991975928,40.4362676056338],[33.18435305917753,40.40669014084507],[33.1937813440321,40.414084507042254],[33.17492477432297,40.43804007436779],[33.2020705895765,40.4085763266549],[33.208388415495946,40.39190140845071],[33.1654964894684,40.37711267605634],[33.05235707121364,40.27359154929577],[32.99578736208626,40.24401408450704],[32.939217652958874,40.24401408450704],[32.920361083249745,40.22922535211268],[32.486659979939816,40.22922535211268],[32.373520561685055,40.184859154929576],[32.298094282848545,40.110915492957744],[32.260381143430294,40.110915492957744],[32.21323971915747,40.147887323943664],[32.21323971915747,40.207042253521124],[32.18495486459378,40.24401408450704],[32.015245737211636,40.27359154929577],[31.864393179538617,40.21443661971831],[31.788966900702107,40.155281690140846],[31.675827482447342,40.12570422535211],[31.581544633901704,40.14049295774648],[31.506118355065194,40.184859154929576],[31.355265797392175,40.184859154929576],[31.308124373119355,40.1330985915493],[31.326980942828484,40.10352112676056],[31.31755265797392,40.081338028169014],[31.223269809428285,40.081338028169014],[31.20441323971916,40.06654929577465],[31.11013039117352,40.081338028169014],[31.09127382146439,40.06654929577465],[31.01584754262788,40.06654929577465],[30.996990972918756,40.03697183098591],[30.90270812437312,40.06654929577465],[30.874423269809427,40.05915492957747],[30.90270812437312,40.03697183098591],[30.996990972918756,40.02218309859155],[31.03470411233701,40.051760563380284],[31.09127382146439,40.051760563380284],[31.11013039117352,40.06654929577465],[31.103962626790526,40.05739128561684],[31.12898696088265,40.06654929577465],[31.147843530591775,40.051760563380284],[31.19996266845571,40.051760563380284],[31.1853769176009,40.0477819350831],[31.261916047410118,40.06216860664523],[31.234254273678733,40.060375401858394],[31.24212637913741,40.06654929577465],[31.298696088264794,40.06654929577465],[31.31755265797392,40.051760563380284],[31.3375631903887,40.0469196067424],[31.32638951721966,40.051760563380284],[31.355265797392175,40.06654929577465],[31.374122367101304,40.03697183098591],[31.41183550651956,40.051760563380284],[31.41183550651956,40.02218309859155],[31.46840521564694,40.03697183098591],[31.51554663991976,40.0],[31.51554663991976,39.97042253521127],[31.54383149448345,39.948239436619716],[31.581544633901704,39.93345070422535],[31.675827482447342,39.93345070422535],[31.722968906720162,39.9112676056338],[31.741825476429288,39.852112676056336],[31.638114343029088,39.77077464788732],[31.54383149448345,39.74119718309859],[31.31755265797392,39.75598591549296],[31.20441323971916,39.80035211267606],[31.1667001003009,39.80035211267606],[30.996990972918756,39.87429577464789],[30.864994984954865,39.87429577464789],[30.7518555667001,39.844718309859154],[30.506720160481443,39.844718309859154],[30.355867602808424,39.90387323943662],[30.31815446339017,39.90387323943662],[30.299297893681043,39.948239436619716],[30.280441323971914,39.918661971830986],[30.091875626880643,39.918661971830986],[30.06359077231695,39.89647887323944],[30.06359077231695,39.852112676056336],[30.08244734202608,39.822535211267606],[30.148445336008024,39.78556338028169],[30.24272818455366,39.78556338028169],[30.308726178535608,39.76338028169014],[30.403009027081243,39.64507042253521],[30.591574724172517,39.49718309859155],[30.591574724172517,39.40845070422535],[30.619859578736207,39.386267605633805],[30.657572718154462,39.386267605633805],[30.82728184553661,39.32711267605634],[30.93099297893681,39.24577464788732],[30.93099297893681,39.23098591549296],[30.874423269809427,39.20140845070422],[30.88385155466399,39.19401408450704],[30.90270812437312,39.20880281690141],[30.94042126379137,39.223591549295776],[30.968706118355065,39.186619718309856],[30.968706118355065,39.157042253521126],[30.98756268806419,39.14225352112676],[30.98756268806419,39.00915492957746],[30.82728184553661,38.86866197183099],[30.7518555667001,38.88345070422535],[30.657572718154462,38.94260563380281],[30.582146439317953,38.957394366197185],[30.469007021063188,39.016549295774645],[30.21444332998997,39.24577464788732],[30.13901705115346,39.36408450704225],[30.13901705115346,39.46760563380282],[30.11073219658977,39.489788732394366],[29.997592778335004,39.519366197183096],[29.903309929789366,39.519366197183096],[29.80902708124373,39.54894366197183],[29.75245737211635,39.53415492957747],[29.75245737211635,39.475],[29.941023069207624,39.445422535211264],[30.025877632898695,39.36408450704225],[30.016449348044134,39.29753521126761],[29.865596790371114,39.29753521126761],[29.78074222668004,39.24577464788732],[29.76188565697091,39.20140845070422],[29.88445336008024,39.149647887323944],[29.95987963891675,39.149647887323944],[30.16730190571715,39.00176056338028],[30.205015045135404,39.00176056338028],[30.233299899699098,38.97957746478873],[30.148445336008024,38.89823943661972],[30.091875626880643,38.89823943661972],[30.073019057171514,38.91302816901408],[29.95987963891675,38.91302816901408],[29.941023069207624,38.89823943661972],[29.922166499498495,38.92781690140845],[29.91273821464393,38.8612676056338],[29.893881644934805,38.846478873239434],[29.893881644934805,38.80211267605634],[29.969307923771314,38.75774647887324],[29.950451354062185,38.74295774647887],[29.95987963891675,38.73556338028169],[30.016449348044134,38.779929577464785],[30.054162487462385,38.779929577464785],[30.073019057171514,38.76514084507042],[30.16730190571715,38.76514084507042],[30.233299899699098,38.72816901408451],[30.233299899699098,38.66901408450704],[30.176730190571714,38.60985915492957],[30.091875626880643,38.57288732394366],[30.03530591775326,38.57288732394366],[29.98816449348044,38.53591549295775],[29.98816449348044,38.47676056338028],[30.025877632898695,38.417605633802815],[30.016449348044134,38.39542253521127],[29.98816449348044,38.388028169014085],[30.016449348044134,38.36584507042254],[30.053046506938898,38.359004750252474],[30.036290376628877,38.36661715670808],[30.06359077231695,38.37323943661972],[30.044734202607824,38.34366197183098],[30.08244734202608,38.34366197183098],[30.06359077231695,38.31408450704225],[30.08244734202608,38.29929577464789],[30.016449348044134,38.2475352112676],[29.922166499498495,38.26232394366197],[29.83731193580742,38.31408450704225],[29.83731193580742,38.32887323943662],[29.70531594784353,38.43239436619718],[29.714744232698095,38.454577464788734],[29.7580546067884,38.4530333247439]],[[29.7580546067884,38.4530333247439],[29.781919214783358,38.47347931082719],[29.7797515841264,38.4729451079956],[29.7580546067884,38.4530333247439]],[[29.8229335982954,40.2563035879925],[29.799598796389166,40.23355954019944],[29.78074222668004,40.23661971830986],[29.76188565697091,40.19225352112676],[29.78074222668004,40.19225352112676],[29.78879918969499,40.21336112655994],[29.778635347740785,40.18413422661597],[29.8229335982954,40.2563035879925]],[[37.1689322828434,41.1459439782509],[37.1576849311536,41.1349957630456],[37.15776147904941,41.13482799715839],[37.1689322828434,41.1459439782509]],[[39.246740220661984,40.73943661971831],[39.295678314932,40.7148492012732],[39.303309929789364,40.72464788732395],[39.25616850551655,40.746830985915494],[39.246740220661984,40.73943661971831]],[[39.1337797900418,40.932807825089],[39.13395739837013,40.92962631988499],[39.13436478910905,40.934323295033614],[39.1337797900418,40.932807825089]],[[39.0568614005836,40.8003790229799],[39.056631106056884,40.80008802273944],[39.1094587128198,40.7995230221283],[39.0568614005836,40.8003790229799]],[[38.982748244734196,40.76901408450704],[39.0056190358581,40.7600239702274],[39.039317953861584,40.78380281690141],[39.01103309929789,40.79119718309859],[38.982748244734196,40.76901408450704]],[[38.9396283974189,40.76161971830986],[38.919964243363296,40.758334875754834],[38.966215162649,40.764021463906],[38.95446339017051,40.776408450704224],[38.907321965897694,40.76901408450704],[38.9396283974189,40.76161971830986]],[[38.907321965897694,40.709859154929575],[38.86018054162487,40.70246478873239],[38.83189568706118,40.680281690140845],[38.86018054162487,40.67288732394366],[38.907321965897694,40.709859154929575]],[[38.8322039207072,40.644001453374],[38.83290623484057,40.64321134999526],[38.85006481428228,40.66576426475161],[38.8322039207072,40.644001453374]],[[38.7899446943349,40.5540578286911],[38.79102019521737,40.550118222183414],[38.79311569997479,40.56135774787398],[38.7899446943349,40.5540578286911]],[[38.759245246956965,40.01622467884521],[38.75469415791119,40.013984180837646],[38.7584234746683,40.0129705694446],[38.759245246956965,40.01622467884521]],[[38.72366580104853,40.022245623329184],[38.7232432221356,40.0224107805083],[38.71459369704794,40.0225276329825],[38.72366580104853,40.022245623329184]],[[38.681043129388165,40.0171109175463],[38.6716148445336,40.03697183098591],[38.5679037111334,39.985211267605635],[38.59226445090107,39.97781690140845],[38.5843073775004,39.9715449333843],[38.681043129388165,40.0171109175463]],[[38.52076228686058,40.17007042253521],[38.511334002006016,40.1330985915493],[38.5396188565697,40.110915492957744],[38.54611248979652,40.11202197226542],[38.52076228686058,40.17007042253521]],[[38.43590772316951,40.177464788732394],[38.49751452248719,40.16533060115498],[38.48304914744233,40.184859154929576],[38.43590772316951,40.177464788732394]],[[38.21905717151454,40.27359154929577],[38.41705115346038,40.35492957746479],[38.473620862587765,40.42887323943662],[38.44533600802407,40.45105633802817],[38.31334002006018,40.4362676056338],[38.23791374122367,40.49542253521127],[38.06820461384152,40.49542253521127],[38.03991975927783,40.522472630986655],[38.04881746148978,40.56875360462125],[38.03991975927783,40.540037476411015],[38.03049147442327,40.59894366197183],[38.01163490471414,40.510211267605634],[37.87963891675025,40.510211267605634],[37.785356068204614,40.46584507042254],[37.634503510531594,40.480633802816904],[37.483650952858575,40.53978873239436],[37.427081243731195,40.53978873239436],[37.41765295887663,40.547183098591546],[37.427081243731195,40.5693661971831],[37.43587311218823,40.56247095632735],[37.424138423069685,40.55680548265772],[37.46145130934732,40.551576880576114],[37.427081243731195,40.584154929577466],[37.389368104312936,40.554577464788736],[37.31394182547643,40.53978873239436],[37.26680040120361,40.488028169014086],[37.26680040120361,40.45845070422535],[37.31394182547643,40.42147887323944],[37.559077231695085,40.40669014084507],[37.577933801404214,40.37711267605634],[37.605830089893686,40.38481178483278],[37.6639152515245,40.3697742895039],[37.64280482446085,40.37711267605634],[37.672216649949846,40.39190140845071],[37.68164493480441,40.36971830985915],[37.66278836509528,40.35492957746479],[37.72878635907723,40.317957746478875],[37.917352056168504,40.317957746478875],[38.01163490471414,40.28838028169014],[38.124774322968904,40.28838028169014],[38.14363089267803,40.27359154929577],[38.21905717151454,40.27359154929577]],[[38.462553873289885,40.164292888302995],[38.471739240746274,40.1690583804885],[38.4639852049764,40.1662827885632],[38.462553873289885,40.164292888302995]],[[38.2812426036817,40.1975013155378],[38.40762286860581,40.12570422535211],[38.43937646243716,40.1335162034041],[38.42647943831494,40.155281690140846],[38.407980203175306,40.14077320624369],[38.29448345035105,40.21443661971831],[38.21905717151454,40.21443661971831],[38.181344032096284,40.22922535211268],[38.16248746238716,40.25880281690141],[38.1530591775326,40.251408450704226],[38.16248746238716,40.21443661971831],[38.2812426036817,40.1975013155378]],[[38.0492467866312,40.5812400798507],[38.04344498705853,40.58641093839039],[38.049022262754015,40.57471003639309],[38.0492467866312,40.5812400798507]],[[37.98335005015045,40.63591549295775],[38.03053524185304,40.61339335888331],[38.03991975927783,40.62112676056338],[37.99277833500501,40.64330985915493],[37.98335005015045,40.63591549295775]],[[38.0214827135747,40.8499060390059],[38.0137732607949,40.8428628346212],[38.013564668180315,40.84124276582227],[38.0214827135747,40.8499060390059]],[[38.0119648698946,40.7610093775254],[38.0163430780148,40.7662441912504],[38.00921760577182,40.76072195088033],[38.0119648698946,40.7610093775254]],[[37.92678034102307,40.73943661971831],[37.92678034102307,40.709859154929575],[37.9824595543764,40.683819664032],[37.94563691073219,40.73943661971831],[37.92678034102307,40.73943661971831]],[[37.623160230379774,40.52249896946459],[37.624056931446134,40.521745740724356],[37.6240941857175,40.5223045542737],[37.623160230379774,40.52249896946459]],[[37.53565087704713,40.26992974953883],[37.53060722891315,40.26581033015596],[37.5350436462079,40.2680285388261],[37.53565087704713,40.26992974953883]],[[37.501782642604944,40.25139803685397],[37.49628350265405,40.24976642385179],[37.4983047688681,40.2496590999677],[37.501782642604944,40.25139803685397]],[[37.4473843044838,40.237285903479],[37.46347505083891,40.249436058905275],[37.4616610701807,40.2494687432257],[37.4473843044838,40.237285903479]],[[37.4473843044838,40.237285903479],[37.43889602631069,40.21995931589501],[37.41765295887663,40.221830985915496],[37.45536609829488,40.19225352112676],[37.389368104312936,40.184859154929576],[37.36108324974924,40.16267605633803],[37.389368104312936,40.155281690140846],[37.408224674022065,40.17007042253521],[37.4608996419734,40.1759909885157],[37.47422266800401,40.207042253521124],[37.43997007466026,40.21911696684291],[37.4473843044838,40.237285903479]],[[37.444110035724684,40.163860278210585],[37.43247814634571,40.16848969222616],[37.4427205605026,40.1628563641732],[37.444110035724684,40.163860278210585]],[[37.3546805047388,40.1839859775394],[37.35314046186554,40.18485087268929],[37.35714277188012,40.18080613547228],[37.3546805047388,40.1839859775394]],[[37.22908726178535,40.66549295774648],[37.21023069207622,40.66549295774648],[37.22908726178535,40.62112676056338],[37.28627063461944,40.60437049770417],[37.22908726178535,40.66549295774648]],[[37.16308926780341,40.22922535211268],[37.200802407221666,40.21443661971831],[37.22908726178535,40.221830985915496],[37.200802407221666,40.24401408450704],[37.16308926780341,40.24401408450704],[37.16308926780341,40.22922535211268]],[[37.16228163418135,41.12243133983949],[37.160761700414206,41.12135160211322],[37.1625365751332,41.1218480754066],[37.16228163418135,41.12243133983949]],[[37.14423269809428,40.70246478873239],[37.15366098294885,40.709859154929575],[37.125376128385156,40.73204225352113],[37.11594784353059,40.72464788732395],[37.14423269809428,40.70246478873239]],[[37.1240656667133,41.0921336857],[37.148583072786735,41.1127000911147],[37.12125641813487,41.093287653153276],[37.1240656667133,41.0921336857]],[[37.08012377469714,40.18792242432265],[37.0643862675142,40.1777993794557],[37.0798051754785,40.1862702597518],[37.08012377469714,40.18792242432265]],[[36.98476128462326,41.01327979851681],[36.95566700100301,41.07218309859155],[36.94623871614844,41.05],[36.96509528585757,41.02042253521127],[36.908525576730185,40.99084507042254],[36.93681043129388,40.983450704225355],[36.98476128462326,41.01327979851681]],[[36.984680336247116,41.008827618079124],[36.9553953371172,40.9871930896976],[36.9846610221884,41.0077653401375],[36.984680336247116,41.008827618079124]],[[36.93681043129388,40.717253521126764],[36.96004839246249,40.68392221728958],[36.93681043129388,40.73204225352113],[36.88966900702106,40.72464788732395],[36.93681043129388,40.717253521126764]],[[36.9147983239386,40.960250078735],[36.93016713405451,40.97852493795837],[36.9295141193514,40.9783005688061],[36.9147983239386,40.960250078735]],[[36.927382146439314,40.946478873239435],[36.89909729187563,40.96866197183099],[36.88966900702106,40.946478873239435],[36.91795386158475,40.93908450704225],[36.927382146439314,40.946478873239435]],[[36.81424272818455,40.93169014084507],[36.84252758274825,40.92429577464789],[36.87206084552555,40.943273492528384],[36.84252758274825,40.95387323943662],[36.81424272818455,40.93169014084507]],[[36.85357038647716,40.9203972949632],[36.8319784278313,40.9229711705504],[36.8535792900426,40.9198355621633],[36.85357038647716,40.9203972949632]],[[36.841714147670494,40.74513115585551],[36.8213592348535,40.7418812113581],[36.8404901016086,40.7440703160242],[36.841714147670494,40.74513115585551]],[[36.8347206958375,40.2184405728338],[36.8140669750774,40.201498810286],[36.835842435721126,40.218249164804156],[36.8347206958375,40.2184405728338]],[[36.795386158475424,40.207042253521124],[36.81424272818455,40.207042253521124],[36.83309929789368,40.221830985915496],[36.82367101303912,40.22922535211268],[36.795386158475424,40.207042253521124]],[[36.76710130391174,40.83556338028169],[36.80481444332999,40.79119718309859],[36.81424272818455,40.79859154929578],[36.80481444332999,40.820774647887326],[36.76710130391174,40.83556338028169]],[[36.40882647943832,40.850352112676056],[36.52196589769308,40.89471830985916],[36.610814535924355,40.8976171798611],[36.61624874623871,40.90950704225352],[36.6851721499624,40.8892451065852],[36.67428671351101,40.89586982771876],[36.69167502507523,40.90950704225352],[36.73881644934804,40.916901408450705],[36.69167502507523,40.92429577464789],[36.6728184553661,40.90950704225352],[36.65396188565697,40.92429577464789],[36.57853560682046,40.92429577464789],[36.50310932798395,40.89471830985916],[36.380541624874624,40.90211267605634],[36.40882647943832,40.850352112676056]],[[36.6851721499624,40.8892451065852],[36.69862503448551,40.86424749939675],[36.6987873914133,40.8648978359691],[36.6851721499624,40.8892451065852]],[[36.6249114228258,40.9061818765501],[36.6152078448214,40.8944890691144],[36.624952119330544,40.90619236019565],[36.6249114228258,40.9061818765501]],[[36.5036211014344,40.8761549877537],[36.55224706797318,40.89424626417595],[36.49960299598365,40.875872528145344],[36.5036211014344,40.8761549877537]],[[36.42768304914744,40.80598591549296],[36.40882647943832,40.83556338028169],[36.39939819458375,40.82816901408451],[36.42768304914744,40.79119718309859],[36.474824473420256,40.78380281690141],[36.455967903711134,40.76901408450704],[36.46539618856569,40.76161971830986],[36.49354515938296,40.76161971830986],[36.473125683246934,40.75728082897039],[36.50310932798395,40.76161971830986],[36.512537612838514,40.76901408450704],[36.50310932798395,40.79119718309859],[36.42768304914744,40.80598591549296]],[[36.4734455774799,40.8740337475865],[36.486323470369015,40.87493902113557],[36.47224594345151,40.87473254526028],[36.4734455774799,40.8740337475865]],[[36.3334002006018,40.983450704225355],[36.286258776328985,40.99084507042254],[36.39559170953492,40.920358799434204],[36.39939819458375,40.93169014084507],[36.3334002006018,40.983450704225355]],[[36.27683049147442,40.584154929577466],[36.3664951455225,40.5990406350627],[36.3801056620131,40.6189329289701],[36.380821904991556,40.62156757963245],[36.380541624874624,40.63591549295775],[36.361685055165495,40.63591549295775],[36.35225677031093,40.613732394366195],[36.29568706118355,40.613732394366195],[36.248545636910734,40.59154929577465],[36.267402206619856,40.53239436619718],[36.229689067201605,40.53239436619718],[36.2579739217653,40.510211267605634],[36.2862204655256,40.52993395077],[36.267402206619856,40.56197183098592],[36.267402206619856,40.57676056338028],[36.27683049147442,40.584154929577466]],[[36.27137018158847,40.57011950924075],[36.27398338130608,40.58122560852627],[36.2711263497776,40.5794338767013],[36.27137018158847,40.57011950924075]],[[36.06940822467402,40.46584507042254],[36.06940822467402,40.45105633802817],[36.0990483443578,40.4491913935969],[36.13629896417871,40.47181554077267],[36.10712136409228,40.480633802816904],[36.06940822467402,40.46584507042254]],[[36.022266800401205,39.89647887323944],[36.03169508525576,39.918661971830986],[36.05055165496489,39.918661971830986],[36.059979939819456,39.89647887323944],[36.078836509528585,39.89647887323944],[36.05055165496489,39.93345070422535],[35.98455366098295,39.92605633802817],[36.0370416502679,39.8690568699311],[36.0863440813754,39.8458333315902],[36.022266800401205,39.89647887323944]],[[36.0496889356373,39.9138695696501],[36.03122477917648,39.9154452990271],[36.05182633927111,39.912454070508545],[36.0496889356373,39.9138695696501]],[[36.04450837777922,39.79633971015692],[36.047511278895,39.770261651393],[36.0491498503495,39.76941917126883],[36.04450837777922,39.79633971015692]],[[36.03169508525576,39.77077464788732],[36.04112337011033,39.778169014084504],[36.03169508525576,39.815140845070424],[36.022266800401205,39.80774647887324],[36.03169508525576,39.77077464788732]],[[35.97512537612838,40.49542253521127],[36.0121445694047,40.4959985937673],[35.97512537612838,40.525],[35.965697091273825,40.517605633802816],[35.97512537612838,40.49542253521127]],[[35.946840521564695,40.10352112676056],[35.927983951855566,40.10352112676056],[35.946840521564695,40.0887323943662],[35.927983951855566,40.05915492957747],[35.93741223671013,40.02218309859155],[35.946840521564695,40.05915492957747],[35.9663240702053,40.0682653421733],[35.946840521564695,40.10352112676056]],[[35.92208841211977,40.47596827871362],[35.9244864767448,40.4743568808064],[35.9364789595529,40.475499022318],[35.92208841211977,40.47596827871362]],[[35.918555667001,40.480633802816904],[35.918555667001,40.49542253521127],[35.871414242728186,40.488028169014086],[35.88084252758274,40.480633802816904],[35.918555667001,40.480633802816904]],[[35.85255767301906,40.11830985915493],[35.88084252758274,40.09612676056338],[35.91104088899737,40.10160570902528],[35.86198595787362,40.12570422535211],[35.85255767301906,40.11830985915493]],[[35.77713139418255,40.443661971830984],[35.80541624874624,40.4362676056338],[35.84239986172072,40.45263253604432],[35.815412805168364,40.44410765289969],[35.83370110330993,40.45845070422535],[35.80541624874624,40.46584507042254],[35.77713139418255,40.443661971830984]],[[35.75827482447342,40.887323943661976],[35.78655967903711,40.86514084507042],[35.8221109722335,40.8644440710134],[35.76770310932798,40.89471830985916],[35.75827482447342,40.887323943661976]],[[35.7111334002006,40.110915492957744],[35.663991975927786,40.0887323943662],[35.76770310932798,40.081338028169014],[35.799644418845055,40.10330506470538],[35.7111334002006,40.110915492957744]],[[35.7235647934922,40.3872686097192],[35.72575389714,40.4325735464723],[35.72296886074411,40.38603647859161],[35.7235647934922,40.3872686097192]],[[35.7111334002006,40.45105633802817],[35.70170511534604,40.384507042253524],[35.7111334002006,40.37711267605634],[35.7111334002006,40.45105633802817]],[[35.71410856243135,40.372247346437135],[35.7165215882442,40.3727063080974],[35.71977327884223,40.37942939760026],[35.71410856243135,40.372247346437135]],[[35.6946590162655,40.8650326732673],[35.697127970104596,40.865263732646866],[35.64960834798081,40.893143467759515],[35.6946590162655,40.8650326732673]],[[35.6074222668004,40.946478873239435],[35.61685055165496,40.90950704225352],[35.63570712136409,40.89471830985916],[35.663991975927786,40.90211267605634],[35.6305758754767,40.91353134908392],[35.62627883650953,40.946478873239435],[35.6074222668004,40.946478873239435]],[[35.4697238973957,40.2717219851827],[35.46959185448215,40.271020271216315],[35.5261647117645,40.3127438921382],[35.4697238973957,40.2717219851827]],[[35.5261647117645,40.3127438921382],[35.597993981945834,40.317957746478875],[35.62627883650953,40.34014084507042],[35.54142427281845,40.347535211267605],[35.43771313941825,40.26619718309859],[35.43771313941825,40.221830985915496],[35.45900722556629,40.21980030797901],[35.45656970912738,40.26619718309859],[35.522567703109324,40.317957746478875],[35.54860971910703,40.317957746478875],[35.5261647117645,40.3127438921382]],[[35.579137412236705,40.95387323943662],[35.51313941825477,40.93169014084507],[35.597468941708286,40.93907198714288],[35.579137412236705,40.95387323943662]],[[35.522567703109324,40.53978873239436],[35.533818396209,40.5624599898525],[35.522567703109324,40.584154929577466],[35.51313941825477,40.57676056338028],[35.522567703109324,40.53978873239436]],[[35.5008063358202,40.1698207341062],[35.49693388894252,40.18239129217399],[35.4990931240273,40.1432659504514],[35.5008063358202,40.1698207341062]],[[35.48485456369107,40.21443661971831],[35.47542627883651,40.147887323943664],[35.48485456369107,40.14049295774648],[35.49512610498,40.18825963691639],[35.48485456369107,40.21443661971831]],[[35.43771313941825,40.50281690140845],[35.45656970912738,40.50281690140845],[35.47542627883651,40.517605633802816],[35.465997993981944,40.525],[35.43771313941825,40.50281690140845]],[[35.40942828485456,40.45105633802817],[35.43771313941825,40.47323943661972],[35.4746174065446,40.5093504204807],[35.4,40.45845070422535],[35.40942828485456,40.45105633802817]],[[35.447141424272814,41.39753521126761],[35.41885656970913,41.345774647887325],[35.43771313941825,41.345774647887325],[35.44819901739808,41.36878719011327],[35.4445921453284,41.3310130051087],[35.45656970912738,41.375352112676055],[35.447141424272814,41.39753521126761]],[[35.37171514543631,41.486267605633806],[35.34374952066429,41.54893036899697],[35.35678537407348,41.51276538144379],[35.34343029087262,41.49366197183099],[35.43387656780773,41.428366687492165],[35.43771313941825,41.46408450704225],[35.37171514543631,41.486267605633806]],[[35.390571715145434,41.33838028169014],[35.4,41.345774647887325],[35.37171514543631,41.36795774647887],[35.36228686058175,41.36056338028169],[35.390571715145434,41.33838028169014]],[[35.32457372116349,41.345774647887325],[35.32457372116349,41.33098591549296],[35.38872250666965,41.29243503639285],[35.34343029087262,41.33098591549296],[35.34343029087262,41.345774647887325],[35.32457372116349,41.345774647887325]],[[35.387280219108554,41.26311660348792],[35.3890071219364,41.2643134200206],[35.38775897183685,41.26849320345529],[35.387280219108554,41.26311660348792]],[[35.38285852131841,40.32525273217588],[35.385652231884265,40.320179942231114],[35.3861014594431,40.3224199681081],[35.38285852131841,40.32525273217588]],[[35.36228686058175,40.35492957746479],[35.34343029087262,40.35492957746479],[35.36228686058175,40.32535211267606],[35.34343029087262,40.26619718309859],[35.3721102291274,40.2526541727075],[35.38114343029087,40.32535211267606],[35.36228686058175,40.34014084507042],[35.36228686058175,40.35492957746479]],[[35.36370728289825,40.34198167918762],[35.3638297042619,40.3395520862411],[35.37036825008366,40.336163206008656],[35.36370728289825,40.34198167918762]],[[35.3564684748856,41.6180406665428],[35.35969147440557,41.63696545874188],[35.3146090055909,41.5892541722129],[35.3564684748856,41.6180406665428]],[[35.34925115354598,41.32958793091549],[35.35093196661606,41.33521865508011],[35.3478062002287,41.3339608165183],[35.34925115354598,41.32958793091549]],[[35.17372116349047,41.27183098591549],[35.23880441219253,41.25729956007328],[35.22086258776329,41.279225352112675],[35.17372116349047,41.27183098591549]],[[35.1754212450494,40.2279031961587],[35.17374560987383,40.22790319611339],[35.2233802327644,40.1983510015899],[35.1754212450494,40.2279031961587]],[[35.145436308926776,41.08697183098592],[35.11715145436309,41.079577464788734],[35.2093737182686,41.030582974156],[35.21143430290873,41.03521126760563],[35.145436308926776,41.08697183098592]],[[35.2066588847777,40.1502303376697],[35.20535629036462,40.14854048534492],[35.2075064841136,40.149209927112],[35.2066588847777,40.1502303376697]],[[35.19590381227023,40.159700701241746],[35.20252051973567,40.15521244560874],[35.1988096945173,40.1596798455585],[35.19590381227023,40.159700701241746]],[[35.1635159331186,40.1599331509046],[35.162607045679984,40.22790319581218],[35.1925777331996,40.23661971830986],[35.13600802407221,40.23661971830986],[35.126579739217654,40.110915492957744],[35.15486459378134,40.1330985915493],[35.15486459378134,40.16623973557632],[35.1635159331186,40.1599331509046]],[[35.1605607136962,40.1329140026089],[35.131515129518,40.1118897279809],[35.16204996175523,40.133300900023485],[35.1605607136962,40.1329140026089]],[[35.06136022530996,41.347594514649586],[35.06340668151648,41.347316429610416],[35.062394301686,41.3477005737665],[35.06136022530996,41.347594514649586]],[[35.032296890672015,41.35316901408451],[35.00401203610832,41.36056338028169],[35.032296890672015,41.33838028169014],[35.05853421232991,41.34730466716055],[35.04144062003046,41.34555147818316],[35.06058174523571,41.36056338028169],[35.051153460381144,41.36795774647887],[35.032296890672015,41.35316901408451]],[[34.956870611835505,41.279225352112675],[34.96629889669007,41.25704225352113],[34.94744232698094,41.24225352112676],[34.956870611835505,41.23485915492958],[34.9851554663992,41.27183098591549],[34.956870611835505,41.279225352112675]],[[34.96781850057248,41.23020766837774],[34.9704431361161,41.2287607538739],[34.9712720926939,41.231008501394264],[34.96781850057248,41.23020766837774]],[[34.96236764129789,41.17423451543917],[34.9628208855564,41.1767887797509],[34.96078037224633,41.178229142071174],[34.96236764129789,41.17423451543917]],[[34.938014042126376,41.29401408450704],[34.94744232698094,41.30140845070423],[34.93136075219821,41.314778498201264],[34.90972918756269,41.316197183098595],[34.938014042126376,41.29401408450704]],[[34.6457372116349,41.12394366197183],[34.6457372116349,41.24225352112676],[34.674022066198596,41.26443661971831],[34.692878635907725,41.249647887323945],[34.780280662472286,41.229462699662214],[34.806018054162486,41.20528169014084],[34.84373119358074,41.20528169014084],[34.881679649566486,41.249463334470576],[34.919157472417254,41.220070422535215],[34.92858575727182,41.2274647887324],[34.91333224910524,41.24507931148923],[34.92858575727182,41.25704225352113],[34.862587763289866,41.26443661971831],[34.8531594784353,41.2274647887324],[34.81030184459403,41.220070422535215],[34.75381311048911,41.238282330473126],[34.730591775325976,41.26443661971831],[34.692878635907725,41.26443661971831],[34.68345035105315,41.27183098591549],[34.75887662988967,41.316197183098595],[34.749448345035105,41.33838028169014],[34.70230692076228,41.36056338028169],[34.68345035105315,41.40492957746479],[34.81544633901705,41.49366197183099],[34.71173520561685,41.50105633802817],[34.62688064192577,41.56760563380282],[34.62688064192577,41.62676056338028],[34.58916750250752,41.65633802816902],[34.60802407221665,41.68591549295775],[34.57973921765296,41.708098591549295],[34.57973921765296,41.6637323943662],[34.5420260782347,41.678521126760565],[34.20260782347041,41.678521126760565],[34.16489468405216,41.69330985915493],[34.01404212637914,41.6193661971831],[33.95747241725175,41.6193661971831],[33.88204613841525,41.58978873239437],[33.816048144433296,41.53802816901408],[33.816048144433296,41.49366197183099],[33.86318956870612,41.45669014084507],[33.9197592778335,41.441901408450704],[34.004613841524574,41.49366197183099],[34.0234704112337,41.53802816901408],[34.08946840521565,41.58978873239437],[34.18375125376129,41.6193661971831],[34.3346038114343,41.60457746478873],[34.38174523570712,41.55281690140845],[34.38174523570712,41.39014084507043],[34.40060180541625,41.36056338028169],[34.44774322968907,41.32359154929578],[34.48545636910732,41.32359154929578],[34.52316950852558,41.29401408450704],[34.60802407221665,41.27183098591549],[34.60802407221665,41.212676056338026],[34.58916750250752,41.183098591549296],[34.5420260782347,41.146126760563384],[34.50431293881645,41.146126760563384],[34.49488465396188,41.12394366197183],[34.5420260782347,41.11654929577465],[34.57973921765296,41.08697183098592],[34.63630892678034,41.08697183098592],[34.66459378134403,41.109154929577464],[34.6457372116349,41.12394366197183]],[[34.8747564405426,41.2294599648881],[34.874704889612694,41.23850591669399],[34.873053753143026,41.22664844888447],[34.8747564405426,41.2294599648881]],[[34.866040674228,41.215068294119],[34.867271466467734,41.21710060614527],[34.86550189955198,41.214913965115024],[34.866040674228,41.215068294119]],[[33.78776328986961,40.89471830985916],[33.82547642928786,40.93908450704225],[34.05175526579739,41.013028169014085],[34.14603811434303,41.10176056338028],[34.35346038114343,41.11654929577465],[34.38174523570712,41.1387323943662],[34.25364145542713,41.19483476354967],[34.2804227455418,41.2045429813108],[34.30631895687061,41.2274647887324],[34.334753453937985,41.27934271295698],[34.3688434916563,41.2914226411465],[34.35184855351748,41.292749968721736],[34.36288866599799,41.30140845070423],[34.3346038114343,41.30880281690141],[34.28746238716148,41.2274647887324],[34.22146439317954,41.19049295774648],[34.20260782347041,41.20528169014084],[34.08946840521565,41.19049295774648],[34.042326980942825,41.153521126760566],[34.004613841524574,41.0943661971831],[33.9197592778335,41.042605633802815],[33.82547642928786,41.02781690140845],[33.76890672016048,41.05739436619719],[33.759478435305915,41.05],[33.797191574724174,41.03521126760563],[33.797191574724174,41.02042253521127],[33.721765295887664,40.9612676056338],[33.721765295887664,40.93169014084507],[33.778335005015045,40.90211267605634],[33.740621865596786,40.85774647887324],[33.76890672016048,40.83556338028169],[33.82547642928786,40.83556338028169],[33.82547642928786,40.850352112676056],[33.778335005015045,40.85774647887324],[33.78776328986961,40.89471830985916]],[[34.3259153636572,41.0138245208542],[34.32588687936368,41.014337238829434],[34.3080743968321,40.9957864160843],[34.3259153636572,41.0138245208542]],[[34.29689067201605,41.07218309859155],[34.28746238716148,41.06478873239437],[34.30631895687061,41.03521126760563],[34.28746238716148,41.0056338028169],[34.29689067201605,40.99823943661972],[34.32563966097928,41.01878717575284],[34.29689067201605,41.07218309859155]],[[34.24032096288867,41.782042253521126],[34.21203610832497,41.75985915492958],[34.24032096288867,41.73767605633803],[34.32517552657974,41.745070422535214],[34.25917753259779,41.7524647887324],[34.24032096288867,41.782042253521126]],[[34.30631895687061,41.86338028169014],[34.268605817452354,41.848591549295776],[34.27803410230692,41.81161971830986],[34.28746238716148,41.848591549295776],[34.30631895687061,41.86338028169014]],[[34.297135022611386,41.85197045475837],[34.28807944508683,41.83806257043439],[34.2986344733038,41.8504335178069],[34.297135022611386,41.85197045475837]],[[34.2308926780341,41.93732394366197],[34.249749247743225,41.92253521126761],[34.249749247743225,41.878169014084506],[34.272517291634095,41.87720362887461],[34.268605817452354,41.92253521126761],[34.24032096288867,41.944718309859155],[34.2308926780341,41.93732394366197]],[[34.25917753259779,40.983450704225355],[34.2308926780341,40.946478873239435],[34.24032096288867,40.92429577464789],[34.268605817452354,40.946478873239435],[34.25917753259779,40.983450704225355]],[[34.25317508502675,40.932500483113515],[34.2496230511998,40.9280695953174],[34.249143473061814,40.92627928873682],[34.25317508502675,40.932500483113515]],[[34.1996056909536,40.8466151020821],[34.2331497276267,40.8740045649395],[34.23383973445145,40.87628326784547],[34.1996056909536,40.8466151020821]],[[34.1996056909536,40.8466151020821],[34.1357143901148,40.8438424880496],[34.13332310145003,40.8430102614201],[34.1996056909536,40.8466151020821]],[[34.193179538615844,40.85774647887324],[34.2308926780341,40.887323943661976],[34.22146439317954,40.89471830985916],[34.18375125376129,40.86514084507042],[34.1271815446339,40.86514084507042],[34.07061183550652,40.83556338028169],[34.03289869608827,40.850352112676056],[34.004613841524574,40.842957746478874],[34.08946840521565,40.820774647887326],[34.1271815446339,40.850352112676056],[34.193179538615844,40.85774647887324]],[[34.10187047658426,40.7675075187477],[34.103038806529,40.7691765613403],[34.102658585875865,40.77051085419904],[34.10187047658426,40.7675075187477]],[[34.07615608784067,40.75117920329338],[34.09998170781088,40.76480927794293],[34.082533590758615,40.75618091810433],[34.098896690070205,40.76901408450704],[34.08946840521565,40.79119718309859],[34.0234704112337,40.73943661971831],[34.07061183550652,40.70246478873239],[34.08004012036108,40.709859154929575],[34.042326980942825,40.73943661971831],[34.07615608784067,40.75117920329338]],[[33.7953297406541,40.8331895768736],[33.8349941390665,40.8331895768073],[33.790754133885414,40.83497068539859],[33.7953297406541,40.8331895768736]],[[33.73119358074223,41.05739436619719],[33.73119358074223,41.07218309859155],[33.684052156469406,41.06478873239437],[33.69348044132397,41.05739436619719],[33.73119358074223,41.05739436619719]],[[33.73135694388728,41.0544330701675],[33.6966561231975,41.0565485214878],[33.696400232774195,41.056503798996246],[33.73135694388728,41.0544330701675]],[[33.46720160481444,41.05739436619719],[33.51434302908726,41.06478873239437],[33.46720160481444,41.07218309859155],[33.401203610832496,41.02042253521127],[33.401203610832496,40.99084507042254],[33.420060180541626,40.99084507042254],[33.420060180541626,41.02042253521127],[33.46720160481444,41.05739436619719]],[[33.50919606962881,41.05142396106641],[33.5026423353665,41.0543101777676],[33.49271608800175,41.05448073222828],[33.50919606962881,41.05142396106641]],[[33.485630283573144,41.054602481718135],[33.4816307940621,41.0546712016232],[33.4445898297314,41.0346705239047],[33.485630283573144,41.054602481718135]],[[33.418113005333,40.9839448941018],[33.4247591270148,40.9906624797617],[33.41615307623588,40.98367006359652],[33.418113005333,40.9839448941018]],[[33.4247591270148,40.9906624797617],[33.42408008595409,41.00659888156501],[33.4234013176472,41.0056698528385],[33.4247591270148,40.9906624797617]],[[33.3632874385755,40.9762569944545],[33.387730526490664,40.97968451956871],[33.35476381646628,40.97866164356619],[33.3632874385755,40.9762569944545]],[[33.30692076228686,40.99084507042254],[33.34018197621356,40.98277541219193],[33.38234704112337,40.99084507042254],[33.33520561685055,40.99823943661972],[33.3099149332427,41.02078565375314],[33.30692076228686,40.99084507042254]],[[33.29749247743229,41.02781690140845],[33.30692076228686,41.03521126760563],[33.27863590772317,41.05739436619719],[33.269207622868606,41.05],[33.29749247743229,41.02781690140845]],[[33.200060299703665,41.067584148233756],[33.1910514505382,41.07254834416],[33.18735892405301,41.07201607574303],[33.200060299703665,41.067584148233756]],[[33.161039230466656,41.06822215802939],[33.1407562094927,41.0652984115083],[33.1178366906123,41.05320194757784],[33.161039230466656,41.06822215802939]],[[33.15623028707719,41.42883167372998],[33.1563659937095,41.4298241947101],[33.155283624850085,41.430251667226614],[33.15623028707719,41.42883167372998]],[[33.11835506519559,41.39014084507043],[33.137211634904716,41.39014084507043],[33.15606820461384,41.40492957746479],[33.14663991975928,41.412323943661974],[33.11835506519559,41.39014084507043]],[[33.08064192577733,41.05],[33.11682396807994,41.052849854723654],[33.09755853932055,41.05739436619719],[33.15606820461384,41.079577464788734],[33.071213640922764,41.07218309859155],[33.0617853560682,41.109154929577464],[32.97693079237713,41.17570422535211],[32.96750250752257,41.16830985915493],[32.96750250752257,41.153521126760566],[33.04292878635908,41.109154929577464],[33.04292878635908,41.079577464788734],[33.0617853560682,41.06478873239437],[33.05235707121364,41.042605633802815],[33.02407221664995,41.03521126760563],[33.02407221664995,41.0056338028169],[32.96750250752257,40.99084507042254],[33.00963259137809,40.983450704225355],[32.99002624653669,40.97611905887631],[33.01464393179538,40.983450704225355],[33.0384268627194,40.9963058083007],[33.04292878635908,41.02042253521127],[33.08064192577733,41.05]],[[33.14093640244132,41.3814089726145],[33.1419663652098,41.3815261183007],[33.1518474689834,41.3967769477655],[33.14093640244132,41.3814089726145]],[[33.0617853560682,41.50845070422535],[33.0617853560682,41.582394366197185],[33.00521564694082,41.582394366197185],[33.04292878635908,41.56760563380282],[33.04292878635908,41.50845070422535],[33.109068322175204,41.450921787628445],[33.11835506519559,41.46408450704225],[33.09949849548646,41.49366197183099],[33.0617853560682,41.50845070422535]],[[33.0617853560682,41.33098591549296],[33.0970049885851,41.3264592598806],[33.1042700665138,41.3378884685914],[33.09007021063189,41.35316901408451],[33.0617853560682,41.33098591549296]],[[33.07394875397107,41.316819274390596],[33.0759185412186,41.3165362257877],[33.086805080938696,41.3216593033227],[33.07394875397107,41.316819274390596]],[[33.051134874023,41.0216255577139],[33.0734296185295,41.0370005563486],[33.073574091193045,41.03724779721504],[33.051134874023,41.0216255577139]],[[33.06534194301123,41.51919343765632],[33.0673244857589,41.5259535836023],[33.06529432442382,41.54924072650861],[33.06534194301123,41.51919343765632]],[[32.92978936810431,41.27183098591549],[32.97693079237713,41.279225352112675],[32.9863590772317,41.30140845070423],[32.91093279839519,41.28661971830986],[32.91093279839519,41.19788732394366],[32.939217652958874,41.17570422535211],[32.94864593781344,41.183098591549296],[32.92978936810431,41.19788732394366],[32.92978936810431,41.27183098591549]],[[32.932996439907214,41.732565022846096],[32.9338951214238,41.7363750579751],[32.932483187667536,41.73749399335655],[32.932996439907214,41.732565022846096]],[[32.87321965897693,41.745070422535214],[32.90150451354062,41.7524647887324],[32.89014538618726,41.73838189301525],[32.92978936810431,41.745070422535214],[32.90150451354062,41.76725352112676],[32.87321965897693,41.745070422535214]],[[32.82607823470411,41.575],[32.9156438269582,41.5612157930361],[32.82607823470411,41.58978873239437],[32.77893681043129,41.53802816901408],[32.788365095285855,41.5306338028169],[32.81664994984955,41.55281690140845],[32.82607823470411,41.575]],[[32.8543630892678,41.745070422535214],[32.769508525576725,41.79683098591549],[32.731795386158474,41.84119718309859],[32.72236710130391,41.83380281690141],[32.74122367101304,41.804225352112674],[32.7889049360816,41.78161886999024],[32.7729162254021,41.7788933413849],[32.78942079344385,41.781214296061805],[32.84493480441324,41.73767605633803],[32.8543630892678,41.745070422535214]],[[32.83720965222781,41.56874659040033],[32.8346959568639,41.5680206826053],[32.7964603592094,41.5310184920399],[32.83720965222781,41.56874659040033]],[[32.7945678262786,40.9569302271954],[32.79407877355338,40.95593864391829],[32.798267411713894,40.95676602920271],[32.7945678262786,40.9569302271954]],[[32.768595743555984,41.79946762663728],[32.7683937703035,41.8009125123984],[32.761680330123696,41.806472080040884],[32.768595743555984,41.79946762663728]],[[32.6469408224674,41.49251838866168],[32.731795386158474,41.50105633802817],[32.7650855849064,41.5156009121625],[32.74850430808399,41.51416072439146],[32.76008024072217,41.52323943661972],[32.7506519558676,41.5306338028169],[32.675225677031094,41.5306338028169],[32.62808425275827,41.50845070422535],[32.62808425275827,41.46408450704225],[32.6681090101484,41.4230183478099],[32.6469408224674,41.49251838866168]],[[32.747530097117284,41.83098861377339],[32.74858650323353,41.83344994404722],[32.7473895365656,41.8314091428408],[32.747530097117284,41.83098861377339]],[[32.62506109662532,41.39011756664329],[32.6222574139966,41.3879747601498],[32.61877873530397,41.375722222190646],[32.62506109662532,41.39011756664329]],[[32.3908909375537,41.3165399751784],[32.467803410230694,41.32359154929578],[32.61126776336535,41.35851165076696],[32.505516549648945,41.36795774647887],[32.467803410230694,41.33838028169014],[32.298094282848545,41.33838028169014],[32.28866599799398,41.39014084507043],[32.26980942828485,41.39014084507043],[32.279237713139416,41.32359154929578],[32.3908909375537,41.3165399751784]],[[32.5757213265534,40.7508842774024],[32.583561928867894,40.75151158109062],[32.568385377663844,40.7465797123148],[32.5757213265534,40.7508842774024]],[[32.538182181431445,40.7271051157476],[32.524373119358074,40.746830985915494],[32.467803410230694,40.68767605633803],[32.439518555667,40.680281690140845],[32.4515335259619,40.6698111359135],[32.4853694448818,40.6801710095638],[32.47312743353731,40.67706282124553],[32.531774604546655,40.72305831942588],[32.5245074165872,40.711194415292645],[32.538182181431445,40.7271051157476]],[[32.5142630380811,40.6992749973272],[32.515887832334776,40.70116545869642],[32.498618951423644,40.688931374157455],[32.5142630380811,40.6992749973272]],[[32.430090270812435,40.62852112676056],[32.40180541624875,40.57676056338028],[32.411233701103306,40.5693661971831],[32.439518555667,40.59154929577465],[32.430090270812435,40.62852112676056]],[[32.4362313269713,40.5790434339902],[32.43650940173205,40.58124216469743],[32.4274872132628,40.5694439170883],[32.4362313269713,40.5790434339902]],[[32.42933833323976,40.64311510722243],[32.43105119874774,40.6489944033211],[32.428247571087,40.6461450021426],[32.42933833323976,40.64311510722243]],[[32.36409227683049,40.945581848525116],[32.354663991975926,40.96866197183099],[32.32637913741223,40.887323943661976],[32.354663991975926,40.86514084507042],[32.37102043245801,40.86079758377073],[32.34523570712136,40.887323943661976],[32.36409227683049,40.945581848525116]],[[32.316950852557675,40.59894366197183],[32.279237713139416,40.59894366197183],[32.241524573721165,40.5693661971831],[32.19438314944834,40.56197183098592],[32.241524573721165,40.554577464788736],[32.32911350919907,40.583674366474504],[32.25376695979787,40.564178859652685],[32.279237713139416,40.584154929577466],[32.316950852557675,40.584154929577466],[32.316950852557675,40.59894366197183]],[[32.26980942828485,41.03521126760563],[32.28866599799398,41.0056338028169],[32.316950852557675,40.983450704225355],[32.32637913741223,40.99084507042254],[32.30752256770311,41.02042253521127],[32.279237713139416,41.042605633802815],[32.26980942828485,41.03521126760563]],[[32.222668004012036,41.50105633802817],[32.21323971915747,41.47887323943662],[32.2795760134326,41.438030501698],[32.28866599799398,41.44929577464789],[32.25095285857573,41.46408450704225],[32.222668004012036,41.50105633802817]],[[32.20381143430291,41.29401408450704],[32.17552657973922,41.27183098591549],[32.260381143430294,41.26443661971831],[32.28866599799398,41.28661971830986],[32.20381143430291,41.29401408450704]],[[32.20381143430291,41.042605633802815],[32.18495486459378,41.02781690140845],[31.958676028084252,41.042605633802815],[31.949247743229687,41.03521126760563],[31.97709287222768,41.02781690140845],[31.87222949286521,41.00688234596498],[31.82668004012036,41.02781690140845],[31.798395185556668,41.02042253521127],[31.82668004012036,40.99823943661972],[31.864393179538617,40.99823943661972],[31.979259870415834,41.02781690140845],[32.05295887662989,41.013028169014085],[32.1955540039422,41.0125076597137],[32.20381143430291,41.02781690140845],[32.25095285857573,41.03521126760563],[32.20381143430291,41.042605633802815]],[[32.17552657973922,41.55281690140845],[32.20381143430291,41.515845070422536],[32.2286851525511,41.5274524628333],[32.20381143430291,41.56021126760564],[32.17552657973922,41.55281690140845]],[[32.21725430936596,41.51108054592001],[32.222210632283954,41.5181792792063],[32.2163510887506,41.5125744984983],[32.21725430936596,41.51108054592001]],[[32.147241725175526,41.515845070422536],[32.15667001003009,41.528566734905446],[32.158072638489,41.5094909824502],[32.15667001003009,41.55281690140845],[32.147241725175526,41.56021126760564],[32.147241725175526,41.515845070422536]],[[32.147241725175526,41.23485915492958],[32.11895687061183,41.19788732394366],[32.147241725175526,41.13133802816901],[32.15667001003009,41.1387323943662],[32.147241725175526,41.23485915492958]],[[32.11895687061183,41.109154929577464],[32.10952858575727,41.11654929577465],[32.08124373119358,41.079577464788734],[32.1283851554664,41.042605633802815],[32.13781344032096,41.05],[32.103819686950644,41.08932020228733],[32.10010030090271,41.079577464788734],[32.10010030090271,41.0943661971831],[32.11895687061183,41.109154929577464]],[[32.09871138383026,41.01020300720755],[32.1109643618943,41.0089063956839],[32.13079972792824,41.01228901540306],[32.09871138383026,41.01020300720755]],[[32.10010030090271,40.47323943661972],[32.11276746087287,40.447205995200115],[32.11895687061183,40.45845070422535],[32.1247697979934,40.491222117021],[32.11895687061183,40.469904392215106],[32.10952858575727,40.510211267605634],[32.10010030090271,40.47323943661972]],[[32.10583190975933,41.09356822809511],[32.12244270631132,41.10888180051995],[32.1097977303385,41.1019405157447],[32.10583190975933,41.09356822809511]],[[31.977532597793378,40.39190140845071],[31.939819458375126,40.36232394366197],[31.911534603811432,40.35492957746479],[31.939819458375126,40.347535211267605],[32.004556104211076,40.37797213142163],[31.956072709257683,40.36028222631585],[32.00581745235707,40.384507042253524],[31.977532597793378,40.39190140845071]],[[31.845536609829487,40.33274647887324],[31.741825476429288,40.34014084507042],[31.770110330992978,40.317957746478875],[31.861984213915587,40.314600080631685],[31.823519814119177,40.317957746478875],[31.845536609829487,40.317957746478875],[31.845536609829487,40.33274647887324]],[[31.75125376128385,41.02781690140845],[31.75125376128385,41.042605633802815],[31.704112337011033,41.03521126760563],[31.713540621865597,41.02781690140845],[31.760663810770048,41.021136729012674],[31.733436960212867,41.02781690140845],[31.75125376128385,41.02781690140845]],[[31.6096736273326,40.9288623984675],[31.60967032593966,40.92885278146562],[31.63282876029,40.9487639079755],[31.6096736273326,40.9288623984675]],[[31.63282876029,40.9487639079755],[31.656970912738213,40.95387323943662],[31.748151563158043,40.98743110361739],[31.663620257079607,40.95908815262495],[31.694684052156468,40.983450704225355],[31.741825476429288,40.99084507042254],[31.694684052156468,40.99823943661972],[31.656970912738213,40.96866197183099],[31.609829488465394,40.9612676056338],[31.648067062812252,40.95387323943662],[31.63282876029,40.9487639079755]],[[31.675827482447342,40.33274647887324],[31.647542627883652,40.31056338028169],[31.722968906720162,40.32535211267606],[31.713540621865597,40.33274647887324],[31.675827482447342,40.33274647887324]],[[31.6045900744446,40.2734509154145],[31.6577200704284,40.2998733457107],[31.720550344413766,40.314503756102816],[31.6596252960589,40.3010398105556],[31.6045900744446,40.2734509154145]],[[31.59097291875627,41.05],[31.638114343029088,41.02781690140845],[31.673756352409583,41.033306090014065],[31.61925777331996,41.05739436619719],[31.59097291875627,41.05]],[[31.46840521564694,41.042605633802815],[31.430692076228688,41.07218309859155],[31.421263791374123,41.06478873239437],[31.48726178535607,41.013028169014085],[31.538231641787323,41.0324941274931],[31.46840521564694,41.042605633802815]],[[31.458976930792375,40.32535211267606],[31.430692076228688,40.37711267605634],[31.421263791374123,40.36971830985915],[31.421263791374123,40.34014084507042],[31.48726178535607,40.28838028169014],[31.515039731615964,40.28952151082039],[31.458976930792375,40.32535211267606]],[[31.421263791374123,40.82816901408451],[31.38355065195587,40.78380281690141],[31.39297893681043,40.776408450704224],[31.44012036108325,40.82816901408451],[31.421263791374123,40.82816901408451]],[[31.40853981865681,40.772831033311256],[31.439486844767,40.8262569948087],[31.4098867110054,40.7774937692038],[31.40853981865681,40.772831033311256]],[[31.388239350961967,40.03357860057656],[31.3926950535356,40.03493867170394],[31.387743611414,40.0340479590571],[31.388239350961967,40.03357860057656]],[[31.37853328311867,40.68633829823427],[31.3806287752764,40.6886933671313],[31.381499818597188,40.69147705096074],[31.37853328311867,40.68633829823427]],[[31.279839518555665,40.37711267605634],[31.26098294884654,40.347535211267605],[31.298696088264794,40.347535211267605],[31.32888827357948,40.36444816664307],[31.279839518555665,40.37711267605634]],[[31.232698094282846,40.63591549295775],[31.298696088264794,40.62852112676056],[31.308124373119355,40.63591549295775],[31.232698094282846,40.63591549295775]],[[31.2675200591468,40.0625318928455],[31.266931511905117,40.06249373962578],[31.282866537915705,40.06144288594635],[31.2675200591468,40.0625318928455]],[[31.147843530591775,40.37711267605634],[31.100702106318955,40.36971830985915],[31.147843530591775,40.36232394366197],[31.16191722521629,40.35128629965712],[31.1101555887782,40.3616048877423],[31.18555667001003,40.33274647887324],[31.239646085505463,40.33579119272375],[31.18555667001003,40.347535211267605],[31.147843530591775,40.37711267605634]],[[31.147843530591775,40.67288732394366],[31.13841524573721,40.66549295774648],[31.20441323971916,40.613732394366195],[31.219581762542735,40.62237929230151],[31.147843530591775,40.67288732394366]],[[31.072417251755265,40.6580985915493],[31.072417251755265,40.67288732394366],[31.025275827482446,40.66549295774648],[31.03470411233701,40.6580985915493],[31.072417251755265,40.6580985915493]],[[31.0629889669007,40.23661971830986],[31.03470411233701,40.30316901408451],[31.025275827482446,40.26619718309859],[31.044132397191575,40.251408450704226],[30.98756268806419,40.221830985915496],[31.01584754262788,40.21443661971831],[31.0629889669007,40.23661971830986]],[[31.0529149094251,40.2223881423024],[31.054404964614093,40.226113280148226],[31.05075092608153,40.221996705017],[31.0529149094251,40.2223881423024]],[[30.98499651282086,41.0273709837615],[30.9835948516715,41.0268872111363],[30.98113170077513,41.02090219963002],[30.98499651282086,41.0273709837615]],[[30.968706118355065,40.650704225352115],[30.90270812437312,40.67288732394366],[30.874423269809427,40.63591549295775],[30.89674627619683,40.63863413188242],[30.896286079002298,40.627389080129326],[30.90270812437312,40.64330985915493],[30.968706118355065,40.650704225352115]],[[30.9236232401919,40.6377914028725],[30.9582707956602,40.636935907859],[30.961414377804225,40.6377914029914],[30.9236232401919,40.6377914028725]],[[30.939653679909014,40.709138969197255],[30.9339146173229,40.6805819451519],[30.940007034306,40.7079611213315],[30.939653679909014,40.709138969197255]],[[30.921564694082246,40.746830985915494],[30.921564694082246,40.68767605633803],[30.93099297893681,40.721478943019825],[30.93864736183224,40.712493362432774],[30.921564694082246,40.746830985915494]],[[30.92871051476681,39.20149726556872],[30.9259109438874,39.2037893249406],[30.911744561646607,39.20206279720382],[30.92871051476681,39.20149726556872]],[[30.8555667001003,40.177464788732394],[30.88385155466399,40.17007042253521],[30.9200780402164,40.1870790311842],[30.899672156553546,40.18247812188199],[30.91213640922768,40.19225352112676],[30.88385155466399,40.19964788732394],[30.8555667001003,40.177464788732394]],[[30.9160594439175,39.1392191662699],[30.91559530375237,39.14055588977395],[30.9126328351473,39.1237994268023],[30.9160594439175,39.1392191662699]],[[30.874423269809427,40.82816901408451],[30.90270812437312,40.83556338028169],[30.91213640922768,40.842957746478874],[30.90270812437312,40.850352112676056],[30.874423269809427,40.82816901408451]],[[30.82728184553661,39.13485915492958],[30.82728184553661,39.12007042253521],[30.91213640922768,39.1274647887324],[30.90270812437312,39.149647887323944],[30.88385155466399,39.13485915492958],[30.82728184553661,39.13485915492958]],[[30.9094990724963,40.8303416326307],[30.89757422020117,40.82095398341748],[30.9009660183433,40.8213681634433],[30.9094990724963,40.8303416326307]],[[30.898292165787865,39.20042328655237],[30.8916448558101,39.1996131456952],[30.890271007879925,39.19579135047041],[30.898292165787865,39.20042328655237]],[[30.880037096908,40.7429007663912],[30.87727379276872,40.74265628910089],[30.89509878545794,40.719375842708295],[30.880037096908,40.7429007663912]],[[30.8555667001003,40.93169014084507],[30.874423269809427,40.93169014084507],[30.893279839518556,40.946478873239435],[30.88385155466399,40.95387323943662],[30.8555667001003,40.93169014084507]],[[30.87466690933669,40.60068439530057],[30.893109635342277,40.62346543606116],[30.8747118590651,40.6014196450572],[30.87466690933669,40.60068439530057]],[[30.8885394924998,39.1176957791111],[30.8400315614381,39.1195161655496],[30.838278619145925,39.118326668980075],[30.8885394924998,39.1176957791111]],[[30.880664822061465,39.16906868758818],[30.8798658881624,39.1668461986989],[30.882021829248295,39.16599280538928],[30.880664822061465,39.16906868758818]],[[30.881792020214213,40.53720710921491],[30.8820037218001,40.5377168038771],[30.87842232217559,40.53961283877405],[30.881792020214213,40.53720710921491]],[[30.817853560682046,40.90211267605634],[30.840890096528177,40.91339630091198],[30.82728184553661,40.92429577464789],[30.798996990972917,40.916901408450705],[30.798996990972917,40.887323943661976],[30.846138415245736,40.879929577464786],[30.8812023639798,40.8641985898824],[30.817853560682046,40.90211267605634]],[[30.87630835017228,40.52522901848309],[30.8770851587689,40.5258748268217],[30.8784546591597,40.52917204840906],[30.87630835017228,40.52522901848309]],[[30.874423269809427,40.53239436619718],[30.864994984954865,40.613732394366195],[30.8555667001003,40.53239436619718],[30.82728184553661,40.510211267605634],[30.80842527582748,40.525],[30.78014042126379,40.517605633802816],[30.82728184553661,40.49542253521127],[30.874423269809427,40.53239436619718]],[[30.857972942605706,40.06304809626309],[30.856271280308576,40.06609404384592],[30.8567978730422,40.0635452289103],[30.857972942605706,40.06304809626309]],[[30.8555667001003,40.0887323943662],[30.789568706118352,40.17007042253521],[30.732998996990972,40.17007042253521],[30.714142427281843,40.155281690140846],[30.667001003009027,40.16267605633803],[30.67642928786359,40.14049295774648],[30.753032940115567,40.15435830584359],[30.789568706118352,40.14049295774648],[30.846138415245736,40.06654929577465],[30.8555667001003,40.0887323943662]],[[30.81805736833268,40.87524547032861],[30.8187734385297,40.8738326833331],[30.853575005039115,40.87333348055914],[30.81805736833268,40.87524547032861]],[[30.835504532924876,40.50168501951339],[30.8499795937717,40.5033403183545],[30.85127539079987,40.50441759341245],[30.835504532924876,40.50168501951339]],[[30.843188984125,40.7395242463078],[30.84403323331,40.7397154033007],[30.832935842146668,40.74984100278227],[30.843188984125,40.7395242463078]],[[30.845878113653495,40.79815330040744],[30.8412346390142,40.7940623894642],[30.84142467055406,40.793492029867735],[30.845878113653495,40.79815330040744]],[[30.83116300900571,40.76174574465643],[30.8295360976249,40.7605173938625],[30.83129729592884,40.754986613022254],[30.83116300900571,40.76174574465643]],[[30.7957995788889,39.0745100885012],[30.8066221261019,39.0832155285895],[30.79294537711895,39.07380474308459],[30.7957995788889,39.0745100885012]],[[30.67642928786359,39.06091549295775],[30.737184875443457,39.06091549295775],[30.7122198670881,39.0538554286726],[30.770031262671164,39.068142086095285],[30.67660416832448,39.07570422535211],[30.66506058996471,39.09036821371991],[30.67642928786359,39.06091549295775]],[[30.619859578736207,40.49542253521127],[30.73257561023,40.4968178752541],[30.695285857572717,40.525],[30.619859578736207,40.525],[30.572718154463388,40.488028169014086],[30.599053825111138,40.480633802816904],[30.5911134327128,40.4736685462904],[30.619859578736207,40.49542253521127]],[[30.610431293881646,40.207042253521124],[30.610431293881646,40.177464788732394],[30.629287863590772,40.16267605633803],[30.582146439317953,40.155281690140846],[30.582146439317953,40.14049295774648],[30.653796270269773,40.15080859721293],[30.629287863590772,40.177464788732394],[30.629287863590772,40.207042253521124],[30.610431293881646,40.207042253521124]],[[30.553861584754262,40.26619718309859],[30.582146439317953,40.24401408450704],[30.610431293881646,40.251408450704226],[30.563289869608827,40.27359154929577],[30.553861584754262,40.26619718309859]],[[30.582146439317953,39.09049295774648],[30.594463015985,39.0964124577937],[30.563289869608827,39.12007042253521],[30.553861584754262,39.112676056338024],[30.582146439317953,39.09049295774648]],[[30.57595677077367,40.337395485621286],[30.5763131886373,40.3401010212883],[30.575956770905844,40.34082470426643],[30.57595677077367,40.337395485621286]],[[30.5599179760564,40.2942657080224],[30.5731767130667,40.3162923197868],[30.57332291365007,40.31740211515119],[30.5599179760564,40.2942657080224]],[[30.5599179760487,40.3733904320726],[30.5688997008683,40.386863020331],[30.56887158195918,40.388709493748635],[30.5599179760487,40.3733904320726]],[[30.5599179760487,40.3733904320726],[30.562031424000644,40.36331091083677],[30.553861584754262,40.384507042253524],[30.572718154463388,40.39929577464789],[30.563289869608827,40.40669014084507],[30.535005015045137,40.384507042253524],[30.563289869608827,40.317957746478875],[30.572718154463388,40.35492957746479],[30.5599179760487,40.3733904320726]],[[30.5175546179113,39.1761085320076],[30.5410250563644,39.1531776446432],[30.514090988365236,39.18154184017321],[30.5175546179113,39.1761085320076]],[[30.5410250563644,39.1531776446432],[30.5402157309429,39.1362492548788],[30.542523625886712,39.13402200744448],[30.5410250563644,39.1531776446432]],[[30.487863590772317,39.23838028169014],[30.42186559679037,39.24577464788732],[30.374724172517553,39.29753521126761],[30.365295887662988,39.290140845070425],[30.431293881644933,39.223591549295776],[30.471012296657996,39.222018862184285],[30.478435305917753,39.20140845070422],[30.506720160481443,39.179225352112674],[30.516148445336007,39.186619718309856],[30.487863590772317,39.23838028169014]],[[30.42186559679037,40.014788732394365],[30.450150451354062,40.00739436619718],[30.48384822516347,40.02377140529553],[30.463618210303622,40.01795679012312],[30.478435305917753,40.02957746478873],[30.450150451354062,40.03697183098591],[30.42186559679037,40.014788732394365]],[[30.42186559679037,40.39929577464789],[30.42186559679037,40.384507042253524],[30.476890142839984,40.34806053268248],[30.440722166499498,40.384507042253524],[30.440722166499498,40.39929577464789],[30.42186559679037,40.39929577464789]],[[30.4441967623567,40.3941050976559],[30.4463735438281,40.3803365000829],[30.446836613190285,40.380021558272034],[30.4441967623567,40.3941050976559]],[[30.431293881644933,39.20880281690141],[30.3690434012569,39.1534474199123],[30.440722166499498,39.20140845070422],[30.431293881644933,39.20880281690141]],[[30.327582748244733,39.37887323943662],[30.384152457372117,39.40845070422535],[30.384152457372117,39.43802816901408],[30.355867602808424,39.475],[30.346439317953863,39.452816901408454],[30.365295887662988,39.42323943661972],[30.31815446339017,39.40105633802817],[30.308726178535608,39.37887323943662],[30.374724172517553,39.32711267605634],[30.384152457372117,39.33450704225352],[30.327582748244733,39.37887323943662]],[[30.365295887662988,40.014788732394365],[30.346439317953863,39.985211267605635],[30.355867602808424,39.948239436619716],[30.379853943972126,39.996628784272716],[30.3743105491434,39.9568590453663],[30.384152457372117,40.0],[30.384152457372117,40.014788732394365],[30.365295887662988,40.014788732394365]],[[30.346439317953863,39.157042253521126],[30.365295887662988,39.157042253521126],[30.384152457372117,39.17183098591549],[30.374724172517553,39.179225352112674],[30.346439317953863,39.157042253521126]],[[30.31815446339017,39.5637323943662],[30.27101303911735,39.57112676056338],[30.337011033099298,39.53415492957747],[30.355867602808424,39.50457746478873],[30.384152457372117,39.511971830985914],[30.31815446339017,39.5637323943662]],[[30.377251571206106,39.499300667398856],[30.377587188972,39.4999738656081],[30.376752242028648,39.50182359416242],[30.377251571206106,39.499300667398856]],[[30.375219550059178,40.378483840622486],[30.373643573149774,40.37867935809383],[30.3749288433288,40.3783904062829],[30.375219550059178,40.378483840622486]],[[30.3292792084821,40.3841832511683],[30.32361599379797,40.38213549702414],[30.333295687935074,40.38368496220123],[30.3292792084821,40.3841832511683]],[[30.2600035770543,41.0419152057643],[30.252156469408224,41.079577464788734],[30.28986960882648,41.0943661971831],[30.280441323971914,41.11654929577465],[30.233299899699098,41.0943661971831],[30.233299899699098,41.03521126760563],[30.21444332998997,41.02042253521127],[30.223871614844533,41.013028169014085],[30.250987508085803,41.03429448070094],[30.2282436942035,41.0150705425196],[30.2522904625807,41.0301186772104],[30.2600035770543,41.0419152057643]],[[30.28986960882648,40.9612676056338],[30.26158475426279,40.99823943661972],[30.233299899699098,40.99084507042254],[30.27101303911735,40.9612676056338],[30.233299899699098,40.916901408450705],[30.24272818455366,40.879929577464786],[30.28986960882648,40.9612676056338]],[[30.281295848756418,40.9369295948852],[30.284851447664646,40.93229654123075],[30.2857895776478,40.9334778900692],[30.281295848756418,40.9369295948852]],[[30.2513378630537,40.3633934446906],[30.238821140234155,40.35815215670818],[30.26010590296249,40.36445895772414],[30.2513378630537,40.3633934446906]],[[30.252156469408224,40.76901408450704],[30.19558676028084,40.79859154929578],[30.233299899699098,40.76901408450704],[30.233299899699098,40.73943661971831],[30.13901705115346,40.72464788732395],[30.19937962193981,40.717253521126764],[30.1620142385227,40.712802101767],[30.248694292575,40.7194511291623],[30.252156469408224,40.76901408450704]],[[30.21444332998997,40.36971830985915],[30.19558676028084,40.34014084507042],[30.205015045135404,40.33274647887324],[30.252156469408224,40.36971830985915],[30.21444332998997,40.36971830985915]],[[30.22806135840312,40.34339404474844],[30.222015376212568,40.33927996220742],[30.2276557339493,40.3425117243396],[30.22806135840312,40.34339404474844]],[[30.20397674540898,39.65511847725281],[30.2038390376845,39.6554256735562],[30.203703511478405,39.655466188826985],[30.20397674540898,39.65511847725281]],[[30.11073219658977,39.69683098591549],[30.08244734202608,39.67464788732394],[30.19558676028084,39.65985915492958],[30.16730190571715,39.69683098591549],[30.11073219658977,39.69683098591549]],[[30.1568064580076,40.3558178281721],[30.18123885692334,40.35628668322777],[30.153416409233436,40.35740422955528],[30.1568064580076,40.3558178281721]],[[30.115618183738388,40.3750922220302],[30.111434455993667,40.380615266564426],[30.113885324793,40.3759031277165],[30.115618183738388,40.3750922220302]],[[30.00288083739387,40.554577464788736],[30.016449348044134,40.554577464788736],[30.0889535224468,40.5904994645365],[30.03411691256044,40.56843369037601],[30.08244734202608,40.59154929577465],[30.054162487462385,40.59894366197183],[30.016449348044134,40.5693661971831],[29.978736208625875,40.5693661971831],[29.950451354062185,40.517605633802816],[29.978736208625875,40.49542253521127],[29.994090384544027,40.50031209088301],[29.969307923771314,40.53239436619718],[30.00288083739387,40.554577464788736]],[[30.016449348044134,39.682042253521125],[29.978736208625875,39.71161971830986],[29.969307923771314,39.70422535211267],[30.00702106318957,39.67464788732394],[29.98816449348044,39.65985915492958],[29.997592778335004,39.652464788732395],[30.06359077231695,39.67464788732394],[30.016449348044134,39.682042253521125]],[[30.0127947205106,39.7825127925117],[30.011156419712588,39.779191912885345],[30.0445558009297,39.7966948796254],[30.0127947205106,39.7825127925117]],[[30.0445558009297,39.7966948796254],[30.06359077231695,39.822535211267606],[30.054162487462385,39.82992957746479],[29.98816449348044,39.792957746478876],[29.969307923771314,39.73380281690141],[29.98816449348044,39.73380281690141],[30.004755883266494,39.76160375816416],[29.996815616476248,39.72462750330503],[30.01089096580273,39.778653830695525],[30.00702106318957,39.778169014084504],[30.05272998208039,39.81401736720172],[30.0445558009297,39.7966948796254]],[[30.0494011400665,40.4448704526381],[30.04074181195212,40.43735574829966],[30.051904775232796,40.44568503241853],[30.0494011400665,40.4448704526381]],[[30.016449348044134,40.45105633802817],[29.969307923771314,40.47323943661972],[29.997592778335004,40.4362676056338],[30.044734202607824,40.443661971830984],[30.03530591775326,40.46584507042254],[30.016449348044134,40.45105633802817]],[[30.031632850944916,40.43055906516552],[30.017524345568408,40.43151117293026],[30.0294819892074,40.4289541921527],[30.031632850944916,40.43055906516552]],[[29.9960292506236,40.5478972602137],[29.995804936661216,40.54012637969071],[30.000188886197293,40.55195284872502],[29.9960292506236,40.5478972602137]],[[29.9651458061833,38.73831863891069],[29.9917511194431,38.7503373929648],[29.9939259118991,38.75216963560567],[29.9651458061833,38.73831863891069]],[[29.9500316641387,38.410119998133],[29.942938119480452,38.40826640842105],[29.955563240096758,38.40955633141261],[29.9500316641387,38.410119998133]],[[29.903309929789366,39.71161971830986],[29.941023069207624,39.66725352112676],[29.951046060009308,39.66403737055249],[29.903309929789366,39.71161971830986]],[[29.93159478435306,40.53239436619718],[29.903309929789366,40.584154929577466],[29.893881644934805,40.517605633802816],[29.85616850551655,40.488028169014086],[29.865596790371114,40.480633802816904],[29.939797770132472,40.51986519601662],[29.88327031366202,40.494494701720924],[29.93159478435306,40.53239436619718]],[[29.915918760606136,38.40550580966809],[29.911793097712952,38.407041961067634],[29.9133665175116,38.4052450440764],[29.915918760606136,38.40550580966809]],[[29.88445336008024,38.4693661971831],[29.875025075225675,38.43239436619718],[29.903309929789366,38.41021126760563],[29.91273821464393,38.417605633802815],[29.88445336008024,38.4693661971831]],[[29.90748988361967,38.71057058264014],[29.8941282110233,38.6793219696263],[29.89435456611827,38.677762634599425],[29.90748988361967,38.71057058264014]],[[29.893881644934805,41.08023430987218],[29.88445336008024,41.10176056338028],[29.83731193580742,41.02042253521127],[29.85616850551655,41.02042253521127],[29.893881644934805,41.08023430987218]],[[29.877789000922043,39.717469559132056],[29.880653323210883,39.71633508130311],[29.8780845358645,39.7174421680868],[29.877789000922043,39.717469559132056]],[[29.865596790371114,38.89823943661972],[29.875025075225675,38.9056338028169],[29.846740220661985,38.92781690140845],[29.83731193580742,38.920422535211266],[29.865596790371114,38.89823943661972]],[[29.8691236986189,38.8947167820571],[29.871277077887292,38.89530296856102],[29.8495525197949,38.9059003139943],[29.8691236986189,38.8947167820571]],[[29.85479832301913,41.018103643603894],[29.8583563729481,41.0191793331962],[29.861609323171198,41.02358437003002],[29.85479832301913,41.018103643603894]],[[29.8231330249229,38.559514334462],[29.8429821946987,38.5867968869452],[29.817982259203475,38.55574858074932],[29.8231330249229,38.559514334462]],[[29.724172517552656,41.03521126760563],[29.75245737211635,41.013028169014085],[29.8170202000478,41.0066823497749],[29.79935181146611,41.013028169014085],[29.818455366098295,41.02042253521127],[29.790170511534605,41.042605633802815],[29.724172517552656,41.03521126760563]],[[29.743029087261785,38.93521126760563],[29.787702199908466,38.91519091050121],[29.75245737211635,38.94260563380281],[29.743029087261785,38.93521126760563]],[[29.776697433890327,40.181406792218226],[29.772596502567815,40.17907726881967],[29.7752096548627,40.1793128809253],[29.776697433890327,40.181406792218226]],[[29.70531594784353,40.10352112676056],[29.7535904870658,40.0783498984274],[29.76188565697091,40.0887323943662],[29.714744232698095,40.110915492957744],[29.70531594784353,40.10352112676056]],[[29.743906092366178,39.89716668624029],[29.732095157460467,39.87912315882737],[29.76188565697091,39.9112676056338],[29.75245737211635,39.948239436619716],[29.743029087261785,39.9112676056338],[29.6864593781344,39.8669014084507],[29.6864593781344,39.83732394366197],[29.706487547064015,39.83175745781668],[29.70531594784353,39.8669014084507],[29.743906092366178,39.89716668624029]],[[29.7507961739427,39.9912849528916],[29.75122634941021,39.988420991748306],[29.7582967004333,40.0225371510927],[29.7507961739427,39.9912849528916]],[[29.7435162492644,39.7424439262598],[29.7500393913864,39.7211843612016],[29.750716475374485,39.72105296333424],[29.7435162492644,39.7424439262598]],[[29.732559596602,40.1762979628456],[29.73197046486539,40.17541426521078],[29.739042905543723,40.176051944324804],[29.732559596602,40.1762979628456]],[[29.709392743328387,41.00222406478882],[29.7109807138054,41.0042421106547],[29.7124596470302,41.018291973025],[29.709392743328387,41.00222406478882]],[[29.695887662988966,40.983450704225355],[29.70531594784353,40.99084507042254],[29.695887662988966,41.02781690140845],[29.6864593781344,41.02042253521127],[29.695887662988966,40.983450704225355]],[[29.66793563220823,40.967466174271905],[29.635370117964836,40.96824154369264],[29.666834569292,40.9667511630196],[29.66793563220823,40.967466174271905]],[[29.592176529588766,41.02042253521127],[29.545035105315947,41.042605633802815],[29.516750250752256,41.03521126760563],[29.57331995987964,41.0056338028169],[29.60160481444333,40.96866197183099],[29.667602808425276,40.97605633802817],[29.620461384152456,40.983450704225355],[29.592176529588766,41.02042253521127]],[[29.55446339017051,39.8669014084507],[29.5827482447342,39.85950704225352],[29.61103309929789,39.88169014084507],[29.5827482447342,39.889084507042256],[29.55446339017051,39.8669014084507]],[[29.50732196589769,38.89823943661972],[29.5827482447342,38.89823943661972],[29.592176529588766,38.9056338028169],[29.50732196589769,38.91302816901408],[29.50732196589769,38.89823943661972]],[[29.535606820461382,39.88169014084507],[29.45075225677031,39.889084507042256],[29.441323971915747,39.8669014084507],[29.535606820461382,39.88169014084507]],[[29.461640384839555,40.945554783019446],[29.4814570222078,40.9607457858628],[29.4617696915394,40.9463567459558],[29.461640384839555,40.945554783019446]],[[29.4814570222078,40.9607457858628],[29.5030963539333,40.9904162099595],[29.503053141617162,40.991072251351426],[29.4814570222078,40.9607457858628]],[[29.4775322762286,38.8643447497679],[29.479410231867455,38.86558381324681],[29.476593548935373,38.86477170398184],[29.4775322762286,38.8643447497679]],[[29.365897693079237,38.8612676056338],[29.394182547642927,38.88345070422535],[29.479037111334,38.87605633802817],[29.45075225677031,38.89823943661972],[29.394182547642927,38.89823943661972],[29.34704112337011,38.87605633802817],[29.34704112337011,38.846478873239434],[29.309327983951857,38.816901408450704],[29.318756268806418,38.80950704225352],[29.363859130812045,38.844880080229686],[29.36507115107389,38.83956398415918],[29.365897693079237,38.8612676056338]],[[29.3710898859223,38.8634642670822],[29.3915811266069,38.8679467260042],[29.40587428868296,38.8784066506604],[29.3710898859223,38.8634642670822]],[[29.281043129388163,39.72640845070423],[29.266625074759663,39.70794429894685],[29.3911620647139,39.8048302806074],[29.34704112337011,39.770505533273685],[29.384754262788363,39.80774647887324],[29.3753259779338,39.815140845070424],[29.233901705115347,39.70422535211267],[29.215045135406218,39.65985915492958],[29.2273540885141,39.6510967173748],[29.261391408197703,39.703872665910545],[29.252758274824473,39.69322663982665],[29.252758274824473,39.70422535211267],[29.281043129388163,39.72640845070423]],[[29.3638678333379,38.8347383612526],[29.36388463704665,38.83480574857636],[29.3380901053821,38.8236738340308],[29.3638678333379,38.8347383612526]],[[29.3224833513192,38.808942338538],[29.322664296583138,38.80911313602282],[29.320948008219837,38.80861243699788],[29.3224833513192,38.808942338538]],[[28.979338014042128,39.5637323943662],[28.995337238194004,39.581348151557485],[28.98876629889669,39.60247649784993],[28.9976500727709,39.5871977815592],[28.98876629889669,39.615492957746476],[28.960481444333,39.63767605633803],[28.91334002006018,39.63028169014085],[28.969909729187563,39.60070422535211],[28.969909729187563,39.585915492957746],[28.93219658976931,39.57112676056338],[28.91334002006018,39.49718309859155],[28.93219658976931,39.49718309859155],[28.951053159478434,39.556338028169016],[28.979338014042128,39.5637323943662]],[[28.95354211534945,39.54014733225461],[28.9544813818758,39.5408962681632],[28.953625140306617,39.54812010603627],[28.95354211534945,39.54014733225461]],[[28.951053159478434,39.46760563380282],[28.931380745988537,39.48253843147915],[28.93219658976931,39.43802816901408],[28.875626880641924,39.40845070422535],[28.922768304914744,39.40105633802817],[28.9503139123847,39.4124699664478],[28.936193753068654,39.41158557866341],[28.951053159478434,39.42323943661972],[28.951053159478434,39.46760563380282]],[[28.875626880641924,39.37887323943662],[28.83791374122367,39.36408450704225],[28.819057171514544,39.349295774647885],[28.82848545636911,39.3419014084507],[28.875626880641924,39.37887323943662]],[[28.8331744768721,39.3347426988299],[28.8691318949781,39.3663884817735],[28.870006588931073,39.36835494684669],[28.8331744768721,39.3347426988299]],[[28.7552631579098,39.2727777978924],[28.8101954154581,39.300620956419],[28.81045608927897,39.30100803249703],[28.7552631579098,39.2727777978924]],[[28.7530591775326,39.652464788732395],[28.76248746238716,39.67025296771386],[28.76881965780109,39.64959849569376],[28.76248746238716,39.68943661971831],[28.7530591775326,39.69683098591549],[28.7530591775326,39.652464788732395]],[[28.696489468405215,39.13485915492958],[28.715346038114344,39.10528169014084],[28.76248746238716,39.112676056338024],[28.73420260782347,39.13485915492958],[28.696489468405215,39.13485915492958]],[[28.73199895106526,39.70054014067155],[28.726977861631216,39.71949042708059],[28.730571254483,39.7014316808056],[28.73199895106526,39.70054014067155]],[[28.7303036183992,39.7678527163723],[28.72409009653582,39.77378870122166],[28.73020866346554,39.766796786866095],[28.7303036183992,39.7678527163723]],[[28.726273111466245,39.72303217855098],[28.726839796413444,39.72933389804463],[28.7262228420186,39.7232848097655],[28.726273111466245,39.72303217855098]],[[28.686731483182868,39.77538376180984],[28.724774322968905,39.778169014084504],[28.696489468405215,39.80035211267606],[28.611634904714144,39.748591549295774],[28.639919759277834,39.74119718309859],[28.696489468405215,39.78556338028169],[28.686731483182868,39.77538376180984]],[[28.715346038114344,39.69683098591549],[28.724774322968905,39.70422535211267],[28.715346038114344,39.74119718309859],[28.70591775325978,39.73380281690141],[28.715346038114344,39.69683098591549]],[[28.6599672641293,39.749386912842],[28.67451539479045,39.763636926202466],[28.6311038097141,39.734358384669],[28.6599672641293,39.749386912842]],[[28.65877632898696,39.223591549295776],[28.639919759277834,39.19401408450704],[28.592778335005015,39.17183098591549],[28.639919759277834,39.179225352112674],[28.649348044132395,39.17183098591549],[28.63049147442327,39.14225352112676],[28.65877632898696,39.12007042253521],[28.65877632898696,39.223591549295776]],[[28.64566297502832,39.30781968429098],[28.668204613841525,39.30492957746479],[28.621063189568705,39.32711267605634],[28.592778335005015,39.30492957746479],[28.592778335005015,39.26056338028169],[28.611634904714144,39.26056338028169],[28.611634904714144,39.290140845070425],[28.639919759277834,39.31232394366197],[28.613618760313724,39.290409141325966],[28.64566297502832,39.30781968429098]],[[28.6635355523811,39.118198852968],[28.664419955647173,39.1181911625038],[28.66325963992879,39.119220474792655],[28.6635355523811,39.118198852968]],[[28.61816721938491,39.258678981138154],[28.614552751767086,39.28093950788154],[28.6164808588375,39.2613906489142],[28.61816721938491,39.258678981138154]],[[28.35707121364092,39.87429577464789],[28.27221664994985,39.9112676056338],[28.27221664994985,39.97042253521127],[28.25336008024072,39.97042253521127],[28.25336008024072,39.9112676056338],[28.28164493480441,39.889084507042256],[28.35707121364092,39.85950704225352],[28.4397839532274,39.8548940539081],[28.400461944160007,39.85950704225352],[28.43249749247743,39.85950704225352],[28.43249749247743,39.87429577464789],[28.35707121364092,39.87429577464789]],[[28.187362086258776,40.081338028169014],[28.187362086258776,40.02218309859155],[28.2007019512345,40.0320534552379],[28.187362086258776,40.081338028169014]],[[28.1615301193492,40.260778849827],[28.083650952858576,40.280985915492955],[28.083650952858576,40.251408450704226],[28.1615301193492,40.260778849827]],[[27.5242523045168,39.9446864950894],[27.523747016288507,39.94561472830768],[27.523725462400765,39.93751053971089],[27.5242523045168,39.9446864950894]],[[27.5218229115006,39.911596475612],[27.521884754969328,39.912438826590694],[27.51505811177981,39.902182129506954],[27.5218229115006,39.911596475612]],[[27.50852557673019,39.97781690140845],[27.499097291875625,39.9112676056338],[27.50852557673019,39.90387323943662],[27.50852557673019,39.97781690140845]],[[27.4461766133411,39.7592148414517],[27.499097291875625,39.852112676056336],[27.489669007021064,39.87429577464789],[27.46138415245737,39.8669014084507],[27.46138415245737,39.80774647887324],[27.442527582748244,39.778169014084504],[27.34824473420261,39.748591549295774],[27.384952030076946,39.74119718309859],[27.37426699902988,39.735316890332285],[27.4461766133411,39.7592148414517]],[[27.4510627898143,40.0469274310741],[27.44963138555997,40.04928617845797],[27.450609404744814,40.04355778097086],[27.4510627898143,40.0469274310741]],[[27.445708937082063,39.98978994845107],[27.4464279311126,39.9874103170287],[27.448597817075093,39.986761845360185],[27.445708937082063,39.98978994845107]],[[27.44678898934021,40.01516367620453],[27.4427452890409,39.9995986390717],[27.444094082555466,39.99513458054931],[27.44678898934021,40.01516367620453]],[[27.43309929789368,40.06654929577465],[27.42367101303912,40.0],[27.43309929789368,39.99260563380282],[27.43309929789368,40.06654929577465]],[[27.385957873620864,40.1330985915493],[27.397369335356633,40.1568370457882],[27.39407863370535,40.13274203570291],[27.40481444332999,40.16267605633803],[27.395386158475425,40.17007042253521],[27.367101303911735,40.1330985915493],[27.434232032345065,40.074662087464105],[27.42753020869723,40.08570572447206],[27.442527582748244,40.0887323943662],[27.385957873620864,40.1330985915493]],[[27.414242728184554,40.184859154929576],[27.42367101303912,40.19225352112676],[27.442527582748244,40.207042253521124],[27.414242728184554,40.21443661971831],[27.414242728184554,40.184859154929576]],[[27.435633821251805,40.20007499832466],[27.4314835385417,40.1971577031436],[27.4217675190726,40.1783145138972],[27.435633821251805,40.20007499832466]],[[27.2925383957197,39.6949615627162],[27.295095346498716,39.69572907916308],[27.28871531023343,39.69535483123001],[27.2925383957197,39.6949615627162]],[[26.961685055165496,39.78556338028169],[26.933400200601806,39.76338028169014],[26.99939819458375,39.77077464788732],[27.009895536462654,39.762541847208624],[26.98766662376913,39.76804044956825],[27.0487612875314,39.7444709341553],[26.99939819458375,39.78556338028169],[26.961685055165496,39.78556338028169]]],[[[33.2020705895765,40.4085763266549],[33.17492477432297,40.443661971830984],[33.212637913741226,40.47323943661972],[33.23149448345035,40.53239436619718],[33.25035105315948,40.547183098591546],[33.23149448345035,40.56197183098592],[33.23149448345035,40.60633802816901],[33.11835506519559,40.69507042253521],[33.11835506519559,40.709859154929575],[33.1654964894684,40.76161971830986],[33.22206619859578,40.776408450704224],[33.32577733199599,40.709859154929575],[33.344633901705116,40.63591549295775],[33.38234704112337,40.59154929577465],[33.38234704112337,40.547183098591546],[33.438916750250755,40.47323943661972],[33.438916750250755,40.42887323943662],[33.35406218655968,40.39190140845071],[33.33520561685055,40.40669014084507],[33.29749247743229,40.39190140845071],[33.20866447326379,40.39190140845071],[33.2020705895765,40.4085763266549]]],[[[39.935005015045135,39.149647887323944],[39.935005015045135,39.12007042253521],[39.90672016048144,39.1274647887324],[39.935005015045135,39.149647887323944]]],[[[39.803009027081245,40.717253521126764],[39.809026320860646,40.717253521126764],[39.799498440708895,40.714500256709705],[39.803009027081245,40.717253521126764]]],[[[38.55847542627883,38.084859154929575],[38.48304914744233,38.11443661971831],[38.42054747846094,38.119088906332905],[38.4573621744837,38.1675481533237],[38.41989181533103,38.11960312640149],[38.31334002006018,38.12922535211268],[38.27562688064192,38.15880281690141],[38.23791374122367,38.15880281690141],[38.124774322968904,38.20316901408451],[38.11534603811434,38.225352112676056],[38.14363089267803,38.2475352112676],[38.256770310932794,38.27711267605633],[38.36990972918756,38.27711267605633],[38.38876629889669,38.291901408450705],[38.48304914744233,38.291901408450705],[38.52076228686058,38.30669014084507],[38.530190571715146,38.34366197183098],[38.44533600802407,38.351056338028165],[38.43590772316951,38.388028169014085],[38.55847542627883,38.454577464788734],[38.624473420260784,38.46197183098592],[38.586760280842526,38.47676056338028],[38.624473420260784,38.52112676056338],[38.624473420260784,38.55070422535211],[38.6716148445336,38.57288732394366],[38.69047141424272,38.558098591549296],[38.74704112337011,38.558098591549296],[38.775325977933804,38.53591549295775],[38.775325977933804,38.50633802816901],[38.794182547642926,38.49154929577465],[38.794182547642926,38.417605633802815],[38.775325977933804,38.40281690140845],[38.775325977933804,38.35845070422535],[38.737612838515545,38.29929577464789],[38.681043129388165,38.254929577464786],[38.662186559679036,38.225352112676056],[38.6716148445336,38.217957746478874],[38.72818455366098,38.217957746478874],[38.78475426278836,38.2475352112676],[38.888465396188565,38.32887323943662],[38.89789368104313,38.351056338028165],[38.95446339017051,38.321478873239435],[39.001604814443326,38.32887323943662],[38.99217652958876,38.351056338028165],[38.95446339017051,38.3362676056338],[38.907321965897694,38.37323943661972],[38.907321965897694,38.47676056338028],[38.888465396188565,38.49154929577465],[38.97331995987964,38.587676056338026],[39.02988966900702,38.587676056338026],[39.05817452357071,38.56549295774648],[39.05817452357071,38.53591549295775],[39.10531594784353,38.49894366197183],[39.35045135406219,38.49894366197183],[39.35987963891675,38.46197183098592],[39.32216649949849,38.417605633802815],[39.34102306920762,38.35845070422535],[39.4258776328987,38.30669014084507],[39.52958876629889,38.28450704225352],[39.48244734202608,38.27711267605633],[39.48244734202608,38.26232394366197],[39.59558676028084,38.27711267605633],[39.66158475426279,38.24014084507042],[39.59558676028084,38.20316901408451],[39.50130391173521,38.20316901408451],[39.33159478435306,38.26232394366197],[39.21845536609829,38.27711267605633],[39.152457372116345,38.24014084507042],[39.12417251755265,38.20316901408451],[39.10531594784353,38.217957746478874],[39.06760280842528,38.18838028169014],[39.01103309929789,38.17359154929577],[38.95446339017051,38.11443661971831],[38.879037111334,38.15880281690141],[38.82246740220662,38.15880281690141],[38.72818455366098,38.11443661971831],[38.61504513540622,38.09964788732394],[38.57733199598796,38.15880281690141],[38.50190571715145,38.17359154929577],[38.49247743229689,38.16619718309859],[38.52076228686058,38.14401408450704],[38.55847542627883,38.14401408450704],[38.605616850551655,38.09225352112676],[38.55847542627883,38.084859154929575]],[[39.5268287434798,38.2617582360886],[39.5325737941336,38.2613398289628],[39.53855343738771,38.26439698905955],[39.5268287434798,38.2617582360886]],[[39.30403831246546,38.34423322400694],[39.32216649949849,38.35845070422535],[39.2938816449348,38.36584507042254],[39.22788365095286,38.31408450704225],[39.3303125656552,38.3457754290817],[39.30403831246546,38.34423322400694]],[[39.25857948351034,38.314811499104856],[39.2587349249615,38.3148845605722],[39.260058181243274,38.31614300426063],[39.25857948351034,38.314811499104856]],[[39.23776717852921,38.30521797903871],[39.2381016060668,38.3051863716824],[39.25116490398735,38.31132645662966],[39.23776717852921,38.30521797903871]],[[39.187510696698425,38.30746226226687],[39.19540515683523,38.30894066991059],[39.1936049534141,38.3091143266392],[39.187510696698425,38.30746226226687]],[[39.1514830456033,38.2976956899727],[39.12799160439186,38.32255069057637],[39.15594598213031,38.2989055271647],[39.1514830456033,38.2976956899727]],[[39.10608845114412,38.345725211130265],[39.1056296841055,38.346210607276],[39.10414021275919,38.34545401230457],[39.10608845114412,38.345725211130265]],[[39.0085623088405,38.3320982133754],[38.992177976000505,38.320655086454074],[39.00990219750068,38.33222663681051],[39.0085623088405,38.3320982133754]],[[38.9702013788116,38.3171691493907],[38.98275743734067,38.31916079666075],[38.969227440839006,38.317884029709894],[38.9702013788116,38.3171691493907]],[[38.57187938272365,38.45084558070628],[38.7079912445209,38.420358828967444],[38.68727016424407,38.425],[38.69989969909729,38.43239436619718],[38.69047141424272,38.43978873239436],[38.57187938272365,38.45084558070628]],[[38.48580743904407,38.181949686965595],[38.48836298191737,38.182188694505626],[38.4876289175677,38.1828718820881],[38.48580743904407,38.181949686965595]]],[[[39.16668929955824,41.06841572277304],[39.1641498736381,41.0785678916981],[39.1739369566845,41.0749684933744],[39.16668929955824,41.06841572277304]]],[[[38.869608826479435,39.27535211267605],[38.91675025075226,39.282746478873236],[38.8945194299141,39.2785279133505],[38.945035105315945,39.26056338028169],[38.91675025075226,39.253169014084506],[38.869608826479435,39.27535211267605]]],[[[38.82246740220662,40.06654929577465],[38.82937028967752,40.06113553509971],[38.81302429691177,40.06654929577465],[38.82246740220662,40.06654929577465]]],[[[38.60440800045682,39.98426319694203],[38.61504513540622,39.99260563380282],[38.620123506348065,39.99260563380282],[38.60440800045682,39.98426319694203]]],[[[38.586760280842526,38.13661971830986],[38.586760280842526,38.137488838572445],[38.5873179911249,38.13618232019096],[38.586760280842526,38.13661971830986]]],[[[38.26661411459178,40.19964788732394],[38.29448345035105,40.19964788732394],[38.30391173520562,40.1873351361148],[38.2812426036817,40.1975013155378],[38.26661411459178,40.19964788732394]]],[[[37.955065195586755,38.86866197183099],[37.766499498495484,38.88345070422535],[37.68164493480441,38.93521126760563],[37.691073219658975,38.957394366197185],[37.804212637913736,38.986971830985915],[37.83249749247743,39.00915492957746],[37.83249749247743,39.0387323943662],[37.766499498495484,39.04612676056338],[37.75707121364092,39.06830985915493],[37.781306566937914,39.079505238842806],[37.747642928786355,39.09049295774648],[37.7382146439318,39.053521126760565],[37.75707121364092,39.0387323943662],[37.709929789368104,39.016549295774645],[37.66278836509528,39.053521126760565],[37.66278836509528,39.09788732394366],[37.766499498495484,39.16443661971831],[37.841925777331994,39.16443661971831],[37.86078234704112,39.149647887323944],[37.98335005015045,39.157042253521126],[37.90792377131394,39.26056338028169],[37.90792377131394,39.290140845070425],[38.00220661985958,39.349295774647885],[38.03991975927783,39.40845070422535],[38.03991975927783,39.511971830985914],[37.98335005015045,39.585915492957746],[38.14363089267803,39.59330985915493],[38.181344032096284,39.57852112676056],[38.20962888665998,39.541549295774644],[38.20962888665998,39.482394366197184],[38.11534603811434,39.40845070422535],[38.09648946840522,39.349295774647885],[38.16248746238716,39.3419014084507],[38.190772316950856,39.319718309859155],[38.190772316950856,39.290140845070425],[38.17191574724173,39.27535211267605],[38.17191574724173,39.24577464788732],[38.03991975927783,39.1274647887324],[38.03991975927783,39.09788732394366],[37.98335005015045,39.083098591549295],[38.049348044132394,39.07570422535211],[38.07763289869609,39.0387323943662],[38.09648946840522,39.00915492957746],[38.07763289869609,38.93521126760563],[38.01163490471414,38.88345070422535],[37.955065195586755,38.86866197183099]],[[37.94912887148904,39.067178618161876],[37.8136409227683,39.09788732394366],[37.86078234704112,39.06091549295775],[37.94912887148904,39.067178618161876]],[[37.7437621248806,38.9576694546552],[37.74784264704498,38.96868585401791],[37.74256574739746,38.95813205394305],[37.7437621248806,38.9576694546552]]],[[[32.920361083249745,36.20669014084507],[32.788365095285855,36.221478873239434],[32.637512537612835,36.2806338028169],[32.637512537612835,36.324999999999996],[32.599799398194584,36.295422535211266],[32.3358074222668,36.39894366197183],[32.2320962888666,36.46549295774648],[32.2320962888666,36.554225352112674],[32.25095285857573,36.56901408450704],[32.25095285857573,36.628169014084506],[32.30752256770311,36.70211267605634],[32.30752256770311,36.74647887323943],[32.279237713139416,36.76866197183098],[32.20381143430291,36.78345070422535],[32.11895687061183,36.761267605633805],[32.10010030090271,36.74647887323943],[32.10010030090271,36.7169014084507],[32.13781344032096,36.68732394366197],[32.13781344032096,36.657746478873236],[32.10952858575727,36.63556338028169],[31.939819458375126,36.65035211267605],[31.892678034102307,36.68732394366197],[31.892678034102307,36.70211267605634],[31.949247743229687,36.74647887323943],[31.949247743229687,36.790845070422534],[31.920962888665997,36.81302816901408],[31.845536609829487,36.82781690140845],[31.788966900702107,36.857394366197184],[31.656970912738213,36.857394366197184],[31.600401203610833,36.81302816901408],[31.54383149448345,36.79823943661972],[31.51554663991976,36.820422535211264],[31.51554663991976,36.849999999999994],[31.54383149448345,36.87218309859155],[31.675827482447342,36.886971830985914],[31.704112337011033,36.90915492957746],[31.61925777331996,37.00528169014084],[31.52497492477432,37.00528169014084],[31.51554663991976,36.96830985915493],[31.48726178535607,36.94612676056338],[31.41183550651956,36.94612676056338],[31.326980942828484,37.01267605633802],[31.28926780341023,37.086619718309855],[31.194984954864594,37.13098591549296],[31.11013039117352,37.227112676056336],[31.044132397191575,37.219718309859154],[31.0629889669007,37.20492957746479],[31.0629889669007,37.14577464788732],[31.08184553660983,37.13098591549296],[31.05356068204614,37.09401408450704],[30.996990972918756,37.10880281690141],[30.949849548645936,37.14577464788732],[30.949849548645936,37.17535211267605],[30.93099297893681,37.190140845070424],[31.00641925777332,37.30845070422535],[31.00641925777332,37.33540943478589],[31.027365444140273,37.34302048066194],[31.007929427042782,37.33921255671242],[31.0372312880195,37.3466053523448],[31.072417251755265,37.375],[31.09127382146439,37.375],[31.107459315245865,37.389749528494754],[31.09127382146439,37.40457746478873],[31.01584754262788,37.360211267605635],[30.97813440320963,37.389788732394365],[30.90270812437312,37.389788732394365],[30.84331826067676,37.436366705731594],[30.840847815787523,37.4573448845432],[30.83671013039117,37.44154929577465],[30.83671013039117,37.456338028169014],[30.846138415245736,37.4637323943662],[30.88385155466399,37.4637323943662],[30.949849548645936,37.50070422535211],[30.949849548645936,37.54507042253521],[30.93099297893681,37.559859154929576],[30.921564694082246,37.75950704225352],[30.88385155466399,37.75950704225352],[30.8555667001003,37.73732394366197],[30.80842527582748,37.655985915492955],[30.789568706118352,37.67077464788732],[30.732998996990972,37.655985915492955],[30.714142427281843,37.67077464788732],[30.648144433299898,37.66338028169014],[30.667001003009027,37.64859154929577],[30.619859578736207,37.626408450704226],[30.591574724172517,37.589436619718306],[30.610431293881646,37.559859154929576],[30.553861584754262,37.530281690140846],[30.516148445336007,37.47112676056338],[30.516148445336007,37.44154929577465],[30.49729187562688,37.42676056338028],[30.49729187562688,37.352816901408445],[30.374724172517553,37.256690140845066],[30.299297893681043,37.2862676056338],[30.18615847542628,37.2862676056338],[30.03530591775326,37.227112676056336],[30.025877632898695,37.26174116280033],[30.044003717280397,37.28447054028381],[30.025877632898695,37.26332674334698],[30.025877632898695,37.27887323943662],[30.044734202607824,37.293661971830986],[30.025877632898695,37.30845070422535],[30.025877632898695,37.38239436619718],[30.08244734202608,37.485915492957744],[30.148445336008024,37.53767605633803],[30.205015045135404,37.56725352112676],[30.337011033099298,37.582042253521124],[30.412437311935808,37.61161971830985],[30.535005015045137,37.69295774647887],[30.591574724172517,37.752112676056335],[30.610431293881646,37.8112676056338],[30.629287863590772,37.82605633802817],[30.629287863590772,37.8556338028169],[30.685857572718156,37.9443661971831],[30.685857572718156,38.00352112676056],[30.610431293881646,38.07746478873239],[30.610431293881646,38.121830985915494],[30.667001003009027,38.16619718309859],[30.667001003009027,38.28450704225352],[30.789568706118352,38.36584507042254],[30.8555667001003,38.35845070422535],[30.864994984954865,38.27711267605633],[30.94042126379137,38.27711267605633],[30.968706118355065,38.254929577464786],[30.968706118355065,38.21056338028169],[30.893279839518556,38.16619718309859],[30.8555667001003,38.09225352112676],[31.05356068204614,38.07007042253521],[31.147843530591775,38.01091549295774],[31.24212637913741,37.98133802816901],[31.355265797392175,37.90739436619718],[31.36469408224674,37.959154929577466],[31.38355065195587,37.97394366197183],[31.36469408224674,38.121830985915494],[31.39297893681043,38.14401408450704],[31.449548645937814,38.15880281690141],[31.770110330992978,38.15880281690141],[31.788966900702107,38.14401408450704],[31.883249749247742,38.14401408450704],[31.920962888665997,38.12922535211268],[31.949247743229687,38.09225352112676],[31.949247743229687,38.04788732394366],[31.968104312938816,38.0330985915493],[31.986960882647942,37.959154929577466],[32.0246740220662,37.91478873239436],[32.0246740220662,37.885211267605634],[32.06238716148445,37.8556338028169],[32.11895687061183,37.752112676056335],[32.2320962888666,37.61901408450704],[32.30752256770311,37.44154929577465],[32.373520561685055,37.389788732394365],[32.562086258776326,37.34542253521126],[32.920361083249745,37.197535211267606],[32.9863590772317,37.14577464788732],[33.00521564694082,37.11619718309859],[33.00521564694082,37.057042253521125],[33.05235707121364,37.02007042253521],[33.12778335005015,37.03485915492958],[33.31634904714142,37.10880281690141],[33.73119358074223,37.09401408450704],[33.86318956870612,37.16795774647887],[33.88204613841525,37.197535211267606],[34.042326980942825,37.264084507042256],[34.042326980942825,37.323239436619716],[33.97632898696088,37.3306338028169],[33.94804413239719,37.352816901408445],[33.94804413239719,37.41197183098591],[33.97632898696088,37.43415492957746],[34.20260782347041,37.4637323943662],[34.27803410230692,37.49330985915493],[34.310496052918445,37.49330985915493],[34.3102512329491,37.4926934374752],[34.33312384783568,37.479681824912504],[34.37231695085256,37.44894366197183],[34.41003009027081,37.43415492957746],[34.41945837512537,37.456338028169014],[34.37231695085256,37.4637323943662],[34.32517552657974,37.50070422535211],[34.5420260782347,37.50809859154929],[34.617452357071215,37.582042253521124],[34.65516549648947,37.56725352112676],[34.78716148445336,37.61161971830985],[34.824874623871615,37.59683098591549],[34.85180561977478,37.626408450704226],[34.8385738430708,37.5968315382066],[34.85312756218419,37.626408450704226],[34.919157472417254,37.626408450704226],[35.051153460381144,37.67077464788732],[35.21143430290873,37.7669014084507],[35.32457372116349,37.92957746478873],[35.32457372116349,37.959154929577466],[35.34343029087262,37.97394366197183],[35.36228686058175,38.0330985915493],[35.428284854563685,38.084859154929575],[35.522567703109324,38.09964788732394],[35.63570712136409,38.055281690140845],[35.72998996990973,38.14401408450704],[35.80541624874624,38.14401408450704],[35.88084252758274,38.17359154929577],[36.01283851554664,38.30669014084507],[36.03169508525576,38.30669014084507],[36.10712136409228,38.2475352112676],[36.18254764292878,38.2475352112676],[36.35225677031093,38.36584507042254],[36.46539618856569,38.3806338028169],[36.493681043129385,38.40281690140845],[36.455967903711134,38.44718309859155],[36.455967903711134,38.47676056338028],[36.60682046138415,38.55070422535211],[36.644533600802404,38.60985915492957],[36.644533600802404,38.63943661971831],[36.71053159478435,38.66161971830986],[36.73881644934804,38.69859154929577],[36.69167502507523,38.69119718309859],[36.625677031093275,38.74295774647887],[36.63510531594784,38.76514084507042],[36.69167502507523,38.779929577464785],[36.70110330992979,38.74295774647887],[36.7327226641239,38.7140935482987],[36.73881644934804,38.72816901408451],[36.719959879638914,38.74295774647887],[36.72938816449348,38.76514084507042],[36.795386158475424,38.72816901408451],[36.795386158475424,38.654225352112675],[36.73881644934804,38.60985915492957],[36.719959879638914,38.55070422535211],[36.68224674022066,38.52112676056338],[36.68224674022066,38.47676056338028],[36.70110330992979,38.46197183098592],[36.70110330992979,38.35845070422535],[36.73881644934804,38.29929577464789],[36.78595787362086,38.26232394366197],[36.95566700100301,38.20316901408451],[37.125376128385156,38.18838028169014],[37.14423269809428,38.17359154929577],[37.445937813440324,38.17359154929577],[37.559077231695085,38.217957746478874],[37.672216649949846,38.23274647887324],[37.71935807422267,38.19577464788732],[37.71935807422267,38.16619718309859],[37.68164493480441,38.121830985915494],[37.691073219658975,38.11443661971831],[37.7382146439318,38.16619718309859],[37.744552126398396,38.19383144399663],[37.71935807422267,38.225352112676056],[37.804212637913736,38.23274647887324],[37.85135406218656,38.21056338028169],[37.83249749247743,38.19577464788732],[37.83249749247743,38.07746478873239],[37.85135406218656,38.06267605633803],[37.85135406218656,38.0330985915493],[37.87963891675025,38.01091549295774],[38.03049147442327,38.15880281690141],[38.06820461384152,38.15880281690141],[38.11534603811434,38.10704225352113],[38.105917753259774,38.07007042253521],[38.05877632898696,38.07746478873239],[38.07763289869609,38.04788732394366],[38.00220661985958,37.988732394366195],[37.98335005015045,37.92957746478873],[37.955065195586755,37.90739436619718],[37.841925777331994,37.90739436619718],[37.785356068204614,37.93697183098591],[37.7382146439318,37.92957746478873],[37.75707121364092,37.8556338028169],[37.79478435305917,37.82605633802817],[37.79478435305917,37.78169014084507],[37.77592778335005,37.7669014084507],[37.79478435305917,37.73732394366197],[37.87963891675025,37.70035211267606],[37.955065195586755,37.71514084507042],[37.98335005015045,37.6781690140845],[37.955065195586755,37.64119718309859],[37.86078234704112,37.64119718309859],[37.841925777331994,37.655985915492955],[37.577933801404214,37.655985915492955],[37.540220661985956,37.67077464788732],[37.51193580742226,37.64859154929577],[37.51193580742226,37.60422535211268],[37.464794383149446,37.582042253521124],[37.45536609829488,37.60422535211268],[37.4752791263067,37.6210241445563],[37.47422266800401,37.64859154929577],[37.45836880434381,37.66102533501099],[37.4719478807677,37.6730867500924],[37.45536609829488,37.66338028169014],[37.47422266800401,37.6781690140845],[37.45536609829488,37.69295774647887],[37.45536609829488,37.722535211267605],[37.46340493022275,37.72883986455176],[37.46316006242664,37.71481760012673],[37.47422266800401,37.73732394366197],[37.464794383149446,37.74471830985915],[37.43650952858576,37.722535211267605],[37.43650952858576,37.69295774647887],[37.45536609829488,37.6781690140845],[37.41765295887663,37.64859154929577],[37.45536609829488,37.63380281690141],[37.43650952858576,37.61901408450704],[37.43650952858576,37.589436619718306],[37.464794383149446,37.56725352112676],[37.4896510709154,37.5659158282281],[37.5360547583483,37.58530946675388],[37.596790371113336,37.582042253521124],[37.691073219658975,37.61161971830985],[37.86078234704112,37.61161971830985],[37.90792377131394,37.57464788732394],[37.823069207622865,37.522887323943664],[37.7382146439318,37.530281690140846],[37.7382146439318,37.50070422535211],[37.8136409227683,37.456338028169014],[37.8136409227683,37.42676056338028],[37.83249749247743,37.41197183098591],[37.8136409227683,37.352816901408445],[37.766499498495484,37.31584507042253],[37.65336008024072,37.31584507042253],[37.517613610733456,37.40751887294252],[37.53454895647512,37.42514547922939],[37.51193580742226,37.41197183098591],[37.53079237713139,37.42676056338028],[37.521364092276826,37.43415492957746],[37.408224674022065,37.40457746478873],[37.351654964894685,37.40457746478873],[37.31394182547643,37.43415492957746],[37.276228686058175,37.43415492957746],[37.0876629889669,37.27147887323944],[37.07823470411233,37.352816901408445],[37.13480441323972,37.41197183098591],[37.17251755265797,37.485915492957744],[37.22908726178535,37.530281690140846],[37.22908726178535,37.60422535211268],[37.16308926780341,37.67077464788732],[37.125376128385156,37.67077464788732],[36.97452357071214,37.74471830985915],[36.80481444332999,37.789084507042254],[36.69167502507523,37.892605633802816],[36.59739217652959,37.87781690140845],[36.512537612838514,37.82605633802817],[36.512537612838514,37.752112676056335],[36.644533600802404,37.64859154929577],[36.644533600802404,37.60422535211268],[36.55967903711133,37.552464788732394],[36.27683049147442,37.56725352112676],[36.255252852969285,37.58417631920071],[36.271455600851,37.6400794133733],[36.25502811945244,37.58435257203417],[36.23911735205617,37.61161971830985],[36.22026078234704,37.59683098591549],[36.18254764292878,37.61161971830985],[36.078836509528585,37.6781690140845],[36.185081935946904,37.71712842721458],[36.190026070752566,37.70843172480259],[36.19717738468406,37.708930653664716],[36.18318496933659,37.729429738425225],[36.2165341308158,37.7782624383453],[36.2634578889823,37.8014353288775],[36.2179320311504,37.7800904627221],[36.1869631570481,37.7418094936274],[36.18230316460292,37.73012131565435],[36.17311935807422,37.73732394366197],[36.210832497492476,37.78169014084507],[36.20140421263791,37.789084507042254],[36.17311935807422,37.7669014084507],[36.154262788365095,37.73732394366197],[36.17311935807422,37.722535211267605],[36.16369107321966,37.71514084507042],[36.1259779338014,37.71514084507042],[36.06940822467402,37.685563380281685],[35.95626880641926,37.71514084507042],[35.579137412236705,37.71514084507042],[35.54142427281845,37.70035211267606],[35.53199598796389,37.70774647887324],[35.55085255767302,37.73732394366197],[35.5037111334002,37.77429577464788],[35.49428284854564,37.7669014084507],[35.53199598796389,37.722535211267605],[35.45656970912738,37.66338028169014],[35.47542627883651,37.60422535211268],[35.522567703109324,37.582042253521124],[35.63570712136409,37.64119718309859],[35.663991975927786,37.63380281690141],[35.663991975927786,37.60422535211268],[35.579137412236705,37.522887323943664],[35.48485456369107,37.47852112676056],[35.315145436308924,37.50809859154929],[35.23029087261785,37.589436619718306],[35.23029087261785,37.61901408450704],[35.24914744232698,37.63380281690141],[35.24914744232698,37.69295774647887],[35.20200601805416,37.70035211267606],[35.15486459378134,37.66338028169014],[35.07943831494483,37.559859154929576],[35.07943831494483,37.530281690140846],[35.06058174523571,37.515492957746474],[35.06058174523571,37.41197183098591],[35.04172517552658,37.38239436619718],[34.956870611835505,37.3306338028169],[34.862587763289866,37.31584507042253],[34.749448345035105,37.27147887323944],[34.56088264794383,37.153169014084504],[34.41003009027081,37.07922535211267],[34.268605817452354,36.96830985915493],[34.21203610832497,36.790845070422534],[34.08946840521565,36.70950704225352],[34.03289869608827,36.694718309859155],[33.90090270812437,36.694718309859155],[33.88204613841525,36.70950704225352],[33.82547642928786,36.70950704225352],[33.65576730190572,36.78345070422535],[33.59919759277833,36.78345070422535],[33.5049147442327,36.753873239436615],[33.39177532597793,36.76866197183098],[33.1654964894684,36.90176056338028],[33.03350050150451,36.886971830985914],[33.03350050150451,36.857394366197184],[32.939217652958874,36.87218309859155],[32.92978936810431,36.849999999999994],[32.97693079237713,36.857394366197184],[33.11835506519559,36.73169014084507],[33.11835506519559,36.70211267605634],[33.09007021063189,36.67992957746479],[33.05235707121364,36.67992957746479],[33.04292878635908,36.6725352112676],[33.0617853560682,36.657746478873236],[32.99578736208626,36.63556338028169],[32.94864593781344,36.583802816901404],[32.9863590772317,36.50985915492957],[33.02407221664995,36.48028169014084],[33.00521564694082,36.45070422535211],[33.03350050150451,36.44330985915493],[33.0617853560682,36.421126760563375],[33.08064192577733,36.33239436619718],[33.04292878635908,36.27323943661972],[32.99578736208626,36.2362676056338],[32.920361083249745,36.20669014084507]],[[37.7470454884814,38.1897247302592],[37.746428612421106,38.19074076134765],[37.746304311082866,38.186265902482944],[37.7470454884814,38.1897247302592]],[[37.7080223283893,38.1113928755087],[37.7258206967613,38.1314755252083],[37.74327147366828,38.172112661556845],[37.7266773020342,38.1334742725905],[37.7080223283893,38.1113928755087]],[[37.67635997771057,37.92538841230753],[37.6866071795752,37.9153252918534],[37.68970718085223,37.91552491313108],[37.67635997771057,37.92538841230753]],[[37.68164493480441,37.92957746478873],[37.596790371113336,37.98133802816901],[37.56850551654965,37.97394366197183],[37.634503510531594,37.93697183098591],[37.68164493480441,37.92957746478873]],[[37.6701467837948,37.5361622574608],[37.6379764717856,37.5160796074377],[37.671633799702995,37.536069457078135],[37.6701467837948,37.5361622574608]],[[37.62507522567703,37.530281690140846],[37.634503510531594,37.522887323943664],[37.66278836509528,37.54507042253521],[37.65336008024072,37.552464788732394],[37.62507522567703,37.530281690140846]],[[37.6029134128499,37.8638243412117],[37.6294681966782,37.8987548274998],[37.60131984933155,37.86262673043137],[37.6029134128499,37.8638243412117]],[[37.57314149335845,37.51977281904499],[37.572646669734,37.5187073228474],[37.5778814830387,37.4933898581127],[37.57314149335845,37.51977281904499]],[[37.5778814830387,37.4933898581127],[37.559077231695085,37.53767605633803],[37.53079237713139,37.485915492957744],[37.541085005452814,37.44264351780909],[37.54964894684052,37.47112676056338],[37.559077231695085,37.47852112676056],[37.55333051677971,37.472323545112665],[37.5950083120973,37.471165429256],[37.5559904421192,37.4723554234548],[37.62507522567703,37.485915492957744],[37.5778814830387,37.4933898581127]],[[37.623273968156,37.48013179423925],[37.60083220682707,37.47274500711726],[37.6209395309398,37.4781985885248],[37.623273968156,37.48013179423925]],[[37.60914192409188,38.049315020364624],[37.61359296782513,38.05228989512735],[37.6097981793552,38.0502883178916],[37.60914192409188,38.049315020364624]],[[37.582003641746475,38.00701022756592],[37.59565504897578,38.029312526014],[37.5816253621048,38.0085049831279],[37.582003641746475,38.00701022756592]],[[37.5897787884132,37.579240809369],[37.58647719304621,37.581794387064114],[37.58959929925166,37.57781741876542],[37.5897787884132,37.579240809369]],[[36.7559243957639,38.6605762375468],[36.731711840101724,38.687962724040744],[36.7316538945235,38.6864647721837],[36.7559243957639,38.6605762375468]],[[36.632455046712906,38.412041040979936],[36.6465215421266,38.4128036823443],[36.6331067765141,38.4127136499883],[36.632455046712906,38.412041040979936]],[[36.4009142859213,38.2596592752135],[36.40882647943832,38.26232394366197],[36.4803224965077,38.2873891267034],[36.411857458132644,38.264701063864365],[36.474824473420256,38.29929577464789],[36.44653961885657,38.30669014084507],[36.38996990972919,38.27711267605633],[36.361685055165495,38.29929577464789],[36.380541624874624,38.31408450704225],[36.394447024796584,38.333041093247566],[36.342828485456366,38.29929577464789],[36.4009142859213,38.2596592752135]],[[36.3882907832777,38.3605682839473],[36.38407453252936,38.363169800419165],[36.39234621951488,38.34243469280585],[36.3882907832777,38.3605682839473]],[[36.3826377923765,38.1865533033395],[36.38194354955442,38.18818139490198],[36.380968456069105,38.184524794372656],[36.3826377923765,38.1865533033395]],[[36.37633989849903,38.20132270038225],[36.37313929478652,38.208828540894395],[36.372554210666,38.2055500517291],[36.37633989849903,38.20132270038225]],[[36.267402206619856,38.06267605633803],[36.32168613875,38.0972415733288],[36.3458147108119,38.1418074059372],[36.3334002006018,38.15880281690141],[36.248545636910734,38.04788732394366],[36.210832497492476,38.0330985915493],[36.210832497492476,38.00352112676056],[36.22379942396246,37.99890202800053],[36.21215819236431,37.97290395289438],[36.191975927783346,37.97394366197183],[36.20140421263791,37.95176056338028],[36.23911735205617,37.95176056338028],[36.25353149070312,37.940455917708604],[36.24220416994834,37.94528024061148],[36.2630546480159,37.9357144303301],[36.23911735205617,37.96654929577465],[36.214048415489174,37.97142149853548],[36.229689067201605,38.00352112676056],[36.229689067201605,38.018309859154925],[36.2549961008253,38.0280123450424],[36.2375744510482,38.024494166976176],[36.267402206619856,38.06267605633803]],[[36.2944726384647,38.0672345997722],[36.298260472310446,38.07141125580154],[36.27295533256425,38.0569864010067],[36.2944726384647,38.0672345997722]],[[36.2909588942707,37.8427271604691],[36.29032750693436,37.84799156503523],[36.28925927606142,37.840175241070824],[36.2909588942707,37.8427271604691]],[[36.267402206619856,37.66338028169014],[36.229689067201605,37.70774647887324],[36.210832497492476,37.70774647887324],[36.210832497492476,37.6781690140845],[36.2579739217653,37.626408450704226],[36.267402206619856,37.66338028169014]],[[36.2311670943639,37.94559373613698],[36.20768755502571,37.94626064563369],[36.208133285696,37.9445050736087],[36.2311670943639,37.94559373613698]],[[35.965697091273825,38.225352112676056],[35.98455366098295,38.21056338028169],[35.99398194583751,38.17359154929577],[36.003410230692076,38.21056338028169],[35.97512537612838,38.23274647887324],[35.965697091273825,38.225352112676056]],[[35.99929501266627,38.17597744155389],[35.98577537022031,38.14733308494321],[35.9892706375342,38.1494884492568],[35.99929501266627,38.17597744155389]],[[35.89027081243731,38.09225352112676],[35.78655967903711,38.09964788732394],[35.77713139418255,38.09225352112676],[35.84312938816449,38.07007042253521],[35.89027081243731,38.09225352112676]],[[35.88448656897173,38.08487312180693],[35.878874681711956,38.08347399362391],[35.8842317716236,38.0847160004591],[35.88448656897173,38.08487312180693]],[[35.774364580895,38.0521020249146],[35.794771090311,38.0829850907284],[35.764217932147,38.0528746841877],[35.774364580895,38.0521020249146]],[[35.7153314629293,38.0214922605268],[35.71473075743447,38.02082423458594],[35.773544676287,38.0500067139799],[35.7153314629293,38.0214922605268]],[[35.663991975927786,37.988732394366195],[35.69403163150272,37.99750300677152],[35.6887301205129,37.9818635467712],[35.70170511534604,38.00352112676056],[35.69227683049147,38.01091549295774],[35.663991975927786,37.988732394366195]],[[35.56028084252758,37.93697183098591],[35.579137412236705,37.892605633802816],[35.59386342415921,37.907010036369215],[35.56028084252758,37.93697183098591]],[[35.5868797719958,37.8894876499004],[35.587240449274404,37.88883365076158],[35.58905510736093,37.893813878786034],[35.5868797719958,37.8894876499004]],[[35.447141424272814,37.72992957746479],[35.4783590893723,37.7195985070126],[35.465997993981944,37.74471830985915],[35.390571715145434,37.71514084507042],[35.37171514543631,37.72992957746479],[35.34343029087262,37.722535211267605],[35.37171514543631,37.70035211267606],[35.447141424272814,37.72992957746479]],[[35.3223909725755,37.7395553419843],[35.317419217646425,37.741182650489264],[35.32255502340169,37.73785064011333],[35.3223909725755,37.7395553419843]],[[35.2126302551325,37.7584347600459],[35.20379615174762,37.75292264100532],[35.217793119270475,37.758622763518936],[35.2126302551325,37.7584347600459]],[[34.75887662988967,37.36760563380282],[34.72116349047141,37.36760563380282],[34.79410151624782,37.30067066776297],[34.75887662988967,37.33802816901408],[34.75887662988967,37.36760563380282]],[[34.768304914744235,37.47852112676056],[34.74002006018054,37.42676056338028],[34.768304914744235,37.389788732394365],[34.7777921275324,37.3945321347748],[34.768304914744235,37.47852112676056]],[[34.42035867839342,37.34542253521126],[34.52316950852558,37.34542253521126],[34.56088264794383,37.375],[34.617452357071215,37.375],[34.71173520561685,37.40457746478873],[34.72116349047141,37.42676056338028],[34.692878635907725,37.44894366197183],[34.56088264794383,37.44894366197183],[34.50431293881645,37.419366197183095],[34.42888665997994,37.419366197183095],[34.268605817452354,37.33802816901408],[34.29689067201605,37.31584507042253],[34.3346038114343,37.31584507042253],[34.42035867839342,37.34542253521126]],[[34.4472025705815,37.2950814820858],[34.447113657022584,37.29792671762614],[34.444117801103694,37.2928428405118],[34.4472025705815,37.2950814820858]],[[34.31574724172518,37.227112676056336],[34.30300631090544,37.22006298728121],[34.39670621956217,37.25843588132363],[34.34205755019487,37.23605562899198],[34.28746238716148,37.23450704225352],[34.31574724172518,37.227112676056336]],[[34.05175526579739,37.18274647887324],[34.10832497492477,37.18274647887324],[34.117753259779334,37.190140845070424],[34.05175526579739,37.197535211267606],[34.05175526579739,37.18274647887324]],[[34.004613841524574,37.17535211267605],[33.985757271815444,37.17535211267605],[33.985757271815444,37.14577464788732],[33.94804413239719,37.11619718309859],[33.95747241725175,37.10880281690141],[34.004613841524574,37.14577464788732],[34.004613841524574,37.17535211267605]],[[33.9843956851779,37.1174963926754],[33.98456222612405,37.11782013067675],[33.901360158173,37.0791288094164],[33.9843956851779,37.1174963926754]],[[33.891474423269806,37.086619718309855],[33.90090270812437,37.07922535211267],[33.929187562688064,37.10140845070423],[33.9197592778335,37.10880281690141],[33.891474423269806,37.086619718309855]],[[33.8611347760666,37.0334915792275],[33.86304426776967,37.03565797039233],[33.8269399017325,37.0142410176945],[33.8611347760666,37.0334915792275]],[[33.816048144433296,37.027464788732395],[33.82547642928786,37.02007042253521],[33.853761283851554,37.04225352112676],[33.84433299899699,37.04964788732394],[33.816048144433296,37.027464788732395]],[[33.56148445336008,36.990492957746476],[33.438916750250755,36.98309859154929],[33.44834503510531,36.97570422535211],[33.5735798385574,36.977515295129],[33.56148445336008,36.990492957746476]],[[33.3275426630782,36.9412478327217],[33.3538749408785,36.9590988548395],[33.32442731745718,36.94017913806899],[33.3275426630782,36.9412478327217]],[[33.30692076228686,36.95352112676056],[33.31634904714142,36.94612676056338],[33.344633901705116,36.96830985915493],[33.33520561685055,36.97570422535211],[33.30692076228686,36.95352112676056]],[[33.1937813440321,36.9387323943662],[33.20320962888666,36.93133802816901],[33.288064192577735,36.9387323943662],[33.27863590772317,36.94612676056338],[33.1937813440321,36.9387323943662]],[[33.277624417821,36.9241237738632],[33.28006677301857,36.92496160447886],[33.2193056922379,36.9288894317151],[33.277624417821,36.9241237738632]],[[32.96750250752257,36.70211267605634],[33.009101725711425,36.694718309859155],[32.9778580025513,36.6884509818668],[33.0617853560682,36.70211267605634],[32.96750250752257,36.70211267605634]],[[33.0332537765632,36.4359782165834],[33.03333801164369,36.43604756528677],[33.025926160964474,36.436112652794876],[33.0332537765632,36.4359782165834]],[[32.91093279839519,36.46549295774648],[32.92537840206337,36.454163634851625],[32.8412289019045,36.4810700355773],[32.939217652958874,36.44330985915493],[32.979148642700075,36.43697085724801],[32.95932347740161,36.44330985915493],[32.9863590772317,36.45070422535211],[32.91093279839519,36.46549295774648]],[[32.95745307203679,36.85064463358526],[32.9557304932248,36.8504378210747],[32.953518493706426,36.842453556406596],[32.95745307203679,36.85064463358526]],[[32.87321965897693,36.74647887323943],[32.89207622868606,36.820422535211264],[32.79779338014042,36.864788732394366],[32.81664994984955,36.87957746478873],[32.807221664994984,36.90176056338028],[32.7506519558676,36.857394366197184],[32.599799398194584,36.857394366197184],[32.20381143430291,37.00528169014084],[32.03410230692076,37.09401408450704],[31.949247743229687,37.086619718309855],[31.949247743229687,37.04225352112676],[31.986960882647942,36.99788732394366],[32.1283851554664,36.916549295774644],[32.166098294884655,36.916549295774644],[32.222668004012036,36.886971830985914],[32.392377131394184,36.87218309859155],[32.45837512537613,36.820422535211264],[32.49608826479438,36.77605633802817],[32.40180541624875,36.74647887323943],[32.40180541624875,36.70211267605634],[32.38294884653962,36.68732394366197],[32.392377131394184,36.67992957746479],[32.422325187773794,36.704380339899664],[32.430090270812435,36.73908450704225],[32.61865596790371,36.73908450704225],[32.62808425275827,36.761267605633805],[32.675225677031094,36.78345070422535],[32.731795386158474,36.78345070422535],[32.82607823470411,36.70950704225352],[32.90150451354062,36.67992957746479],[32.91093279839519,36.70211267605634],[32.87321965897693,36.74647887323943]],[[32.81664994984955,36.49507042253521],[32.88264794383149,36.47288732394366],[32.89207622868606,36.48028169014084],[32.863791374122364,36.50246478873239],[32.81664994984955,36.49507042253521]],[[32.77893681043129,36.99788732394366],[32.79615744378317,36.9880508215212],[32.788365095285855,37.03485915492958],[32.77893681043129,37.027464788732395],[32.77893681043129,36.99788732394366]],[[32.77893681043129,37.057042253521125],[32.798024951693954,37.04597100179483],[32.788365095285855,37.09401408450704],[32.77893681043129,37.086619718309855],[32.77893681043129,37.057042253521125]],[[32.788365095285855,37.10880281690141],[32.788365095285855,37.197535211267606],[32.76008024072217,37.17535211267605],[32.76008024072217,37.14577464788732],[32.788365095285855,37.10880281690141]],[[32.796409410403264,37.18639656519052],[32.79554569194176,37.18568165214084],[32.796341917251,37.1862382823249],[32.796409410403264,37.18639656519052]],[[32.6568717989871,36.398948378522626],[32.65967100627724,36.38515816665768],[32.6602537360899,36.38775953944],[32.6568717989871,36.398948378522626]],[[32.599799398194584,36.47288732394366],[32.61865596790371,36.44330985915493],[32.64474184468158,36.439079256974345],[32.637512537612835,36.458098591549295],[32.599799398194584,36.47288732394366]],[[32.57151454363089,36.49507042253521],[32.486659979939816,36.532042253521126],[32.439518555667,36.583802816901404],[32.409447147681675,36.592598331921955],[32.42066198595787,36.628169014084506],[32.411233701103306,36.66514084507042],[32.38294884653962,36.583802816901404],[32.524373119358074,36.487676056338024],[32.568032874490314,36.48038066592391],[32.55406075055686,36.487676056338024],[32.57151454363089,36.49507042253521]],[[32.423569450155696,36.70080785638024],[32.4104617391504,36.6783556095202],[32.4243641828574,36.6985260470766],[32.423569450155696,36.70080785638024]],[[32.39325224398918,36.76977991367455],[32.39498894900502,36.76812617228452],[32.3947703126384,36.768564725987],[32.39325224398918,36.76977991367455]],[[32.3407178638244,36.8075806222774],[32.36409227683049,36.8056338028169],[32.2963996035904,36.8473087765359],[32.3407178638244,36.8075806222774]],[[32.26980942828485,36.849999999999994],[32.30752256770311,36.83521126760563],[32.279237713139416,36.857394366197184],[32.26980942828485,36.849999999999994]],[[32.11895687061183,37.456338028169014],[32.11895687061183,37.50070422535211],[32.090672016048146,37.522887323943664],[32.015245737211636,37.522887323943664],[31.958676028084252,37.4637323943662],[31.873821464393178,37.44154929577465],[31.939819458375126,37.40457746478873],[32.05295887662989,37.40457746478873],[32.10010030090271,37.42676056338028],[32.11895687061183,37.456338028169014]],[[31.854964894684052,37.515492957746474],[31.958676028084252,37.552464788732394],[32.0246740220662,37.589436619718306],[32.06238716148445,37.63380281690141],[32.06238716148445,37.6781690140845],[31.996389167502507,37.77429577464788],[31.770110330992978,37.77429577464788],[31.741825476429288,37.79647887323944],[31.741825476429288,37.82605633802817],[31.854964894684052,37.9443661971831],[31.807823470411233,37.98133802816901],[31.656970912738213,37.98133802816901],[31.600401203610833,38.01091549295774],[31.48726178535607,38.01091549295774],[31.458976930792375,37.988732394366195],[31.44012036108325,37.959154929577466],[31.44012036108325,37.91478873239436],[31.402407221664994,37.885211267605634],[31.402407221664994,37.8556338028169],[31.44012036108325,37.82605633802817],[31.44012036108325,37.79647887323944],[31.458976930792375,37.78169014084507],[31.477833500501504,37.722535211267605],[31.600401203610833,37.71514084507042],[31.638114343029088,37.685563380281685],[31.713540621865597,37.67077464788732],[31.798395185556668,37.589436619718306],[31.779538615847542,37.559859154929576],[31.779538615847542,37.515492957746474],[31.845536609829487,37.44894366197183],[31.854964894684052,37.515492957746474]],[[31.892678034102307,37.190140845070424],[31.931735699880164,37.175170913419535],[31.920962888665997,37.197535211267606],[31.892678034102307,37.190140845070424]],[[31.779538615847542,37.352816901408445],[31.798395185556668,37.30845070422535],[31.819920345893138,37.30349527509428],[31.798395185556668,37.352816901408445],[31.779538615847542,37.352816901408445]],[[31.720034883952327,37.3740378020967],[31.730163130655903,37.37199235806671],[31.7228573495283,37.3746367155573],[31.720034883952327,37.3740378020967]],[[31.694684052156468,37.375],[31.722968906720162,37.38239436619718],[31.694684052156468,37.389788732394365],[31.609829488465394,37.33802816901408],[31.638114343029088,37.3306338028169],[31.694684052156468,37.375]],[[31.663188546495252,37.340527782898505],[31.6661141486368,37.3413980206923],[31.6985218762269,37.3694728465435],[31.663188546495252,37.340527782898505]],[[31.57211634904714,38.10704225352113],[31.562688064192578,38.12922535211268],[31.534403209628884,38.07746478873239],[31.496690070210633,38.04788732394366],[31.534403209628884,38.04788732394366],[31.57211634904714,38.10704225352113]],[[31.496690070210633,37.33802816901408],[31.546282033022038,37.32888556841989],[31.553259779338013,37.33802816901408],[31.496690070210633,37.33802816901408]],[[31.521486918904714,38.040057807951285],[31.5170711222282,38.0375515451054],[31.516342795512827,38.0361677243941],[31.521486918904714,38.040057807951285]],[[31.430995252797786,37.700957170625145],[31.427912825697714,37.69906221052662],[31.4310445051946,37.6991476801505],[31.430995252797786,37.700957170625145]],[[31.345837512537614,37.39718309859155],[31.39297893681043,37.360211267605635],[31.404625120617307,37.36338256769534],[31.355265797392175,37.40457746478873],[31.345837512537614,37.39718309859155]],[[31.38355065195587,37.47112676056338],[31.355265797392175,37.56725352112676],[31.355265797392175,37.419366197183095],[31.38355065195587,37.47112676056338]],[[31.28926780341023,37.61901408450704],[31.28926780341023,37.64859154929577],[31.270411233701104,37.66338028169014],[31.270411233701104,37.82605633802817],[31.147843530591775,37.93697183098591],[31.09127382146439,37.93697183098591],[31.0629889669007,37.9],[31.13841524573721,37.84084507042253],[31.21384152457372,37.73732394366197],[31.21384152457372,37.64859154929577],[31.232698094282846,37.63380281690141],[31.21384152457372,37.61901408450704],[31.232698094282846,37.60422535211268],[31.232698094282846,37.559859154929576],[31.26098294884654,37.53767605633803],[31.308124373119355,37.54507042253521],[31.308124373119355,37.60422535211268],[31.28926780341023,37.61901408450704]],[[31.08528833094655,37.36961986283251],[31.06605003921024,37.36691447828897],[31.0833203907574,37.367833114102],[31.08528833094655,37.36961986283251]],[[30.723570712136407,38.29929577464789],[30.770712136409227,38.291901408450705],[30.78014042126379,38.31408450704225],[30.770712136409227,38.321478873239435],[30.723570712136407,38.29929577464789]],[[30.610984206984117,37.662133887419145],[30.588385667343,37.6856853769743],[30.6089271675118,37.6621701632792],[30.610984206984117,37.662133887419145]],[[30.3555625936372,37.30581369062],[30.3687756255481,37.2934942937214],[30.370047008181857,37.2930867992897],[30.3555625936372,37.30581369062]],[[30.327582748244733,37.30845070422535],[30.365295887662988,37.293661971830986],[30.337011033099298,37.31584507042253],[30.327582748244733,37.30845070422535]],[[30.176730190571714,37.33802816901408],[30.232127901461293,37.34542253521126],[30.2807525763309,37.3140478993166],[30.23613784370986,37.34542253521126],[30.252156469408224,37.352816901408445],[30.24272818455366,37.360211267605635],[30.18615847542628,37.360211267605635],[30.101303911735204,37.293661971830986],[30.11073219658977,37.2862676056338],[30.176730190571714,37.33802816901408]],[[30.146674736504345,37.306328868760325],[30.180186135284952,37.32821757620898],[30.1518856174558,37.3131383068246],[30.146674736504345,37.306328868760325]],[[30.12316422145217,37.29219752186337],[30.1253638062428,37.2924091657659],[30.126771630018563,37.29332871684071],[30.12316422145217,37.29219752186337]]],[[[34.3102512329491,37.4926934374752],[34.31574724172518,37.49330985915493],[34.33211419099909,37.48047367332379],[34.3102512329491,37.4926934374752]]],[[[38.03991975927783,40.517605633802816],[38.03991975927783,40.51878364017655],[38.04030848957104,40.51730076243074],[38.03991975927783,40.517605633802816]]],[[[37.804212637913736,38.321478873239435],[37.7382146439318,38.37323943661972],[37.7382146439318,38.43239436619718],[37.75707121364092,38.44718309859155],[37.75707121364092,38.56549295774648],[37.7382146439318,38.58028169014084],[37.7382146439318,38.66901408450704],[37.75707121364092,38.683802816901405],[37.77592778335005,38.7725352112676],[37.841925777331994,38.82429577464789],[37.917352056168504,38.82429577464789],[37.92678034102307,38.787323943661974],[37.85135406218656,38.71338028169014],[37.8136409227683,38.59507042253521],[37.88906720160481,38.47676056338028],[37.98335005015045,38.417605633802815],[37.98335005015045,38.37323943661972],[37.93620862587763,38.321478873239435],[37.898495486459375,38.30669014084507],[37.804212637913736,38.321478873239435]]],[[[37.596790371113336,40.39190140845071],[37.60534292522263,40.38519385580663],[37.5898478414214,40.38645655738088],[37.596790371113336,40.39190140845071]]],[[[37.48467420874414,37.56805603492943],[37.521364092276826,37.59683098591549],[37.534492392873474,37.58653479062061],[37.48467420874414,37.56805603492943]]],[[[36.96509528585757,41.05],[36.96509528585757,41.05190365738917],[36.96670894193258,41.04873445020818],[36.96509528585757,41.05]]],[[[36.44653961885657,40.879929577464786],[36.45282972663097,40.879929577464786],[36.43872863868279,40.873803622568985],[36.44653961885657,40.879929577464786]]],[[[36.4034351811396,38.2619100751466],[36.39858109436043,38.26232394366197],[36.40468409886289,38.26232394366197],[36.4034351811396,38.2619100751466]]],[[[36.46539618856569,40.79119718309859],[36.4707178049651,40.78702357347339],[36.458683118598906,40.79119718309859],[36.46539618856569,40.79119718309859]]],[[[36.078836509528585,38.388028169014085],[36.116549648946844,38.43239436619718],[36.23911735205617,38.528521126760566],[36.35225677031093,38.528521126760566],[36.39939819458375,38.47676056338028],[36.361685055165495,38.417605633802815],[36.31454363089268,38.39542253521127],[36.2579739217653,38.41021126760563],[36.20140421263791,38.3806338028169],[36.10712136409228,38.3806338028169],[36.08826479438315,38.36584507042254],[36.078836509528585,38.388028169014085]]],[[[36.3664951455225,40.5990406350627],[36.349649727301795,40.596899023843186],[36.380541478373964,40.6211266456666],[36.3664951455225,40.5990406350627]]],[[[36.32397191574724,38.10752193815043],[36.3334002006018,38.12922535211268],[36.3421913740242,38.13612004787027],[36.32397191574724,38.10752193815043]]],[[[35.62627883650953,40.916901408450705],[35.62627883650953,40.92289094701569],[35.62943889028198,40.914423057917524],[35.62627883650953,40.916901408450705]]],[[[35.36228686058175,41.49366197183099],[35.36228686058175,41.49750276803062],[35.36421691279409,41.49214828052256],[35.36228686058175,41.49366197183099]]],[[[34.90972918756269,41.24225352112676],[34.91123770805843,41.24343661573342],[34.91375563985598,41.23909567606891],[34.90972918756269,41.24225352112676]]],[[[34.806018054162486,41.220070422535215],[34.80385587449333,41.22176616555789],[34.80905009578186,41.220070422535215],[34.806018054162486,41.220070422535215]]],[[[34.730591775325976,41.249647887323945],[34.73899018576373,41.24306122567668],[34.71856002656791,41.249647887323945],[34.730591775325976,41.249647887323945]]],[[[34.56088264794383,41.32359154929578],[34.56088264794383,41.30880281690141],[34.515616776616845,41.31766813200581],[34.52316950852558,41.32359154929578],[34.56088264794383,41.32359154929578]]],[[[34.48545636910732,39.90387323943662],[34.01404212637914,39.889084507042256],[33.90090270812437,39.918661971830986],[33.82547642928786,39.948239436619716],[33.69348044132397,40.06654929577465],[33.59919759277833,40.09612676056338],[33.48605817452357,40.09612676056338],[33.438916750250755,40.147887323943664],[33.5049147442327,40.184859154929576],[33.56148445336008,40.184859154929576],[33.570912738214645,40.16267605633803],[33.552056168505516,40.147887323943664],[33.58472568525357,40.15872047018856],[33.573192231474124,40.133468414986886],[33.61805416248746,40.19964788732394],[33.7123370110331,40.19964788732394],[33.82547642928786,40.22922535211268],[33.86318956870612,40.21443661971831],[33.910330992978935,40.16267605633803],[33.891474423269806,40.10352112676056],[33.87261785356068,40.0887323943662],[33.87261785356068,40.044366197183095],[33.95747241725175,39.99260563380282],[33.99518555667001,39.99260563380282],[34.1271815446339,40.051760563380284],[34.20260782347041,39.96302816901409],[34.21203610832497,39.97042253521127],[34.193179538615844,39.995080231927716],[34.2169831436488,39.9691629873319],[34.15546639919759,40.05915492957747],[34.27803410230692,40.12570422535211],[34.3346038114343,40.12570422535211],[34.39117352056168,40.081338028169014],[34.466599799398196,40.051760563380284],[34.52316950852558,40.051760563380284],[34.57031093279839,40.014788732394365],[34.57031093279839,39.955633802816905],[34.48545636910732,39.90387323943662]],[[34.40060180541625,40.014788732394365],[34.42888665997994,39.99260563380282],[34.5028927320098,39.9871034806832],[34.47453889626629,39.99260563380282],[34.49488465396188,40.0],[34.466599799398196,40.02218309859155],[34.40060180541625,40.014788732394365]],[[34.3706466188909,39.9782388308955],[34.32976364926272,39.9417848486089],[34.3486357520116,39.9538158138523],[34.3706466188909,39.9782388308955]],[[34.2367723047816,39.921432702519],[34.31574724172518,39.93345070422535],[34.36288866599799,39.985211267605635],[34.35346038114343,39.99260563380282],[34.29689067201605,39.948239436619716],[34.15546639919759,39.92605633802817],[34.16489468405216,39.918661971830986],[34.2367723047816,39.921432702519]]],[[[34.52316950852558,41.30880281690141],[34.51374122367101,41.316197183098595],[34.52504153696609,41.30880281690141],[34.52316950852558,41.30880281690141]]],[[[34.39117352056168,37.44894366197183],[34.397740002653755,37.44379373555733],[34.38852602570904,37.44894366197183],[34.39117352056168,37.44894366197183]]],[[[34.28467947592957,41.21049348919454],[34.25336986912158,41.19504776184452],[34.249749247743225,41.19788732394366],[34.28467947592957,41.21049348919454]]],[[[34.22562201982643,39.92192269362848],[34.24032096288867,39.93345070422535],[34.26056142305804,39.93345070422535],[34.22562201982643,39.92192269362848]]],[[[34.32517552657974,41.27183098591549],[34.33288021400556,41.27787357808789],[34.32517552657974,41.26710315123616],[34.32517552657974,41.27183098591549]]],[[[34.30631895687061,41.24225352112676],[34.30877984496757,41.24418353364122],[34.30631895687061,41.24074344402126],[34.30631895687061,41.24225352112676]]],[[[34.20260782347041,39.54894366197183],[33.93861584754263,39.59330985915493],[33.82547642928786,39.63767605633803],[33.63691073219659,39.63767605633803],[33.5049147442327,39.682042253521125],[33.39177532597793,39.66725352112676],[33.24092276830491,39.5637323943662],[33.14663991975928,39.5637323943662],[33.08064192577733,39.60070422535211],[33.08064192577733,39.63028169014085],[33.0617853560682,39.64507042253521],[33.0617853560682,39.80774647887324],[33.09949849548646,39.8669014084507],[33.09949849548646,39.89647887323944],[33.14663991975928,39.93345070422535],[33.20320962888666,39.93345070422535],[33.22206619859578,39.948239436619716],[33.31634904714142,39.948239436619716],[33.31634904714142,39.918661971830986],[33.33520561685055,39.93345070422535],[33.39177532597793,39.93345070422535],[33.59919759277833,39.844718309859154],[33.65576730190572,39.844718309859154],[33.73119358074223,39.815140845070424],[33.80661985957873,39.77077464788732],[33.9197592778335,39.74119718309859],[33.95747241725175,39.71161971830986],[33.97632898696088,39.72640845070423],[34.01404212637914,39.72640845070423],[34.03289869608827,39.71161971830986],[34.20260782347041,39.69683098591549],[34.268605817452354,39.64507042253521],[34.268605817452354,39.60070422535211],[34.24032096288867,39.5637323943662],[34.20260782347041,39.54894366197183]],[[33.9606607288682,39.7108822127462],[33.9730086408361,39.7195773166303],[33.9733454812295,39.720341346965895],[33.9606607288682,39.7108822127462]],[[33.966900702106315,39.67464788732394],[33.90090270812437,39.66725352112676],[33.891474423269806,39.64507042253521],[33.91699549123887,39.65029722055994],[33.9051139893101,39.6349710373479],[33.93861584754263,39.652464788732395],[33.966900702106315,39.67464788732394]],[[33.33092313397914,39.919973458084485],[33.3329938971443,39.92261068726233],[33.3321517177708,39.9221438269285],[33.33092313397914,39.919973458084485]],[[33.30943570262683,39.78409173817111],[33.31272143468389,39.76388449039485],[33.3137796542459,39.76488410085],[33.30943570262683,39.78409173817111]],[[33.30757821413721,39.75902612525384],[33.2409597799217,39.7093346238262],[33.2407078892933,39.70883355107917],[33.2842040214261,39.7369465037334],[33.30757821413721,39.75902612525384]],[[33.23149448345035,39.70422535211267],[33.30692076228686,39.76338028169014],[33.30692076228686,39.792957746478876],[33.288064192577735,39.807892232244214],[33.288064192577735,39.83732394366197],[33.30692076228686,39.852112676056336],[33.29749247743229,39.889084507042256],[33.269207622868606,39.83732394366197],[33.288064192577735,39.76338028169014],[33.212637913741226,39.719014084507045],[33.212637913741226,39.68943661971831],[33.25035105315948,39.68943661971831],[33.23149448345035,39.70422535211267]],[[33.245456439788626,39.6747323040771],[33.238150408602216,39.68179206491068],[33.2403714451726,39.6764719075164],[33.245456439788626,39.6747323040771]]],[[[34.17432296890672,40.014788732394365],[34.17432296890672,40.015611169519424],[34.17702373323803,40.01267059099473],[34.17432296890672,40.014788732394365]]],[[[33.589769307923774,40.177464788732394],[33.59735167300291,40.1834114465711],[33.589769307923774,40.168583616795765],[33.589769307923774,40.177464788732394]]],[[[33.03350050150451,41.575],[33.03413048833111,41.574505917209],[33.02701569646334,41.575],[33.03350050150451,41.575]]],[[[32.316950852557675,41.32359154929578],[32.3358074222668,41.32359154929578],[32.427915990739486,41.32359154929578],[32.3908909375537,41.3165399751784],[32.316950852557675,41.32359154929578]]],[[[32.505516549648945,41.35316901408451],[32.58321567116191,41.35316901408451],[32.4805963693522,41.33362474472307],[32.505516549648945,41.35316901408451]]],[[[32.408710123952574,36.59317636105802],[32.40180541624875,36.61338028169014],[32.41569336229252,36.62427224776441],[32.408710123952574,36.59317636105802]]],[[[32.34523570712136,40.897848353241685],[32.34523570712136,40.916901408450705],[32.35594311651841,40.92529895978971],[32.34523570712136,40.897848353241685]]],[[[32.01502637740166,41.02781690140845],[32.03410230692076,41.02781690140845],[32.04282384055801,41.02097682237927],[32.01502637740166,41.02781690140845]]],[[[31.534403209628884,38.05235885844724],[31.54383149448345,38.07007042253521],[31.5468476835913,38.07243594363766],[31.534403209628884,38.05235885844724]]],[[[31.308124373119355,39.49718309859155],[31.28926780341023,39.556338028169016],[31.251554663991975,39.585915492957746],[31.355265797392175,39.66725352112676],[31.449548645937814,39.682042253521125],[31.534403209628884,39.63028169014085],[31.534403209628884,39.585915492957746],[31.496690070210633,39.52676056338028],[31.449548645937814,39.489788732394366],[31.374122367101304,39.46021126760564],[31.308124373119355,39.49718309859155]]],[[[31.506118355065194,41.02781690140845],[31.50763188151873,41.02781690140845],[31.50513678237206,41.02704707868309],[31.506118355065194,41.02781690140845]]],[[[31.489679809451825,40.30316901408451],[31.477833500501504,40.31056338028169],[31.476261305736188,40.31179641301324],[31.489679809451825,40.30316901408451]]],[[[31.36469408224674,37.44074953748422],[31.36469408224674,37.456338028169014],[31.368804756041015,37.459561926027526],[31.36469408224674,37.44074953748422]]],[[[30.72902146156158,40.15216220934653],[30.7518555667001,40.155281690140846],[30.752768299408185,40.154565856880836],[30.72902146156158,40.15216220934653]]],[[[30.49729187562688,39.20140845070422],[30.49729187562688,39.207894183921994],[30.505560276600526,39.194923752203124],[30.49729187562688,39.20140845070422]]],[[[29.394182547642927,36.35457746478873],[29.34704112337011,36.40633802816901],[29.41188070820123,36.471978812841215],[29.460219589384543,36.473847244756506],[29.45075225677031,36.487676056338024],[29.262186559679037,36.487676056338024],[29.186760280842527,36.458098591549295],[29.103227844533244,36.47288732394366],[29.12478897402192,36.51725352112676],[29.149047141424273,36.532042253521126],[29.281043129388163,36.532042253521126],[29.318756268806418,36.54683098591549],[29.34704112337011,36.628169014084506],[29.431895687061182,36.694718309859155],[29.50732196589769,36.724295774647885],[29.65817452357071,36.724295774647885],[29.6864593781344,36.70211267605634],[29.667602808425276,36.64295774647887],[29.592176529588766,36.598591549295776],[29.639317953861585,36.54683098591549],[29.714744232698095,36.54683098591549],[29.82788365095286,36.60598591549296],[29.88445336008024,36.60598591549296],[29.922166499498495,36.57640845070422],[29.978736208625875,36.57640845070422],[30.016449348044134,36.54683098591549],[30.091875626880643,36.54683098591549],[30.16730190571715,36.57640845070422],[30.223871614844533,36.57640845070422],[30.252156469408224,36.628169014084506],[30.31815446339017,36.67992957746479],[30.374724172517553,36.694718309859155],[30.450150451354062,36.67992957746479],[30.478435305917753,36.64295774647887],[30.459578736208627,36.583802816901404],[30.39358074222668,36.532042253521126],[30.31815446339017,36.532042253521126],[30.18615847542628,36.458098591549295],[30.11073219658977,36.487676056338024],[29.714744232698095,36.487676056338024],[29.695887662988966,36.47288732394366],[29.60160481444333,36.47288732394366],[29.563891675025076,36.458098591549295],[29.469608826479437,36.35457746478873],[29.394182547642927,36.35457746478873]],[[29.5592057494776,36.5278251786361],[29.563207368950604,36.532589011320205],[29.55541934244703,36.52679422642602],[29.5592057494776,36.5278251786361]],[[29.516750250752256,36.524647887323944],[29.52617853560682,36.51725352112676],[29.55446339017051,36.53943661971831],[29.545035105315947,36.54683098591549],[29.516750250752256,36.524647887323944]],[[29.5205894588023,36.4909286415904],[29.5434152817454,36.5235257946884],[29.518186662949624,36.49024878076138],[29.5205894588023,36.4909286415904]]],[[[30.469007021063188,39.223591549295776],[30.470147898499146,39.22269678787546],[30.46518875038643,39.223591549295776],[30.469007021063188,39.223591549295776]]],[[[30.403009027081243,39.26056338028169],[30.403009027081243,39.26166662838872],[30.407662529092452,39.25691375593315],[30.403009027081243,39.26056338028169]]],[[[30.16730190571715,38.88345070422535],[30.176730190571714,38.920422535211266],[30.24272818455366,38.97218309859155],[30.2151816427734,38.9494074851312],[30.184477975386386,38.90949271824392],[30.246039480323507,38.97218309859155],[30.308726178535608,38.93521126760563],[30.28986960882648,38.890845070422536],[30.223871614844533,38.86866197183099],[30.16730190571715,38.88345070422535]],[[30.1823365191389,38.9075248935926],[30.183588564679862,38.90867542192255],[30.17485924829657,38.90252770780247],[30.1823365191389,38.9075248935926]]],[[[30.252156469408224,41.035282531355726],[30.252156469408224,41.06136561967069],[30.2600035770543,41.0419152057643],[30.252156469408224,41.035282531355726]]],[[[29.639317953861585,37.2419014084507],[29.50732196589769,37.256690140845066],[29.441323971915747,37.323239436619716],[29.441323971915747,37.50070422535211],[29.403610832497492,37.559859154929576],[29.403610832497492,37.589436619718306],[29.309327983951857,37.64859154929577],[29.328184553660982,37.66338028169014],[29.328184553660982,37.70774647887324],[29.281043129388163,37.71514084507042],[29.224473420260782,37.67077464788732],[29.177331995987963,37.69295774647887],[29.139618856569708,37.73732394366197],[29.262186559679037,37.80387323943662],[29.337612838515547,37.80387323943662],[29.356469408224672,37.818661971830984],[29.488465396188566,37.74471830985915],[29.545035105315947,37.72992957746479],[29.639317953861585,37.72992957746479],[29.865596790371114,37.83345070422535],[29.903309929789366,37.789084507042254],[29.941023069207624,37.80387323943662],[30.000998790239166,37.80120199013944],[29.916714889036548,37.78869614411577],[29.91382630837486,37.78211906839446],[30.001003539283953,37.8011982655833],[30.059577152661,37.7901926803778],[30.120160481444334,37.8112676056338],[30.15787362086259,37.87042253521127],[30.148445336008024,37.87781690140845],[30.120160481444334,37.84084507042253],[30.054162487462385,37.80387323943662],[29.997592778335004,37.818661971830984],[29.941023069207624,37.818661971830984],[29.922166499498495,37.80387323943662],[29.893881644934805,37.84084507042253],[29.978736208625875,37.848239436619714],[30.00702106318957,37.87042253521127],[30.00702106318957,37.97394366197183],[30.03530591775326,37.99612676056338],[30.16730190571715,37.99612676056338],[30.21444332998997,37.959154929577466],[30.233299899699098,37.92957746478873],[30.233299899699098,37.885211267605634],[30.21444332998997,37.87042253521127],[30.21444332998997,37.84084507042253],[30.16730190571715,37.80387323943662],[29.941023069207624,37.74471830985915],[29.88445336008024,37.74471830985915],[29.80902708124373,37.71514084507042],[29.70531594784353,37.70774647887324],[29.78074222668004,37.69295774647887],[29.724172517552656,37.64859154929577],[29.667602808425276,37.559859154929576],[29.667602808425276,37.42676056338028],[29.724172517552656,37.352816901408445],[29.724172517552656,37.293661971830986],[29.639317953861585,37.2419014084507]],[[30.13901705115346,37.92957746478873],[30.148445336008024,37.922183098591546],[30.176730190571714,37.9443661971831],[30.16730190571715,37.95176056338028],[30.13901705115346,37.92957746478873]],[[29.5827482447342,37.64119718309859],[29.5827482447342,37.626408450704226],[29.667602808425276,37.61901408450704],[29.639317953861585,37.64119718309859],[29.5827482447342,37.64119718309859]],[[29.620461384152456,37.419366197183095],[29.592176529588766,37.36760563380282],[29.60160481444333,37.360211267605635],[29.648746238716146,37.38239436619718],[29.620461384152456,37.419366197183095]],[[29.634568958128,37.3652191584491],[29.637739690450598,37.37082891570547],[29.618279665206266,37.35532103682242],[29.634568958128,37.3652191584491]],[[29.592176529588766,37.33802816901408],[29.563891675025076,37.3306338028169],[29.535606820461382,37.30845070422535],[29.545035105315947,37.30105633802817],[29.592176529588766,37.33802816901408]],[[29.579048988684,37.3190358801729],[29.58628285621191,37.32982247593679],[29.549894220772636,37.300824026858415],[29.579048988684,37.3190358801729]],[[29.537583448478,37.4759154088654],[29.53837736712297,37.511820991936716],[29.5379141743539,37.5103108565575],[29.537583448478,37.4759154088654]],[[29.537583448478,37.4759154088654],[29.5499029728453,37.4454886669636],[29.550261991809144,37.44522848876811],[29.537583448478,37.4759154088654]],[[29.49789368104313,37.589436619718306],[29.50732196589769,37.582042253521124],[29.535606820461382,37.60422535211268],[29.52617853560682,37.61161971830985],[29.49789368104313,37.589436619718306]],[[29.516750250752256,37.485915492957744],[29.535606820461382,37.485915492957744],[29.52617853560682,37.522887323943664],[29.516750250752256,37.515492957746474],[29.516750250752256,37.485915492957744]],[[29.5273585200371,37.5908700670993],[29.5185942952883,37.5770622788628],[29.518544748157687,37.576379629677994],[29.5273585200371,37.5908700670993]]],[[[30.13901705115346,37.8556338028169],[30.144359656702488,37.85982387370318],[30.13901705115346,37.85200956983981],[30.13901705115346,37.8556338028169]]],[[[30.120160481444334,37.82605633802817],[30.12255908144899,37.827937499561635],[30.120160481444334,37.8244292133685],[30.120160481444334,37.82605633802817]]],[[[30.03309892174098,39.66725352112676],[30.026477323334,39.6665194694466],[30.025635135801338,39.66725352112676],[30.03309892174098,39.66725352112676]]],[[[29.592176529588766,41.0086310624226],[29.59908584400799,41.000215001648364],[29.592176529588766,41.0056338028169],[29.592176529588766,41.0086310624226]]],[[[29.411894858770502,36.47198991077607],[29.431895687061182,36.47288732394366],[29.435244051769764,36.47288732394366],[29.411894858770502,36.47198991077607]]],[[[28.98876629889669,36.923943661971826],[28.98876629889669,36.95352112676056],[29.007622868605818,36.96830985915493],[28.98876629889669,37.027464788732395],[28.903911735205618,37.10880281690141],[28.847342026078234,37.10880281690141],[28.78134403209629,37.07183098591549],[28.78134403209629,37.01267605633802],[28.715346038114344,36.94612676056338],[28.63049147442327,36.99788732394366],[28.63049147442327,37.07183098591549],[28.73420260782347,37.16795774647887],[28.86619859578736,37.227112676056336],[29.01705115346038,37.360211267605635],[29.09247743229689,37.389788732394365],[29.149047141424273,37.375],[29.243329989969908,37.2862676056338],[29.337612838515547,37.2862676056338],[29.365897693079237,37.264084507042256],[29.365897693079237,37.17535211267605],[29.34704112337011,37.16056338028169],[29.34704112337011,37.11619718309859],[29.233901705115347,36.96830985915493],[29.111334002006018,36.90176056338028],[29.073620862587763,36.916549295774644],[29.054764292878634,36.886971830985914],[28.98876629889669,36.923943661971826]],[[29.083049147442328,36.97878897455857],[29.073620862587763,36.990492957746476],[29.045336008024073,36.96830985915493],[29.073620862587763,36.960915492957746],[29.1058063267276,37.0117600045689],[29.083049147442328,36.97878897455857]],[[29.1058063267276,37.0117600045689],[29.101905717151453,37.04225352112676],[29.09247743229689,37.04964788732394],[29.083049147442328,37.01267605633802],[29.1058063267276,37.0117600045689]],[[29.07383991730837,36.95759126922314],[29.0735023133988,36.9558875468452],[29.0736511319593,36.95568453664999],[29.07383991730837,36.95759126922314]],[[29.007622868605818,37.07183098591549],[29.0549758741817,37.0452365769964],[29.0641925777332,37.057042253521125],[29.035907723169508,37.07922535211267],[29.007622868605818,37.07183098591549]],[[28.994281196293315,37.09491624721844],[28.998016208342417,37.09056999373833],[28.9946227854022,37.0947785543832],[28.994281196293315,37.09491624721844]],[[28.951053159478434,37.11619718309859],[28.98876629889669,37.10140845070423],[28.960481444333,37.123591549295774],[28.951053159478434,37.11619718309859]],[[28.894483450351053,37.14577464788732],[28.9437001845386,37.1381780203322],[28.951053159478434,37.14577464788732],[28.894483450351053,37.14577464788732]],[[28.883861183913,37.1357498577831],[28.8726931007259,37.1420826835471],[28.872306470218305,37.14194394189739],[28.883861183913,37.1357498577831]],[[28.819057171514544,37.14577464788732],[28.862375640091493,37.13838028169014],[28.8467258345491,37.1316874510968],[28.86619859578736,37.13838028169014],[28.875626880641924,37.14577464788732],[28.819057171514544,37.14577464788732]],[[28.79710883513915,37.18432788995531],[28.7975220776725,37.1839921096934],[28.799964574097967,37.184045206274845],[28.79710883513915,37.18432788995531]]],[[[29.233901705115347,39.66195518677369],[29.243329989969908,39.682042253521125],[29.2484224142677,39.68603611355719],[29.233901705115347,39.66195518677369]]],[[[26.933400200601806,41.99647887323944],[26.9390880884813,42.0018136692372],[26.942657572716314,41.98921854959689],[26.933400200601806,41.99647887323944]]],[[[26.9390880884813,42.0018136692372],[26.9653426032467,41.9988431402204],[26.9808068299076,42.036300485116],[27.0266391090944,42.0577443337315],[27.0275726781928,42.0810556379578],[27.0695929793825,42.0914299919297],[27.2037179571795,42.0602142623629],[27.1990391757432,42.0789978765884],[27.2392281197392,42.1043908322647],[27.3669759713726,42.0561041430418],[27.414854665402,41.9915439105639],[27.4723376216591,41.9583912052469],[27.5111817563853,41.9580541955009],[27.5622785924581,41.9049170636914],[27.5757107968751,41.9373979837682],[27.6122449936384,41.9385660607036],[27.6955231212222,41.9780198617562],[27.7397880449414,41.9789878025429],[27.7927101620198,41.9482182487819],[27.8286842946823,41.947292213126],[27.8177411010981,41.9808717734104],[27.8287864750617,41.9983125708661],[27.8974477307905,41.9934218620422],[27.9122833212123,41.9737477902925],[27.9767062694222,41.9895096522727],[28.0263398195284,41.9818086619331],[28.0559422081853,41.88601520874946],[27.998796389167502,41.90035211267606],[27.9800067014747,41.8647258053993],[27.9822586487427,41.8283766267579],[28.0406446452181,41.7536514450729],[28.04593781344032,41.71549295774648],[28.1005908249888,41.6772996402304],[28.083650952858576,41.65633802816902],[28.120836025898864,41.61155768183415],[28.102507522567702,41.59718309859155],[28.102507522567702,41.55281690140845],[28.04593781344032,41.50845070422535],[28.055366098294883,41.50105633802817],[28.12136409227683,41.53802816901408],[28.12136409227683,41.59718309859155],[28.129836705796166,41.60382795584561],[28.140517155451416,41.581925662524036],[28.1822554994761,41.570435237265],[28.2736649214385,41.4958641540167],[28.8098692555917,41.2946772014406],[28.9703442437836,41.2537221545788],[29.0792553899144,41.2525320132648],[29.1116382931166,41.23509780277878],[29.1088610350388,41.2110226573127],[29.071903086778356,41.17570422535211],[28.998194583751253,41.17570422535211],[28.979338014042128,41.19049295774648],[28.903911735205618,41.19049295774648],[28.7530591775326,41.249647887323945],[28.621063189568705,41.249647887323945],[28.50792377131394,41.17570422535211],[28.413640922768305,41.146126760563384],[28.319358074222666,41.146126760563384],[28.206218655967902,41.11654929577465],[27.998796389167502,41.10176056338028],[27.989368104312938,41.12535287325614],[28.0303574100058,41.1923597404089],[28.01765295887663,41.20528169014084],[27.970511534603812,41.1387323943662],[27.970511534603812,41.109154929577464],[27.942226680040122,41.08697183098592],[27.715947843530593,41.07218309859155],[27.60280842527583,41.042605633802815],[27.489669007021064,40.983450704225355],[27.263390170511535,40.79119718309859],[27.187963891675025,40.76161971830986],[27.05596790371113,40.746830985915494],[26.86740220661986,40.820774647887326],[26.659979939819458,40.80598591549296],[26.584553660982948,40.776408450704224],[26.527983951855568,40.776408450704224],[26.471414242728184,40.746830985915494],[26.414844533600803,40.746830985915494],[26.30170511534604,40.70246478873239],[26.28284854563691,40.59894366197183],[26.1538643211936,40.5898191888583],[26.0962788286976,40.6043674859283],[26.0624777896912,40.6370450900762],[26.0646749830818,40.6758117308464],[26.0367684461311,40.7301288665613],[26.1244132838441,40.7426232024494],[26.1538044813297,40.8042806965558],[26.2173884743037,40.8428750464339],[26.2051613104874,40.861545956663],[26.2227205513814,40.8668920626882],[26.2239917449061,40.8909669176908],[26.2481030614571,40.8819203738607],[26.25914111838185,40.91331144757414],[26.2938741102387,40.8949996826118],[26.2891212236568,40.9319906089572],[26.3587602364789,40.9449603204411],[26.325643131575,40.9852652032809],[26.3656298817591,41.0183082004643],[26.3118903663933,41.0746896356828],[26.3348780415362,41.1083875892067],[26.304218593487015,41.114578038214056],[26.3355147913156,41.1411871993188],[26.3068331535549,41.1738950207485],[26.3227416567824,41.1848991782656],[26.3225962394005,41.2514582373681],[26.401393013181,41.2522501049354],[26.4599288986721,41.2818311812862],[26.4975489069132,41.3273173803427],[26.5429777439159,41.341409760849295],[26.5752502926863,41.3229235839181],[26.6190461462627,41.3383085010487],[26.6347562138061,41.3852844717096],[26.5984231755836,41.4783836044407],[26.603410230692077,41.50105633802817],[26.650551654964893,41.46408450704225],[26.669408224674022,41.39014084507043],[26.735406218655967,41.33838028169014],[26.905115346038116,41.279225352112675],[27.13139418254764,41.249647887323945],[27.17853560682046,41.27183098591549],[27.22567703109328,41.32359154929578],[27.28224674022066,41.33838028169014],[27.46138415245737,41.25704225352113],[27.40481444332999,41.2274647887324],[27.414242728184554,41.220070422535215],[27.43309929789368,41.220070422535215],[27.445798506098246,41.23003009148108],[27.5067884339896,41.2427874925125],[27.512755775925164,41.24633024870598],[27.52738214643932,41.23485915492958],[27.65937813440321,41.23485915492958],[27.678234704112338,41.220070422535215],[27.810230692076228,41.220070422535215],[27.83851554663992,41.25704225352113],[27.819658976930793,41.30140845070423],[27.725376128385154,41.40492957746479],[27.61223671013039,41.47887323943662],[27.55566700100301,41.582394366197185],[27.52738214643932,41.60457746478873],[27.414242728184554,41.63415492957746],[27.263390170511535,41.63415492957746],[27.20682046138415,41.648943661971835],[27.12196589769308,41.71549295774648],[27.12196589769308,41.745070422535214],[27.093681043129386,41.782042253521126],[26.810832497492477,41.88556338028169],[26.688264794383148,41.9669014084507],[26.7514847333687,41.9586394946325],[26.787414155841,41.9891798971141],[26.8420397996513,41.9694424369235],[26.8671410134904,41.9892972397215],[26.914543630892677,41.993848481135196],[26.95225677031093,41.92253521126761],[26.95225677031093,41.878169014084506],[26.9913353347102,41.8418298969389],[26.97111334002006,41.95211267605634],[26.9390880884813,42.0018136692372]],[[28.130450919469126,41.594181787739295],[28.12269065509314,41.595671178056044],[28.1296662104369,41.5923474026294],[28.130450919469126,41.594181787739295]],[[28.089837546354,41.3716587896108],[28.1237927436171,41.4141223002991],[28.123346372387665,41.41593289356948],[28.089837546354,41.3716587896108]],[[28.0575996248795,41.2651877826218],[28.083650952858576,41.375352112676055],[28.12136409227683,41.41971830985916],[28.111935807422267,41.42711267605634],[28.064794383149447,41.375352112676055],[28.04593781344032,41.28661971830986],[27.989368104312938,41.25704225352113],[28.01765295887663,41.249647887323945],[28.0575996248795,41.2651877826218]],[[28.0741479048554,41.5051378379895],[28.1112254180407,41.5279307520623],[28.112637898134366,41.5306450962702],[28.0741479048554,41.5051378379895]],[[28.06602713780744,41.27316382190964],[28.0663421120207,41.2734619225143],[28.0903839527652,41.3493342236829],[28.06602713780744,41.27316382190964]],[[27.951654964894683,41.56760563380282],[27.979939819458373,41.545422535211266],[28.008224674022067,41.55281690140845],[27.961083249749247,41.575],[27.951654964894683,41.56760563380282]],[[27.30110330992979,41.279225352112675],[27.291675025075225,41.30140845070423],[27.2728184553661,41.30140845070423],[27.30110330992979,41.249647887323945],[27.35767301905717,41.220070422535215],[27.3748539274142,41.2255455100009],[27.30110330992979,41.279225352112675]],[[26.95225677031093,41.183098591549296],[26.9587078490993,41.2291552504314],[26.95225677031093,41.198751561255335],[26.94282848545637,41.249647887323945],[26.933400200601806,41.183098591549296],[26.876830491474422,41.1387323943662],[26.885717859646277,41.131762255490926],[26.842699985270272,41.11196469851677],[26.857973921765296,41.12394366197183],[26.848545636910732,41.13133802816901],[26.82026078234704,41.109154929577464],[26.829689067201606,41.10176056338028],[26.9170676886223,41.1449923827067],[26.88833607973739,41.13296720487944],[26.94976348407519,41.181143169991095],[26.9416987664312,41.1655316526566],[26.95225677031093,41.183098591549296]],[[26.754262788365097,41.08697183098592],[26.688264794383148,41.079577464788734],[26.688264794383148,41.06478873239437],[26.7724102539689,41.0714200766414],[26.754262788365097,41.08697183098592]],[[26.71654964894684,40.83556338028169],[26.735406218655967,40.820774647887326],[26.749709250785948,40.81533851359503],[26.71654964894684,40.86514084507042],[26.71654964894684,40.83556338028169]],[[26.707121364092277,40.9612676056338],[26.725977933801403,40.946478873239435],[26.735701151889575,40.91878382019057],[26.744834503510532,40.946478873239435],[26.71654964894684,40.983450704225355],[26.707121364092277,40.9612676056338]],[[26.735406218655967,41.013028169014085],[26.744834503510532,41.02042253521127],[26.71654964894684,41.042605633802815],[26.707121364092277,41.03521126760563],[26.735406218655967,41.013028169014085]],[[26.7418955311604,41.0142150007682],[26.74061568818914,41.01607551322441],[26.741109577209816,41.012031795426125],[26.7418955311604,41.0142150007682]]],[[[27.5067884339896,41.2427874925125],[27.44650909216002,41.23058738622095],[27.470812437311935,41.249647887323945],[27.5067884339896,41.2427874925125]]],[[[28.922768304914744,37.47852112676056],[28.7530591775326,37.47852112676056],[28.724774322968905,37.50070422535211],[28.724774322968905,37.54507042253521],[28.847342026078234,37.655985915492955],[29.01705115346038,37.67077464788732],[29.101905717151453,37.63380281690141],[29.101905717151453,37.57464788732394],[29.035907723169508,37.50809859154929],[28.922768304914744,37.47852112676056]]],[[[28.96944369785678,39.5637323943662],[28.95472725071269,39.55921952532858],[28.960481444333,39.5637323943662],[28.96944369785678,39.5637323943662]]],[[[28.817695490010284,39.10528169014084],[28.847342026078234,39.10528169014084],[28.867557461707793,39.089427233451595],[28.817695490010284,39.10528169014084]]],[[[28.649348044132395,37.352816901408445],[28.70591775325978,37.36760563380282],[28.67763289869609,37.389788732394365],[28.63049147442327,37.39718309859155],[28.62589190484742,37.44894366197183],[28.715346038114344,37.4637323943662],[28.724774322968905,37.352816901408445],[28.70591775325978,37.33802816901408],[28.70591775325978,37.30845070422535],[28.668204613841525,37.30845070422535],[28.668204613841525,37.33802816901408],[28.649348044132395,37.352816901408445]]],[[[28.61788797915585,37.436645167081736],[28.621063189568705,37.44894366197183],[28.62504998780905,37.44894366197183],[28.61788797915585,37.436645167081736]]],[[[28.45135406218656,37.153169014084504],[28.385356068204615,37.219718309859154],[28.385356068204615,37.293661971830986],[28.43249749247743,37.34542253521126],[28.470210631895686,37.34542253521126],[28.498495486459376,37.323239436619716],[28.498495486459376,37.293661971830986],[28.53620862587763,37.23450704225352],[28.53620862587763,37.16056338028169],[28.45135406218656,37.153169014084504]]],[[[28.28164493480441,37.56725352112676],[28.243931795386157,37.552464788732394],[28.19679037111334,37.589436619718306],[28.19679037111334,37.61901408450704],[28.14964894684052,37.67077464788732],[28.102507522567702,37.66338028169014],[28.083650952858576,37.64859154929577],[28.083650952858576,37.61901408450704],[28.055366098294883,37.59683098591549],[28.01765295887663,37.59683098591549],[27.989368104312938,37.61901408450704],[27.989368104312938,37.66338028169014],[28.008224674022067,37.69295774647887],[28.12136409227683,37.7669014084507],[28.140220661985957,37.79647887323944],[28.14964894684052,37.87781690140845],[28.234503510531596,37.8556338028169],[28.25336008024072,37.79647887323944],[28.27221664994985,37.78169014084507],[28.291073219658976,37.69295774647887],[28.347642928786357,37.63380281690141],[28.338214643931796,37.552464788732394],[28.30050150451354,37.53767605633803],[28.28164493480441,37.56725352112676]]],[[[28.338214643931796,39.87429577464789],[28.338610323244726,39.873985453334775],[28.337852685134227,39.87429577464789],[28.338214643931796,39.87429577464789]]],[[[27.923370110330993,38.351056338028165],[27.876228686058173,38.388028169014085],[27.913941825476428,38.417605633802815],[27.885656970912738,38.425],[27.866800401203612,38.39542253521127],[27.76308926780341,38.49154929577465],[27.76308926780341,38.52112676056338],[27.810230692076228,38.558098591549296],[27.961083249749247,38.57288732394366],[28.102507522567702,38.53591549295775],[28.102507522567702,38.49154929577465],[28.055366098294883,38.454577464788734],[27.951654964894683,38.43239436619718],[27.932798395185557,38.40281690140845],[27.970511534603812,38.388028169014085],[27.961083249749247,38.351056338028165],[27.923370110330993,38.351056338028165]],[[27.9154474621214,38.410465374525],[27.907260185878815,38.41051959499701],[27.91863371760367,38.40917220810229],[27.9154474621214,38.410465374525]]],[[[27.216248746238715,38.018309859154925],[27.310531594784354,38.10704225352113],[27.310531594784354,38.21056338028169],[27.395386158475425,38.2475352112676],[27.715947843530593,38.23274647887324],[27.847943831494483,38.27711267605633],[28.01765295887663,38.27711267605633],[28.083650952858576,38.21056338028169],[28.036509528585757,38.17359154929577],[27.810230692076228,38.15880281690141],[27.791374122367102,38.14401408450704],[27.45195586760281,38.14401408450704],[27.28224674022066,38.01091549295774],[27.22567703109328,38.01091549295774],[27.216248746238715,38.018309859154925]]],[[[28.02598246949877,41.256180512582254],[28.036509528585757,41.26443661971831],[28.05130690132691,41.26443661971831],[28.02598246949877,41.256180512582254]]],[[[28.008224674022067,41.156458802542275],[28.01765295887663,41.17570422535211],[28.02221646158762,41.17928326551768],[28.008224674022067,41.156458802542275]]],[[[27.989368104312938,41.12569853869802],[27.998796389167502,41.146126760563384],[28.00475634737259,41.15080100557911],[27.989368104312938,41.12569853869802]]],[[[27.63109327983952,38.28450704225352],[27.546238716148444,38.351056338028165],[27.489669007021064,38.351056338028165],[27.35767301905717,38.26232394366197],[27.34824473420261,38.31408450704225],[27.385957873620864,38.35845070422535],[27.3765295887663,38.3806338028169],[27.338816449348045,38.3806338028169],[27.28224674022066,38.3362676056338],[27.20682046138415,38.30669014084507],[27.15025075225677,38.30669014084507],[27.140822467402206,38.417605633802815],[27.17853560682046,38.46197183098592],[27.140822467402206,38.50633802816901],[27.159679037111335,38.53591549295775],[27.02768304914744,38.60985915492957],[27.02768304914744,38.63943661971831],[27.05596790371113,38.67640845070422],[27.169107321965896,38.720774647887325],[27.19739217652959,38.71338028169014],[27.19739217652959,38.683802816901405],[27.22567703109328,38.64683098591549],[27.22567703109328,38.720774647887325],[27.35767301905717,38.720774647887325],[27.43309929789368,38.69119718309859],[27.55566700100301,38.59507042253521],[27.593380140421264,38.49154929577465],[27.546238716148444,38.4693661971831],[27.470812437311935,38.513732394366194],[27.46138415245737,38.50633802816901],[27.546238716148444,38.454577464788734],[27.565095285857574,38.454577464788734],[27.60613222013325,38.481548161037985],[27.70651955867603,38.37323943661972],[27.6876629889669,38.35845070422535],[27.744232698094283,38.32887323943662],[27.744232698094283,38.28450704225352],[27.715947843530593,38.26232394366197],[27.63109327983952,38.28450704225352]],[[27.45195586760281,38.558098591549296],[27.385957873620864,38.56549295774648],[27.414242728184554,38.54330985915493],[27.4644649711824,38.535568515035955],[27.45195586760281,38.558098591549296]],[[27.28224674022066,38.57288732394366],[27.25275943579846,38.57288732394366],[27.2372653061036,38.5895919324199],[27.244533600802406,38.57288732394366],[27.235105315947845,38.58028169014084],[27.235105315947845,38.59507042253521],[27.216248746238715,38.59507042253521],[27.244533600802406,38.558098591549296],[27.3487508869295,38.5339798916829],[27.28224674022066,38.57288732394366]],[[27.2388342976592,38.6595863985129],[27.237960277664403,38.6602851063397],[27.238647172830145,38.651238550842386],[27.2388342976592,38.6595863985129]]],[[[27.73480441323972,38.3362676056338],[27.73891497740658,38.33304379375331],[27.73106478642459,38.3362676056338],[27.73480441323972,38.3362676056338]]],[[[27.576991271583157,38.46390718658738],[27.60280842527583,38.484154929577464],[27.60458569801778,38.48276105935727],[27.576991271583157,38.46390718658738]]],[[[26.97111334002006,41.89295774647888],[26.97111334002006,41.89585434874029],[26.9715895674933,41.89258425327363],[26.97111334002006,41.89295774647888]]],[[[26.725977933801403,40.9612676056338],[26.725977933801403,40.96654197669751],[26.72725579796719,40.96026540897366],[26.725977933801403,40.9612676056338]]]]}},{"type":"Feature","id":"redpine-shrub-map","properties":{"id":"redpine-shrub-map","name":"Kızılçam Ormanları ve Çalılar (Maki-Garig)","source":"MEB","source_url":"https://ogmmateryal.eba.gov.tr/panel/upload/etkilesimli/kitap/cografya/10/unite1/bolum2/files/mobile/41.jpg","source_rgb":[248,142,128]},"geometry":{"type":"MultiPolygon","coordinates":[[[[29.3890246029539,36.4711109052911],[29.403610832497492,36.45070422535211],[29.34704112337011,36.40633802816901],[29.34704112337011,36.391549295774645],[29.394182547642927,36.35457746478873],[29.469608826479437,36.35457746478873],[29.49789368104313,36.37676056338028],[29.516750250752256,36.421126760563375],[29.60160481444333,36.47288732394366],[29.695887662988966,36.47288732394366],[29.714744232698095,36.487676056338024],[30.11073219658977,36.487676056338024],[30.18615847542628,36.458098591549295],[30.31815446339017,36.532042253521126],[30.39358074222668,36.532042253521126],[30.459578736208627,36.583802816901404],[30.478435305917753,36.61338028169014],[30.459578736208627,36.6725352112676],[30.374724172517553,36.694718309859155],[30.31815446339017,36.67992957746479],[30.252156469408224,36.628169014084506],[30.223871614844533,36.57640845070422],[30.16730190571715,36.57640845070422],[30.091875626880643,36.54683098591549],[30.044734202607824,36.554225352112674],[30.054162487462385,36.60598591549296],[30.11073219658977,36.60598591549296],[30.176730190571714,36.657746478873236],[30.176730190571714,36.8056338028169],[30.13901705115346,36.83521126760563],[30.13901705115346,36.87957746478873],[30.120160481444334,36.90915492957746],[30.06359077231695,36.9387323943662],[30.06359077231695,36.95352112676056],[29.91273821464393,37.086619718309855],[29.91273821464393,37.13098591549296],[30.03530591775326,37.197535211267606],[30.073019057171514,37.2419014084507],[30.18615847542628,37.2862676056338],[30.299297893681043,37.2862676056338],[30.374724172517553,37.256690140845066],[30.431293881644933,37.21232394366197],[30.582146439317953,37.197535211267606],[30.667001003009027,37.264084507042256],[30.667001003009027,37.323239436619716],[30.685857572718156,37.33802816901408],[30.685857572718156,37.38239436619718],[30.629287863590772,37.47112676056338],[30.629287863590772,37.515492957746474],[30.591574724172517,37.54507042253521],[30.610431293881646,37.559859154929576],[30.591574724172517,37.589436619718306],[30.619859578736207,37.626408450704226],[30.67642928786359,37.655985915492955],[30.714142427281843,37.64119718309859],[30.7518555667001,37.67077464788732],[30.80842527582748,37.655985915492955],[30.88385155466399,37.75950704225352],[30.93099297893681,37.752112676056335],[30.93099297893681,37.559859154929576],[30.949849548645936,37.54507042253521],[30.949849548645936,37.50070422535211],[30.88385155466399,37.4637323943662],[30.82728184553661,37.47852112676056],[30.817853560682046,37.456338028169014],[30.83671013039117,37.44154929577465],[30.817853560682046,37.41197183098591],[30.90270812437312,37.375],[30.97813440320963,37.389788732394365],[31.00641925777332,37.36760563380282],[30.98756268806419,37.33802816901408],[31.00641925777332,37.30845070422535],[30.93099297893681,37.190140845070424],[30.949849548645936,37.17535211267605],[30.949849548645936,37.14577464788732],[30.996990972918756,37.10880281690141],[31.05356068204614,37.09401408450704],[31.08184553660983,37.13098591549296],[31.0629889669007,37.14577464788732],[31.0629889669007,37.20492957746479],[31.044132397191575,37.219718309859154],[31.11013039117352,37.227112676056336],[31.194984954864594,37.13098591549296],[31.28926780341023,37.086619718309855],[31.326980942828484,37.01267605633802],[31.41183550651956,36.94612676056338],[31.48726178535607,36.94612676056338],[31.51554663991976,36.96830985915493],[31.52497492477432,37.00528169014084],[31.61925777331996,37.00528169014084],[31.704112337011033,36.90915492957746],[31.675827482447342,36.886971830985914],[31.54383149448345,36.87218309859155],[31.51554663991976,36.849999999999994],[31.51554663991976,36.820422535211264],[31.54383149448345,36.79823943661972],[31.600401203610833,36.81302816901408],[31.656970912738213,36.857394366197184],[31.788966900702107,36.857394366197184],[31.845536609829487,36.82781690140845],[31.920962888665997,36.81302816901408],[31.949247743229687,36.790845070422534],[31.949247743229687,36.74647887323943],[31.892678034102307,36.70211267605634],[31.892678034102307,36.68732394366197],[31.939819458375126,36.65035211267605],[32.10952858575727,36.63556338028169],[32.13781344032096,36.657746478873236],[32.13781344032096,36.68732394366197],[32.10010030090271,36.7169014084507],[32.10010030090271,36.74647887323943],[32.11895687061183,36.761267605633805],[32.20381143430291,36.78345070422535],[32.279237713139416,36.76866197183098],[32.30752256770311,36.74647887323943],[32.30752256770311,36.70211267605634],[32.25095285857573,36.628169014084506],[32.25095285857573,36.56901408450704],[32.2320962888666,36.554225352112674],[32.2320962888666,36.46549295774648],[32.3358074222668,36.39894366197183],[32.580942828485455,36.31021126760563],[32.60922768304915,36.28802816901408],[32.59037111334002,36.27323943661972],[32.599799398194584,36.26584507042253],[32.656369107321964,36.2806338028169],[32.788365095285855,36.221478873239434],[32.84493480441324,36.221478873239434],[32.863791374122364,36.20669014084507],[32.920361083249745,36.20669014084507],[32.99578736208626,36.2362676056338],[33.04292878635908,36.27323943661972],[33.08064192577733,36.33239436619718],[33.08064192577733,36.37676056338028],[33.04292878635908,36.43591549295775],[33.0617853560682,36.49507042253521],[33.04292878635908,36.49507042253521],[33.03350050150451,36.47288732394366],[33.00521564694082,36.49507042253521],[32.94864593781344,36.583802816901404],[32.96750250752257,36.61338028169014],[33.03350050150451,36.65035211267605],[33.071213640922764,36.65035211267605],[33.08064192577733,36.628169014084506],[33.10547583300295,36.62255396052935],[33.08064192577733,36.6725352112676],[33.11835506519559,36.70211267605634],[33.11835506519559,36.73169014084507],[33.00521564694082,36.820422535211264],[32.9863590772317,36.849999999999994],[32.99578736208626,36.857394366197184],[33.09935453515785,36.87259997103178],[33.08064192577733,36.894366197183096],[33.09007021063189,36.90176056338028],[33.1654964894684,36.90176056338028],[33.39177532597793,36.76866197183098],[33.5049147442327,36.753873239436615],[33.59919759277833,36.78345070422535],[33.65576730190572,36.78345070422535],[33.82547642928786,36.70950704225352],[33.88204613841525,36.70950704225352],[33.90090270812437,36.694718309859155],[34.03289869608827,36.694718309859155],[34.08946840521565,36.70950704225352],[34.21203610832497,36.790845070422534],[34.268605817452354,36.96830985915493],[34.41003009027081,37.07922535211267],[34.56088264794383,37.153169014084504],[34.749448345035105,37.27147887323944],[34.862587763289866,37.31584507042253],[34.956870611835505,37.3306338028169],[35.04172517552658,37.38239436619718],[35.06058174523571,37.41197183098591],[35.06058174523571,37.515492957746474],[35.07943831494483,37.530281690140846],[35.07943831494483,37.559859154929576],[35.15486459378134,37.66338028169014],[35.20200601805416,37.70035211267606],[35.24914744232698,37.69295774647887],[35.24914744232698,37.63380281690141],[35.23029087261785,37.61901408450704],[35.24914744232698,37.559859154929576],[35.315145436308924,37.50809859154929],[35.428284854563685,37.49330985915493],[35.447141424272814,37.47852112676056],[35.48485456369107,37.47852112676056],[35.579137412236705,37.522887323943664],[35.663991975927786,37.60422535211268],[35.65456369107322,37.64119718309859],[35.522567703109324,37.582042253521124],[35.47542627883651,37.60422535211268],[35.45656970912738,37.66338028169014],[35.5037111334002,37.70035211267606],[35.522567703109324,37.685563380281685],[35.579137412236705,37.71514084507042],[35.95626880641926,37.71514084507042],[35.97512537612838,37.70035211267606],[36.03169508525576,37.70035211267606],[36.05055165496489,37.67077464788732],[36.06940822467402,37.685563380281685],[36.20140421263791,37.61161971830985],[36.23911735205617,37.56725352112676],[36.25325641562923,37.5783424323505],[36.23821594937324,37.52539520175741],[36.2579739217653,37.582042253521124],[36.27683049147442,37.56725352112676],[36.55967903711133,37.552464788732394],[36.644533600802404,37.60422535211268],[36.644533600802404,37.64859154929577],[36.512537612838514,37.752112676056335],[36.512537612838514,37.82605633802817],[36.59739217652959,37.87781690140845],[36.69167502507523,37.892605633802816],[36.80481444332999,37.789084507042254],[36.97452357071214,37.74471830985915],[37.125376128385156,37.67077464788732],[37.16308926780341,37.67077464788732],[37.22908726178535,37.60422535211268],[37.22908726178535,37.530281690140846],[37.17251755265797,37.485915492957744],[37.13480441323972,37.41197183098591],[37.07823470411233,37.352816901408445],[37.07823470411233,37.264084507042256],[37.05937813440321,37.23450704225352],[36.757673019057165,37.01267605633802],[36.757673019057165,36.9387323943662],[36.73881644934804,36.923943661971826],[36.73881644934804,36.894366197183096],[36.70110330992979,36.864788732394366],[36.71695978168616,36.82781690140845],[36.65883985815035,36.83222683997332],[36.66339017051153,36.8056338028169],[36.60682046138415,36.761267605633805],[36.625677031093275,36.7169014084507],[36.569107321965895,36.657746478873236],[36.587963891675024,36.583802816901404],[36.5445267556004,36.5015066127363],[36.5665558675948,36.4194763044017],[36.5855841388007,36.3935344045844],[36.6056344898718,36.3923263340002],[36.597594433108,36.3718954548204],[36.6177098616936,36.3565982873615],[36.6015323332658,36.3493613089678],[36.6041638465438,36.3300747160643],[36.6289211197533,36.344587506929],[36.6572998991546,36.3384815883114],[36.6583765623957,36.299549629647],[36.690379405368695,36.294406413328],[36.6809525638613,36.2731329189304],[36.6934162351576,36.2422355746346],[36.62586798256,36.2387990075548],[36.61624874623871,36.221478873239434],[36.59739217652959,36.2362676056338],[36.54868976713099,36.22764899814285],[36.52196589769308,36.251056338028164],[36.4682682946638,36.1976861723739],[36.3843797090554,36.2178355721392],[36.39727942617869,36.19763407798559],[36.361685055165495,36.16971830985915],[36.37779000301217,36.1527715497852],[36.361685055165495,36.14014084507042],[36.380541624874624,36.108229570352776],[36.373923077619196,36.01664022610552],[36.338290924477086,35.98869482640758],[36.29568706118355,36.01443661971831],[36.292760383626884,35.95528169014084],[36.20140421263791,35.95528169014084],[36.17311935807422,35.933098591549296],[36.17311935807422,35.85745814537961],[36.14925184399552,35.81085877501251],[36.08826479438315,35.88133802816901],[35.9994637785866,35.8828769559244],[36.017140321608,35.9223435661662],[36.0045040830712,35.9404189852265],[35.9180650029345,35.9281393642945],[35.9236260430434,35.9549314606406],[35.9790930734555,36.0188434275879],[35.8955441259503,36.1602384027423],[35.7906403315422,36.2816766787659],[35.7811310272092,36.3187763157871],[35.818893741635,36.35994054672],[35.8574319215507,36.3733397892112],[35.9054956648793,36.4411810703361],[35.9806883057282,36.4737935196546],[36.0383800679615,36.5339963744024],[36.1561627647006,36.593716365316],[36.1912684443011,36.5967358371152],[36.2116341059443,36.6425029341876],[36.1945566255414,36.7056776285132],[36.1975954875094,36.7964524219492],[36.08826479438315,36.90176056338028],[36.01283851554664,36.93133802816901],[35.965697091273825,36.923943661971826],[35.965697091273825,36.95352112676056],[35.98455366098295,36.96830985915493],[35.97512537612838,36.97570422535211],[35.946840521564695,36.95352112676056],[35.965697091273825,36.89710591129277],[35.80541624874624,36.79823943661972],[35.78655967903711,36.76866197183098],[35.65456369107322,36.76866197183098],[35.5887727358282,36.7091669162647],[35.5618848257962,36.710356646644],[35.5892486276263,36.6822790060287],[35.6092361003276,36.7105945928672],[35.629699464982,36.6970316649632],[35.71799404935901,36.71488767648448],[35.64513540621866,36.6725352112676],[35.62627883650953,36.61338028169014],[35.566011297876116,36.56611397001919],[35.5037111334002,36.591197183098586],[35.40942828485456,36.591197183098586],[35.334822951060865,36.547474832422886],[35.032296890672015,36.70950704225352],[34.9122835887834,36.7256983903299],[34.975727181544634,36.753873239436615],[35.0272469979509,36.7570013619104],[35.07001003009027,36.79823943661972],[35.09829488465396,36.790845070422534],[35.07001003009027,36.81302816901408],[35.032296890672015,36.78345070422535],[34.919157472417254,36.753873239436615],[34.90972918756269,36.74647887323943],[34.927733078407314,36.73908450704225],[34.9097687309366,36.7263414649926],[34.8817021459248,36.7591599886533],[34.78716148445336,36.81302816901408],[34.63630892678034,36.81302816901408],[34.48545636910732,36.724295774647885],[34.42888665997994,36.66514084507042],[34.29689067201605,36.60598591549296],[34.2308926780341,36.554225352112674],[34.2308926780341,36.53943661971831],[34.17432296890672,36.50985915492957],[34.17432296890672,36.48028169014084],[34.08004012036108,36.421126760563375],[34.07429835531188,36.327891244574644],[34.03680814627394,36.298488618464845],[33.985757271815444,36.28802816901408],[33.9580409161033,36.2367134649556],[33.9345888973972,36.2893094854773],[33.8694313913241,36.3163122294588],[33.797191574724174,36.258450704225346],[33.797191574724174,36.24366197183098],[33.684052156469406,36.16971830985915],[33.695551903944995,36.149159807195694],[33.6816710154202,36.13827337615571],[33.6472663426377,36.1940421390247],[33.59919759277833,36.191901408450704],[33.570912738214645,36.154929577464785],[33.54262788365095,36.13274647887324],[33.5049147442327,36.16232394366197],[33.44834503510531,36.16232394366197],[33.39177532597793,36.13274647887324],[33.357283176003,36.1502784097607],[33.29749247743229,36.1475352112676],[33.27863590772317,36.13274647887324],[33.12778335005015,36.13274647887324],[33.07974650613543,36.080283660434425],[33.03350050150451,36.1031690140845],[32.88264794383149,36.088380281690135],[32.79779338014042,36.03661971830986],[32.79739734689782,36.02152038702426],[32.64072673698111,36.058802816901405],[32.58606625897872,36.088380281690135],[32.5924010597337,36.1017768920851],[32.58587404145362,36.107036440137634],[32.59037111334002,36.11056338028169],[32.562086258776326,36.13274647887324],[32.55265797392177,36.125352112676055],[32.57151454363089,36.11056338028169],[32.53224105441631,36.09455090486643],[32.3885171593042,36.1660281126835],[32.29533930509588,36.2384282652535],[32.2727374888717,36.290718920611],[32.2178454749817,36.3357318112114],[32.1638836625093,36.4158589438987],[32.015245737211636,36.54683098591549],[31.987533732148933,36.53988589114483],[31.958676028084252,36.561619718309856],[31.8109256045564,36.5957532668667],[31.713540621865597,36.65035211267605],[31.66468738410391,36.65035211267605],[31.54383149448345,36.724295774647885],[31.4082349590894,36.7608696907245],[31.298696088264794,36.82781690140845],[31.076086059193237,36.84260563380281],[31.05356068204614,36.857394366197184],[30.7575027150698,36.84703454994817],[30.695285857572717,36.886971830985914],[30.657572718154462,36.886971830985914],[30.572718154463388,36.8056338028169],[30.572718154463388,36.69329895339205],[30.553861584754262,36.6725352112676],[30.553861584754262,36.628169014084506],[30.5914974331305,36.5915135215501],[30.516148445336007,36.49507042253521],[30.508867367915297,36.44499385983078],[30.478435305917753,36.43591549295775],[30.478435305917753,36.391549295774645],[30.523927658875603,36.33978873239436],[30.459578736208627,36.31760563380281],[30.478435305917753,36.28802816901408],[30.40529107095131,36.21587425653684],[30.4084231248788,36.2745348983269],[30.365242711452378,36.2731977318579],[30.2794986731307,36.3153123280996],[30.1934475640878,36.315161883867],[30.150560050426,36.3011980772656],[30.151110568957737,36.28272407784942],[30.11073219658977,36.251056338028164],[30.0528304274391,36.2749368488689],[29.978736208625875,36.221478873239434],[29.9243884861401,36.2337673464665],[29.8866473156084,36.1940602389696],[29.8404875885995,36.1949837778169],[29.779941314832485,36.139512710093186],[29.75969455237376,36.14185927318514],[29.7793918247092,36.1596376060329],[29.7238785612844,36.163844428742],[29.684122485803968,36.13830807931067],[29.6313138601318,36.1706910160239],[29.6508487867841,36.1746519814666],[29.6451076407145,36.1966346536108],[29.591791715522497,36.191901408450704],[29.630280348348,36.2055698835828],[29.4757137566126,36.2124418279993],[29.431895687061182,36.2362676056338],[29.408597405907383,36.23278408328899],[29.4169591891363,36.256505157612],[29.394182547642927,36.26584507042253],[29.345831362515426,36.2362676056338],[29.2716148445336,36.284788002121374],[29.309327983951857,36.31760563380281],[29.299899699097292,36.33978873239436],[29.24458677037922,36.31119692880693],[29.1662745714343,36.3413480355015],[29.1414112780918,36.3581784306759],[29.1398491380154,36.3776972186952],[29.1207384297561,36.375992372534],[29.1198776615665,36.3918651409738],[29.1012295481194,36.3885396823033],[29.1309420185688,36.4151263377885],[29.130190571715147,36.458098591549295],[29.186760280842527,36.458098591549295],[29.262186559679037,36.487676056338024],[29.356469408224672,36.487676056338024],[29.365897693079237,36.48028169014084],[29.290471414242727,36.43591549295775],[29.309327983951857,36.421126760563375],[29.290471414242727,36.391549295774645],[29.299899699097292,36.35457746478873],[29.328184553660982,36.41036931000738],[29.3330573446048,36.3937956265346],[29.328184553660982,36.43591549295775],[29.3753259779338,36.47288732394366],[29.3890246029539,36.4711109052911]],[[29.3639219277402,36.4618495292295],[29.362681283588664,36.460639819547055],[29.3890246029539,36.4711109052911],[29.3639219277402,36.4618495292295]],[[37.01223671013039,37.27147887323944],[37.00280842527582,37.264084507042256],[37.032659732927954,37.23892043391645],[37.04052156469408,37.249295774647884],[37.01223671013039,37.27147887323944]],[[36.9839518555667,37.30845070422535],[36.91795386158475,37.3306338028169],[36.87081243731193,37.323239436619716],[36.89909729187563,37.30105633802817],[36.95566700100301,37.30105633802817],[36.97452357071214,37.256690140845066],[36.98563296423005,37.25705179060221],[36.9839518555667,37.30845070422535]],[[36.82367101303912,37.2419014084507],[36.861384152457376,37.2862676056338],[36.81424272818455,37.249295774647884],[36.82367101303912,37.2419014084507]],[[36.83695733338038,37.246236200132756],[36.8696009374082,37.2728035183451],[36.8698923321624,37.27390839001448],[36.83695733338038,37.246236200132756]],[[36.73881644934804,37.23450704225352],[36.71053159478435,37.2419014084507],[36.68224674022066,37.219718309859154],[36.69167502507523,37.21232394366197],[36.73881644934804,37.23450704225352]],[[36.70950996098019,37.21512368462748],[36.702212916732705,37.210346299984174],[36.703773135052636,37.208927278854745],[36.70950996098019,37.21512368462748]],[[36.6902149435228,37.2382142526101],[36.6791522747578,37.24182878765008],[36.690471405633325,37.236553355504846],[36.6902149435228,37.2382142526101]],[[36.674487035635515,37.24400308466117],[36.6782265965397,37.254698229199],[36.674046449551,37.2442084256912],[36.674487035635515,37.24400308466117]],[[36.63068207764274,37.295448194772646],[36.6477285966023,37.3478862776228],[36.63510531594784,37.360211267605635],[36.569107321965895,37.38239436619718],[36.55025075225677,37.44154929577465],[36.53139418254764,37.44154929577465],[36.55025075225677,37.38239436619718],[36.625677031093275,37.33802816901408],[36.60682046138415,37.30845070422535],[36.630798648197356,37.31246745944367],[36.63068207764274,37.295448194772646]],[[36.644533600802404,36.849999999999994],[36.59739217652959,36.886971830985914],[36.46539618856569,36.90176056338028],[36.46539618856569,36.97570422535211],[36.44653961885657,36.93133802816901],[36.42768304914744,36.94612676056338],[36.39939819458375,36.9387323943662],[36.43362142525099,36.9266807094516],[36.46539618856569,36.886971830985914],[36.59739217652959,36.87218309859155],[36.640849039042536,36.837869265924574],[36.644533600802404,36.849999999999994]],[[36.625677031093275,37.14577464788732],[36.61624874623871,37.16795774647887],[36.569107321965895,37.10140845070423],[36.59739217652959,37.09401408450704],[36.60682046138415,37.10140845070423],[36.625677031093275,37.14577464788732]],[[36.5963609851535,37.0889626783026],[36.60045627432517,37.095392480017274],[36.59533205466699,37.08843551020796],[36.5963609851535,37.0889626783026]],[[36.57141352435409,37.38183913723792],[36.57160885397653,37.38714560090934],[36.5706562616156,37.3829688501828],[36.57141352435409,37.38183913723792]],[[36.5508444839774,37.0449545208664],[36.54951739552688,37.04336625010457],[36.56849897238115,37.054538385398324],[36.5508444839774,37.0449545208664]],[[36.50072434520135,37.00997235197352],[36.4984073440146,37.0089317137042],[36.498160145231004,37.007355821470256],[36.50072434520135,37.00997235197352]],[[36.4952132034258,36.9840883992975],[36.497728666813565,37.00460514657908],[36.494393805935296,36.983345408634904],[36.4952132034258,36.9840883992975]],[[36.44653961885657,37.360211267605635],[36.493681043129385,37.41197183098591],[36.48425275827482,37.419366197183095],[36.46539618856569,37.419366197183095],[36.455967903711134,37.39718309859155],[36.38996990972919,37.360211267605635],[36.35225677031093,37.375],[36.32397191574724,37.36760563380282],[36.37111334002006,37.34542253521126],[36.44653961885657,37.360211267605635]],[[36.34832693987749,36.930007131626915],[36.2579739217653,36.990492957746476],[36.248545636910734,36.98309859154929],[36.29568706118355,36.93133802816901],[36.34832693987749,36.930007131626915]],[[36.305115346038114,37.36760563380282],[36.267402206619856,37.38239436619718],[36.25703856740943,37.459310932372055],[36.248545636910734,37.44154929577465],[36.248545636910734,37.515492957746474],[36.229689067201605,37.530281690140846],[36.22026078234704,37.552464788732394],[36.210832497492476,37.530281690140846],[36.229689067201605,37.515492957746474],[36.229689067201605,37.42676056338028],[36.248545636910734,37.41197183098591],[36.248545636910734,37.352816901408445],[36.27683049147442,37.34542253521126],[36.305115346038114,37.36760563380282]],[[36.216834380441824,37.004400682102585],[36.2147315011282,37.0061528915444],[36.21029827017286,37.00561225362412],[36.216834380441824,37.004400682102585]],[[36.1491563889931,36.9976210764375],[36.159842971291816,36.99945916840729],[36.146607824137966,36.99784512607475],[36.1491563889931,36.9976210764375]],[[36.101409324063795,37.001818620226],[36.075260993846,37.0046721629716],[36.073706992622405,37.004253989801924],[36.101409324063795,37.001818620226]],[[36.0874253581913,37.1352314560941],[36.08744319003139,37.13510146195118],[36.0936387682687,37.1498690044065],[36.0874253581913,37.1352314560941]],[[36.059979939819456,37.14577464788732],[36.097693079237715,37.16056338028169],[36.074365529165604,37.18313629065346],[36.08450525833418,37.165009237104535],[36.059979939819456,37.14577464788732]],[[36.08826479438315,37.00528169014084],[36.08826479438315,37.02007042253521],[36.05055165496489,37.02007042253521],[36.022266800401205,36.99788732394366],[36.03169508525576,36.990492957746476],[36.05055165496489,37.00528169014084],[36.08826479438315,37.00528169014084]],[[36.05851188183488,37.05541861854039],[36.097693079237715,37.10140845070423],[36.08826479438315,37.123591549295774],[36.04112337011033,37.057042253521125],[36.05851188183488,37.05541861854039]],[[36.08377881435476,37.06876356607533],[36.068767688240925,37.0628636975831],[36.0834769313941,37.0675087620732],[36.08377881435476,37.06876356607533]],[[36.06940822467402,37.21232394366197],[36.04112337011033,37.20492957746479],[36.06940822467402,37.18274647887324],[36.078836509528585,37.190140845070424],[36.06940822467402,37.21232394366197]],[[36.0429681134813,37.6396406099863],[36.042595707200654,37.63815974734884],[36.0655515226626,37.664549530486],[36.0429681134813,37.6396406099863]],[[36.0563242457359,36.9995763883606],[36.05472831033598,37.00279595633994],[35.970065778854014,36.94205613832674],[36.0563242457359,36.9995763883606]],[[36.03169508525576,37.655985915492955],[36.022266800401205,37.64859154929577],[36.03169508525576,37.61161971830985],[36.04112337011033,37.61901408450704],[36.03169508525576,37.655985915492955]],[[36.0109010450176,37.2111901203706],[36.01119239549248,37.211194246105016],[36.010837114176944,37.211243602237886],[36.0109010450176,37.2111901203706]],[[35.88084252758274,37.18274647887324],[35.99398194583751,37.21232394366197],[36.003410230692076,37.23450704225352],[35.97512537612838,37.2419014084507],[35.89969909729187,37.21232394366197],[35.915821991464,37.2411951499103],[35.8947753676812,37.21618550070642],[35.871414242728186,37.219718309859154],[35.85255767301906,37.190140845070424],[35.88084252758274,37.18274647887324]],[[35.95626880641926,37.582042253521124],[35.946840521564695,37.57464788732394],[35.95626880641926,37.53767605633803],[35.972378799569796,37.56436662884021],[35.965697091273825,37.5549015603782],[35.95626880641926,37.582042253521124]],[[35.946840521564695,37.485915492957744],[35.93741223671013,37.50809859154929],[35.90912738214644,37.456338028169014],[35.927983951855566,37.456338028169014],[35.93703682785469,37.4782267030564],[35.92922456328587,37.455411898838925],[35.946840521564695,37.485915492957744]],[[35.9288214634176,37.1941924469887],[35.9292927479372,37.194718999945074],[35.91598131730408,37.190356514038754],[35.9288214634176,37.1941924469887]],[[35.89804711673183,37.18447903179107],[35.89750648827208,37.17688086653924],[35.8991691559301,37.1767619807908],[35.89804711673183,37.18447903179107]],[[35.8817699977416,37.1780060730383],[35.88198712468861,37.17799054780721],[35.88118008210691,37.181510821352695],[35.8817699977416,37.1780060730383]],[[35.15486459378134,36.8056338028169],[35.11715145436309,36.8056338028169],[35.11715145436309,36.790845070422534],[35.126579739217654,36.78345070422535],[35.142968417087516,36.79140286725879],[35.15486459378134,36.8056338028169]],[[35.147409165245755,36.794114345033606],[35.149850480533,36.7956049884808],[35.14993365795839,36.7965047972063],[35.147409165245755,36.794114345033606]],[[35.095911788180196,36.78360087230343],[35.0965105142569,36.7831634559138],[35.09969214802112,36.78422765643764],[35.095911788180196,36.78360087230343]],[[35.04240264016529,36.76454618536375],[35.0425390323978,36.764352767079],[35.057206866022746,36.77886703565612],[35.04240264016529,36.76454618536375]],[[35.012660693964555,37.10819137509499],[35.0123859199669,37.0654181811711],[35.02286860581745,37.13098591549296],[34.9851554663992,37.13098591549296],[34.99458375125376,37.06443661971831],[35.012660693964555,37.10819137509499]],[[35.00794211282266,36.751576618084954],[35.0083744550372,36.7513017596491],[35.00789835323009,36.752892585875564],[35.00794211282266,36.751576618084954]],[[34.96629889669007,37.14577464788732],[34.92858575727182,37.190140845070424],[34.919157472417254,37.227112676056336],[34.90972918756269,37.190140845070424],[34.9569866021491,37.1374898049387],[34.96629889669007,37.14577464788732]],[[33.212637913741226,36.56901408450704],[33.1654964894684,36.62077464788732],[33.11835506519559,36.61338028169014],[33.21525865308913,36.54683098591549],[33.18435305917753,36.54683098591549],[33.12778335005015,36.591197183098586],[33.071213640922764,36.591197183098586],[33.02407221664995,36.554225352112674],[33.06193587035433,36.561619718309856],[33.039281271785015,36.54474119304107],[33.12778335005015,36.57640845070422],[33.14663991975928,36.54683098591549],[33.2230119283508,36.5324502733403],[33.23149448345035,36.53943661971831],[33.212637913741226,36.56901408450704]],[[33.2230119283508,36.5324502733403],[33.2082890319237,36.52547787005389],[33.208630908322,36.5253941828233],[33.2230119283508,36.5324502733403]],[[33.10892678034102,36.857394366197184],[33.10892678034102,36.84260563380281],[33.15606820461384,36.849999999999994],[33.14663991975928,36.857394366197184],[33.10892678034102,36.857394366197184]],[[30.80842527582748,37.2419014084507],[30.91213640922768,37.30845070422535],[30.91213640922768,37.33802816901408],[30.893279839518556,37.33802816901408],[30.893279839518556,37.30845070422535],[30.846138415245736,37.27147887323944],[30.80842527582748,37.27147887323944],[30.7518555667001,37.2419014084507],[30.723570712136407,37.249295774647884],[30.7518555667001,37.227112676056336],[30.770712136409227,37.2419014084507],[30.80842527582748,37.2419014084507]],[[30.876916584959574,37.27254605016958],[30.8815676272352,37.2732104846443],[30.881698863600988,37.27457119860553],[30.876916584959574,37.27254605016958]],[[30.817580605677183,37.2450050451131],[30.8594679578858,37.2565274021032],[30.8255507871391,37.2499615018302],[30.817580605677183,37.2450050451131]],[[30.8594679578858,37.2565274021032],[30.870228651014568,37.269713915117656],[30.8684233792071,37.2689494378357],[30.8594679578858,37.2565274021032]],[[30.780587916364375,37.535851662398805],[30.7839442500188,37.5173643834505],[30.800723749660165,37.49986462677352],[30.7851014817669,37.5164196489332],[30.780587916364375,37.535851662398805]],[[30.7671453548434,37.2311313354048],[30.79213698464738,37.2380060234713],[30.7851457175819,37.2384080772081],[30.7671453548434,37.2311313354048]],[[30.761283851554662,37.559859154929576],[30.761283851554662,37.589436619718306],[30.732998996990972,37.626408450704226],[30.723570712136407,37.589436619718306],[30.770712136409227,37.522887323943664],[30.78014042126379,37.54507042253521],[30.761283851554662,37.559859154929576]],[[29.3161375794863,36.3610226288178],[29.316062280284303,36.36118189466111],[29.316032445584487,36.36056682214881],[29.3161375794863,36.3610226288178]],[[29.3148352874257,36.3831437693538],[29.311258258997622,36.37269448106224],[29.31558098223921,36.3835747754658],[29.3148352874257,36.3831437693538]],[[29.3151578079773,36.3204829515275],[29.314312677806615,36.32511206999223],[29.314036449780925,36.31941734985873],[29.3151578079773,36.3204829515275]],[[29.3019087378235,36.3078926558386],[29.301947072230675,36.30792908417023],[29.30112770442649,36.307909245622845],[29.3019087378235,36.3078926558386]]],[[[32.585566612817956,36.10679533160659],[32.5841366589686,36.088380281690135],[32.57202417520425,36.09617433908643],[32.585566612817956,36.10679533160659]]],[[[33.0830426600636,36.6597360143361],[33.08720118280807,36.65260221889224],[33.08064192577733,36.657746478873236],[33.0830426600636,36.6597360143361]]],[[[36.719959879638914,36.849999999999994],[36.73881644934804,36.83521126760563],[36.72938816449348,36.82781690140845],[36.718041684027305,36.82781690140845],[36.719959879638914,36.849999999999994]]],[[[36.644533600802404,37.346870960946426],[36.6463457216705,37.3472524600526],[36.644533600802404,37.338626765496564],[36.644533600802404,37.346870960946426]]],[[[36.60682046138415,37.13098591549296],[36.62091642833289,37.142041027120385],[36.60682046138415,37.10554959961298],[36.60682046138415,37.13098591549296]]],[[[36.55025075225677,37.41197183098591],[36.55025075225677,37.41923408652715],[36.55438892913448,37.408726363152205],[36.55025075225677,37.41197183098591]]],[[[34.92858575727182,37.17535211267605],[34.92858575727182,37.175223789771195],[34.9283500199979,37.175536995478865],[34.92858575727182,37.17535211267605]]],[[[33.04946470988779,36.86991469249778],[33.071213640922764,36.87218309859155],[33.08812843236187,36.87218309859155],[33.04946470988779,36.86991469249778]]],[[[29.73360080240722,40.33274647887324],[29.5827482447342,40.33274647887324],[29.50732196589769,40.36232394366197],[29.488465396188566,40.347535211267605],[29.394182547642927,40.37711267605634],[29.318756268806418,40.37711267605634],[29.262186559679037,40.347535211267605],[29.130190571715147,40.347535211267605],[29.070212539649358,40.389228346667615],[29.0843719441645,40.4130165871948],[29.1532426803221,40.4302692438267],[29.111334002006018,40.46584507042254],[28.998194583751253,40.480633802816904],[28.969132093391778,40.45784082406891],[28.883144173576465,40.480633802816904],[28.847342026078234,40.510211267605634],[28.7966576356307,40.5142665418097],[28.7803428136561,40.5229679809871],[28.7840307174281,40.5402642653263],[28.9319184135764,40.6007463033235],[28.9953247398833,40.6450786127028],[29.280833687956,40.6621923494724],[29.3879858890512,40.7021709737137],[29.4335245614452,40.6892609343919],[29.5146699428575,40.740208777432],[29.554824676275505,40.68542821073008],[29.8080960978098,40.7292669640751],[29.915471820224,40.7140698381063],[29.9335855178327,40.7185875484113],[29.94158025303031,40.746830985915494],[30.054162487462385,40.746830985915494],[30.101303911735204,40.72464788732395],[30.091875626880643,40.70246478873239],[30.03530591775326,40.67288732394366],[29.95987963891675,40.67288732394366],[29.88445336008024,40.59894366197183],[29.799598796389166,40.56197183098592],[29.799598796389166,40.488028169014086],[29.818455366098295,40.47323943661972],[29.818455366098295,40.414084507042254],[29.78074222668004,40.384507042253524],[29.799598796389166,40.36971830985915],[29.73360080240722,40.33274647887324]],[[29.620461384152456,40.554577464788736],[29.701617703378158,40.613732394366195],[29.7878536074537,40.5922249835806],[29.771313941825476,40.613732394366195],[29.695887662988966,40.62852112676056],[29.592176529588766,40.56197183098592],[29.620461384152456,40.554577464788736]],[[29.671845392174152,40.57856369187949],[29.6743826239716,40.580313664701],[29.674566397864833,40.580770135366414],[29.671845392174152,40.57856369187949]],[[29.619813348373583,40.54828581466359],[29.6309428799836,40.550352519082],[29.65389243673884,40.566181226820824],[29.619813348373583,40.54828581466359]],[[29.57331995987964,40.547183098591546],[29.52617853560682,40.554577464788736],[29.50732196589769,40.53978873239436],[29.479037111334,40.57676056338028],[29.460180541624872,40.57676056338028],[29.488465396188566,40.525],[29.57331995987964,40.547183098591546]],[[29.495378330986387,40.59609593528882],[29.50732196589769,40.6580985915493],[29.479037111334,40.650704225352115],[29.479037111334,40.60633802816901],[29.495378330986387,40.59609593528882]],[[29.370512552318893,40.56489610449613],[29.375450747955657,40.562951386140455],[29.3718478666898,40.5652861007234],[29.370512552318893,40.56489610449613]],[[29.252758274824473,40.53239436619718],[29.158475426278837,40.547183098591546],[29.1679037111334,40.525],[29.252758274824473,40.53239436619718]],[[29.035215176828242,40.5625190854891],[29.048195341295536,40.565040412513994],[29.0412811277803,40.5653727718235],[29.035215176828242,40.5625190854891]]],[[[29.1200608862411,36.5490337324059],[29.054764292878634,36.561619718309856],[29.045336008024073,36.54007598044338],[29.017402600967518,36.546555354492924],[29.0468113561049,36.5589450621641],[29.0231928746637,36.5836785430213],[29.0404761792689,36.6190943602483],[29.0733001267209,36.6143377175165],[29.0793992890545,36.6455495090862],[29.1012493707795,36.6330465669088],[29.0915344681874,36.6202778820959],[29.1158727522945,36.6259028500362],[29.1220005998194,36.6477462484798],[29.09247743229689,36.67992957746479],[29.0554468430947,36.6819507637716],[29.0228883370888,36.7144056661988],[28.9985786541692,36.7115167224452],[28.9296696480541,36.7554491009042],[28.9077391718704,36.7131125521379],[28.8567703109328,36.68732394366197],[28.8523011942929,36.6415639925366],[28.8793282414093,36.6343311044784],[28.8801805096543,36.6483869481398],[28.90314539243393,36.6497510893538],[28.83875464524534,36.599251049127275],[28.8258532359446,36.6171322720018],[28.8505192299965,36.6365276357852],[28.80962888665998,36.66514084507042],[28.796576269644813,36.6549040065011],[28.8048105791866,36.6682941517924],[28.7862545458907,36.6866437494512],[28.639919759277834,36.724295774647885],[28.6188019289074,36.7044313560488],[28.6322994569322,36.7550600167554],[28.6134299728254,36.7647742416161],[28.6298758963453,36.7816656565737],[28.5893061745172,36.8147735587294],[28.5514485756701,36.8307068379223],[28.5312339468924,36.78694355506766],[28.5169072970296,36.8003178815461],[28.5010908645663,36.7924109955387],[28.5009519617919,36.8168657555159],[28.462093711554004,36.81302816901408],[28.451209229468,36.8425466678338],[28.4695493948375,36.8619906553796],[28.4526952935999,36.880177226723],[28.4327070962183,36.8596813422087],[28.4114764961247,36.8546198858451],[28.4041906133726,36.8672182852785],[28.3796624637248,36.8477087038986],[28.3879050774209,36.8345494137185],[28.42394482037383,36.835897988618775],[28.399508585101767,36.787155800354945],[28.3106940890696,36.8175456647106],[28.30050150451354,36.79823943661972],[28.2725726111875,36.79823943661972],[28.270121810635,36.8132844494964],[28.3150037085033,36.8270835710768],[28.2633664280202,36.8495228767024],[28.2331480212142,36.8055543970776],[28.291073219658976,36.73169014084507],[28.262788365095286,36.73908450704225],[28.206218655967902,36.694718309859155],[28.1634476310374,36.6819201132307],[28.12136409227683,36.61338028169014],[28.085618093568527,36.58534559578379],[28.0662092231441,36.5947860678555],[28.02297446900699,36.56579324459092],[28.0113917813494,36.5764101673788],[28.0131834873326,36.5640192427106],[27.98077408932285,36.561619718309856],[27.9611075523328,36.603514751876],[28.0632050316852,36.607115628274],[28.0939235122587,36.6481632116392],[28.074222668004012,36.66514084507042],[28.0559795562946,36.6547154490295],[28.0669447966904,36.6739198740292],[28.0415384185611,36.6924623014215],[28.0224319089541,36.6692964067436],[27.9641366555589,36.681148610155],[28.0548928510601,36.721005877428],[28.0937416080675,36.7275692993391],[28.0862894898231,36.7147253025144],[28.1002388410065,36.7055562383613],[28.1292571369938,36.7258223401579],[28.0845712210312,36.7484219345902],[28.1125480599945,36.7742459065936],[28.1321142823067,36.7559150377888],[28.1228070339221,36.8033519629792],[28.0821969637165,36.7965028162897],[28.0787756469289,36.7757217870045],[28.04845771879351,36.76324390389495],[27.9548932545499,36.7611014091953],[27.927453739779885,36.74228719470225],[27.9101982580301,36.7560477577046],[27.8918830095673,36.7531257820836],[27.8949934522591,36.7415884323949],[27.8825460272262,36.7584686305297],[27.8395799884781,36.7456446761457],[27.810230692076228,36.76866197183098],[27.7919877994585,36.7559130701957],[27.73480441323972,36.76866197183098],[27.6876629889669,36.73169014084507],[27.65937813440321,36.66514084507042],[27.640521564694083,36.67992957746479],[27.575945440491,36.6848337605281],[27.5322111184278,36.6712433399604],[27.50852557673019,36.67992957746479],[27.47594486724286,36.654377348121955],[27.3638049860764,36.68697562829],[27.3631445146582,36.7095751357422],[27.4039484583135,36.703383976886],[27.4218569215235,36.7148526214964],[27.4239820526652,36.7448242982773],[27.4646164310762,36.7622600066555],[27.5034980754442,36.7506258937893],[27.6102569586967,36.7650043656414],[27.6245238408849,36.797584255466],[27.643977461849,36.805201323704],[27.6973114908996,36.7857293985979],[27.7727055938488,36.7892911062038],[27.8219598327445,36.8130248010268],[28.0169565601451,36.7924920144544],[28.0587830750202,36.8005140872778],[28.0576685444859,36.8321919327467],[28.006580040972604,36.83650111185783],[28.0124252573299,36.8559369629402],[28.0568608788576,36.8766267251272],[28.0194522536978,36.9050249687001],[28.0434162406194,36.9106860389485],[28.026671245902374,36.92426521293609],[28.1016318920764,36.9400668219021],[28.1459687412866,36.919338826728],[28.1577422495553,36.9270314970413],[28.165405492134,36.906462407677],[28.1729810426632,36.9232716495842],[28.1589757537424,36.9458824299236],[28.202936727798,36.9500371834007],[28.2149159411099,36.9975342909179],[28.2578704566201,36.9907413667333],[28.2469070248213,37.0011958961512],[28.3195755657007,37.0237152764441],[28.327339558595,37.0459493480311],[28.1005048112177,37.0340774989753],[28.111250819540302,37.02007042253521],[27.998796389167502,37.03485915492958],[27.944685540631905,37.02007042253521],[27.923370110330993,37.03485915492958],[27.9081065045978,37.0237627516037],[27.866800401203612,37.03485915492958],[27.79899854626857,36.99647260125955],[27.678234704112338,37.00528169014084],[27.6484501092712,36.9981972893597],[27.6435174797988,36.9789149674812],[27.5888343272638,36.9946883122362],[27.554161751862495,36.98191806258409],[27.490540092227057,36.990492957746476],[27.414242728184554,37.03485915492958],[27.37826215864694,37.006640501033516],[27.380485644073,37.026982347801],[27.338816449348045,37.02007042253521],[27.32898956484282,36.99757471228327],[27.291675025075225,36.98309859154929],[27.30110330992979,36.960915492957746],[27.266125611381,36.9636518817665],[27.2503825040354,37.0288630544339],[27.2263833902047,37.0578443444916],[27.2388012009756,37.0825115486719],[27.2916683164217,37.1061687700277],[27.260563766496954,37.12580822673259],[27.2661689328464,37.1354117823107],[27.3148328804553,37.1167680090641],[27.3251819932884,37.1567165234228],[27.3430856199404,37.1501160148272],[27.343016512485,37.1312826003225],[27.3671178065815,37.1552853762008],[27.3871041413833,37.1453439350645],[27.384667349712,37.1222748874677],[27.42367101303912,37.12363499803129],[27.4722859346593,37.0814672098888],[27.5400426266936,37.1282004633262],[27.5790512980392,37.1343459286524],[27.5506814269155,37.1358062518829],[27.542604094303,37.183047665394],[27.5272670071774,37.1929492473144],[27.5540690998614,37.1928663387843],[27.5696324434591,37.2111167375998],[27.5927053900387,37.1944501850524],[27.5760809380792,37.1786002270161],[27.6129609595085,37.1876207657601],[27.579258356363,37.2143015848429],[27.6163068060007,37.2731235541353],[27.5932884342553,37.2871681408152],[27.5588758404797,37.277676567735],[27.53681043129388,37.264084507042256],[27.5509553019395,37.2464534527449],[27.511189215127416,37.22920170052153],[27.5000273079966,37.2366734290492],[27.5210406241644,37.2495918196517],[27.5175772365956,37.2766972444573],[27.45627238421021,37.256690140845066],[27.4980406541763,37.3201230869508],[27.4737010933856,37.3451324147114],[27.474854489978817,37.32746372277919],[27.4339648524613,37.3027088064864],[27.3895734585935,37.3263479630306],[27.3904690297731,37.3623432722522],[27.4147810177463,37.3619235336847],[27.394053216852,37.3631622473041],[27.4319158513686,37.3825001737631],[27.4305385590039,37.4008638940925],[27.395386158475425,37.419366197183095],[27.367101303911735,37.41197183098591],[27.35767301905717,37.375],[27.310531594784354,37.36760563380282],[27.32938816449348,37.352816901408445],[27.319959879638915,37.34542253521126],[27.263390170511535,37.360211267605635],[27.248653725446,37.3370819893684],[27.196524193968592,37.3534976382559],[27.2244368012407,37.4056380161041],[27.2220542755334,37.456090865484],[27.180341264067,37.4770549729663],[27.1852512029358,37.5187263360849],[27.1581703378089,37.5865712787283],[27.1191925211189,37.6313014562486],[27.0036233660015,37.6600456539339],[27.0279967279526,37.6890931893768],[27.1007862539459,37.6811300692303],[27.2077079213647,37.7089222879281],[27.2427466042322,37.7321834290861],[27.2693877277498,37.8126002345211],[27.2371830761848,37.8381004630318],[27.2625351932227,37.8648453943798],[27.2667736768525,37.9206999195241],[27.280549392818173,37.91770735498106],[27.2705205020518,37.9510110552107],[27.2419058647788,37.9843410972268],[27.169107321965896,37.99612676056338],[27.1454561710117,37.9837565784216],[27.0771446752309,38.0150011014806],[27.037111334002006,38.055281690140845],[26.9748161987437,38.0758443931687],[26.905115346038116,38.07007042253521],[26.8684004890711,38.0306248734478],[26.8247680198712,38.1582273345942],[26.79197592778335,38.17359154929577],[26.777062444922,38.1631054426454],[26.7730616440469,38.1962096631244],[26.7882687771125,38.1979742525446],[26.7583358112589,38.2203174300268],[26.6355186368144,38.2017298490558],[26.624596213672085,38.145840984628876],[26.593981945837513,38.13661971830986],[26.61133452857269,38.12065144683572],[26.59157021112293,38.10515079076569],[26.5703489545055,38.1430256709688],[26.5554878836045,38.1177150883074],[26.521648142107,38.1423038438497],[26.5159324540382,38.1864986285015],[26.5031947143254,38.1763255044654],[26.434571273877,38.2197859192236],[26.418301286007267,38.205880057878865],[26.3941087675634,38.2212078712084],[26.3931206022133,38.2579978350935],[26.364659909419125,38.22773881766901],[26.323289028631166,38.23274647887324],[26.2833827029156,38.2660124425616],[26.233572045809,38.2662934366817],[26.233009539031,38.2919060446401],[26.2727394620432,38.2907746110706],[26.2824448314599,38.3241685091472],[26.2986562934955,38.3239719816941],[26.2828473411291,38.3740697698605],[26.3023713117195,38.3560273671109],[26.311133400200603,38.37417373189014],[26.32321806036563,38.35313966623745],[26.3129742116031,38.3374956273557],[26.3757992198638,38.3086783772263],[26.3845143769266,38.3485601418411],[26.4089037389013,38.3324784387902],[26.4779397286196,38.3743144468788],[26.461985957873623,38.417605633802815],[26.4709341008936,38.4246234368598],[26.4927139036867,38.4008979736626],[26.5164366146491,38.4287488965382],[26.43370110330993,38.484154929577464],[26.392933540816372,38.45218195774919],[26.4112552087835,38.4940481597292],[26.361002592239995,38.57074800443029],[26.3537979269619,38.6386300629401],[26.3640399109889,38.6610694935842],[26.4175983741286,38.6800773563607],[26.4759988809658,38.6740089109503],[26.518555667001003,38.650544199233025],[26.518555667001003,38.624647887323945],[26.556268806419258,38.60278491346282],[26.5703516275356,38.558344727145],[26.6237467072035,38.5248863347322],[26.631695085255767,38.47676056338028],[26.5888699203066,38.4702101294384],[26.602749205858917,38.45405903967142],[26.5856301670338,38.4247633077222],[26.61283851554664,38.41944765954486],[26.6664995186097,38.3191145766973],[26.7019425142253,38.323711735469],[26.6759070970014,38.3484854775746],[26.6747803152459,38.3891042031221],[26.6874262702112,38.4169303443846],[26.7246469187717,38.435856540678],[26.7629358122624,38.3699538954117],[26.803801748228,38.355348206066],[27.0202144369901,38.4159451179414],[27.0874722938787,38.398867118582],[27.1514682759059,38.4452409560699],[27.159679037111335,38.43239436619718],[27.140822467402206,38.417605633802815],[27.15025075225677,38.30669014084507],[27.20682046138415,38.30669014084507],[27.28224674022066,38.3362676056338],[27.338816449348045,38.3806338028169],[27.3765295887663,38.3806338028169],[27.385957873620864,38.35845070422535],[27.34824473420261,38.31408450704225],[27.35767301905717,38.26232394366197],[27.489669007021064,38.351056338028165],[27.546238716148444,38.351056338028165],[27.678234704112338,38.26232394366197],[27.715947843530593,38.26232394366197],[27.744232698094283,38.28450704225352],[27.744232698094283,38.34366197183098],[27.707112124463137,38.357985969812525],[27.725376128385154,38.388028169014085],[27.70651955867603,38.40281690140845],[27.70651955867603,38.43239436619718],[27.678234704112338,38.454577464788734],[27.668806419257773,38.44718309859155],[27.6876629889669,38.43239436619718],[27.6876629889669,38.40281690140845],[27.668806419257773,38.40281690140845],[27.61223671013039,38.49154929577465],[27.574523570712135,38.52112676056338],[27.574523570712135,38.56549295774648],[27.55566700100301,38.59507042253521],[27.43309929789368,38.69119718309859],[27.35767301905717,38.720774647887325],[27.22567703109328,38.720774647887325],[27.20682046138415,38.73556338028169],[27.04653961885657,38.66901408450704],[27.02768304914744,38.60985915492957],[27.159679037111335,38.53591549295775],[27.140822467402206,38.50633802816901],[27.17853560682046,38.47676056338028],[27.16780184022213,38.45355360835821],[27.1558116720946,38.4671764857028],[27.096340644508096,38.456663323122044],[26.99939819458375,38.4693661971831],[26.946891134595568,38.44297496572623],[26.8864634547567,38.5031782090591],[26.8810827000689,38.5358868832056],[26.8455020828419,38.5475588341124],[26.8407791424779,38.5865428603289],[26.8180184628906,38.5871568893526],[26.79197592778335,38.61725352112676],[26.759142381916416,38.61725352112676],[26.7673755675493,38.6395104599252],[26.7459293524541,38.6362079594887],[26.7311026157624,38.6548026463186],[26.7549420699844,38.6704089557557],[26.7287877943668,38.6966419666236],[26.7391428575699,38.739289049102],[26.7706440997058,38.7355735545243],[26.8251340843001,38.7619293477649],[26.836425158759,38.7424427167073],[26.8552228412438,38.7532635000367],[26.8935734118913,38.7336408339091],[26.9055714123795,38.764021164057],[26.9383964695419,38.7672235166111],[26.8928335210526,38.8246490226993],[26.935161746706548,38.83030860463009],[26.9484662520235,38.8064928877453],[26.9743857298774,38.8067010152498],[26.9731625457016,38.8463104116979],[27.065878037245,38.8795325795696],[27.039324058608095,38.896504052476864],[27.0566955455963,38.9166511522502],[27.0425204577026,38.9407599487971],[26.9879171445694,38.920502136741],[27.00246781523063,38.915435595126],[26.988839715254,38.9179008891921],[26.94282848545637,38.94260563380281],[26.905115346038116,38.94260563380281],[26.8609566084064,38.9147971073032],[26.8495653676914,38.9340668708125],[26.8003280567403,38.9538600970576],[26.7976840254382,38.9938822990301],[26.8152877847993,39.0212734526744],[26.8008335399863,39.0160139736436],[26.8005355853127,39.0327981510341],[26.8806509024735,39.0647839168691],[26.8757510655128,39.0997131095863],[26.8164601240554,39.1554136598887],[26.7709666393562,39.1679578014452],[26.7334593925293,39.2067413567214],[26.721046692166,39.2566638008842],[26.609788710721,39.2736360781674],[26.625631787199,39.3115462109418],[26.650551654964893,39.32301488931947],[26.6536330913808,39.3033445545435],[26.6314123498653,39.2983594551856],[26.6698431295283,39.2789202328989],[26.6611888294641,39.3014158710037],[26.7022753008085,39.3361347333955],[26.6845875343581,39.3451576173296],[26.7141414884542,39.3417838227128],[26.7803377766321,39.3715210798276],[26.8080083012432,39.3958353395509],[26.7971993164865,39.4314781296174],[26.8505269264327,39.4373473850128],[26.8585718431092,39.4774608358654],[26.9284170450533,39.4842164140018],[26.9528478928123,39.55137439134],[26.9222195211458,39.5838615894672],[26.8788922106414,39.585793920441],[26.848545636910732,39.5637323943662],[26.773119358074222,39.57852112676056],[26.755349585808123,39.564584742211],[26.656675374765964,39.56114070727731],[26.64928218807892,39.57617649939071],[26.648651244505047,39.55484758414003],[26.452557673019058,39.53415492957747],[26.374222343247123,39.489788732394366],[26.263991975927784,39.489788732394366],[26.235670663290293,39.46757704065436],[26.2074222668004,39.475],[26.180623226480805,39.46021126760564],[26.0636010685212,39.4799603557901],[26.1055309425729,39.5863783920471],[26.1377987220253,39.606990081154],[26.1630461707858,39.6602339584617],[26.13940622575,39.7592275474305],[26.1576322153687,39.7771532813859],[26.1634536016254,39.8178682099381],[26.1376591242344,39.8410800865636],[26.1781622484556,39.9879352019079],[26.2005371768667,40.0084093254968],[26.2558734706517,39.998496224976],[26.331745046757,40.025817173704],[26.3653892930726,40.099403962541],[26.4095119581896,40.1182280817217],[26.3976829692153,40.1466125218347],[26.4074880237179,40.1963267384646],[26.5215389064297,40.2168668157028],[26.5702418366358,40.2775402386593],[26.6069559913588,40.2812710331715],[26.6920666696585,40.352620452584],[26.7090447522118,40.3841354217388],[26.7543982418542,40.4033366312015],[26.9118866671494,40.405480360472],[26.9488747351861,40.3847772949966],[26.9907131232748,40.3853214581888],[27.0369941984372,40.3917874983729],[27.0926174525783,40.44263562638],[27.1519309212171,40.449055260244],[27.2026362693107,40.4338091173056],[27.2794067980683,40.4736428714097],[27.3183862772234,40.43750174234992],[27.3100798266189,40.3862225404926],[27.4385199484411,40.322209026090476],[27.263390170511535,40.27359154929577],[27.05596790371113,40.24401408450704],[27.037111334002006,40.22922535211268],[26.961685055165496,40.22922535211268],[26.886258776328987,40.19964788732394],[26.810832497492477,40.19964788732394],[26.650551654964893,40.147887323943664],[26.669408224674022,40.11830985915493],[26.669408224674022,40.07394366197183],[26.707121364092277,40.02957746478873],[26.725977933801403,39.94084507042253],[26.707121364092277,39.9112676056338],[26.556268806419258,39.80774647887324],[26.556268806419258,39.748591549295774],[26.669408224674022,39.67464788732394],[26.631695085255767,39.63028169014085],[26.631695085255767,39.60070422535211],[26.650551654964893,39.60070422535211],[26.650551654964893,39.63028169014085],[26.678836509528587,39.66725352112676],[26.656726310185096,39.6155911833696],[26.68680493168742,39.66725352112676],[26.79197592778335,39.66725352112676],[26.810832497492477,39.682042253521125],[26.961685055165496,39.682042253521125],[27.037111334002006,39.652464788732395],[27.20682046138415,39.652464788732395],[27.25396188565697,39.60070422535211],[27.25396188565697,39.541549295774644],[27.216248746238715,39.49718309859155],[27.235105315947845,39.43802816901408],[27.2728184553661,39.40845070422535],[27.25396188565697,39.37887323943662],[27.29117842387099,39.37848376762762],[27.275008274638,39.36467385696],[27.304948072418515,39.386267605633805],[27.35767301905717,39.386267605633805],[27.43309929789368,39.282746478873236],[27.447470680435792,39.284235487237964],[27.442527582748244,39.30492957746479],[27.385957873620864,39.36408450704225],[27.40590790491744,39.381003396332716],[27.385957873620864,39.37887323943662],[27.414242728184554,39.40105633802817],[27.4988838289714,39.4039145094832],[27.52738214643932,39.4306338028169],[27.65937813440321,39.40105633802817],[27.6876629889669,39.37887323943662],[27.649949849548644,39.349295774647885],[27.686013219243467,39.3419014084507],[27.6710668314321,39.3346153562711],[27.724230860662225,39.35669014084507],[27.7633018741455,39.3430524873455],[27.772517552657973,39.35669014084507],[27.819658976930793,39.33450704225352],[27.800802407221664,39.319718309859155],[27.810230692076228,39.31232394366197],[27.829087261785357,39.31232394366197],[27.8665952927626,39.3267516229983],[27.837884655090672,39.31922351751699],[27.866800401203612,39.3419014084507],[27.923370110330993,39.32711267605634],[27.951654964894683,39.30492957746479],[27.913941825476428,39.27535211267605],[27.923370110330993,39.26795774647887],[27.96862850214605,39.29161765997034],[27.989368104312938,39.27535211267605],[27.989368104312938,39.23098591549296],[27.979939819458373,39.223591549295776],[27.970511534603812,39.23098591549296],[27.970511534603812,39.24577464788732],[27.951654964894683,39.24577464788732],[27.970511534603812,39.186619718309856],[27.913941825476428,39.112676056338024],[27.913941825476428,39.083098591549295],[27.979939819458373,39.04612676056338],[28.09307923771314,39.06091549295775],[28.140220661985957,39.0387323943662],[28.22507522567703,38.957394366197185],[28.28164493480441,38.957394366197185],[28.37592778335005,39.00176056338028],[28.489067201604815,39.016549295774645],[28.60220661985958,39.06091549295775],[28.88505516549649,39.07570422535211],[28.979338014042128,39.04612676056338],[29.01705115346038,39.00176056338028],[29.111334002006018,38.957394366197185],[29.215045135406218,38.87605633802817],[29.215045135406218,38.8612676056338],[29.186760280842527,38.86866197183099],[29.177331995987963,38.846478873239434],[29.186760280842527,38.83908450704225],[29.224473420260782,38.83908450704225],[29.233901705115347,38.83169014084507],[29.215045135406218,38.816901408450704],[29.215045135406218,38.787323943661974],[29.252758274824473,38.75774647887324],[29.158475426278837,38.683802816901405],[29.139618856569708,38.624647887323945],[29.120762286860582,38.60985915492957],[29.139618856569708,38.55070422535211],[29.158475426278837,38.53591549295775],[29.158475426278837,38.50633802816901],[29.177331995987963,38.49154929577465],[29.158475426278837,38.44718309859155],[29.120762286860582,38.417605633802815],[29.120762286860582,38.37323943661972],[29.177331995987963,38.31408450704225],[29.177331995987963,38.24014084507042],[29.120762286860582,38.24014084507042],[29.158475426278837,38.21056338028169],[29.158475426278837,38.151408450704224],[29.177331995987963,38.13661971830986],[29.196188565697092,38.07746478873239],[29.309327983951857,38.00352112676056],[29.34704112337011,37.959154929577466],[29.34704112337011,37.84084507042253],[29.365897693079237,37.82605633802817],[29.337612838515547,37.80387323943662],[29.224473420260782,37.789084507042254],[29.139618856569708,37.73732394366197],[29.139618856569708,37.722535211267605],[29.224473420260782,37.67077464788732],[29.281043129388163,37.71514084507042],[29.328184553660982,37.70774647887324],[29.328184553660982,37.66338028169014],[29.309327983951857,37.64859154929577],[29.243329989969908,37.64119718309859],[29.196188565697092,37.60422535211268],[29.215045135406218,37.515492957746474],[29.309327983951857,37.36760563380282],[29.460180541624872,37.23450704225352],[29.460180541624872,37.20492957746479],[29.488465396188566,37.21232394366197],[29.55446339017051,37.14577464788732],[29.57331995987964,37.086619718309855],[29.62988966900702,37.01267605633802],[29.5827482447342,37.00528169014084],[29.479037111334,36.90915492957746],[29.488465396188566,36.90176056338028],[29.535606820461382,36.95352112676056],[29.60160481444333,36.990492957746476],[29.637258426102015,36.990492957746476],[29.6864593781344,36.95352112676056],[29.6864593781344,36.923943661971826],[29.75245737211635,36.87218309859155],[29.799598796389166,36.864788732394366],[29.743029087261785,36.820422535211264],[29.75245737211635,36.79823943661972],[29.7767546120293,36.8099429818773],[29.809047266246928,36.857394366197184],[29.865596790371114,36.857394366197184],[29.98816449348044,36.74647887323943],[29.98816449348044,36.598591549295776],[30.00702106318957,36.583802816901404],[29.922166499498495,36.57640845070422],[29.88445336008024,36.60598591549296],[29.82788365095286,36.60598591549296],[29.714744232698095,36.54683098591549],[29.639317953861585,36.54683098591549],[29.592176529588766,36.598591549295776],[29.667602808425276,36.64295774647887],[29.6864593781344,36.70211267605634],[29.65817452357071,36.724295774647885],[29.50732196589769,36.724295774647885],[29.431895687061182,36.694718309859155],[29.34704112337011,36.628169014084506],[29.328184553660982,36.598591549295776],[29.328184553660982,36.554225352112674],[29.281043129388163,36.532042253521126],[29.149047141424273,36.532042253521126],[29.12478897402192,36.51725352112676],[29.1200608862411,36.5490337324059]],[[29.770913608320484,36.80598549023347],[29.7547104940528,36.7972793397538],[29.755450712275724,36.79550881791187],[29.770913608320484,36.80598549023347]],[[29.744193543833216,36.679425960975216],[29.75245737211635,36.78345070422535],[29.724172517552656,36.761267605633805],[29.73360080240722,36.67992957746479],[29.744193543833216,36.679425960975216]],[[29.743029087261785,36.657746478873236],[29.70531594784353,36.64295774647887],[29.714744232698095,36.63556338028169],[29.743029087261785,36.657746478873236]],[[29.735934769200046,36.64688497580096],[29.724190142744515,36.635418329087294],[29.7275071149304,36.6360915014644],[29.735934769200046,36.64688497580096]],[[29.65715720324174,36.62126591451908],[29.6547302585387,36.6207700574756],[29.6439427118041,36.6134220185395],[29.65715720324174,36.62126591451908]],[[29.54340140756699,36.9445260454235],[29.580976188024856,36.9677437532465],[29.5585315275581,36.9578808976163],[29.54340140756699,36.9445260454235]],[[29.505935252513833,36.897335413426234],[29.5254653512232,36.9139099192792],[29.5060594923576,36.8983735063731],[29.505935252513833,36.897335413426234]],[[29.5254653512232,36.9139099192792],[29.538355185664404,36.94007191368623],[29.5365460377907,36.9384750392092],[29.5254653512232,36.9139099192792]],[[29.499486169245884,36.872157790067],[29.5014865113257,36.8737497577681],[29.501604464445258,36.87440341473822],[29.499486169245884,36.872157790067]],[[29.403610832497492,36.849999999999994],[29.413039117352056,36.84260563380281],[29.469442754754862,36.84824780687809],[29.45075225677031,36.857394366197184],[29.403610832497492,36.849999999999994]],[[29.443944838712,37.1237156274759],[29.4605341394052,37.1425557377688],[29.460618717851876,37.14359704156549],[29.443944838712,37.1237156274759]],[[29.443944838712,37.1237156274759],[29.460180541624872,37.14577464788732],[29.45075225677031,37.153169014084504],[29.42246740220662,37.13098591549296],[29.431895687061182,37.09401408450704],[29.443944838712,37.1237156274759]],[[29.421970987227397,36.84210170631345],[29.4233940519846,36.8399800461675],[29.432609856635736,36.84139786230496],[29.421970987227397,36.84210170631345]],[[29.32970374509477,36.89317473362866],[29.281043129388163,36.90176056338028],[29.2716148445336,36.894366197183096],[29.299217159555564,36.886971830985914],[29.274922466461934,36.86406382133239],[29.299238160491257,36.886971830985914],[29.34704112337011,36.87957746478873],[29.33169336423298,36.8916143254815],[29.357080261789,36.9465685784891],[29.32970374509477,36.89317473362866]],[[29.357080261789,36.9465685784891],[29.372169022653,36.9576558990973],[29.37454563625578,36.96245812909099],[29.365897693079237,36.954590451763636],[29.365897693079237,36.96830985915493],[29.384754262788363,36.98309859154929],[29.3753259779338,36.990492957746476],[29.34704112337011,36.96830985915493],[29.357080261789,36.9465685784891]],[[29.365897693079237,37.04225352112676],[29.384754262788363,37.057042253521125],[29.3753259779338,37.06443661971831],[29.328184553660982,37.04225352112676],[29.328184553660982,37.01267605633802],[29.370668483072,36.9995042850555],[29.352588602264497,37.00528169014084],[29.365897693079237,37.01267605633802],[29.34704112337011,37.027464788732395],[29.3824227106582,37.0516897213016],[29.365897693079237,37.04225352112676]],[[29.38124191470292,36.88158660959161],[29.38339533516439,36.8805244494992],[29.3825303549552,36.8817231622282],[29.38124191470292,36.88158660959161]],[[29.3802552639592,36.9739951098514],[29.379741188942603,36.97536299650915],[29.379587965111284,36.972646753291265],[29.3802552639592,36.9739951098514]],[[29.101905717151453,36.894366197183096],[29.224473420260782,36.960915492957746],[29.290471414242727,37.027464788732395],[29.34704112337011,37.11619718309859],[29.34704112337011,37.16056338028169],[29.365897693079237,37.17535211267605],[29.365897693079237,37.264084507042256],[29.337612838515547,37.2862676056338],[29.243329989969908,37.2862676056338],[29.158475426278837,37.36760563380282],[29.111334002006018,37.389788732394365],[29.01705115346038,37.360211267605635],[28.86619859578736,37.227112676056336],[28.790772316950854,37.197535211267606],[28.771915747241724,37.21232394366197],[28.76248746238716,37.20492957746479],[28.78134403209629,37.190140845070424],[28.668204613841525,37.11619718309859],[28.63049147442327,37.07183098591549],[28.63049147442327,36.99788732394366],[28.715346038114344,36.94612676056338],[28.78134403209629,37.01267605633802],[28.78134403209629,37.07183098591549],[28.847342026078234,37.10880281690141],[28.903911735205618,37.10880281690141],[28.98876629889669,37.027464788732395],[28.98876629889669,36.99788732394366],[29.007622868605818,36.98309859154929],[28.98876629889669,36.923943661971826],[29.035907723169508,36.886971830985914],[29.073620862587763,36.90176056338028],[29.130190571715147,36.857394366197184],[29.139618856569708,36.864788732394366],[29.101905717151453,36.894366197183096]],[[29.2097293699557,38.8331863236403],[29.225383101230197,38.83498985578539],[29.208908938058613,38.83394663705475],[29.2097293699557,38.8331863236403]],[[29.152121676943334,38.867845277212666],[29.1507530182377,38.8696383204849],[29.144549285435527,38.86902629303047],[29.152121676943334,38.867845277212666]],[[29.083049147442328,38.8612676056338],[29.11325109896374,38.83810917105573],[29.142310414881695,38.86880541790745],[29.120299233087078,38.846842034643984],[29.09247743229689,38.86866197183099],[29.083049147442328,38.8612676056338]],[[29.136410186896157,36.8619519363477],[29.1408658535126,36.860851604049],[29.14186424898711,36.86101282642601],[29.136410186896157,36.8619519363477]],[[28.922768304914744,37.47852112676056],[29.035907723169508,37.50809859154929],[29.101905717151453,37.57464788732394],[29.101905717151453,37.63380281690141],[29.073620862587763,37.655985915492955],[29.01705115346038,37.67077464788732],[28.847342026078234,37.655985915492955],[28.724774322968905,37.54507042253521],[28.724774322968905,37.50070422535211],[28.7530591775326,37.47852112676056],[28.922768304914744,37.47852112676056]],[[29.0641925777332,38.787323943661974],[29.091844221482702,38.81549642967744],[29.0641925777332,38.816901408450704],[29.045336008024073,38.7725352112676],[29.0641925777332,38.7725352112676],[29.0641925777332,38.787323943661974]],[[29.073620862587763,38.88345070422535],[29.073620862587763,38.89823943661972],[29.01705115346038,38.88345070422535],[28.969909729187563,38.890845070422536],[28.998194583751253,38.853873239436616],[29.01705115346038,38.853873239436616],[29.036717313624283,38.88345070422535],[29.073620862587763,38.88345070422535]],[[29.083049147442328,38.254929577464786],[29.054764292878634,38.26232394366197],[28.98876629889669,38.24014084507042],[29.028098351758402,38.22746949647444],[29.017544386547193,38.23274647887324],[29.083049147442328,38.254929577464786]],[[29.0821044291704,38.2449536137265],[29.031036760877736,38.22771301092356],[29.0469974600379,38.2290357201535],[29.0821044291704,38.2449536137265]],[[29.0627124147087,38.7665170200533],[29.068215340112566,38.77975885302811],[29.061853267841148,38.7658915234867],[29.0627124147087,38.7665170200533]],[[29.0269783554802,38.8589858715313],[29.027427133705412,38.8601132286915],[29.024203998266486,38.85811406847979],[29.0269783554802,38.8589858715313]],[[28.93219658976931,38.69859154929577],[29.026479438314944,38.72816901408451],[29.01705115346038,38.73556338028169],[28.960481444333,38.73556338028169],[28.93219658976931,38.69859154929577]],[[28.958687691237,38.897213767091],[28.959606268105176,38.896822689824745],[28.95416415951924,38.914540926723326],[28.958687691237,38.897213767091]],[[28.9371279532602,39.0135948114971],[28.903911735205618,39.04612676056338],[28.894483450351053,39.0387323943662],[28.91334002006018,39.02394366197183],[28.894483450351053,38.97957746478873],[28.922768304914744,38.957394366197185],[28.951053159478434,38.96478873239437],[28.91732652266577,38.97645095126411],[28.9371279532602,39.0135948114971]],[[28.942639682084536,38.95206193867965],[28.9425342705852,38.9524051339481],[28.93950249574537,38.9538150722143],[28.942639682084536,38.95206193867965]],[[28.903911735205618,38.2475352112676],[28.903911735205618,38.26232394366197],[28.86619859578736,38.26232394366197],[28.83791374122367,38.225352112676056],[28.846979333031282,38.21824219749491],[28.808977863775905,38.20265843324379],[28.819057171514544,38.21056338028169],[28.790772316950854,38.217957746478874],[28.78134403209629,38.19577464788732],[28.790772316950854,38.18838028169014],[28.8570662641665,38.2198854474798],[28.88121897079902,38.24452658044722],[28.918919366049767,38.24255672048538],[28.882613415532944,38.24562020830886],[28.903911735205618,38.2475352112676]],[[28.875626880641924,37.752112676056335],[28.7530591775326,37.83345070422535],[28.724774322968905,37.82605633802817],[28.83791374122367,37.752112676056335],[28.819057171514544,37.722535211267605],[28.82848545636911,37.71514084507042],[28.875626880641924,37.752112676056335]],[[28.828563079635188,37.71084653730982],[28.83119647259,37.7113509434075],[28.866172413923376,37.738142384720355],[28.828563079635188,37.71084653730982]],[[28.863785411722883,38.66659170585359],[28.8499760854257,38.6615133560945],[28.849289177533493,38.65982753818735],[28.863785411722883,38.66659170585359]],[[28.8380319188927,38.6321998337783],[28.8236400975605,38.6200660771713],[28.82357053186725,38.61870954639759],[28.8380319188927,38.6321998337783]],[[28.83791374122367,38.63943661971831],[28.800200601805415,38.624647887323945],[28.80962888665998,38.61725352112676],[28.83791374122367,38.63943661971831]],[[28.78134403209629,38.32887323943662],[28.80962888665998,38.30669014084507],[28.8259367908141,38.30951967201063],[28.790772316950854,38.3362676056338],[28.78134403209629,38.32887323943662]],[[28.825397985321,37.9727155990063],[28.81690918965289,37.93121418015703],[28.8203351268395,37.9302222068094],[28.825397985321,37.9727155990063]],[[28.819057171514544,38.47676056338028],[28.800200601805415,38.47676056338028],[28.800200601805415,38.44718309859155],[28.78134403209629,38.43239436619718],[28.790772316950854,38.425],[28.819057171514544,38.44718309859155],[28.819057171514544,38.47676056338028]],[[28.8208399994795,38.5798146726409],[28.82086580779595,38.58035747978132],[28.8002476146109,38.5534470859332],[28.8208399994795,38.5798146726409]],[[28.800200601805415,38.53591549295775],[28.800200601805415,38.50633802816901],[28.80962888665998,38.49894366197183],[28.819057171514544,38.53591549295775],[28.800200601805415,38.53591549295775]],[[28.80962888665998,38.60246478873239],[28.78134403209629,38.56549295774648],[28.790772316950854,38.558098591549296],[28.819057171514544,38.58028169014084],[28.80962888665998,38.60246478873239]],[[28.800200601805415,37.97394366197183],[28.800200601805415,37.9443661971831],[28.80962888665998,37.93697183098591],[28.819057171514544,37.97394366197183],[28.800200601805415,37.97394366197183]],[[28.8088229142649,38.426334317378],[28.809080183503507,38.426954722663396],[28.807279994919103,38.425244211350325],[28.8088229142649,38.426334317378]],[[28.7979633514665,37.7058120902588],[28.797844717644143,37.70496267213475],[28.806084226821056,37.70654088653042],[28.7979633514665,37.7058120902588]],[[28.771915747241724,38.3806338028169],[28.771915747241724,38.351056338028165],[28.800200601805415,38.35845070422535],[28.771915747241724,38.3806338028169]],[[28.7923723394862,38.3453064898789],[28.788832258562138,38.34818460467013],[28.792761030996353,38.34407782956058],[28.7923723394862,38.3453064898789]],[[28.7530591775326,37.2862676056338],[28.743630892678034,37.33802816901408],[28.724774322968905,37.352816901408445],[28.724774322968905,37.456338028169014],[28.65877632898696,37.4637323943662],[28.639919759277834,37.44894366197183],[28.621063189568705,37.49330985915493],[28.53620862587763,37.485915492957744],[28.60220661985958,37.47852112676056],[28.611634904714144,37.47112676056338],[28.592778335005015,37.44154929577465],[28.668204613841525,37.33802816901408],[28.668204613841525,37.30845070422535],[28.7845944005116,37.2390639685117],[28.7530591775326,37.2862676056338]],[[28.782143828188495,38.40136021501104],[28.7788968696995,38.398275005341],[28.778707584723545,38.3948941653271],[28.782143828188495,38.40136021501104]],[[28.763698818727953,38.17298336195447],[28.757843542296676,38.173304537400114],[28.7634375730129,38.1727875535068],[28.763698818727953,38.17298336195447]],[[28.76248746238716,38.180985915492954],[28.73420260782347,38.18838028169014],[28.70591775325978,38.151408450704224],[28.715346038114344,38.14401408450704],[28.7370574819488,38.17359154929577],[28.724876997551977,38.14346733171925],[28.738349357972705,38.17359154929577],[28.76248746238716,38.180985915492954]],[[28.743630892678034,37.64859154929577],[28.743630892678034,37.61901408450704],[28.7530591775326,37.61161971830985],[28.76248746238716,37.64859154929577],[28.743630892678034,37.64859154929577]],[[28.715346038114344,37.90739436619718],[28.7530591775326,37.96654929577465],[28.70591775325978,37.91478873239436],[28.715346038114344,37.90739436619718]],[[28.7286411356769,37.9198368556889],[28.728722025838596,37.918667626112104],[28.7590615585691,37.9479638475131],[28.7286411356769,37.9198368556889]],[[28.70591775325978,37.87042253521127],[28.73420260782347,37.848239436619714],[28.743630892678034,37.8556338028169],[28.715346038114344,37.87781690140845],[28.70591775325978,37.87042253521127]],[[28.741795913889,37.9921015865958],[28.743520143892443,37.99172979950181],[28.7197524991348,38.0614824791463],[28.741795913889,37.9921015865958]],[[28.7295931268751,37.9060762667319],[28.730203151030825,37.90545079890964],[28.7293661814606,37.90935665689783],[28.7295931268751,37.9060762667319]],[[28.70591775325978,38.121830985915494],[28.668204613841525,38.121830985915494],[28.649348044132395,38.10704225352113],[28.67763289869609,38.09964788732394],[28.7012279206815,38.107593242312],[28.687393934455617,38.10730322166982],[28.70591775325978,38.121830985915494]],[[28.664691132926997,38.09925203841629],[28.65921632825719,38.09432682787553],[28.6605546297252,38.0947182436919],[28.664691132926997,38.09925203841629]],[[28.6536069781062,38.0639335952443],[28.653726842494347,38.06392915349939],[28.65275622956806,38.06431397800389],[28.6536069781062,38.0639335952443]],[[28.649348044132395,38.07746478873239],[28.592778335005015,38.10704225352113],[28.611634904714144,38.07746478873239],[28.649348044132395,38.07746478873239]],[[28.60220661985958,37.552464788732394],[28.573921765295886,37.530281690140846],[28.58335005015045,37.50809859154929],[28.611634904714144,37.54507042253521],[28.60220661985958,37.552464788732394]],[[28.6060074547623,37.5371366876144],[28.60586745657262,37.53670175576161],[28.607264450156567,37.537381773865356],[28.6060074547623,37.5371366876144]],[[28.555105291419135,37.47443019699676],[28.5997762445033,37.4720551579486],[28.604205254796234,37.473028942468176],[28.555105291419135,37.47443019699676]],[[28.5983151878973,37.513239150886],[28.5991577629945,37.512439598304],[28.6016933841668,37.52373418061429],[28.5983151878973,37.513239150886]],[[28.539655657080818,38.10234329253648],[28.530489601552617,38.10289370518657],[28.5327907334193,38.1013208570732],[28.539655657080818,38.10234329253648]],[[28.53620862587763,37.219718309859154],[28.517352056168505,37.27887323943662],[28.498495486459376,37.293661971830986],[28.498495486459376,37.323239436619716],[28.470210631895686,37.34542253521126],[28.43249749247743,37.34542253521126],[28.385356068204615,37.293661971830986],[28.385356068204615,37.219718309859154],[28.45135406218656,37.153169014084504],[28.52678034102307,37.153169014084504],[28.53620862587763,37.219718309859154]],[[28.460782347041125,37.50070422535211],[28.45135406218656,37.522887323943664],[28.45135406218656,37.47852112676056],[28.523513791021134,37.47610983537147],[28.50792377131394,37.49330985915493],[28.460782347041125,37.50070422535211]],[[28.470210631895686,38.14401408450704],[28.470210631895686,38.11443661971831],[28.5002499683148,38.1235628162339],[28.485180670595955,38.126177243791865],[28.498495486459376,38.13661971830986],[28.489067201604815,38.14401408450704],[28.470210631895686,38.14401408450704]],[[28.498495486459376,38.24014084507042],[28.441925777331996,38.26971830985915],[28.4990252269218,38.2360457921539],[28.498495486459376,38.24014084507042]],[[28.450538242949612,38.166709530676826],[28.4623282535126,38.1871455485736],[28.4489918235474,38.168666312784],[28.450538242949612,38.166709530676826]],[[28.460782347041125,38.19577464788732],[28.423069207622866,38.180985915492954],[28.43249749247743,38.17359154929577],[28.460782347041125,38.19577464788732]],[[28.435370207341133,38.08796746248067],[28.43094255413616,38.089387653104694],[28.4346491704454,38.0874737226665],[28.435370207341133,38.08796746248067]],[[28.347642928786357,38.13661971830986],[28.37592778335005,38.11443661971831],[28.39362776522919,38.10865533670755],[28.35707121364092,38.14401408450704],[28.347642928786357,38.13661971830986]],[[28.385356068204615,38.26971830985915],[28.30050150451354,38.3362676056338],[28.27221664994985,38.32887323943662],[28.28164493480441,38.30669014084507],[28.30050150451354,38.321478873239435],[28.338214643931796,38.291901408450705],[28.35707121364092,38.26232394366197],[28.385356068204615,38.26971830985915]],[[28.38511545604676,38.25655994948575],[28.378348106082875,38.25606905385181],[28.3834428349884,38.2556581885036],[28.38511545604676,38.25655994948575]],[[28.36825000177974,38.25688341732779],[28.366958677050246,38.25777338449864],[28.3672299204458,38.2569656819743],[28.36825000177974,38.25688341732779]],[[28.338214643931796,37.552464788732394],[28.347642928786357,37.63380281690141],[28.291073219658976,37.69295774647887],[28.25336008024072,37.82605633802817],[28.22507522567703,37.863028169014086],[28.14964894684052,37.87781690140845],[28.140220661985957,37.79647887323944],[28.12136409227683,37.7669014084507],[28.008224674022067,37.69295774647887],[27.989368104312938,37.66338028169014],[27.989368104312938,37.61901408450704],[28.01765295887663,37.59683098591549],[28.055366098294883,37.59683098591549],[28.083650952858576,37.61901408450704],[28.083650952858576,37.64859154929577],[28.102507522567702,37.66338028169014],[28.14964894684052,37.67077464788732],[28.177933801404212,37.64859154929577],[28.19679037111334,37.589436619718306],[28.243931795386157,37.53767605633803],[28.28164493480441,37.522887323943664],[28.338214643931796,37.552464788732394]],[[28.262788365095286,38.04049295774648],[28.3306225756032,38.1015804904685],[28.309929789368105,38.089547038524586],[28.32878635907723,38.10704225352113],[28.319358074222666,38.11443661971831],[28.25336008024072,38.04788732394366],[28.262788365095286,38.04049295774648]],[[28.301588113818454,38.06629008569464],[28.2793016347869,38.0353738810652],[28.3012839608398,38.0643663181249],[28.301588113818454,38.06629008569464]],[[28.21402307862297,37.49261594228601],[28.2206244039689,37.4948163842701],[28.220913442312323,37.49533940602645],[28.21402307862297,37.49261594228601]],[[28.14964894684052,37.50809859154929],[28.14964894684052,37.49330985915493],[28.1977766335278,37.4872004600902],[28.184230824898624,37.49330985915493],[28.215646940822467,37.50070422535211],[28.14964894684052,37.50809859154929]],[[28.130792377131392,38.39542253521127],[28.074222668004012,38.39542253521127],[28.064794383149447,38.388028169014085],[28.14964894684052,38.36584507042254],[28.177933801404212,38.37323943661972],[28.130792377131392,38.39542253521127]],[[28.040002167191258,38.025704225352115],[28.1304449440973,38.0255943422225],[28.14439750855954,38.041043190108944],[28.130792377131392,38.055281690140845],[28.111935807422267,38.04049295774648],[28.036509528585757,38.04049295774648],[27.998796389167502,37.99612676056338],[27.979939819458373,38.01091549295774],[27.913941825476428,38.00352112676056],[28.0016665967151,37.9747061248734],[27.993635678904926,37.98133802816901],[28.027081243731192,37.988732394366195],[28.040002167191258,38.025704225352115]],[[28.133048192102937,37.45078926824502],[28.1350318063679,37.4502459217535],[28.1416957405009,37.4526691697952],[28.133048192102937,37.45078926824502]],[[27.895085255767302,38.35845070422535],[27.970511534603812,38.35845070422535],[27.970511534603812,38.388028169014085],[28.008224674022067,38.417605633802815],[27.979939819458373,38.425],[27.961083249749247,38.41021126760563],[27.951654964894683,38.43239436619718],[28.055366098294883,38.454577464788734],[28.102507522567702,38.49154929577465],[28.102507522567702,38.53591549295775],[28.055366098294883,38.558098591549296],[27.885656970912738,38.57288732394366],[27.866800401203612,38.558098591549296],[27.810230692076228,38.558098591549296],[27.76308926780341,38.52112676056338],[27.781945837512538,38.46197183098592],[27.876228686058173,38.388028169014085],[27.876228686058173,38.32887323943662],[27.8917237264016,38.3212071771667],[27.895085255767302,38.35845070422535]],[[27.28224674022066,38.01091549295774],[27.45195586760281,38.14401408450704],[27.791374122367102,38.14401408450704],[27.810230692076228,38.15880281690141],[28.036509528585757,38.17359154929577],[28.083650952858576,38.21056338028169],[28.01765295887663,38.27711267605633],[27.847943831494483,38.27711267605633],[27.715947843530593,38.23274647887324],[27.395386158475425,38.2475352112676],[27.310531594784354,38.21056338028169],[27.310531594784354,38.10704225352113],[27.216248746238715,38.018309859154925],[27.28224674022066,38.01091549295774]],[[28.008224674022067,37.485915492957744],[27.979939819458373,37.47852112676056],[27.913941825476428,37.47112676056338],[27.979939819458373,37.4637323943662],[28.008224674022067,37.485915492957744]],[[27.9979938610913,38.404363739651],[27.990478190341566,38.39804621958849],[28.000258454594146,38.40406108172766],[27.9979938610913,38.404363739651]],[[27.973549985348974,39.23651831269129],[27.9737386640241,39.2374654796744],[27.973029371976462,39.23776504443089],[27.973549985348974,39.23651831269129]],[[27.9339285126281,39.2694938121185],[27.932945545388,39.2639236670274],[27.952923001223454,39.279220212854014],[27.9339285126281,39.2694938121185]],[[27.932798395185557,37.50070422535211],[27.83851554663992,37.50070422535211],[27.912615740545373,37.49330985915493],[27.8632818008632,37.4894506197464],[27.930443679631782,37.49380218390897],[27.932798395185557,37.50070422535211]],[[27.876228686058173,38.0000754034309],[27.866800401203612,38.025704225352115],[27.857372116349048,38.00352112676056],[27.800802407221664,37.97394366197183],[27.829087261785357,37.96654929577465],[27.876228686058173,38.0000754034309]],[[27.800802407221664,37.47112676056338],[27.73480441323972,37.53767605633803],[27.63109327983952,37.530281690140846],[27.73480441323972,37.522887323943664],[27.744232698094283,37.485915492957744],[27.800802407221664,37.47112676056338]],[[27.7087473269067,38.4248477988367],[27.706853906196944,38.42829162925421],[27.708665740387822,38.42437867645502],[27.7087473269067,38.4248477988367]],[[27.66458585466994,38.46946718866507],[27.69689949684105,38.44639711291748],[27.6967183898456,38.4467265176697],[27.66458585466994,38.46946718866507]],[[27.62495038967684,37.99502079977989],[27.608592872024264,37.994169312124214],[27.6115235938969,37.9927073990554],[27.62495038967684,37.99502079977989]],[[27.5908502556105,37.5342374440914],[27.60909584812884,37.54224517413184],[27.6075425430861,37.5429351753439],[27.5908502556105,37.5342374440914]],[[27.517953861584754,39.0387323943662],[27.50702040873492,39.01772976109967],[27.469424871308796,38.988913897163556],[27.53681043129388,39.0387323943662],[27.517953861584754,39.0387323943662]],[[27.4740042431448,37.9391362989436],[27.4802407221665,37.9443661971831],[27.4802407221665,37.97394366197183],[27.53681043129388,38.00352112676056],[27.489669007021064,38.01091549295774],[27.46138415245737,37.988732394366195],[27.46138415245737,37.959154929577466],[27.40481444332999,37.92957746478873],[27.45195586760281,37.922183098591546],[27.4740042431448,37.9391362989436]],[[27.513596816113722,37.54580003279097],[27.5299661383619,37.5479980334595],[27.5138688447617,37.5461156886549],[27.513596816113722,37.54580003279097]],[[27.470812437311935,39.26795774647887],[27.46138415245737,39.21619718309859],[27.47209449768035,39.205353618151335],[27.4871708253892,39.2551930993591],[27.4802407221665,39.23782768356574],[27.470812437311935,39.26795774647887]],[[27.4802407221665,39.00915492957746],[27.442527582748244,38.9943661971831],[27.45195586760281,38.986971830985915],[27.4802407221665,39.00915492957746]],[[27.45195586760281,37.47852112676056],[27.442527582748244,37.456338028169014],[27.470812437311935,37.43415492957746],[27.4802407221665,37.44154929577465],[27.45195586760281,37.47852112676056]],[[27.47980423136974,37.5374804746344],[27.4716134499274,37.5289798600297],[27.471598939365165,37.5269799961343],[27.47980423136974,37.5374804746344]],[[27.460077045943713,37.38263028974124],[27.4639166419602,37.3843855336607],[27.463906588288452,37.38667777337438],[27.460077045943713,37.38263028974124]],[[27.460063092532568,39.15739168947377],[27.4619797915406,39.1493733232076],[27.463573777373625,39.14839940793965],[27.460063092532568,39.15739168947377]],[[27.3765295887663,37.818661971830984],[27.442527582748244,37.8556338028169],[27.414242728184554,37.863028169014086],[27.378844416330864,37.83526616514531],[27.364767352727625,37.8442609650203],[27.377651482747197,37.83433057740028],[27.367101303911735,37.82605633802817],[27.3765295887663,37.818661971830984]],[[27.3716755993993,38.9256176657577],[27.37201767081894,38.9256654977789],[27.37147890430931,38.925701160817034],[27.3716755993993,38.9256176657577]],[[27.319959879638915,37.90739436619718],[27.291675025075225,37.9],[27.303251770843,37.88902698282],[27.35083913903958,37.870460382612116],[27.319959879638915,37.90739436619718]],[[27.1835709216474,38.7326316808434],[27.178560373857586,38.732654985728814],[27.186270588212814,38.73078285698928],[27.1835709216474,38.7326316808434]],[[27.10310932798395,38.816901408450704],[27.1571595609274,38.8367081331014],[27.159679037111335,38.87605633802817],[27.140822467402206,38.87605633802817],[27.140822467402206,38.846478873239434],[27.084252758274825,38.816901408450704],[27.084252758274825,38.787323943661974],[27.112537612838516,38.76514084507042],[27.1286562102375,38.7675853304911],[27.10310932798395,38.787323943661974],[27.10310932798395,38.816901408450704]],[[27.104062550417105,38.79776805781129],[27.10972177196934,38.80776463809978],[27.1052956668941,38.803933639585],[27.104062550417105,38.79776805781129]],[[27.090284356490127,39.3419014084507],[27.080507791408195,39.33857240201133],[27.0977122061578,39.343753967016],[27.10310932798395,39.349295774647885],[27.07482447342026,39.35669014084507],[27.02768304914744,39.319718309859155],[27.037111334002006,39.31232394366197],[27.07482447342026,39.3419014084507],[27.090284356490127,39.3419014084507]],[[26.914543630892677,39.27535211267605],[26.905115346038116,39.282746478873236],[26.857973921765296,39.24577464788732],[26.86740220661986,39.23838028169014],[26.914543630892677,39.27535211267605]],[[26.9142802736341,39.27119642990594],[26.9079599774547,39.2689291214425],[26.889452102938918,39.254738278083515],[26.9142802736341,39.27119642990594]],[[26.88826997427689,39.25383188536626],[26.8872878627932,39.2530788550702],[26.887254939766738,39.25205089870143],[26.88826997427689,39.25383188536626]],[[26.8777568695511,39.235385518139],[26.877941316233425,39.2357091495804],[26.877569573371737,39.23536975823017],[26.8777568695511,39.235385518139]],[[26.6595516803219,39.6023065225936],[26.657698779320782,39.60876151345674],[26.65885730129354,39.600625190800955],[26.6595516803219,39.6023065225936]]],[[[29.771313941825476,40.746830985915494],[29.714744232698095,40.776408450704224],[29.6156258496138,40.7835609629509],[29.571223193242886,40.767369643277135],[29.489306583216,40.779847780639],[29.353177612799474,40.76161971830986],[29.330764889891757,40.81540397436559],[29.362936855960484,40.81991738120424],[29.356469408224672,40.86514084507042],[29.310254879084862,40.81410722218309],[29.29012090305962,40.813655178777374],[29.2649176391599,40.8386659626759],[29.2857775839554,40.8534273840577],[29.170613106181886,40.89259339960556],[29.073620862587763,40.96866197183099],[29.0231349113979,40.9800229358658],[29.0077904277462,41.0235128863139],[29.0514919586052,41.0486332349615],[29.0663177779232,41.1015606293902],[29.0965750499946,41.1178544314093],[29.0739281898648,41.1630282759531],[29.09247743229689,41.17570422535211],[29.1679037111334,41.146126760563384],[29.186760280842527,41.11654929577465],[29.224473420260782,41.11654929577465],[29.309327983951857,41.05],[29.328184553660982,41.0056338028169],[29.394182547642927,40.95387323943662],[29.488465396188566,40.92429577464789],[29.620461384152456,40.92429577464789],[29.648746238716146,40.8725352112676],[29.73360080240722,40.80598591549296],[29.80902708124373,40.776408450704224],[29.893881644934805,40.76901408450704],[29.851670213105695,40.75069745474206],[29.771313941825476,40.746830985915494]],[[29.3701141398645,40.835453084652],[29.3708422552301,40.8370378056688],[29.368215685670844,40.841079662693005],[29.3701141398645,40.835453084652]]],[[[29.78074222668004,36.82630520834932],[29.799598796389166,36.849999999999994],[29.803438084716753,36.853011057076515],[29.78074222668004,36.82630520834932]]],[[[29.743029087261785,36.73169014084507],[29.746381497543812,36.74910808413525],[29.743029087261785,36.718304774832134],[29.743029087261785,36.73169014084507]]],[[[29.73360080240722,40.613732394366195],[29.737816431764173,40.610426182505],[29.720483557732326,40.613732394366195],[29.73360080240722,40.613732394366195]]],[[[29.686355790567838,40.6062567870512],[29.695887662988966,40.613732394366195],[29.701315978955783,40.613732394366195],[29.686355790567838,40.6062567870512]]],[[[29.118006615071515,38.84431766930447],[29.1139133806144,38.8398106737562],[29.113241301149127,38.84058035369191],[29.118006615071515,38.84431766930447]]],[[[28.922768304914744,40.99823943661972],[28.8271194046639,40.9553141621945],[28.771915747241724,40.983450704225355],[28.603366196162888,40.96866197183099],[28.5860396860825,41.0176978410574],[28.545636910732195,41.013028169014085],[28.533803385132696,40.98895870072383],[28.394784353059176,41.05739436619719],[28.2573567888898,41.0642251292012],[28.234490389336,41.078157527013],[28.074222668004012,41.07218309859155],[28.036509528585757,41.05739436619719],[27.970511534603812,41.0056338028169],[27.96073293569696,40.96866197183099],[27.867370431528,40.9694603568632],[27.810230692076228,41.013028169014085],[27.697091273821464,41.013028169014085],[27.566475967428136,40.983450704225355],[27.517953861584754,40.99084507042254],[27.60280842527583,41.042605633802815],[27.715947843530593,41.07218309859155],[27.942226680040122,41.08697183098592],[27.951654964894683,41.06478873239437],[27.982126831395,41.054824332223866],[27.998796389167502,41.10176056338028],[28.09307923771314,41.10176056338028],[28.111935807422267,41.11654929577465],[28.30050150451354,41.13133802816901],[28.319358074222666,41.146126760563384],[28.413640922768305,41.146126760563384],[28.50792377131394,41.17570422535211],[28.621063189568705,41.249647887323945],[28.7530591775326,41.249647887323945],[28.903911735205618,41.19049295774648],[28.979338014042128,41.19049295774648],[29.045336008024073,41.16830985915493],[29.0376441470523,41.1571643672509],[29.060075893669534,41.13550378280488],[29.045336008024073,41.12394366197183],[29.065792132107738,41.11654929577465],[29.0324345486507,41.0499713044711],[28.9742116111352,41.0214554010728],[28.9398940209497,41.0483116007939],[28.9476466840302,41.0620065566531],[28.9375583894159,41.0469300878857],[28.9630160685313,41.021896333491],[28.9872136720584,41.0158756042099],[28.982923813719,41.0038825353463],[28.922768304914744,40.99823943661972]]],[[[28.45135406218656,40.30316901408451],[28.111935807422267,40.30316901408451],[28.09307923771314,40.317957746478875],[28.036509528585757,40.317957746478875],[27.980043101653916,40.362242942038954],[28.1803239698125,40.3976212646822],[28.191523509524576,40.33980425584937],[28.1839455281182,40.3981829963914],[28.2561486778689,40.4014176337793],[28.5095181548685,40.394669140226],[28.6552577673001,40.3613399478194],[28.7795398682218,40.3944100314681],[28.8692582144272,40.3850790442297],[28.9271058621599,40.3564634355235],[29.045336008024073,40.362697017018945],[29.01705115346038,40.33274647887324],[28.94162487462387,40.33274647887324],[28.922768304914744,40.317957746478875],[28.470210631895686,40.317957746478875],[28.45135406218656,40.30316901408451]]],[[[28.915919733488153,38.977554260561824],[28.93219658976931,39.01826081025442],[28.9371279532602,39.0135948114971],[28.915919733488153,38.977554260561824]]],[[[27.829087261785357,40.40669014084507],[27.792723201157035,40.39295945694579],[27.747939523335,40.4298433469176],[27.7497211433397,40.451002093162],[27.6884387150748,40.4785149892566],[27.6854739328005,40.5022327376231],[27.7195316881459,40.5219594238266],[27.7703863171383,40.5196300345349],[27.7829105706825,40.5059319096249],[27.8729807447416,40.515578710072],[28.027081243731192,40.481970475566044],[28.02428551590915,40.45625808535323],[27.9442576288959,40.4138245515574],[27.885656970912738,40.39190140845071],[27.829087261785357,40.40669014084507]]],[[[27.829087261785357,40.28838028169014],[27.678234704112338,40.28838028169014],[27.65937813440321,40.30316901408451],[27.55242906383047,40.30316901408451],[27.6267263977911,40.326461323769],[27.6749673448959,40.308059893592],[27.7588540932699,40.3058931149175],[27.87373630688284,40.37167302003274],[27.913941825476428,40.32535211267606],[27.829087261785357,40.28838028169014]]],[[[27.715947843530593,39.35669014084507],[27.716350379087526,39.35669014084507],[27.71528668938255,39.356171614309346],[27.715947843530593,39.35669014084507]]],[[[27.70651955867603,38.37323943661972],[27.713621778159702,38.378809528368656],[27.70651955867603,38.3631859719773],[27.70651955867603,38.37323943661972]]],[[[27.4740042431448,37.9391362989436],[27.47318383127277,37.93883165550486],[27.474115354460036,37.93956222566413],[27.4740042431448,37.9391362989436]]],[[[27.533402686413243,40.30316901408451],[27.50852557673019,40.30316901408451],[27.506037352451454,40.305120465677405],[27.533402686413243,40.30316901408451]]],[[[26.379155057548,40.143160913584],[26.28284854563691,40.081338028169014],[26.1903835890201,40.0419844995715],[26.167441745940618,40.051760563380284],[26.2783177331675,40.218128070477],[26.2792736121128,40.2524672570963],[26.2302789643722,40.2893881090326],[26.2471844210553,40.3064805735064],[26.221058609951,40.3201126347167],[26.5932649662668,40.4981271725242],[26.7013004392959,40.5097746444933],[26.746599627906,40.5575445401334],[26.755848138568,40.5455606922431],[26.7960730884623,40.5567072289915],[26.8382104839005,40.5884991544959],[26.8272922191651,40.6282570798154],[26.79197592778335,40.6580985915493],[26.733281572388325,40.64330985915493],[26.603410230692077,40.64330985915493],[26.527983951855568,40.59894366197183],[26.458756612165,40.6168026020101],[26.401054276940563,40.602917043613445],[26.320561685055164,40.613732394366195],[26.30170511534604,40.59894366197183],[26.30170511534604,40.70246478873239],[26.414844533600803,40.746830985915494],[26.471414242728184,40.746830985915494],[26.527983951855568,40.776408450704224],[26.584553660982948,40.776408450704224],[26.659979939819458,40.80598591549296],[26.754262788365097,40.80598591549296],[26.773119358074222,40.820774647887326],[26.86740220661986,40.820774647887326],[26.99939819458375,40.76161971830986],[27.13139418254764,40.746830985915494],[27.263390170511535,40.79119718309859],[27.470812437311935,40.96866197183099],[27.4802407221665,40.9612676056338],[27.46138415245737,40.93169014084507],[27.456869804287123,40.85420598937517],[27.367101303911735,40.79859154929578],[27.30110330992979,40.70246478873239],[27.169107321965896,40.62852112676056],[27.05596790371113,40.613732394366195],[26.980541624874625,40.554577464788736],[26.96033655295409,40.554577464788736],[26.9648673641395,40.5693482480763],[26.958302570697096,40.554577464788736],[26.905115346038116,40.554577464788736],[26.84996161967944,40.51132178720514],[26.754262788365097,40.49542253521127],[26.697693079237713,40.46584507042254],[26.688264794383148,40.42887323943662],[26.631695085255767,40.39929577464789],[26.630146225614283,40.36850357827713],[26.588327741287095,40.320917662546],[26.527983951855568,40.30316901408451],[26.4225774021732,40.2213191444568],[26.348846539618858,40.207042253521124],[26.379155057548,40.143160913584]],[[27.0138816820149,40.6804703406856],[27.017353042299895,40.6947633434699],[27.00495330011269,40.67043177459388],[27.0138816820149,40.6804703406856]],[[27.0143123876228,40.7057096989827],[26.961685055165496,40.746830985915494],[26.933400200601806,40.73943661971831],[26.989969909729187,40.709859154929575],[26.99939819458375,40.67288732394366],[27.008826479438316,40.70725796588191],[27.016373770460167,40.69828872166628],[27.0143123876228,40.7057096989827]],[[26.858084165124758,40.73204225352113],[26.84930421389917,40.726642817939045],[26.899160296709145,40.736662191847785],[26.810832497492477,40.746830985915494],[26.79197592778335,40.79119718309859],[26.790119025872418,40.718709842497354],[26.757879817576075,40.69962804387959],[26.71654964894684,40.70246478873239],[26.707121364092277,40.680281690140845],[26.71654964894684,40.67288732394366],[26.735406218655967,40.68767605633803],[26.754262788365097,40.68767605633803],[26.810832497492477,40.73204225352113],[26.858084165124758,40.73204225352113]],[[26.812168706207732,40.725327601939654],[26.830535553471133,40.72597809449734],[26.8145510455302,40.7262687220265],[26.812168706207732,40.725327601939654]],[[26.7352792987099,40.6862512095077],[26.732496426598786,40.66938824267245],[26.736728198031173,40.68710878655524],[26.7352792987099,40.6862512095077]]],[[[26.3793466031248,38.52678379421547],[26.3718459129412,38.5307805941015],[26.3738763706321,38.5397905401592],[26.3793466031248,38.52678379421547]]]]}},{"type":"Feature","id":"step-meadow-map","properties":{"id":"step-meadow-map","name":"Bozkır-Antropojen Bozkır-Çayır","source":"MEB","source_url":"https://ogmmateryal.eba.gov.tr/panel/upload/etkilesimli/kitap/cografya/10/unite1/bolum2/files/mobile/41.jpg","source_rgb":[255,248,124]},"geometry":{"type":"MultiPolygon","coordinates":[[[[29.9856615237954,37.2113117867985],[30.019771667765863,37.25408452921734],[30.044734202607824,37.219718309859154],[30.03530591775326,37.197535211267606],[29.91273821464393,37.13098591549296],[29.91273821464393,37.086619718309855],[30.06359077231695,36.95352112676056],[30.06359077231695,36.9387323943662],[30.120160481444334,36.90915492957746],[30.13901705115346,36.87957746478873],[30.13901705115346,36.83521126760563],[30.176730190571714,36.8056338028169],[30.176730190571714,36.657746478873236],[30.11073219658977,36.60598591549296],[30.054162487462385,36.60598591549296],[30.03530591775326,36.54683098591549],[29.98816449348044,36.56901408450704],[30.00702106318957,36.583802816901404],[29.98816449348044,36.598591549295776],[29.98816449348044,36.74647887323943],[29.969307923771314,36.77605633802817],[29.865596790371114,36.857394366197184],[29.82788365095286,36.857394366197184],[29.790170511534605,36.90176056338028],[29.790170511534605,36.87218309859155],[29.75245737211635,36.87218309859155],[29.6864593781344,36.923943661971826],[29.6864593781344,36.95352112676056],[29.648746238716146,36.98309859154929],[29.679420824830697,36.98861875151781],[29.695887662988966,36.97570422535211],[29.70531594784353,36.99788732394366],[29.639317953861585,37.00528169014084],[29.61103309929789,37.027464788732395],[29.55446339017051,37.14577464788732],[29.479037111334,37.219718309859154],[29.479037111334,37.249295774647884],[29.488465396188566,37.256690140845066],[29.52617853560682,37.256690140845066],[29.545035105315947,37.2419014084507],[29.639317953861585,37.2419014084507],[29.724172517552656,37.293661971830986],[29.724172517552656,37.352816901408445],[29.667602808425276,37.42676056338028],[29.667602808425276,37.559859154929576],[29.724172517552656,37.64859154929577],[29.818455366098295,37.70774647887324],[29.82788365095286,37.72992957746479],[29.941023069207624,37.74471830985915],[30.016449348044134,37.77429577464788],[30.073019057171514,37.77429577464788],[30.091875626880643,37.789084507042254],[30.1857659976192,37.7791769067337],[30.15787362086259,37.79647887323944],[30.21444332998997,37.84084507042253],[30.21444332998997,37.87042253521127],[30.233299899699098,37.885211267605634],[30.233299899699098,37.92957746478873],[30.19558676028084,37.97394366197183],[30.2297295364726,37.9976009261009],[30.233299899699098,38.018309859154925],[30.26158475426279,38.04049295774648],[30.272947393997462,38.04049295774648],[30.2507581029073,38.0302729936592],[30.326354282153332,38.05252608857449],[30.2841534652535,38.04340429659921],[30.299297893681043,38.055281690140845],[30.3394634843126,38.0563850179916],[30.346439317953863,38.09225352112676],[30.337011033099298,38.09964788732394],[30.31815446339017,38.07007042253521],[30.223871614844533,38.04049295774648],[30.18615847542628,37.99612676056338],[30.03530591775326,37.99612676056338],[30.00702106318957,37.97394366197183],[30.00702106318957,37.87042253521127],[29.978736208625875,37.848239436619714],[29.903309929789366,37.848239436619714],[29.846740220661985,37.818661971830984],[29.75245737211635,37.863028169014086],[29.743029087261785,37.8556338028169],[29.818455366098295,37.8112676056338],[29.639317953861585,37.72992957746479],[29.545035105315947,37.72992957746479],[29.365897693079237,37.8112676056338],[29.34704112337011,37.84084507042253],[29.34704112337011,37.959154929577466],[29.309327983951857,38.00352112676056],[29.196188565697092,38.07746478873239],[29.177331995987963,38.13661971830986],[29.158475426278837,38.151408450704224],[29.1679037111334,38.17359154929577],[29.215045135406218,38.16619718309859],[29.2226994357106,38.2020336677504],[29.215045135406218,38.184753998909564],[29.215045135406218,38.21056338028169],[29.196188565697092,38.225352112676056],[29.252758274824473,38.254929577464786],[29.177331995987963,38.254929577464786],[29.177331995987963,38.31408450704225],[29.120762286860582,38.37323943661972],[29.120762286860582,38.417605633802815],[29.177331995987963,38.47676056338028],[29.158475426278837,38.53591549295775],[29.139618856569708,38.55070422535211],[29.139618856569708,38.58028169014084],[29.120762286860582,38.59507042253521],[29.158475426278837,38.683802816901405],[29.262186559679037,38.76514084507042],[29.318756268806418,38.76514084507042],[29.394182547642927,38.79471830985916],[29.545035105315947,38.79471830985916],[29.592176529588766,38.74295774647887],[29.648746238716146,38.49154929577465],[29.70531594784353,38.44718309859155],[29.70531594784353,38.43239436619718],[29.83731193580742,38.32887323943662],[29.83731193580742,38.31408450704225],[29.922166499498495,38.26232394366197],[30.016449348044134,38.2475352112676],[30.073019057171514,38.291901408450705],[30.11458736930089,38.257294794761464],[30.120160481444334,38.26971830985915],[30.08244734202608,38.31309945968592],[30.08244734202608,38.34366197183098],[30.00702106318957,38.43239436619718],[30.00702106318957,38.46197183098592],[29.98816449348044,38.47676056338028],[29.98816449348044,38.53591549295775],[30.03530591775326,38.57288732394366],[30.091875626880643,38.57288732394366],[30.176730190571714,38.60985915492957],[30.233299899699098,38.66901408450704],[30.233299899699098,38.72816901408451],[30.16730190571715,38.76514084507042],[30.016449348044134,38.779929577464785],[30.025877632898695,38.816901408450704],[29.950451354062185,38.8612676056338],[29.93159478435306,38.890845070422536],[29.95987963891675,38.91302816901408],[30.073019057171514,38.91302816901408],[30.101303911735204,38.890845070422536],[30.091875626880643,38.86866197183099],[30.06359077231695,38.8612676056338],[30.073019057171514,38.853873239436616],[30.129588766298895,38.88345070422535],[30.223871614844533,38.86866197183099],[30.28986960882648,38.890845070422536],[30.308726178535608,38.93521126760563],[30.24272818455366,38.986971830985915],[30.16730190571715,39.00176056338028],[29.95987963891675,39.149647887323944],[29.88445336008024,39.149647887323944],[29.76188565697091,39.20140845070422],[29.78074222668004,39.24577464788732],[29.865596790371114,39.29753521126761],[30.016449348044134,39.29753521126761],[30.025877632898695,39.36408450704225],[29.941023069207624,39.445422535211264],[29.75245737211635,39.475],[29.743029087261785,39.52676056338028],[29.80902708124373,39.54894366197183],[29.903309929789366,39.519366197183096],[29.997592778335004,39.519366197183096],[30.11073219658977,39.489788732394366],[30.13901705115346,39.46760563380282],[30.13901705115346,39.36408450704225],[30.15787362086259,39.349295774647885],[30.176730190571714,39.290140845070425],[30.308726178535608,39.17183098591549],[30.308726178535608,39.157042253521126],[30.42186559679037,39.06830985915493],[30.42186559679037,39.053521126760565],[30.582146439317953,38.957394366197185],[30.657572718154462,38.94260563380281],[30.789568706118352,38.86866197183099],[30.82728184553661,38.86866197183099],[30.98756268806419,39.00915492957746],[30.98756268806419,39.14225352112676],[30.93099297893681,39.24577464788732],[30.82728184553661,39.32711267605634],[30.657572718154462,39.386267605633805],[30.619859578736207,39.386267605633805],[30.591574724172517,39.40845070422535],[30.591574724172517,39.49718309859155],[30.403009027081243,39.64507042253521],[30.308726178535608,39.76338028169014],[30.24272818455366,39.78556338028169],[30.148445336008024,39.78556338028169],[30.08244734202608,39.822535211267606],[30.06359077231695,39.852112676056336],[30.06359077231695,39.89647887323944],[30.091875626880643,39.918661971830986],[30.26158475426279,39.918661971830986],[30.280441323971914,39.90387323943662],[30.299297893681043,39.918661971830986],[30.506720160481443,39.844718309859154],[30.7518555667001,39.844718309859154],[30.864994984954865,39.87429577464789],[30.996990972918756,39.87429577464789],[31.1667001003009,39.80035211267606],[31.20441323971916,39.80035211267606],[31.31755265797392,39.75598591549296],[31.54383149448345,39.74119718309859],[31.638114343029088,39.77077464788732],[31.741825476429288,39.852112676056336],[31.741825476429288,39.88169014084507],[31.722968906720162,39.9112676056338],[31.675827482447342,39.93345070422535],[31.581544633901704,39.93345070422535],[31.54383149448345,39.948239436619716],[31.46840521564694,40.051760563380284],[31.430692076228688,40.06654929577465],[31.374122367101304,40.051760563380284],[31.326980942828484,40.0887323943662],[31.308124373119355,40.1330985915493],[31.355265797392175,40.184859154929576],[31.506118355065194,40.184859154929576],[31.581544633901704,40.14049295774648],[31.675827482447342,40.12570422535211],[31.788966900702107,40.155281690140846],[31.864393179538617,40.21443661971831],[32.015245737211636,40.27359154929577],[32.071815446339016,40.27359154929577],[32.18495486459378,40.24401408450704],[32.21323971915747,40.207042253521124],[32.21323971915747,40.147887323943664],[32.260381143430294,40.110915492957744],[32.298094282848545,40.110915492957744],[32.373520561685055,40.184859154929576],[32.486659979939816,40.22922535211268],[32.920361083249745,40.22922535211268],[32.939217652958874,40.24401408450704],[32.99578736208626,40.24401408450704],[33.05235707121364,40.27359154929577],[33.1654964894684,40.37711267605634],[33.21152169057171,40.38363161655303],[33.216576930911515,40.371892019397585],[33.22206619859578,40.39190140845071],[33.30692076228686,40.384507042253524],[33.23149448345035,40.34014084507042],[33.26396422743158,40.33274647887324],[33.2476316979725,40.3284292086402],[33.2983915387656,40.3411372207206],[33.28609495127244,40.338596418744046],[33.33520561685055,40.39190140845071],[33.3729187562688,40.37711267605634],[33.41063189568706,40.39190140845071],[33.48605817452357,40.347535211267605],[33.589769307923774,40.35492957746479],[33.5049147442327,40.36232394366197],[33.420060180541626,40.39929577464789],[33.438916750250755,40.42887323943662],[33.438916750250755,40.47323943661972],[33.38234704112337,40.547183098591546],[33.38234704112337,40.59154929577465],[33.344633901705116,40.63591549295775],[33.32577733199599,40.709859154929575],[33.22206619859578,40.776408450704224],[33.15606820461384,40.75422535211268],[33.11835506519559,40.69507042253521],[33.23149448345035,40.60633802816901],[33.23149448345035,40.56197183098592],[33.25035105315948,40.547183098591546],[33.23149448345035,40.53239436619718],[33.212637913741226,40.47323943661972],[33.18435305917753,40.45105633802817],[33.160507996481584,40.45496868735634],[33.12778335005015,40.49542253521127],[33.08064192577733,40.50281690140845],[33.137211634904716,40.47323943661972],[33.15606820461384,40.443661971830984],[33.10892678034102,40.42147887323944],[33.01464393179538,40.45105633802817],[32.94864593781344,40.50281690140845],[32.96750250752257,40.517605633802816],[32.939217652958874,40.53978873239436],[32.92978936810431,40.53239436619718],[32.94864593781344,40.517605633802816],[32.920361083249745,40.510211267605634],[32.89207622868606,40.53239436619718],[32.88264794383149,40.584154929577466],[32.87321965897693,40.56197183098592],[32.8543630892678,40.56197183098592],[32.83550651955868,40.59154929577465],[32.83550651955868,40.63591549295775],[32.84493480441324,40.64330985915493],[32.90150451354062,40.59894366197183],[32.91093279839519,40.60633802816901],[32.89207622868606,40.63591549295775],[32.83550651955868,40.66549295774648],[32.788365095285855,40.717253521126764],[32.69408224674022,40.746830985915494],[32.59037111334002,40.813380281690144],[32.65469253797903,40.84570441420219],[32.612869227815516,40.83102498586955],[32.6469408224674,40.85774647887324],[32.637512537612835,40.86514084507042],[32.562086258776326,40.820774647887326],[32.5432296890672,40.83556338028169],[32.486659979939816,40.83556338028169],[32.316950852557675,40.79119718309859],[32.147241725175526,40.67288732394366],[32.03410230692076,40.613732394366195],[31.977532597793378,40.613732394366195],[31.949247743229687,40.63591549295775],[31.93039117352056,40.72464788732395],[31.949247743229687,40.73943661971831],[31.949247743229687,40.76901408450704],[31.996389167502507,40.80598591549296],[32.166098294884655,40.80598591549296],[32.18495486459378,40.820774647887326],[32.3358074222668,40.83556338028169],[32.448946840521565,40.86514084507042],[32.486659979939816,40.89471830985916],[32.514243976493624,40.88298253610062],[32.524373119358074,40.90950704225352],[32.637512537612835,40.95387323943662],[32.7506519558676,40.95387323943662],[32.939217652958874,40.879929577464786],[33.12778335005015,40.879929577464786],[33.33520561685055,40.93908450704225],[33.44834503510531,40.93908450704225],[33.45777331995988,40.90211267605634],[33.420060180541626,40.842957746478874],[33.420060180541626,40.76901408450704],[33.44834503510531,40.746830985915494],[33.54262788365095,40.776408450704224],[33.76890672016048,40.776408450704224],[33.816048144433296,40.73943661971831],[33.816048144433296,40.69507042253521],[33.86318956870612,40.67288732394366],[34.07061183550652,40.67288732394366],[34.08946840521565,40.68767605633803],[34.08946840521565,40.613732394366195],[34.117753259779334,40.650704225352115],[34.117753259779334,40.680281690140845],[34.14603811434303,40.70246478873239],[34.29689067201605,40.76161971830986],[34.37231695085256,40.76161971830986],[34.4383149448345,40.709859154929575],[34.4383149448345,40.680281690140845],[34.41945837512537,40.66549295774648],[34.40060180541625,40.60633802816901],[34.36288866599799,40.57676056338028],[34.32517552657974,40.50281690140845],[34.249749247743225,40.414084507042254],[34.249749247743225,40.36971830985915],[34.2308926780341,40.35492957746479],[34.2308926780341,40.31056338028169],[34.29689067201605,40.24401408450704],[34.52316950852558,40.27359154929577],[34.65516549648947,40.317957746478875],[34.730591775325976,40.317957746478875],[34.81544633901705,40.36971830985915],[34.83430290872618,40.414084507042254],[34.806018054162486,40.4362676056338],[34.56088264794383,40.42147887323944],[34.53259779338014,40.443661971830984],[34.53259779338014,40.488028169014086],[34.58916750250752,40.57676056338028],[34.62688064192577,40.60633802816901],[34.63630892678034,40.73204225352113],[34.71173520561685,40.746830985915494],[34.768304914744235,40.68767605633803],[34.806018054162486,40.68767605633803],[34.94744232698094,40.78380281690141],[34.938014042126376,40.820774647887326],[34.824874623871615,40.83556338028169],[34.79658976930792,40.85774647887324],[34.79658976930792,40.916901408450705],[34.8531594784353,40.99084507042254],[34.8531594784353,41.03521126760563],[34.83430290872618,41.05],[34.862587763289866,41.07218309859155],[34.919157472417254,41.08697183098592],[34.9622618876797,41.08697183098592],[34.9857635265014,41.0806125638434],[35.06169002749374,41.07870826694499],[35.07943831494483,41.05],[35.02286860581745,41.02042253521127],[35.032296890672015,41.013028169014085],[35.0777024052979,41.0232746987041],[35.061207784669435,41.02091352216152],[35.107723169508525,41.05739436619719],[35.258575727181544,40.95387323943662],[35.33400200601805,40.95387323943662],[35.37171514543631,40.99823943661972],[35.46802274347273,41.01133731392307],[35.455716937015076,41.013028169014085],[35.47542627883651,41.02042253521127],[35.465997993981944,41.02781690140845],[35.37171514543631,41.013028169014085],[35.33400200601805,41.05739436619719],[35.24914744232698,41.109154929577464],[35.23029087261785,41.1387323943662],[35.23029087261785,41.19788732394366],[35.296288866599795,41.23485915492958],[35.390571715145434,41.23485915492958],[35.428284854563685,41.220070422535215],[35.51313941825477,41.12394366197183],[35.56970912738215,41.0943661971831],[35.55085255767302,41.03521126760563],[35.43771313941825,40.916901408450705],[35.45656970912738,40.8725352112676],[35.56028084252758,40.80598591549296],[35.597993981945834,40.820774647887326],[35.69227683049147,40.820774647887326],[35.7111334002006,40.83556338028169],[35.84312938816449,40.83556338028169],[35.9043425101656,40.8687825567627],[36.01283851554664,40.83556338028169],[36.024712531428406,40.8403128981815],[35.946840521564695,40.887323943661976],[36.08826479438315,40.95387323943662],[36.20140421263791,40.95387323943662],[36.31454363089268,40.90950704225352],[36.35225677031093,40.90950704225352],[36.361685055165495,40.90211267605634],[36.342828485456366,40.887323943661976],[36.342828485456366,40.842957746478874],[36.361685055165495,40.813380281690144],[36.44653961885657,40.746830985915494],[36.55025075225677,40.69507042253521],[36.55025075225677,40.66549295774648],[36.569107321965895,40.650704225352115],[36.54082246740221,40.62852112676056],[36.10712136409228,40.76161971830986],[35.74884653961885,40.80598591549296],[35.67342026078234,40.746830985915494],[35.6074222668004,40.72464788732395],[35.56970912738215,40.66549295774648],[35.56970912738215,40.63591549295775],[35.522567703109324,40.59894366197183],[35.465997993981944,40.59894366197183],[35.447141424272814,40.62852112676056],[35.428284854563685,40.59894366197183],[35.22086258776329,40.584154929577466],[35.032296890672015,40.525],[34.9851554663992,40.47323943661972],[35.04172517552658,40.443661971830984],[35.04172517552658,40.42887323943662],[34.900300902708125,40.347535211267605],[34.87201604814443,40.31056338028169],[34.89087261785356,40.280985915492955],[35.02286860581745,40.19225352112676],[35.07943831494483,40.11830985915493],[35.15486459378134,40.05915492957747],[35.145436308926776,40.03697183098591],[35.07943831494483,40.02957746478873],[35.145436308926776,40.02218309859155],[35.164292878635905,40.03697183098591],[35.22086258776329,39.99260563380282],[35.49428284854564,39.70422535211267],[35.49428284854564,39.64507042253521],[35.47542627883651,39.63028169014085],[35.47542627883651,39.452816901408454],[35.49428284854564,39.43802816901408],[35.49428284854564,39.40845070422535],[35.56028084252758,39.3419014084507],[35.65456369107322,39.3419014084507],[35.75827482447342,39.39366197183099],[35.77713139418255,39.43802816901408],[35.89027081243731,39.57112676056338],[36.08312173855425,39.75195234642307],[36.135406218655966,39.719014084507045],[36.135406218655966,39.615492957746476],[36.116549648946844,39.60070422535211],[36.116549648946844,39.556338028169016],[36.135406218655966,39.556338028169016],[36.135406218655966,39.60070422535211],[36.154262788365095,39.615492957746476],[36.154262788365095,39.719014084507045],[36.084965993934794,39.753398749438595],[36.116549648946844,39.778169014084504],[36.116549648946844,39.88169014084507],[36.097693079237715,39.89647887323944],[36.097693079237715,39.94084507042253],[36.135406218655966,40.0],[36.22026078234704,40.051760563380284],[36.27683049147442,40.051760563380284],[36.29568706118355,40.06654929577465],[36.50310932798395,40.06654929577465],[36.52196589769308,40.051760563380284],[36.59739217652959,40.051760563380284],[36.61624874623871,40.00739436619718],[36.62733118320965,40.0308747746052],[36.6287545548742,40.001148197127],[36.60286555710147,39.97500116929557],[36.6299918744387,40.0023855168639],[36.63510531594784,40.03697183098591],[36.89909729187563,40.02218309859155],[37.06880641925777,40.081338028169014],[37.125376128385156,40.12570422535211],[37.18194583751254,40.14049295774648],[37.351654964894685,40.14049295774648],[37.559077231695085,40.06654929577465],[37.804212637913736,40.081338028169014],[37.804212637913736,40.06654929577465],[37.72878635907723,40.03697183098591],[37.559077231695085,39.99260563380282],[37.53079237713139,39.955633802816905],[37.53079237713139,39.9112676056338],[37.51193580742226,39.88169014084507],[37.427081243731195,39.80035211267606],[37.200802407221666,39.69683098591549],[37.16308926780341,39.69683098591549],[36.993380140421266,39.63767605633803],[36.94623871614844,39.60070422535211],[36.927382146439314,39.541549295774644],[36.908525576730185,39.52676056338028],[36.93681043129388,39.50457746478873],[37.03109327983952,39.54894366197183],[37.31394182547643,39.54894366197183],[37.332798395185556,39.5637323943662],[37.427081243731195,39.5637323943662],[37.540220661985956,39.489788732394366],[37.615646940822465,39.475],[37.747642928786355,39.53415492957747],[37.823069207622865,39.60809859154929],[37.93620862587763,39.62288732394366],[38.087061183550645,39.72640845070423],[38.21905717151454,39.72640845070423],[38.26619859578736,39.778169014084504],[38.21905717151454,39.80035211267606],[38.124774322968904,39.80035211267606],[38.11534603811434,39.822535211267606],[38.256770310932794,39.948239436619716],[38.31334002006018,39.96302816901409],[38.74704112337011,39.948239436619716],[38.83189568706118,39.985211267605635],[38.850752256770306,40.014788732394365],[38.850752256770306,40.044366197183095],[38.83189568706118,40.05915492957747],[38.869608826479435,40.07394366197183],[38.78475426278836,40.09612676056338],[38.737612838515545,40.1330985915493],[38.737612838515545,40.19225352112676],[38.86018054162487,40.24401408450704],[38.89789368104313,40.22922535211268],[38.929729582196494,40.249872114408646],[38.90448226148035,40.234392609702354],[38.926178535606816,40.26619718309859],[39.001604814443326,40.31056338028169],[39.001604814443326,40.32535211267606],[38.97331995987964,40.347535211267605],[38.78475426278836,40.36232394366197],[38.70932798395185,40.39190140845071],[38.662186559679036,40.443661971830984],[38.72818455366098,40.49542253521127],[38.78475426278836,40.510211267605634],[38.879037111334,40.510211267605634],[38.888465396188565,40.50281690140845],[38.89789368104313,40.480633802816904],[38.95446339017051,40.46584507042254],[38.982748244734196,40.47323943661972],[38.945035105315945,40.488028169014086],[38.95446339017051,40.49542253521127],[39.19959879638917,40.49542253521127],[39.246740220661984,40.547183098591546],[39.246740220661984,40.57676056338028],[39.284453360080235,40.63591549295775],[39.34102306920762,40.680281690140845],[39.34102306920762,40.69507042253521],[39.44473420260782,40.746830985915494],[39.520160481444336,40.820774647887326],[39.6332998996991,40.80598591549296],[39.72758274824473,40.83556338028169],[40.048144433299896,40.83556338028169],[40.067001003009025,40.850352112676056],[40.142427281845535,40.850352112676056],[40.312136409227676,40.90950704225352],[40.368706118355064,40.95387323943662],[40.39699097291876,40.93169014084507],[40.39699097291876,40.90211267605634],[40.34042126379137,40.8725352112676],[40.34042126379137,40.85774647887324],[40.43470411233701,40.79859154929578],[40.500702106318954,40.70246478873239],[40.51013039117352,40.72464788732395],[40.47241725175526,40.75422535211268],[40.45356068204613,40.79859154929578],[40.51955867602808,40.820774647887326],[40.78355065195586,40.983450704225355],[40.85897693079237,41.013028169014085],[40.99097291875627,41.02781690140845],[41.00982948846539,41.013028169014085],[41.06639919759277,41.013028169014085],[41.16068204613841,40.95387323943662],[41.21725175526579,40.95387323943662],[41.57552657973922,41.220070422535215],[41.70752256770311,41.279225352112675],[41.754663991975924,41.27183098591549],[41.754663991975924,41.2274647887324],[41.64152457372116,41.12394366197183],[41.566098294884654,41.079577464788734],[41.566098294884654,41.05],[41.61323971915747,41.042605633802815],[41.65095285857572,41.08697183098592],[41.68866599799398,41.10176056338028],[41.698094282848544,41.079577464788734],[41.679237713139415,41.06478873239437],[41.735807422266795,41.05],[41.679237713139415,41.02042253521127],[41.679237713139415,40.99084507042254],[41.735807422266795,40.916901408450705],[41.78294884653962,40.89471830985916],[41.830090270812434,40.97605633802817],[41.830090270812434,41.03521126760563],[41.80180541624874,41.042605633802815],[41.79237713139418,41.06478873239437],[41.99037111334002,41.10176056338028],[42.03751253761284,41.1387323943662],[42.028084252758276,41.16091549295775],[41.98094282848545,41.16830985915493],[42.03751253761284,41.25704225352113],[42.03751253761284,41.316197183098595],[42.00922768304915,41.35316901408451],[41.91494483450351,41.39753521126761],[41.852274961186026,41.44668561348697],[41.9162032209104,41.5012636418916],[41.9560472783354,41.5236028540544],[42.0396542210942,41.4940541822768],[42.1786236947264,41.5141508002142],[42.2055408293781,41.4955271794317],[42.28380696227197,41.49275298287803],[42.3282691354808,41.4688132271969],[42.3999697258394,41.4666785827495],[42.4489838519987,41.4387534834479],[42.5191992015297,41.4370036926446],[42.52869908300674,41.4418987999529],[42.5127214101585,41.4719147246558],[42.5701224666226,41.5087077338536],[42.576571935466,41.5655024120674],[42.6010842821785,41.5850877890977],[42.6976995563445,41.6004637854957],[42.7787112217215,41.5805412860531],[42.82948846539618,41.585057351914756],[42.79177532597793,41.52323943661972],[42.8100350967917,41.4932278270995],[42.8541111144741,41.4709270288456],[42.8684382062756,41.4980475456389],[42.8968347529103,41.5018092565867],[42.9010308253315,41.4785447410379],[42.96148445336008,41.45216646855528],[43.0213487071293,41.3745816169242],[43.0960603697113,41.3571051785564],[43.1375909360711,41.3182710985121],[43.20661985957874,41.30567070337308],[43.1293448596815,41.2547212806739],[43.19258693521728,41.2532591900418],[43.2370206132881,41.175291637184],[43.3663286401562,41.2033799186644],[43.44484944937957,41.177682533775105],[43.41404212637913,41.109154929577464],[43.38575727181545,41.08697183098592],[43.32918756268806,41.11654929577465],[43.30090270812437,41.0943661971831],[43.33969223248347,41.093522015601344],[43.311961074470034,41.0851430706452],[43.37296778316148,41.08221357221861],[43.44232698094282,40.99823943661972],[43.521715321317,41.0137253906584],[43.6761892517971,40.9307603673745],[43.6771871225799,40.8469321431871],[43.7070172873891,40.8197520822109],[43.7441027540335,40.742569419984],[43.7346038114343,40.69507042253521],[43.7491157147671,40.677689082581],[43.715747241725175,40.66549295774648],[43.715747241725175,40.63591549295775],[43.67140757059042,40.57156354155872],[43.640320962888666,40.56197183098592],[43.64940593462701,40.53951948056958],[43.54603811434303,40.50281690140845],[43.5551606656915,40.4625611110623],[43.616535625410435,40.42500773109149],[43.44232698094282,40.40669014084507],[43.31033099297893,40.46584507042254],[43.272617853560675,40.46584507042254],[43.234904714142424,40.4362676056338],[43.18776328986961,40.42887323943662],[43.20661985957874,40.36971830985915],[43.34804413239719,40.27359154929577],[43.46118355065195,40.22922535211268],[43.51775325977934,40.21443661971831],[43.59317953861584,40.24401408450704],[43.64974924774323,40.22922535211268],[43.713779296674,40.162045879219],[43.6613523689831,40.1535760400791],[43.640320962888666,40.1330985915493],[43.65815489866,40.1117772675071],[43.7293922721021,40.0782649759045],[43.767009540692,40.0818000176623],[43.85717151454363,40.03697183098591],[43.9707274802005,40.018729912525],[43.991024528553,40.03165014419],[44.1729059250019,40.0278199374151],[44.2756157535171,40.0489735979849],[44.319157472417245,40.02957746478873],[44.262587763289865,39.94084507042253],[44.187161484453355,39.88169014084507],[44.187161484453355,39.8669014084507],[44.224874623871614,39.83732394366197],[44.281444332998994,39.748591549295774],[44.281444332998994,39.719014084507045],[44.338014042126375,39.64507042253521],[44.338014042126375,39.615492957746476],[44.37572718154463,39.556338028169016],[44.37572718154463,39.482394366197184],[44.39458375125376,39.46760563380282],[44.39458375125376,39.42323943661972],[44.2938510556938,39.374502911091],[44.2212158220578,39.4174953346888],[44.17083015113636,39.40105633802817],[44.06459378134403,39.415845070422534],[44.0323713973355,39.3715888112523],[44.074022066198594,39.331311838578884],[44.0817823653432,39.2939675242241],[44.10510297567813,39.28493935427678],[44.0849900754492,39.2518153069801],[44.102362078139,39.2413999690566],[44.0991656007337,39.2072347787687],[44.1698796430459,39.1754278608067],[44.206018054162485,39.13834061081144],[44.22160693169188,39.09532455532038],[44.187161484453355,39.083098591549295],[44.19960350778228,39.06327909209011],[44.187161484453355,39.0387323943662],[44.206018054162485,39.02394366197183],[44.168304914744226,38.9943661971831],[44.187161484453355,38.97957746478873],[44.1985763515729,38.9226325316363],[44.2193011767187,38.9165159891878],[44.206018054162485,38.890845070422536],[44.2428501526401,38.8723106142452],[44.2483327778003,38.8498100249231],[44.298286330509,38.8400907952011],[44.312598184141876,38.811757123965336],[44.259906262168,38.7147754346009],[44.281444332998994,38.67614735506957],[44.262587763289865,38.654225352112675],[44.30646351329777,38.63460343954467],[44.319157472417245,38.60985915492957],[44.262587763289865,38.52112676056338],[44.21544633901705,38.484154929577464],[44.17773319959879,38.484154929577464],[44.092878635907724,38.417605633802815],[44.092878635907724,38.40281690140845],[44.12116349047141,38.3806338028169],[44.19658976930792,38.3806338028169],[44.29087261785356,38.41021126760563],[44.3208771413016,38.3718030072075],[44.3631933276267,38.373426209982],[44.3789195775858,38.358487557457],[44.4480859689705,38.3852004130556],[44.4654803631592,38.3582433223755],[44.507671307130266,38.34362129747477],[44.488866599799394,38.31408450704225],[44.39458375125376,38.254929577464786],[44.4102412157928,38.2203329172793],[44.39458375125376,38.16619718309859],[44.3501709950386,38.1332252332322],[44.35642843002717,38.12148419386721],[44.30030090270812,38.04788732394366],[44.25315947843531,38.01091549295774],[44.19658976930792,38.01091549295774],[44.14002006018054,37.98133802816901],[44.12116349047141,37.98133802816901],[44.11173520561685,38.00352112676056],[44.24373119358074,38.151408450704224],[44.262587763289865,38.19577464788732],[44.23430290872618,38.217957746478874],[44.12116349047141,38.217957746478874],[44.08345035105316,38.20316901408451],[44.074022066198594,38.225352112676056],[44.11173520561685,38.254929577464786],[44.11173520561685,38.29929577464789],[44.06459378134403,38.321478873239435],[43.9703109327984,38.321478873239435],[43.85717151454363,38.27711267605633],[43.80060180541625,38.23274647887324],[43.61203610832497,38.23274647887324],[43.59317953861584,38.217957746478874],[43.53660982948846,38.217957746478874],[43.47061183550652,38.16619718309859],[43.47061183550652,38.10704225352113],[43.40461384152457,38.055281690140845],[43.34804413239719,38.055281690140845],[43.24433299899699,38.121830985915494],[43.272617853560675,38.15880281690141],[43.34804413239719,38.18838028169014],[43.44232698094282,38.18838028169014],[43.489468405215646,38.225352112676056],[43.48004012036108,38.26232394366197],[43.423470411233694,38.27711267605633],[43.272617853560675,38.26232394366197],[43.19719157472417,38.291901408450705],[43.084052156469404,38.27711267605633],[42.99919759277833,38.19577464788732],[42.99919759277833,38.180985915492954],[43.09348044132397,38.121830985915494],[43.09348044132397,38.09225352112676],[43.07462387161485,38.07746478873239],[43.027482447342024,38.07007042253521],[42.970912738214636,38.084859154929575],[42.93319959879639,38.11443661971831],[42.820060180541624,38.11443661971831],[42.75406218655968,38.151408450704224],[42.782347041123366,38.18838028169014],[42.86720160481444,38.225352112676056],[42.86720160481444,38.24014084507042],[42.820060180541624,38.26232394366197],[42.75406218655968,38.26971830985915],[42.77291875626881,38.32887323943662],[42.79177532597793,38.34366197183098],[42.763490471414244,38.41021126760563],[42.744633901705114,38.3806338028169],[42.68806419257773,38.39542253521127],[42.480641925777334,38.321478873239435],[42.40521564694082,38.351056338028165],[42.376930792377124,38.37323943661972],[42.376930792377124,38.417605633802815],[42.40521564694082,38.43978873239436],[42.499498495486456,38.43978873239436],[42.612637913741224,38.49894366197183],[42.706920762286856,38.49894366197183],[42.725777331995985,38.513732394366194],[43.10290872617853,38.513732394366194],[43.13119358074222,38.53591549295775],[43.13119358074222,38.58028169014084],[43.084052156469404,38.60246478873239],[43.05576730190572,38.63943661971831],[43.121765295887656,38.69119718309859],[43.234904714142424,38.73556338028169],[43.31033099297893,38.720774647887325],[43.40461384152457,38.61725352112676],[43.46118355065195,38.60246478873239],[43.489468405215646,38.624647887323945],[43.489468405215646,38.654225352112675],[43.46118355065195,38.67640845070422],[43.38575727181545,38.69119718309859],[43.32918756268806,38.76514084507042],[43.234904714142424,38.79471830985916],[43.084052156469404,38.79471830985916],[42.96148445336008,38.74295774647887],[42.92377131394182,38.683802816901405],[42.92377131394182,38.60985915492957],[42.876629889669005,38.57288732394366],[42.706920762286856,38.558098591549296],[42.68806419257773,38.54330985915493],[42.518355065195585,38.54330985915493],[42.480641925777334,38.558098591549296],[42.43350050150451,38.59507042253521],[42.43350050150451,38.69859154929577],[42.4900702106319,38.787323943661974],[42.60320962888666,38.87605633802817],[42.60320962888666,38.93521126760563],[42.593781344032095,38.94260563380281],[42.58435305917753,38.920422535211266],[42.5654964894684,38.920422535211266],[42.55606820461384,39.12007042253521],[42.45235707121364,39.112676056338024],[42.41464393179538,38.846478873239434],[42.367502507522566,38.80950704225352],[42.29207622868606,38.80950704225352],[42.27321965897693,38.82429577464789],[42.160080240722166,38.80950704225352],[42.160080240722166,38.86866197183099],[42.14122367101304,38.82429577464789],[42.11293881644934,38.846478873239434],[42.1506519558676,38.890845070422536],[42.14122367101304,39.03133802816901],[42.01865596790371,38.97957746478873],[42.01865596790371,38.93521126760563],[42.03751253761284,38.920422535211266],[42.03751253761284,38.846478873239434],[41.9432296890672,38.75774647887324],[41.89608826479438,38.73556338028169],[41.84894684052156,38.7725352112676],[41.92437311935807,38.846478873239434],[41.91494483450351,38.86866197183099],[41.839518555667,38.83908450704225],[41.78294884653962,38.79471830985916],[41.735807422266795,38.80211267605634],[41.71695085255767,38.816901408450704],[41.71695085255767,38.846478873239434],[41.811233701103305,38.93521126760563],[41.79237713139418,38.95],[41.79237713139418,38.97957746478873],[41.85837512537613,39.10528169014084],[41.95265797392176,39.06091549295775],[42.00922768304915,39.06091549295775],[42.03751253761284,39.083098591549295],[42.03751253761284,39.14225352112676],[41.99037111334002,39.179225352112674],[41.8878148584311,39.185713976214714],[41.904960029962034,39.19401408450704],[41.97151454363089,39.19401408450704],[41.97151454363089,39.223591549295776],[41.95265797392176,39.20880281690141],[41.89608826479438,39.20880281690141],[41.85837512537613,39.16443661971831],[41.80180541624874,39.16443661971831],[41.79237713139418,39.17183098591549],[41.811233701103305,39.186619718309856],[41.80180541624874,39.19401408450704],[41.76409227683049,39.16443661971831],[41.50010030090271,39.149647887323944],[41.36810431293881,39.10528169014084],[41.25496489468405,39.10528169014084],[41.23610832497492,39.12007042253521],[41.16068204613841,39.04612676056338],[41.113540621865596,39.0387323943662],[41.15125376128385,38.9943661971831],[41.132397191574725,38.97957746478873],[41.132397191574725,38.920422535211266],[41.07582748244734,38.8612676056338],[41.02868605817452,38.83908450704225],[40.97211634904714,38.853873239436616],[40.92497492477432,38.9056338028169],[40.96268806419258,38.97957746478873],[41.00040120361083,39.00915492957746],[41.00040120361083,39.0387323943662],[41.01925777331996,39.053521126760565],[41.00982948846539,39.09049295774648],[40.89669007021063,39.04612676056338],[40.81183550651956,38.95],[40.74583751253761,38.91302816901408],[40.65155466399197,38.92781690140845],[40.53841524573721,38.986971830985915],[40.51013039117352,39.02394366197183],[40.52898696088265,39.053521126760565],[40.52898696088265,39.09788732394366],[40.5667001003009,39.14225352112676],[40.708124373119354,39.23838028169014],[40.78355065195586,39.23838028169014],[40.85897693079237,39.19401408450704],[40.95325977933801,39.19401408450704],[41.01925777331996,39.26056338028169],[41.01925777331996,39.349295774647885],[41.06639919759277,39.386267605633805],[41.14182547642929,39.40105633802817],[41.15125376128385,39.39366197183099],[41.132397191574725,39.37887323943662],[41.15554910376254,39.365306025832396],[41.17953861584754,39.40105633802817],[41.36810431293881,39.40105633802817],[41.46238716148445,39.4306338028169],[41.735807422266795,39.65985915492958],[41.79237713139418,39.68943661971831],[41.78294884653962,39.71161971830986],[41.72637913741224,39.74119718309859],[41.65095285857572,39.72640845070423],[41.55667001003009,39.682042253521125],[41.48124373119358,39.60809859154929],[41.38696088264794,39.60809859154929],[41.35867602808425,39.65985915492958],[41.31153460381143,39.69683098591549],[41.27382146439318,39.69683098591549],[41.21725175526579,39.66725352112676],[41.16068204613841,39.66725352112676],[41.12296890672016,39.71161971830986],[41.00982948846539,39.72640845070423],[40.97211634904714,39.71161971830986],[40.96268806419258,39.68943661971831],[41.15125376128385,39.57112676056338],[41.15125376128385,39.52676056338028],[41.132397191574725,39.49718309859155],[41.04754262788365,39.445422535211264],[41.00982948846539,39.46021126760564],[40.94383149448345,39.452816901408454],[41.01925777331996,39.43802816901408],[41.00982948846539,39.4306338028169],[40.85897693079237,39.415845070422534],[40.84012036108325,39.40105633802817],[40.72698094282848,39.40105633802817],[40.60441323971916,39.482394366197184],[40.60441323971916,39.52676056338028],[40.66098294884654,39.615492957746476],[40.698696088264796,39.64507042253521],[40.698696088264796,39.67464788732394],[40.613841524573715,39.69683098591549],[40.57490715581817,39.72545067131274],[40.54784353059177,39.76338028169014],[40.5667001003009,39.792957746478876],[40.55727181544634,39.80035211267606],[40.52898696088265,39.76338028169014],[40.60441323971916,39.68943661971831],[40.49127382146439,39.615492957746476],[40.47241725175526,39.556338028169016],[40.444132397191574,39.53415492957747],[40.41584754262788,39.541549295774644],[40.41584754262788,39.60070422535211],[40.43470411233701,39.615492957746476],[40.43470411233701,39.64507042253521],[40.368706118355064,39.69683098591549],[40.255566700100296,39.71161971830986],[40.18956870611835,39.748591549295774],[40.217853560682045,39.77077464788732],[40.274423269809425,39.77077464788732],[40.368706118355064,39.74119718309859],[40.4629889669007,39.74119718309859],[40.51013039117352,39.778169014084504],[40.425275827482444,39.80035211267606],[40.312136409227676,39.85950704225352],[40.16128385155466,39.85950704225352],[40.13299899699097,39.88169014084507],[40.142427281845535,39.90387323943662],[40.312136409227676,39.918661971830986],[40.37813440320963,39.955633802816905],[40.3592778335005,40.0],[40.32156469408224,40.014788732394365],[40.34407517925857,40.017394350671964],[40.32373460952162,40.016490542386656],[40.34042126379137,40.02957746478873],[40.312136409227676,40.03697183098591],[40.293279839518554,40.02218309859155],[40.236710130391174,40.02218309859155],[40.142427281845535,39.97781690140845],[40.02928786359077,39.97781690140845],[40.010431293881645,39.99260563380282],[39.916148445336006,39.97781690140845],[39.90672016048144,39.8669014084507],[39.9444332998997,39.822535211267606],[39.9444332998997,39.792957746478876],[39.859578736208626,39.72640845070423],[39.803009027081245,39.72640845070423],[39.68986960882648,39.77077464788732],[39.6332998996991,39.815140845070424],[39.53901705115346,39.82992957746479],[39.510732196589764,39.748591549295774],[39.49187562688064,39.73380281690141],[39.49187562688064,39.70422535211267],[39.47301905717151,39.68943661971831],[39.47301905717151,39.65985915492958],[39.45416248746238,39.64507042253521],[39.45416248746238,39.615492957746476],[39.40702106318957,39.5637323943662],[39.35045135406219,39.53415492957747],[39.31273821464393,39.53415492957747],[39.284453360080235,39.556338028169016],[39.284453360080235,39.615492957746476],[39.303309929789364,39.63028169014085],[39.303309929789364,39.67464788732394],[39.32216649949849,39.68943661971831],[39.31273821464393,39.74119718309859],[39.19959879638917,39.72640845070423],[39.14302908726178,39.69683098591549],[39.06760280842528,39.682042253521125],[39.02988966900702,39.652464788732395],[38.89789368104313,39.62288732394366],[38.794182547642926,39.541549295774644],[38.775325977933804,39.482394366197184],[38.756469408224675,39.46760563380282],[38.775325977933804,39.319718309859155],[38.80361083249749,39.29753521126761],[38.8215175691219,39.2971828869401],[38.811633493493765,39.303827182097656],[38.82246740220662,39.31232394366197],[38.91675025075226,39.253169014084506],[39.0864593781344,39.23838028169014],[39.13360080240722,39.27535211267605],[39.114744232698094,39.33450704225352],[39.06760280842528,39.3419014084507],[38.99217652958876,39.31232394366197],[38.945035105315945,39.36408450704225],[38.99217652958876,39.415845070422534],[39.0864593781344,39.415845070422534],[39.20902708124373,39.319718309859155],[39.26559679037111,39.24577464788732],[39.26559679037111,39.21619718309859],[39.22788365095286,39.17183098591549],[39.22788365095286,39.083098591549295],[39.31273821464393,39.016549295774645],[39.33159478435306,39.03133802816901],[39.48244734202608,39.04612676056338],[39.62387161484453,39.112676056338024],[39.61444332998997,39.149647887323944],[39.44473420260782,39.179225352112674],[39.416449348044125,39.20140845070422],[39.46359077231695,39.253169014084506],[39.520160481444336,39.26795774647887],[39.708726178535606,39.26795774647887],[39.76529588766299,39.31232394366197],[39.935005015045135,39.32711267605634],[40.00100300902708,39.290140845070425],[39.98214643931795,39.27535211267605],[39.991574724172516,39.26795774647887],[40.010431293881645,39.282746478873236],[40.048144433299896,39.282746478873236],[40.16128385155466,39.223591549295776],[40.274423269809425,39.19401408450704],[40.312136409227676,39.19401408450704],[40.368706118355064,39.253169014084506],[40.425275827482444,39.26795774647887],[40.47241725175526,39.26056338028169],[40.45356068204613,39.20140845070422],[40.349849548645935,39.13485915492958],[40.236710130391174,39.13485915492958],[40.15795455549763,39.16704770270999],[40.2061505730161,39.177338177707],[40.274766503365505,39.16416743029054],[40.29584235250245,39.142511789460734],[40.293279839518554,39.179225352112674],[40.236710130391174,39.179225352112674],[40.217853560682045,39.19401408450704],[40.16128385155466,39.19401408450704],[40.142427281845535,39.179225352112674],[40.048144433299896,39.19401408450704],[39.97271815446339,39.16443661971831],[39.93348677645577,39.163245903455746],[39.92856697286466,39.18049150884584],[39.92557673019057,39.14225352112676],[39.88786359077231,39.09788732394366],[39.71815446339017,38.96478873239437],[39.71815446339017,38.93521126760563],[39.79358074222668,38.87605633802817],[39.76529588766299,38.83908450704225],[39.73701103309929,38.846478873239434],[39.77472417251755,38.816901408450704],[39.71815446339017,38.787323943661974],[39.71815446339017,38.71338028169014],[39.73701103309929,38.683802816901405],[39.82186559679037,38.61725352112676],[39.87843530591775,38.60246478873239],[39.935005015045135,38.60246478873239],[39.991574724172516,38.63204225352113],[40.104714142427284,38.63204225352113],[40.123570712136406,38.64683098591549],[40.13299899699097,38.60985915492957],[40.22728184553661,38.55070422535211],[40.22728184553661,38.53591549295775],[40.28385155466399,38.49154929577465],[40.18956870611835,38.47676056338028],[40.236710130391174,38.454577464788734],[40.293279839518554,38.484154929577464],[40.349849548645935,38.484154929577464],[40.3592778335005,38.52112676056338],[40.349849548645935,38.528521126760566],[40.34042126379137,38.50633802816901],[40.312136409227676,38.49894366197183],[40.274423269809425,38.54330985915493],[40.255566700100296,38.528521126760566],[40.22728184553661,38.58028169014084],[40.17071213640922,38.60985915492957],[40.1518555667001,38.63943661971831],[40.274423269809425,38.66161971830986],[40.368706118355064,38.70598591549296],[40.425275827482444,38.70598591549296],[40.444132397191574,38.720774647887325],[40.59498495486459,38.720774647887325],[40.84012036108325,38.64683098591549],[40.849548645937816,38.624647887323945],[40.79297893681043,38.58028169014084],[40.83691953922146,38.587676056338026],[40.8126467729675,38.5660581237403],[40.849548645937816,38.59507042253521],[40.86001754008845,38.61725352112676],[41.06639919759277,38.60246478873239],[41.12296890672016,38.61725352112676],[41.16068204613841,38.64683098591549],[41.33039117352056,38.63204225352113],[41.38696088264794,38.66161971830986],[41.48124373119358,38.66161971830986],[41.61323971915747,38.60246478873239],[41.70752256770311,38.587676056338026],[41.839518555667,38.528521126760566],[41.89608826479438,38.528521126760566],[41.98094282848545,38.49154929577465],[41.93380140421264,38.43978873239436],[41.82066198595787,38.3806338028169],[41.76409227683049,38.41021126760563],[41.65095285857572,38.41021126760563],[41.6320962888666,38.43978873239436],[41.584954864593776,38.388028169014085],[41.603811434302905,38.35845070422535],[41.65095285857572,38.3362676056338],[41.74523570712136,38.3362676056338],[41.773520561685054,38.28450704225352],[41.702326262797534,38.24345988028888],[41.6630692174053,38.2606753552668],[41.679237713139415,38.26971830985915],[41.6452981127253,38.2981949721065],[41.65430548937862,38.27711267605633],[41.622668004012034,38.24014084507042],[41.57552657973922,38.23274647887324],[41.547241725175525,38.21056338028169],[41.528385155466395,38.180985915492954],[41.528385155466395,38.09225352112676],[41.471815446339015,38.06267605633803],[41.51008462725204,38.055281690140845],[41.4978394481669,38.0519847315651],[41.547241725175525,38.06267605633803],[41.547241725175525,38.018309859154925],[41.566098294884654,38.00352112676056],[41.547241725175525,37.988732394366195],[41.547241725175525,37.9443661971831],[41.46238716148445,37.863028169014086],[41.264393179538615,37.8112676056338],[41.245536609829486,37.78169014084507],[41.245536609829486,37.6781690140845],[41.27382146439318,37.655985915492955],[41.33039117352056,37.64119718309859],[41.51895687061183,37.64119718309859],[41.65095285857572,37.685563380281685],[41.811233701103305,37.7669014084507],[41.735807422266795,37.885211267605634],[41.76409227683049,37.90739436619718],[41.87723169508525,37.922183098591546],[41.97151454363089,37.98133802816901],[42.23550651955867,37.96654929577465],[42.34864593781344,38.01091549295774],[42.40521564694082,38.01091549295774],[42.518355065195585,37.96654929577465],[42.68806419257773,37.96654929577465],[42.75406218655968,37.91478873239436],[42.82948846539618,37.8112676056338],[42.82948846539618,37.78169014084507],[42.84834503510531,37.7669014084507],[42.84834503510531,37.70774647887324],[42.81063189568706,37.6781690140845],[42.857773319959875,37.685563380281685],[42.876629889669005,37.71514084507042],[42.94262788365095,37.63380281690141],[42.92377131394182,37.60422535211268],[42.68806419257773,37.419366197183095],[42.53721163490471,37.360211267605635],[42.329789368104315,37.3306338028169],[42.310932798395186,37.34542253521126],[42.21664994984955,37.34542253521126],[42.10351053159478,37.389788732394365],[42.0469408224674,37.389788732394365],[41.87723169508525,37.31584507042253],[41.78294884653962,37.30105633802817],[41.72637913741224,37.27147887323944],[41.59438314944835,37.256690140845066],[41.51895687061183,37.227112676056336],[41.44353059177532,37.227112676056336],[41.4246740220662,37.21232394366197],[41.33039117352056,37.21232394366197],[41.31153460381143,37.197535211267606],[41.16068204613841,37.197535211267606],[41.14182547642929,37.21232394366197],[41.10411233701103,37.197535211267606],[41.0852557673019,37.21232394366197],[40.93440320962888,37.227112676056336],[40.84012036108325,37.18274647887324],[40.80240722166499,37.18274647887324],[40.51955867602808,37.03485915492958],[40.425275827482444,37.03485915492958],[40.349849548645935,36.960915492957746],[40.25980472917538,36.919873075170244],[40.21975411096676,36.92096818913937],[40.1825775488582,36.8772270264575],[40.067001003009025,36.87218309859155],[40.02928786359077,36.82781690140845],[39.953861584754264,36.82781690140845],[39.89729187562688,36.79823943661972],[39.859578736208626,36.79823943661972],[39.80455907673788,36.75508890431753],[39.68986960882648,36.753873239436615],[39.63421764935121,36.72501554257065],[39.53901705115346,36.724295774647885],[39.48925993250083,36.700061252875706],[39.2938816449348,36.694718309859155],[39.20582315388892,36.670022451789485],[39.04874623871615,36.70950704225352],[38.73747278940121,36.70950704225352],[38.5523851286894,36.8453057311762],[38.40762286860581,36.90176056338028],[38.2424880472624,36.9237308888934],[38.2082251645542,36.908054025706896],[38.16248746238716,36.916549295774644],[38.03488995474777,36.857394366197184],[38.02106318956871,36.864788732394366],[38.03991975927783,36.87957746478873],[38.03049147442327,36.90176056338028],[38.00220661985958,36.864788732394366],[38.02106318956871,36.83521126760563],[38.01163490471414,36.82781690140845],[37.955065195586755,36.82781690140845],[37.898495486459375,36.79823943661972],[37.804212637913736,36.78345070422535],[37.766499498495484,36.753873239436615],[37.65336008024072,36.753873239436615],[37.615646940822465,36.724295774647885],[37.556177663544105,36.717906552587635],[37.464794383149446,36.63556338028169],[37.23851554663992,36.67992957746479],[37.18194583751254,36.67992957746479],[37.15697707474188,36.66034720609345],[37.125376128385156,36.67992957746479],[37.07336769847126,36.639140676614204],[37.0210815115391,36.6655951966184],[37.0134239503664,36.6873131896105],[37.0495163295405,36.7266291369224],[36.9933672179331,36.7426102635719],[36.9910076068585,36.7635019164955],[36.861384152457376,36.79823943661972],[36.782323038652436,36.80109014607933],[36.719959879638914,36.849999999999994],[36.744613720710554,36.873229647836105],[36.719959879638914,36.85776297281162],[36.73881644934804,36.87957746478873],[36.73881644934804,36.923943661971826],[36.757673019057165,36.9387323943662],[36.757673019057165,37.01267605633802],[36.84252758274825,37.06443661971831],[36.851955867602804,37.086619718309855],[36.97452357071214,37.18274647887324],[37.03109327983952,37.197535211267606],[37.05390746310451,37.181563158711214],[37.04052156469408,37.219718309859154],[37.05937813440321,37.249295774647884],[37.276228686058175,37.43415492957746],[37.31394182547643,37.43415492957746],[37.351654964894685,37.40457746478873],[37.483650952858575,37.419366197183095],[37.577933801404214,37.375],[37.65336008024072,37.31584507042253],[37.766499498495484,37.31584507042253],[37.8136409227683,37.352816901408445],[37.83249749247743,37.41197183098591],[37.79478435305917,37.47112676056338],[37.84149698284387,37.475908661128656],[37.77592778335005,37.515492957746474],[37.86078234704112,37.53767605633803],[37.90792377131394,37.57464788732394],[37.86078234704112,37.61161971830985],[37.691073219658975,37.61161971830985],[37.596790371113336,37.582042253521124],[37.559077231695085,37.61161971830985],[37.51193580742226,37.60422535211268],[37.51193580742226,37.64859154929577],[37.540220661985956,37.67077464788732],[37.577933801404214,37.655985915492955],[37.841925777331994,37.655985915492955],[37.86078234704112,37.64119718309859],[37.955065195586755,37.64119718309859],[37.98335005015045,37.66338028169014],[37.955065195586755,37.71514084507042],[37.87963891675025,37.70035211267606],[37.79478435305917,37.73732394366197],[37.77592778335005,37.7669014084507],[37.79478435305917,37.78169014084507],[37.79478435305917,37.82605633802817],[37.75707121364092,37.8556338028169],[37.75707121364092,37.885211267605634],[37.7382146439318,37.9],[37.747642928786355,37.93697183098591],[37.785356068204614,37.93697183098591],[37.841925777331994,37.90739436619718],[37.955065195586755,37.90739436619718],[37.973921765295884,37.892605633802816],[38.027631524361,37.9078061954686],[38.003873231087155,37.90130708118339],[38.02106318956871,37.91478873239436],[37.98335005015045,37.92957746478873],[38.00220661985958,37.988732394366195],[38.11534603811434,38.07746478873239],[38.11534603811434,38.10704225352113],[38.1524104578672,38.1091085926665],[38.11927878125336,38.110126604850976],[38.16248746238716,38.11443661971831],[38.20020060180541,38.14401408450704],[38.29448345035105,38.14401408450704],[38.33219658976931,38.11443661971831],[38.48304914744233,38.11443661971831],[38.55847542627883,38.084859154929575],[38.61504513540622,38.084859154929575],[38.63627132272872,38.064985270697],[38.63390170511534,38.09964788732394],[38.72818455366098,38.11443661971831],[38.82246740220662,38.15880281690141],[38.879037111334,38.15880281690141],[38.95446339017051,38.11443661971831],[39.01103309929789,38.17359154929577],[39.10531594784353,38.20316901408451],[39.114744232698094,38.19577464788732],[39.039317953861584,38.13661971830986],[39.049646695238536,38.09946131786049],[39.05817452357071,38.13661971830986],[39.1220883875771,38.1720215397422],[39.05862269250807,38.13697120591255],[39.12417251755265,38.18838028169014],[39.16188565697091,38.18838028169014],[39.18074222668004,38.20316901408451],[39.21845536609829,38.20316901408451],[39.246740220661984,38.16619718309859],[39.20902708124373,38.121830985915494],[39.21845536609829,38.09964788732394],[39.23731193580742,38.12922535211268],[39.26559679037111,38.13661971830986],[39.246740220661984,38.19577464788732],[39.21845536609829,38.217957746478874],[39.13360080240722,38.21056338028169],[39.152457372116345,38.24014084507042],[39.21845536609829,38.27711267605633],[39.33159478435306,38.26232394366197],[39.50130391173521,38.20316901408451],[39.59558676028084,38.20316901408451],[39.66158475426279,38.24014084507042],[39.55787362086259,38.291901408450705],[39.4258776328987,38.30669014084507],[39.34102306920762,38.35845070422535],[39.32216649949849,38.417605633802815],[39.35987963891675,38.46197183098592],[39.35045135406219,38.49894366197183],[39.10531594784353,38.49894366197183],[39.05817452357071,38.53591549295775],[39.05817452357071,38.56549295774648],[39.02988966900702,38.587676056338026],[38.97331995987964,38.587676056338026],[38.888465396188565,38.50633802816901],[38.907321965897694,38.47676056338028],[38.907321965897694,38.37323943661972],[38.869608826479435,38.37323943661972],[38.888465396188565,38.35845070422535],[38.888465396188565,38.32887323943662],[38.72818455366098,38.217957746478874],[38.6716148445336,38.217957746478874],[38.662186559679036,38.225352112676056],[38.681043129388165,38.254929577464786],[38.737612838515545,38.29929577464789],[38.775325977933804,38.35845070422535],[38.775325977933804,38.40281690140845],[38.794182547642926,38.43239436619718],[38.80361083249749,38.43978873239436],[38.84132397191574,38.39542253521127],[38.871927149472,38.3895911051473],[38.794182547642926,38.46197183098592],[38.775325977933804,38.53591549295775],[38.74704112337011,38.558098591549296],[38.69047141424272,38.558098591549296],[38.681043129388165,38.58028169014084],[38.69989969909729,38.59507042253521],[38.6716148445336,38.61725352112676],[38.61504513540622,38.61725352112676],[38.36990972918756,38.528521126760566],[38.30391173520562,38.47676056338028],[38.33219658976931,38.454577464788734],[38.48414002445648,38.46323374055974],[38.46466816537693,38.4693661971831],[38.49247743229689,38.47676056338028],[38.473620862587765,38.49154929577465],[38.48304914744233,38.49894366197183],[38.61504513540622,38.54330985915493],[38.624473420260784,38.52112676056338],[38.605616850551655,38.49154929577465],[38.57733199598796,38.4693661971831],[38.52076228686058,38.4693661971831],[38.511334002006016,38.46197183098592],[38.54904714142427,38.44718309859155],[38.43590772316951,38.388028169014085],[38.43590772316951,38.35845070422535],[38.52076228686058,38.351056338028165],[38.530190571715146,38.31408450704225],[38.48304914744233,38.291901408450705],[38.256770310932794,38.27711267605633],[38.14363089267803,38.2475352112676],[38.11534603811434,38.21056338028169],[38.22848545636911,38.16619718309859],[38.16248746238716,38.12922535211268],[38.105917753259774,38.12922535211268],[38.06820461384152,38.15880281690141],[38.03049147442327,38.15880281690141],[37.87963891675025,38.01091549295774],[37.85135406218656,38.0330985915493],[37.85135406218656,38.06267605633803],[37.83249749247743,38.07746478873239],[37.83249749247743,38.19577464788732],[37.85135406218656,38.21056338028169],[37.804212637913736,38.23274647887324],[37.709929789368104,38.23274647887324],[37.65336008024072,38.291901408450705],[37.64393179538616,38.28450704225352],[37.68164493480441,38.24014084507042],[37.672216649949846,38.23274647887324],[37.559077231695085,38.217957746478874],[37.445937813440324,38.17359154929577],[37.14423269809428,38.17359154929577],[37.125376128385156,38.18838028169014],[37.03109327983952,38.18838028169014],[36.78595787362086,38.26232394366197],[36.73881644934804,38.29929577464789],[36.70110330992979,38.35845070422535],[36.70110330992979,38.40281690140845],[36.7117947317885,38.405691155567],[36.7291709045595,38.4408036300953],[36.719959879638914,38.42376505150661],[36.7248493695456,38.4530479798871],[36.70110330992979,38.47676056338028],[36.70110330992979,38.50633802816901],[36.83368193067213,38.558098591549296],[36.993380140421266,38.558098591549296],[37.02166499498495,38.58028169014084],[36.861384152457376,38.587676056338026],[36.76710130391174,38.558098591549296],[36.757673019057165,38.55070422535211],[36.777399660874785,38.54330985915493],[36.724656588820494,38.524810271206725],[36.73881644934804,38.53591549295775],[36.719959879638914,38.55070422535211],[36.719959879638914,38.58028169014084],[36.73881644934804,38.60985915492957],[36.76710130391174,38.61725352112676],[36.776529588766294,38.59507042253521],[36.795386158475424,38.59507042253521],[36.776529588766294,38.624647887323945],[36.795386158475424,38.654225352112675],[36.795386158475424,38.72816901408451],[36.719959879638914,38.7725352112676],[36.71053159478435,38.79471830985916],[36.6728184553661,38.76514084507042],[36.63510531594784,38.76514084507042],[36.625677031093275,38.74295774647887],[36.719959879638914,38.683802816901405],[36.719959879638914,38.66901408450704],[36.644533600802404,38.63943661971831],[36.644533600802404,38.60985915492957],[36.57853560682046,38.528521126760566],[36.455967903711134,38.47676056338028],[36.455967903711134,38.44718309859155],[36.493681043129385,38.40281690140845],[36.46539618856569,38.3806338028169],[36.37111334002006,38.3806338028169],[36.32397191574724,38.40281690140845],[36.361685055165495,38.417605633802815],[36.39939819458375,38.46197183098592],[36.380541624874624,38.50633802816901],[36.35225677031093,38.528521126760566],[36.23911735205617,38.528521126760566],[36.116549648946844,38.43239436619718],[36.078836509528585,38.37323943661972],[36.20140421263791,38.3806338028169],[36.22026078234704,38.36584507042254],[36.27683049147442,38.39542253521127],[36.31454363089268,38.36584507042254],[36.3334002006018,38.3806338028169],[36.342828485456366,38.35845070422535],[36.18254764292878,38.2475352112676],[36.10712136409228,38.2475352112676],[36.03169508525576,38.30669014084507],[36.01283851554664,38.30669014084507],[35.88084252758274,38.17359154929577],[35.80541624874624,38.14401408450704],[35.72998996990973,38.14401408450704],[35.63570712136409,38.055281690140845],[35.522567703109324,38.09964788732394],[35.428284854563685,38.084859154929575],[35.36228686058175,38.0330985915493],[35.315145436308924,37.93697183098591],[35.28686058174523,37.988732394366195],[35.27095712725467,37.99104844820688],[35.258575727181544,38.055281690140845],[35.24914744232698,38.018309859154925],[35.26341811400716,38.0147132549059],[35.26800401203611,37.97394366197183],[35.30571715145436,37.92957746478873],[35.30571715145436,37.9],[35.23029087261785,37.79647887323944],[35.183652047741234,37.75990121829331],[35.18000174437978,37.77227959969745],[35.1831121991349,37.75947782863677],[35.126579739217654,37.71514084507042],[35.088866599799395,37.72992957746479],[35.07943831494483,37.722535211267605],[35.09828631742854,37.70775319793222],[35.06058174523571,37.69295774647887],[35.051153460381144,37.67077464788732],[35.02286860581745,37.6781690140845],[35.04172517552658,37.69295774647887],[35.032296890672015,37.70035211267606],[34.99458375125376,37.685563380281685],[34.96629889669007,37.66338028169014],[34.9851554663992,37.64859154929577],[34.975727181544634,37.64119718309859],[34.862587763289866,37.626408450704226],[34.87124455205829,37.663226848809316],[34.824874623871615,37.61161971830985],[34.65516549648947,37.56725352112676],[34.617452357071215,37.582042253521124],[34.5420260782347,37.50809859154929],[34.3346038114343,37.50809859154929],[34.32517552657974,37.515492957746474],[34.35346038114343,37.522887323943664],[34.3644619620315,37.5445299735092],[34.3061359658379,37.5742073797459],[34.3502019731602,37.54990930147045],[34.30631895687061,37.530281690140846],[34.25917753259779,37.47852112676056],[33.97632898696088,37.43415492957746],[33.94804413239719,37.41197183098591],[33.94804413239719,37.352816901408445],[33.97632898696088,37.3306338028169],[34.042326980942825,37.323239436619716],[34.042326980942825,37.264084507042256],[33.88204613841525,37.197535211267606],[33.86318956870612,37.16795774647887],[33.73119358074223,37.09401408450704],[33.31634904714142,37.10880281690141],[33.12778335005015,37.03485915492958],[33.05235707121364,37.02007042253521],[33.00521564694082,37.057042253521125],[33.00521564694082,37.11619718309859],[32.9863590772317,37.14577464788732],[32.920361083249745,37.197535211267606],[32.562086258776326,37.34542253521126],[32.373520561685055,37.389788732394365],[32.30752256770311,37.44154929577465],[32.2320962888666,37.61901408450704],[32.11895687061183,37.752112676056335],[32.06238716148445,37.8556338028169],[32.0246740220662,37.885211267605634],[32.0246740220662,37.91478873239436],[31.986960882647942,37.959154929577466],[31.968104312938816,38.0330985915493],[31.949247743229687,38.04788732394366],[31.949247743229687,38.09225352112676],[31.920962888665997,38.12922535211268],[31.883249749247742,38.14401408450704],[31.788966900702107,38.14401408450704],[31.770110330992978,38.15880281690141],[31.449548645937814,38.15880281690141],[31.39297893681043,38.14401408450704],[31.36469408224674,38.121830985915494],[31.38355065195587,37.97394366197183],[31.36469408224674,37.959154929577466],[31.355265797392175,37.90739436619718],[31.24212637913741,37.98133802816901],[31.147843530591775,38.01091549295774],[31.05356068204614,38.07007042253521],[30.8555667001003,38.09225352112676],[30.893279839518556,38.16619718309859],[30.968706118355065,38.21056338028169],[30.968706118355065,38.254929577464786],[30.94042126379137,38.27711267605633],[30.8555667001003,38.28450704225352],[30.846138415245736,38.36584507042254],[30.7518555667001,38.351056338028165],[30.667001003009027,38.28450704225352],[30.667001003009027,38.16619718309859],[30.610431293881646,38.121830985915494],[30.610431293881646,38.07746478873239],[30.685857572718156,38.00352112676056],[30.685857572718156,37.9443661971831],[30.629287863590772,37.8556338028169],[30.629287863590772,37.82605633802817],[30.610431293881646,37.8112676056338],[30.591574724172517,37.752112676056335],[30.535005015045137,37.69295774647887],[30.412437311935808,37.61161971830985],[30.337011033099298,37.582042253521124],[30.205015045135404,37.56725352112676],[30.08244734202608,37.485915492957744],[30.025877632898695,37.38239436619718],[30.025877632898695,37.293661971830986],[29.98816449348044,37.23450704225352],[29.922166499498495,37.21232394366197],[29.85616850551655,37.16056338028169],[29.865596790371114,37.153169014084504],[29.922166499498495,37.197535211267606],[29.998317905565692,37.22768137506851],[29.9856615237954,37.2113117867985]],[[29.9406499776544,37.1951625252907],[29.91882467237483,37.18257801752562],[29.9856615237954,37.2113117867985],[29.9406499776544,37.1951625252907]],[[30.2507581029073,38.0302729936592],[30.2391146010493,38.0190309922979],[30.23430141887695,38.004704256289735],[30.2507581029073,38.0302729936592]],[[38.8346266707746,40.0593946320121],[38.87354917034562,40.06064157704522],[38.8718414402442,40.061203022564],[38.8346266707746,40.0593946320121]],[[44.0457372116349,39.75598591549296],[43.998595787362085,39.73380281690141],[44.074022066198594,39.73380281690141],[44.0457372116349,39.75598591549296]],[[43.66860581745236,38.454577464788734],[43.86659979939819,38.53591549295775],[43.88545636910732,38.56549295774648],[43.88545636910732,38.624647887323945],[43.706318956870604,38.750352112676055],[43.64974924774323,38.750352112676055],[43.62146439317954,38.71338028169014],[43.69689067201604,38.63943661971831],[43.69689067201604,38.60985915492957],[43.60260782347041,38.53591549295775],[43.60260782347041,38.49154929577465],[43.66860581745236,38.454577464788734]],[[43.81945837512537,39.40105633802817],[43.772316950852556,39.39366197183099],[43.81945837512537,39.386267605633805],[43.85717151454363,39.35669014084507],[43.86478384152074,39.355412649683736],[43.81945837512537,39.40105633802817]],[[43.791173520561685,39.792957746478876],[43.81945837512537,39.77077464788732],[43.84802369099464,39.77306047578129],[43.81945837512537,39.80035211267606],[43.791173520561685,39.792957746478876]],[[43.8201482412503,39.3832416305914],[43.81608081591939,39.383118063228345],[43.82594222296562,39.379629253798925],[43.8201482412503,39.3832416305914]],[[43.7895379030324,39.3823116961813],[43.78773439560221,39.38074134180107],[43.79406344714144,39.382449181078115],[43.7895379030324,39.3823116961813]],[[43.7591973599842,39.2461365887211],[43.7395137497658,39.1993298937617],[43.76029060243267,39.247109153201],[43.7591973599842,39.2461365887211]],[[43.62146439317954,39.23098591549296],[43.640320962888666,39.20140845070422],[43.659177532597795,39.20140845070422],[43.659177532597795,39.21619718309859],[43.6308926780341,39.23838028169014],[43.62146439317954,39.23098591549296]],[[43.6253668298244,40.1255902995699],[43.63056518852618,40.127012651751976],[43.60626846185385,40.13290685757855],[43.6253668298244,40.1255902995699]],[[43.62146439317954,38.35845070422535],[43.62146439317954,38.388028169014085],[43.58375125376128,38.44718309859155],[43.366900702106314,38.587676056338026],[43.31033099297893,38.587676056338026],[43.28204613841524,38.56549295774648],[43.28204613841524,38.53591549295775],[43.41404212637913,38.46197183098592],[43.40461384152457,38.41021126760563],[43.253761283851546,38.39542253521127],[42.970912738214636,38.4693661971831],[42.8012036108325,38.4693661971831],[42.77291875626881,38.44718309859155],[42.820060180541624,38.41021126760563],[43.121765295887656,38.3362676056338],[43.34804413239719,38.3362676056338],[43.44232698094282,38.30669014084507],[43.57432296890671,38.30669014084507],[43.62146439317954,38.35845070422535]],[[43.60898910845446,39.237243946907576],[43.602300735989594,39.243320449392854],[43.6054482165934,39.2394720590629],[43.60898910845446,39.237243946907576]],[[43.555466399197584,39.844718309859154],[43.54603811434303,39.83732394366197],[43.56489468405215,39.80774647887324],[43.593789959960176,39.79403131354061],[43.60260782347041,39.80774647887324],[43.555466399197584,39.844718309859154]],[[43.555466399197584,39.29753521126761],[43.50832497492477,39.30492957746479],[43.555466399197584,39.26795774647887],[43.57324434386153,39.26971868602023],[43.555466399197584,39.29753521126761]],[[42.857773319959875,39.918661971830986],[42.970912738214636,39.97781690140845],[43.084052156469404,40.00739436619718],[43.10290872617853,39.99260563380282],[43.121765295887656,40.00739436619718],[43.253761283851546,39.99260563380282],[43.38575727181545,40.03697183098591],[43.48004012036108,40.03697183098591],[43.56489468405215,40.11830985915493],[43.53660982948846,40.14049295774648],[43.32918756268806,40.155281690140846],[43.19719157472417,40.081338028169014],[43.10290872617853,40.081338028169014],[43.084052156469404,40.09612676056338],[42.876629889669005,40.081338028169014],[42.77291875626881,40.014788732394365],[42.76079290875798,39.95035506702631],[42.65090595978198,39.93388590350447],[42.650351053159476,39.948239436619716],[42.63149448345035,39.93345070422535],[42.54663991975927,39.92605633802817],[42.63149448345035,39.918661971830986],[42.65072953368665,39.93374753696424],[42.76084991493318,39.95031035851977],[42.820060180541624,39.918661971830986],[42.857773319959875,39.918661971830986]],[[43.40461384152457,39.82992957746479],[43.39518555667001,39.822535211267606],[43.45226149070326,39.783833017280614],[43.45175526579739,39.792957746478876],[43.40461384152457,39.82992957746479]],[[43.366900702106314,39.40105633802817],[43.38575727181545,39.37147887323944],[43.4519315565625,39.3379676044804],[43.423470411233694,39.37147887323944],[43.41404212637913,39.36408450704225],[43.43309675566619,39.34914044151247],[43.389926804398954,39.374748932562966],[43.366900702106314,39.40105633802817]],[[43.291474423269804,39.97781690140845],[43.33324603549061,39.97055533066369],[43.33861584754263,39.985211267605635],[43.291474423269804,39.99260563380282],[43.291474423269804,39.97781690140845]],[[43.272617853560675,39.386267605633805],[43.31033099297893,39.386267605633805],[43.3197592778335,39.39366197183099],[43.272617853560675,39.40105633802817],[43.272617853560675,39.386267605633805]],[[43.282606012178,39.3811320573278],[43.28090281258018,39.380072219628495],[43.31852849379855,39.38068055722279],[43.282606012178,39.3811320573278]],[[43.16890672016048,39.24577464788732],[43.11233701103309,39.33450704225352],[43.140621865596785,39.35669014084507],[43.159478435305914,39.3419014084507],[43.2160481444333,39.3419014084507],[43.240139010387,39.3547064231672],[43.226508139085944,39.35010491864109],[43.24433299899699,39.36408450704225],[43.234904714142424,39.37147887323944],[43.19719157472417,39.35669014084507],[43.140621865596785,39.37147887323944],[43.09348044132397,39.349295774647885],[43.15005015045135,39.26056338028169],[43.15005015045135,39.23098591549296],[43.13119358074222,39.21619718309859],[43.140621865596785,39.179225352112674],[43.16890672016048,39.24577464788732]],[[43.10290872617853,40.99823943661972],[43.140621865596785,40.99823943661972],[43.1584499337728,41.0012092710317],[43.10290872617853,41.013028169014085],[43.10290872617853,40.99823943661972]],[[43.14569674005753,39.17768691130668],[43.1003905445281,39.1505600044811],[43.1424700737546,39.173110911512],[43.14569674005753,39.17768691130668]],[[43.1202549751174,39.3378126161825],[43.11963662546299,39.33533921685129],[43.13911375270672,39.347080358063266],[43.1202549751174,39.3378126161825]],[[43.11134178243,39.9893799955228],[43.11389018847332,39.9906242876638],[43.10609152244618,39.989558631293285],[43.11134178243,39.9893799955228]],[[43.07462387161485,38.93521126760563],[43.008625877632895,39.03133802816901],[42.94262788365095,39.0387323943662],[42.952056168505514,39.016549295774645],[43.01805416248746,39.00915492957746],[43.01805416248746,38.97957746478873],[43.06519558676028,38.91302816901408],[43.07462387161485,38.93521126760563]],[[43.06905917208853,39.990818626504826],[43.0662840422588,39.991495944615],[43.06500123022287,39.99095669463364],[43.06905917208853,39.990818626504826]],[[43.025685819104,39.1046057486064],[43.022484042021446,39.102061178423135],[43.0589309725928,39.1158424554897],[43.025685819104,39.1046057486064]],[[43.05576730190572,39.1274647887324],[42.99919759277833,39.112676056338024],[43.008625877632895,39.10528169014084],[43.05576730190572,39.1274647887324]],[[42.9416817507885,38.9471368675501],[42.96148445336008,38.97957746478873],[42.952056168505514,39.00176056338028],[42.91434302908726,38.957394366197185],[42.88605817452357,38.96478873239437],[42.91434302908726,38.94260563380281],[42.9294376159571,38.941789745588],[42.9416817507885,38.9471368675501]],[[42.945296242435596,40.823677751282595],[42.942416505551435,40.810085235691666],[42.9469219174694,40.8202067155497],[42.945296242435596,40.823677751282595]],[[42.9049147442327,40.82816901408451],[42.93319959879639,40.80598591549296],[42.9406626921304,40.8061452658201],[42.93319959879639,40.83556338028169],[42.9049147442327,40.82816901408451]],[[42.820060180541624,38.60246478873239],[42.9049147442327,38.66901408450704],[42.9049147442327,38.69859154929577],[42.88605817452357,38.72816901408451],[42.838916750250746,38.750352112676055],[42.612637913741224,38.73556338028169],[42.5654964894684,38.69859154929577],[42.58435305917753,38.654225352112675],[42.6692076228686,38.60246478873239],[42.820060180541624,38.60246478873239]],[[42.8971998917298,38.9544988481399],[42.896264224351725,38.95458307136057],[42.89958602173851,38.95330201946738],[42.8971998917298,38.9544988481399]],[[42.8853642172101,40.8259722057007],[42.8657615488154,40.818698817421],[42.8913912795025,40.82395412502617],[42.8853642172101,40.8259722057007]],[[42.83607210699852,37.67787235417661],[42.8486408698399,37.6785665396848],[42.85909873166699,37.685956762281805],[42.83607210699852,37.67787235417661]],[[42.820060180541624,40.746830985915494],[42.8012036108325,40.73204225352113],[42.79177532597793,40.72464788732395],[42.84834503510531,40.73943661971831],[42.820060180541624,40.746830985915494]],[[42.67863590772317,40.66549295774648],[42.62206619859579,40.650704225352115],[42.650351053159476,40.64330985915493],[42.84636722146025,40.73041514100317],[42.653270764493946,40.64559971517118],[42.67863590772317,40.66549295774648]],[[42.8089336236991,38.9805370094687],[42.80581748315829,38.979916993876785],[42.8123807875966,38.97834628854376],[42.8089336236991,38.9805370094687]],[[42.696052280754,37.670138917285],[42.782347041123366,37.67077464788732],[42.799291573067386,37.67584092801629],[42.68101606182517,37.67630231920761],[42.63468150222332,37.69475115639192],[42.696052280754,37.670138917285]],[[42.71657224478966,38.95779252420299],[42.69749247743229,39.02394366197183],[42.68806419257773,39.03133802816901],[42.67863590772317,38.97957746478873],[42.69749247743229,38.96478873239437],[42.64092276830491,38.95],[42.68129189567855,38.94260563380281],[42.6694434733338,38.9364426224325],[42.71657224478966,38.95779252420299]],[[42.62206619859579,41.316197183098595],[42.53721163490471,41.38274647887324],[42.52778335005014,41.375352112676055],[42.609058424075215,41.289067232834725],[42.62206619859579,41.316197183098595]],[[42.52778335005014,40.517605633802816],[42.54663991975927,40.62112676056338],[42.562436509226956,40.633515627572855],[42.55099605598476,40.58801298343744],[42.564255322095335,40.63494207666729],[42.60522841166077,40.64310001444379],[42.55606820461384,40.68767605633803],[42.54663991975927,40.63591549295775],[42.50892678034102,40.57676056338028],[42.518355065195585,40.46584507042254],[42.54663991975927,40.488028169014086],[42.52778335005014,40.517605633802816]],[[42.57022498138451,39.96660601103772],[42.57216786448885,39.95615985965581],[42.5728646715937,39.9595668371322],[42.57022498138451,39.96660601103772]],[[42.499498495486456,39.386267605633805],[42.499498495486456,39.37147887323944],[42.53721163490471,39.35669014084507],[42.5667219318492,39.3587615515567],[42.53721163490471,39.386267605633805],[42.499498495486456,39.386267605633805]],[[42.52778335005014,40.02957746478873],[42.518355065195585,40.051760563380284],[42.50892678034102,40.02957746478873],[42.56012897933175,39.99352868323328],[42.5654964894684,40.014788732394365],[42.52778335005014,40.02957746478873]],[[42.54663991975927,40.76901408450704],[42.47121364092277,40.813380281690144],[42.5480598675903,40.757363737884],[42.54663991975927,40.76901408450704]],[[42.516579198906214,40.416663856359214],[42.51036806445243,40.41514828538316],[42.515119089248,40.4149830324304],[42.516579198906214,40.416663856359214]],[[42.4944070576118,39.9118748599513],[42.4720733023911,39.9170224167951],[42.46672578090826,39.91573566949106],[42.4944070576118,39.9118748599513]],[[42.42407221664995,39.4306338028169],[42.4900702106319,39.49718309859155],[42.438900269579925,39.52252566136519],[42.4773038835854,39.5711397926372],[42.437974647499125,39.52325160343538],[42.43350050150451,39.52676056338028],[42.47121364092277,39.57112676056338],[42.461785356068205,39.59330985915493],[42.40521564694082,39.519366197183096],[42.30150451354062,39.511971830985914],[42.310932798395186,39.489788732394366],[42.329789368104315,39.50457746478873],[42.358074222668,39.49718309859155],[42.32036108324975,39.46760563380282],[42.34864593781344,39.4306338028169],[42.42407221664995,39.4306338028169]],[[42.4900702106319,39.92605633802817],[42.442928786359076,39.93345070422535],[42.41464393179538,39.9112676056338],[42.442928786359076,39.90387323943662],[42.461785356068205,39.918661971830986],[42.4900702106319,39.92605633802817]],[[42.47121364092277,40.07394366197183],[42.38635907723169,40.155281690140846],[42.376930792377124,40.147887323943664],[42.46711817309164,40.059973270018375],[42.47121364092277,40.07394366197183]],[[42.45341780398911,40.40125192514828],[42.4505273798762,40.4005466364564],[42.44971579485817,40.400062390735705],[42.45341780398911,40.40125192514828]],[[41.64152457372116,40.31056338028169],[41.95265797392176,40.4362676056338],[42.06579739217653,40.46584507042254],[42.34864593781344,40.480633802816904],[42.41464393179538,40.517605633802816],[42.41464393179538,40.53239436619718],[42.38635907723169,40.554577464788736],[42.06579739217653,40.554577464788736],[41.89608826479438,40.510211267605634],[41.74523570712136,40.4362676056338],[41.55667001003009,40.39190140845071],[41.471815446339015,40.34014084507042],[41.471815446339015,40.31056338028169],[41.50010030090271,40.28838028169014],[41.64152457372116,40.31056338028169]],[[42.40521564694082,40.37711267605634],[42.40521564694082,40.39190140845071],[42.29207622868606,40.37711267605634],[42.21664994984955,40.40669014084507],[42.1506519558676,40.39929577464789],[42.29207622868606,40.36232394366197],[42.40521564694082,40.37711267605634]],[[42.34864593781344,39.889084507042256],[42.32036108324975,39.8669014084507],[42.367502507522566,39.85950704225352],[42.39629221307047,39.87406135524484],[42.38064422070086,39.86981375669816],[42.39578736208625,39.88169014084507],[42.38635907723169,39.889084507042256],[42.34864593781344,39.889084507042256]],[[42.387952917436905,37.67165958505754],[42.394383599651604,37.67612836417353],[42.3901998132293,37.6743527284936],[42.387952917436905,37.67165958505754]],[[42.376930792377124,40.99084507042254],[42.358074222668,40.99084507042254],[42.32036108324975,40.93169014084507],[42.34176649099884,40.91920622418202],[42.376930792377124,40.946478873239435],[42.376930792377124,40.99084507042254]],[[42.32444744068014,39.497185152515435],[42.3222527552861,39.4967234873053],[42.312251109989866,39.48966180691937],[42.32444744068014,39.497185152515435]],[[42.22607823470411,40.207042253521124],[42.2543630892678,40.184859154929576],[42.2830949553004,40.1880934931364],[42.2543630892678,40.21443661971831],[42.22607823470411,40.207042253521124]],[[42.26847644518438,37.58180918695185],[42.2706194118676,37.5823511824441],[42.27127830066537,37.582867030412686],[42.26847644518438,37.58180918695185]],[[42.2543630892678,40.95387323943662],[42.16950852557673,40.9612676056338],[42.2664682430153,40.9324075039603],[42.25114755553101,40.93908450704225],[42.26379137412236,40.946478873239435],[42.2543630892678,40.95387323943662]],[[42.18836509528586,37.60422535211268],[42.12236710130391,37.64119718309859],[42.094082246740214,37.63380281690141],[42.19779338014042,37.582042253521124],[42.2497934603892,37.5770839181831],[42.23241115961543,37.582042253521124],[42.26379137412236,37.589436619718306],[42.18836509528586,37.60422535211268]],[[42.20722166499498,39.452816901408454],[42.21664994984955,39.4306338028169],[42.246543041462346,39.449129574681976],[42.23016716957398,39.44123501758205],[42.244934804413234,39.452816901408454],[42.23550651955867,39.46021126760564],[42.20722166499498,39.452816901408454]],[[42.16950852557673,40.78380281690141],[42.244934804413234,40.82816901408451],[42.244934804413234,40.8725352112676],[42.21664994984955,40.89471830985916],[42.178936810431296,40.89471830985916],[42.13179538615847,40.93169014084507],[42.13959538412,40.9600092512061],[42.11293881644934,41.0056338028169],[42.028084252758276,41.05739436619719],[41.97151454363089,41.05739436619719],[41.92437311935807,41.02042253521127],[41.92437311935807,40.90211267605634],[41.86780341023069,40.85774647887324],[41.86780341023069,40.79859154929578],[41.93380140421264,40.76161971830986],[42.08465396188565,40.76161971830986],[42.16950852557673,40.78380281690141]],[[42.2081813959245,39.3588099298889],[42.20595934476248,39.3606542323841],[42.20973641991356,39.35304869364865],[42.2081813959245,39.3588099298889]],[[42.20722166499498,39.40845070422535],[42.19779338014042,39.415845070422534],[42.16950852557673,39.39366197183099],[42.19779338014042,39.35669014084507],[42.20722166499498,39.36408450704225],[42.18836509528586,39.38831886327868],[42.20722166499498,39.40845070422535]],[[42.1883366924474,39.3004893420876],[42.190103098114676,39.30210118723424],[42.1877584316512,39.30036180152434],[42.1883366924474,39.3004893420876]],[[42.17194629253657,40.391048098518496],[42.1655201857717,40.3869287996781],[42.1458747808668,40.3570142062749],[42.17194629253657,40.391048098518496]],[[42.16026645816337,40.23921242025728],[42.1624691947395,40.2361652028303],[42.164694798614796,40.23508281677546],[42.16026645816337,40.23921242025728]],[[42.134268627518665,40.27816510610947],[42.1347126199204,40.2745630391484],[42.13962514756781,40.267767156236225],[42.134268627518665,40.27816510610947]],[[42.1168100954525,39.2847135147637],[42.12113820595794,39.28566811804194],[42.115775050016154,39.284730075506324],[42.1168100954525,39.2847135147637]],[[41.9322828978785,39.1914148510494],[41.93338117710175,39.19164979705132],[41.930221302983725,39.19210968490542],[41.9322828978785,39.1914148510494]],[[41.867077788860826,37.54428155545013],[41.905516549648944,37.589436619718306],[41.830090270812434,37.63380281690141],[41.830090270812434,37.66338028169014],[41.86780341023069,37.6781690140845],[41.82066198595787,37.70035211267606],[41.79237713139418,37.6781690140845],[41.811233701103305,37.66338028169014],[41.811233701103305,37.63380281690141],[41.86780341023069,37.589436619718306],[41.86780341023069,37.559859154929576],[41.839518555667,37.56725352112676],[41.830090270812434,37.530281690140846],[41.839518555667,37.522887323943664],[41.867077788860826,37.54428155545013]],[[41.8970196415635,37.5765811227082],[41.896521239894064,37.576924429071404],[41.89082615763031,37.56089848555413],[41.8970196415635,37.5765811227082]],[[41.8874253082831,37.552287130959],[41.88745843350631,37.552371007959714],[41.88358561039899,37.5507764312661],[41.8874253082831,37.552287130959]],[[41.88665997993982,40.90211267605634],[41.86780341023069,40.90211267605634],[41.830090270812434,40.8725352112676],[41.839518555667,40.86514084507042],[41.88665997993982,40.90211267605634]],[[41.8572009569803,40.8649259907952],[41.857762261453864,40.86141045281246],[41.8823280649545,40.8961445188914],[41.8572009569803,40.8649259907952]],[[41.86780341023069,37.42676056338028],[41.839518555667,37.50809859154929],[41.839518555667,37.40457746478873],[41.86780341023069,37.42676056338028]],[[41.8609883353689,37.4167159848671],[41.860827459323424,37.41772056767217],[41.842350324782,37.4057762827983],[41.8609883353689,37.4167159848671]],[[41.8562322831805,37.4796070680224],[41.8540783897669,37.49555366338621],[41.85577899854596,37.47859383756757],[41.8562322831805,37.4796070680224]],[[41.8547374479794,37.5305326984288],[41.854064085611114,37.53373004031137],[41.85438942008343,37.53027250007907],[41.8547374479794,37.5305326984288]],[[41.8538377926864,37.4973349512922],[41.8529348714336,37.49855070515097],[41.85388155457133,37.497010955189644],[41.8538377926864,37.4973349512922]],[[41.84003134515027,37.51953787953256],[41.84824516355652,37.52567882978108],[41.8396999004877,37.5200769637161],[41.84003134515027,37.51953787953256]],[[41.8208903831953,40.7059066148703],[41.820957995955695,40.70573371201601],[41.823632084411834,40.72135281966714],[41.8208903831953,40.7059066148703]],[[41.806678537951015,39.178907190434344],[41.8042203088831,39.178422993782],[41.7961539362411,39.1707135409941],[41.806678537951015,39.178907190434344]],[[41.79551872337322,40.653610801955814],[41.79434368116725,40.6530428649781],[41.7946687232918,40.6529160192736],[41.79551872337322,40.653610801955814]],[[41.7618321616395,40.6645277890482],[41.74939956018327,40.664276987084456],[41.763731125261565,40.66371740329084],[41.7618321616395,40.6645277890482]],[[41.76230457752482,37.66877003861858],[41.7399133036363,37.668617717223825],[41.7462819319777,37.6665936520474],[41.76230457752482,37.66877003861858]],[[41.65428988619463,37.62379130404341],[41.6317873339557,37.5836238821416],[41.65480215248231,37.62338954650426],[41.66980942828485,37.61161971830985],[41.698094282848544,37.61901408450704],[41.70752256770311,37.67077464788732],[41.754663991975924,37.6781690140845],[41.70752256770311,37.685563380281685],[41.603811434302905,37.589436619718306],[41.61323971915747,37.582042253521124],[41.65428988619463,37.62379130404341]],[[41.603811434302905,40.709859154929575],[41.68060098936507,40.68135087332696],[41.70752256770311,40.6580985915493],[41.725571725730404,40.665207357907455],[41.6320962888666,40.717253521126764],[41.603811434302905,40.709859154929575]],[[41.717410837057756,37.70913428404795],[41.71826929811558,37.70838036825923],[41.7182198155466,37.7086953890563],[41.717410837057756,37.70913428404795]],[[41.6511309631758,37.4152738252081],[41.7017877931648,37.4342911734715],[41.64460437120201,37.416357938826664],[41.6511309631758,37.4152738252081]],[[41.66980942828485,37.44894366197183],[41.65095285857572,37.43415492957746],[41.61323971915747,37.44894366197183],[41.584954864593776,37.44154929577465],[41.640145118354866,37.41709865262639],[41.698094282848544,37.44154929577465],[41.66980942828485,37.44894366197183]],[[41.63156463959576,38.49797610473495],[41.6339106209494,38.49250214821873],[41.6325832380625,38.4969144669402],[41.63156463959576,38.49797610473495]],[[41.62614658328793,39.23924152931496],[41.6277594843035,39.2408838449519],[41.62370880071125,39.24752331053549],[41.62614658328793,39.23924152931496]],[[41.621172779635025,38.50460794315589],[41.626306944093,38.50345595615954],[41.6255803667927,38.5042132338779],[41.621172779635025,38.50460794315589]],[[41.46238716148445,40.613732394366195],[41.62502655505577,40.699470288621036],[41.51895687061183,40.67288732394366],[41.415245737211634,40.60633802816901],[41.46238716148445,40.613732394366195]],[[41.603811434302905,39.23098591549296],[41.622668004012034,39.26056338028169],[41.59438314944835,39.282746478873236],[41.547241725175525,39.27535211267605],[41.603811434302905,39.24577464788732],[41.584954864593776,39.23098591549296],[41.59438314944835,39.16443661971831],[41.603811434302905,39.193510409824036],[41.6091587989667,39.16672871419388],[41.603811434302905,39.23098591549296]],[[41.6062729515013,39.2204680687234],[41.60578785646996,39.21851151855891],[41.61255644629756,39.22540354776997],[41.6062729515013,39.2204680687234]],[[41.59125648854667,37.4000719544475],[41.592157176258155,37.401855097354606],[41.5913044136888,37.4007521231105],[41.59125648854667,37.4000719544475]],[[41.5879819859307,37.3674468074576],[41.58814023729441,37.36946187493744],[41.582329418133725,37.36183118412456],[41.5879819859307,37.3674468074576]],[[41.584954864593776,37.36760563380282],[41.57552657973922,37.389788732394365],[41.547241725175525,37.36760563380282],[41.55667001003009,37.30105633802817],[41.566098294884654,37.352816901408445],[41.584954864593776,37.36760563380282]],[[41.574449168973,37.3514829452255],[41.57324056269423,37.3208900913084],[41.575522441303086,37.352892352244105],[41.574449168973,37.3514829452255]],[[41.5618916762572,38.5898870923868],[41.56129013639611,38.589549667701725],[41.57042120491394,38.59088696537559],[41.5618916762572,38.5898870923868]],[[41.5560542617372,37.2725550188376],[41.55883135228117,37.30156830302914],[41.5576749593378,37.3001878967987],[41.5560542617372,37.2725550188376]],[[41.53062605787682,37.526026485608014],[41.52317797016273,37.52434669669836],[41.5254296393495,37.5242774965055],[41.53062605787682,37.526026485608014]],[[41.484552137521,38.515569839855],[41.509528585757266,38.56549295774648],[41.528385155466395,38.58028169014084],[41.51895687061183,38.587676056338026],[41.44016922002668,38.50157990112007],[41.36810431293881,38.49894366197183],[41.30210631895687,38.46197183098592],[41.33039117352056,38.4693661971831],[41.34924774322968,38.454577464788734],[41.36810431293881,38.484154929577464],[41.40581745235707,38.484154929577464],[41.484552137521,38.515569839855]],[[41.5154724538101,38.5638489317775],[41.512891455817005,38.559396332887765],[41.52070750287731,38.566785453356786],[41.5154724538101,38.5638489317775]],[[41.49087436044544,38.521413624389396],[41.4988886252715,38.5288214044384],[41.50506523378058,38.54589495565174],[41.49087436044544,38.521413624389396]],[[41.490672016048144,37.530281690140846],[41.434102306920764,37.515492957746474],[41.4601313621834,37.5046966394555],[41.490672016048144,37.530281690140846]],[[41.3789853722408,37.9756397266075],[41.4403397734737,38.013223313127],[41.4597588425392,38.0175357973647],[41.4416246821927,38.0140799187954],[41.3789853722408,37.9756397266075]],[[41.4384158283887,40.5935246740569],[41.41415037111071,40.57227350902484],[41.4159192462505,40.572629661144],[41.4384158283887,40.5935246740569]],[[41.383895801826256,41.05683659300359],[41.3861268934453,41.0580168633335],[41.38650037148442,41.05892828681577],[41.383895801826256,41.05683659300359]],[[41.37083187358356,38.48000080590723],[41.371608339037536,38.480411056999685],[41.36911730874399,38.48201318318124],[41.37083187358356,38.48000080590723]],[[41.363700753256,40.5621157890674],[41.338942271949676,40.56492175052528],[41.3392398955704,40.5642097142799],[41.363700753256,40.5621157890674]],[[41.12296890672016,40.53978873239436],[41.23610832497492,40.64330985915493],[41.2926780341023,40.64330985915493],[41.30210631895687,40.59154929577465],[41.34924774322968,40.5693661971831],[41.35867602808425,40.57676056338028],[41.320962888665996,40.59154929577465],[41.320962888665996,40.63591549295775],[41.35867602808425,40.66549295774648],[41.35867602808425,40.709859154929575],[41.27382146439318,40.717253521126764],[41.23610832497492,40.70246478873239],[41.0852557673019,40.62852112676056],[41.038114343029086,40.57676056338028],[41.0852557673019,40.53978873239436],[41.12296890672016,40.53978873239436]],[[41.2313074834225,40.9537696136371],[41.3473024270168,41.0273235579988],[41.34773623754905,41.02780679000042],[41.2313074834225,40.9537696136371]],[[41.30210631895687,38.52112676056338],[41.283249749247744,38.59507042253521],[41.25496489468405,38.61725352112676],[41.245536609829486,38.60985915492957],[41.283249749247744,38.55070422535211],[41.283249749247744,38.52112676056338],[41.31153460381143,38.49894366197183],[41.34497657564342,38.497539489963856],[41.30210631895687,38.52112676056338]],[[41.02868605817452,40.22922535211268],[41.17953861584754,40.22922535211268],[41.27382146439318,40.25880281690141],[41.339819458375125,40.31056338028169],[41.339819458375125,40.32535211267606],[41.25496489468405,40.347535211267605],[41.04754262788365,40.28838028169014],[40.89669007021063,40.27359154929577],[40.8778335005015,40.25880281690141],[40.78355065195586,40.25880281690141],[40.764694082246734,40.24401408450704],[40.65155466399197,40.24401408450704],[40.62326980942828,40.221830985915496],[41.00982948846539,40.21443661971831],[41.02868605817452,40.22922535211268]],[[41.2425009603731,39.3391555816479],[41.3301603023221,39.338584511878],[41.23941122414864,39.34098669234088],[41.2425009603731,39.3391555816479]],[[41.23610832497492,39.35669014084507],[41.23610832497492,39.3419014084507],[41.320962888665996,39.349295774647885],[41.31153460381143,39.35669014084507],[41.23610832497492,39.35669014084507]],[[41.31478543439909,38.45044552256969],[41.3152111251189,38.4504840845204],[41.3153558267814,38.45059304332289],[41.31478543439909,38.45044552256969]],[[41.30210631895687,37.515492957746474],[41.170110330992976,37.515492957746474],[41.253984708593926,37.50809859154929],[41.1903123259958,37.5012462677005],[41.2926780341023,37.50809859154929],[41.30210631895687,37.515492957746474]],[[41.28324929754673,38.439113257568785],[41.29095429498813,38.44428206782409],[41.2866746621991,38.4431752251101],[41.28324929754673,38.439113257568785]],[[41.283249749247744,38.44718309859155],[41.25496489468405,38.43978873239436],[41.22668004012036,38.417605633802815],[41.264393179538615,38.417605633802815],[41.283249749247744,38.44718309859155]],[[41.2521516238966,40.7810261974013],[41.248855207829806,40.78209856376488],[41.2674753525306,40.7676060377711],[41.2521516238966,40.7810261974013]],[[41.26434584186471,38.416696600893694],[41.2654615513315,38.4171076805844],[41.26666164023471,38.41944278962565],[41.26434584186471,38.416696600893694]],[[41.245536609829486,40.78380281690141],[41.21725175526579,40.820774647887326],[41.132397191574725,40.813380281690144],[41.16068204613841,40.79119718309859],[41.21725175526579,40.79119718309859],[41.25496489468405,40.76161971830986],[41.264393179538615,40.76901408450704],[41.245536609829486,40.78380281690141]],[[41.245536609829486,38.37323943661972],[41.20782347041123,38.388028169014085],[41.188966900702106,38.35845070422535],[41.2292786330792,38.36584507042254],[41.2192639920359,38.3603789159183],[41.21464813080895,38.351911222383414],[41.245536609829486,38.37323943661972]],[[41.2410576916785,38.4074297004916],[41.23362674279221,38.38630439693018],[41.24167361557471,38.407646636528426],[41.2410576916785,38.4074297004916]],[[41.04754262788365,37.789084507042254],[40.981544633901706,37.8112676056338],[41.02868605817452,37.818661971830984],[41.09468405215647,37.8556338028169],[41.113540621865596,37.885211267605634],[41.07582748244734,37.92957746478873],[41.132397191574725,37.959154929577466],[41.04754262788365,37.93697183098591],[41.00040120361083,37.959154929577466],[41.00040120361083,37.97394366197183],[41.12296890672016,38.025704225352115],[41.14182547642929,38.01091549295774],[41.20782347041123,38.07746478873239],[41.22668004012036,38.13661971830986],[41.16068204613841,38.217957746478874],[41.06639919759277,38.217957746478874],[41.02868605817452,38.23274647887324],[41.00040120361083,38.21056338028169],[41.01925777331996,38.180985915492954],[40.97211634904714,38.12922535211268],[40.74583751253761,38.07007042253521],[40.576128385155464,38.055281690140845],[40.51013039117352,37.988732394366195],[40.51013039117352,37.92957746478873],[40.54784353059177,37.885211267605634],[40.5667001003009,37.82605633802817],[40.59498495486459,37.80387323943662],[40.65155466399197,37.818661971830984],[40.74583751253761,37.87781690140845],[40.80240722166499,37.87781690140845],[40.915546639919754,37.83345070422535],[40.95325977933801,37.83345070422535],[40.96268806419258,37.79647887323944],[41.038114343029086,37.7669014084507],[41.01925777331996,37.752112676056335],[41.02868605817452,37.72992957746479],[41.05697091273821,37.7669014084507],[41.04754262788365,37.789084507042254]],[[41.215888638319,40.9187493978816],[41.215810152657575,40.91853534606744],[41.2264534453998,40.9301708105604],[41.215888638319,40.9187493978816]],[[41.1782861314475,38.3127903829171],[41.17847909053738,38.31219248203788],[41.1950568898567,38.31638619148995],[41.1782861314475,38.3127903829171]],[[41.17953861584754,38.3362676056338],[41.15125376128385,38.31408450704225],[41.17953861584754,38.291901408450705],[41.188966900702106,38.29929577464789],[41.170110330992976,38.31408450704225],[41.188966900702106,38.32887323943662],[41.17953861584754,38.3362676056338]],[[41.186299414363,38.28796051403888],[41.1863502909071,38.2881734485904],[41.18540659198967,38.29072700346588],[41.186299414363,38.28796051403888]],[[41.1764471230315,39.2399796489841],[41.17575346001718,39.241267880350584],[41.1745435545488,39.1763052740385],[41.1764471230315,39.2399796489841]],[[41.16068204613841,39.253169014084506],[41.15125376128385,39.24577464788732],[41.16068204613841,39.179225352112674],[41.170110330992976,39.186619718309856],[41.16068204613841,39.253169014084506]],[[41.14462403305976,38.00892820660507],[41.15683509060527,38.02241085661305],[41.1444849294683,38.00923901476],[41.14462403305976,38.00892820660507]],[[41.12296890672016,37.552464788732394],[41.14182547642929,37.522887323943664],[41.15620584858678,37.52080537912468],[41.12296890672016,37.552464788732394]],[[41.12845728028848,37.94473535645671],[41.1288245545053,37.9449169795311],[41.142176003262,37.9749189736955],[41.12845728028848,37.94473535645671]],[[41.142176003262,37.9749189736955],[41.154599712088,37.9858100390217],[41.15453703549998,37.98594742715079],[41.142176003262,37.9749189736955]],[[41.1152667504505,37.616488669085],[41.11441827773341,37.61728146773579],[41.11804814705755,37.58766937722973],[41.1152667504505,37.616488669085]],[[41.10411233701103,37.626408450704226],[41.09468405215647,37.589436619718306],[41.10411233701103,37.582042253521124],[41.10411233701103,37.626408450704226]],[[41.104093376019335,37.930166455161235],[41.105564473978646,37.93318432658077],[41.1054531892821,37.9331300597812],[41.104093376019335,37.930166455161235]],[[41.082833260609,37.6803205384151],[41.07675899052623,37.68706276939939],[41.08280880682798,37.67844249128483],[41.082833260609,37.6803205384151]],[[40.96268806419258,37.722535211267605],[40.97211634904714,37.70035211267606],[41.00040120361083,37.722535211267605],[40.99097291875627,37.72992957746479],[40.96268806419258,37.722535211267605]],[[40.982381189100444,37.70183117976152],[40.9911966094685,37.71083416228184],[40.9867272884801,37.7088518021922],[40.982381189100444,37.70183117976152]],[[40.8778335005015,39.445422535211264],[40.9156409999788,39.4411589981004],[40.88153270190394,39.445422535211264],[40.92497492477432,39.452816901408454],[40.84012036108325,39.46021126760564],[40.80240722166499,39.4306338028169],[40.73640922768305,39.42323943661972],[40.80240722166499,39.415845070422534],[40.84012036108325,39.445422535211264],[40.857802256441374,39.445422535211264],[40.80894457699188,39.417279917734106],[40.8778335005015,39.445422535211264]],[[40.90611835506519,39.09788732394366],[40.82126379137412,39.149647887323944],[40.71755265797392,39.14225352112676],[40.74583751253761,39.10528169014084],[40.82126379137412,39.07570422535211],[40.89669007021063,39.07570422535211],[40.90611835506519,39.09788732394366]],[[40.88726178535607,37.64859154929577],[40.78355065195586,37.67077464788732],[40.708124373119354,37.71514084507042],[40.67983951855567,37.70774647887324],[40.78355065195586,37.655985915492955],[40.84012036108325,37.64119718309859],[40.88726178535607,37.64859154929577]],[[40.75526579739218,40.62112676056338],[40.80240722166499,40.717253521126764],[40.81183550651956,40.680281690140845],[40.83069207622869,40.680281690140845],[40.81183550651956,40.73943661971831],[40.88726178535607,40.79859154929578],[40.8778335005015,40.879929577464786],[40.72698094282848,40.86514084507042],[40.58555667001003,40.76901408450704],[40.58555667001003,40.73943661971831],[40.708124373119354,40.613732394366195],[40.75526579739218,40.62112676056338]],[[40.7780634657118,39.4109156600201],[40.79122704083449,39.41362852821188],[40.75559049559302,39.41138703191144],[40.7780634657118,39.4109156600201]],[[40.7771905395685,40.6429324448334],[40.756271705898,40.6075023463908],[40.77860320227994,40.643455130013834],[40.7771905395685,40.6429324448334]],[[40.71755265797392,39.52676056338028],[40.74583751253761,39.519366197183096],[40.75526579739218,39.541549295774644],[40.74583751253761,39.54894366197183],[40.71755265797392,39.52676056338028]],[[40.65155466399197,38.61725352112676],[40.74583751253761,38.60246478873239],[40.75526579739218,38.624647887323945],[40.68926780341023,38.61725352112676],[40.632698094282844,38.63204225352113],[40.60441323971916,38.59507042253521],[40.632698094282844,38.587676056338026],[40.65155466399197,38.61725352112676]],[[40.698696088264796,40.147887323943664],[40.66098294884654,40.147887323943664],[40.64212637913741,40.11830985915493],[40.65155466399197,40.110915492957744],[40.698696088264796,40.147887323943664]],[[40.65794294021183,37.74255746630781],[40.6815538362677,37.7376797660137],[40.6644275458643,37.7444217906012],[40.65794294021183,37.74255746630781]],[[40.6643664835106,39.6097657952995],[40.66445140765074,39.60767099990997],[40.66947712786499,39.61681118342284],[40.6643664835106,39.6097657952995]],[[40.66327672023613,40.11783515349217],[40.6640215303153,40.1179827735274],[40.664300300941825,40.11825699280084],[40.66327672023613,40.11783515349217]],[[40.63984983379789,37.6403989302944],[40.654896534650646,37.7416816246299],[40.64212637913741,37.72066355072852],[40.62326980942828,37.722535211267605],[40.62326980942828,37.64859154929577],[40.63984983379789,37.6403989302944]],[[40.64374525417209,38.59887923694212],[40.64221689729058,38.59633197485736],[40.6442329691636,38.5974356004384],[40.64374525417209,38.59887923694212]],[[40.558072158489,40.5213592512777],[40.5863768470102,40.5354171734261],[40.611512573603726,40.553447539396764],[40.558072158489,40.5213592512777]],[[40.53841524573721,40.510211267605634],[40.60441323971916,40.56197183098592],[40.59498495486459,40.5693661971831],[40.49127382146439,40.517605633802816],[40.53841524573721,40.510211267605634]],[[40.607509009126424,39.52240919138659],[40.605056727429584,39.50824534920077],[40.610703291416044,39.52182888381187],[40.607509009126424,39.52240919138659]],[[40.59498495486459,37.626408450704226],[40.55727181544634,37.626408450704226],[40.51013039117352,37.60422535211268],[40.53841524573721,37.59683098591549],[40.5955349107593,37.6067915086312],[40.54089791739076,37.59877808272439],[40.59498495486459,37.61161971830985],[40.59498495486459,37.626408450704226]],[[40.58555667001003,40.39929577464789],[40.55727181544634,40.45105633802817],[40.52898696088265,40.443661971830984],[40.5667001003009,40.39929577464789],[40.576128385155464,40.36232394366197],[40.58555667001003,40.39929577464789]],[[40.56711474018026,40.465880758395905],[40.5818538559935,40.4906584061672],[40.5686617975896,40.470776089943],[40.56711474018026,40.465880758395905]],[[40.51955867602808,40.09612676056338],[40.49127382146439,40.07394366197183],[40.51541771479514,40.064076095598985],[40.5746924524291,40.0813276987478],[40.54807130300163,40.0741222981325],[40.5667001003009,40.0887323943662],[40.51955867602808,40.09612676056338]],[[40.444132397191574,39.90387323943662],[40.51120734336735,39.8808455143811],[40.55727181544634,39.844718309859154],[40.5667001003009,39.852112676056336],[40.53841524573721,39.889084507042256],[40.51116209824341,39.88249928269862],[40.463518474608556,39.90387323943662],[40.49127382146439,39.9112676056338],[40.481845536609825,39.918661971830986],[40.444132397191574,39.918661971830986],[40.444132397191574,39.90387323943662]],[[40.51955867602808,40.347535211267605],[40.51013039117352,40.32535211267606],[40.54592241618024,40.28788769242237],[40.54784353059177,40.31056338028169],[40.51955867602808,40.347535211267605]],[[40.50540256571316,40.70168108987454],[40.50499753017657,40.695848578200234],[40.5062950884554,40.6969634704734],[40.50540256571316,40.70168108987454]],[[40.49127382146439,37.73732394366197],[40.49127382146439,37.79647887323944],[40.425275827482444,37.848239436619714],[40.330992978936806,37.87781690140845],[40.274423269809425,37.87781690140845],[40.217853560682045,37.83345070422535],[40.123570712136406,37.87781690140845],[39.953861584754264,37.863028169014086],[39.92557673019057,37.84084507042253],[39.92557673019057,37.8112676056338],[39.97271815446339,37.77429577464788],[40.02928786359077,37.77429577464788],[40.048144433299896,37.75950704225352],[40.274423269809425,37.74471830985915],[40.38756268806419,37.70035211267606],[40.425275827482444,37.70035211267606],[40.49127382146439,37.73732394366197]],[[40.481845536609825,40.68767605633803],[40.45356068204613,40.66549295774648],[40.43470411233701,40.650704225352115],[40.47305446014425,40.6580985915493],[40.456027437791164,40.63982777568032],[40.49127382146439,40.66549295774648],[40.481845536609825,40.68767605633803]],[[40.3694497304612,40.5224618510126],[40.406419257773315,40.510211267605634],[40.47241725175526,40.53239436619718],[40.425275827482444,40.53978873239436],[40.38756268806419,40.525],[40.368706118355064,40.53978873239436],[40.293279839518554,40.53978873239436],[40.274423269809425,40.525],[40.26499498495486,40.547183098591546],[40.28385155466399,40.56197183098592],[40.255566700100296,40.59894366197183],[40.11414242728184,40.60633802816901],[40.11414242728184,40.63591549295775],[40.20842527582748,40.709859154929575],[40.180140421263786,40.73204225352113],[40.11414242728184,40.73943661971831],[40.104714142427284,40.79119718309859],[40.02928786359077,40.79119718309859],[40.010431293881645,40.776408450704224],[39.784152457372116,40.776408450704224],[39.76529588766299,40.76161971830986],[39.6332998996991,40.746830985915494],[39.586158475426274,40.69507042253521],[39.61444332998997,40.67288732394366],[39.71815446339017,40.66549295774648],[39.67101303911735,40.62852112676056],[39.61444332998997,40.613732394366195],[39.59558676028084,40.62852112676056],[39.52958876629889,40.62112676056338],[39.55787362086259,40.59894366197183],[39.61444332998997,40.59894366197183],[39.6841332476468,40.6176085635621],[39.74643931795386,40.67288732394366],[39.89729187562688,40.68767605633803],[39.916148445336006,40.67288732394366],[39.97271815446339,40.67288732394366],[39.98214643931795,40.66549295774648],[39.96328986960882,40.63591549295775],[40.00100300902708,40.63591549295775],[39.991574724172516,40.59894366197183],[39.90672016048144,40.57676056338028],[39.92557673019057,40.56197183098592],[39.92557673019057,40.53239436619718],[39.953861584754264,40.510211267605634],[40.067001003009025,40.510211267605634],[40.085857572718155,40.525],[40.16128385155466,40.525],[40.180140421263786,40.53978873239436],[40.217853560682045,40.53978873239436],[40.255566700100296,40.510211267605634],[40.3694497304612,40.5224618510126]],[[40.4598692479698,40.5187498916938],[40.47808443276018,40.52716412818921],[40.476730944725304,40.530606695512176],[40.4598692479698,40.5187498916938]],[[40.425275827482444,38.63204225352113],[40.466441994194376,38.63188886960695],[40.47241725175526,38.63943661971831],[40.425275827482444,38.64683098591549],[40.425275827482444,38.63204225352113]],[[40.4686996050787,40.5736122144528],[40.4655587169755,40.5610486599457],[40.46626482801422,40.55917746560727],[40.4686996050787,40.5736122144528]],[[40.406419257773315,40.00739436619718],[40.43322422706122,40.00739436619718],[40.4111109355964,40.0018926644601],[40.4495563618163,40.0083002352243],[40.459431483954674,40.013914630763146],[40.406419257773315,40.02218309859155],[40.406419257773315,40.00739436619718]],[[40.440666084291905,38.60013851464261],[40.437595592792604,38.589147551480686],[40.4408739880118,38.5991737114254],[40.440666084291905,38.60013851464261]],[[40.43965747514751,40.61961185746442],[40.4378617910048,40.6173942956678],[40.43866271113178,40.6150616159869],[40.43965747514751,40.61961185746442]],[[40.425275827482444,38.61725352112676],[40.41584754262788,38.59507042253521],[40.3592778335005,38.56549295774648],[40.39244865729668,38.558098591549296],[40.3783019934956,38.5527935924068],[40.4314515969596,38.570357661671],[40.419219888593275,38.56813780369634],[40.43470411233701,38.58028169014084],[40.425275827482444,38.61725352112676]],[[39.82186559679037,40.184859154929576],[39.840722166499496,40.30316901408451],[39.935005015045135,40.30316901408451],[39.991574724172516,40.317957746478875],[40.02928786359077,40.347535211267605],[40.067001003009025,40.347535211267605],[40.085857572718155,40.317957746478875],[40.104714142427284,40.317957746478875],[40.123570712136406,40.33274647887324],[40.293279839518554,40.36232394366197],[40.37813440320963,40.414084507042254],[40.37813440320963,40.443661971830984],[40.236710130391174,40.45105633802817],[40.198996990972915,40.42147887323944],[40.16128385155466,40.42147887323944],[40.085857572718155,40.46584507042254],[40.048144433299896,40.46584507042254],[39.935005015045135,40.37711267605634],[39.840722166499496,40.347535211267605],[39.823024867158836,40.30407820061824],[39.8180877692018,40.3238928609029],[39.82186559679037,40.30316901408451],[39.81243731193581,40.32535211267606],[39.79358074222668,40.32535211267606],[39.82186559679037,40.184859154929576]],[[40.29006174361251,38.47566015287692],[40.2946875334374,38.4774695715462],[40.2951793100769,38.478011134569876],[40.29006174361251,38.47566015287692]],[[40.180140421263786,40.155281690140846],[40.28385155466399,40.207042253521124],[40.28385155466399,40.23661971830986],[40.236710130391174,40.28838028169014],[39.97271815446339,40.28838028169014],[39.86900702106318,40.251408450704226],[39.87843530591775,40.22922535211268],[40.010431293881645,40.22922535211268],[40.048144433299896,40.19964788732394],[40.180140421263786,40.155281690140846]],[[40.236710130391174,40.06654929577465],[40.18956870611835,40.044366197183095],[40.198996990972915,40.03697183098591],[40.247163436342426,40.04917252773914],[40.22793578273475,40.04487906364689],[40.24613841524574,40.05915492957747],[40.236710130391174,40.06654929577465]],[[40.24613841524574,36.96830985915493],[40.217853560682045,36.97570422535211],[40.18956870611835,36.9387323943662],[40.198996990972915,36.93133802816901],[40.24613841524574,36.96830985915493]],[[40.2358550840676,36.954574442397046],[40.23437795820595,36.94812688191592],[40.237467401157,36.9539552561632],[40.2358550840676,36.954574442397046]],[[40.2318234848374,36.9433077520493],[40.2209165155596,36.9411425812911],[40.21609263363143,36.93461869090717],[40.2318234848374,36.9433077520493]],[[40.2138852997441,36.9316334593994],[40.21577629391701,36.928196994475066],[40.21419399141071,36.93205093864648],[40.2138852997441,36.9316334593994]],[[40.16128385155466,37.02007042253521],[40.16469362969483,37.037190577707314],[40.1518555667001,37.027464788732395],[40.17071213640922,37.057042253521125],[40.11414242728184,37.14577464788732],[40.010431293881645,37.2419014084507],[40.00100300902708,37.219718309859154],[40.0198595787362,37.190140845070424],[40.07642928786359,37.16056338028169],[40.13299899699097,37.086619718309855],[40.13299899699097,37.057042253521125],[40.1518555667001,37.04225352112676],[40.13299899699097,37.027464788732395],[40.16128385155466,36.97570422535211],[40.18956870611835,36.99788732394366],[40.16128385155466,37.02007042253521]],[[40.17794885482076,36.98636035471808],[40.1765853206398,36.9852760858887],[40.17803834870248,36.97692295393726],[40.17794885482076,36.98636035471808]],[[40.16387018574003,38.459321430822996],[40.1639509388689,38.4592951797799],[40.16402416463422,38.459306626927514],[40.16387018574003,38.459321430822996]],[[40.1462807311835,40.0280809262027],[40.155666884922255,40.03150016774066],[40.14367202010308,40.02990777579208],[40.1462807311835,40.0280809262027]],[[40.13299899699097,37.559859154929576],[40.07642928786359,37.54507042253521],[40.085857572718155,37.53767605633803],[40.13299899699097,37.559859154929576]],[[40.010431293881645,40.06654929577465],[40.033758926588916,40.07783148614054],[40.067001003009025,40.051760563380284],[40.11414242728184,40.05915492957747],[40.085857572718155,40.081338028169014],[39.991574724172516,40.09612676056338],[39.90672016048144,40.044366197183095],[39.935005015045135,40.03697183098591],[39.97271815446339,40.06654929577465],[40.010431293881645,40.06654929577465]],[[40.0828741854217,40.5155822363542],[40.08447629367923,40.51754987410577],[40.08142977467436,40.51519657503814],[40.0828741854217,40.5155822363542]],[[40.050898798627706,37.53983623564835],[40.02928786359077,37.552464788732394],[39.991574724172516,37.522887323943664],[39.9444332998997,37.515492957746474],[39.991574724172516,37.50809859154929],[40.050898798627706,37.53983623564835]],[[40.0016679775653,39.2679909091425],[40.0234638403856,39.2809351773532],[40.023701906580314,39.281921451539304],[40.0016679775653,39.2679909091425]],[[39.98214643931795,37.264084507042256],[40.00638203834485,37.25127684593556],[40.0198595787362,37.264084507042256],[39.991574724172516,37.2862676056338],[39.98214643931795,37.264084507042256]],[[40.00212064345406,37.513575580822234],[40.0120786070927,37.5156579430632],[40.01861867550168,37.52002732485437],[40.00212064345406,37.513575580822234]],[[39.96328986960882,37.36760563380282],[39.9444332998997,37.36760563380282],[39.9444332998997,37.352816901408445],[39.96328986960882,37.33802816901408],[39.96328986960882,37.30845070422535],[39.98543955181124,37.299162581832626],[39.96328986960882,37.36760563380282]],[[39.9679865244325,37.3633033977542],[39.95056286899072,37.38561691720949],[39.96800719680595,37.36217675876626],[39.9679865244325,37.3633033977542]],[[39.93763584826958,38.4545570407156],[39.9675589301005,38.4547275428162],[39.9382854826589,38.4550934608096],[39.93763584826958,38.4545570407156]],[[39.916148445336006,39.179225352112674],[39.96512844204284,39.26466072422429],[39.953861584754264,39.282746478873236],[39.92557673019057,39.26056338028169],[39.92557673019057,39.23098591549296],[39.90672016048144,39.21619718309859],[39.916148445336006,39.179225352112674]],[[39.9339376359521,40.036551807353],[39.9585888515527,40.0453082231661],[39.959433866520584,40.04615778126294],[39.9339376359521,40.036551807353]],[[39.916148445336006,37.44894366197183],[39.935005015045135,37.419366197183095],[39.95132678524819,37.4144699307327],[39.916148445336006,37.44894366197183]],[[39.88786359077231,40.47323943661972],[39.905962071567444,40.462004594147125],[39.9325874309695,40.4796999643873],[39.916148445336006,40.49542253521127],[39.88786359077231,40.47323943661972]],[[39.92557673019057,37.530281690140846],[39.87843530591775,37.53767605633803],[39.86951747923338,37.563590242228514],[39.864352681409,37.54872070382603],[39.83129388164493,37.54507042253521],[39.859578736208626,37.49330985915493],[39.87264867042827,37.493645734266785],[39.87843530591775,37.522887323943664],[39.92557673019057,37.530281690140846]],[[39.9011010746608,40.0025731042555],[39.90202501536209,40.00356004092185],[39.9004280134241,40.00237605671926],[39.9011010746608,40.0025731042555]],[[39.859578736208626,40.45105633802817],[39.85015045135406,40.443661971830984],[39.859578736208626,40.37711267605634],[39.87564130213862,40.441853232698506],[39.86900702106318,40.430773393811904],[39.859578736208626,40.45105633802817]],[[39.871808971170836,40.39119656044537],[39.868862920557355,40.37761199111308],[39.8724346583409,40.3888997341759],[39.871808971170836,40.39119656044537]],[[39.87029551702739,39.99239890899538],[39.8695970108436,39.9921986546658],[39.867874582213965,39.990195314966364],[39.87029551702739,39.99239890899538]],[[39.84391588561587,38.37051948744535],[39.8576002435434,38.3673335603319],[39.85927556618477,38.36918977383792],[39.84391588561587,38.37051948744535]],[[39.83129388164493,39.97042253521127],[39.784152457372116,39.96302816901409],[39.72758274824473,40.00739436619718],[39.69929789368104,40.0],[39.79358074222668,39.94084507042253],[39.77472417251755,39.92605633802817],[39.784152457372116,39.918661971830986],[39.83129388164493,39.97042253521127]],[[39.8324597139406,40.2212905044318],[39.83241850325954,40.231181091857074],[39.831860743000085,40.21939376303727],[39.8324597139406,40.2212905044318]],[[39.784152457372116,37.87781690140845],[39.72758274824473,37.87781690140845],[39.69929789368104,37.84084507042253],[39.708726178535606,37.83345070422535],[39.74643931795386,37.863028169014086],[39.784152457372116,37.863028169014086],[39.79358074222668,37.82605633802817],[39.81243731193581,37.83158773897029],[39.8165206492697,37.8200139968289],[39.81243731193581,37.8556338028169],[39.784152457372116,37.87781690140845]],[[39.80393383165238,38.37982791904647],[39.807330901755584,38.37903702934558],[39.8046169037661,38.3801560612278],[39.80393383165238,38.37982791904647]],[[39.77173726431563,37.86168898233041],[39.77859882312025,37.861941334883014],[39.7758344894546,37.8624417746294],[39.77173726431563,37.86168898233041]],[[39.7516709258819,39.9054910971217],[39.75725371586822,39.90882885057061],[39.74871482964174,39.90532348341683],[39.7516709258819,39.9054910971217]],[[39.729097484567504,40.654301653528066],[39.700369999727265,40.628532554529194],[39.7186512948326,40.6408321019761],[39.729097484567504,40.654301653528066]],[[39.708726178535606,39.918661971830986],[39.67101303911735,39.889084507042256],[39.64272818455366,39.88169014084507],[39.67101303911735,39.87429577464789],[39.7147416911038,39.9033971714318],[39.6979427403524,39.89541606063674],[39.71815446339017,39.9112676056338],[39.708726178535606,39.918661971830986]],[[39.510732196589764,38.787323943661974],[39.57673019057171,38.82429577464789],[39.59558676028084,38.80950704225352],[39.6332998996991,38.82429577464789],[39.652156469408226,38.80950704225352],[39.71815446339017,38.816901408450704],[39.6332998996991,38.83908450704225],[39.59558676028084,38.82429577464789],[39.55787362086259,38.83908450704225],[39.510732196589764,38.816901408450704],[39.48244734202608,38.779929577464785],[39.44473420260782,38.779929577464785],[39.35045135406219,38.83908450704225],[39.2938816449348,38.83908450704225],[39.23731193580742,38.88345070422535],[39.171313941825474,38.87605633802817],[39.23731193580742,38.86866197183099],[39.31273821464393,38.80950704225352],[39.36930792377131,38.80950704225352],[39.38816449348044,38.76514084507042],[39.4258776328987,38.779929577464785],[39.44473420260782,38.76514084507042],[39.50130391173521,38.76514084507042],[39.510732196589764,38.787323943661974]],[[39.652156469408226,38.351056338028165],[39.652156469408226,38.3362676056338],[39.67828558321442,38.34535266497751],[39.66006362126623,38.330677726409974],[39.70361746378326,38.34051022887316],[39.68986960882648,38.36584507042254],[39.652156469408226,38.351056338028165]],[[39.688983784307624,40.14469411551067],[39.6844572416631,40.1440056122558],[39.6625662007048,40.1172604708846],[39.688983784307624,40.14469411551067]],[[39.62387161484453,39.8669014084507],[39.55787362086259,39.85950704225352],[39.520160481444336,39.889084507042256],[39.46359077231695,39.87429577464789],[39.44473420260782,39.889084507042256],[39.397592778335,39.88169014084507],[39.44473420260782,39.85950704225352],[39.520160481444336,39.87429577464789],[39.55787362086259,39.844718309859154],[39.59558676028084,39.844718309859154],[39.62387161484453,39.8669014084507]],[[39.6165175425858,39.8552368813637],[39.62143740698361,39.85906869876481],[39.6031091395271,39.850361016040054],[39.6165175425858,39.8552368813637]],[[39.55787362086259,37.87781690140845],[39.54844533600802,37.87042253521127],[39.59558676028084,37.83345070422535],[39.6050150451354,37.84084507042253],[39.55787362086259,37.87781690140845]],[[39.44675554458644,40.63101836541251],[39.43965535526049,40.6351009740243],[39.4413965032933,40.6330909228161],[39.44675554458644,40.63101836541251]],[[39.38433499163509,37.95776997674119],[39.39615852584649,37.954633120645326],[39.3918916299379,37.9569551403015],[39.38433499163509,37.95776997674119]],[[39.238133712616666,38.86336388487313],[39.194682651152874,38.86259959671912],[39.1961041001828,38.8622250751172],[39.238133712616666,38.86336388487313]],[[39.23548239315874,38.11660175268112],[39.2352001136325,38.116366719006],[39.22951429434055,38.09567167311425],[39.23548239315874,38.11660175268112]],[[39.21845536609829,38.084859154929575],[39.19959879638917,38.055281690140845],[39.22788365095286,38.07746478873239],[39.21845536609829,38.084859154929575]],[[39.171313941825474,39.97042253521127],[39.171313941825474,39.94084507042253],[39.20902708124373,39.94084507042253],[39.1901705115346,39.97042253521127],[39.171313941825474,39.97042253521127]],[[39.194579029855454,38.001550940284055],[39.197527545070095,38.00091644960922],[39.1967269184329,38.0018876133009],[39.194579029855454,38.001550940284055]],[[39.157851122300244,38.18294120804068],[39.1621641473675,38.1827135591406],[39.19111772758224,38.20218764638382],[39.157851122300244,38.18294120804068]],[[39.17567888247733,38.02782552794632],[39.170636590913645,38.024499615758394],[39.1747775443094,38.0266159796688],[39.17567888247733,38.02782552794632]],[[39.14302908726178,38.025704225352115],[39.10531594784353,38.04049295774648],[39.095887662988964,38.018309859154925],[39.14302908726178,38.01091549295774],[39.171313941825474,38.0330985915493],[39.14302908726178,38.025704225352115]],[[39.12417251755265,38.89823943661972],[39.14302908726178,38.86866197183099],[39.157388834463795,38.87242572461683],[39.12417251755265,38.89823943661972]],[[39.12447515549124,38.18662251542475],[39.12835331460983,38.18308603857138],[39.14352627144791,38.18369729836927],[39.12447515549124,38.18662251542475]],[[39.04874623871615,38.88345070422535],[39.08158022104277,38.88345070422535],[39.0977170500031,38.87802856697569],[39.082203883962606,38.88345070422535],[39.095887662988964,38.890845070422536],[39.0864593781344,38.89823943661972],[39.04874623871615,38.89823943661972],[39.04874623871615,38.88345070422535]],[[39.07841055183654,40.36320461599676],[39.07903855522647,40.357866588880974],[39.0801437535924,40.3588468517212],[39.07841055183654,40.36320461599676]],[[38.99217652958876,40.06654929577465],[39.01103309929789,40.03697183098591],[39.0784738302285,40.0053332791133],[38.99217652958876,40.06654929577465]],[[39.077031093279835,38.00352112676056],[39.039317953861584,38.00352112676056],[39.039317953861584,37.97394366197183],[39.020461384152455,37.959154929577466],[39.02988966900702,37.95176056338028],[39.05817452357071,37.97394366197183],[39.05817452357071,37.988732394366195],[39.077031093279835,38.00352112676056]],[[39.06849616093002,37.992958838231786],[39.072524880840305,37.99561376753151],[39.0700500931774,37.9943394210817],[39.06849616093002,37.992958838231786]],[[39.056947802331564,37.965916972404024],[39.06428752632801,37.989219699178044],[39.0604969709447,37.9858520003851],[39.056947802331564,37.965916972404024]],[[39.04700517044228,37.94773502099048],[39.0554130733555,37.961044395449],[39.05563234856649,37.96174056744844],[39.04700517044228,37.94773502099048]],[[39.006257708343796,37.91345673030404],[39.0270680836027,37.916175408909],[39.028114492872845,37.91783183298489],[39.006257708343796,37.91345673030404]],[[38.982748244734196,37.9],[39.01103309929789,37.93697183098591],[38.963891675025074,37.91478873239436],[38.97384177877525,37.85808531750503],[38.9919951471876,37.8819336648495],[38.982748244734196,37.87139908840893],[38.982748244734196,37.9]],[[38.99217652958876,39.37147887323944],[38.99217652958876,39.35669014084507],[39.00468066779616,39.366496821308374],[38.99459658266861,39.351016387823634],[39.020461384152455,39.37887323943662],[38.99217652958876,39.37147887323944]],[[38.97331995987964,38.91302816901408],[38.907321965897694,38.9056338028169],[38.93560682046138,38.88345070422535],[39.01097193160706,38.887463652590924],[38.97331995987964,38.91302816901408]],[[38.99036336168796,37.885673669749586],[38.9888508322959,37.88914034312],[38.983185982671856,37.89108407125746],[38.99036336168796,37.885673669749586]],[[38.954994121076815,37.82683004512769],[38.9759752378384,37.8265424081646],[38.97587271273927,37.82791468030546],[38.954994121076815,37.82683004512769]],[[38.95446339017051,40.14049295774648],[38.945035105315945,40.07394366197183],[38.9620649693109,40.060507909905],[38.963891675025074,40.1330985915493],[38.95446339017051,40.14049295774648]],[[38.91675025075226,37.83345070422535],[38.888465396188565,37.82605633802817],[38.888465396188565,37.79647887323944],[38.93560682046138,37.80387323943662],[38.95603087996939,37.787694152738304],[38.963891675025074,37.79647887323944],[38.91675025075226,37.83345070422535]],[[38.96053346901577,37.75587802752959],[38.9618833142331,37.7561044100569],[38.96147862289684,37.758288816511],[38.96053346901577,37.75587802752959]],[[38.91675025075226,39.23838028169014],[38.89789368104313,39.223591549295776],[38.775325977933804,39.21619718309859],[38.89789368104313,39.20880281690141],[38.945035105315945,39.23098591549296],[38.91675025075226,39.23838028169014]],[[38.9383015111585,39.2233244196184],[38.938860315156234,39.22408015895154],[38.9310009742689,39.219378183514024],[38.9383015111585,39.2233244196184]],[[38.91201737657029,37.74774139417184],[38.91659056308036,37.74850836323372],[38.9121195808578,37.7479564206814],[38.91201737657029,37.74774139417184]],[[38.8706101050113,37.6944084585629],[38.914634008413,37.7140462767461],[38.9145437058873,37.71429765952343],[38.8724070232717,37.6952359249282],[38.831280514101984,37.69686275897793],[38.8706101050113,37.6944084585629]],[[38.74704112337011,37.626408450704226],[38.8521432712993,37.6472256806076],[38.813039117352055,37.69295774647887],[38.82246740220662,37.70035211267606],[38.879037111334,37.70035211267606],[38.907321965897694,37.722535211267605],[38.80361083249749,37.71514084507042],[38.794182547642926,37.6781690140845],[38.813039117352055,37.66338028169014],[38.78475426278836,37.64119718309859],[38.6716148445336,37.64119718309859],[38.60479638334175,37.58423263631806],[38.6716148445336,37.626408450704226],[38.74704112337011,37.626408450704226]],[[38.7964856401998,39.2064778362538],[38.9030854890992,39.2042887322704],[38.9043821119656,39.20498960948622],[38.7964856401998,39.2064778362538]],[[38.879037111334,40.21443661971831],[38.86018054162487,40.184859154929576],[38.888465396188565,40.207042253521124],[38.879037111334,40.21443661971831]],[[38.86542119566,40.1781029967956],[38.86548049392916,40.17749889588777],[38.8881688431357,40.19790011207],[38.86542119566,40.1781029967956]],[[38.8541100631963,40.50851105584282],[38.8874074154653,40.5029470075318],[38.8548563894457,40.5086577138518],[38.8541100631963,40.50851105584282]],[[38.8386469982821,38.0259226370701],[38.82421127434158,38.009502000078335],[38.84130319376402,38.02717709269708],[38.8386469982821,38.0259226370701]],[[38.82246740220662,38.89823943661972],[38.78475426278836,38.88345070422535],[38.756469408224675,38.90755824515956],[38.756469408224675,38.95],[38.794182547642926,38.9943661971831],[38.76589769307924,39.016549295774645],[38.72818455366098,39.016549295774645],[38.65275827482447,39.07570422535211],[38.624473420260784,39.06830985915493],[38.64332998996991,39.0387323943662],[38.605616850551655,39.00915492957746],[38.61504513540622,39.00176056338028],[38.6716148445336,39.04612676056338],[38.69047141424272,39.016549295774645],[38.775325977933804,38.9943661971831],[38.737612838515545,38.95],[38.737612838515545,38.890845070422536],[38.78475426278836,38.86866197183099],[38.83168027724152,38.884710175690145],[38.819516150478094,38.881136111872934],[38.83189568706118,38.890845070422536],[38.82246740220662,38.89823943661972]],[[38.76295643891113,38.93290462713486],[38.78254846754004,38.96866124625777],[38.7646497006068,38.9395206059697],[38.76295643891113,38.93290462713486]],[[38.74704112337011,39.20880281690141],[38.76589769307924,39.179225352112674],[38.775325977933804,39.186619718309856],[38.74704112337011,39.20880281690141]],[[38.7720290256125,39.1722460076685],[38.77177346648155,39.17455265732414],[38.76438011439562,39.15523592678902],[38.7720290256125,39.1722460076685]],[[38.737612838515545,39.13744279013703],[38.76183010544699,39.149565072829574],[38.737612838515545,39.13997430674854],[38.756469408224675,39.157042253521126],[38.74704112337011,39.16443661971831],[38.718756268806416,39.14225352112676],[38.72818455366098,39.06091549295775],[38.737612838515545,39.13744279013703]],[[38.7436607994423,39.05732414142693],[38.7476689658348,39.0338761644089],[38.74828710905523,39.033332780119956],[38.7436607994423,39.05732414142693]],[[38.7403194911356,39.0768709647655],[38.740562494747415,39.075449381291385],[38.74347636965726,39.10359493427151],[38.7403194911356,39.0768709647655]],[[38.6239061707192,39.0084292301531],[38.6455116757967,39.0167097545123],[38.64621773586293,39.01829609726016],[38.6239061707192,39.0084292301531]],[[38.63135827409286,38.747706469427044],[38.6435684417826,38.7549844328289],[38.64289185576742,38.755755746380814],[38.63135827409286,38.747706469427044]],[[38.55847542627883,38.76514084507042],[38.5396188565697,38.779929577464785],[38.511334002006016,38.7725352112676],[38.5396188565697,38.750352112676055],[38.624452628759,38.7435903069563],[38.611049157081155,38.750352112676055],[38.64332998996991,38.75774647887324],[38.55847542627883,38.76514084507042]],[[38.6269757015122,38.7765372541937],[38.628770023463275,38.774574051647384],[38.63610467958376,38.77883689696923],[38.6269757015122,38.7765372541937]],[[38.52076228686058,37.50809859154929],[38.59919263766766,37.58092864282886],[38.5679037111334,37.559859154929576],[38.624473420260784,37.60422535211268],[38.61504513540622,37.61161971830985],[38.54904714142427,37.559859154929576],[38.511334002006016,37.515492957746474],[38.52076228686058,37.50809859154929]],[[38.606478895494455,38.959028757838894],[38.6104860100257,38.9624580439719],[38.6115546482635,38.96611869815572],[38.606478895494455,38.959028757838894]],[[38.5396188565697,39.13485915492958],[38.50190571715145,39.16443661971831],[38.454764292878636,39.157042253521126],[38.50190571715145,39.149647887323944],[38.52076228686058,39.12007042253521],[38.55847542627883,39.10528169014084],[38.60829067800154,39.10874805076559],[38.57733199598796,39.13485915492958],[38.5396188565697,39.13485915492958]],[[38.54904714142427,38.920422535211266],[38.605616850551655,38.96478873239437],[38.59618856569709,38.986971830985915],[38.55847542627883,38.94260563380281],[38.530190571715146,38.93521126760563],[38.530190571715146,38.9056338028169],[38.54904714142427,38.9056338028169],[38.54904714142427,38.920422535211266]],[[38.56919073110753,38.93269130583525],[38.5801240889879,38.9364743307602],[38.596726254481446,38.95068245370276],[38.56919073110753,38.93269130583525]],[[38.5511898427959,38.8998306314589],[38.55294655002337,38.89923546291068],[38.54998901257617,38.910137759293576],[38.5511898427959,38.8998306314589]],[[38.486143157854336,37.493429184792696],[38.4864097177341,37.4934587647046],[38.49671984375097,37.49907710255007],[38.486143157854336,37.493429184792696]],[[38.4763103215212,38.70002378153],[38.4784281327978,38.7186896576341],[38.47793526127658,38.71975792258229],[38.4763103215212,38.70002378153]],[[38.4715791719834,38.7508077835139],[38.4714337186809,38.75061377845986],[38.47203922523826,38.75074529494298],[38.4715791719834,38.7508077835139]],[[38.4668059131347,38.7444412292662],[38.466899446796994,38.74424444821869],[38.46903215921761,38.74741058770764],[38.4668059131347,38.7444412292662]],[[38.454764292878636,39.8669014084507],[38.39819458375125,39.89647887323944],[38.35105315947843,39.948239436619716],[38.34162487462387,39.94084507042253],[38.34162487462387,39.92605633802817],[38.44533600802407,39.82992957746479],[38.4573824977065,39.83636714136],[38.454764292878636,39.8669014084507]],[[38.36990972918756,39.12007042253521],[38.40530069388774,39.12007042253521],[38.3814028164848,39.1173329749269],[38.4146635764569,39.1210509146892],[38.41705115346038,39.1274647887324],[38.36990972918756,39.13485915492958],[38.36990972918756,39.12007042253521]],[[38.40762286860581,38.69119718309859],[38.38876629889669,38.66161971830986],[38.41705115346038,38.683802816901405],[38.40762286860581,38.69119718309859]],[[38.4127086052427,38.6792589087394],[38.39818167672985,38.664979815959015],[38.41327197748183,38.679442840141945],[38.4127086052427,38.6792589087394]],[[38.41223569193155,39.78996925500035],[38.39512188282862,39.78134213288943],[38.4112539513253,39.7889603090007],[38.41223569193155,39.78996925500035]],[[38.4059685151806,39.4055911256499],[38.406242277238874,39.40674605978526],[38.375446859726075,39.38923371219334],[38.4059685151806,39.4055911256499]],[[38.40024489909243,39.93963260705216],[38.39508183974919,39.937294044697865],[38.3969265629723,39.9372578736535],[38.40024489909243,39.93963260705216]],[[38.38876629889669,39.415845070422534],[38.36990972918756,39.386267605633805],[38.39819458375125,39.40845070422535],[38.38876629889669,39.415845070422534]],[[38.392054767723934,38.10752799677956],[38.3923553011707,38.1073953804323],[38.39594658522454,38.10859687622272],[38.392054767723934,38.10752799677956]],[[38.3653340827157,38.5398597608566],[38.366520458762345,38.539191268074006],[38.36499157958512,38.541358799502135],[38.3653340827157,38.5398597608566]],[[38.3636932704149,38.6310797968887],[38.36339434596782,38.629476317029486],[38.36431564563133,38.631691554112656],[38.3636932704149,38.6310797968887]],[[38.35105315947843,39.77077464788732],[38.34162487462387,39.73380281690141],[38.361389993147085,39.73225729434481],[38.35105315947843,39.77077464788732]],[[38.3550658494601,38.5848008930611],[38.35512309068147,38.584550364539474],[38.355152940053024,38.585268061314],[38.3550658494601,38.5848008930611]],[[38.34927680977336,39.698514756533264],[38.343417626889746,39.68775665254444],[38.3444699685142,39.6885578677526],[38.34927680977336,39.698514756533264]],[[38.34162487462387,39.70422535211267],[38.33219658976931,39.71161971830986],[38.30391173520562,39.67464788732394],[38.30391173520562,39.64507042253521],[38.329160079929295,39.620505865803096],[38.30391173520562,39.585915492957746],[38.31334002006018,39.57852112676056],[38.33219658976931,39.57852112676056],[38.34162487462387,39.59694983225794],[38.3472515095068,39.5877196152356],[38.31847844054956,39.64170599002795],[38.322768304914746,39.67464788732394],[38.34162487462387,39.70422535211267]],[[38.256770310932794,37.49330985915493],[38.256770310932794,37.47852112676056],[38.34707910091284,37.477997370533835],[38.33219658976931,37.49330985915493],[38.256770310932794,37.49330985915493]],[[38.3352016978044,39.5712399467394],[38.346089041990105,39.586129791279355],[38.33036231231287,39.572127017968185],[38.3352016978044,39.5712399467394]],[[38.30391173520562,39.36408450704225],[38.31334002006018,39.3419014084507],[38.34162487462387,39.36408450704225],[38.33219658976931,39.37147887323944],[38.30391173520562,39.36408450704225]],[[38.33952214901,39.356292702626014],[38.3302064791541,39.3501020979419],[38.33101113005826,39.348369918345874],[38.33952214901,39.356292702626014]],[[38.3275752960382,39.6648976643209],[38.32446628794421,39.67288740299811],[38.3229863303036,39.6718090419258],[38.3275752960382,39.6648976643209]],[[38.31334002006018,39.19401408450704],[38.28505516549649,39.17183098591549],[38.29448345035105,39.149647887323944],[38.313386862340124,39.14968462454357],[38.30338072332559,39.1457006005832],[38.3143381698196,39.1475104497802],[38.322768304914746,39.157042253521126],[38.31192365436251,39.165547439639354],[38.32189230400664,39.17407216697905],[38.30391173520562,39.17183098591549],[38.322768304914746,39.186619718309856],[38.31334002006018,39.19401408450704]],[[38.2996565192291,39.50566774686649],[38.3190706024532,39.4763087049046],[38.32026005915287,39.47551741373885],[38.2996565192291,39.50566774686649]],[[38.291465745249745,37.474191898561756],[38.3053678238096,37.4723828451625],[38.30585390756834,37.47275725406081],[38.291465745249745,37.474191898561756]],[[38.27562688064192,39.57852112676056],[38.26619859578736,39.541549295774644],[38.28121098142794,39.53356210129275],[38.28712566267301,39.56715997865299],[38.27562688064192,39.57852112676056]],[[38.2456887086367,37.4426661739368],[38.2743928166713,37.4758942412625],[38.24537566640862,37.44275442422755],[38.2456887086367,37.4426661739368]],[[37.87021063189569,37.323239436619716],[37.8868757703119,37.3257277017088],[37.879535260353094,37.34550383031117],[37.91733940710403,37.3729371656792],[37.8786537208183,37.34619519955152],[37.87021063189569,37.352816901408445],[37.96449348044132,37.41197183098591],[37.973921765295884,37.43415492957746],[38.06820461384152,37.43415492957746],[38.08850218531447,37.447813520604996],[38.16248746238716,37.40457746478873],[38.191399847217,37.4190331012827],[38.20020060180541,37.44894366197183],[38.24734202607823,37.456338028169014],[38.181344032096284,37.4637323943662],[38.16248746238716,37.43415492957746],[38.14363089267803,37.43415492957746],[38.049348044132394,37.47852112676056],[38.049348044132394,37.44894366197183],[37.973921765295884,37.44894366197183],[37.85135406218656,37.352816901408445],[37.85135406218656,37.323239436619716],[37.8136409227683,37.27887323943662],[37.841925777331994,37.2862676056338],[37.85135406218656,37.30845070422535],[37.87021063189569,37.323239436619716]],[[37.955065195586755,38.86866197183099],[38.07763289869609,38.93521126760563],[38.07763289869609,38.96478873239437],[38.09648946840522,38.97957746478873],[38.09648946840522,39.00915492957746],[38.05877632898696,39.053521126760565],[38.05877632898696,39.083098591549295],[38.14339071388389,39.08333520042849],[38.1228950871412,39.09049295774648],[38.22848545636911,39.1274647887324],[38.20020060180541,39.13485915492958],[38.14363089267803,39.10528169014084],[38.087061183550645,39.12007042253521],[38.03991975927783,39.112676056338024],[38.07763289869609,39.17183098591549],[38.17191574724173,39.24577464788732],[38.17191574724173,39.27535211267605],[38.190772316950856,39.290140845070425],[38.190772316950856,39.319718309859155],[38.16248746238716,39.3419014084507],[38.09648946840522,39.349295774647885],[38.11534603811434,39.40845070422535],[38.20962888665998,39.482394366197184],[38.20962888665998,39.541549295774644],[38.190772316950856,39.57112676056338],[38.14363089267803,39.59330985915493],[37.98335005015045,39.585915492957746],[38.03991975927783,39.511971830985914],[38.03991975927783,39.40845070422535],[38.00220661985958,39.349295774647885],[37.90792377131394,39.290140845070425],[37.90792377131394,39.26056338028169],[37.98335005015045,39.157042253521126],[37.86078234704112,39.149647887323944],[37.841925777331994,39.16443661971831],[37.766499498495484,39.16443661971831],[37.66278836509528,39.09788732394366],[37.66278836509528,39.053521126760565],[37.7382146439318,38.97957746478873],[37.68164493480441,38.95],[37.709929789368104,38.91302816901408],[37.766499498495484,38.88345070422535],[37.823069207622865,38.88345070422535],[37.841925777331994,38.86866197183099],[37.955065195586755,38.86866197183099]],[[38.21905717151454,38.351056338028165],[38.22848545636911,38.40281690140845],[38.14363089267803,38.41021126760563],[38.05877632898696,38.34366197183098],[38.087061183550645,38.30669014084507],[38.16248746238716,38.30669014084507],[38.21905717151454,38.351056338028165]],[[38.21220155036627,39.11725227809956],[38.193626517305646,39.09966342661975],[38.1952886366011,39.0997708640151],[38.21220155036627,39.11725227809956]],[[38.17547225437451,37.41090775983739],[38.1772868789685,37.4091337824546],[38.186187826287515,37.41537721146482],[38.17547225437451,37.41090775983739]],[[38.1753520489943,38.11717596568771],[38.1783941707137,38.1182457228179],[38.18350472734685,38.125140917904105],[38.1753520489943,38.11717596568771]],[[38.17191574724173,37.988732394366195],[38.14363089267803,38.025704225352115],[38.13420260782347,38.018309859154925],[38.1530591775326,38.00352112676056],[38.09648946840522,37.959154929577466],[38.105917753259774,37.95176056338028],[38.16062505425791,37.98133802816901],[38.1239521048091,37.9510172060746],[38.17191574724173,37.988732394366195]],[[38.1702567078679,39.0981528302007],[38.14842795524241,39.08330574295197],[38.14855602292,39.0833049940201],[38.1702567078679,39.0981528302007]],[[38.066790160247365,37.9374204329805],[38.06839750097345,37.937802761596245],[38.0671305769784,37.9376922245776],[38.066790160247365,37.9374204329805]],[[38.0628377635022,37.4293527004729],[38.06320789736358,37.429761822615035],[38.05407914177012,37.43299745401806],[38.0628377635022,37.4293527004729]],[[38.0371330939241,36.8693031961354],[38.03705865226907,36.869994212306636],[38.033179974191306,36.8648970288721],[38.0371330939241,36.8693031961354]],[[37.98335005015045,36.923943661971826],[38.01203628414697,36.91027936615822],[38.02106318956871,36.923943661971826],[37.99277833500501,36.94612676056338],[37.98335005015045,36.923943661971826]],[[37.96449348044132,37.01267605633802],[37.94563691073219,37.01267605633802],[37.94563691073219,36.98309859154929],[37.99922278753404,36.96133123199742],[37.96449348044132,37.01267605633802]],[[37.96449348044132,38.34366197183098],[37.98335005015045,38.37323943661972],[37.98335005015045,38.417605633802815],[37.88906720160481,38.47676056338028],[37.8136409227683,38.59507042253521],[37.85135406218656,38.71338028169014],[37.92678034102307,38.787323943661974],[37.917352056168504,38.82429577464789],[37.841925777331994,38.82429577464789],[37.77592778335005,38.7725352112676],[37.75707121364092,38.683802816901405],[37.7382146439318,38.66901408450704],[37.7382146439318,38.58028169014084],[37.75707121364092,38.56549295774648],[37.75707121364092,38.44718309859155],[37.7382146439318,38.43239436619718],[37.7382146439318,38.37323943661972],[37.841925777331994,38.30669014084507],[37.898495486459375,38.30669014084507],[37.96449348044132,38.34366197183098]],[[37.98335005015045,37.057042253521125],[37.898495486459375,37.04964788732394],[37.87021063189569,37.086619718309855],[37.85135406218656,37.086619718309855],[37.898495486459375,37.03485915492958],[37.98335005015045,37.057042253521125]],[[37.9802466532818,37.0483067875711],[37.97897059827953,37.04971777010957],[37.979282958441175,37.04570016732531],[37.9802466532818,37.0483067875711]],[[37.87600503462269,37.13730019376934],[37.83249749247743,37.20492957746479],[37.83249749247743,37.219718309859154],[37.841925777331994,37.227112676056336],[37.87963891675025,37.21232394366197],[37.88906720160481,37.23450704225352],[37.841925777331994,37.2419014084507],[37.8136409227683,37.219718309859154],[37.85135406218656,37.14577464788732],[37.87600503462269,37.13730019376934]],[[37.8710244052963,37.2116263758678],[37.871687592434725,37.21182441091415],[37.87057357891105,37.21184233879047],[37.8710244052963,37.2116263758678]],[[37.8613656131024,37.3136588157792],[37.84028253670471,37.26689317289134],[37.861900762936465,37.31387645189998],[37.8613656131024,37.3136588157792]],[[37.83841118191438,37.21530080175616],[37.84418666405661,37.223714920438994],[37.8436408367017,37.2239660253637],[37.83841118191438,37.21530080175616]],[[37.836577940185336,37.20315880960351],[37.83477572910995,37.20927707500053],[37.834558395166,37.2089169657202],[37.836577940185336,37.20315880960351]],[[37.70202542537983,38.97380764493209],[37.6743770430337,38.9991672538873],[37.7009318272957,38.9742305028528],[37.70202542537983,38.97380764493209]],[[37.634503510531594,38.3362676056338],[37.6553886523984,38.304414748713],[37.66278836509528,38.31408450704225],[37.634503510531594,38.3362676056338]],[[37.559077231695085,38.36584507042254],[37.577933801404214,38.3362676056338],[37.59651269523667,38.33920300603024],[37.559077231695085,38.36584507042254]],[[37.507814776048,38.8627765517141],[37.560705648269476,38.79599543593865],[37.552007069264775,38.7621038011536],[37.56850551654965,38.80211267605634],[37.507814776048,38.8627765517141]],[[37.53079237713139,38.90851763951342],[37.540220661985956,38.94260563380281],[37.51193580742226,38.920422535211266],[37.49307923771314,38.890845070422536],[37.5025075225677,38.86866197183099],[37.5434115120529,38.9225486108627],[37.53079237713139,38.90851763951342]],[[37.51193580742226,36.77605633802817],[37.464794383149446,36.79823943661972],[37.4342096205464,36.8262719404098],[37.43650952858576,36.8056338028169],[37.49307923771314,36.761267605633805],[37.49307923771314,36.74647887323943],[37.540220661985956,36.724295774647885],[37.54964894684052,36.73169014084507],[37.51193580742226,36.77605633802817]],[[37.540220661985956,38.779929577464785],[37.47422266800401,38.75774647887324],[37.54964894684052,38.75774647887324],[37.540220661985956,38.779929577464785]],[[37.50506926764058,39.0111057503974],[37.5023896047614,39.0115404512456],[37.50204217677219,39.00997059135446],[37.50506926764058,39.0111057503974]],[[37.4948705086227,38.7499901019978],[37.467272609365736,38.724573481304084],[37.4695530436786,38.7253388865824],[37.4948705086227,38.7499901019978]],[[37.389368104312936,37.34542253521126],[37.45536609829488,37.352816901408445],[37.445937813440324,37.40457746478873],[37.427081243731195,37.360211267605635],[37.389368104312936,37.360211267605635],[37.332798395185556,37.3306338028169],[37.295085255767304,37.34542253521126],[37.21023069207622,37.33802816901408],[37.3294079743461,37.3097327523244],[37.315532203598906,37.31584507042253],[37.389368104312936,37.34542253521126]],[[37.443084106356366,37.34239245803172],[37.3947955616832,37.3427596711927],[37.441718531916,37.3411416378025],[37.443084106356366,37.34239245803172]],[[37.4180615084008,38.652432202585],[37.44131123833024,38.7141547004948],[37.427081243731195,38.73556338028169],[37.37993981945837,38.63943661971831],[37.389368104312936,38.63204225352113],[37.4180615084008,38.652432202585]],[[37.3987963891675,36.74647887323943],[37.37993981945837,36.790845070422534],[37.3987963891675,36.820422535211264],[37.43650952858576,36.83521126760563],[37.427081243731195,36.84260563380281],[37.36108324974924,36.8056338028169],[37.37993981945837,36.761267605633805],[37.351654964894685,36.73908450704225],[37.31394182547643,36.76866197183098],[37.30451354062186,36.761267605633805],[37.37051153460381,36.724295774647885],[37.3987963891675,36.74647887323943]],[[37.408224674022065,38.43978873239436],[37.34222668004012,38.43239436619718],[37.37051153460381,38.41021126760563],[37.434768136836745,38.40835212426581],[37.408224674022065,38.43978873239436]],[[37.40197008203122,38.635118802276125],[37.40190751749307,38.632835190681234],[37.4021667090184,38.6332061585655],[37.40197008203122,38.635118802276125]],[[37.38668413770025,36.789723821645296],[37.38709849572624,36.79339779719784],[37.3861445094773,36.7920077028898],[37.38668413770025,36.789723821645296]],[[37.3572952561676,37.3253420168835],[37.35594551698869,37.324458259085574],[37.3784248703866,37.3241998757222],[37.3572952561676,37.3253420168835]],[[37.35091432975116,37.321164029338476],[37.336159094588574,37.31150286343403],[37.3450172380835,37.3138254258604],[37.35091432975116,37.321164029338476]],[[37.26680040120361,38.49154929577465],[37.326119137241,38.5622982216301],[37.3392537607655,38.582761585936],[37.3178386126885,38.5574441216711],[37.31394182547643,38.57288732394366],[37.295085255767304,38.57288732394366],[37.24794383149448,38.52112676056338],[37.24794383149448,38.49154929577465],[37.290006658693734,38.4509986320512],[37.26680040120361,38.49154929577465]],[[37.18194583751254,37.27147887323944],[37.18194583751254,37.30105633802817],[37.09709127382146,37.249295774647884],[37.10651955867603,37.2419014084507],[37.14423269809428,37.27147887323944],[37.18194583751254,37.27147887323944]],[[37.1494255472631,37.2667120982388],[37.1166841637716,37.239681422337],[37.15076209276764,37.267216388499726],[37.1494255472631,37.2667120982388]],[[37.02214997711567,36.995268691567524],[37.0227532315325,36.9945474202558],[37.0487369451395,36.995118490605],[37.02214997711567,36.995268691567524]],[[36.99832831928756,37.018454710639254],[37.00169449283616,37.01759666639731],[37.0015915134509,37.0177368079058],[36.99832831928756,37.018454710639254]],[[36.87081243731193,38.9056338028169],[36.94623871614844,38.93521126760563],[36.971598737854,38.9798998983087],[36.96509528585757,38.96862557419504],[36.96509528585757,39.00915492957746],[36.927382146439314,39.06830985915493],[36.8802407221665,39.07570422535211],[36.87081243731193,39.06830985915493],[36.927382146439314,39.0387323943662],[36.94623871614844,38.97957746478873],[36.91795386158475,38.94260563380281],[36.861384152457376,38.92781690140845],[36.83309929789368,38.890845070422536],[36.86704500958805,38.86767982535539],[36.87081243731193,38.9056338028169]],[[36.9201902206262,36.9541269250417],[36.94623871614844,36.99788732394366],[36.93681043129388,37.02007042253521],[36.88966900702106,36.9387323943662],[36.851955867602804,36.90915492957746],[36.8834290319389,36.9013079637569],[36.9201902206262,36.9541269250417]],[[36.803425359898455,38.80841761912624],[36.851955867602804,38.846478873239434],[36.84252758274825,38.853873239436616],[36.78595787362086,38.82429577464789],[36.757673019057165,38.787323943661974],[36.76710130391174,38.779929577464785],[36.8538630094933,38.8412249130173],[36.803425359898455,38.80841761912624]],[[36.795386158475424,39.06830985915493],[36.82367101303912,39.04612676056338],[36.8377778535292,39.0489042664386],[36.82367101303912,39.07570422535211],[36.795386158475424,39.06830985915493]],[[36.81584285087757,36.91984782073229],[36.81610056535092,36.919694249016665],[36.8159661898865,36.9198400463803],[36.81584285087757,36.91984782073229]],[[36.81424272818455,36.923943661971826],[36.78595787362086,36.93133802816901],[36.757673019057165,36.894366197183096],[36.76710130391174,36.886971830985914],[36.776529588766294,36.90915492957746],[36.81424272818455,36.923943661971826]],[[36.782722478790355,39.08777121003218],[36.7461210167801,39.1431309205905],[36.7817177529903,39.0883081391793],[36.782722478790355,39.08777121003218]],[[36.60682046138415,39.985211267605635],[36.54082246740221,39.97781690140845],[36.53139418254764,39.97042253521127],[36.57853560682046,39.96302816901409],[36.60682046138415,39.985211267605635]],[[36.35225677031093,39.09049295774648],[36.42768304914744,39.10528169014084],[36.5321598874386,39.0994440168231],[36.45974118880399,39.10528169014084],[36.52196589769308,39.10528169014084],[36.52196589769308,39.12007042253521],[36.42768304914744,39.12007042253521],[36.40882647943832,39.13485915492958],[36.3334002006018,39.10528169014084],[36.29568706118355,39.12007042253521],[36.248545636910734,39.112676056338024],[36.27683049147442,39.09049295774648],[36.35225677031093,39.09049295774648]],[[36.31454363089268,39.948239436619716],[36.35225677031093,39.948239436619716],[36.4201234175065,39.9752596621034],[36.360007076430925,39.95694979924954],[36.31454363089268,39.96302816901409],[36.31454363089268,39.948239436619716]],[[36.31679453171621,38.36427989450707],[36.3001966100572,38.3756909660173],[36.3158658939434,38.3637568010784],[36.31679453171621,38.36427989450707]],[[36.2579739217653,39.948239436619716],[36.286258776328985,39.955633802816905],[36.23911735205617,39.97781690140845],[36.210832497492476,39.955633802816905],[36.210832497492476,39.92605633802817],[36.229689067201605,39.92605633802817],[36.23911735205617,39.96302816901409],[36.2579739217653,39.948239436619716]],[[36.2366193886919,39.9452784537316],[36.23370345227628,39.92536677267168],[36.2343351056215,39.9259572312576],[36.2366193886919,39.9452784537316]],[[36.17311935807422,40.916901408450705],[36.16369107321966,40.92429577464789],[36.135406218655966,40.90211267605634],[36.116549648946844,40.8725352112676],[36.14483450351053,40.879929577464786],[36.17311935807422,40.916901408450705]],[[36.1618324350332,40.8914216636838],[36.170911066222956,40.91296786658483],[36.1426047697207,40.8618934623848],[36.1618324350332,40.8914216636838]],[[36.1529689877871,39.6067450938022],[36.1586796947034,39.6331095215282],[36.158035309639246,39.63498360801034],[36.1529689877871,39.6067450938022]],[[36.13881266128226,39.551306051400566],[36.1404054339071,39.5528740979481],[36.1391681144172,39.5908502944441],[36.13881266128226,39.551306051400566]],[[36.04112337011033,40.842957746478874],[36.094197826137936,40.83556338028169],[36.07882986692844,40.83173682012192],[36.10712136409228,40.83556338028169],[36.116549648946844,40.842957746478874],[36.04112337011033,40.842957746478874]],[[36.04112337011033,39.112676056338024],[36.07384278268993,39.09397086983739],[36.0799671265179,39.0833588610218],[36.06940822467402,39.12007042253521],[36.04112337011033,39.112676056338024]],[[36.05888100070283,39.468335884804716],[36.06617794322621,39.47944663703952],[36.0650241115055,39.4783493802965],[36.05888100070283,39.468335884804716]],[[36.0632415975142,40.8282450478167],[36.065358086244416,40.828719141286356],[36.05774155746596,40.83089168348542],[36.0632415975142,40.8282450478167]],[[36.01283851554664,39.16443661971831],[36.03169508525576,39.13485915492958],[36.041344634865816,39.13809836262479],[36.01283851554664,39.16443661971831]],[[36.0209564942849,39.4317119456938],[36.03753302209045,39.43583020173043],[36.01696939301285,39.433582355439135],[36.0209564942849,39.4317119456938]],[[35.89969909729187,39.253169014084506],[35.89027081243731,39.24577464788732],[35.941680799171195,39.20434129499614],[35.946840521564695,39.21619718309859],[35.89969909729187,39.253169014084506]],[[35.88962265577096,39.36919003361548],[35.8994136277663,39.3961152095757],[35.8898006060587,39.3727964918619],[35.88962265577096,39.36919003361548]],[[35.82427281845536,39.29753521126761],[35.89669226406221,39.263483740108676],[35.85255767301906,39.319718309859155],[35.82427281845536,39.32711267605634],[35.78655967903711,39.282746478873236],[35.73941825476429,39.26056338028169],[35.75745874608341,39.24828018197784],[35.82427281845536,39.29753521126761]],[[35.88084252758274,39.415845070422534],[35.871414242728186,39.37887323943662],[35.88084252758274,39.37147887323944],[35.88084252758274,39.415845070422534]],[[35.88137575806077,39.336723208745404],[35.8881825721645,39.3423393922193],[35.88825283970006,39.343739722802916],[35.88137575806077,39.336723208745404]],[[35.8095779690206,39.28062818248908],[35.80820302304698,39.27887599506367],[35.80881473553,39.2792448216962],[35.8095779690206,39.28062818248908]],[[35.67342026078234,39.223591549295776],[35.65456369107322,39.20880281690141],[35.47542627883651,39.20140845070422],[35.65456369107322,39.19401408450704],[35.70170511534604,39.21619718309859],[35.67342026078234,39.223591549295776]],[[35.64016612759502,39.19388916707709],[35.594068554194166,39.188393108261934],[35.6108225046638,39.1879848916235],[35.64016612759502,39.19388916707709]],[[35.51313941825477,38.63943661971831],[35.465997993981944,38.67640845070422],[35.38114343029087,38.654225352112675],[35.38114343029087,38.63943661971831],[35.447141424272814,38.587676056338026],[35.49428284854564,38.60985915492957],[35.51313941825477,38.63943661971831]],[[35.4426174298627,39.1226816236974],[35.457644819922,39.0909140141384],[35.44387111764587,39.125289629826845],[35.4426174298627,39.1226816236974]],[[35.36228686058175,38.96478873239437],[35.27743229689067,39.00176056338028],[35.23029087261785,38.9943661971831],[35.27743229689067,38.986971830985915],[35.30059523226919,38.96880572452727],[35.2480062519091,38.9822386365934],[35.315145436308924,38.957394366197185],[35.36228686058175,38.96478873239437]],[[35.34167059510288,40.6435611501889],[35.3430808045516,40.6419339853496],[35.34676701292304,40.64188132527544],[35.34167059510288,40.6435611501889]],[[35.315145436308924,40.70246478873239],[35.258575727181544,40.70246478873239],[35.24914744232698,40.69507042253521],[35.296332345322874,40.68764195707128],[35.33400200601805,40.64330985915493],[35.34343029087262,40.66549295774648],[35.315145436308924,40.70246478873239]],[[35.31677542071454,41.22976468431655],[35.3178839372037,41.2293732200482],[35.3181293715299,41.22958878035857],[35.31677542071454,41.22976468431655]],[[35.2429476506593,38.0642165311409],[35.2450380910497,38.0873507409545],[35.24384301911685,38.09126946529173],[35.2429476506593,38.0642165311409]],[[35.23029087261785,38.151408450704224],[35.171914781980114,38.16744729242418],[35.17372116349047,38.151408450704224],[35.21143430290873,38.13661971830986],[35.22086258776329,38.11443661971831],[35.23029087261785,38.13283345945179],[35.23733908917171,38.112596305846736],[35.23029087261785,38.151408450704224]],[[35.183149448345034,40.73204225352113],[35.15486459378134,40.709859154929575],[35.20200601805416,40.70246478873239],[35.23029087261785,40.72464788732395],[35.183149448345034,40.73204225352113]],[[35.17372116349047,38.180985915492954],[35.088866599799395,38.17359154929577],[35.07943831494483,38.16619718309859],[35.145436308926776,38.15880281690141],[35.17372116349047,38.180985915492954]],[[35.145436308926776,37.848239436619714],[35.13600802407221,37.8112676056338],[35.15277562809096,37.808112559032075],[35.145436308926776,37.848239436619714]],[[35.06058174523571,40.69507042253521],[35.07001003009027,40.68767605633803],[35.141602839923976,40.688912569203225],[35.126579739217654,40.70246478873239],[35.06058174523571,40.69507042253521]],[[35.103263982421794,38.55460136349885],[35.032296890672015,38.54330985915493],[35.02286860581745,38.53591549295775],[35.1093979774187,38.5383226850503],[35.11715145436309,38.55070422535211],[35.09378475884269,38.57975776363678],[35.103263982421794,38.55460136349885]],[[35.0514498711982,38.5230329475922],[35.04972465211937,38.52194254942156],[35.099648773189074,38.524248647144496],[35.0514498711982,38.5230329475922]],[[35.09456432379354,41.0420750806436],[35.08709680021207,41.032321152941876],[35.0948746688342,41.0398109522531],[35.09456432379354,41.0420750806436]],[[35.07943831494483,40.93169014084507],[35.04172517552658,40.946478873239435],[35.051153460381144,40.89471830985916],[35.07943831494483,40.93169014084507]],[[35.02286860581745,39.0387323943662],[35.051153460381144,39.00176056338028],[35.065321930770075,39.01420628348959],[35.032296890672015,39.04612676056338],[35.02286860581745,39.0387323943662]],[[35.051153460381144,38.986971830985915],[35.04172517552658,38.95],[35.051153460381144,38.94260563380281],[35.06058174523571,38.95],[35.0651083213641,38.9689909809301],[35.06058174523571,38.959621871449244],[35.051153460381144,38.986971830985915]],[[35.013440320962886,38.217957746478874],[35.00401203610832,38.19577464788732],[35.032296890672015,38.17359154929577],[35.06058174523571,38.180985915492954],[35.032296890672015,38.18838028169014],[35.02638149975049,38.2061126591364],[35.02923488934759,38.19078173215947],[35.013440320962886,38.217957746478874]],[[35.0422004457023,38.17217394320317],[35.0446345137786,38.169644421681],[35.05890514999924,38.16692807982507],[35.0422004457023,38.17217394320317]],[[35.0245271909386,38.6438473581323],[35.027014511571934,38.639843378593014],[35.0248329860244,38.6664761699142],[35.0245271909386,38.6438473581323]],[[35.0248329860244,38.6664761699142],[35.0559221192672,38.7180535516582],[35.055990611112485,38.719523012575095],[35.0248329860244,38.6664761699142]],[[35.0431503530722,37.6841314104716],[35.04255075970374,37.6838455186638],[35.04742327361288,37.68438621768736],[35.0431503530722,37.6841314104716]],[[35.03852011643508,39.05846104249779],[34.9851554663992,39.14225352112676],[34.956870611835505,39.16443661971831],[34.94744232698094,39.157042253521126],[34.94744232698094,39.14225352112676],[34.9851554663992,39.1274647887324],[35.00401203610832,39.06830985915493],[35.03852011643508,39.05846104249779]],[[35.02286860581745,38.920422535211266],[34.9851554663992,38.9056338028169],[34.99458375125376,38.88345070422535],[35.00401203610832,38.9056338028169],[35.02286860581745,38.920422535211266]],[[35.01791131098426,40.7406554094108],[35.0199954027675,40.7368487749671],[35.022216720295816,40.73422787873269],[35.01791131098426,40.7406554094108]],[[35.016737671836225,38.915471359666554],[35.0137234765622,38.9119056308963],[35.01108556666767,38.8976838541949],[35.016737671836225,38.915471359666554]],[[35.0117386713727,40.8690904156158],[35.0119121582663,40.850353806432175],[35.0127796403658,40.8528248700907],[35.0117386713727,40.8690904156158]],[[35.00076485513443,38.78264673697885],[35.0030196268293,38.7791105700989],[35.009278793534286,38.77482363146648],[35.00076485513443,38.78264673697885]],[[35.0086652802429,38.8900670712902],[35.0087413739498,38.89030654263538],[34.9832940134992,38.8569880776044],[35.0086652802429,38.8900670712902]],[[34.982375350195774,38.2986574971384],[35.0035225146708,38.2285948474437],[34.9836633279436,38.2975097074557],[34.982375350195774,38.2986574971384]],[[34.99435193311603,40.79287106989855],[34.992512627543,40.7870466019627],[34.99358779897426,40.785082780294175],[34.99435193311603,40.79287106989855]],[[34.98207385626684,38.81693820811873],[34.9819291036627,38.8121869164412],[34.98764720404024,38.803219198238395],[34.98207385626684,38.81693820811873]],[[34.938014042126376,40.00739436619718],[34.975727181544634,40.00739436619718],[34.9851554663992,40.014788732394365],[34.938014042126376,40.02218309859155],[34.938014042126376,40.00739436619718]],[[34.9569038853789,40.0070216600677],[34.95567187124593,40.006745135858374],[34.980967814553,40.0011112211778],[34.9569038853789,40.0070216600677]],[[34.956870611835505,39.223591549295776],[34.956870611835505,39.179225352112674],[34.9670472536252,39.2083468789891],[34.956870611835505,39.223591549295776]],[[34.96629889669007,39.26056338028169],[34.881444332998996,39.32711267605634],[34.83430290872618,39.319718309859155],[34.862587763289866,39.29753521126761],[34.900300902708125,39.29753521126761],[34.90972918756269,39.26056338028169],[34.956870611835505,39.23838028169014],[34.96629889669007,39.26056338028169]],[[34.96629889669007,38.32887323943662],[34.8946536114561,38.3754869789864],[34.8992832581495,38.36584507042254],[34.87201604814443,38.35845070422535],[34.96347973082172,38.31549645029753],[34.96629889669007,38.32887323943662]],[[34.900300902708125,38.43978873239436],[34.881444332998996,38.41021126760563],[34.90972918756269,38.43239436619718],[34.900300902708125,38.43978873239436]],[[34.900300902708125,37.71514084507042],[34.881444332998996,37.685563380281685],[34.90972918756269,37.70774647887324],[34.900300902708125,37.71514084507042]],[[34.90483445752245,38.42068437525534],[34.9005401601391,38.4183746934513],[34.90003828191222,38.41471815185965],[34.90483445752245,38.42068437525534]],[[34.8942357170867,37.688726140255],[34.88898799429823,37.68290593877135],[34.9013247288756,37.6933208708012],[34.8942357170867,37.688726140255]],[[34.8973773240869,40.0339563729925],[34.8967428704044,40.03436876789551],[34.8996570651455,40.0066839202256],[34.8973773240869,40.0339563729925]],[[34.87201604814443,40.044366197183095],[34.881444332998996,40.00739436619718],[34.881444332998996,40.051760563380284],[34.87201604814443,40.044366197183095]],[[34.6457372116349,40.014788732394365],[34.792917825143,40.0054976443161],[34.78120871540176,40.00739436619718],[34.79658976930792,40.014788732394365],[34.768304914744235,40.03697183098591],[34.65516549648947,40.03697183098591],[34.62688064192577,40.014788732394365],[34.62688064192577,39.985211267605635],[34.58916750250752,39.955633802816905],[34.617452357071215,39.948239436619716],[34.6457372116349,39.97042253521127],[34.6457372116349,40.014788732394365]],[[34.70230692076228,39.349295774647885],[34.71173520561685,39.3419014084507],[34.78538472628387,39.33526388932097],[34.75551437139171,39.3419014084507],[34.77773319959879,39.349295774647885],[34.768304914744235,39.35669014084507],[34.70230692076228,39.349295774647885]],[[34.70230692076228,38.34366197183098],[34.674022066198596,38.351056338028165],[34.60802407221665,38.31408450704225],[34.63630892678034,38.30669014084507],[34.70230692076228,38.34366197183098]],[[34.66459378134403,39.30492957746479],[34.62688064192577,39.30492957746479],[34.6922169706118,39.2629245020594],[34.66459378134403,39.30492957746479]],[[34.6658679177518,39.3911165803019],[34.6459718766141,39.4112542733351],[34.64293045333618,39.411347139713804],[34.6658679177518,39.3911165803019]],[[34.6490016935345,40.002398851889],[34.65174410398112,39.992629015795586],[34.64971703890363,40.003094326563975],[34.6490016935345,40.002398851889]],[[34.58916750250752,39.35735447920211],[34.60802407221665,39.40845070422535],[34.6457372116349,39.42323943661972],[34.617452357071215,39.4306338028169],[34.57031093279839,39.37887323943662],[34.57031093279839,39.33450704225352],[34.598595787362086,39.31232394366197],[34.60802407221665,39.319718309859155],[34.58916750250752,39.33450704225352],[34.58916750250752,39.35735447920211]],[[34.6209458303984,39.4120184150125],[34.62063382962484,39.41179380798497],[34.62201892406286,39.41198564932567],[34.6209458303984,39.4120184150125]],[[34.5935552607938,39.4517713765689],[34.51374122367101,39.511971830985914],[34.51374122367101,39.541549295774644],[34.530127961744476,39.554401001462544],[34.51995166185576,39.52223808605582],[34.5394911052888,39.5825360237038],[34.52316950852558,39.60809859154929],[34.51374122367101,39.556338028169016],[34.49488465396188,39.541549295774644],[34.49488465396188,39.49718309859155],[34.57973921765296,39.445422535211264],[34.5935552607938,39.4517713765689]],[[34.5657656835651,39.0687434421532],[34.571024136359746,39.07135093932025],[34.56216846391092,39.06939748199308],[34.5657656835651,39.0687434421532]],[[34.37231695085256,39.90387323943662],[34.52316950852558,39.918661971830986],[34.57031093279839,39.955633802816905],[34.57031093279839,40.014788732394365],[34.52316950852558,40.051760563380284],[34.466599799398196,40.051760563380284],[34.39117352056168,40.081338028169014],[34.3346038114343,40.12570422535211],[34.27803410230692,40.12570422535211],[34.16489468405216,40.06654929577465],[34.1271815446339,40.06654929577465],[34.10832497492477,40.081338028169014],[34.08946840521565,40.081338028169014],[34.08004012036108,40.0887323943662],[34.08004012036108,40.1330985915493],[34.061183550651954,40.147887323943664],[34.061183550651954,40.177464788732394],[34.04988956074513,40.19482556255861],[34.059877999360175,40.17848869970767],[34.0234704112337,40.16267605633803],[34.061183550651954,40.1330985915493],[34.061183550651954,40.0887323943662],[34.117753259779334,40.05915492957747],[34.117753259779334,40.044366197183095],[33.99518555667001,39.99260563380282],[33.9197592778335,40.00739436619718],[33.87261785356068,40.044366197183095],[33.87261785356068,40.0887323943662],[33.891474423269806,40.10352112676056],[33.910330992978935,40.16267605633803],[33.86318956870612,40.21443661971831],[33.82547642928786,40.22922535211268],[33.7123370110331,40.19964788732394],[33.5049147442327,40.184859154929576],[33.438916750250755,40.147887323943664],[33.48605817452357,40.09612676056338],[33.59919759277833,40.09612676056338],[33.69348044132397,40.06654929577465],[33.82547642928786,39.948239436619716],[34.01404212637914,39.889084507042256],[34.35346038114343,39.889084507042256],[34.37231695085256,39.90387323943662]],[[34.5443107711167,38.3192735173946],[34.5561410282994,38.31793806075692],[34.540390540653135,38.322116761493646],[34.5443107711167,38.3192735173946]],[[34.5436142209582,39.0727709802102],[34.55522216661875,39.07066044494934],[34.54495657473355,39.07633113572892],[34.5436142209582,39.0727709802102]],[[34.48007805345323,38.363242695657455],[34.4576271655554,38.3573659919389],[34.4572548059208,38.35707224156275],[34.48007805345323,38.363242695657455]],[[34.47602808425276,39.67464788732394],[34.466599799398196,39.682042253521125],[34.4383149448345,39.64507042253521],[34.44774322968907,39.60809859154929],[34.47602808425276,39.67464788732394]],[[34.466599799398196,38.3806338028169],[34.44774322968907,38.351056338028165],[34.47602808425276,38.37323943661972],[34.466599799398196,38.3806338028169]],[[34.47602808425276,38.13661971830986],[34.35346038114343,38.17359154929577],[34.30631895687061,38.151408450704224],[34.30631895687061,38.13661971830986],[34.3346038114343,38.11443661971831],[34.47602808425276,38.121830985915494],[34.47602808425276,38.13661971830986]],[[34.46133198427641,39.63224167193356],[34.4656980322827,39.6154175528548],[34.4636207629776,39.630475994418],[34.46133198427641,39.63224167193356]],[[34.44638943946,38.5482780547953],[34.44340758076662,38.550484021906364],[34.44443075817704,38.528997284548986],[34.44638943946,38.5482780547953]],[[34.4438118150057,38.5229045622741],[34.44395688513884,38.52433259649845],[34.437916953058725,38.51750251815919],[34.4438118150057,38.5229045622741]],[[34.38174523570712,38.417605633802815],[34.41003009027081,38.39542253521127],[34.440377065735625,38.3920543275638],[34.41003009027081,38.425],[34.38174523570712,38.417605633802815]],[[34.4383149448345,38.56549295774648],[34.38174523570712,38.56549295774648],[34.41945837512537,38.55070422535211],[34.42888665997994,38.513732394366194],[34.4383149448345,38.56549295774648]],[[34.4349574973456,38.2837824810805],[34.42607263411863,38.30555439975289],[34.4263170097013,38.3022712670198],[34.4349574973456,38.2837824810805]],[[34.41945837512537,38.49154929577465],[34.38174523570712,38.49154929577465],[34.38174523570712,38.44718309859155],[34.3945952933834,38.436956888214],[34.40060180541625,38.47676056338028],[34.41945837512537,38.49154929577465]],[[34.3604258349015,37.7623225649952],[34.354543995462684,37.76722220713784],[34.36273512047466,37.75735172985013],[34.3604258349015,37.7623225649952]],[[34.35709455723157,38.85385158990342],[34.35686022343383,38.85379643003137],[34.3570168386082,38.8537833002714],[34.35709455723157,38.85385158990342]],[[34.30631895687061,38.9056338028169],[34.25917753259779,38.91302816901408],[34.2308926780341,38.890845070422536],[34.3001192813695,38.893007005195244],[34.28182847293903,38.89823943661972],[34.30631895687061,38.9056338028169]],[[34.268605817452354,38.7725352112676],[34.27803410230692,38.79471830985916],[34.249749247743225,38.7725352112676],[34.25917753259779,38.720774647887325],[34.268605817452354,38.7725352112676]],[[34.2716748160881,38.7273424203062],[34.2694999447869,38.7585155693078],[34.27035145097398,38.723913458087544],[34.2716748160881,38.7273424203062]],[[34.24032096288867,39.5637323943662],[34.268605817452354,39.64507042253521],[34.20260782347041,39.69683098591549],[34.03289869608827,39.71161971830986],[33.966900702106315,39.73380281690141],[34.01404212637914,39.74119718309859],[34.05173424671003,39.77526759262729],[34.0234704112337,39.75217849834186],[34.042326980942825,39.778169014084504],[34.03289869608827,39.78556338028169],[33.93861584754263,39.72640845070423],[33.80661985957873,39.77077464788732],[33.65576730190572,39.844718309859154],[33.59919759277833,39.844718309859154],[33.48605817452357,39.90387323943662],[33.31634904714142,39.948239436619716],[33.14663991975928,39.93345070422535],[33.09949849548646,39.89647887323944],[33.09949849548646,39.8669014084507],[33.0617853560682,39.80774647887324],[33.0617853560682,39.64507042253521],[33.08064192577733,39.63028169014085],[33.08064192577733,39.60070422535211],[33.14663991975928,39.5637323943662],[33.24092276830491,39.5637323943662],[33.39177532597793,39.66725352112676],[33.44834503510531,39.682042253521125],[33.5049147442327,39.682042253521125],[33.63691073219659,39.63767605633803],[33.82547642928786,39.63767605633803],[34.10832497492477,39.54894366197183],[34.20260782347041,39.54894366197183],[34.24032096288867,39.5637323943662]],[[34.24957786661325,38.116098012048745],[34.2554583272991,38.1148748762309],[34.266235709471,38.1199848424948],[34.24957786661325,38.116098012048745]],[[34.2084077427972,38.8102985184663],[34.2416293784777,38.83302503347],[34.24203396894748,38.83351847555431],[34.2084077427972,38.8102985184663]],[[34.2084077427972,38.8102985184663],[34.2508855689656,38.8443139645452],[34.24032096288867,38.86866197183099],[34.2308926780341,38.846478873239434],[34.16489468405216,38.80950704225352],[34.137572217116556,38.84914721055548],[34.136609829488464,38.83169014084507],[34.136609829488464,38.8612676056338],[34.10832497492477,38.88345070422535],[34.098896690070205,38.87605633802817],[34.117753259779334,38.8612676056338],[34.117753259779334,38.816901408450704],[34.14603811434303,38.79471830985916],[34.2084077427972,38.8102985184663]],[[34.098896690070205,39.792957746478876],[34.10832497492477,39.78556338028169],[34.1768160148554,39.7914422873766],[34.16489468405216,39.80035211267606],[34.098896690070205,39.792957746478876]],[[34.16348171595854,40.39902185401042],[34.1641641669576,40.3992125506536],[34.16241071473386,40.40975637479061],[34.16348171595854,40.39902185401042]],[[34.160039327140694,40.48465316398633],[34.1637840624158,40.4934084218841],[34.16228143890743,40.4948625912748],[34.160039327140694,40.48465316398633]],[[34.1271815446339,40.45105633802817],[34.117753259779334,40.443661971830984],[34.136609829488464,40.414084507042254],[34.117753259779334,40.39929577464789],[34.14603811434303,40.39190140845071],[34.1605384885953,40.4210144078767],[34.1271815446339,40.45105633802817]],[[34.1572337046958,40.478093568644],[34.1408223918838,40.4733332580189],[34.14080714310834,40.47308185310589],[34.1572337046958,40.478093568644]],[[34.10750216460023,38.07700155786366],[34.1578115212156,38.1243515401888],[34.1082913052298,38.0780831211403],[34.10750216460023,38.07700155786366]],[[34.15546639919759,40.50281690140845],[34.117753259779334,40.488028169014086],[34.1271815446339,40.46584507042254],[34.15546639919759,40.488028169014086],[34.15546639919759,40.50281690140845]],[[33.929187562688064,38.13661971830986],[33.98373686576477,38.12024643236879],[34.00107258776191,38.09503083720515],[33.985757271815444,38.09225352112676],[34.05175526579739,38.025704225352115],[34.069363024023,38.035803160974],[34.0617656089841,38.0212414474168],[34.084605304075986,38.04934861394981],[34.061183550651954,38.04788732394366],[34.15546639919759,38.13661971830986],[34.14603811434303,38.14401408450704],[34.098896690070205,38.10704225352113],[34.05175526579739,38.055281690140845],[34.00385435859864,38.09284916444487],[33.97632898696088,38.14401408450704],[33.929187562688064,38.13661971830986]],[[34.117753259779334,40.57676056338028],[34.098896690070205,40.547183098591546],[34.10832497492477,40.53978873239436],[34.136609829488464,40.56197183098592],[34.136609829488464,40.57676056338028],[34.117753259779334,40.57676056338028]],[[34.117753259779334,40.36971830985915],[34.07061183550652,40.36232394366197],[34.061183550651954,40.35492957746479],[34.08946840521565,40.347535211267605],[34.117753259779334,40.36971830985915]],[[34.1141643784686,40.3616923491205],[34.1362313859431,40.39106082675471],[34.1356954670959,40.3909374640261],[34.1141643784686,40.3616923491205]],[[34.12325311240685,40.533411434426505],[34.12710607632161,40.54328974113761],[34.1225032340298,40.5341138824844],[34.12325311240685,40.533411434426505]],[[34.11790814589097,40.64634513242272],[34.1188591110079,40.6475672060875],[34.1193026718741,40.6683405977611],[34.11790814589097,40.64634513242272]],[[34.0975124066687,40.610498150613104],[34.10163510740763,40.62464172167694],[34.0999338872086,40.6227278488176],[34.0975124066687,40.610498150613104]],[[34.0984553531393,40.5729012803783],[34.09304257689197,40.587923255504876],[34.0926151470594,40.5857645192401],[34.0984553531393,40.5729012803783]],[[34.07608949957758,39.77563661164258],[34.0855422567425,39.7751434242481],[34.0869250141142,39.775800786119696],[34.07608949957758,39.77563661164258]],[[34.05175526579739,38.91302816901408],[34.07061183550652,38.88345070422535],[34.08352697681548,38.88408295756655],[34.05175526579739,38.91302816901408]],[[33.99518555667001,40.24401408450704],[33.94804413239719,40.251408450704226],[33.99518555667001,40.21443661971831],[34.042326980942825,40.207042253521124],[33.99518555667001,40.24401408450704]],[[34.0101906025687,38.97095735111771],[34.00482754691199,38.975370379481184],[34.0061955938492,38.9731163557939],[34.0101906025687,38.97095735111771]],[[34.004613841524574,38.97957746478873],[33.966900702106315,39.053521126760565],[33.94804413239719,39.053521126760565],[33.94804413239719,39.02394366197183],[33.99518555667001,38.97218309859155],[34.004613841524574,38.97957746478873]],[[33.992228148309,38.0005595929915],[33.9906453530043,37.9912738621523],[33.992054289025056,37.99038882652074],[33.992228148309,38.0005595929915]],[[33.9197592778335,39.06091549295775],[33.88204613841525,39.04612676056338],[33.8524344360151,39.0690303326621],[33.88204613841525,39.03133802816901],[33.935197600766365,39.046072904671675],[33.91408897044747,39.04167968138518],[33.929187562688064,39.053521126760565],[33.9197592778335,39.06091549295775]],[[33.9269201946819,40.2696224465935],[33.86215148597889,40.26798013399322],[33.93006332303635,40.268076599667374],[33.9269201946819,40.2696224465935]],[[33.929187562688064,40.280985915492955],[33.797191574724174,40.280985915492955],[33.8351107014455,40.2679417237893],[33.929187562688064,40.280985915492955]],[[33.75005015045135,39.519366197183096],[33.853761283851554,39.585915492957746],[33.84433299899699,39.59330985915493],[33.721765295887664,39.52676056338028],[33.75005015045135,39.519366197183096]],[[33.79629422336252,38.05267009249897],[33.801302035622,38.0513028279959],[33.81878704370033,38.061906688154984],[33.79629422336252,38.05267009249897]],[[33.8115105499242,40.318083293367],[33.807589080177486,40.31945679584385],[33.81208725035092,40.31592364974839],[33.8115105499242,40.318083293367]],[[33.759478435305915,38.920422535211266],[33.778335005015045,38.890845070422536],[33.80018177193032,38.88824770090206],[33.797191574724174,38.9056338028169],[33.76890672016048,38.92781690140845],[33.759478435305915,38.920422535211266]],[[33.7487329489831,39.0984813721067],[33.7619385059576,39.0739155867671],[33.76316755604401,39.073849238789066],[33.7487329489831,39.0984813721067]],[[33.7123370110331,38.11443661971831],[33.702908726178535,38.10704225352113],[33.758531397529,38.0629803374967],[33.759478435305915,38.07746478873239],[33.7123370110331,38.11443661971831]],[[33.73119358074223,38.73556338028169],[33.72949211849721,38.722109061845366],[33.679298201889495,38.68861060505359],[33.7376963435657,38.7238940612372],[33.759478435305915,38.74295774647887],[33.73119358074223,38.73556338028169]],[[33.74983101378192,39.47361884283931],[33.7527456552917,39.4732763914522],[33.753538686314556,39.47574878234006],[33.74983101378192,39.47361884283931]],[[33.608625877632896,40.26619718309859],[33.67462387161484,40.33274647887324],[33.69348044132397,40.317957746478875],[33.7480362927227,40.3245829093969],[33.7123370110331,40.347535211267605],[33.61805416248746,40.347535211267605],[33.608625877632896,40.34014084507042],[33.646339017051154,40.31056338028169],[33.589769307923774,40.26619718309859],[33.59919759277833,40.22922535211268],[33.606025163586864,40.232903131865555],[33.614971806949804,40.24475537828197],[33.608625877632896,40.26619718309859]],[[33.7123370110331,39.13485915492958],[33.73119358074223,39.10528169014084],[33.740621865596786,39.112676056338024],[33.7123370110331,39.13485915492958]],[[33.7123370110331,39.00176056338028],[33.702908726178535,38.96478873239437],[33.7226797686406,38.9636614753808],[33.7123370110331,39.00176056338028]],[[33.620069381000846,39.179225352112674],[33.56148445336008,39.223591549295776],[33.53319959879639,39.21619718309859],[33.716966053160355,39.113091161876916],[33.66588359717624,39.149647887323944],[33.684052156469406,39.157042253521126],[33.67462387161484,39.16443661971831],[33.620069381000846,39.179225352112674]],[[33.6971160205827,37.5857266103043],[33.617554192428,37.6099961332276],[33.70372482315975,37.58181905403895],[33.6971160205827,37.5857266103043]],[[33.59676474090413,38.65971169389832],[33.702908726178535,38.71338028169014],[33.61805416248746,38.69119718309859],[33.58034102306921,38.66161971830986],[33.48605817452357,38.66161971830986],[33.39177532597793,38.720774647887325],[33.38234704112337,38.71338028169014],[33.39177532597793,38.69119718309859],[33.48605817452357,38.64683098591549],[33.58034102306921,38.64683098591549],[33.67334423200981,38.685013287924335],[33.59676474090413,38.65971169389832]],[[33.66012485102532,39.49457695863432],[33.66742897034642,39.49811489110091],[33.6635439931722,39.4980154180534],[33.66012485102532,39.49457695863432]],[[33.6593388616817,40.2967137167525],[33.65922072868016,40.29769656902001],[33.63613176892028,40.27851583535624],[33.6593388616817,40.2967137167525]],[[33.59919759277833,37.61161971830985],[33.63691073219659,37.61161971830985],[33.646339017051154,37.61901408450704],[33.59919759277833,37.626408450704226],[33.59919759277833,37.61161971830985]],[[33.54262788365095,37.99612676056338],[33.589769307923774,38.04788732394366],[33.589769307923774,38.07746478873239],[33.646339017051154,38.10704225352113],[33.61805416248746,38.11443661971831],[33.570912738214645,38.07746478873239],[33.552056168505516,38.018309859154925],[33.46720160481444,37.98133802816901],[33.39177532597793,38.025704225352115],[33.38234704112337,38.018309859154925],[33.44834503510531,37.96654929577465],[33.54262788365095,37.99612676056338]],[[33.629696143190934,38.096255425431245],[33.63962424191305,38.09978024641322],[33.633613699634,38.0983294259011],[33.629696143190934,38.096255425431245]],[[33.6178565098956,40.2485769467479],[33.6112161620665,40.2578176478197],[33.61753538259411,40.2481515268721],[33.6178565098956,40.2485769467479]],[[33.591890601195374,38.068098855746115],[33.61573904001987,38.088866370811274],[33.6085000184284,38.0850339476158],[33.591890601195374,38.068098855746115]],[[33.5378099920458,40.3434718364424],[33.59165330263732,40.34659052886329],[33.52669269089827,40.34533045629202],[33.5378099920458,40.3434718364424]],[[33.58034102306921,40.06654929577465],[33.58034102306921,40.081338028169014],[33.51434302908726,40.02957746478873],[33.52377131394182,40.02218309859155],[33.58034102306921,40.06654929577465]],[[33.5304731691331,40.0162354161881],[33.5831081472895,40.0623146596478],[33.52646863718025,40.0153745167978],[33.5304731691331,40.0162354161881]],[[33.55500982755426,39.420160562284664],[33.55662696691,39.419771593964],[33.5738447741369,39.4389333467628],[33.55500982755426,39.420160562284664]],[[33.5631192348598,37.6125813649055],[33.5441564706003,37.6065139846142],[33.57182868927037,37.61216773442896],[33.5631192348598,37.6125813649055]],[[33.49913705805846,37.97714116458339],[33.5116329649005,37.9794087616102],[33.5439219827603,37.9934428772765],[33.49913705805846,37.97714116458339]],[[33.530727845547226,39.2495222090731],[33.5088851194536,39.2869576990236],[33.50703056925454,39.2875577356169],[33.530727845547226,39.2495222090731]],[[33.4631222552498,39.3322715062377],[33.4640730376486,39.3408315711951],[33.46224572424992,39.342385827970695],[33.4631222552498,39.3322715062377]],[[33.438916750250755,39.349295774647885],[33.438916750250755,39.30492957746479],[33.44834503510531,39.29753521126761],[33.46007270986185,39.30340405437545],[33.45777331995988,39.349295774647885],[33.438916750250755,39.349295774647885]],[[33.419500443168,39.3958148714914],[33.41907466576903,39.39590145043374],[33.432269188571055,39.368109971935006],[33.419500443168,39.3958148714914]],[[33.401203610832496,39.43802816901408],[33.38234704112337,39.452816901408454],[33.401203610832496,39.46760563380282],[33.33520561685055,39.50457746478873],[33.32577733199599,39.49718309859155],[33.36349047141424,39.46760563380282],[33.36349047141424,39.42323943661972],[33.40304827146436,39.398048228917425],[33.420060180541626,39.40845070422535],[33.41063189568706,39.415845070422534],[33.39177532597793,39.415845070422534],[33.38234704112337,39.42323943661972],[33.401203610832496,39.43802816901408]],[[33.39177532597793,39.016549295774645],[33.38234704112337,38.97957746478873],[33.39177532597793,38.97218309859155],[33.39177532597793,39.016549295774645]],[[33.3952440959718,39.4249495876841],[33.394496485847526,39.42599056708331],[33.389802990240725,39.4200696265071],[33.3952440959718,39.4249495876841]],[[33.3872745628376,39.0367524168456],[33.379672386881225,39.04822739937509],[33.38868986546825,39.02734481732965],[33.3872745628376,39.0367524168456]],[[33.1654964894684,38.30669014084507],[33.15606820461384,38.26971830985915],[33.18435305917753,38.2475352112676],[33.1937813440321,38.254929577464786],[33.17492477432297,38.26971830985915],[33.1654964894684,38.30669014084507]],[[33.17492477432297,39.27535211267605],[33.14663991975928,39.29753521126761],[33.09949849548646,39.27535211267605],[33.137211634904716,39.26056338028169],[33.11835506519559,39.24577464788732],[33.12778335005015,39.223591549295776],[33.1723137703594,39.2483456635669],[33.15781240953108,39.24714258384598],[33.17492477432297,39.27535211267605]],[[33.17811150799481,38.29385635695309],[33.1755528265861,38.2909028172775],[33.176685066215704,38.28540336805073],[33.17811150799481,38.29385635695309]],[[33.03350050150451,39.20880281690141],[33.01464393179538,39.223591549295776],[33.00521564694082,39.21619718309859],[33.03350050150451,39.19401408450704],[33.0617853560682,39.21619718309859],[33.03350050150451,39.20880281690141]],[[33.05543948033858,39.20574065375358],[33.042987101400875,39.200292738006645],[33.0524403834961,39.20229933072],[33.05543948033858,39.20574065375358]],[[32.958074222668,39.282746478873236],[33.0114914297593,39.2785051625356],[33.00521564694082,39.30492957746479],[32.97693079237713,39.31232394366197],[32.92978936810431,39.290140845070425],[32.920361083249745,39.26795774647887],[32.863791374122364,39.282746478873236],[32.79779338014042,39.27535211267605],[32.9279793538873,39.2471562752907],[32.958074222668,39.282746478873236]],[[32.88264794383149,37.375],[32.863791374122364,37.360211267605635],[32.83550651955868,37.33802816901408],[32.863791374122364,37.3306338028169],[32.8946873198514,37.3517983030885],[32.88264794383149,37.375]],[[32.81664994984955,37.33802816901408],[32.769508525576725,37.34542253521126],[32.76008024072217,37.323239436619716],[32.81664994984955,37.33802816901408]],[[32.7798555431173,37.3157105771836],[32.77967194721783,37.31124526247309],[32.78770284483718,37.32365319016551],[32.7798555431173,37.3157105771836]],[[32.77893681043129,40.916901408450705],[32.76008024072217,40.916901408450705],[32.72236710130391,40.887323943661976],[32.731795386158474,40.879929577464786],[32.77893681043129,40.916901408450705]],[[32.7701145316131,40.9073497283859],[32.73533540939014,40.87536374831862],[32.7367078646296,40.8758685183968],[32.7701145316131,40.9073497283859]],[[32.69408224674022,39.149647887323944],[32.675225677031094,39.12007042253521],[32.70604748172441,39.12892630574349],[32.68251379571841,39.12578631034448],[32.70351053159478,39.14225352112676],[32.69408224674022,39.149647887323944]],[[32.5003374887392,38.9939014441864],[32.5329182426757,39.0315654189021],[32.51494483450351,39.01078957295797],[32.53380140421264,39.0387323943662],[32.524373119358074,39.04612676056338],[32.45837512537613,38.97957746478873],[32.467803410230694,38.97218309859155],[32.510546452647084,39.00570538953671],[32.4723018981815,38.9738517494159],[32.5003374887392,38.9939014441864]],[[32.166098294884655,39.016549295774645],[32.147241725175526,38.97218309859155],[32.06238716148445,38.96478873239437],[32.13873193755436,38.957394366197185],[32.1222503372906,38.9518795240854],[32.1598859937107,38.9627539349286],[32.151302689705176,38.96057927833224],[32.17552657973922,38.97957746478873],[32.181425593277346,39.00856647134666],[32.17552657973922,38.980381090644144],[32.166098294884655,39.016549295774645]],[[31.986960882647942,39.36408450704225],[31.9910477809055,39.3769715248437],[31.971735515763157,39.39641278486587],[31.98665434550989,39.37911364878856],[31.977532597793378,39.386267605633805],[31.949247743229687,39.36408450704225],[32.00581745235707,39.33450704225352],[32.015245737211636,39.31232394366197],[32.0246740220662,39.33450704225352],[31.986960882647942,39.36408450704225]],[[32.0055580234486,39.2228919762079],[32.0193040025991,39.2808174711513],[32.00496098609243,39.22275818719194],[32.0055580234486,39.2228919762079]],[[31.986960882647942,39.482394366197184],[32.00581745235707,39.49718309859155],[31.920962888665997,39.53415492957747],[31.902106318956868,39.5637323943662],[31.892678034102307,39.556338028169016],[31.902106318956868,39.519366197183096],[31.968104312938816,39.49718309859155],[31.968104312938816,39.43802816901408],[31.996389167502507,39.415845070422534],[32.0075139506529,39.4194048625157],[31.99192380199341,39.4341358764483],[31.995089231682503,39.45605404775758],[31.986960882647942,39.43802816901408],[31.986960882647942,39.482394366197184]],[[31.9978762286053,39.2211705767641],[32.00031979721929,39.22171815161332],[31.997245254618726,39.22163123210327],[31.9978762286053,39.2211705767641]],[[31.93039117352056,39.22628945294017],[31.920962888665997,39.23838028169014],[31.883249749247742,39.19401408450704],[31.836108324974923,39.186619718309856],[31.883249749247742,39.179225352112674],[31.93039117352056,39.22628945294017]],[[31.82668004012036,39.16443661971831],[31.779538615847542,39.14225352112676],[31.9045072539753,39.109388567065],[31.841716619864165,39.1526438091813],[31.8482523430203,39.17325665116],[31.840289858245235,39.15376278236138],[31.82668004012036,39.16443661971831]],[[31.8971021480175,39.8555022091402],[31.891040026478592,39.85512510952695],[31.895451350512328,39.85320161655995],[31.8971021480175,39.8555022091402]],[[31.892678034102307,39.8669014084507],[31.845536609829487,39.90387323943662],[31.836108324974923,39.89647887323944],[31.836108324974923,39.852112676056336],[31.892678034102307,39.8669014084507]],[[31.81770340339154,39.69544608265365],[31.804816769716748,39.722173915254004],[31.8128802828382,39.7023872930597],[31.81770340339154,39.69544608265365]],[[31.770110330992978,39.918661971830986],[31.741825476429288,39.9112676056338],[31.788966900702107,39.87429577464789],[31.817251755265797,39.88169014084507],[31.779538615847542,39.89647887323944],[31.770110330992978,39.918661971830986]],[[31.798395185556668,39.792957746478876],[31.779538615847542,39.792957746478876],[31.788966900702107,39.72640845070423],[31.798395185556668,39.76146493268319],[31.799773936917543,39.73454825208264],[31.798395185556668,39.792957746478876]],[[31.704112337011033,39.985211267605635],[31.694684052156468,40.03697183098591],[31.647542627883652,40.014788732394365],[31.685255767301904,40.0],[31.694684052156468,39.96302816901409],[31.737107207848624,39.96560648686745],[31.704112337011033,39.985211267605635]],[[31.74090286511297,39.933905160200474],[31.73936971839118,39.935472300164335],[31.7393808022985,39.9351225660407],[31.74090286511297,39.933905160200474]],[[31.714908179172028,39.07397519441178],[31.71224605874843,39.073287819725344],[31.7134334957143,39.0730675817458],[31.714908179172028,39.07397519441178]],[[31.7085148271273,40.0076038418284],[31.7103149316467,40.0211069097315],[31.708762772938854,40.02053160110652],[31.7085148271273,40.0076038418284]],[[31.6736099652679,40.0470817418991],[31.673334070924295,40.04782398327465],[31.66820996253646,40.03307710650997],[31.6736099652679,40.0470817418991]],[[31.628686058174523,38.96478873239437],[31.637847200115402,38.942815147257406],[31.624750831444796,38.91969070279864],[31.670886713659876,38.95800236921865],[31.650900490440602,38.95263348697763],[31.666399197592778,38.96478873239437],[31.656970912738213,38.97218309859155],[31.628686058174523,38.96478873239437]],[[31.656970912738213,40.06654929577465],[31.61925777331996,40.03697183098591],[31.600401203610833,40.051760563380284],[31.51554663991976,40.044366197183095],[31.54383149448345,40.02218309859155],[31.61925777331996,40.02218309859155],[31.666399197592778,40.044366197183095],[31.656970912738213,40.06654929577465]],[[31.650283977027712,40.03676402589924],[31.640554908092543,40.03132097982395],[31.6494780871636,40.0353029110328],[31.650283977027712,40.03676402589924]],[[31.628686058174523,38.66901408450704],[31.581544633901704,38.70598591549296],[31.553259779338013,38.69859154929577],[31.609829488465394,38.66901408450704],[31.61925777331996,38.63204225352113],[31.628686058174523,38.63943661971831],[31.6368519544259,38.6603565377249],[31.628686058174523,38.64315815225451],[31.628686058174523,38.66901408450704]],[[31.63338877986876,38.86023053445151],[31.6295034849509,38.8238432551341],[31.6336796640897,38.8592604693526],[31.63338877986876,38.86023053445151]],[[31.609829488465394,38.8612676056338],[31.61925777331996,38.82429577464789],[31.61925777331996,38.86866197183099],[31.609829488465394,38.8612676056338]],[[31.609829488465394,38.787323943661974],[31.553259779338013,38.7725352112676],[31.562688064192578,38.76514084507042],[31.609829488465394,38.787323943661974]],[[31.6023583181994,38.7780659037257],[31.5732053735549,38.7595943404149],[31.572756286502557,38.75886665306733],[31.6023583181994,38.7780659037257]],[[31.557753524937056,38.73455662294521],[31.5558581667178,38.7314854406698],[31.55675726767282,38.72917683212459],[31.557753524937056,38.73455662294521]],[[31.496690070210633,39.112676056338024],[31.506118355065194,39.09049295774648],[31.5559325286151,39.0866629592131],[31.541262037194148,39.09049295774648],[31.553259779338013,39.09788732394366],[31.54383149448345,39.10528169014084],[31.496690070210633,39.112676056338024]],[[31.374122367101304,39.46021126760564],[31.496690070210633,39.52676056338028],[31.534403209628884,39.585915492957746],[31.534403209628884,39.63028169014085],[31.48726178535607,39.66725352112676],[31.39297893681043,39.682042253521125],[31.251554663991975,39.585915492957746],[31.28926780341023,39.556338028169016],[31.28926780341023,39.52676056338028],[31.33640922768305,39.475],[31.374122367101304,39.46021126760564]],[[31.44012036108325,38.24014084507042],[31.421263791374123,38.24014084507042],[31.44012036108325,38.21056338028169],[31.46840521564694,38.18838028169014],[31.479339005616218,38.195196763105116],[31.44012036108325,38.24014084507042]],[[31.350755125283857,39.16496888442403],[31.298696088264794,39.23838028169014],[31.270411233701104,39.24577464788732],[31.308124373119355,39.186619718309856],[31.350755125283857,39.16496888442403]],[[31.24212637913741,38.43978873239436],[31.18555667001003,38.454577464788734],[31.12898696088265,38.49894366197183],[31.100702106318955,38.49154929577465],[31.20441323971916,38.43978873239436],[31.24212637913741,38.39542253521127],[31.24212637913741,38.43978873239436]],[[31.0492361406625,39.1584789673778],[31.0490040178696,39.16088947314056],[31.0334951562429,39.1532319734371],[31.0492361406625,39.1584789673778]],[[31.025275827482446,39.186619718309856],[31.00641925777332,39.157042253521126],[31.01584754262788,39.149647887323944],[31.048594455926448,39.165142616107865],[31.044132397191575,39.186619718309856],[31.025275827482446,39.186619718309856]],[[31.03470411233701,38.49894366197183],[31.03470411233701,38.513732394366194],[30.968706118355065,38.46197183098592],[30.97813440320963,38.454577464788734],[31.03470411233701,38.49894366197183]],[[30.83671013039117,38.388028169014085],[30.968706118355065,38.43239436619718],[30.94042126379137,38.43978873239436],[30.88385155466399,38.41021126760563],[30.846138415245736,38.41021126760563],[30.83671013039117,38.388028169014085]],[[30.9594559163014,38.4177707501047],[30.9116774077255,38.4075324986759],[30.898555023856836,38.402371855522944],[30.9594559163014,38.4177707501047]],[[30.86674368929662,38.38986140410437],[30.8639490869581,38.3887623701508],[30.86342636342016,38.38792629736535],[30.86674368929662,38.38986140410437]],[[30.5553109984353,38.1675660116462],[30.5623465270692,38.1839601202701],[30.552687156432736,38.16722121192058],[30.5553109984353,38.1675660116462]],[[30.544433299899698,38.20316901408451],[30.525576730190572,38.17359154929577],[30.487863590772317,38.20316901408451],[30.440722166499498,38.19577464788732],[30.525576730190572,38.15880281690141],[30.553861584754262,38.180985915492954],[30.544433299899698,38.20316901408451]],[[30.443403845616572,37.72988023290645],[30.442785549282625,37.73095669115337],[30.4430168111171,37.7300928367834],[30.443403845616572,37.72988023290645]],[[30.40961165214638,38.13402232757139],[30.4084472558927,38.1329566368553],[30.3930898784846,38.1117273209559],[30.40961165214638,38.13402232757139]],[[30.39358074222668,38.14401408450704],[30.374724172517553,38.11443661971831],[30.403009027081243,38.13661971830986],[30.39358074222668,38.14401408450704]],[[30.295369161777543,39.89716251907163],[30.294622785822735,39.90686540847697],[30.2940869281067,39.9055091341049],[30.295369161777543,39.89716251907163]],[[30.28986960882648,39.8669014084507],[30.223871614844533,39.85950704225352],[30.21444332998997,39.852112676056336],[30.2532957359329,39.8396657528734],[30.241392177218774,39.844718309859154],[30.28986960882648,39.8669014084507]],[[30.252156469408224,39.06830985915493],[30.28986960882648,39.1274647887324],[30.280441323971914,39.149647887323944],[30.252156469408224,39.14225352112676],[30.233299899699098,39.112676056338024],[30.233299899699098,39.06830985915493],[30.21444332998997,39.053521126760565],[30.223871614844533,39.03133802816901],[30.23106629694762,39.03534632924342],[30.252156469408224,39.06830985915493]],[[30.2654113713244,39.8435155815578],[30.28960241235264,39.86088971374833],[30.26446966970976,39.84321634922115],[30.2654113713244,39.8435155815578]],[[30.129588766298895,39.87429577464789],[30.129588766298895,39.85950704225352],[30.17151177275167,39.85620534963658],[30.1401787328319,39.8546121440176],[30.202905501183494,39.851297651720664],[30.16730190571715,39.87429577464789],[30.129588766298895,39.87429577464789]],[[30.1072041409964,38.856065284789],[30.107775840491044,38.85693025875916],[30.0850825788013,38.8480394739088],[30.1072041409964,38.856065284789]],[[30.101303911735204,38.225352112676056],[30.073019057171514,38.23274647887324],[30.00702106318957,38.19577464788732],[30.03530591775326,38.18838028169014],[30.101303911735204,38.225352112676056]],[[30.0679231549513,38.1977276400799],[30.06861606085234,38.19860409725485],[30.0256964415206,38.182278842442],[30.0679231549513,38.1977276400799]],[[29.957380545756543,38.85720738508175],[29.9576413497454,38.8664224479091],[29.95667187500494,38.86750280100576],[29.957380545756543,38.85720738508175]],[[29.93159478435306,38.151408450704224],[29.875025075225675,38.13661971830986],[29.903309929789366,38.12922535211268],[29.93159478435306,38.151408450704224]],[[29.884454279591267,37.16275999118725],[29.8719039121463,37.1555234281911],[29.868779141455537,37.152352629820655],[29.8694145004875,37.1529701854498],[29.884454279591267,37.16275999118725]],[[29.818455366098295,37.13098591549296],[29.818455366098295,37.11619718309859],[29.8628930924367,37.0916710782963],[29.83731193580742,37.13098591549296],[29.818455366098295,37.13098591549296]],[[29.846740220661985,37.04964788732394],[29.80902708124373,37.02007042253521],[29.799598796389166,37.01267605633802],[29.841773094680494,37.02007042253521],[29.810893327557096,37.00207404406319],[29.8578717140187,37.0263080590165],[29.846740220661985,37.04964788732394]],[[29.7874151315971,36.9319087068279],[29.785089910087496,36.93323796068764],[29.788634990308267,36.92898643328813],[29.7874151315971,36.9319087068279]],[[29.78074222668004,36.99788732394366],[29.75245737211635,36.990492957746476],[29.724172517552656,36.96830985915493],[29.73360080240722,36.960915492957746],[29.77829160242035,36.985256295435036],[29.74274835586067,36.9680896885921],[29.78074222668004,36.99788732394366]],[[29.7805385693646,38.0323168191889],[29.780628421504623,38.03279016445367],[29.777057459019787,38.03072824296082],[29.7805385693646,38.0323168191889]],[[29.67703109327984,37.98133802816901],[29.750190411907578,38.01846768580134],[29.739080636816006,38.01521318898025],[29.73360080240722,38.04049295774648],[29.667602808425276,37.988732394366195],[29.67703109327984,37.98133802816901]],[[29.5827482447342,38.27711267605633],[29.563891675025076,38.26232394366197],[29.55446339017051,38.28450704225352],[29.535606820461382,38.28450704225352],[29.535606820461382,38.26971830985915],[29.5772366383411,38.2437607036756],[29.60160481444333,38.2475352112676],[29.6430952118739,38.2849160986445],[29.62764312314355,38.2714802191618],[29.5827482447342,38.27711267605633]],[[29.592176529588766,38.417605633802815],[29.592176529588766,38.40281690140845],[29.624740477960955,38.373311421849664],[29.62988966900702,38.388028169014085],[29.61103309929789,38.40281690140845],[29.61103309929789,38.417605633802815],[29.592176529588766,38.417605633802815]],[[29.6143162575388,38.4100225353105],[29.614233454829204,38.40527518385739],[29.6172320286466,38.41104167138102],[29.6143162575388,38.4100225353105]],[[29.49111267811388,37.253980457404346],[29.4884330629755,37.2518450466586],[29.487686699779236,37.25052714406986],[29.49111267811388,37.253980457404346]],[[29.441323971915747,38.31408450704225],[29.384754262788363,38.32887323943662],[29.4637610742103,38.2752982614126],[29.441323971915747,38.31408450704225]],[[29.356469408224672,38.3362676056338],[29.309327983951857,38.31408450704225],[29.318756268806418,38.30669014084507],[29.337612838515547,38.30669014084507],[29.36645317662506,38.3194541839072],[29.34700841252417,38.31405885275017],[29.365897693079237,38.32887323943662],[29.356469408224672,38.3362676056338]],[[29.2842242562118,38.2913039203704],[29.283278905068975,38.290069216236155],[29.28738107902523,38.29244805121286],[29.2842242562118,38.2913039203704]],[[29.254660406179365,38.25269116982119],[29.25057511397604,38.24735545175353],[29.2510671803743,38.2475434667797],[29.254660406179365,38.25269116982119]],[[29.2041426428408,38.22569708468],[29.204541304997043,38.22519914291282],[29.205279858210115,38.22622455635949],[29.2041426428408,38.22569708468]]],[[[40.2061505730161,39.177338177707],[40.15571395919945,39.168804945918524],[40.1518555667001,39.17183098591549],[40.16128385155466,39.179225352112674],[40.217853560682045,39.179225352112674],[40.22394830797868,39.174445395409435],[40.2061505730161,39.177338177707]]],[[[34.9857635265014,41.0806125638434],[34.966998475853714,41.08697183098592],[35.061118275877966,41.0791566773278],[34.9857635265014,41.0806125638434]]],[[[43.05576730190572,38.95],[43.05576730190572,38.960539129285046],[43.06316373110253,38.9441991669878],[43.05576730190572,38.95]]],[[[42.9416817507885,38.9471368675501],[42.937718903603766,38.94615001066647],[42.94256680681283,38.94995209897514],[42.9416817507885,38.9471368675501]]],[[[42.94262788365095,38.96478873239437],[42.94873758151537,38.96958041445113],[42.94262788365095,38.95014637530263],[42.94262788365095,38.96478873239437]]],[[[42.696052280754,37.670138917285],[42.69450135406834,37.67077464788732],[42.69935013369166,37.67077464788732],[42.696052280754,37.670138917285]]],[[[42.69749247743229,38.9943661971831],[42.69749247743229,38.99954656063534],[42.69803235998423,38.99394278090388],[42.69749247743229,38.9943661971831]]],[[[42.526325241362855,39.36522806493803],[42.5226355964942,39.3658186860416],[42.521365749773054,39.36911766920144],[42.526325241362855,39.36522806493803]]],[[[42.21664994984955,40.39190140845071],[42.225447729314205,40.385001531740656],[42.20803033255898,40.39190140845071],[42.21664994984955,40.39190140845071]]],[[[42.18836509528586,39.39366197183099],[42.19532124759734,39.399117506778005],[42.18836509528586,39.390516318424346],[42.18836509528586,39.39366197183099]]],[[[41.88674026336416,39.18655675404347],[41.89608826479438,39.19401408450704],[41.90107490919526,39.19401408450704],[41.88674026336416,39.18655675404347]]],[[[41.6611656484146,38.26105606942],[41.70223854782686,38.243391087648],[41.65095285857572,38.23274647887324],[41.64152457372116,38.24014084507042],[41.64152457372116,38.254929577464786],[41.6611656484146,38.26105606942]],[[41.6429865663914,38.2445901998371],[41.64261882796715,38.24387048320748],[41.6611656484146,38.26105606942],[41.6429865663914,38.2445901998371]]],[[[41.5235950741837,38.058919316308966],[41.53781344032096,38.07007042253521],[41.54476430449258,38.064619034943014],[41.5235950741837,38.058919316308966]]],[[[41.479884766944195,40.62745532534876],[41.51895687061183,40.6580985915493],[41.536108040982164,40.6580985915493],[41.479884766944195,40.62745532534876]]],[[[41.452012366572546,38.505595704185254],[41.46238716148445,38.513732394366194],[41.47600856674646,38.513732394366194],[41.452012366572546,38.505595704185254]]],[[[41.283249749247744,38.56549295774648],[41.283249749247744,38.5738718629445],[41.28612573810631,38.56323739216617],[41.283249749247744,38.56549295774648]]],[[[41.20782347041123,38.09225352112676],[41.212294322105706,38.095759897435094],[41.20782347041123,38.08479993540493],[41.20782347041123,38.09225352112676]]],[[[40.98946352362723,39.445422535211264],[41.00982948846539,39.445422535211264],[41.01624166663934,39.44039362547093],[40.98946352362723,39.445422535211264]]],[[[40.74583751253761,37.685563380281685],[40.75475754681148,37.67856762220587],[40.73332909840291,37.685563380281685],[40.74583751253761,37.685563380281685]]],[[[40.55970709697814,39.787473310212434],[40.54784353059177,39.772689481366676],[40.54784353059177,39.778169014084504],[40.55970709697814,39.787473310212434]]],[[[40.282339157988844,40.51641949920634],[40.293279839518554,40.525],[40.368706118355064,40.525],[40.37292796867378,40.52168890919528],[40.3694497304612,40.5224618510126],[40.282339157988844,40.51641949920634]]],[[[40.41584754262788,40.90211267605634],[40.39699097291876,40.97605633802817],[40.444132397191574,40.99823943661972],[40.47241725175526,40.9612676056338],[40.45356068204613,40.90211267605634],[40.444132397191574,40.89471830985916],[40.41584754262788,40.90211267605634]]],[[[40.010431293881645,39.40105633802817],[39.96328986960882,39.42323943661972],[39.9444332998997,39.452816901408454],[39.9444332998997,39.482394366197184],[39.991574724172516,39.519366197183096],[40.02928786359077,39.50457746478873],[40.16128385155466,39.50457746478873],[40.274423269809425,39.54894366197183],[40.38756268806419,39.5637323943662],[40.41584754262788,39.52676056338028],[40.45356068204613,39.511971830985914],[40.349849548645935,39.46021126760564],[40.293279839518554,39.46021126760564],[40.26499498495486,39.482394366197184],[40.293279839518554,39.50457746478873],[40.312136409227676,39.50457746478873],[40.324964157805404,39.51128816843123],[40.274423269809425,39.519366197183096],[40.24613841524574,39.482394366197184],[40.26499498495486,39.46760563380282],[40.255566700100296,39.46021126760564],[40.142427281845535,39.445422535211264],[40.067001003009025,39.40105633802817],[40.010431293881645,39.40105633802817]],[[40.27947808006976,39.486029775751746],[40.29350202137618,39.49978272319884],[40.2901587843608,39.498520768928],[40.27947808006976,39.486029775751746]]],[[[40.39699097291876,40.946478873239435],[40.39699097291876,40.950237476869745],[40.399327490780095,40.94464640116636],[40.39699097291876,40.946478873239435]]],[[[40.02928786359077,40.081338028169014],[40.03310966840385,40.078340682972296],[40.02170999282654,40.07539489510823],[40.02928786359077,40.081338028169014]]],[[[39.9444332998997,39.24577464788732],[39.949201080962375,39.249513898415834],[39.9444332998997,39.23530895274828],[39.9444332998997,39.24577464788732]]],[[[39.82186559679037,38.86866197183099],[39.83129388164493,38.846478873239434],[39.803009027081245,38.82429577464789],[39.79358074222668,38.8612676056338],[39.82186559679037,38.86866197183099]]],[[[39.4752324538181,39.868637319657985],[39.50130391173521,39.87429577464789],[39.50414811598776,39.87429577464789],[39.4752324538181,39.868637319657985]]],[[[38.80361083249749,37.64119718309859],[38.81319947070782,37.64119718309859],[38.800504672281036,37.63876109992314],[38.80361083249749,37.64119718309859]]],[[[38.21905717151454,40.27359154929577],[38.01163490471414,40.28838028169014],[37.917352056168504,40.317957746478875],[37.747642928786355,40.317957746478875],[37.75707121364092,40.36971830985915],[37.79478435305917,40.384507042253524],[37.766499498495484,40.40669014084507],[37.7382146439318,40.384507042253524],[37.7382146439318,40.34014084507042],[37.71325473956067,40.33274647887324],[37.672216649949846,40.39190140845071],[37.596790371113336,40.40669014084507],[37.577933801404214,40.4362676056338],[37.559077231695085,40.40669014084507],[37.31394182547643,40.42147887323944],[37.26680040120361,40.45845070422535],[37.26680040120361,40.488028169014086],[37.31394182547643,40.53978873239436],[37.408224674022065,40.554577464788736],[37.709929789368104,40.46584507042254],[37.785356068204614,40.46584507042254],[37.87963891675025,40.510211267605634],[37.99277833500501,40.480633802816904],[38.00220661985958,40.488028169014086],[37.96449348044132,40.50281690140845],[38.03049147442327,40.510211267605634],[38.049348044132394,40.49542253521127],[38.105917753259774,40.49542253521127],[38.11534603811434,40.488028169014086],[38.09648946840522,40.47323943661972],[38.12805383622866,40.48320584241533],[38.1240078227306,40.4619070177246],[38.14363089267803,40.49542253521127],[38.23791374122367,40.49542253521127],[38.31334002006018,40.4362676056338],[38.44533600802407,40.45105633802817],[38.473620862587765,40.42887323943662],[38.41705115346038,40.35492957746479],[38.35105315947843,40.317957746478875],[38.21905717151454,40.27359154929577]],[[38.16248746238716,40.347535211267605],[38.13420260782347,40.34014084507042],[38.181344032096284,40.28838028169014],[38.190772316950856,40.29577464788733],[38.16248746238716,40.347535211267605]],[[38.18439202193779,40.290702761388566],[38.18434111885065,40.28893246487965],[38.1846364891447,40.2904906501403],[38.18439202193779,40.290702761388566]],[[37.942243126872604,40.38184538310353],[37.952736677899594,40.40067996106333],[37.94563691073219,40.38793678977013],[37.93620862587763,40.42147887323944],[37.87963891675025,40.36232394366197],[37.83249749247743,40.35492957746479],[37.87963891675025,40.347535211267605],[37.916611531099754,40.36232394366197],[37.887329590379004,40.3473099549401],[37.9317473774822,40.3676803642837],[37.91875038292205,40.363420616093755],[37.942243126872604,40.38184538310353]],[[37.95256692113954,40.40997412683965],[37.9524962766372,40.4138419063364],[37.9315570204003,40.434114914336],[37.95256692113954,40.40997412683965]],[[37.856632161960825,40.34078006212543],[37.8742596002299,40.3413159361738],[37.87612128276677,40.34216972106083],[37.856632161960825,40.34078006212543]],[[37.81092719074071,40.345371839988225],[37.8147730765078,40.3395075461058],[37.82054148895417,40.33968290581962],[37.81092719074071,40.345371839988225]]],[[[38.14363089267803,37.419366197183095],[38.144792910558486,37.41845485584495],[38.142267269423456,37.419366197183095],[38.14363089267803,37.419366197183095]]],[[[37.7382146439318,39.02394366197183],[37.766499498495484,39.04612676056338],[37.83249749247743,39.0387323943662],[37.83249749247743,39.00915492957746],[37.766499498495484,38.97218309859155],[37.7382146439318,38.9943661971831],[37.7382146439318,39.02394366197183]]],[[[37.7382146439318,37.50070422535211],[37.766499498495484,37.50809859154929],[37.79478435305917,37.485915492957744],[37.766499498495484,37.47852112676056],[37.7382146439318,37.50070422535211]]],[[[37.7382146439318,40.32535211267606],[37.74271171997732,40.32887905608201],[37.73864074921512,40.325017929041174],[37.7382146439318,40.32535211267606]]],[[[37.709929789368104,40.33274647887324],[37.709141792487536,40.333364484967355],[37.71048655253847,40.33274647887324],[37.709929789368104,40.33274647887324]]],[[[37.51193580742226,38.882118442006046],[37.521364092276826,38.89823943661972],[37.526108734644346,38.90196054005277],[37.51193580742226,38.882118442006046]]],[[[37.4180615084008,38.652432202585],[37.41765295887663,38.683802816901405],[37.4328542898326,38.695724837662006],[37.4180615084008,38.652432202585]]],[[[37.26680040120361,38.500318739500955],[37.276228686058175,38.528521126760566],[37.31304121396006,38.55739226463447],[37.2747700767149,38.5159012388907],[37.26680040120361,38.500318739500955]]],[[[36.908525576730185,36.95352112676056],[36.92650929482476,36.967625303631486],[36.908525576730185,36.945348786941906],[36.908525576730185,36.95352112676056]]],[[[36.927382146439314,36.98309859154929],[36.93744885925137,36.990993660703694],[36.927382146439314,36.969489830170616],[36.927382146439314,36.98309859154929]]],[[[36.88966900702106,36.923943661971826],[36.89666018513928,36.92942666677634],[36.88966900702106,36.918502950571956],[36.88966900702106,36.923943661971826]]],[[[36.8802407221665,38.91302816901408],[36.8871860147282,38.91302816901408],[36.87856366478981,38.91171289517921],[36.8802407221665,38.91302816901408]]],[[[36.79040951622936,38.54680117026125],[36.80481444332999,38.558098591549296],[36.83250768862409,38.558098591549296],[36.79040951622936,38.54680117026125]]],[[[36.37111334002006,39.10528169014084],[36.386466432875466,39.10528169014084],[36.3617533290475,39.09794086942866],[36.37111334002006,39.10528169014084]]],[[[35.904688548027124,40.86905394553656],[35.918555667001,40.879929577464786],[35.966899391690724,40.856803544956975],[35.904688548027124,40.86905394553656]]],[[[34.975727181544634,39.13485915492958],[34.978731825803855,39.132502688160955],[34.97479367266415,39.13485915492958],[34.975727181544634,39.13485915492958]]],[[[34.57973921765296,41.08697183098592],[34.50431293881645,41.11654929577465],[34.49488465396188,41.1387323943662],[34.5420260782347,41.146126760563384],[34.58916750250752,41.183098591549296],[34.60802407221665,41.212676056338026],[34.60802407221665,41.286448548642674],[34.62688064192577,41.30140845070423],[34.48545636910732,41.33838028169014],[34.466599799398196,41.32359154929578],[34.466599799398196,41.412323943661974],[34.4383149448345,41.375352112676055],[34.4383149448345,41.345774647887325],[34.42888665997994,41.33838028169014],[34.40060180541625,41.36056338028169],[34.38174523570712,41.39014084507043],[34.38174523570712,41.55281690140845],[34.3346038114343,41.60457746478873],[34.18375125376129,41.6193661971831],[34.08946840521565,41.58978873239437],[34.0234704112337,41.53802816901408],[34.004613841524574,41.49366197183099],[33.9197592778335,41.441901408450704],[33.86318956870612,41.45669014084507],[33.816048144433296,41.49366197183099],[33.816048144433296,41.53802816901408],[33.88204613841525,41.58978873239437],[33.95747241725175,41.6193661971831],[34.01404212637914,41.6193661971831],[34.16489468405216,41.69330985915493],[34.20260782347041,41.678521126760565],[34.5420260782347,41.678521126760565],[34.57973921765296,41.6637323943662],[34.62688064192577,41.62676056338028],[34.62688064192577,41.56760563380282],[34.71173520561685,41.50105633802817],[34.81544633901705,41.49366197183099],[34.68345035105315,41.40492957746479],[34.70230692076228,41.36056338028169],[34.749448345035105,41.33838028169014],[34.75887662988967,41.316197183098595],[34.692878635907725,41.279225352112675],[34.674022066198596,41.30880281690141],[34.6457372116349,41.30140845070423],[34.66459378134403,41.28661971830986],[34.66459378134403,41.25704225352113],[34.6457372116349,41.24225352112676],[34.6457372116349,41.12394366197183],[34.66459378134403,41.109154929577464],[34.63630892678034,41.08697183098592],[34.57973921765296,41.08697183098592]],[[34.56088264794383,41.6193661971831],[34.55145436308926,41.582394366197185],[34.56793240463103,41.570000194513284],[34.57031093279839,41.59718309859155],[34.59037365609008,41.60612158410605],[34.573990026292016,41.60006851889706],[34.58916750250752,41.611971830985915],[34.56088264794383,41.6193661971831]],[[34.4456662311906,41.516105734688],[34.4246521427029,41.4947095719303],[34.42511908609944,41.49415428788217],[34.4456662311906,41.516105734688]],[[34.42888665997994,41.5306338028169],[34.41003009027081,41.50105633802817],[34.4383149448345,41.52323943661972],[34.42888665997994,41.5306338028169]]],[[[34.675068784609614,39.28192556400316],[34.66459378134403,39.290140845070425],[34.66459378134403,39.293532400194756],[34.675068784609614,39.28192556400316]]],[[[34.58916750250752,39.37887323943662],[34.59989861641819,39.38728938162824],[34.58916750250752,39.36415674423985],[34.58916750250752,39.37887323943662]]],[[[34.45717151454363,41.375352112676055],[34.45991367038299,41.37750271639229],[34.45717151454363,41.3703045573472],[34.45717151454363,41.375352112676055]]],[[[33.721765295887664,40.93169014084507],[33.721765295887664,40.9612676056338],[33.78776328986961,41.013028169014085],[33.80661985957873,40.99823943661972],[33.82547642928786,41.02781690140845],[33.88204613841525,41.02781690140845],[33.99518555667001,41.08697183098592],[34.08946840521565,41.19049295774648],[34.20260782347041,41.20528169014084],[34.20260782347041,41.17570422535211],[34.25917753259779,41.19049295774648],[34.38174523570712,41.1387323943662],[34.35346038114343,41.11654929577465],[34.24032096288867,41.11654929577465],[34.22146439317954,41.16091549295775],[34.21203610832497,41.12394366197183],[34.2308926780341,41.109154929577464],[34.14603811434303,41.10176056338028],[34.05175526579739,41.013028169014085],[33.80661985957873,40.92429577464789],[33.78776328986961,40.93908450704225],[33.76890672016048,40.90950704225352],[33.721765295887664,40.93169014084507]],[[33.81645350701673,41.002999478741785],[33.819115142225,41.0053554526717],[33.819332008144876,41.00632634458101],[33.81645350701673,41.002999478741785]],[[33.7910817029084,40.9736756797888],[33.79120002272892,40.972052068757726],[33.79206009108102,40.974806464889824],[33.7910817029084,40.9736756797888]]],[[[34.24032096288867,41.19049295774648],[34.240392754393454,41.19049295774648],[34.24026280768465,41.19044734808561],[34.24032096288867,41.19049295774648]]],[[[34.10832497492477,40.06654929577465],[34.11054939331083,40.06480474049487],[34.10525724705962,40.06654929577465],[34.10832497492477,40.06654929577465]]],[[[33.61805416248746,39.179225352112674],[33.6145097600827,39.182005137591716],[33.619724059786066,39.179225352112674],[33.61805416248746,39.179225352112674]]],[[[33.570912738214645,38.0330985915493],[33.57353398605763,38.035154370171135],[33.570912738214645,38.02785370906327],[33.570912738214645,38.0330985915493]]],[[[33.15606820461384,40.45845070422535],[33.15606820461384,40.45850677273184],[33.15625440856553,40.4583046691588],[33.15606820461384,40.45845070422535]]],[[[31.958676028084252,37.40457746478873],[31.873821464393178,37.44154929577465],[31.958676028084252,37.4637323943662],[32.015245737211636,37.522887323943664],[32.090672016048146,37.522887323943664],[32.11895687061183,37.50070422535211],[32.11895687061183,37.456338028169014],[32.090672016048146,37.419366197183095],[32.05295887662989,37.40457746478873],[31.958676028084252,37.40457746478873]]],[[[31.845536609829487,37.44894366197183],[31.779538615847542,37.515492957746474],[31.779538615847542,37.559859154929576],[31.798395185556668,37.57464788732394],[31.779538615847542,37.61901408450704],[31.713540621865597,37.67077464788732],[31.638114343029088,37.685563380281685],[31.600401203610833,37.71514084507042],[31.48726178535607,37.71514084507042],[31.458976930792375,37.752112676056335],[31.458976930792375,37.78169014084507],[31.44012036108325,37.79647887323944],[31.44012036108325,37.82605633802817],[31.402407221664994,37.8556338028169],[31.402407221664994,37.885211267605634],[31.44012036108325,37.91478873239436],[31.44012036108325,37.959154929577466],[31.48726178535607,38.01091549295774],[31.600401203610833,38.01091549295774],[31.656970912738213,37.98133802816901],[31.807823470411233,37.98133802816901],[31.854964894684052,37.9443661971831],[31.741825476429288,37.82605633802817],[31.741825476429288,37.79647887323944],[31.770110330992978,37.77429577464788],[31.996389167502507,37.77429577464788],[32.04353059177532,37.722535211267605],[32.04353059177532,37.69295774647887],[32.06238716148445,37.6781690140845],[32.06238716148445,37.63380281690141],[32.04353059177532,37.60422535211268],[31.996389167502507,37.56725352112676],[31.873821464393178,37.530281690140846],[31.854964894684052,37.515492957746474],[31.845536609829487,37.44894366197183]]],[[[31.339216126338748,39.17702397223725],[31.326980942828484,39.186619718309856],[31.326980942828484,39.19035421539822],[31.339216126338748,39.17702397223725]]],[[[30.25630652465246,39.08635337528651],[30.252156469408224,39.07833097823836],[30.252156469408224,39.083098591549295],[30.25630652465246,39.08635337528651]]],[[[30.233299899699098,39.04187968294953],[30.24272818455366,39.06091549295775],[30.243433405037646,39.06146857961018],[30.233299899699098,39.04187968294953]]],[[[30.08244734202608,38.29929577464789],[30.08244734202608,38.31278326112697],[30.09036359201483,38.293087259289244],[30.08244734202608,38.29929577464789]]],[[[30.00702106318957,37.238937918173605],[30.016449348044134,37.256690140845066],[30.01912438037897,37.254592180401765],[30.00702106318957,37.238937918173605]]],[[[30.01129743160826,38.78397009568542],[30.00702106318957,38.80211267605634],[30.010946402733175,38.80519122093289],[30.01129743160826,38.78397009568542]]],[[[29.941023069207624,38.76514084507042],[29.893881644934805,38.80211267605634],[29.893881644934805,38.846478873239434],[29.922166499498495,38.88345070422535],[29.93159478435306,38.846478873239434],[29.98816449348044,38.816901408450704],[29.98816449348044,38.787323943661974],[30.00702106318957,38.7725352112676],[29.941023069207624,38.76514084507042]]],[[[29.67703109327984,36.990492957746476],[29.678244175611713,36.989541567846025],[29.668234152839233,36.990492957746476],[29.67703109327984,36.990492957746476]]],[[[29.45075225677031,37.2419014084507],[29.309327983951857,37.36760563380282],[29.215045135406218,37.515492957746474],[29.196188565697092,37.60422535211268],[29.243329989969908,37.64119718309859],[29.318756268806418,37.64119718309859],[29.403610832497492,37.589436619718306],[29.403610832497492,37.559859154929576],[29.441323971915747,37.50070422535211],[29.441323971915747,37.323239436619716],[29.479037111334,37.27887323943662],[29.45075225677031,37.2419014084507]]],[[[29.158475426278837,38.21056338028169],[29.196188565697092,38.21056338028169],[29.186760280842527,38.18838028169014],[29.158475426278837,38.21056338028169]]],[[[27.810230692076228,41.220070422535215],[27.65937813440321,41.23485915492958],[27.52738214643932,41.23485915492958],[27.517953861584754,41.24941630450161],[27.55566700100301,41.27183098591549],[27.546238716148444,41.279225352112675],[27.43309929789368,41.26443661971831],[27.338816449348045,41.32359154929578],[27.28224674022066,41.33838028169014],[27.244533600802406,41.32359154929578],[27.22567703109328,41.33838028169014],[27.17853560682046,41.27183098591549],[27.13139418254764,41.249647887323945],[27.05596790371113,41.249647887323945],[26.980541624874625,41.279225352112675],[26.848545636910732,41.29401408450704],[26.735406218655967,41.33838028169014],[26.669408224674022,41.39014084507043],[26.650551654964893,41.46408450704225],[26.5915370213584,41.5258083469989],[26.5920714474564,41.6101060773575],[26.526692829756,41.6234661787087],[26.4889470792648,41.6535022275649],[26.4932182291181,41.6719075142742],[26.43370110330993,41.69330985915493],[26.410250158359,41.6834839217397],[26.3585070833823,41.7088240668418],[26.3303313720483,41.7533682342902],[26.3738869717185,41.8218005648807],[26.5372526128373,41.8233996552892],[26.5807422345634,41.8737431051175],[26.5715162482618,41.8887508288012],[26.5834313443486,41.9035778828031],[26.5621506399014,41.9242318505872],[26.6230315005833,41.9774345610793],[26.686715591397068,41.96811640930924],[26.810832497492477,41.88556338028169],[27.093681043129386,41.782042253521126],[27.12196589769308,41.745070422535214],[27.12196589769308,41.71549295774648],[27.20682046138415,41.648943661971835],[27.263390170511535,41.63415492957746],[27.414242728184554,41.63415492957746],[27.52738214643932,41.60457746478873],[27.55566700100301,41.582394366197185],[27.61223671013039,41.47887323943662],[27.725376128385154,41.40492957746479],[27.83851554663992,41.27183098591549],[27.810230692076228,41.220070422535215]],[[27.63109327983952,41.43450704225352],[27.60280842527583,41.42711267605634],[27.574523570712135,41.40492957746479],[27.5839518555667,41.39753521126761],[27.63109327983952,41.43450704225352]],[[27.5997855914842,41.3932050019598],[27.59973695313221,41.39300323297585],[27.6244578211382,41.4203539804235],[27.5997855914842,41.3932050019598]],[[27.58116348536302,41.31930692397328],[27.570164338053566,41.30238183753489],[27.5808289373199,41.317854681311],[27.58116348536302,41.31930692397328]],[[27.112537612838516,41.35316901408451],[27.02768304914744,41.345774647887325],[27.1480647011978,41.3233294603307],[27.112537612838516,41.35316901408451]],[[26.961685055165496,41.36795774647887],[26.961685055165496,41.35316901408451],[26.980541624874625,41.36795774647887],[27.00787845407668,41.349379132815706],[26.99939819458375,41.38274647887324],[26.961685055165496,41.36795774647887]],[[26.9728823492169,41.3596233573429],[26.96885369704105,41.35279243029835],[26.974531435528736,41.35994452767093],[26.9728823492169,41.3596233573429]],[[26.89913486459111,41.6554594359022],[26.9571032183125,41.6771680737391],[26.9000586057401,41.657431118775],[26.89913486459111,41.6554594359022]],[[26.876830491474422,41.67112676056338],[26.886258776328987,41.648943661971835],[26.914543630892677,41.67112676056338],[26.905115346038116,41.678521126760565],[26.876830491474422,41.67112676056338]],[[26.86740220661986,41.412323943661974],[26.886258776328987,41.38274647887324],[26.89568706118355,41.39014084507043],[26.86740220661986,41.412323943661974]]],[[[27.517953861584754,41.25018949205387],[27.52738214643932,41.26443661971831],[27.539444713007672,41.26443661971831],[27.517953861584754,41.25018949205387]]]]}},{"type":"Feature","id":"alpine-meadow-map","properties":{"id":"alpine-meadow-map","name":"Alpin Çayırlar","source":"MEB","source_url":"https://ogmmateryal.eba.gov.tr/panel/upload/etkilesimli/kitap/cografya/10/unite1/bolum2/files/mobile/41.jpg","source_rgb":[40,65,157]},"geometry":{"type":"MultiPolygon","coordinates":[[[[44.11173520561685,38.388028169014085],[44.092878635907724,38.417605633802815],[44.17773319959879,38.484154929577464],[44.21544633901705,38.484154929577464],[44.25315947843531,38.513732394366194],[44.30030090270812,38.56549295774648],[44.30030090270812,38.59507042253521],[44.319157472417245,38.59507042253521],[44.3155682280275,38.548471754036],[44.30030090270812,38.53591549295775],[44.319157472417245,38.50633802816901],[44.30030090270812,38.47676056338028],[44.31837408467798,38.41699124254206],[44.19658976930792,38.3806338028169],[44.11173520561685,38.388028169014085]]],[[[43.81945837512537,38.07007042253521],[43.66860581745236,38.07007042253521],[43.640320962888666,38.09225352112676],[43.640320962888666,38.13661971830986],[43.72517552657973,38.217957746478874],[43.80060180541625,38.23274647887324],[43.85717151454363,38.27711267605633],[43.9703109327984,38.321478873239435],[44.06459378134403,38.321478873239435],[44.11173520561685,38.29929577464789],[44.11173520561685,38.254929577464786],[44.02688064192577,38.20316901408451],[43.9703109327984,38.20316901408451],[43.81945837512537,38.07007042253521]]],[[[43.60260782347041,38.49154929577465],[43.60260782347041,38.53591549295775],[43.69689067201604,38.60985915492957],[43.69689067201604,38.63943661971831],[43.62146439317954,38.71338028169014],[43.64974924774323,38.750352112676055],[43.706318956870604,38.750352112676055],[43.88545636910732,38.624647887323945],[43.88545636910732,38.56549295774648],[43.8383149448345,38.513732394366194],[43.80060180541625,38.513732394366194],[43.66860581745236,38.454577464788734],[43.60260782347041,38.49154929577465]]],[[[43.59317953861584,40.24401408450704],[43.51775325977934,40.21443661971831],[43.34804413239719,40.27359154929577],[43.20661985957874,40.36971830985915],[43.18776328986961,40.42887323943662],[43.234904714142424,40.4362676056338],[43.272617853560675,40.46584507042254],[43.31033099297893,40.46584507042254],[43.44232698094282,40.40669014084507],[43.61203610832497,40.42147887323944],[43.618976777114355,40.39734480006155],[43.58375125376128,40.35492957746479],[43.6415153992117,40.2719379566503],[43.67803410230692,40.25996041232221],[43.67803410230692,40.225546616746634],[43.6548296127699,40.2265778405119],[43.66860581745236,40.21443661971831],[43.59317953861584,40.24401408450704]]],[[[43.46118355065195,38.30669014084507],[43.34804413239719,38.3362676056338],[43.121765295887656,38.3362676056338],[43.10290872617853,38.351056338028165],[43.027482447342024,38.351056338028165],[42.857773319959875,38.41021126760563],[42.820060180541624,38.41021126760563],[42.77291875626881,38.44718309859155],[42.8012036108325,38.4693661971831],[42.970912738214636,38.4693661971831],[43.253761283851546,38.39542253521127],[43.40461384152457,38.41021126760563],[43.41404212637913,38.46197183098592],[43.28204613841524,38.53591549295775],[43.28204613841524,38.56549295774648],[43.31033099297893,38.587676056338026],[43.366900702106314,38.587676056338026],[43.58375125376128,38.44718309859155],[43.62146439317954,38.388028169014085],[43.62146439317954,38.34366197183098],[43.57432296890671,38.30669014084507],[43.46118355065195,38.30669014084507]]],[[[42.77291875626881,39.94084507042253],[42.77291875626881,39.95212559075164],[42.857773319959875,39.96302816901409],[42.86720160481444,39.97042253521127],[42.782347041123366,39.97781690140845],[42.77291875626881,40.014788732394365],[42.876629889669005,40.081338028169014],[43.008625877632895,40.081338028169014],[43.027482447342024,40.09612676056338],[43.19719157472417,40.081338028169014],[43.291474423269804,40.14049295774648],[43.366900702106314,40.12570422535211],[43.366900702106314,40.155281690140846],[43.49889669007021,40.14049295774648],[43.54603811434303,40.10352112676056],[43.54603811434303,40.0887323943662],[43.48004012036108,40.03697183098591],[43.38575727181545,40.03697183098591],[43.31033099297893,40.00739436619718],[43.291474423269804,40.00739436619718],[43.272617853560675,40.03697183098591],[43.253761283851546,39.99260563380282],[43.17833500501504,39.99260563380282],[43.159478435305914,40.00739436619718],[43.04633901705115,40.00739436619718],[43.008625877632895,39.99260563380282],[42.970912738214636,40.00739436619718],[42.96148445336008,40.0],[42.99919759277833,39.985211267605635],[42.857773319959875,39.918661971830986],[42.77291875626881,39.94084507042253]],[[42.94117467054979,39.99355563576615],[42.9394216677576,39.9935715721549],[42.935419406470345,39.99153553805909],[42.94117467054979,39.99355563576615]]],[[[42.820060180541624,38.60246478873239],[42.63149448345035,38.61725352112676],[42.58435305917753,38.654225352112675],[42.5654964894684,38.69859154929577],[42.612637913741224,38.73556338028169],[42.68806419257773,38.73556338028169],[42.706920762286856,38.750352112676055],[42.838916750250746,38.750352112676055],[42.88605817452357,38.72816901408451],[42.9049147442327,38.69859154929577],[42.9049147442327,38.66901408450704],[42.820060180541624,38.60246478873239]]],[[[42.77291875626881,39.95217241264704],[42.782347041123366,39.96302816901409],[42.845351454166334,39.96302816901409],[42.77291875626881,39.95217241264704]]],[[[42.34864593781344,39.4306338028169],[42.32036108324975,39.46760563380282],[42.359836555707304,39.498565251979464],[42.4044869258803,39.497651476706],[42.36201214379042,39.50027151088328],[42.40521564694082,39.519366197183096],[42.42407221664995,39.50457746478873],[42.461785356068205,39.519366197183096],[42.4900702106319,39.49718309859155],[42.4900702106319,39.482394366197184],[42.42407221664995,39.4306338028169],[42.34864593781344,39.4306338028169]]],[[[41.471815446339015,40.31056338028169],[41.471815446339015,40.34014084507042],[41.51895687061183,40.37711267605634],[41.74523570712136,40.4362676056338],[41.89608826479438,40.510211267605634],[42.06579739217653,40.554577464788736],[42.38635907723169,40.554577464788736],[42.41464393179538,40.53239436619718],[42.41464393179538,40.517605633802816],[42.34864593781344,40.480633802816904],[42.06579739217653,40.46584507042254],[41.95265797392176,40.4362676056338],[41.74523570712136,40.347535211267605],[41.66980942828485,40.33274647887324],[41.6320962888666,40.30316901408451],[41.50010030090271,40.28838028169014],[41.471815446339015,40.31056338028169]]],[[[41.679237713139415,41.06478873239437],[41.698094282848544,41.079577464788734],[41.698094282848544,41.109154929577464],[41.72637913741224,41.13133802816901],[41.93380140421264,41.146126760563384],[41.97151454363089,41.17570422535211],[42.03751253761284,41.153521126760566],[41.99037111334002,41.10176056338028],[41.93380140421264,41.08697183098592],[41.87723169508525,41.08697183098592],[41.78294884653962,41.05739436619719],[41.679237713139415,41.06478873239437]]],[[[41.339819458375125,41.36056338028169],[41.4093078056346,41.3864260823677],[41.5489804784879,41.5198163569214],[41.66546553412391,41.48286079891941],[41.59438314944835,41.42711267605634],[41.40581745235707,41.33838028169014],[41.36810431293881,41.33838028169014],[41.339819458375125,41.36056338028169]]],[[[41.40581745235707,38.957394366197185],[41.31153460381143,38.986971830985915],[41.283249749247744,39.00915492957746],[41.283249749247744,39.0387323943662],[41.34924774322968,39.04612676056338],[41.509528585757266,38.97957746478873],[41.50010030090271,38.957394366197185],[41.40581745235707,38.957394366197185]]],[[[41.0852557673019,40.53978873239436],[41.038114343029086,40.59154929577465],[41.0852557673019,40.62852112676056],[41.23610832497492,40.70246478873239],[41.31153460381143,40.717253521126764],[41.31153460381143,40.68767605633803],[41.35867602808425,40.69507042253521],[41.35867602808425,40.66549295774648],[41.33039117352056,40.64330985915493],[41.31153460381143,40.67288732394366],[41.2926780341023,40.67288732394366],[41.283249749247744,40.66549295774648],[41.30210631895687,40.650704225352115],[41.23610832497492,40.64330985915493],[41.12296890672016,40.53978873239436],[41.0852557673019,40.53978873239436]]],[[[41.33724984684791,40.69305514097448],[41.34924774322968,40.70246478873239],[41.35107912603029,40.70102848135689],[41.33724984684791,40.69305514097448]]],[[[40.915546639919754,40.21443661971831],[40.62326980942828,40.221830985915496],[40.65155466399197,40.24401408450704],[40.764694082246734,40.24401408450704],[40.78355065195586,40.25880281690141],[40.8778335005015,40.25880281690141],[40.89669007021063,40.27359154929577],[41.04754262788365,40.28838028169014],[41.25496489468405,40.347535211267605],[41.339819458375125,40.32535211267606],[41.339819458375125,40.31056338028169],[41.283249749247744,40.26619718309859],[41.23610832497492,40.24401408450704],[40.915546639919754,40.21443661971831]]],[[[40.82126379137412,39.07570422535211],[40.74583751253761,39.10528169014084],[40.71755265797392,39.14225352112676],[40.82126379137412,39.149647887323944],[40.90611835506519,39.09788732394366],[40.89669007021063,39.07570422535211],[40.82126379137412,39.07570422535211]]],[[[40.66098294884654,40.650704225352115],[40.64212637913741,40.69507042253521],[40.58555667001003,40.73943661971831],[40.58555667001003,40.76901408450704],[40.72698094282848,40.86514084507042],[40.78355065195586,40.86514084507042],[40.80240722166499,40.879929577464786],[40.88726178535607,40.8725352112676],[40.88726178535607,40.79859154929578],[40.79297893681043,40.73943661971831],[40.79297893681043,40.680281690140845],[40.75526579739218,40.63591549295775],[40.708124373119354,40.613732394366195],[40.66098294884654,40.650704225352115]]],[[[39.6332998996991,40.80598591549296],[39.14302908726178,40.850352112676056],[39.13360080240722,40.85774647887324],[39.152457372116345,40.8725352112676],[39.13360080240722,40.887323943661976],[39.21845536609829,40.93908450704225],[39.4258776328987,40.93908450704225],[39.53901705115346,40.89471830985916],[39.61444332998997,40.89471830985916],[39.6332998996991,40.879929577464786],[39.652156469408226,40.89471830985916],[39.840722166499496,40.90950704225352],[40.01762412298259,40.959514394024815],[40.0409191833021,40.9577492183978],[40.0810513423009,40.9225706925087],[40.1788883336046,40.914046346039],[40.2285944248991,40.9270653960107],[40.3813701912114,41.0241919137503],[40.47241725175526,41.03521126760563],[40.406419257773315,40.983450704225355],[40.32156469408224,40.97605633802817],[40.37813440320963,40.9612676056338],[40.312136409227676,40.90950704225352],[40.142427281845535,40.850352112676056],[40.067001003009025,40.850352112676056],[40.048144433299896,40.83556338028169],[39.72758274824473,40.83556338028169],[39.6332998996991,40.80598591549296]],[[39.1455756349981,40.8610973331842],[39.1464385229531,40.8620902453071],[39.145933236879124,40.864579247154914],[39.1455756349981,40.8610973331842]]],[[[38.322768304914746,38.46197183098592],[38.30391173520562,38.47676056338028],[38.36990972918756,38.528521126760566],[38.38876629889669,38.528521126760566],[38.42047905923584,38.49491826262891],[38.39819458375125,38.53591549295775],[38.48304914744233,38.57288732394366],[38.52076228686058,38.57288732394366],[38.61504513540622,38.61725352112676],[38.6716148445336,38.61725352112676],[38.69989969909729,38.59507042253521],[38.65275827482447,38.558098591549296],[38.4641925777332,38.484154929577464],[38.42647943831494,38.484154929577464],[38.40762286860581,38.454577464788734],[38.322768304914746,38.46197183098592]]],[[[38.087061183550645,38.30669014084507],[38.05877632898696,38.34366197183098],[38.14363089267803,38.41021126760563],[38.22848545636911,38.40281690140845],[38.22848545636911,38.35845070422535],[38.16248746238716,38.30669014084507],[38.087061183550645,38.30669014084507]]],[[[35.4,38.624647887323945],[35.38114343029087,38.654225352112675],[35.447141424272814,38.67640845070422],[35.51313941825477,38.63943661971831],[35.465997993981944,38.587676056338026],[35.4,38.624647887323945]]],[[[34.268605817452354,37.33802816901408],[34.42888665997994,37.419366197183095],[34.50431293881645,37.419366197183095],[34.56088264794383,37.44894366197183],[34.692878635907725,37.44894366197183],[34.72116349047141,37.42676056338028],[34.71173520561685,37.40457746478873],[34.617452357071215,37.375],[34.56088264794383,37.375],[34.52316950852558,37.34542253521126],[34.42888665997994,37.34542253521126],[34.39117352056168,37.375],[34.38174523570712,37.36760563380282],[34.40060180541625,37.352816901408445],[34.3346038114343,37.31584507042253],[34.29689067201605,37.31584507042253],[34.268605817452354,37.33802816901408]],[[34.6102946750706,37.3977196941792],[34.611679638110914,37.39919121736907],[34.5857680264139,37.3912653130784],[34.6102946750706,37.3977196941792]],[[34.57031093279839,37.39718309859155],[34.57973921765296,37.389788732394365],[34.60802407221665,37.41197183098591],[34.598595787362086,37.419366197183095],[34.57031093279839,37.39718309859155]],[[34.499844076526,37.3811803422468],[34.4762855845131,37.3773077130026],[34.47581716727535,37.37684412481579],[34.499844076526,37.3811803422468]]],[[[34.466599799398196,38.11443661971831],[34.3346038114343,38.11443661971831],[34.30631895687061,38.151408450704224],[34.39117352056168,38.17359154929577],[34.47602808425276,38.13661971830986],[34.466599799398196,38.11443661971831]]],[[[32.88264794383149,36.67992957746479],[32.82607823470411,36.70950704225352],[32.731795386158474,36.78345070422535],[32.675225677031094,36.78345070422535],[32.62808425275827,36.761267605633805],[32.61865596790371,36.73908450704225],[32.562086258776326,36.73908450704225],[32.55265797392177,36.74647887323943],[32.5767565651428,36.7477509716019],[32.55371947900257,36.74731138492196],[32.57151454363089,36.761267605633805],[32.505516549648945,36.76866197183098],[32.392377131394184,36.87218309859155],[32.298094282848545,36.886971830985914],[32.260381143430294,36.916549295774644],[32.2320962888666,36.90915492957746],[32.25095285857573,36.894366197183096],[32.241524573721165,36.886971830985914],[32.1283851554664,36.916549295774644],[31.986960882647942,36.99788732394366],[31.949247743229687,37.04225352112676],[31.949247743229687,37.086619718309855],[32.03410230692076,37.09401408450704],[32.20381143430291,37.00528169014084],[32.599799398194584,36.857394366197184],[32.74122367101304,36.849999999999994],[32.68465396188566,36.820422535211264],[32.69408224674022,36.81302816901408],[32.78129025017145,36.857394366197184],[32.863791374122364,36.84260563380281],[32.89207622868606,36.820422535211264],[32.87321965897693,36.74647887323943],[32.91093279839519,36.68732394366197],[32.88264794383149,36.67992957746479]]],[[[32.75780049687044,36.84821205435182],[32.769508525576725,36.857394366197184],[32.775189710226755,36.857394366197184],[32.75780049687044,36.84821205435182]]],[[[32.70008350049727,36.817734801090474],[32.712938816449345,36.82781690140845],[32.71917670888112,36.82781690140845],[32.70008350049727,36.817734801090474]]],[[[31.232698094282846,37.559859154929576],[31.232698094282846,37.60422535211268],[31.21384152457372,37.61901408450704],[31.232698094282846,37.63380281690141],[31.21384152457372,37.64859154929577],[31.21384152457372,37.73732394366197],[31.13841524573721,37.84084507042253],[31.0629889669007,37.9],[31.09127382146439,37.93697183098591],[31.147843530591775,37.93697183098591],[31.270411233701104,37.82605633802817],[31.270411233701104,37.66338028169014],[31.308124373119355,37.60422535211268],[31.308124373119355,37.54507042253521],[31.26098294884654,37.53767605633803],[31.232698094282846,37.559859154929576]]],[[[30.582146439317953,37.197535211267606],[30.431293881644933,37.21232394366197],[30.384152457372117,37.264084507042256],[30.49729187562688,37.352816901408445],[30.49729187562688,37.42676056338028],[30.516148445336007,37.44154929577465],[30.516148445336007,37.47112676056338],[30.553861584754262,37.530281690140846],[30.60100300902708,37.53767605633803],[30.629287863590772,37.515492957746474],[30.629287863590772,37.47112676056338],[30.685857572718156,37.38239436619718],[30.667001003009027,37.264084507042256],[30.582146439317953,37.197535211267606]],[[30.42186559679037,37.264084507042256],[30.450150451354062,37.2419014084507],[30.49729187562688,37.249295774647884],[30.469007021063188,37.27147887323944],[30.42186559679037,37.264084507042256]]]]}}]}